time,event,engine,dir,note,position_id,entry,sl,tp,volume,risk_cash,equity_before,requested_risk_cash,decision_bar
2021.09.07 01:00:00,entry,1,1,done at 1826.198,2,1826.198,1820.038,1844.678,0.09,55.44,10000.0,50.0,2021.09.07 01:00:00
2021.09.14 15:00:00,entry,2,1,done at 1804.788,4,1804.788,1800.733,1808.843,0.13,52.71,9944.03,49.720150000000004,2021.09.14 15:00:00
2021.09.14 15:00:00,entry,3,1,done at 1804.788,5,1804.788,1800.733,1816.953,0.13,52.71,9940.88,49.70439999999999,2021.09.14 15:00:00
2021.09.21 13:00:00,entry,3,1,done at 1772.028,8,1772.028,1768.911,1781.379,0.16,49.87,9823.11,49.115550000000006,2021.09.21 13:00:00
2021.09.21 15:00:00,trail,3,1,closed H1 ratchet,8,1772.028,1772.028,1781.379,0.0,0.0,0.0,0.0,2021.09.21 15:00:00
2021.09.21 15:00:00,occupied,3,1,one position per engine,0,0.0,0.0,0.0,0.0,0.0,0.0,0.0,2021.09.21 15:00:00
2021.09.30 15:00:00,entry,2,1,done at 1757.523,10,1757.523,1752.933,1762.113,0.11,50.49,9972.08,49.8604,2021.09.30 15:00:00
2021.09.30 15:00:00,entry,3,1,done at 1757.523,11,1757.523,1752.933,1771.293,0.11,50.49,9970.1,49.850500000000004,2021.09.30 15:00:00
2021.10.04 15:00:00,entry,1,1,done at 1766.564,14,1766.564,1752.758,1807.982,0.04,55.23,9970.46,49.85229999999999,2021.10.04 15:00:00
2021.10.04 15:00:00,entry,3,1,done at 1766.564,15,1766.564,1761.962,1780.37,0.11,50.62,9969.74,49.8487,2021.10.04 15:00:00
2021.10.08 10:00:00,entry,1,1,done at 1759.427,18,1759.427,1749.922,1787.942,0.06,57.03,9855.33,49.27665,2021.10.08 10:00:00
2021.10.08 13:00:00,trail,1,1,closed H1 ratchet,18,1759.427,1759.427,1787.942,0.0,0.0,0.0,0.0,2021.10.08 13:00:00
2021.10.08 13:00:00,entry,3,1,done at 1776.054,19,1776.054,1772.72,1786.056,0.15,50.01,9954.01,49.77005,2021.10.08 13:00:00
2021.10.11 02:00:00,entry,1,1,done at 1760.190,22,1760.19,1744.702,1806.654,0.04,61.95,9803.85,49.01925,2021.10.11 02:00:00
2021.10.12 14:00:00,occupied,1,1,one position per engine,0,0.0,0.0,0.0,0.0,0.0,0.0,0.0,2021.10.12 14:00:00
2021.10.12 20:00:00,occupied,1,1,one position per engine,0,0.0,0.0,0.0,0.0,0.0,0.0,0.0,2021.10.12 20:00:00
2021.10.13 14:00:00,occupied,1,1,one position per engine,0,0.0,0.0,0.0,0.0,0.0,0.0,0.0,2021.10.13 14:00:00
2021.10.13 14:00:00,entry,3,1,done at 1781.649,23,1781.649,1777.117,1795.245,0.11,49.85,9884.69,49.42345,2021.10.13 14:00:00
2021.10.13 15:00:00,trail,1,1,closed H1 ratchet,22,1760.19,1760.19,1806.654,0.0,0.0,0.0,0.0,2021.10.13 15:00:00
2021.10.13 15:00:00,entry,3,1,done at 1792.906,25,1792.906,1787.847,1808.083,0.1,50.59,10078.71,50.39355,2021.10.13 15:00:00
2021.10.19 07:00:00,entry,2,1,done at 1778.994,27,1778.994,1775.738,1782.25,0.16,52.09,9943.23,49.71615,2021.10.19 07:00:00
2021.10.20 13:00:00,entry,3,1,done at 1786.653,29,1786.653,1783.703,1795.503,0.17,50.15,10023.12,50.1156,2021.10.20 13:00:00
2021.10.21 09:00:00,occupied,1,1,one position per engine,0,0.0,0.0,0.0,0.0,0.0,0.0,0.0,2021.10.21 09:00:00
2021.10.21 20:00:00,occupied,1,1,one position per engine,0,0.0,0.0,0.0,0.0,0.0,0.0,0.0,2021.10.21 20:00:00
2021.10.22 07:00:00,entry,3,1,done at 1793.290,31,1793.29,1789.584,1804.408,0.14,51.88,9989.56,49.9478,2021.10.22 07:00:00
2021.10.22 13:00:00,entry,3,1,done at 1806.018,34,1806.018,1802.458,1816.698,0.15,53.4,10198.53,50.992650000000005,2021.10.22 13:00:00
2021.10.22 15:00:00,trail,3,1,closed H1 ratchet,34,1806.018,1806.018,1816.698,0.0,0.0,0.0,0.0,2021.10.22 15:00:00
2021.10.22 17:00:00,entry,1,1,done at 1797.491,36,1797.491,1780.392,1848.788,0.03,51.29,10197.6,50.988,2021.10.22 17:00:00
2021.10.22 19:00:00,occupied,1,1,one position per engine,0,0.0,0.0,0.0,0.0,0.0,0.0,0.0,2021.10.22 19:00:00
2021.10.24 23:00:00,occupied,1,1,one position per engine,0,0.0,0.0,0.0,0.0,0.0,0.0,0.0,2021.10.24 23:00:00
2021.10.28 16:00:00,occupied,1,1,one position per engine,0,0.0,0.0,0.0,0.0,0.0,0.0,0.0,2021.10.28 16:00:00
2021.10.28 23:00:00,occupied,1,1,one position per engine,0,0.0,0.0,0.0,0.0,0.0,0.0,0.0,2021.10.28 23:00:00
2021.11.04 14:00:00,entry,2,1,done at 1796.742,38,1796.742,1792.034,1801.45,0.11,51.79,10134.91,50.674549999999996,2021.11.04 14:00:00
2021.11.05 16:00:00,entry,3,1,done at 1809.972,40,1809.972,1805.567,1823.187,0.12,52.86,10082.35,50.411750000000005,2021.11.05 16:00:00
2021.11.05 20:00:00,trail,3,1,closed H1 ratchet,40,1809.972,1809.972,1823.187,0.0,0.0,0.0,0.0,2021.11.05 20:00:00
2021.11.08 14:00:00,entry,3,1,done at 1821.911,42,1821.911,1818.045,1833.509,0.14,54.12,10234.13,51.170649999999995,2021.11.08 14:00:00
2021.11.09 09:00:00,entry,1,1,done at 1824.596,43,1824.596,1814.382,1855.238,0.06,61.29,10261.71,51.30855,2021.11.09 09:00:00
2021.11.09 14:00:00,trail,3,1,closed H1 ratchet,42,1821.911,1821.911,1833.509,0.0,0.0,0.0,0.0,2021.11.09 14:00:00
2021.11.09 14:00:00,occupied,3,1,one position per engine,0,0.0,0.0,0.0,0.0,0.0,0.0,0.0,2021.11.09 14:00:00
2021.11.10 14:00:00,trail,1,1,closed H1 ratchet,43,1824.596,1824.596,1855.238,0.0,0.0,0.0,0.0,2021.11.10 14:00:00
2021.11.10 14:00:00,entry,3,1,done at 1849.777,45,1849.777,1845.711,1861.975,0.13,52.86,10372.45,51.86225,2021.11.10 14:00:00
2021.11.10 15:00:00,entry,3,1,done at 1862.191,48,1862.191,1857.36,1876.684,0.11,53.14,10563.94,52.819700000000005,2021.11.10 15:00:00
2021.11.12 15:00:00,entry,1,1,done at 1859.230,50,1859.23,1848.305,1892.005,0.05,54.62,10509.73,52.548649999999995,2021.11.12 15:00:00
2021.11.15 08:00:00,occupied,1,1,one position per engine,0,0.0,0.0,0.0,0.0,0.0,0.0,0.0,2021.11.15 08:00:00
2021.11.15 10:00:00,occupied,1,1,one position per engine,0,0.0,0.0,0.0,0.0,0.0,0.0,0.0,2021.11.15 10:00:00
2021.11.16 01:00:00,occupied,1,1,one position per engine,0,0.0,0.0,0.0,0.0,0.0,0.0,0.0,2021.11.16 01:00:00
2021.11.16 09:00:00,occupied,1,1,one position per engine,0,0.0,0.0,0.0,0.0,0.0,0.0,0.0,2021.11.16 09:00:00
2021.11.16 09:00:00,entry,3,1,done at 1872.353,51,1872.353,1868.476,1883.984,0.14,54.28,10569.1,52.8455,2021.11.16 09:00:00
2021.11.17 09:00:00,occupied,1,1,one position per engine,0,0.0,0.0,0.0,0.0,0.0,0.0,0.0,2021.11.17 09:00:00
2021.11.26 07:00:00,entry,2,1,done at 1801.401,54,1801.401,1798.616,1804.186,0.19,52.92,10380.95,51.90475000000001,2021.11.26 07:00:00
2021.11.26 07:00:00,entry,3,1,done at 1801.401,55,1801.401,1798.616,1809.756,0.19,52.92,10377.52,51.8876,2021.11.26 07:00:00
2021.11.26 08:00:00,trail,3,1,closed H1 ratchet,55,1801.401,1801.401,1809.756,0.0,0.0,0.0,0.0,2021.11.26 08:00:00
2021.11.26 08:00:00,occupied,3,1,one position per engine,0,0.0,0.0,0.0,0.0,0.0,0.0,0.0,2021.11.26 08:00:00
2021.11.26 10:00:00,entry,3,1,done at 1809.894,58,1809.894,1806.018,1821.522,0.14,54.27,10431.74,52.158699999999996,2021.11.26 10:00:00
2021.12.14 06:00:00,entry,1,1,done at 1787.413,60,1787.413,1778.314,1814.71,0.06,54.6,10376.56,51.882799999999996,2021.12.14 06:00:00
2021.12.20 03:00:00,entry,1,1,done at 1802.112,62,1802.112,1790.514,1836.906,0.05,57.99,10321.57,51.60785,2021.12.20 03:00:00
2021.12.20 06:00:00,occupied,1,1,one position per engine,0,0.0,0.0,0.0,0.0,0.0,0.0,0.0,2021.12.20 06:00:00
2021.12.21 09:00:00,entry,1,1,done at 1797.097,64,1797.097,1786.872,1827.772,0.06,61.35,10263.25,51.31625,2021.12.21 09:00:00
2021.12.30 12:00:00,entry,1,1,done at 1802.727,66,1802.727,1794.824,1826.436,0.07,55.32,10201.55,51.007749999999994,2021.12.30 12:00:00
2021.12.30 17:00:00,entry,2,1,done at 1813.642,67,1813.642,1810.638,1816.646,0.18,54.08,10276.69,51.38345,2021.12.30 17:00:00
2021.12.30 20:00:00,trail,1,1,closed H1 ratchet,66,1802.727,1802.727,1826.436,0.0,0.0,0.0,0.0,2021.12.30 20:00:00
2021.12.31 14:00:00,entry,3,1,done at 1824.444,70,1824.444,1821.917,1832.025,0.21,53.06,10416.65,52.08325,2021.12.31 14:00:00
2022.01.11 16:00:00,entry,3,1,done at 1811.774,72,1811.774,1808.776,1820.768,0.18,53.96,10362.41,51.81205,2022.01.11 16:00:00
2022.01.11 17:00:00,occupied,3,1,one position per engine,0,0.0,0.0,0.0,0.0,0.0,0.0,0.0,2022.01.11 17:00:00
2022.01.11 18:00:00,trail,3,1,closed H1 ratchet,72,1811.774,1811.774,1820.768,0.0,0.0,0.0,0.0,2022.01.11 18:00:00
2022.01.13 12:00:00,entry,1,1,done at 1823.719,74,1823.719,1815.684,1847.824,0.07,56.24,10523.89,52.61945,2022.01.13 12:00:00
2022.01.13 21:00:00,error,1,1,market closed,0,1822.082,1811.952,1852.472,0.06,60.78,10467.1,52.3355,2022.01.13 21:00:00
2022.01.14 02:00:00,entry,1,1,done at 1822.542,76,1822.542,1811.984,1854.216,0.05,52.79,10467.1,52.3355,2022.01.14 02:00:00
2022.01.18 01:00:00,occupied,1,1,one position per engine,0,0.0,0.0,0.0,0.0,0.0,0.0,0.0,2022.01.18 01:00:00
2022.01.19 14:00:00,entry,2,1,done at 1824.117,78,1824.117,1821.3,1826.934,0.19,53.52,10408.6,52.043,2022.01.19 14:00:00
2022.01.19 14:00:00,entry,3,1,done at 1824.117,79,1824.117,1821.3,1832.568,0.19,53.52,10405.18,52.0259,2022.01.19 14:00:00
2022.01.19 15:00:00,occupied,3,1,one position per engine,0,0.0,0.0,0.0,0.0,0.0,0.0,0.0,2022.01.19 15:00:00
2022.01.19 16:00:00,entry,3,1,done at 1838.450,82,1838.45,1835.1,1848.5,0.16,53.6,10620.85,53.10425,2022.01.19 16:00:00
2022.01.20 14:00:00,trail,3,1,closed H1 ratchet,82,1838.45,1838.45,1848.5,0.0,0.0,0.0,0.0,2022.01.20 14:00:00
2022.01.20 14:00:00,occupied,3,1,one position per engine,0,0.0,0.0,0.0,0.0,0.0,0.0,0.0,2022.01.20 14:00:00
2022.01.21 14:00:00,entry,1,1,done at 1841.503,84,1841.503,1831.556,1871.344,0.06,59.68,10594.29,52.971450000000004,2022.01.21 14:00:00
2022.01.24 02:00:00,entry,1,1,done at 1836.253,86,1836.253,1823.616,1874.164,0.05,63.19,10534.23,52.67115,2022.01.24 02:00:00
2022.01.24 18:00:00,occupied,1,1,one position per engine,0,0.0,0.0,0.0,0.0,0.0,0.0,0.0,2022.01.24 18:00:00
2022.01.25 15:00:00,entry,3,1,done at 1850.533,87,1850.533,1847.053,1860.973,0.16,55.68,10602.05,53.01025,2022.01.25 15:00:00
2022.01.26 10:00:00,occupied,1,1,one position per engine,0,0.0,0.0,0.0,0.0,0.0,0.0,0.0,2022.01.26 10:00:00
2022.02.01 06:00:00,entry,2,1,done at 1802.868,90,1802.868,1799.626,1806.11,0.17,55.12,10408.59,52.04295,2022.02.01 06:00:00
2022.02.08 14:00:00,entry,1,1,done at 1824.176,92,1824.176,1816.751,1846.451,0.08,59.4,10463.05,52.31525,2022.02.08 14:00:00
2022.02.08 14:00:00,entry,3,1,done at 1824.176,93,1824.176,1821.701,1831.601,0.22,54.45,10461.61,52.30805,2022.02.08 14:00:00
2022.02.09 15:00:00,occupied,1,1,one position per engine,0,0.0,0.0,0.0,0.0,0.0,0.0,0.0,2022.02.09 15:00:00
2022.02.09 17:00:00,entry,3,1,done at 1832.674,95,1832.674,1830.255,1839.931,0.22,53.22,10468.82,52.3441,2022.02.09 17:00:00
2022.02.10 16:00:00,trail,1,1,closed H1 ratchet,92,1824.176,1824.176,1846.451,0.0,0.0,0.0,0.0,2022.02.10 16:00:00
2022.02.10 17:00:00,entry,3,1,done at 1841.694,97,1841.694,1838.332,1851.78,0.16,53.79,10438.19,52.19095,2022.02.10 17:00:00
2022.02.11 13:00:00,entry,1,1,done at 1830.602,100,1830.602,1820.008,1862.384,0.05,52.97,10239.37,51.196850000000005,2022.02.11 13:00:00
2022.02.11 15:00:00,occupied,1,1,one position per engine,0,0.0,0.0,0.0,0.0,0.0,0.0,0.0,2022.02.11 15:00:00
2022.02.11 16:00:00,entry,2,1,done at 1836.009,101,1836.009,1832.447,1839.571,0.15,53.43,10265.5,51.3275,2022.02.11 16:00:00
2022.02.11 19:00:00,trail,1,1,closed H1 ratchet,100,1830.602,1830.602,1862.384,0.0,0.0,0.0,0.0,2022.02.11 19:00:00
2022.02.11 19:00:00,entry,3,1,done at 1857.324,103,1857.324,1852.931,1870.503,0.12,52.72,10424.86,52.124300000000005,2022.02.11 19:00:00
2022.02.16 12:00:00,entry,1,1,done at 1856.531,106,1856.531,1847.432,1883.828,0.06,54.6,10397.42,51.9871,2022.02.16 12:00:00
2022.02.16 14:00:00,occupied,1,1,one position per engine,0,0.0,0.0,0.0,0.0,0.0,0.0,0.0,2022.02.16 14:00:00
2022.02.16 20:00:00,trail,1,1,closed H1 ratchet,106,1856.531,1856.531,1883.828,0.0,0.0,0.0,0.0,2022.02.16 20:00:00
2022.02.17 09:00:00,entry,3,1,done at 1886.318,108,1886.318,1881.24,1901.552,0.11,55.86,10551.27,52.756350000000005,2022.02.17 09:00:00
2022.02.17 14:00:00,trail,3,1,closed H1 ratchet,108,1886.318,1886.318,1901.552,0.0,0.0,0.0,0.0,2022.02.17 14:00:00
2022.02.17 14:00:00,occupied,3,1,one position per engine,0,0.0,0.0,0.0,0.0,0.0,0.0,0.0,2022.02.17 14:00:00
2022.02.18 03:00:00,entry,1,1,done at 1891.013,110,1891.013,1873.867,1942.451,0.04,68.58,10550.49,52.752449999999996,2022.02.18 03:00:00
2022.02.18 06:00:00,occupied,1,1,one position per engine,0,0.0,0.0,0.0,0.0,0.0,0.0,0.0,2022.02.18 06:00:00
2022.02.18 13:00:00,occupied,1,1,one position per engine,0,0.0,0.0,0.0,0.0,0.0,0.0,0.0,2022.02.18 13:00:00
2022.02.18 17:00:00,occupied,1,1,one position per engine,0,0.0,0.0,0.0,0.0,0.0,0.0,0.0,2022.02.18 17:00:00
2022.02.21 00:00:00,entry,3,1,done at 1905.023,111,1905.023,1900.796,1917.704,0.13,54.95,10603.67,53.01835,2022.02.21 00:00:00
2022.02.21 09:00:00,occupied,1,1,one position per engine,0,0.0,0.0,0.0,0.0,0.0,0.0,0.0,2022.02.21 09:00:00
2022.02.22 00:00:00,entry,3,1,done at 1909.653,113,1909.653,1904.686,1924.554,0.11,54.63,10563.95,52.819750000000006,2022.02.22 00:00:00
2022.02.22 14:00:00,occupied,1,1,one position per engine,0,0.0,0.0,0.0,0.0,0.0,0.0,0.0,2022.02.22 14:00:00
2022.02.23 14:00:00,occupied,1,1,one position per engine,0,0.0,0.0,0.0,0.0,0.0,0.0,0.0,2022.02.23 14:00:00
2022.02.24 03:00:00,trail,1,1,closed H1 ratchet,110,1891.013,1891.013,1942.451,0.0,0.0,0.0,0.0,2022.02.24 03:00:00
2022.02.24 04:00:00,entry,3,1,done at 1929.227,115,1929.227,1924.539,1943.291,0.12,56.25,10578.2,52.891000000000005,2022.02.24 04:00:00
2022.02.24 05:00:00,entry,3,1,done at 1935.829,118,1935.829,1930.331,1952.323,0.1,54.98,10799.97,53.999849999999995,2022.02.24 05:00:00
2022.02.24 08:00:00,trail,3,1,closed H1 ratchet,118,1935.829,1935.829,1952.323,0.0,0.0,0.0,0.0,2022.02.24 08:00:00
2022.02.24 10:00:00,entry,3,1,done at 1953.314,120,1953.314,1946.487,1973.795,0.09,61.45,10964.39,54.821949999999994,2022.02.24 10:00:00
2022.02.24 11:00:00,entry,3,1,done at 1973.879,122,1973.879,1966.399,1996.319,0.08,59.84,11148.39,55.741949999999996,2022.02.24 11:00:00
2022.02.25 07:00:00,entry,1,1,done at 1919.367,124,1919.367,1877.259,2045.691,0.02,84.21,11088.08,55.4404,2022.02.25 07:00:00
2022.02.28 00:00:00,occupied,1,1,one position per engine,0,0.0,0.0,0.0,0.0,0.0,0.0,0.0,2022.02.28 00:00:00
2022.02.28 11:00:00,occupied,1,1,one position per engine,0,0.0,0.0,0.0,0.0,0.0,0.0,0.0,2022.02.28 11:00:00
2022.02.28 20:00:00,occupied,1,1,one position per engine,0,0.0,0.0,0.0,0.0,0.0,0.0,0.0,2022.02.28 20:00:00
2022.03.02 23:01:00,occupied,1,1,one position per engine,0,0.0,0.0,0.0,0.0,0.0,0.0,0.0,2022.03.02 23:00:00
2022.03.03 08:00:00,occupied,1,1,one position per engine,0,0.0,0.0,0.0,0.0,0.0,0.0,0.0,2022.03.03 08:00:00
2022.03.04 15:00:00,entry,3,1,done at 1952.038,125,1952.038,1945.489,1971.685,0.09,58.94,11145.58,55.7279,2022.03.04 15:00:00
2022.03.07 00:00:00,trail,1,1,closed H1 ratchet,124,1919.367,1919.367,2045.691,0.0,0.0,0.0,0.0,2022.03.07 00:00:00
2022.03.07 00:00:00,entry,3,1,done at 1988.762,127,1988.762,1981.526,2010.47,0.08,57.89,11158.32,55.791599999999995,2022.03.07 00:00:00
2022.03.08 07:00:00,entry,3,1,done at 2017.051,129,2017.051,2006.528,2048.62,0.06,63.14,11154.73,55.773649999999996,2022.03.08 07:00:00
2022.03.08 15:00:00,entry,3,1,done at 2039.716,131,2039.716,2029.491,2070.391,0.06,61.35,11136.99,55.68495,2022.03.08 15:00:00
2022.03.08 16:00:00,occupied,3,1,one position per engine,0,0.0,0.0,0.0,0.0,0.0,0.0,0.0,2022.03.08 16:00:00
2022.03.08 17:00:00,trail,3,1,closed H1 ratchet,131,2039.716,2039.716,2070.391,0.0,0.0,0.0,0.0,2022.03.08 17:00:00
2022.03.10 11:00:00,entry,1,1,done at 1999.798,134,1999.798,1968.183,2094.643,0.02,63.23,11148.85,55.74425,2022.03.10 11:00:00
2022.03.23 20:00:00,entry,3,1,done at 1946.753,136,1946.753,1941.583,1962.263,0.11,56.87,11084.41,55.42205,2022.03.23 20:00:00
2022.03.24 12:00:00,entry,3,1,done at 1956.418,138,1956.418,1951.544,1971.04,0.12,58.49,11009.01,55.04505,2022.03.24 12:00:00
2022.03.24 15:00:00,entry,3,1,done at 1965.240,140,1965.24,1959.207,1983.339,0.1,60.33,10949.79,54.74895000000001,2022.03.24 15:00:00
2022.03.25 16:00:00,entry,1,1,done at 1957.310,142,1957.31,1942.139,2002.823,0.04,60.68,10888.84,54.4442,2022.03.25 16:00:00
2022.03.27 22:05:00,occupied,1,1,one position per engine,0,0.0,0.0,0.0,0.0,0.0,0.0,0.0,2022.03.27 22:00:00
2022.03.30 15:00:00,entry,2,1,done at 1937.356,144,1937.356,1932.521,1942.191,0.12,58.02,10825.75,54.12875,2022.03.30 15:00:00
2022.04.05 14:00:00,entry,3,1,done at 1942.494,146,1942.494,1938.333,1954.977,0.13,54.09,10766.98,53.8349,2022.04.05 14:00:00
2022.04.08 14:00:00,entry,1,1,done at 1939.663,148,1939.663,1927.859,1975.075,0.05,59.02,10711.96,53.559799999999996,2022.04.08 14:00:00
2022.04.08 14:00:00,entry,3,1,done at 1939.663,149,1939.663,1935.728,1951.468,0.14,55.09,10711.05,53.555249999999994,2022.04.08 14:00:00
2022.04.08 15:00:00,occupied,3,1,one position per engine,0,0.0,0.0,0.0,0.0,0.0,0.0,0.0,2022.04.08 15:00:00
2022.04.10 22:05:00,trail,3,1,closed H1 ratchet,149,1939.663,1939.663,1951.468,0.0,0.0,0.0,0.0,2022.04.10 22:00:00
2022.04.11 09:00:00,entry,3,1,done at 1957.231,151,1957.231,1951.968,1973.02,0.11,57.89,10953.44,54.7672,2022.04.11 09:00:00
2022.04.11 10:00:00,trail,1,1,closed H1 ratchet,148,1939.663,1939.663,1975.075,0.0,0.0,0.0,0.0,2022.04.11 10:00:00
2022.04.11 13:00:00,occupied,3,1,one position per engine,0,0.0,0.0,0.0,0.0,0.0,0.0,0.0,2022.04.11 13:00:00
2022.04.11 19:00:00,occupied,1,1,one position per engine,0,0.0,0.0,0.0,0.0,0.0,0.0,0.0,2022.04.11 19:00:00
2022.04.12 11:00:00,occupied,1,1,one position per engine,0,0.0,0.0,0.0,0.0,0.0,0.0,0.0,2022.04.12 11:00:00
2022.04.12 13:00:00,entry,3,1,done at 1970.390,153,1970.39,1965.397,1985.369,0.11,54.92,10957.96,54.78979999999999,2022.04.12 13:00:00
2022.04.12 15:00:00,entry,3,1,done at 1975.848,156,1975.848,1970.213,1992.753,0.1,56.35,10926.21,54.631049999999995,2022.04.12 15:00:00
2022.04.14 12:00:00,entry,1,1,done at 1977.305,158,1977.305,1964.824,2014.748,0.05,62.41,10869.24,54.346199999999996,2022.04.14 12:00:00
2022.04.17 22:05:00,entry,1,1,done at 1973.073,160,1973.073,1954.977,2027.361,0.03,54.29,10806.47,54.032349999999994,2022.04.17 22:00:00
2022.04.19 12:00:00,occupied,1,1,one position per engine,0,0.0,0.0,0.0,0.0,0.0,0.0,0.0,2022.04.19 12:00:00
2022.04.29 02:00:00,entry,2,1,done at 1902.542,162,1902.542,1896.615,1908.469,0.1,59.27,10750.38,53.7519,2022.04.29 02:00:00
2022.05.04 19:00:00,entry,2,1,done at 1886.068,164,1886.068,1880.754,1891.382,0.11,58.46,10809.15,54.04575,2022.05.04 19:00:00
2022.05.04 19:00:00,entry,3,1,done at 1886.068,165,1886.068,1880.754,1902.01,0.11,58.46,10807.16,54.0358,2022.05.04 19:00:00
2022.05.05 00:00:00,occupied,3,1,one position per engine,0,0.0,0.0,0.0,0.0,0.0,0.0,0.0,2022.05.05 00:00:00
2022.05.05 01:00:00,trail,3,1,closed H1 ratchet,165,1886.068,1886.068,1902.01,0.0,0.0,0.0,0.0,2022.05.05 01:00:00
2022.05.05 13:00:00,entry,3,1,done at 1907.022,168,1907.022,1900.685,1926.033,0.09,57.03,11024.56,55.1228,2022.05.05 13:00:00
2022.05.17 12:00:00,entry,3,1,done at 1834.746,170,1834.746,1830.041,1848.861,0.12,56.46,10966.87,54.83435,2022.05.17 12:00:00
2022.05.19 10:00:00,entry,2,1,done at 1829.751,172,1829.751,1825.206,1834.296,0.13,59.08,10909.46,54.54729999999999,2022.05.19 10:00:00
2022.05.19 13:00:00,entry,3,1,done at 1838.408,174,1838.408,1833.826,1852.154,0.12,54.99,10968.21,54.841049999999996,2022.05.19 13:00:00
2022.05.20 16:00:00,entry,1,1,done at 1842.558,176,1842.558,1829.397,1882.041,0.05,65.8,10912.56,54.562799999999996,2022.05.20 16:00:00
2022.05.23 10:00:00,trail,1,1,closed H1 ratchet,176,1842.558,1842.558,1882.041,0.0,0.0,0.0,0.0,2022.05.23 10:00:00
2022.05.23 22:01:00,occupied,1,1,one position per engine,0,0.0,0.0,0.0,0.0,0.0,0.0,0.0,2022.05.23 22:00:00
2022.05.24 04:00:00,occupied,1,1,one position per engine,0,0.0,0.0,0.0,0.0,0.0,0.0,0.0,2022.05.24 04:00:00
2022.05.24 08:00:00,occupied,1,1,one position per engine,0,0.0,0.0,0.0,0.0,0.0,0.0,0.0,2022.05.24 08:00:00
2022.05.24 14:00:00,entry,3,1,done at 1867.662,177,1867.662,1863.671,1879.635,0.14,55.88,11031.84,55.1592,2022.05.24 14:00:00
2022.05.27 02:00:00,entry,1,1,done at 1856.080,180,1856.08,1843.654,1893.358,0.05,62.13,10847.49,54.237449999999995,2022.05.27 02:00:00
2022.05.30 14:00:00,occupied,1,1,one position per engine,0,0.0,0.0,0.0,0.0,0.0,0.0,0.0,2022.05.30 14:00:00
2022.05.31 07:00:00,occupied,1,1,one position per engine,0,0.0,0.0,0.0,0.0,0.0,0.0,0.0,2022.05.31 07:00:00
2022.06.02 14:00:00,entry,3,1,done at 1864.079,182,1864.079,1860.634,1874.414,0.16,55.12,10779.73,53.898649999999996,2022.06.02 14:00:00
2022.06.02 19:00:00,trail,3,1,closed H1 ratchet,182,1864.079,1864.079,1874.414,0.0,0.0,0.0,0.0,2022.06.02 19:00:00
2022.06.10 16:00:00,entry,2,1,done at 1867.462,184,1867.462,1861.233,1873.691,0.09,56.06,10770.01,53.85005,2022.06.10 16:00:00
2022.06.10 16:00:00,entry,3,1,done at 1867.462,185,1867.462,1861.233,1886.149,0.09,56.06,10768.38,53.841899999999995,2022.06.10 16:00:00
2022.06.13 00:00:00,trail,3,1,closed H1 ratchet,185,1867.462,1867.462,1886.149,0.0,0.0,0.0,0.0,2022.06.13 00:00:00
2022.06.16 16:00:00,entry,3,1,done at 1845.456,188,1845.456,1839.151,1864.371,0.09,56.74,10820.37,54.101850000000006,2022.06.16 16:00:00
2022.06.16 22:01:00,trail,3,1,closed H1 ratchet,188,1845.456,1845.456,1864.371,0.0,0.0,0.0,0.0,2022.06.16 22:00:00
2022.06.20 03:00:00,entry,1,1,done at 1842.497,190,1842.497,1826.833,1889.489,0.04,62.66,10814.88,54.0744,2022.06.20 03:00:00
2022.06.22 14:00:00,entry,2,1,done at 1844.630,192,1844.63,1839.687,1849.573,0.11,54.37,10747.64,53.7382,2022.06.22 14:00:00
2022.06.23 14:00:00,entry,2,1,done at 1844.470,194,1844.47,1840.552,1848.388,0.14,54.85,10692.54,53.462700000000005,2022.06.23 14:00:00
2022.07.22 12:00:00,entry,3,1,done at 1728.682,196,1728.682,1724.855,1740.163,0.14,53.58,10636.57,53.18285,2022.07.22 12:00:00
2022.07.22 14:00:00,entry,3,1,done at 1734.770,198,1734.77,1730.48,1747.64,0.13,55.77,10582.01,52.91005,2022.07.22 14:00:00
2022.07.26 07:00:00,entry,1,1,done at 1725.237,200,1725.237,1714.132,1758.552,0.05,55.53,10525.46,52.6273,2022.07.26 07:00:00
2022.07.28 14:00:00,entry,3,1,done at 1751.396,202,1751.396,1745.629,1768.697,0.1,57.67,10469.64,52.3482,2022.07.28 14:00:00
2022.07.29 04:00:00,trail,3,1,closed H1 ratchet,202,1751.396,1751.396,1768.697,0.0,0.0,0.0,0.0,2022.07.29 04:00:00
2022.08.02 01:00:00,entry,3,1,done at 1780.620,204,1780.62,1775.9,1794.78,0.12,56.64,10631.41,53.15705,2022.08.02 01:00:00
2022.08.02 13:00:00,entry,3,1,done at 1785.154,206,1785.154,1781.02,1797.556,0.13,53.74,10573.88,52.8694,2022.08.02 13:00:00
2022.08.03 04:00:00,entry,1,1,done at 1769.045,208,1769.045,1751.292,1822.304,0.03,53.26,10519.33,52.59665,2022.08.03 04:00:00
2022.08.03 13:00:00,occupied,1,1,one position per engine,0,0.0,0.0,0.0,0.0,0.0,0.0,0.0,2022.08.03 13:00:00
2022.08.04 01:00:00,occupied,1,1,one position per engine,0,0.0,0.0,0.0,0.0,0.0,0.0,0.0,2022.08.04 01:00:00
2022.08.08 08:00:00,occupied,1,1,one position per engine,0,0.0,0.0,0.0,0.0,0.0,0.0,0.0,2022.08.08 08:00:00
2022.08.08 10:00:00,occupied,1,1,one position per engine,0,0.0,0.0,0.0,0.0,0.0,0.0,0.0,2022.08.08 10:00:00
2022.08.09 14:00:00,trail,1,1,closed H1 ratchet,208,1769.045,1769.045,1822.304,0.0,0.0,0.0,0.0,2022.08.09 14:00:00
2022.08.09 14:00:00,entry,3,1,done at 1797.686,209,1797.686,1794.123,1808.375,0.15,53.44,10595.09,52.97545,2022.08.09 14:00:00
2022.08.11 10:00:00,occupied,1,1,one position per engine,0,0.0,0.0,0.0,0.0,0.0,0.0,0.0,2022.08.11 10:00:00
2022.08.12 04:00:00,occupied,1,1,one position per engine,0,0.0,0.0,0.0,0.0,0.0,0.0,0.0,2022.08.12 04:00:00
2022.08.12 13:00:00,occupied,1,1,one position per engine,0,0.0,0.0,0.0,0.0,0.0,0.0,0.0,2022.08.12 13:00:00
2022.09.02 15:00:00,entry,2,1,done at 1717.411,212,1717.411,1713.954,1720.868,0.16,55.32,10442.22,52.211099999999995,2022.09.02 15:00:00
2022.09.06 01:00:00,entry,3,1,done at 1724.075,214,1724.075,1720.811,1733.867,0.16,52.22,10385.86,51.929300000000005,2022.09.06 01:00:00
2022.09.13 08:00:00,entry,1,1,done at 1724.025,216,1724.025,1712.562,1758.414,0.05,57.32,10332.63,51.663149999999995,2022.09.13 08:00:00
2022.09.21 19:00:00,entry,2,1,done at 1686.114,218,1686.114,1680.771,1691.457,0.1,53.43,10274.98,51.3749,2022.09.21 19:00:00
2022.09.21 19:00:00,entry,3,1,done at 1686.114,219,1686.114,1680.771,1702.143,0.1,53.43,10273.18,51.3659,2022.09.21 19:00:00
2022.09.22 13:00:00,entry,2,1,done at 1681.987,222,1681.987,1673.864,1690.11,0.07,56.86,10166.68,50.833400000000005,2022.09.22 13:00:00
2022.09.28 15:00:00,entry,2,1,done at 1650.632,224,1650.632,1644.574,1656.69,0.09,54.52,10109.39,50.546949999999995,2022.09.28 15:00:00
2022.10.02 23:00:00,entry,1,1,done at 1664.758,226,1664.758,1650.39,1707.862,0.04,57.47,10163.63,50.818149999999996,2022.10.02 23:00:00
2022.10.03 01:00:00,occupied,1,1,one position per engine,0,0.0,0.0,0.0,0.0,0.0,0.0,0.0,2022.10.03 01:00:00
2022.10.03 06:00:00,occupied,1,1,one position per engine,0,0.0,0.0,0.0,0.0,0.0,0.0,0.0,2022.10.03 06:00:00
2022.10.03 11:00:00,occupied,1,1,one position per engine,0,0.0,0.0,0.0,0.0,0.0,0.0,0.0,2022.10.03 11:00:00
2022.10.03 15:00:00,trail,1,1,closed H1 ratchet,226,1664.758,1664.758,1707.862,0.0,0.0,0.0,0.0,2022.10.03 15:00:00
2022.10.03 15:00:00,entry,3,1,done at 1687.091,227,1687.091,1681.9,1702.664,0.1,51.91,10252.24,51.2612,2022.10.03 15:00:00
2022.10.03 18:00:00,trail,3,1,closed H1 ratchet,227,1687.091,1687.091,1702.664,0.0,0.0,0.0,0.0,2022.10.03 18:00:00
2022.10.04 15:00:00,entry,3,1,done at 1720.872,230,1720.872,1715.504,1736.976,0.1,53.68,10483.66,52.4183,2022.10.04 15:00:00
2022.10.05 18:00:00,entry,1,1,done at 1713.110,232,1713.11,1694.833,1767.941,0.03,54.83,10423.83,52.11915,2022.10.05 18:00:00
2022.10.21 16:00:00,entry,2,1,done at 1651.036,234,1651.036,1645.381,1656.691,0.1,56.55,10362.38,51.811899999999994,2022.10.21 16:00:00
2022.10.21 16:00:00,entry,3,1,done at 1651.036,235,1651.036,1645.381,1668.001,0.1,56.55,10360.58,51.8029,2022.10.21 16:00:00
2022.10.25 14:00:00,entry,2,1,done at 1659.319,238,1659.319,1654.842,1663.796,0.12,53.73,10582.32,52.9116,2022.10.25 14:00:00
2022.11.01 11:00:00,entry,2,1,done at 1651.085,240,1651.085,1647.408,1654.762,0.15,55.16,10527.84,52.6392,2022.11.01 11:00:00
2022.11.04 06:00:00,entry,2,1,done at 1647.294,242,1647.294,1642.597,1651.991,0.12,56.37,10582.33,52.91165,2022.11.04 06:00:00
2022.11.08 14:00:00,entry,1,1,done at 1672.966,244,1672.966,1663.842,1700.338,0.06,54.75,10638.21,53.19105,2022.11.08 14:00:00
2022.11.08 16:00:00,entry,3,1,done at 1713.254,246,1713.254,1708.343,1727.987,0.11,54.02,10802.16,54.010799999999996,2022.11.08 16:00:00
2022.11.10 03:00:00,entry,1,1,done at 1708.828,248,1708.828,1694.959,1750.435,0.04,55.47,10747.37,53.736850000000004,2022.11.10 03:00:00
2022.11.10 13:00:00,occupied,1,1,one position per engine,0,0.0,0.0,0.0,0.0,0.0,0.0,0.0,2022.11.10 13:00:00
2022.11.10 14:00:00,trail,1,1,closed H1 ratchet,248,1708.828,1708.828,1750.435,0.0,0.0,0.0,0.0,2022.11.10 14:00:00
2022.11.10 14:00:00,entry,3,1,done at 1733.294,249,1733.294,1728.478,1747.742,0.12,57.79,10844.52,54.2226,2022.11.10 14:00:00
2022.11.10 15:00:00,trail,3,1,closed H1 ratchet,249,1733.294,1733.294,1747.742,0.0,0.0,0.0,0.0,2022.11.10 15:00:00
2022.11.10 15:00:00,occupied,3,1,one position per engine,0,0.0,0.0,0.0,0.0,0.0,0.0,0.0,2022.11.10 15:00:00
2022.11.14 07:00:00,entry,1,1,done at 1761.612,252,1761.612,1745.802,1809.042,0.04,63.24,11086.44,55.4322,2022.11.14 07:00:00
2022.11.15 08:00:00,entry,3,1,done at 1783.036,253,1783.036,1778.613,1796.305,0.13,57.5,11169.27,55.84635,2022.11.15 08:00:00
2022.11.15 19:00:00,occupied,1,1,one position per engine,0,0.0,0.0,0.0,0.0,0.0,0.0,0.0,2022.11.15 19:00:00
2022.11.16 08:00:00,occupied,1,1,one position per engine,0,0.0,0.0,0.0,0.0,0.0,0.0,0.0,2022.11.16 08:00:00
2022.11.18 04:00:00,occupied,1,1,one position per engine,0,0.0,0.0,0.0,0.0,0.0,0.0,0.0,2022.11.18 04:00:00
2022.11.23 20:00:00,entry,2,1,done at 1752.034,256,1752.034,1746.782,1757.286,0.11,57.77,10949.41,54.74705,2022.11.23 20:00:00
2022.11.23 20:00:00,entry,3,1,done at 1752.034,257,1752.034,1746.782,1767.79,0.11,57.77,10947.43,54.73715,2022.11.23 20:00:00
2022.11.25 18:00:00,entry,1,1,done at 1753.498,260,1753.498,1743.222,1784.326,0.06,61.66,10907.15,54.53575,2022.11.25 18:00:00
2022.11.28 09:00:00,occupied,1,1,one position per engine,0,0.0,0.0,0.0,0.0,0.0,0.0,0.0,2022.11.28 09:00:00
2022.11.29 04:00:00,entry,1,1,done at 1750.571,262,1750.571,1737.17,1790.774,0.05,67.01,10841.93,54.20965,2022.11.29 04:00:00
2022.11.30 01:00:00,occupied,1,1,one position per engine,0,0.0,0.0,0.0,0.0,0.0,0.0,0.0,2022.11.30 01:00:00
2022.11.30 15:00:00,occupied,1,1,one position per engine,0,0.0,0.0,0.0,0.0,0.0,0.0,0.0,2022.11.30 15:00:00
2022.11.30 19:00:00,occupied,1,1,one position per engine,0,0.0,0.0,0.0,0.0,0.0,0.0,0.0,2022.11.30 19:00:00
2022.11.30 20:00:00,entry,3,1,done at 1768.029,263,1768.029,1762.94,1783.296,0.11,55.98,10925.64,54.6282,2022.11.30 20:00:00
2022.12.01 00:00:00,trail,1,1,closed H1 ratchet,262,1750.571,1750.571,1790.774,0.0,0.0,0.0,0.0,2022.12.01 00:00:00
2022.12.01 01:00:00,trail,3,1,closed H1 ratchet,263,1768.029,1768.029,1783.296,0.0,0.0,0.0,0.0,2022.12.01 01:00:00
2022.12.01 15:00:00,entry,3,1,done at 1801.873,266,1801.873,1795.983,1819.543,0.1,58.9,11182.0,55.91,2022.12.01 15:00:00
2022.12.06 12:00:00,entry,1,1,done at 1779.021,268,1779.021,1765.877,1818.453,0.05,65.72,11122.51,55.61255,2022.12.06 12:00:00
2022.12.07 09:00:00,occupied,1,1,one position per engine,0,0.0,0.0,0.0,0.0,0.0,0.0,0.0,2022.12.07 09:00:00
2022.12.07 13:00:00,occupied,1,1,one position per engine,0,0.0,0.0,0.0,0.0,0.0,0.0,0.0,2022.12.07 13:00:00
2022.12.08 15:00:00,entry,3,1,done at 1792.501,269,1792.501,1788.876,1803.376,0.16,58.0,11178.31,55.891549999999995,2022.12.08 15:00:00
2022.12.09 12:00:00,trail,1,1,closed H1 ratchet,268,1779.021,1779.021,1818.453,0.0,0.0,0.0,0.0,2022.12.09 12:00:00
2022.12.09 12:00:00,entry,3,1,done at 1800.572,271,1800.572,1797.211,1810.655,0.17,57.13,11156.73,55.783649999999994,2022.12.09 12:00:00
2022.12.12 10:00:00,occupied,1,1,one position per engine,0,0.0,0.0,0.0,0.0,0.0,0.0,0.0,2022.12.12 10:00:00
2022.12.13 11:00:00,entry,1,1,done at 1787.402,274,1787.402,1777.534,1817.006,0.06,59.21,10988.53,54.94265,2022.12.13 11:00:00
2022.12.13 14:00:00,trail,1,1,closed H1 ratchet,274,1787.402,1787.402,1817.006,0.0,0.0,0.0,0.0,2022.12.13 14:00:00
2022.12.13 14:00:00,entry,2,1,done at 1811.174,275,1811.174,1807.051,1815.297,0.14,57.73,11130.08,55.6504,2022.12.13 14:00:00
2022.12.13 14:00:00,entry,3,1,done at 1811.174,276,1811.174,1807.051,1823.543,0.14,57.73,11127.56,55.6378,2022.12.13 14:00:00
2022.12.13 15:00:00,entry,3,1,done at 1822.158,280,1822.158,1817.57,1835.922,0.13,59.64,11395.35,56.97675,2022.12.13 15:00:00
2022.12.14 14:00:00,entry,1,1,done at 1808.775,282,1808.775,1798.715,1838.955,0.06,60.36,11334.55,56.67274999999999,2022.12.14 14:00:00
2022.12.20 04:00:00,entry,1,1,done at 1792.357,284,1792.357,1781.913,1823.689,0.06,62.66,11273.53,56.367650000000005,2022.12.20 04:00:00
2022.12.20 07:00:00,occupied,1,1,one position per engine,0,0.0,0.0,0.0,0.0,0.0,0.0,0.0,2022.12.20 07:00:00
2022.12.20 09:00:00,entry,3,1,done at 1803.350,285,1803.35,1799.214,1815.758,0.14,57.9,11338.41,56.69205,2022.12.20 09:00:00
2022.12.20 15:00:00,trail,1,1,closed H1 ratchet,284,1792.357,1792.357,1823.689,0.0,0.0,0.0,0.0,2022.12.20 15:00:00
2022.12.20 15:00:00,entry,3,1,done at 1812.618,287,1812.618,1807.802,1827.066,0.12,57.8,11335.15,56.67575,2022.12.20 15:00:00
2022.12.22 05:00:00,trail,3,1,closed H1 ratchet,287,1812.618,1812.618,1827.066,0.0,0.0,0.0,0.0,2022.12.22 05:00:00
2022.12.23 16:00:00,entry,1,1,done at 1800.686,290,1800.686,1790.495,1831.259,0.06,61.15,11372.72,56.8636,2022.12.23 16:00:00
2022.12.27 16:00:00,entry,3,1,done at 1824.782,292,1824.782,1820.635,1837.223,0.14,58.06,11549.42,57.7471,2022.12.27 16:00:00
2022.12.29 09:00:00,entry,1,1,done at 1809.950,294,1809.95,1799.066,1842.602,0.06,65.3,11490.21,57.451049999999995,2022.12.29 09:00:00
2022.12.29 14:00:00,occupied,1,1,one position per engine,0,0.0,0.0,0.0,0.0,0.0,0.0,0.0,2022.12.29 14:00:00
2022.12.30 18:00:00,occupied,1,1,one position per engine,0,0.0,0.0,0.0,0.0,0.0,0.0,0.0,2022.12.30 18:00:00
2023.01.03 00:00:00,trail,1,1,closed H1 ratchet,294,1809.95,1809.95,1842.602,0.0,0.0,0.0,0.0,2023.01.03 00:00:00
2023.01.03 03:00:00,entry,3,1,done at 1838.523,295,1838.523,1833.603,1853.283,0.12,59.04,11650.94,58.2547,2023.01.03 03:00:00
2023.01.03 08:00:00,trail,3,1,closed H1 ratchet,295,1838.523,1838.523,1853.283,0.0,0.0,0.0,0.0,2023.01.03 08:00:00
2023.01.03 17:00:00,entry,1,1,done at 1834.418,298,1834.418,1814.383,1894.523,0.03,60.1,11675.45,58.377250000000004,2023.01.03 17:00:00
2023.01.04 08:00:00,entry,3,1,done at 1858.400,299,1858.4,1853.223,1873.931,0.12,62.12,11745.26,58.7263,2023.01.04 08:00:00
2023.01.06 14:00:00,occupied,1,1,one position per engine,0,0.0,0.0,0.0,0.0,0.0,0.0,0.0,2023.01.06 14:00:00
2023.01.06 19:00:00,trail,1,1,closed H1 ratchet,298,1834.418,1834.418,1894.523,0.0,0.0,0.0,0.0,2023.01.06 19:00:00
2023.01.09 20:00:00,occupied,1,1,one position per engine,0,0.0,0.0,0.0,0.0,0.0,0.0,0.0,2023.01.09 20:00:00
2023.01.10 02:00:00,occupied,1,1,one position per engine,0,0.0,0.0,0.0,0.0,0.0,0.0,0.0,2023.01.10 02:00:00
2023.01.10 06:00:00,occupied,1,1,one position per engine,0,0.0,0.0,0.0,0.0,0.0,0.0,0.0,2023.01.10 06:00:00
2023.01.10 09:00:00,occupied,1,1,one position per engine,0,0.0,0.0,0.0,0.0,0.0,0.0,0.0,2023.01.10 09:00:00
2023.01.11 04:00:00,occupied,1,1,one position per engine,0,0.0,0.0,0.0,0.0,0.0,0.0,0.0,2023.01.11 04:00:00
2023.01.11 19:00:00,occupied,1,1,one position per engine,0,0.0,0.0,0.0,0.0,0.0,0.0,0.0,2023.01.11 19:00:00
2023.01.12 14:00:00,entry,3,1,done at 1899.796,302,1899.796,1895.584,1912.432,0.14,58.96,11775.11,58.875550000000004,2023.01.12 14:00:00
2023.01.12 16:00:00,entry,1,1,done at 1888.970,304,1888.97,1872.816,1937.432,0.04,64.62,11715.32,58.5766,2023.01.12 16:00:00
2023.01.13 15:00:00,entry,3,1,done at 1911.677,305,1911.677,1906.573,1926.989,0.12,61.24,11803.29,59.016450000000006,2023.01.13 15:00:00
2023.01.13 16:00:00,trail,1,1,closed H1 ratchet,304,1888.97,1888.97,1937.432,0.0,0.0,0.0,0.0,2023.01.13 16:00:00
2023.01.13 19:00:00,trail,3,1,closed H1 ratchet,305,1911.677,1911.677,1926.989,0.0,0.0,0.0,0.0,2023.01.13 19:00:00
2023.01.16 23:01:00,occupied,1,1,one position per engine,0,0.0,0.0,0.0,0.0,0.0,0.0,0.0,2023.01.16 23:00:00
2023.01.17 12:00:00,occupied,1,1,one position per engine,0,0.0,0.0,0.0,0.0,0.0,0.0,0.0,2023.01.17 12:00:00
2023.01.18 08:00:00,occupied,1,1,one position per engine,0,0.0,0.0,0.0,0.0,0.0,0.0,0.0,2023.01.18 08:00:00
2023.01.19 04:00:00,occupied,1,1,one position per engine,0,0.0,0.0,0.0,0.0,0.0,0.0,0.0,2023.01.19 04:00:00
2023.01.19 14:00:00,occupied,1,1,one position per engine,0,0.0,0.0,0.0,0.0,0.0,0.0,0.0,2023.01.19 14:00:00
2023.01.20 19:00:00,entry,1,1,done at 1929.532,308,1929.532,1915.785,1970.773,0.05,68.73,12068.68,60.3434,2023.01.20 19:00:00
2023.01.23 19:00:00,entry,1,1,done at 1927.933,310,1927.933,1912.19,1975.162,0.04,62.97,11996.92,59.9846,2023.01.23 19:00:00
2023.01.27 17:00:00,occupied,1,1,one position per engine,0,0.0,0.0,0.0,0.0,0.0,0.0,0.0,2023.01.27 17:00:00
2023.01.30 05:00:00,occupied,1,1,one position per engine,0,0.0,0.0,0.0,0.0,0.0,0.0,0.0,2023.01.30 05:00:00
2023.01.30 11:00:00,occupied,1,1,one position per engine,0,0.0,0.0,0.0,0.0,0.0,0.0,0.0,2023.01.30 11:00:00
2023.01.30 14:00:00,occupied,1,1,one position per engine,0,0.0,0.0,0.0,0.0,0.0,0.0,0.0,2023.01.30 14:00:00
2023.02.01 19:00:00,entry,1,1,done at 1927.755,312,1927.755,1915.691,1963.947,0.05,60.32,11916.52,59.5826,2023.02.01 19:00:00
2023.02.01 20:00:00,entry,3,1,done at 1943.144,313,1943.144,1938.047,1958.435,0.12,61.17,11992.56,59.962799999999994,2023.02.01 20:00:00
2023.02.01 21:00:00,manage_error,3,1,market closed,313,1943.144,1943.144,1958.435,0.0,0.0,0.0,0.0,2023.02.01 21:00:00
2023.02.01 21:00:00,manage_error,1,1,market closed,312,1927.755,1927.755,1963.947,0.0,0.0,0.0,0.0,2023.02.01 21:00:00
2023.02.01 21:00:00,occupied,3,1,one position per engine,0,0.0,0.0,0.0,0.0,0.0,0.0,0.0,2023.02.01 21:00:00
2023.02.01 23:01:00,trail,1,1,closed H1 ratchet,312,1927.755,1927.755,1963.947,0.0,0.0,0.0,0.0,2023.02.01 23:00:00
2023.02.02 00:00:00,trail,3,1,closed H1 ratchet,313,1943.144,1943.144,1958.435,0.0,0.0,0.0,0.0,2023.02.02 00:00:00
2023.02.08 08:00:00,entry,3,1,done at 1886.404,316,1886.404,1880.008,1905.592,0.1,63.96,12071.84,60.3592,2023.02.08 08:00:00
2023.02.09 14:00:00,entry,3,1,done at 1889.673,318,1889.673,1885.903,1900.983,0.16,60.32,12007.15,60.03575,2023.02.09 14:00:00
2023.02.28 17:00:00,entry,2,1,done at 1826.775,320,1826.775,1823.081,1830.469,0.17,62.8,11945.77,59.72885,2023.02.28 17:00:00
2023.03.02 12:00:00,entry,1,1,done at 1836.816,322,1836.816,1826.326,1868.286,0.06,62.94,12007.98,60.039899999999996,2023.03.02 12:00:00
2023.03.02 15:00:00,occupied,1,1,one position per engine,0,0.0,0.0,0.0,0.0,0.0,0.0,0.0,2023.03.02 15:00:00
2023.03.03 20:00:00,trail,1,1,closed H1 ratchet,322,1836.816,1836.816,1868.286,0.0,0.0,0.0,0.0,2023.03.03 20:00:00
2023.03.07 03:00:00,occupied,1,1,one position per engine,0,0.0,0.0,0.0,0.0,0.0,0.0,0.0,2023.03.07 03:00:00
2023.03.07 08:00:00,occupied,1,1,one position per engine,0,0.0,0.0,0.0,0.0,0.0,0.0,0.0,2023.03.07 08:00:00
2023.03.09 16:00:00,entry,2,1,done at 1828.820,324,1828.82,1825.463,1832.177,0.18,60.43,11997.99,59.98995,2023.03.09 16:00:00
2023.03.10 14:00:00,entry,3,1,done at 1842.583,326,1842.583,1838.41,1855.102,0.15,62.6,12057.59,60.28795,2023.03.10 14:00:00
2023.03.10 15:00:00,entry,3,1,done at 1858.613,328,1858.613,1853.62,1873.592,0.13,64.91,12244.66,61.2233,2023.03.10 15:00:00
2023.03.10 21:00:00,manage_error,3,1,market closed,328,1858.613,1858.613,1873.592,0.0,0.0,0.0,0.0,2023.03.10 21:00:00
2023.03.12 23:00:00,entry,3,1,done at 1884.091,330,1884.091,1876.827,1905.883,0.09,65.38,12559.86,62.7993,2023.03.12 23:00:00
2023.03.14 15:00:00,entry,1,1,done at 1907.722,332,1907.722,1889.98,1960.948,0.04,70.97,12493.94,62.4697,2023.03.14 15:00:00
2023.03.15 12:00:00,entry,3,1,done at 1918.237,334,1918.237,1912.855,1934.383,0.12,64.58,12420.61,62.10305,2023.03.15 12:00:00
2023.03.15 13:00:00,trail,3,1,closed H1 ratchet,334,1918.237,1918.237,1934.383,0.0,0.0,0.0,0.0,2023.03.15 13:00:00
2023.03.15 13:00:00,occupied,3,1,one position per engine,0,0.0,0.0,0.0,0.0,0.0,0.0,0.0,2023.03.15 13:00:00
2023.03.16 06:00:00,entry,1,1,done at 1920.028,336,1920.028,1893.573,1999.393,0.03,79.36,12419.87,62.09935,2023.03.16 06:00:00
2023.03.16 20:00:00,occupied,1,1,one position per engine,0,0.0,0.0,0.0,0.0,0.0,0.0,0.0,2023.03.16 20:00:00
2023.03.17 13:00:00,entry,3,1,done at 1945.099,337,1945.099,1940.433,1959.097,0.14,65.33,12492.94,62.4647,2023.03.17 13:00:00
2023.03.17 15:00:00,trail,1,1,closed H1 ratchet,336,1920.028,1920.028,1999.393,0.0,0.0,0.0,0.0,2023.03.17 15:00:00
2023.03.17 15:00:00,entry,3,1,done at 1962.380,339,1962.38,1957.127,1978.139,0.13,68.29,12740.13,63.700649999999996,2023.03.17 15:00:00
2023.03.17 18:00:00,entry,3,1,done at 1972.993,341,1972.993,1966.762,1991.686,0.11,68.54,12702.86,63.514300000000006,2023.03.17 18:00:00
2023.03.17 19:00:00,trail,3,1,closed H1 ratchet,341,1972.993,1972.993,1991.686,0.0,0.0,0.0,0.0,2023.03.17 19:00:00
2023.03.17 19:00:00,occupied,3,1,one position per engine,0,0.0,0.0,0.0,0.0,0.0,0.0,0.0,2023.03.17 19:00:00
2023.03.20 08:00:00,entry,3,1,done at 2003.546,344,2003.546,1993.598,2033.39,0.07,69.63,12774.2,63.871,2023.03.20 08:00:00
2023.03.20 18:00:00,entry,1,1,done at 1977.691,346,1977.691,1949.197,2063.173,0.03,85.48,12704.14,63.5207,2023.03.20 18:00:00
2023.03.21 01:00:00,occupied,1,1,one position per engine,0,0.0,0.0,0.0,0.0,0.0,0.0,0.0,2023.03.21 01:00:00
2023.03.22 15:00:00,entry,1,1,done at 1950.727,348,1950.727,1936.872,1992.292,0.05,69.28,12616.87,63.08435,2023.03.22 15:00:00
2023.03.22 20:00:00,trail,1,1,closed H1 ratchet,348,1950.727,1950.727,1992.292,0.0,0.0,0.0,0.0,2023.03.22 20:00:00
2023.03.22 20:00:00,entry,2,1,done at 1972.841,349,1972.841,1965.711,1979.971,0.09,64.17,12726.53,63.632650000000005,2023.03.22 20:00:00
2023.03.28 13:00:00,entry,1,1,done at 1965.392,352,1965.392,1953.197,2001.977,0.06,73.17,12751.62,63.758100000000006,2023.03.28 13:00:00
2023.03.29 18:00:00,occupied,1,1,one position per engine,0,0.0,0.0,0.0,0.0,0.0,0.0,0.0,2023.03.29 18:00:00
2023.03.30 06:00:00,occupied,1,1,one position per engine,0,0.0,0.0,0.0,0.0,0.0,0.0,0.0,2023.03.30 06:00:00
2023.03.30 17:00:00,entry,3,1,done at 1983.302,353,1983.302,1978.989,1996.241,0.15,64.69,12845.16,64.22579999999999,2023.03.30 17:00:00
2023.03.31 07:00:00,trail,1,1,closed H1 ratchet,352,1965.392,1965.392,2001.977,0.0,0.0,0.0,0.0,2023.03.31 07:00:00
2023.03.31 16:00:00,occupied,1,1,one position per engine,0,0.0,0.0,0.0,0.0,0.0,0.0,0.0,2023.03.31 16:00:00
2023.04.04 14:00:00,entry,3,1,done at 1992.760,356,1992.76,1988.861,2004.457,0.17,66.28,12666.45,63.33225,2023.04.04 14:00:00
2023.04.04 15:00:00,entry,3,1,done at 2016.274,358,2016.274,2011.004,2032.084,0.13,68.51,12864.41,64.32205,2023.04.04 15:00:00
2023.04.05 06:00:00,trail,3,1,closed H1 ratchet,358,2016.274,2016.274,2032.084,0.0,0.0,0.0,0.0,2023.04.05 06:00:00
2023.04.05 13:00:00,occupied,3,1,one position per engine,0,0.0,0.0,0.0,0.0,0.0,0.0,0.0,2023.04.05 13:00:00
2023.04.05 16:00:00,entry,1,1,done at 2021.836,360,2021.836,2007.134,2065.942,0.05,73.51,13062.27,65.31135,2023.04.05 16:00:00
2023.04.06 09:00:00,occupied,1,1,one position per engine,0,0.0,0.0,0.0,0.0,0.0,0.0,0.0,2023.04.06 09:00:00
2023.04.11 03:00:00,entry,1,1,done at 1997.866,362,1997.866,1984.843,2036.935,0.05,65.11,12980.46,64.9023,2023.04.11 03:00:00
2023.04.12 05:00:00,trail,1,1,closed H1 ratchet,362,1997.866,1997.866,2036.935,0.0,0.0,0.0,0.0,2023.04.12 05:00:00
2023.04.12 13:00:00,occupied,1,1,one position per engine,0,0.0,0.0,0.0,0.0,0.0,0.0,0.0,2023.04.12 13:00:00
2023.04.12 13:00:00,entry,3,1,done at 2022.409,363,2022.409,2017.695,2036.551,0.14,66.0,13099.6,65.498,2023.04.12 13:00:00
2023.04.12 18:00:00,occupied,1,1,one position per engine,0,0.0,0.0,0.0,0.0,0.0,0.0,0.0,2023.04.12 18:00:00
2023.04.13 13:00:00,entry,3,1,done at 2045.175,366,2045.175,2040.639,2058.783,0.15,68.04,13097.83,65.48915,2023.04.13 13:00:00
2023.05.01 13:00:00,entry,2,1,done at 2004.131,368,2004.131,1999.945,2008.317,0.16,66.98,13028.78,65.1439,2023.05.01 13:00:00
2023.05.01 13:00:00,entry,3,1,done at 2004.131,369,2004.131,1999.945,2016.689,0.16,66.98,13025.9,65.1295,2023.05.01 13:00:00
2023.05.02 15:00:00,entry,2,1,done at 2008.559,372,2008.559,2004.203,2012.915,0.15,65.34,12892.68,64.46340000000001,2023.05.02 15:00:00
2023.05.02 15:00:00,entry,3,1,done at 2008.559,373,2008.559,2004.203,2021.627,0.15,65.34,12889.97,64.44985,2023.05.02 15:00:00
2023.05.02 16:00:00,occupied,3,1,one position per engine,0,0.0,0.0,0.0,0.0,0.0,0.0,0.0,2023.05.02 16:00:00
2023.05.02 17:00:00,trail,3,1,closed H1 ratchet,373,2008.559,2008.559,2021.627,0.0,0.0,0.0,0.0,2023.05.02 17:00:00
2023.05.03 15:00:00,entry,3,1,done at 2021.372,376,2021.372,2017.718,2032.334,0.18,65.78,12947.69,64.73845,2023.05.03 15:00:00
2023.05.03 22:01:00,entry,3,1,done at 2061.787,378,2061.787,2055.782,2079.802,0.11,66.06,13144.25,65.72125,2023.05.03 22:00:00
2023.05.03 23:00:00,entry,3,1,done at 2056.802,380,2056.802,2048.872,2080.592,0.09,71.37,13342.29,66.71145,2023.05.03 23:00:00
2023.05.08 13:00:00,entry,1,1,done at 2026.223,382,2026.223,2016.051,2056.739,0.07,71.2,13255.98,66.2799,2023.05.08 13:00:00
2023.05.10 11:00:00,occupied,1,1,one position per engine,0,0.0,0.0,0.0,0.0,0.0,0.0,0.0,2023.05.10 11:00:00
2023.05.10 13:00:00,trail,1,1,closed H1 ratchet,382,2026.223,2026.223,2056.739,0.0,0.0,0.0,0.0,2023.05.10 13:00:00
2023.05.10 13:00:00,occupied,1,1,one position per engine,0,0.0,0.0,0.0,0.0,0.0,0.0,0.0,2023.05.10 13:00:00
2023.05.10 13:00:00,entry,3,1,done at 2045.764,383,2045.764,2041.483,2058.607,0.16,68.49,13384.02,66.9201,2023.05.10 13:00:00
2023.05.10 19:00:00,entry,1,1,done at 2032.315,386,2032.315,2015.405,2083.045,0.04,67.64,13178.62,65.8931,2023.05.10 19:00:00
2023.05.11 00:00:00,occupied,1,1,one position per engine,0,0.0,0.0,0.0,0.0,0.0,0.0,0.0,2023.05.11 00:00:00
2023.05.11 12:00:00,occupied,1,1,one position per engine,0,0.0,0.0,0.0,0.0,0.0,0.0,0.0,2023.05.11 12:00:00
2023.05.30 12:00:00,entry,2,1,done at 1960.333,388,1960.333,1956.215,1964.451,0.16,65.89,13104.34,65.5217,2023.05.30 12:00:00
2023.05.31 14:00:00,entry,3,1,done at 1969.987,390,1969.987,1966.081,1981.705,0.17,66.4,13037.27,65.18635,2023.05.31 14:00:00
2023.06.07 14:00:00,entry,3,1,done at 1969.737,392,1969.737,1966.441,1979.625,0.2,65.92,12969.79,64.84895,2023.06.07 14:00:00
2023.06.08 15:00:00,entry,2,1,done at 1967.353,394,1967.353,1963.571,1971.135,0.18,68.07,12902.71,64.51355,2023.06.08 15:00:00
2023.06.09 15:00:00,entry,1,1,done at 1963.531,396,1963.531,1954.012,1992.088,0.07,66.64,12833.45,64.16725000000001,2023.06.09 15:00:00
2023.06.15 17:00:00,entry,2,1,done at 1959.655,398,1959.655,1953.522,1965.788,0.11,67.47,12762.58,63.8129,2023.06.15 17:00:00
2023.06.16 18:00:00,entry,1,1,done at 1959.305,400,1959.305,1946.95,1996.37,0.06,74.13,12823.66,64.1183,2023.06.16 18:00:00
2023.06.30 16:00:00,entry,2,1,done at 1919.157,402,1919.157,1915.877,1922.437,0.2,65.6,12742.64,63.7132,2023.06.30 16:00:00
2023.07.03 14:00:00,entry,3,1,done at 1926.244,404,1926.244,1922.75,1936.726,0.19,66.39,12807.18,64.0359,2023.07.03 14:00:00
2023.07.04 23:00:00,entry,1,1,done at 1926.320,406,1926.32,1919.29,1947.41,0.1,70.3,12739.68,63.6984,2023.07.04 23:00:00
2023.07.05 05:00:00,occupied,1,1,one position per engine,0,0.0,0.0,0.0,0.0,0.0,0.0,0.0,2023.07.05 05:00:00
2023.07.05 08:00:00,occupied,1,1,one position per engine,0,0.0,0.0,0.0,0.0,0.0,0.0,0.0,2023.07.05 08:00:00
2023.07.07 14:00:00,entry,2,1,done at 1923.455,408,1923.455,1920.206,1926.704,0.2,64.98,12663.39,63.31695,2023.07.07 14:00:00
2023.07.11 07:00:00,entry,3,1,done at 1936.312,410,1936.312,1932.753,1946.989,0.18,64.07,12727.47,63.63735,2023.07.11 07:00:00
2023.07.12 09:00:00,entry,1,1,done at 1934.892,412,1934.892,1926.249,1960.821,0.08,69.15,12662.38,63.311899999999994,2023.07.12 09:00:00
2023.07.12 13:00:00,occupied,1,1,one position per engine,0,0.0,0.0,0.0,0.0,0.0,0.0,0.0,2023.07.12 13:00:00
2023.07.12 13:00:00,entry,3,1,done at 1943.312,413,1943.312,1940.221,1952.585,0.21,64.91,12728.3,63.64149999999999,2023.07.12 13:00:00
2023.07.12 14:00:00,trail,1,1,closed H1 ratchet,412,1934.892,1934.892,1960.821,0.0,0.0,0.0,0.0,2023.07.12 14:00:00
2023.07.12 14:00:00,entry,3,1,done at 1956.156,415,1956.156,1952.419,1967.367,0.18,67.27,13024.81,65.12405,2023.07.12 14:00:00
2023.07.13 07:00:00,trail,3,1,closed H1 ratchet,415,1956.156,1956.156,1967.367,0.0,0.0,0.0,0.0,2023.07.13 07:00:00
2023.07.14 12:00:00,entry,1,1,done at 1959.396,418,1959.396,1950.986,1984.626,0.08,67.28,13020.04,65.1002,2023.07.14 12:00:00
2023.07.14 14:00:00,occupied,1,1,one position per engine,0,0.0,0.0,0.0,0.0,0.0,0.0,0.0,2023.07.14 14:00:00
2023.07.17 09:00:00,entry,1,1,done at 1955.975,420,1955.975,1944.92,1989.14,0.06,66.33,12952.29,64.76145000000001,2023.07.17 09:00:00
2023.07.18 15:00:00,trail,1,1,closed H1 ratchet,420,1955.975,1955.975,1989.14,0.0,0.0,0.0,0.0,2023.07.18 15:00:00
2023.07.18 15:00:00,entry,3,1,done at 1982.903,421,1982.903,1979.012,1994.576,0.17,66.15,13109.57,65.54785,2023.07.18 15:00:00
2023.07.24 10:00:00,occupied,1,1,one position per engine,0,0.0,0.0,0.0,0.0,0.0,0.0,0.0,2023.07.24 10:00:00
2023.07.25 02:00:00,entry,1,1,done at 1962.770,424,1962.77,1951.692,1996.004,0.06,66.47,12862.11,64.31055,2023.07.25 02:00:00
2023.07.26 19:00:00,entry,3,1,done at 1977.366,425,1977.366,1973.648,1988.52,0.18,66.93,12945.4,64.727,2023.07.26 19:00:00
2023.07.27 08:00:00,trail,1,1,closed H1 ratchet,424,1962.77,1962.77,1996.004,0.0,0.0,0.0,0.0,2023.07.27 08:00:00
2023.07.31 13:00:00,entry,2,1,done at 1965.632,428,1965.632,1962.531,1968.733,0.21,65.12,12780.61,63.90305,2023.07.31 13:00:00
2023.08.23 14:00:00,entry,3,1,done at 1918.183,430,1918.183,1915.387,1926.571,0.23,64.31,12845.35,64.22675,2023.08.23 14:00:00
2023.08.25 10:00:00,entry,1,1,done at 1916.213,432,1916.213,1908.88,1938.212,0.09,66.0,12779.36,63.896800000000006,2023.08.25 10:00:00
2023.08.25 20:00:00,entry,1,1,done at 1914.454,434,1914.454,1903.849,1946.269,0.06,63.63,12712.8,63.56399999999999,2023.08.25 20:00:00
2023.08.28 13:00:00,occupied,1,1,one position per engine,0,0.0,0.0,0.0,0.0,0.0,0.0,0.0,2023.08.28 13:00:00
2023.08.28 16:00:00,entry,3,1,done at 1924.890,435,1924.89,1922.424,1932.288,0.26,64.12,12771.13,63.85565,2023.08.28 16:00:00
2023.08.29 15:00:00,trail,1,1,closed H1 ratchet,434,1914.454,1914.454,1946.269,0.0,0.0,0.0,0.0,2023.08.29 15:00:00
2023.08.29 15:00:00,entry,3,1,done at 1934.253,437,1934.253,1931.483,1942.563,0.24,66.48,12758.4,63.792,2023.08.29 15:00:00
2023.08.30 12:00:00,trail,3,1,closed H1 ratchet,437,1934.253,1934.253,1942.563,0.0,0.0,0.0,0.0,2023.08.30 12:00:00
2023.08.30 13:00:00,entry,3,1,done at 1945.254,439,1945.254,1943.267,1951.215,0.33,65.57,13006.69,65.03345,2023.08.30 13:00:00
2023.08.30 14:00:00,entry,3,1,done at 1947.529,442,1947.529,1945.43,1953.826,0.31,65.07,12945.81,64.72905,2023.08.30 14:00:00
2023.09.01 08:00:00,entry,1,1,done at 1943.227,444,1943.227,1935.469,1966.501,0.09,69.82,12878.47,64.39235,2023.09.01 08:00:00
2023.09.01 13:00:00,entry,3,1,done at 1950.032,445,1950.032,1947.781,1956.785,0.29,65.28,12938.09,64.69045,2023.09.01 13:00:00
2023.09.04 02:00:00,entry,1,1,done at 1943.175,448,1943.175,1933.704,1971.588,0.07,66.3,12741.01,63.70505,2023.09.04 02:00:00
2023.09.15 14:00:00,entry,3,1,done at 1924.801,450,1924.801,1922.3,1932.304,0.26,65.03,12670.49,63.35245,2023.09.15 14:00:00
2023.09.15 15:00:00,occupied,3,1,one position per engine,0,0.0,0.0,0.0,0.0,0.0,0.0,0.0,2023.09.15 15:00:00
2023.09.18 04:00:00,trail,3,1,closed H1 ratchet,450,1924.801,1924.801,1932.304,0.0,0.0,0.0,0.0,2023.09.18 04:00:00
2023.09.20 14:00:00,entry,3,1,done at 1940.723,452,1940.723,1938.519,1947.335,0.29,63.92,12654.76,63.2738,2023.09.20 14:00:00
2023.09.20 17:00:00,trail,3,1,closed H1 ratchet,452,1940.723,1940.723,1947.335,0.0,0.0,0.0,0.0,2023.09.20 17:00:00
2023.09.20 17:00:00,occupied,3,1,one position per engine,0,0.0,0.0,0.0,0.0,0.0,0.0,0.0,2023.09.20 17:00:00
2023.09.24 23:00:00,entry,1,1,done at 1925.908,454,1925.908,1919.498,1945.138,0.11,70.51,12845.25,64.22625,2023.09.24 23:00:00
2023.10.06 16:00:00,entry,2,1,done at 1832.697,456,1832.697,1828.658,1836.736,0.16,64.62,12774.06,63.8703,2023.10.06 16:00:00
2023.10.06 16:00:00,entry,3,1,done at 1832.697,457,1832.697,1828.658,1844.814,0.16,64.62,12771.18,63.8559,2023.10.06 16:00:00
2023.10.08 23:00:00,entry,3,1,done at 1849.962,460,1849.962,1844.509,1866.321,0.13,70.89,13418.54,67.09270000000001,2023.10.08 23:00:00
2023.10.11 07:00:00,entry,1,1,done at 1862.708,462,1862.708,1854.068,1888.628,0.08,69.12,13346.82,66.7341,2023.10.11 07:00:00
2023.10.12 02:00:00,trail,1,1,closed H1 ratchet,462,1862.708,1862.708,1888.628,0.0,0.0,0.0,0.0,2023.10.12 02:00:00
2023.10.13 03:00:00,occupied,1,1,one position per engine,0,0.0,0.0,0.0,0.0,0.0,0.0,0.0,2023.10.13 03:00:00
2023.10.13 12:00:00,entry,3,1,done at 1896.550,464,1896.55,1893.328,1906.216,0.22,70.88,13536.71,67.68355,2023.10.13 12:00:00
2023.10.13 13:00:00,entry,3,1,done at 1913.451,466,1913.451,1909.226,1926.126,0.17,71.83,13748.22,68.7411,2023.10.13 13:00:00
2023.10.13 15:00:00,entry,3,1,done at 1920.911,468,1920.911,1915.979,1935.707,0.14,69.04,13675.01,68.37505,2023.10.13 15:00:00
2023.10.13 19:00:00,trail,3,1,closed H1 ratchet,468,1920.911,1920.911,1935.707,0.0,0.0,0.0,0.0,2023.10.13 19:00:00
2023.10.17 07:00:00,entry,1,1,done at 1917.481,470,1917.481,1906.827,1949.443,0.07,74.58,13666.73,68.33364999999999,2023.10.17 07:00:00
2023.10.18 02:00:00,trail,1,1,closed H1 ratchet,470,1917.481,1917.481,1949.443,0.0,0.0,0.0,0.0,2023.10.18 02:00:00
2023.10.18 02:00:00,entry,3,1,done at 1939.182,471,1939.182,1934.472,1953.312,0.15,70.65,13813.63,69.06815,2023.10.18 02:00:00
2023.10.18 13:00:00,trail,3,1,closed H1 ratchet,471,1939.182,1939.182,1953.312,0.0,0.0,0.0,0.0,2023.10.18 13:00:00
2023.10.18 14:00:00,entry,3,1,done at 1957.189,474,1957.189,1952.463,1971.367,0.15,70.89,14097.91,70.48955,2023.10.18 14:00:00
2023.10.19 18:00:00,entry,3,1,done at 1972.764,476,1972.764,1967.61,1988.226,0.14,72.16,14025.86,70.1293,2023.10.19 18:00:00
2023.10.20 09:00:00,trail,3,1,closed H1 ratchet,476,1972.764,1972.764,1988.226,0.0,0.0,0.0,0.0,2023.10.20 09:00:00
2023.10.20 14:00:00,occupied,3,1,one position per engine,0,0.0,0.0,0.0,0.0,0.0,0.0,0.0,2023.10.20 14:00:00
2023.10.23 06:00:00,entry,1,1,done at 1975.871,478,1975.871,1956.264,2034.692,0.04,78.42,14234.29,71.17145000000001,2023.10.23 06:00:00
2023.10.24 02:00:00,occupied,1,1,one position per engine,0,0.0,0.0,0.0,0.0,0.0,0.0,0.0,2023.10.24 02:00:00
2023.10.24 17:00:00,entry,1,1,done at 1974.426,480,1974.426,1959.967,2017.803,0.05,72.29,14153.39,70.76695,2023.10.24 17:00:00
2023.10.25 00:00:00,occupied,1,1,one position per engine,0,0.0,0.0,0.0,0.0,0.0,0.0,0.0,2023.10.25 00:00:00
2023.10.25 14:00:00,entry,3,1,done at 1985.249,481,1985.249,1981.254,1997.234,0.18,71.91,14203.93,71.01965,2023.10.25 14:00:00
2023.10.26 17:00:00,occupied,1,1,one position per engine,0,0.0,0.0,0.0,0.0,0.0,0.0,0.0,2023.10.26 17:00:00
2023.10.27 02:00:00,occupied,1,1,one position per engine,0,0.0,0.0,0.0,0.0,0.0,0.0,0.0,2023.10.27 02:00:00
2023.10.27 18:00:00,trail,1,1,closed H1 ratchet,480,1974.426,1974.426,2017.803,0.0,0.0,0.0,0.0,2023.10.27 18:00:00
2023.10.27 18:00:00,occupied,1,1,one position per engine,0,0.0,0.0,0.0,0.0,0.0,0.0,0.0,2023.10.27 18:00:00
2023.10.27 18:00:00,entry,3,1,done at 1996.847,483,1996.847,1992.523,2009.819,0.17,73.51,14178.04,70.89020000000001,2023.10.27 18:00:00
2023.10.27 19:00:00,trail,3,1,closed H1 ratchet,483,1996.847,1996.847,2009.819,0.0,0.0,0.0,0.0,2023.10.27 19:00:00
2023.10.27 19:00:00,occupied,3,1,one position per engine,0,0.0,0.0,0.0,0.0,0.0,0.0,0.0,2023.10.27 19:00:00
2023.10.31 08:00:00,occupied,1,1,one position per engine,0,0.0,0.0,0.0,0.0,0.0,0.0,0.0,2023.10.31 08:00:00
2023.10.31 14:00:00,occupied,1,1,one position per engine,0,0.0,0.0,0.0,0.0,0.0,0.0,0.0,2023.10.31 14:00:00
2023.11.01 13:00:00,occupied,1,1,one position per engine,0,0.0,0.0,0.0,0.0,0.0,0.0,0.0,2023.11.01 13:00:00
2023.11.02 18:00:00,entry,1,1,done at 1985.165,486,1985.165,1974.323,2017.691,0.07,75.9,14048.22,70.2411,2023.11.02 18:00:00
2023.11.03 01:00:00,occupied,1,1,one position per engine,0,0.0,0.0,0.0,0.0,0.0,0.0,0.0,2023.11.03 01:00:00
2023.11.03 03:00:00,occupied,1,1,one position per engine,0,0.0,0.0,0.0,0.0,0.0,0.0,0.0,2023.11.03 03:00:00
2023.11.03 13:00:00,entry,3,1,done at 2000.290,487,2000.29,1996.977,2010.229,0.22,72.89,14149.09,70.74545,2023.11.03 13:00:00
2023.11.14 14:00:00,entry,2,1,done at 1954.438,490,1954.438,1951.461,1957.415,0.24,71.45,13886.1,69.4305,2023.11.14 14:00:00
2023.11.14 15:00:00,entry,3,1,done at 1967.830,492,1967.83,1964.202,1978.714,0.2,72.56,13956.81,69.78405,2023.11.14 15:00:00
2023.11.16 05:00:00,entry,1,1,done at 1962.713,494,1962.713,1951.663,1995.863,0.07,77.35,13883.01,69.41505000000001,2023.11.16 05:00:00
2023.11.16 15:00:00,trail,1,1,closed H1 ratchet,494,1962.713,1962.713,1995.863,0.0,0.0,0.0,0.0,2023.11.16 15:00:00
2023.11.16 15:00:00,entry,3,1,done at 1979.859,495,1979.859,1976.631,1989.543,0.22,71.02,14001.77,70.00885,2023.11.16 15:00:00
2023.11.16 16:00:00,trail,3,1,closed H1 ratchet,495,1979.859,1979.859,1989.543,0.0,0.0,0.0,0.0,2023.11.16 16:00:00
2023.11.16 16:00:00,occupied,3,1,one position per engine,0,0.0,0.0,0.0,0.0,0.0,0.0,0.0,2023.11.16 16:00:00
2023.11.20 03:00:00,occupied,1,1,one position per engine,0,0.0,0.0,0.0,0.0,0.0,0.0,0.0,2023.11.20 03:00:00
2023.11.20 19:00:00,occupied,1,1,one position per engine,0,0.0,0.0,0.0,0.0,0.0,0.0,0.0,2023.11.20 19:00:00
2023.11.21 14:00:00,entry,3,1,done at 1997.751,498,1997.751,1993.494,2010.522,0.17,72.37,14303.87,71.51935,2023.11.21 14:00:00
2023.11.21 15:00:00,trail,3,1,closed H1 ratchet,498,1997.751,1997.751,2010.522,0.0,0.0,0.0,0.0,2023.11.21 15:00:00
2023.11.21 15:00:00,occupied,3,1,one position per engine,0,0.0,0.0,0.0,0.0,0.0,0.0,0.0,2023.11.21 15:00:00
2023.11.24 00:00:00,entry,1,1,done at 1994.234,500,1994.234,1986.439,2017.619,0.1,77.95,14302.89,71.51445,2023.11.24 00:00:00
2023.11.24 10:00:00,occupied,1,1,one position per engine,0,0.0,0.0,0.0,0.0,0.0,0.0,0.0,2023.11.24 10:00:00
2023.11.27 02:00:00,entry,3,1,done at 2012.125,502,2012.125,2008.647,2022.559,0.21,73.04,14531.01,72.65505,2023.11.27 02:00:00
2023.11.28 14:00:00,entry,3,1,done at 2021.612,504,2021.612,2018.611,2030.615,0.25,75.02,14455.84,72.2792,2023.11.28 14:00:00
2023.11.28 15:00:00,trail,3,1,closed H1 ratchet,504,2021.612,2021.612,2030.615,0.0,0.0,0.0,0.0,2023.11.28 15:00:00
2023.11.28 15:00:00,occupied,3,1,one position per engine,0,0.0,0.0,0.0,0.0,0.0,0.0,0.0,2023.11.28 15:00:00
2023.11.28 16:00:00,entry,3,1,done at 2030.959,506,2030.959,2027.475,2041.411,0.22,76.65,14679.74,73.3987,2023.11.28 16:00:00
2023.11.28 17:00:00,trail,3,1,closed H1 ratchet,506,2030.959,2030.959,2041.411,0.0,0.0,0.0,0.0,2023.11.28 17:00:00
2023.11.28 17:00:00,occupied,3,1,one position per engine,0,0.0,0.0,0.0,0.0,0.0,0.0,0.0,2023.11.28 17:00:00
2023.12.01 00:00:00,entry,1,1,done at 2040.238,508,2040.238,2027.404,2078.74,0.06,77.01,14909.29,74.54645000000001,2023.12.01 00:00:00
2023.12.01 05:00:00,occupied,1,1,one position per engine,0,0.0,0.0,0.0,0.0,0.0,0.0,0.0,2023.12.01 05:00:00
2023.12.01 09:00:00,occupied,1,1,one position per engine,0,0.0,0.0,0.0,0.0,0.0,0.0,0.0,2023.12.01 09:00:00
2023.12.01 15:00:00,occupied,1,1,one position per engine,0,0.0,0.0,0.0,0.0,0.0,0.0,0.0,2023.12.01 15:00:00
2023.12.01 17:00:00,entry,3,1,done at 2058.911,509,2058.911,2054.043,2073.515,0.16,77.89,15020.25,75.10125,2023.12.01 17:00:00
2023.12.01 18:00:00,trail,3,1,closed H1 ratchet,509,2058.911,2058.911,2073.515,0.0,0.0,0.0,0.0,2023.12.01 18:00:00
2023.12.01 18:00:00,trail,1,1,closed H1 ratchet,508,2040.238,2040.238,2078.74,0.0,0.0,0.0,0.0,2023.12.01 18:00:00
2023.12.01 18:00:00,occupied,3,1,one position per engine,0,0.0,0.0,0.0,0.0,0.0,0.0,0.0,2023.12.01 18:00:00
2023.12.04 00:00:00,entry,3,1,done at 2118.177,512,2118.177,2108.817,2146.257,0.09,84.24,15370.02,76.8501,2023.12.04 00:00:00
2023.12.13 20:00:00,entry,2,1,done at 2013.808,514,2013.808,2008.83,2018.786,0.16,79.65,15285.0,76.425,2023.12.13 20:00:00
2023.12.13 20:00:00,entry,3,1,done at 2013.808,515,2013.808,2008.83,2028.742,0.16,79.65,15282.12,76.4106,2023.12.13 20:00:00
2023.12.13 21:00:00,manage_error,3,1,market closed,515,2013.808,2013.808,2028.742,0.0,0.0,0.0,0.0,2023.12.13 21:00:00
2023.12.13 21:00:00,occupied,3,1,one position per engine,0,0.0,0.0,0.0,0.0,0.0,0.0,0.0,2023.12.13 21:00:00
2023.12.13 23:01:00,trail,3,1,closed H1 ratchet,515,2013.808,2013.808,2028.742,0.0,0.0,0.0,0.0,2023.12.13 23:00:00
2023.12.18 14:00:00,entry,1,1,done at 2025.938,518,2025.938,2013.52,2063.192,0.07,86.93,15602.4,78.012,2023.12.18 14:00:00
2023.12.18 18:00:00,occupied,1,1,one position per engine,0,0.0,0.0,0.0,0.0,0.0,0.0,0.0,2023.12.18 18:00:00
2023.12.19 09:00:00,occupied,1,1,one position per engine,0,0.0,0.0,0.0,0.0,0.0,0.0,0.0,2023.12.19 09:00:00
2023.12.21 02:00:00,occupied,1,1,one position per engine,0,0.0,0.0,0.0,0.0,0.0,0.0,0.0,2023.12.21 02:00:00
2023.12.21 09:00:00,occupied,1,1,one position per engine,0,0.0,0.0,0.0,0.0,0.0,0.0,0.0,2023.12.21 09:00:00
2023.12.21 13:00:00,occupied,1,1,one position per engine,0,0.0,0.0,0.0,0.0,0.0,0.0,0.0,2023.12.21 13:00:00
2023.12.21 23:01:00,trail,1,1,closed H1 ratchet,518,2025.938,2025.938,2063.192,0.0,0.0,0.0,0.0,2023.12.21 23:00:00
2023.12.22 00:00:00,entry,3,1,done at 2052.949,519,2052.949,2048.481,2066.353,0.18,80.42,15767.76,78.8388,2023.12.22 00:00:00
2023.12.22 14:00:00,entry,3,1,done at 2067.490,522,2067.49,2062.904,2081.248,0.18,82.55,15758.68,78.7934,2023.12.22 14:00:00
2023.12.22 18:00:00,entry,1,1,done at 2055.567,524,2055.567,2039.42,2104.008,0.05,80.74,15674.85,78.37425,2023.12.22 18:00:00
2023.12.26 00:00:00,occupied,1,1,one position per engine,0,0.0,0.0,0.0,0.0,0.0,0.0,0.0,2023.12.26 00:00:00
2023.12.26 20:00:00,occupied,1,1,one position per engine,0,0.0,0.0,0.0,0.0,0.0,0.0,0.0,2023.12.26 20:00:00
2023.12.27 16:00:00,entry,3,1,done at 2078.948,525,2078.948,2074.982,2090.846,0.2,79.32,15782.84,78.9142,2023.12.27 16:00:00
2023.12.27 17:00:00,trail,1,1,closed H1 ratchet,524,2055.567,2055.567,2104.008,0.0,0.0,0.0,0.0,2023.12.27 17:00:00
2023.12.28 02:00:00,trail,3,1,closed H1 ratchet,525,2078.948,2078.948,2090.846,0.0,0.0,0.0,0.0,2023.12.28 02:00:00
2023.12.28 02:00:00,occupied,3,1,one position per engine,0,0.0,0.0,0.0,0.0,0.0,0.0,0.0,2023.12.28 02:00:00
2024.01.12 14:00:00,entry,3,1,done at 2056.306,528,2056.306,2051.456,2070.856,0.17,82.45,15614.29,78.07145,2024.01.12 14:00:00
2024.01.19 14:00:00,entry,3,1,done at 2035.459,530,2035.459,2032.241,2045.113,0.25,80.45,15530.55,77.65275,2024.01.19 14:00:00
2024.01.29 14:00:00,entry,3,1,done at 2036.932,532,2036.932,2033.334,2047.726,0.22,79.15,15448.52,77.2426,2024.01.29 14:00:00
2024.01.29 17:00:00,entry,1,1,done at 2027.167,534,2027.167,2013.517,2068.117,0.06,81.9,15367.78,76.83890000000001,2024.01.29 17:00:00
2024.01.29 20:00:00,occupied,1,1,one position per engine,0,0.0,0.0,0.0,0.0,0.0,0.0,0.0,2024.01.29 20:00:00
2024.01.30 15:00:00,entry,3,1,done at 2046.701,535,2046.701,2042.772,2058.488,0.2,78.58,15480.7,77.40350000000001,2024.01.30 15:00:00
2024.01.30 17:00:00,occupied,1,1,one position per engine,0,0.0,0.0,0.0,0.0,0.0,0.0,0.0,2024.01.30 17:00:00
2024.01.30 20:00:00,occupied,1,1,one position per engine,0,0.0,0.0,0.0,0.0,0.0,0.0,0.0,2024.01.30 20:00:00
2024.01.31 06:00:00,occupied,1,1,one position per engine,0,0.0,0.0,0.0,0.0,0.0,0.0,0.0,2024.01.31 06:00:00
2024.01.31 08:00:00,occupied,1,1,one position per engine,0,0.0,0.0,0.0,0.0,0.0,0.0,0.0,2024.01.31 08:00:00
2024.01.31 15:00:00,trail,1,1,closed H1 ratchet,534,2027.167,2027.167,2068.117,0.0,0.0,0.0,0.0,2024.01.31 15:00:00
2024.01.31 15:00:00,entry,3,1,done at 2051.724,537,2051.724,2048.465,2061.501,0.24,78.22,15426.64,77.1332,2024.01.31 15:00:00
2024.02.01 02:00:00,occupied,1,1,one position per engine,0,0.0,0.0,0.0,0.0,0.0,0.0,0.0,2024.02.01 02:00:00
2024.02.01 15:00:00,occupied,1,1,one position per engine,0,0.0,0.0,0.0,0.0,0.0,0.0,0.0,2024.02.01 15:00:00
2024.02.01 17:00:00,entry,3,1,done at 2059.594,539,2059.594,2053.362,2078.29,0.13,81.01,15384.04,76.92020000000001,2024.02.01 17:00:00
2024.02.07 15:00:00,entry,3,1,done at 2042.592,542,2042.592,2039.756,2051.1,0.27,76.57,15101.98,75.5099,2024.02.07 15:00:00
2024.02.08 00:00:00,entry,1,1,done at 2036.622,544,2036.622,2026.736,2066.28,0.08,79.09,15023.92,75.1196,2024.02.08 00:00:00
2024.02.08 10:00:00,occupied,1,1,one position per engine,0,0.0,0.0,0.0,0.0,0.0,0.0,0.0,2024.02.08 10:00:00
2024.02.22 01:00:00,entry,1,1,done at 2026.560,546,2026.56,2017.832,2052.744,0.09,78.55,14944.33,74.72165,2024.02.22 01:00:00
2024.02.23 02:00:00,occupied,1,1,one position per engine,0,0.0,0.0,0.0,0.0,0.0,0.0,0.0,2024.02.23 02:00:00
2024.02.23 04:00:00,occupied,1,1,one position per engine,0,0.0,0.0,0.0,0.0,0.0,0.0,0.0,2024.02.23 04:00:00
2024.02.23 17:00:00,entry,3,1,done at 2038.500,548,2038.5,2034.764,2049.708,0.2,74.72,14860.29,74.30145,2024.02.23 17:00:00
2024.02.26 13:00:00,entry,1,1,done at 2032.904,550,2032.904,2023.971,2059.703,0.09,80.4,14744.03,73.72015,2024.02.26 13:00:00
2024.02.26 21:00:00,occupied,1,1,one position per engine,0,0.0,0.0,0.0,0.0,0.0,0.0,0.0,2024.02.26 21:00:00
2024.02.28 02:00:00,occupied,1,1,one position per engine,0,0.0,0.0,0.0,0.0,0.0,0.0,0.0,2024.02.28 02:00:00
2024.02.28 14:00:00,occupied,1,1,one position per engine,0,0.0,0.0,0.0,0.0,0.0,0.0,0.0,2024.02.28 14:00:00
2024.02.29 14:00:00,trail,1,1,closed H1 ratchet,550,2032.904,2032.904,2059.703,0.0,0.0,0.0,0.0,2024.02.29 14:00:00
2024.02.29 14:00:00,entry,3,1,done at 2047.727,551,2047.727,2044.648,2056.964,0.25,76.98,14851.75,74.25875,2024.02.29 14:00:00
2024.03.01 11:00:00,entry,3,1,done at 2054.953,553,2054.953,2051.653,2064.853,0.23,75.9,14833.16,74.1658,2024.03.01 11:00:00
2024.03.01 16:00:00,entry,1,1,done at 2069.373,556,2069.373,2054.885,2112.837,0.06,86.93,14799.88,73.9994,2024.03.01 16:00:00
2024.03.01 16:00:00,entry,3,1,done at 2069.373,557,2069.373,2064.543,2083.863,0.16,77.28,14798.8,73.994,2024.03.01 16:00:00
2024.03.01 17:00:00,trail,3,1,closed H1 ratchet,557,2069.373,2069.373,2083.863,0.0,0.0,0.0,0.0,2024.03.01 17:00:00
2024.03.01 17:00:00,occupied,3,1,one position per engine,0,0.0,0.0,0.0,0.0,0.0,0.0,0.0,2024.03.01 17:00:00
2024.03.04 14:00:00,trail,1,1,closed H1 ratchet,556,2069.373,2069.373,2112.837,0.0,0.0,0.0,0.0,2024.03.04 14:00:00
2024.03.04 14:00:00,entry,3,1,done at 2091.783,559,2091.783,2088.312,2102.196,0.22,76.37,15161.26,75.80630000000001,2024.03.04 14:00:00
2024.03.04 15:00:00,trail,3,1,closed H1 ratchet,559,2091.783,2091.783,2102.196,0.0,0.0,0.0,0.0,2024.03.04 15:00:00
2024.03.04 15:00:00,occupied,3,1,one position per engine,0,0.0,0.0,0.0,0.0,0.0,0.0,0.0,2024.03.04 15:00:00
2024.03.04 16:00:00,entry,3,1,done at 2109.040,561,2109.04,2105.019,2121.103,0.2,80.42,15493.05,77.46525,2024.03.04 16:00:00
2024.03.04 17:00:00,trail,3,1,closed H1 ratchet,561,2109.04,2109.04,2121.103,0.0,0.0,0.0,0.0,2024.03.04 17:00:00
2024.03.04 17:00:00,occupied,3,1,one position per engine,0,0.0,0.0,0.0,0.0,0.0,0.0,0.0,2024.03.04 17:00:00
2024.03.05 14:00:00,entry,3,1,done at 2127.933,564,2127.933,2122.978,2142.798,0.16,79.28,15746.18,78.7309,2024.03.05 14:00:00
2024.03.06 10:00:00,entry,1,1,done at 2128.738,565,2128.738,2113.412,2174.716,0.06,91.96,15747.62,78.7381,2024.03.06 10:00:00
2024.03.06 14:00:00,trail,3,1,closed H1 ratchet,564,2127.933,2127.933,2142.798,0.0,0.0,0.0,0.0,2024.03.06 14:00:00
2024.03.06 15:00:00,entry,3,1,done at 2144.943,567,2144.943,2140.626,2157.894,0.19,82.03,16071.0,80.355,2024.03.06 15:00:00
2024.03.07 04:00:00,trail,1,1,closed H1 ratchet,565,2128.738,2128.738,2174.716,0.0,0.0,0.0,0.0,2024.03.07 04:00:00
2024.03.11 14:00:00,entry,1,1,done at 2181.825,570,2181.825,2165.532,2230.704,0.05,81.47,16154.46,80.7723,2024.03.11 14:00:00
2024.03.14 11:00:00,entry,1,1,done at 2170.721,572,2170.721,2160.68,2200.844,0.09,90.37,16069.9,80.34949999999999,2024.03.14 11:00:00
2024.03.19 18:00:00,entry,1,1,done at 2157.012,574,2157.012,2144.853,2193.489,0.07,85.11,15978.92,79.8946,2024.03.19 18:00:00
2024.03.20 08:00:00,occupied,1,1,one position per engine,0,0.0,0.0,0.0,0.0,0.0,0.0,0.0,2024.03.20 08:00:00
2024.03.20 17:00:00,occupied,1,1,one position per engine,0,0.0,0.0,0.0,0.0,0.0,0.0,0.0,2024.03.20 17:00:00
2024.03.20 19:00:00,trail,1,1,closed H1 ratchet,574,2157.012,2157.012,2193.489,0.0,0.0,0.0,0.0,2024.03.20 19:00:00
2024.03.20 19:00:00,entry,2,1,done at 2182.210,575,2182.21,2177.569,2186.851,0.18,83.54,16150.31,80.75155,2024.03.20 19:00:00
2024.03.20 19:00:00,entry,3,1,done at 2182.210,576,2182.21,2177.569,2196.133,0.18,83.54,16147.09,80.73545,2024.03.20 19:00:00
2024.03.20 23:00:00,entry,3,1,done at 2200.581,580,2200.581,2194.309,2219.397,0.14,87.8,16563.51,82.81755,2024.03.20 23:00:00
2024.03.22 14:00:00,entry,1,1,done at 2178.287,582,2178.287,2163.812,2221.712,0.06,86.85,16452.2,82.26100000000001,2024.03.22 14:00:00
2024.03.25 02:00:00,entry,1,1,done at 2175.270,584,2175.27,2157.617,2228.229,0.05,88.26,16365.0,81.825,2024.03.25 02:00:00
2024.03.25 12:00:00,occupied,1,1,one position per engine,0,0.0,0.0,0.0,0.0,0.0,0.0,0.0,2024.03.25 12:00:00
2024.03.26 05:00:00,occupied,1,1,one position per engine,0,0.0,0.0,0.0,0.0,0.0,0.0,0.0,2024.03.26 05:00:00
2024.03.26 10:00:00,entry,3,1,done at 2191.008,585,2191.008,2186.807,2203.611,0.2,84.02,16440.12,82.2006,2024.03.26 10:00:00
2024.03.26 11:00:00,trail,3,1,closed H1 ratchet,585,2191.008,2191.008,2203.611,0.0,0.0,0.0,0.0,2024.03.26 11:00:00
2024.03.26 11:00:00,occupied,3,1,one position per engine,0,0.0,0.0,0.0,0.0,0.0,0.0,0.0,2024.03.26 11:00:00
2024.03.27 00:00:00,occupied,1,1,one position per engine,0,0.0,0.0,0.0,0.0,0.0,0.0,0.0,2024.03.27 00:00:00
2024.03.27 05:00:00,occupied,1,1,one position per engine,0,0.0,0.0,0.0,0.0,0.0,0.0,0.0,2024.03.27 05:00:00
2024.03.27 08:00:00,occupied,1,1,one position per engine,0,0.0,0.0,0.0,0.0,0.0,0.0,0.0,2024.03.27 08:00:00
2024.03.27 10:00:00,occupied,1,1,one position per engine,0,0.0,0.0,0.0,0.0,0.0,0.0,0.0,2024.03.27 10:00:00
2024.03.28 11:00:00,trail,1,1,closed H1 ratchet,584,2175.27,2175.27,2228.229,0.0,0.0,0.0,0.0,2024.03.28 11:00:00
2024.03.28 11:00:00,entry,3,1,done at 2212.280,587,2212.28,2207.361,2227.037,0.17,83.62,16534.61,82.67305,2024.03.28 11:00:00
2024.03.28 13:00:00,entry,3,1,done at 2215.784,589,2215.784,2210.553,2231.477,0.16,83.69,16466.96,82.3348,2024.03.28 13:00:00
2024.03.31 22:05:00,entry,3,1,done at 2240.027,592,2240.027,2232.448,2262.764,0.11,83.37,16445.16,82.22579999999999,2024.03.31 22:00:00
2024.04.01 02:00:00,trail,3,1,closed H1 ratchet,592,2240.027,2240.027,2262.764,0.0,0.0,0.0,0.0,2024.04.01 02:00:00
2024.04.01 20:00:00,entry,1,1,done at 2244.775,594,2244.775,2221.473,2314.681,0.04,93.21,16694.68,83.4734,2024.04.01 20:00:00
2024.04.02 22:01:00,trail,1,1,closed H1 ratchet,594,2244.775,2244.775,2314.681,0.0,0.0,0.0,0.0,2024.04.02 22:00:00
2024.04.03 17:00:00,entry,3,1,done at 2293.896,595,2293.896,2286.901,2314.882,0.13,90.94,16886.16,84.4308,2024.04.03 17:00:00
2024.04.05 08:00:00,occupied,1,1,one position per engine,0,0.0,0.0,0.0,0.0,0.0,0.0,0.0,2024.04.05 08:00:00
2024.04.05 15:00:00,entry,3,1,done at 2317.795,598,2317.795,2307.924,2347.408,0.09,88.84,16848.53,84.24265,2024.04.05 15:00:00
2024.04.08 02:00:00,entry,1,1,done at 2324.360,600,2324.36,2292.308,2420.516,0.03,96.16,16754.12,83.7706,2024.04.08 02:00:00
2024.04.08 03:00:00,entry,3,1,done at 2348.246,601,2348.246,2336.183,2384.435,0.07,84.44,16825.23,84.12615,2024.04.08 03:00:00
2024.04.09 18:00:00,occupied,1,1,one position per engine,0,0.0,0.0,0.0,0.0,0.0,0.0,0.0,2024.04.09 18:00:00
2024.04.11 13:00:00,occupied,1,1,one position per engine,0,0.0,0.0,0.0,0.0,0.0,0.0,0.0,2024.04.11 13:00:00
2024.04.11 20:00:00,trail,1,1,closed H1 ratchet,600,2324.36,2324.36,2420.516,0.0,0.0,0.0,0.0,2024.04.11 20:00:00
2024.04.12 15:00:00,entry,3,1,done at 2426.718,604,2426.718,2417.931,2453.079,0.1,87.87,16947.95,84.73975,2024.04.12 15:00:00
2024.04.15 18:00:00,entry,1,1,done at 2365.539,606,2365.539,2329.974,2472.234,0.03,106.7,16859.4,84.29700000000001,2024.04.15 18:00:00
2024.04.15 20:00:00,entry,2,1,done at 2386.532,607,2386.532,2375.167,2397.897,0.08,90.92,16921.83,84.60915000000001,2024.04.15 20:00:00
2024.04.16 12:00:00,occupied,1,1,one position per engine,0,0.0,0.0,0.0,0.0,0.0,0.0,0.0,2024.04.16 12:00:00
2024.04.16 15:00:00,occupied,1,1,one position per engine,0,0.0,0.0,0.0,0.0,0.0,0.0,0.0,2024.04.16 15:00:00
2024.04.18 06:00:00,occupied,1,1,one position per engine,0,0.0,0.0,0.0,0.0,0.0,0.0,0.0,2024.04.18 06:00:00
2024.04.19 02:00:00,occupied,1,1,one position per engine,0,0.0,0.0,0.0,0.0,0.0,0.0,0.0,2024.04.19 02:00:00
2024.04.19 02:00:00,entry,3,1,done at 2409.605,609,2409.605,2401.508,2433.896,0.11,89.07,16885.76,84.4288,2024.04.19 02:00:00
2024.04.19 07:00:00,occupied,1,1,one position per engine,0,0.0,0.0,0.0,0.0,0.0,0.0,0.0,2024.04.19 07:00:00
2024.04.19 15:00:00,occupied,1,1,one position per engine,0,0.0,0.0,0.0,0.0,0.0,0.0,0.0,2024.04.19 15:00:00
2024.04.21 22:05:00,occupied,1,1,one position per engine,0,0.0,0.0,0.0,0.0,0.0,0.0,0.0,2024.04.21 22:00:00
2024.05.09 13:00:00,entry,2,1,done at 2326.808,612,2326.808,2322.212,2331.404,0.19,87.32,16555.92,82.77959999999999,2024.05.09 13:00:00
2024.05.09 13:00:00,entry,3,1,done at 2326.808,613,2326.808,2322.212,2340.596,0.19,87.32,16552.5,82.7625,2024.05.09 13:00:00
2024.05.09 15:00:00,entry,3,1,done at 2333.519,616,2333.519,2327.863,2350.487,0.15,84.84,16378.64,81.8932,2024.05.09 15:00:00
2024.05.09 20:00:00,trail,3,1,closed H1 ratchet,616,2333.519,2333.519,2350.487,0.0,0.0,0.0,0.0,2024.05.09 20:00:00
2024.05.14 09:00:00,entry,1,1,done at 2343.904,618,2343.904,2329.998,2385.622,0.06,83.43,16624.31,83.12155000000001,2024.05.14 09:00:00
2024.05.15 09:00:00,trail,1,1,closed H1 ratchet,618,2343.904,2343.904,2385.622,0.0,0.0,0.0,0.0,2024.05.15 09:00:00
2024.05.15 09:00:00,entry,3,1,done at 2373.292,619,2373.292,2367.835,2389.663,0.16,87.31,16796.35,83.98174999999999,2024.05.15 09:00:00
2024.05.15 15:00:00,occupied,1,1,one position per engine,0,0.0,0.0,0.0,0.0,0.0,0.0,0.0,2024.05.15 15:00:00
2024.05.17 06:00:00,entry,1,1,done at 2381.444,622,2381.444,2367.277,2423.945,0.06,85.0,16782.7,83.9135,2024.05.17 06:00:00
2024.05.17 14:00:00,entry,3,1,done at 2401.766,623,2401.766,2397.333,2415.065,0.2,88.66,16903.56,84.51780000000001,2024.05.17 14:00:00
2024.05.17 15:00:00,trail,1,1,closed H1 ratchet,622,2381.444,2381.444,2423.945,0.0,0.0,0.0,0.0,2024.05.17 15:00:00
2024.05.17 15:00:00,entry,3,1,done at 2413.499,625,2413.499,2408.361,2428.913,0.17,87.34,17238.87,86.19435,2024.05.17 15:00:00
2024.05.20 02:00:00,entry,3,1,done at 2434.737,628,2434.737,2426.615,2459.103,0.11,89.34,17218.19,86.09094999999999,2024.05.20 02:00:00
2024.05.20 06:00:00,trail,3,1,closed H1 ratchet,628,2434.737,2434.737,2459.103,0.0,0.0,0.0,0.0,2024.05.20 06:00:00
2024.05.20 17:00:00,entry,1,1,done at 2426.695,630,2426.695,2396.553,2517.121,0.03,90.43,17217.12,86.0856,2024.05.20 17:00:00
2024.05.20 23:00:00,occupied,1,1,one position per engine,0,0.0,0.0,0.0,0.0,0.0,0.0,0.0,2024.05.20 23:00:00
2024.05.21 12:00:00,occupied,1,1,one position per engine,0,0.0,0.0,0.0,0.0,0.0,0.0,0.0,2024.05.21 12:00:00
2024.05.21 20:00:00,occupied,1,1,one position per engine,0,0.0,0.0,0.0,0.0,0.0,0.0,0.0,2024.05.21 20:00:00
2024.06.03 17:00:00,entry,2,1,done at 2349.242,632,2349.242,2343.092,2355.392,0.14,86.1,17123.3,85.6165,2024.06.03 17:00:00
2024.06.06 02:00:00,entry,3,1,done at 2367.572,634,2367.572,2361.49,2385.818,0.14,85.15,17028.74,85.14370000000001,2024.06.06 02:00:00
2024.06.12 13:00:00,entry,2,1,done at 2336.040,636,2336.04,2331.315,2340.765,0.18,85.05,16942.74,84.7137,2024.06.12 13:00:00
2024.06.12 13:00:00,entry,3,1,done at 2336.040,637,2336.04,2331.315,2350.215,0.18,85.05,16939.5,84.6975,2024.06.12 13:00:00
2024.06.20 02:00:00,entry,3,1,done at 2336.454,640,2336.454,2332.828,2347.332,0.24,87.03,16940.75,84.70375,2024.06.20 02:00:00
2024.06.20 14:00:00,entry,3,1,done at 2349.430,642,2349.43,2344.352,2364.664,0.17,86.33,16851.06,84.2553,2024.06.20 14:00:00
2024.06.20 15:00:00,entry,3,1,done at 2364.213,644,2364.213,2358.567,2381.151,0.16,90.34,17109.2,85.546,2024.06.20 15:00:00
2024.06.27 14:00:00,entry,2,1,done at 2323.382,646,2323.382,2319.592,2327.172,0.23,87.17,17017.9,85.0895,2024.06.27 14:00:00
2024.06.28 16:00:00,entry,1,1,done at 2328.804,648,2328.804,2313.299,2375.319,0.06,93.03,17103.96,85.51979999999999,2024.06.28 16:00:00
2024.07.01 02:00:00,occupied,1,1,one position per engine,0,0.0,0.0,0.0,0.0,0.0,0.0,0.0,2024.07.01 02:00:00
2024.07.01 16:00:00,occupied,1,1,one position per engine,0,0.0,0.0,0.0,0.0,0.0,0.0,0.0,2024.07.01 16:00:00
2024.07.02 06:00:00,occupied,1,1,one position per engine,0,0.0,0.0,0.0,0.0,0.0,0.0,0.0,2024.07.02 06:00:00
2024.07.02 14:00:00,occupied,1,1,one position per engine,0,0.0,0.0,0.0,0.0,0.0,0.0,0.0,2024.07.02 14:00:00
2024.07.02 19:00:00,occupied,1,1,one position per engine,0,0.0,0.0,0.0,0.0,0.0,0.0,0.0,2024.07.02 19:00:00
2024.07.03 13:00:00,entry,3,1,done at 2350.588,649,2350.588,2346.159,2363.875,0.2,88.58,17223.96,86.1198,2024.07.03 13:00:00
2024.07.03 14:00:00,trail,1,1,closed H1 ratchet,648,2328.804,2328.804,2375.319,0.0,0.0,0.0,0.0,2024.07.03 14:00:00
2024.07.05 13:00:00,entry,3,1,done at 2372.267,652,2372.267,2367.616,2386.22,0.19,88.37,17625.07,88.12535,2024.07.05 13:00:00
2024.07.05 14:00:00,trail,3,1,closed H1 ratchet,652,2372.267,2372.267,2386.22,0.0,0.0,0.0,0.0,2024.07.05 14:00:00
2024.07.05 14:00:00,occupied,3,1,one position per engine,0,0.0,0.0,0.0,0.0,0.0,0.0,0.0,2024.07.05 14:00:00
2024.07.09 04:00:00,entry,1,1,done at 2367.781,654,2367.781,2351.085,2417.869,0.06,100.18,17889.43,89.44715000000001,2024.07.09 04:00:00
2024.07.09 14:00:00,occupied,1,1,one position per engine,0,0.0,0.0,0.0,0.0,0.0,0.0,0.0,2024.07.09 14:00:00
2024.07.09 19:00:00,entry,1,1,done at 2364.660,656,2364.66,2347.721,2415.477,0.06,101.63,17788.81,88.94405,2024.07.09 19:00:00
2024.07.10 23:00:00,occupied,1,1,one position per engine,0,0.0,0.0,0.0,0.0,0.0,0.0,0.0,2024.07.10 23:00:00
2024.07.11 13:00:00,trail,1,1,closed H1 ratchet,656,2364.66,2364.66,2415.477,0.0,0.0,0.0,0.0,2024.07.11 13:00:00
2024.07.11 13:00:00,entry,3,1,done at 2406.423,657,2406.423,2401.589,2420.925,0.19,91.85,18025.47,90.12735,2024.07.11 13:00:00
2024.07.11 15:00:00,entry,3,1,done at 2417.836,660,2417.836,2412.102,2435.038,0.16,91.75,17987.28,89.93639999999999,2024.07.11 15:00:00
2024.07.15 09:00:00,entry,1,1,done at 2412.123,662,2412.123,2396.922,2457.726,0.06,91.21,17894.49,89.47245000000001,2024.07.15 09:00:00
2024.07.15 15:00:00,entry,3,1,done at 2431.650,663,2431.65,2426.523,2447.031,0.18,92.29,18010.65,90.05325,2024.07.15 15:00:00
2024.07.16 08:00:00,trail,1,1,closed H1 ratchet,662,2412.123,2412.123,2457.726,0.0,0.0,0.0,0.0,2024.07.16 08:00:00
2024.07.16 15:00:00,entry,3,1,done at 2452.133,665,2452.133,2446.131,2470.139,0.16,96.03,18037.01,90.18504999999999,2024.07.16 15:00:00
2024.07.16 16:00:00,trail,3,1,closed H1 ratchet,665,2452.133,2452.133,2470.139,0.0,0.0,0.0,0.0,2024.07.16 16:00:00
2024.07.16 16:00:00,occupied,3,1,one position per engine,0,0.0,0.0,0.0,0.0,0.0,0.0,0.0,2024.07.16 16:00:00
2024.07.18 02:00:00,entry,1,1,done at 2462.573,668,2462.573,2440.52,2528.732,0.05,110.27,18350.34,91.7517,2024.07.18 02:00:00
2024.07.24 15:00:00,entry,3,1,done at 2430.599,670,2430.599,2425.126,2447.018,0.17,93.04,18239.71,91.19855,2024.07.24 15:00:00
2024.07.30 18:00:00,entry,3,1,done at 2405.880,672,2405.88,2400.285,2422.665,0.17,95.11,18145.63,90.72815,2024.07.30 18:00:00
2024.07.31 04:00:00,trail,3,1,closed H1 ratchet,672,2405.88,2405.88,2422.665,0.0,0.0,0.0,0.0,2024.07.31 04:00:00
2024.07.31 04:00:00,occupied,3,1,one position per engine,0,0.0,0.0,0.0,0.0,0.0,0.0,0.0,2024.07.31 04:00:00
2024.07.31 19:00:00,entry,3,1,done at 2433.716,674,2433.716,2427.227,2453.183,0.15,97.33,18421.06,92.1053,2024.07.31 19:00:00
2024.07.31 20:00:00,trail,3,1,closed H1 ratchet,674,2433.716,2433.716,2453.183,0.0,0.0,0.0,0.0,2024.07.31 20:00:00
2024.07.31 20:00:00,occupied,3,1,one position per engine,0,0.0,0.0,0.0,0.0,0.0,0.0,0.0,2024.07.31 20:00:00
2024.08.01 12:00:00,entry,1,1,done at 2440.868,676,2440.868,2419.938,2503.658,0.05,104.65,18688.33,93.44165000000001,2024.08.01 12:00:00
2024.08.01 20:00:00,occupied,1,1,one position per engine,0,0.0,0.0,0.0,0.0,0.0,0.0,0.0,2024.08.01 20:00:00
2024.08.02 13:00:00,trail,1,1,closed H1 ratchet,676,2440.868,2440.868,2503.658,0.0,0.0,0.0,0.0,2024.08.02 13:00:00
2024.08.02 13:00:00,entry,3,1,done at 2472.974,677,2472.974,2465.527,2495.315,0.13,96.81,18845.35,94.22675,2024.08.02 13:00:00
2024.08.08 12:00:00,entry,2,1,done at 2412.298,680,2412.298,2406.054,2418.542,0.15,93.66,18587.68,92.9384,2024.08.08 12:00:00
2024.08.12 04:00:00,entry,1,1,done at 2428.660,682,2428.66,2411.804,2479.228,0.06,101.14,18493.13,92.46565000000001,2024.08.12 04:00:00
2024.08.12 14:00:00,trail,1,1,closed H1 ratchet,682,2428.66,2428.66,2479.228,0.0,0.0,0.0,0.0,2024.08.12 14:00:00
2024.08.12 14:00:00,entry,3,1,done at 2454.282,683,2454.282,2449.39,2468.958,0.2,97.84,18645.86,93.22930000000001,2024.08.12 14:00:00
2024.08.14 07:00:00,occupied,1,1,one position per engine,0,0.0,0.0,0.0,0.0,0.0,0.0,0.0,2024.08.14 07:00:00
2024.08.15 07:00:00,entry,1,1,done at 2456.134,686,2456.134,2436.707,2514.415,0.05,97.13,18691.04,93.4552,2024.08.15 07:00:00
2024.08.15 16:00:00,entry,1,1,done at 2458.575,688,2458.575,2438.974,2517.378,0.05,98.01,18593.61,92.96805,2024.08.15 16:00:00
2024.08.16 06:00:00,occupied,1,1,one position per engine,0,0.0,0.0,0.0,0.0,0.0,0.0,0.0,2024.08.16 06:00:00
2024.08.16 08:00:00,occupied,1,1,one position per engine,0,0.0,0.0,0.0,0.0,0.0,0.0,0.0,2024.08.16 08:00:00
2024.08.16 13:00:00,trail,1,1,closed H1 ratchet,688,2458.575,2458.575,2517.378,0.0,0.0,0.0,0.0,2024.08.16 13:00:00
2024.08.16 13:00:00,entry,3,1,done at 2491.774,689,2491.774,2486.353,2508.037,0.18,97.58,18756.13,93.78065000000001,2024.08.16 13:00:00
2024.08.16 14:00:00,entry,3,1,done at 2494.893,691,2494.893,2488.87,2512.962,0.16,96.37,18672.97,93.36485,2024.08.16 14:00:00
2024.08.20 07:00:00,occupied,1,1,one position per engine,0,0.0,0.0,0.0,0.0,0.0,0.0,0.0,2024.08.20 07:00:00
2024.08.20 08:00:00,entry,3,1,done at 2515.051,693,2515.051,2509.373,2532.085,0.17,96.53,18669.99,93.34995,2024.08.20 08:00:00
2024.08.20 12:00:00,trail,3,1,closed H1 ratchet,693,2515.051,2515.051,2532.085,0.0,0.0,0.0,0.0,2024.08.20 12:00:00
2024.08.20 14:00:00,occupied,3,1,one position per engine,0,0.0,0.0,0.0,0.0,0.0,0.0,0.0,2024.08.20 14:00:00
2024.08.20 19:00:00,entry,1,1,done at 2513.474,696,2513.474,2492.069,2577.689,0.05,107.02,18681.21,93.40605,2024.08.20 19:00:00
2024.08.21 01:00:00,occupied,1,1,one position per engine,0,0.0,0.0,0.0,0.0,0.0,0.0,0.0,2024.08.21 01:00:00
2024.08.21 19:00:00,occupied,1,1,one position per engine,0,0.0,0.0,0.0,0.0,0.0,0.0,0.0,2024.08.21 19:00:00
2024.08.23 15:00:00,entry,2,1,done at 2509.311,698,2509.311,2504.215,2514.407,0.19,96.82,18563.09,92.81545,2024.08.23 15:00:00
2024.08.26 17:00:00,entry,1,1,done at 2520.297,700,2520.297,2505.429,2564.901,0.07,104.08,18658.86,93.2943,2024.08.26 17:00:00
2024.08.27 07:00:00,occupied,1,1,one position per engine,0,0.0,0.0,0.0,0.0,0.0,0.0,0.0,2024.08.27 07:00:00
2024.08.27 17:00:00,entry,1,1,done at 2514.617,702,2514.617,2497.328,2566.484,0.06,103.73,18550.49,92.75245000000001,2024.08.27 17:00:00
2024.08.30 07:00:00,entry,1,1,done at 2517.879,704,2517.879,2500.745,2569.281,0.06,102.8,18443.12,92.2156,2024.08.30 07:00:00
2024.09.02 09:00:00,entry,1,1,done at 2506.351,706,2506.351,2488.247,2560.663,0.06,108.63,18339.93,91.69965,2024.09.02 09:00:00
2024.09.05 09:00:00,entry,3,1,done at 2514.853,708,2514.853,2509.73,2530.222,0.18,92.21,18227.69,91.13844999999999,2024.09.05 09:00:00
2024.09.10 10:00:00,entry,1,1,done at 2506.199,710,2506.199,2493.568,2544.092,0.08,101.05,18134.33,90.67165000000001,2024.09.10 10:00:00
2024.09.11 07:00:00,trail,1,1,closed H1 ratchet,710,2506.199,2506.199,2544.092,0.0,0.0,0.0,0.0,2024.09.11 07:00:00
2024.09.12 04:00:00,entry,1,1,done at 2516.016,712,2516.016,2499.75,2564.814,0.06,97.6,18129.6,90.648,2024.09.12 04:00:00
2024.09.12 12:00:00,occupied,1,1,one position per engine,0,0.0,0.0,0.0,0.0,0.0,0.0,0.0,2024.09.12 12:00:00
2024.09.12 14:00:00,trail,1,1,closed H1 ratchet,712,2516.016,2516.016,2564.814,0.0,0.0,0.0,0.0,2024.09.12 14:00:00
2024.09.12 14:00:00,entry,3,1,done at 2545.495,713,2545.495,2539.805,2562.565,0.17,96.73,18305.47,91.52735000000001,2024.09.12 14:00:00
2024.09.12 15:00:00,occupied,3,1,one position per engine,0,0.0,0.0,0.0,0.0,0.0,0.0,0.0,2024.09.12 15:00:00
2024.09.12 18:00:00,trail,3,1,closed H1 ratchet,713,2545.495,2545.495,2562.565,0.0,0.0,0.0,0.0,2024.09.12 18:00:00
2024.09.16 17:00:00,entry,1,1,done at 2583.736,716,2583.736,2568.057,2630.773,0.06,94.08,18699.33,93.49665,2024.09.16 17:00:00
2024.09.16 20:00:00,occupied,1,1,one position per engine,0,0.0,0.0,0.0,0.0,0.0,0.0,0.0,2024.09.16 20:00:00
2024.09.17 07:00:00,occupied,1,1,one position per engine,0,0.0,0.0,0.0,0.0,0.0,0.0,0.0,2024.09.17 07:00:00
2024.09.18 11:00:00,entry,1,1,done at 2576.269,718,2576.269,2560.473,2623.657,0.06,94.77,18601.69,93.00845,2024.09.18 11:00:00
2024.09.18 17:00:00,occupied,1,1,one position per engine,0,0.0,0.0,0.0,0.0,0.0,0.0,0.0,2024.09.18 17:00:00
2024.09.18 19:00:00,occupied,1,1,one position per engine,0,0.0,0.0,0.0,0.0,0.0,0.0,0.0,2024.09.18 19:00:00
2024.09.19 06:00:00,entry,1,1,done at 2574.686,720,2574.686,2546.914,2658.002,0.04,111.08,18506.55,92.53275,2024.09.19 06:00:00
2024.09.19 15:00:00,occupied,1,1,one position per engine,0,0.0,0.0,0.0,0.0,0.0,0.0,0.0,2024.09.19 15:00:00
2024.09.20 07:00:00,entry,3,1,done at 2605.611,721,2605.611,2599.496,2623.956,0.16,97.84,18627.45,93.13725000000001,2024.09.20 07:00:00
2024.09.20 13:00:00,trail,3,1,closed H1 ratchet,721,2605.611,2605.611,2623.956,0.0,0.0,0.0,0.0,2024.09.20 13:00:00
2024.09.20 16:00:00,trail,1,1,closed H1 ratchet,720,2574.686,2574.686,2658.002,0.0,0.0,0.0,0.0,2024.09.20 16:00:00
2024.09.20 16:00:00,entry,3,1,done at 2622.897,723,2622.897,2616.783,2641.239,0.16,97.82,18695.59,93.47795,2024.09.20 16:00:00
2024.09.24 07:00:00,occupied,1,1,one position per engine,0,0.0,0.0,0.0,0.0,0.0,0.0,0.0,2024.09.24 07:00:00
2024.09.24 13:00:00,occupied,1,1,one position per engine,0,0.0,0.0,0.0,0.0,0.0,0.0,0.0,2024.09.24 13:00:00
2024.09.24 15:00:00,entry,3,1,done at 2643.782,725,2643.782,2638.014,2661.086,0.17,98.05,18667.48,93.3374,2024.09.24 15:00:00
2024.09.24 17:00:00,trail,3,1,closed H1 ratchet,725,2643.782,2643.782,2661.086,0.0,0.0,0.0,0.0,2024.09.24 17:00:00
2024.09.24 17:00:00,occupied,3,1,one position per engine,0,0.0,0.0,0.0,0.0,0.0,0.0,0.0,2024.09.24 17:00:00
2024.09.25 18:00:00,entry,1,1,done at 2660.777,728,2660.777,2641.553,2718.449,0.05,96.12,19018.25,95.09125,2024.09.25 18:00:00
2024.09.26 12:00:00,entry,3,1,done at 2682.933,729,2682.933,2677.582,2698.986,0.18,96.31,19120.17,95.60085,2024.09.26 12:00:00
2024.09.26 15:00:00,occupied,1,1,one position per engine,0,0.0,0.0,0.0,0.0,0.0,0.0,0.0,2024.09.26 15:00:00
2024.09.27 13:00:00,occupied,1,1,one position per engine,0,0.0,0.0,0.0,0.0,0.0,0.0,0.0,2024.09.27 13:00:00
2024.09.29 23:00:00,occupied,1,1,one position per engine,0,0.0,0.0,0.0,0.0,0.0,0.0,0.0,2024.09.29 23:00:00
2024.10.01 06:00:00,entry,1,1,done at 2643.148,732,2643.148,2624.146,2700.154,0.05,95.01,18810.86,94.0543,2024.10.01 06:00:00
2024.10.01 14:00:00,entry,2,1,done at 2668.654,733,2668.654,2663.01,2674.298,0.17,95.95,18937.55,94.68775,2024.10.01 14:00:00
2024.10.02 19:00:00,occupied,1,1,one position per engine,0,0.0,0.0,0.0,0.0,0.0,0.0,0.0,2024.10.02 19:00:00
2024.10.03 17:00:00,occupied,1,1,one position per engine,0,0.0,0.0,0.0,0.0,0.0,0.0,0.0,2024.10.03 17:00:00
2024.10.08 02:00:00,occupied,1,1,one position per engine,0,0.0,0.0,0.0,0.0,0.0,0.0,0.0,2024.10.08 02:00:00
2024.10.14 20:00:00,entry,1,1,done at 2652.573,736,2652.573,2634.497,2706.801,0.06,108.46,18599.85,92.99924999999999,2024.10.14 20:00:00
2024.10.15 03:00:00,occupied,1,1,one position per engine,0,0.0,0.0,0.0,0.0,0.0,0.0,0.0,2024.10.15 03:00:00
2024.10.15 08:00:00,occupied,1,1,one position per engine,0,0.0,0.0,0.0,0.0,0.0,0.0,0.0,2024.10.15 08:00:00
2024.10.15 15:00:00,occupied,1,1,one position per engine,0,0.0,0.0,0.0,0.0,0.0,0.0,0.0,2024.10.15 15:00:00
2024.10.16 10:00:00,trail,1,1,closed H1 ratchet,736,2652.573,2652.573,2706.801,0.0,0.0,0.0,0.0,2024.10.16 10:00:00
2024.10.17 15:00:00,entry,3,1,done at 2695.738,737,2695.738,2690.063,2712.763,0.17,96.48,18841.79,94.20895,2024.10.17 15:00:00
2024.10.18 02:00:00,entry,3,1,done at 2704.665,740,2704.665,2698.256,2723.892,0.15,96.14,18808.14,94.0407,2024.10.18 02:00:00
2024.10.18 15:00:00,trail,3,1,closed H1 ratchet,740,2704.665,2704.665,2723.892,0.0,0.0,0.0,0.0,2024.10.18 15:00:00
2024.10.22 01:00:00,entry,1,1,done at 2725.001,742,2725.001,2706.533,2780.405,0.06,110.81,19088.19,95.44094999999999,2024.10.22 01:00:00
2024.10.23 08:00:00,trail,1,1,closed H1 ratchet,742,2725.001,2725.001,2780.405,0.0,0.0,0.0,0.0,2024.10.23 08:00:00
2024.10.24 17:00:00,entry,1,1,done at 2733.676,744,2733.676,2716.259,2785.927,0.06,104.51,19084.59,95.42295,2024.10.24 17:00:00
2024.10.25 13:00:00,occupied,1,1,one position per engine,0,0.0,0.0,0.0,0.0,0.0,0.0,0.0,2024.10.25 13:00:00
2024.10.25 15:00:00,occupied,1,1,one position per engine,0,0.0,0.0,0.0,0.0,0.0,0.0,0.0,2024.10.25 15:00:00
2024.10.28 00:00:00,occupied,1,1,one position per engine,0,0.0,0.0,0.0,0.0,0.0,0.0,0.0,2024.10.28 00:00:00
2024.10.28 06:00:00,occupied,1,1,one position per engine,0,0.0,0.0,0.0,0.0,0.0,0.0,0.0,2024.10.28 06:00:00
2024.10.28 13:00:00,occupied,1,1,one position per engine,0,0.0,0.0,0.0,0.0,0.0,0.0,0.0,2024.10.28 13:00:00
2024.10.29 14:00:00,trail,1,1,closed H1 ratchet,744,2733.676,2733.676,2785.927,0.0,0.0,0.0,0.0,2024.10.29 14:00:00
2024.10.29 14:00:00,entry,3,1,done at 2760.947,745,2760.947,2755.286,2777.93,0.17,96.24,19237.58,96.18790000000001,2024.10.29 14:00:00
2024.10.29 15:00:00,trail,3,1,closed H1 ratchet,745,2760.947,2760.947,2777.93,0.0,0.0,0.0,0.0,2024.10.29 15:00:00
2024.11.18 03:00:00,entry,2,1,done at 2591.162,748,2591.162,2582.632,2599.692,0.12,102.36,19384.04,96.92020000000001,2024.11.18 03:00:00
2024.11.20 13:00:00,entry,1,1,done at 2631.887,750,2631.887,2616.834,2677.046,0.07,105.37,19280.78,96.4039,2024.11.20 13:00:00
2024.11.20 15:00:00,entry,3,1,done at 2643.263,751,2643.263,2637.846,2659.514,0.18,97.5,19359.24,96.79620000000001,2024.11.20 15:00:00
2024.11.20 18:00:00,trail,3,1,closed H1 ratchet,751,2643.263,2643.263,2659.514,0.0,0.0,0.0,0.0,2024.11.20 18:00:00
2024.11.21 01:00:00,trail,1,1,closed H1 ratchet,750,2631.887,2631.887,2677.046,0.0,0.0,0.0,0.0,2024.11.21 01:00:00
2024.11.22 10:00:00,entry,3,1,done at 2703.494,754,2703.494,2696.37,2724.866,0.14,99.74,19844.45,99.22225,2024.11.22 10:00:00
2024.11.25 12:00:00,entry,1,1,done at 2686.941,756,2686.941,2655.576,2781.036,0.04,125.46,19743.9,98.71950000000001,2024.11.25 12:00:00
2024.11.29 03:00:00,entry,2,1,done at 2657.620,758,2657.62,2651.463,2663.777,0.16,98.51,19618.16,98.0908,2024.11.29 03:00:00
2024.12.05 06:00:00,entry,1,1,done at 2653.295,760,2653.295,2634.931,2708.387,0.06,110.18,19716.1,98.58049999999999,2024.12.05 06:00:00
2024.12.05 11:00:00,occupied,1,1,one position per engine,0,0.0,0.0,0.0,0.0,0.0,0.0,0.0,2024.12.05 11:00:00
2024.12.10 15:00:00,entry,3,1,done at 2689.053,762,2689.053,2683.029,2707.125,0.17,102.41,19605.53,98.02765,2024.12.10 15:00:00
2024.12.11 01:00:00,trail,3,1,closed H1 ratchet,762,2689.053,2689.053,2707.125,0.0,0.0,0.0,0.0,2024.12.11 01:00:00
2024.12.12 04:00:00,entry,1,1,done at 2710.644,764,2710.644,2687.371,2780.463,0.05,116.36,19594.86,97.9743,2024.12.12 04:00:00
2024.12.26 16:00:00,entry,3,1,done at 2636.663,766,2636.663,2632.097,2650.361,0.22,100.46,19477.85,97.38924999999999,2024.12.26 16:00:00
2025.01.02 11:00:00,entry,3,1,done at 2642.837,768,2642.837,2637.369,2659.241,0.18,98.43,19375.92,96.8796,2025.01.02 11:00:00
2025.01.02 15:00:00,entry,3,1,done at 2647.627,770,2647.627,2642.029,2664.421,0.18,100.77,19276.05,96.38024999999999,2025.01.02 15:00:00
2025.01.02 17:00:00,trail,3,1,closed H1 ratchet,770,2647.627,2647.627,2664.421,0.0,0.0,0.0,0.0,2025.01.02 17:00:00
2025.01.06 12:00:00,entry,1,1,done at 2645.700,772,2645.7,2628.226,2698.122,0.06,104.84,19567.75,97.83875,2025.01.06 12:00:00
2025.01.06 17:00:00,entry,1,1,done at 2640.863,774,2640.863,2616.326,2714.474,0.04,98.15,19462.46,97.3123,2025.01.06 17:00:00
2025.01.07 02:00:00,occupied,1,1,one position per engine,0,0.0,0.0,0.0,0.0,0.0,0.0,0.0,2025.01.07 02:00:00
2025.01.08 06:00:00,occupied,1,1,one position per engine,0,0.0,0.0,0.0,0.0,0.0,0.0,0.0,2025.01.08 06:00:00
2025.01.08 20:00:00,occupied,1,1,one position per engine,0,0.0,0.0,0.0,0.0,0.0,0.0,0.0,2025.01.08 20:00:00
2025.01.10 07:00:00,trail,1,1,closed H1 ratchet,774,2640.863,2640.863,2714.474,0.0,0.0,0.0,0.0,2025.01.10 07:00:00
2025.01.10 15:00:00,entry,3,1,done at 2687.991,775,2687.991,2682.942,2703.138,0.2,100.98,19637.47,98.18735000000001,2025.01.10 15:00:00
2025.01.13 09:00:00,occupied,1,1,one position per engine,0,0.0,0.0,0.0,0.0,0.0,0.0,0.0,2025.01.13 09:00:00
2025.01.14 05:00:00,occupied,1,1,one position per engine,0,0.0,0.0,0.0,0.0,0.0,0.0,0.0,2025.01.14 05:00:00
2025.01.14 16:00:00,occupied,1,1,one position per engine,0,0.0,0.0,0.0,0.0,0.0,0.0,0.0,2025.01.14 16:00:00
2025.01.14 19:00:00,occupied,1,1,one position per engine,0,0.0,0.0,0.0,0.0,0.0,0.0,0.0,2025.01.14 19:00:00
2025.01.15 14:00:00,entry,3,1,done at 2693.972,777,2693.972,2689.376,2707.76,0.22,101.11,19552.37,97.76185,2025.01.15 14:00:00
2025.01.15 17:00:00,occupied,1,1,one position per engine,0,0.0,0.0,0.0,0.0,0.0,0.0,0.0,2025.01.15 17:00:00
2025.01.16 14:00:00,entry,3,1,done at 2715.550,780,2715.55,2710.285,2731.345,0.19,100.03,19525.93,97.62965,2025.01.16 14:00:00
2025.01.17 13:00:00,entry,1,1,done at 2711.224,782,2711.224,2698.524,2749.324,0.08,101.6,19414.69,97.07345,2025.01.17 13:00:00
2025.01.20 05:00:00,entry,1,1,done at 2706.043,784,2706.043,2688.974,2757.25,0.06,102.42,19308.29,96.54145,2025.01.20 05:00:00
2025.01.20 09:00:00,occupied,1,1,one position per engine,0,0.0,0.0,0.0,0.0,0.0,0.0,0.0,2025.01.20 09:00:00
2025.01.20 15:00:00,occupied,1,1,one position per engine,0,0.0,0.0,0.0,0.0,0.0,0.0,0.0,2025.01.20 15:00:00
2025.01.21 15:00:00,trail,1,1,closed H1 ratchet,784,2706.043,2706.043,2757.25,0.0,0.0,0.0,0.0,2025.01.21 15:00:00
2025.01.21 15:00:00,entry,3,1,done at 2738.248,785,2738.248,2731.237,2759.281,0.14,98.15,19497.31,97.48655000000001,2025.01.21 15:00:00
2025.01.22 03:00:00,trail,3,1,closed H1 ratchet,785,2738.248,2738.248,2759.281,0.0,0.0,0.0,0.0,2025.01.22 03:00:00
2025.01.23 17:00:00,entry,1,1,done at 2754.016,788,2754.016,2737.219,2804.407,0.06,100.79,19895.34,99.4767,2025.01.23 17:00:00
2025.01.24 03:00:00,entry,3,1,done at 2774.279,789,2774.279,2767.796,2793.728,0.16,103.72,20012.7,100.0635,2025.01.24 03:00:00
2025.01.24 14:00:00,trail,1,1,closed H1 ratchet,788,2754.016,2754.016,2804.407,0.0,0.0,0.0,0.0,2025.01.24 14:00:00
2025.01.31 21:00:00,error,1,1,market closed,0,2800.97,2781.819,2858.423,0.06,114.90599999999999,19741.41,98.70705,2025.01.31 21:00:00
2025.02.03 09:00:00,entry,1,1,done at 2796.820,792,2796.82,2770.45,2875.93,0.04,105.48,19741.41,98.70705,2025.02.03 09:00:00
2025.02.03 15:00:00,entry,3,1,done at 2830.295,793,2830.295,2821.205,2857.565,0.11,99.99,19874.64,99.3732,2025.02.03 15:00:00
2025.02.04 14:00:00,entry,3,1,done at 2831.833,795,2831.833,2825.113,2851.993,0.15,100.8,19777.96,98.8898,2025.02.04 14:00:00
2025.02.04 15:00:00,trail,1,1,closed H1 ratchet,792,2796.82,2796.82,2875.93,0.0,0.0,0.0,0.0,2025.02.04 15:00:00
2025.02.04 18:00:00,trail,3,1,closed H1 ratchet,795,2831.833,2831.833,2851.993,0.0,0.0,0.0,0.0,2025.02.04 18:00:00
2025.02.06 12:00:00,entry,1,1,done at 2866.138,798,2866.138,2843.752,2933.296,0.05,111.93,20246.29,101.23145000000001,2025.02.06 12:00:00
2025.02.07 00:00:00,entry,1,1,done at 2858.126,800,2858.126,2836.208,2923.88,0.05,109.59,20134.05,100.67025,2025.02.07 00:00:00
2025.02.10 00:00:00,occupied,1,1,one position per engine,0,0.0,0.0,0.0,0.0,0.0,0.0,0.0,2025.02.10 00:00:00
2025.02.10 08:00:00,trail,1,1,closed H1 ratchet,800,2858.126,2858.126,2923.88,0.0,0.0,0.0,0.0,2025.02.10 08:00:00
2025.02.11 02:00:00,entry,3,1,done at 2934.072,802,2934.072,2925.606,2959.47,0.13,110.06,20457.23,102.28614999999999,2025.02.11 02:00:00
2025.02.17 15:00:00,entry,1,1,done at 2903.091,804,2903.091,2879.834,2972.862,0.05,116.29,20346.31,101.73155000000001,2025.02.17 15:00:00
2025.02.18 03:00:00,occupied,1,1,one position per engine,0,0.0,0.0,0.0,0.0,0.0,0.0,0.0,2025.02.18 03:00:00
2025.02.19 02:00:00,trail,1,1,closed H1 ratchet,804,2903.091,2903.091,2972.862,0.0,0.0,0.0,0.0,2025.02.19 02:00:00
2025.02.19 02:00:00,entry,3,1,done at 2938.629,805,2938.629,2932.585,2956.761,0.17,102.74,20517.82,102.5891,2025.02.19 02:00:00
2025.02.21 00:00:00,occupied,1,1,one position per engine,0,0.0,0.0,0.0,0.0,0.0,0.0,0.0,2025.02.21 00:00:00
2025.02.21 17:00:00,occupied,1,1,one position per engine,0,0.0,0.0,0.0,0.0,0.0,0.0,0.0,2025.02.21 17:00:00
2025.02.21 21:00:00,occupied,1,1,one position per engine,0,0.0,0.0,0.0,0.0,0.0,0.0,0.0,2025.02.21 21:00:00
2025.03.04 09:00:00,entry,3,1,done at 2914.177,808,2914.177,2905.534,2940.106,0.12,103.71,20220.93,101.10465,2025.03.04 09:00:00
2025.03.06 15:00:00,entry,1,1,done at 2915.283,810,2915.283,2892.485,2983.677,0.05,113.99,20116.46,100.58229999999999,2025.03.06 15:00:00
2025.03.07 07:00:00,occupied,1,1,one position per engine,0,0.0,0.0,0.0,0.0,0.0,0.0,0.0,2025.03.07 07:00:00
2025.03.10 00:00:00,occupied,1,1,one position per engine,0,0.0,0.0,0.0,0.0,0.0,0.0,0.0,2025.03.10 00:00:00
2025.03.13 14:00:00,entry,3,1,done at 2950.453,812,2950.453,2944.617,2967.961,0.18,105.04,19996.8,99.984,2025.03.13 14:00:00
2025.03.13 15:00:00,entry,3,1,done at 2970.022,814,2970.022,2963.353,2990.029,0.16,106.7,20311.19,101.55595,2025.03.13 15:00:00
2025.03.13 17:00:00,trail,3,1,closed H1 ratchet,814,2970.022,2970.022,2990.029,0.0,0.0,0.0,0.0,2025.03.13 17:00:00
2025.03.17 07:00:00,entry,1,1,done at 2989.928,816,2989.928,2970.116,3049.364,0.06,118.87,20621.86,103.1093,2025.03.17 07:00:00
2025.03.17 15:00:00,occupied,1,1,one position per engine,0,0.0,0.0,0.0,0.0,0.0,0.0,0.0,2025.03.17 15:00:00
2025.03.18 09:00:00,trail,1,1,closed H1 ratchet,816,2989.928,2989.928,3049.364,0.0,0.0,0.0,0.0,2025.03.18 09:00:00
2025.03.19 11:00:00,occupied,1,1,one position per engine,0,0.0,0.0,0.0,0.0,0.0,0.0,0.0,2025.03.19 11:00:00
2025.03.19 17:00:00,occupied,1,1,one position per engine,0,0.0,0.0,0.0,0.0,0.0,0.0,0.0,2025.03.19 17:00:00
2025.03.19 19:00:00,occupied,1,1,one position per engine,0,0.0,0.0,0.0,0.0,0.0,0.0,0.0,2025.03.19 19:00:00
2025.03.19 19:00:00,entry,3,1,done at 3046.944,817,3046.944,3039.407,3069.555,0.14,105.52,20956.54,104.7827,2025.03.19 19:00:00
2025.03.24 07:00:00,entry,1,1,done at 3025.139,820,3025.139,3001.234,3096.854,0.05,119.53,20842.88,104.21440000000001,2025.03.24 07:00:00
2025.03.24 09:00:00,occupied,1,1,one position per engine,0,0.0,0.0,0.0,0.0,0.0,0.0,0.0,2025.03.24 09:00:00
2025.03.25 09:00:00,occupied,1,1,one position per engine,0,0.0,0.0,0.0,0.0,0.0,0.0,0.0,2025.03.25 09:00:00
2025.03.26 02:00:00,occupied,1,1,one position per engine,0,0.0,0.0,0.0,0.0,0.0,0.0,0.0,2025.03.26 02:00:00
2025.03.27 00:00:00,occupied,1,1,one position per engine,0,0.0,0.0,0.0,0.0,0.0,0.0,0.0,2025.03.27 00:00:00
2025.03.27 11:00:00,entry,3,1,done at 3051.601,821,3051.601,3045.686,3069.346,0.18,106.47,20960.99,104.80495,2025.03.27 11:00:00
2025.03.27 15:00:00,entry,3,1,done at 3057.804,823,3057.804,3050.309,3080.289,0.14,104.93,20884.12,104.4206,2025.03.27 15:00:00
2025.03.28 01:00:00,trail,1,1,closed H1 ratchet,820,3025.139,3025.139,3096.854,0.0,0.0,0.0,0.0,2025.03.28 01:00:00
2025.04.02 01:00:00,entry,1,1,done at 3123.019,826,3123.019,3094.342,3209.05,0.04,114.71,20968.93,104.84465,2025.04.02 01:00:00
2025.04.02 15:00:00,occupied,1,1,one position per engine,0,0.0,0.0,0.0,0.0,0.0,0.0,0.0,2025.04.02 15:00:00
2025.04.02 20:00:00,occupied,1,1,one position per engine,0,0.0,0.0,0.0,0.0,0.0,0.0,0.0,2025.04.02 20:00:00
2025.04.04 11:00:00,entry,1,1,done at 3110.365,828,3110.365,3067.501,3238.957,0.03,128.6,20847.55,104.23774999999999,2025.04.04 11:00:00
2025.04.09 08:00:00,entry,2,1,done at 3041.186,830,3041.186,3026.003,3056.369,0.07,106.28,20718.75,103.59375,2025.04.09 08:00:00
2025.04.09 12:00:00,entry,3,1,done at 3066.767,832,3066.767,3051.357,3112.997,0.07,107.87,20824.73,104.12365,2025.04.09 12:00:00
2025.04.10 15:00:00,entry,3,1,done at 3154.757,834,3154.757,3136.434,3209.726,0.06,109.94,20716.37,103.58184999999999,2025.04.10 15:00:00
2025.04.10 23:00:00,trail,3,1,closed H1 ratchet,834,3154.757,3154.757,3209.726,0.0,0.0,0.0,0.0,2025.04.10 23:00:00
2025.04.11 01:00:00,entry,3,1,done at 3205.686,836,3205.686,3190.019,3252.688,0.07,109.67,21042.74,105.2137,2025.04.11 01:00:00
2025.04.15 02:00:00,entry,1,1,done at 3223.840,838,3223.84,3188.353,3330.301,0.03,106.46,20932.59,104.66295,2025.04.15 02:00:00
2025.04.16 02:00:00,entry,3,1,done at 3270.364,839,3270.364,3260.494,3299.974,0.11,108.57,21070.06,105.3503,2025.04.16 02:00:00
2025.04.16 04:00:00,trail,1,1,closed H1 ratchet,838,3223.84,3223.84,3330.301,0.0,0.0,0.0,0.0,2025.04.16 04:00:00
2025.04.16 06:00:00,trail,3,1,closed H1 ratchet,839,3270.364,3270.364,3299.974,0.0,0.0,0.0,0.0,2025.04.16 06:00:00
2025.04.16 09:00:00,entry,3,1,done at 3307.240,841,3307.24,3295.332,3342.964,0.1,119.08,21506.24,107.53120000000001,2025.04.16 09:00:00
2025.04.17 11:00:00,entry,1,1,done at 3327.847,844,3327.847,3289.136,3443.98,0.03,116.13,21456.12,107.28059999999999,2025.04.17 11:00:00
2025.04.17 18:00:00,entry,1,1,done at 3319.180,846,3319.18,3274.098,3454.426,0.03,135.25,21339.78,106.6989,2025.04.17 18:00:00
2025.04.21 07:00:00,trail,1,1,closed H1 ratchet,846,3319.18,3319.18,3454.426,0.0,0.0,0.0,0.0,2025.04.21 07:00:00
2025.04.22 02:00:00,entry,3,1,done at 3453.117,848,3453.117,3438.112,3498.132,0.08,120.04,21740.58,108.70290000000001,2025.04.22 02:00:00
2025.04.22 03:00:00,occupied,3,1,one position per engine,0,0.0,0.0,0.0,0.0,0.0,0.0,0.0,2025.04.22 03:00:00
2025.04.22 04:00:00,trail,3,1,closed H1 ratchet,848,3453.117,3453.117,3498.132,0.0,0.0,0.0,0.0,2025.04.22 04:00:00
2025.04.28 01:00:00,entry,1,1,done at 3314.276,850,3314.276,3264.285,3464.249,0.03,149.97,22100.44,110.50219999999999,2025.04.28 01:00:00
2025.04.29 17:00:00,occupied,1,1,one position per engine,0,0.0,0.0,0.0,0.0,0.0,0.0,0.0,2025.04.29 17:00:00
2025.04.29 19:00:00,occupied,1,1,one position per engine,0,0.0,0.0,0.0,0.0,0.0,0.0,0.0,2025.04.29 19:00:00
2025.05.06 02:00:00,entry,3,1,done at 3379.737,852,3379.737,3366.468,3419.544,0.09,119.42,21942.25,109.71125,2025.05.06 02:00:00
2025.05.07 00:00:00,entry,1,1,done at 3400.901,854,3400.901,3353.451,3543.251,0.03,142.35,21822.13,109.11065,2025.05.07 00:00:00
2025.05.07 03:00:00,occupied,1,1,one position per engine,0,0.0,0.0,0.0,0.0,0.0,0.0,0.0,2025.05.07 03:00:00
2025.05.07 06:00:00,occupied,1,1,one position per engine,0,0.0,0.0,0.0,0.0,0.0,0.0,0.0,2025.05.07 06:00:00
2025.05.08 02:00:00,occupied,1,1,one position per engine,0,0.0,0.0,0.0,0.0,0.0,0.0,0.0,2025.05.08 02:00:00
2025.05.09 12:00:00,entry,1,1,done at 3333.202,856,3333.202,3283.684,3481.756,0.03,148.56,21674.64,108.3732,2025.05.09 12:00:00
2025.05.15 20:00:00,entry,2,1,done at 3232.037,858,3232.037,3216.503,3247.571,0.07,108.74,21520.05,107.60025,2025.05.15 20:00:00
2025.05.20 14:00:00,entry,3,1,done at 3261.369,860,3261.369,3250.348,3294.432,0.1,110.21,21628.54,108.1427,2025.05.20 14:00:00
2025.05.20 15:00:00,trail,3,1,closed H1 ratchet,860,3261.369,3261.369,3294.432,0.0,0.0,0.0,0.0,2025.05.20 15:00:00
2025.05.20 15:00:00,occupied,3,1,one position per engine,0,0.0,0.0,0.0,0.0,0.0,0.0,0.0,2025.05.20 15:00:00
2025.05.22 02:00:00,entry,3,1,done at 3338.230,862,3338.23,3326.865,3372.325,0.1,113.65,21958.64,109.7932,2025.05.22 02:00:00
2025.05.23 02:00:00,entry,1,1,done at 3305.373,864,3305.373,3262.508,3433.968,0.03,128.6,21844.4,109.22200000000001,2025.05.23 02:00:00
2025.05.23 05:00:00,occupied,1,1,one position per engine,0,0.0,0.0,0.0,0.0,0.0,0.0,0.0,2025.05.23 05:00:00
2025.05.23 12:00:00,entry,3,1,done at 3348.154,865,3348.154,3337.109,3381.289,0.1,110.45,21972.24,109.86120000000001,2025.05.23 12:00:00
2025.05.26 17:00:00,occupied,1,1,one position per engine,0,0.0,0.0,0.0,0.0,0.0,0.0,0.0,2025.05.26 17:00:00
2025.05.30 13:00:00,entry,1,1,done at 3304.121,868,3304.121,3273.694,3395.402,0.04,121.7,21599.64,107.9982,2025.05.30 13:00:00
2025.06.02 14:00:00,entry,3,1,done at 3371.083,870,3371.083,3360.025,3404.257,0.1,110.58,21477.61,107.38805,2025.06.02 14:00:00
2025.06.02 23:00:00,trail,3,1,closed H1 ratchet,870,3371.083,3371.083,3404.257,0.0,0.0,0.0,0.0,2025.06.02 23:00:00
2025.06.03 23:00:00,entry,1,1,done at 3357.244,872,3357.244,3329.834,3439.474,0.04,109.64,21471.63,107.35815000000001,2025.06.03 23:00:00
2025.06.04 02:00:00,occupied,1,1,one position per engine,0,0.0,0.0,0.0,0.0,0.0,0.0,0.0,2025.06.04 02:00:00
2025.06.04 15:00:00,occupied,1,1,one position per engine,0,0.0,0.0,0.0,0.0,0.0,0.0,0.0,2025.06.04 15:00:00
2025.06.05 08:00:00,occupied,1,1,one position per engine,0,0.0,0.0,0.0,0.0,0.0,0.0,0.0,2025.06.05 08:00:00
2025.06.05 11:00:00,trail,1,1,closed H1 ratchet,872,3357.244,3357.244,3439.474,0.0,0.0,0.0,0.0,2025.06.05 11:00:00
2025.06.06 04:00:00,entry,1,1,done at 3369.824,874,3369.824,3332.965,3480.401,0.03,110.57,21462.83,107.31415000000001,2025.06.06 04:00:00
2025.06.06 09:00:00,occupied,1,1,one position per engine,0,0.0,0.0,0.0,0.0,0.0,0.0,0.0,2025.06.06 09:00:00
2025.06.13 01:00:00,entry,3,1,done at 3416.390,876,3416.39,3403.336,3455.552,0.09,117.49,21352.02,106.76010000000001,2025.06.13 01:00:00
2025.06.13 03:00:00,trail,3,1,closed H1 ratchet,876,3416.39,3416.39,3455.552,0.0,0.0,0.0,0.0,2025.06.13 03:00:00
2025.07.02 10:00:00,entry,1,1,done at 3341.936,878,3341.936,3319.837,3408.233,0.05,110.49,21351.44,106.7572,2025.07.02 10:00:00
2025.07.02 15:00:00,occupied,1,1,one position per engine,0,0.0,0.0,0.0,0.0,0.0,0.0,0.0,2025.07.02 15:00:00
2025.07.03 03:00:00,occupied,1,1,one position per engine,0,0.0,0.0,0.0,0.0,0.0,0.0,0.0,2025.07.03 03:00:00
2025.07.04 04:00:00,entry,1,1,done at 3338.557,880,3338.557,3309.7,3425.128,0.04,115.43,21232.56,106.1628,2025.07.04 04:00:00
2025.07.15 03:00:00,entry,1,1,done at 3351.119,882,3351.119,3328.746,3418.238,0.05,111.87,21114.72,105.5736,2025.07.15 03:00:00
2025.07.18 07:00:00,entry,1,1,done at 3342.254,884,3342.254,3321.536,3404.408,0.06,124.3,21002.52,105.0126,2025.07.18 07:00:00
2025.07.21 06:00:00,entry,3,1,done at 3366.939,885,3366.939,3360.797,3385.365,0.18,110.55,21146.07,105.73035,2025.07.21 06:00:00
2025.07.21 12:00:00,trail,1,1,closed H1 ratchet,884,3342.254,3342.254,3404.408,0.0,0.0,0.0,0.0,2025.07.21 12:00:00
2025.07.21 13:00:00,entry,3,1,done at 3387.511,887,3387.511,3381.232,3406.348,0.18,113.02,21600.28,108.00139999999999,2025.07.21 13:00:00
2025.07.21 15:00:00,trail,3,1,closed H1 ratchet,887,3387.511,3387.511,3406.348,0.0,0.0,0.0,0.0,2025.07.21 15:00:00
2025.07.21 15:00:00,occupied,3,1,one position per engine,0,0.0,0.0,0.0,0.0,0.0,0.0,0.0,2025.07.21 15:00:00
2025.07.22 13:00:00,entry,3,1,done at 3407.758,890,3407.758,3401.891,3425.359,0.19,111.47,21688.92,108.4446,2025.07.22 13:00:00
2025.07.22 14:00:00,occupied,3,1,one position per engine,0,0.0,0.0,0.0,0.0,0.0,0.0,0.0,2025.07.22 14:00:00
2025.07.22 15:00:00,entry,3,1,done at 3426.620,892,3426.62,3419.41,3448.25,0.16,115.36,22022.84,110.1142,2025.07.22 15:00:00
2025.08.01 13:00:00,entry,2,1,done at 3341.432,894,3341.432,3332.505,3350.359,0.13,116.05,21897.72,109.4886,2025.08.01 13:00:00
2025.08.01 13:00:00,entry,3,1,done at 3341.432,895,3341.432,3332.505,3368.213,0.13,116.05,21894.79,109.47395,2025.08.01 13:00:00
2025.08.01 20:00:00,trail,3,1,closed H1 ratchet,895,3341.432,3341.432,3368.213,0.0,0.0,0.0,0.0,2025.08.01 20:00:00
2025.08.04 14:00:00,entry,3,1,done at 3383.538,898,3383.538,3375.331,3408.159,0.14,114.9,22354.04,111.7702,2025.08.04 14:00:00
2025.08.06 14:00:00,entry,1,1,done at 3371.909,900,3371.909,3354.232,3424.94,0.07,123.74,22238.14,111.19069999999999,2025.08.06 14:00:00
2025.08.07 20:00:00,trail,1,1,closed H1 ratchet,900,3371.909,3371.909,3424.94,0.0,0.0,0.0,0.0,2025.08.07 20:00:00
2025.08.08 13:00:00,occupied,1,1,one position per engine,0,0.0,0.0,0.0,0.0,0.0,0.0,0.0,2025.08.08 13:00:00
2025.08.20 14:00:00,entry,2,1,done at 3345.061,902,3345.061,3339.926,3350.196,0.22,112.97,22219.04,111.0952,2025.08.20 14:00:00
2025.08.22 15:00:00,entry,2,1,done at 3373.963,904,3373.963,3367.255,3380.671,0.17,114.03,22331.0,111.655,2025.08.22 15:00:00
2025.08.22 15:00:00,entry,3,1,done at 3373.963,905,3373.963,3367.255,3394.087,0.17,114.03,22329.43,111.64715,2025.08.22 15:00:00
2025.08.26 01:00:00,entry,3,1,done at 3383.415,908,3383.415,3376.896,3402.972,0.17,110.83,22082.88,110.4144,2025.08.26 01:00:00
2025.08.27 15:00:00,entry,1,1,done at 3386.515,910,3386.515,3368.707,3439.939,0.07,124.66,21970.76,109.85379999999999,2025.08.27 15:00:00
2025.08.28 07:00:00,occupied,1,1,one position per engine,0,0.0,0.0,0.0,0.0,0.0,0.0,0.0,2025.08.28 07:00:00
2025.08.28 12:00:00,entry,3,1,done at 3404.252,911,3404.252,3398.891,3420.335,0.21,112.58,22083.04,110.4152,2025.08.28 12:00:00
2025.08.28 17:00:00,trail,1,1,closed H1 ratchet,910,3386.515,3386.515,3439.939,0.0,0.0,0.0,0.0,2025.08.28 17:00:00
2025.08.29 14:00:00,entry,3,1,done at 3428.840,913,3428.84,3423.496,3444.872,0.21,112.22,22137.46,110.6873,2025.08.29 14:00:00
2025.08.29 15:00:00,trail,3,1,closed H1 ratchet,913,3428.84,3428.84,3444.872,0.0,0.0,0.0,0.0,2025.08.29 15:00:00
2025.08.29 15:00:00,occupied,3,1,one position per engine,0,0.0,0.0,0.0,0.0,0.0,0.0,0.0,2025.08.29 15:00:00
2025.09.01 02:00:00,entry,3,1,done at 3457.389,916,3457.389,3449.1,3482.256,0.14,116.05,22551.19,112.75595,2025.09.01 02:00:00
2025.09.01 03:00:00,entry,3,1,done at 3483.709,918,3483.709,3474.133,3512.437,0.12,114.91,22898.89,114.49445,2025.09.01 03:00:00
2025.09.02 02:00:00,entry,3,1,done at 3497.954,920,3497.954,3489.137,3524.405,0.13,114.62,22783.11,113.91555,2025.09.02 02:00:00
2025.09.02 11:00:00,entry,1,1,done at 3485.834,922,3485.834,3460.325,3562.361,0.05,127.54,22667.68,113.33840000000001,2025.09.02 11:00:00
2025.09.02 15:00:00,entry,3,1,done at 3511.197,923,3511.197,3500.483,3543.339,0.11,117.86,22794.03,113.97014999999999,2025.09.02 15:00:00
2025.09.02 17:00:00,trail,3,1,closed H1 ratchet,923,3511.197,3511.197,3543.339,0.0,0.0,0.0,0.0,2025.09.02 17:00:00
2025.09.02 17:00:00,trail,1,1,closed H1 ratchet,922,3485.834,3485.834,3562.361,0.0,0.0,0.0,0.0,2025.09.02 17:00:00
2025.09.04 12:00:00,entry,1,1,done at 3545.536,926,3545.536,3512.103,3645.835,0.04,133.73,23394.53,116.97264999999999,2025.09.04 12:00:00
2025.09.04 19:00:00,occupied,1,1,one position per engine,0,0.0,0.0,0.0,0.0,0.0,0.0,0.0,2025.09.04 19:00:00
2025.09.05 00:00:00,occupied,1,1,one position per engine,0,0.0,0.0,0.0,0.0,0.0,0.0,0.0,2025.09.05 00:00:00
2025.09.05 13:00:00,entry,3,1,done at 3580.334,927,3580.334,3571.422,3607.07,0.14,124.77,23531.22,117.65610000000001,2025.09.05 13:00:00
2025.09.05 14:00:00,trail,3,1,closed H1 ratchet,927,3580.334,3580.334,3607.07,0.0,0.0,0.0,0.0,2025.09.05 14:00:00
2025.09.05 14:00:00,occupied,3,1,one position per engine,0,0.0,0.0,0.0,0.0,0.0,0.0,0.0,2025.09.05 14:00:00
2025.09.05 18:00:00,trail,1,1,closed H1 ratchet,926,3545.536,3545.536,3645.835,0.0,0.0,0.0,0.0,2025.09.05 18:00:00
2025.09.09 14:00:00,entry,3,1,done at 3666.142,930,3666.142,3656.667,3694.567,0.13,123.18,23790.41,118.95205,2025.09.09 14:00:00
2025.09.10 05:00:00,entry,1,1,done at 3643.046,932,3643.046,3609.495,3743.699,0.04,134.2,23666.42,118.3321,2025.09.10 05:00:00
2025.09.11 00:00:00,occupied,1,1,one position per engine,0,0.0,0.0,0.0,0.0,0.0,0.0,0.0,2025.09.11 00:00:00
2025.09.15 14:00:00,entry,3,1,done at 3657.264,933,3657.264,3649.771,3679.743,0.16,119.88,23712.23,118.56115,2025.09.15 14:00:00
2025.09.15 16:00:00,entry,3,1,done at 3680.614,935,3680.614,3671.946,3706.618,0.14,121.36,24164.42,120.82209999999999,2025.09.15 16:00:00
2025.09.16 07:00:00,trail,1,1,closed H1 ratchet,932,3643.046,3643.046,3743.699,0.0,0.0,0.0,0.0,2025.09.16 07:00:00
2025.09.16 09:00:00,trail,3,1,closed H1 ratchet,935,3680.614,3680.614,3706.618,0.0,0.0,0.0,0.0,2025.09.16 09:00:00
2025.09.19 04:00:00,entry,1,1,done at 3653.777,938,3653.777,3623.405,3744.893,0.04,121.49,23995.01,119.97505,2025.09.19 04:00:00
2025.09.19 14:00:00,occupied,1,1,one position per engine,0,0.0,0.0,0.0,0.0,0.0,0.0,0.0,2025.09.19 14:00:00
2025.09.22 07:00:00,trail,1,1,closed H1 ratchet,938,3653.777,3653.777,3744.893,0.0,0.0,0.0,0.0,2025.09.22 07:00:00
2025.09.22 07:00:00,entry,3,1,done at 3714.451,939,3714.451,3705.183,3742.255,0.14,129.75,24235.2,121.176,2025.09.22 07:00:00
2025.09.22 16:00:00,trail,3,1,closed H1 ratchet,939,3714.451,3714.451,3742.255,0.0,0.0,0.0,0.0,2025.09.22 16:00:00
2025.09.23 09:00:00,entry,3,1,done at 3774.398,942,3774.398,3764.475,3804.167,0.13,128.99,24746.04,123.73020000000001,2025.09.23 09:00:00
2025.09.25 08:00:00,entry,1,1,done at 3752.291,944,3752.291,3719.31,3851.234,0.04,131.92,24616.33,123.08165000000001,2025.09.25 08:00:00
2025.09.25 19:00:00,occupied,1,1,one position per engine,0,0.0,0.0,0.0,0.0,0.0,0.0,0.0,2025.09.25 19:00:00
2025.09.26 04:00:00,occupied,1,1,one position per engine,0,0.0,0.0,0.0,0.0,0.0,0.0,0.0,2025.09.26 04:00:00
2025.09.26 08:00:00,occupied,1,1,one position per engine,0,0.0,0.0,0.0,0.0,0.0,0.0,0.0,2025.09.26 08:00:00
2025.09.26 12:00:00,occupied,1,1,one position per engine,0,0.0,0.0,0.0,0.0,0.0,0.0,0.0,2025.09.26 12:00:00
2025.09.29 01:00:00,entry,3,1,done at 3787.163,945,3787.163,3776.322,3819.686,0.12,130.1,24751.17,123.75585,2025.09.29 01:00:00
2025.09.29 05:00:00,trail,1,1,closed H1 ratchet,944,3752.291,3752.291,3851.234,0.0,0.0,0.0,0.0,2025.09.29 05:00:00
2025.09.30 15:00:00,entry,1,1,done at 3854.147,948,3854.147,3809.067,3989.387,0.03,135.24,24874.73,124.37365,2025.09.30 15:00:00
2025.10.02 03:00:00,occupied,1,1,one position per engine,0,0.0,0.0,0.0,0.0,0.0,0.0,0.0,2025.10.02 03:00:00
2025.10.02 06:00:00,occupied,1,1,one position per engine,0,0.0,0.0,0.0,0.0,0.0,0.0,0.0,2025.10.02 06:00:00
2025.10.02 08:00:00,occupied,1,1,one position per engine,0,0.0,0.0,0.0,0.0,0.0,0.0,0.0,2025.10.02 08:00:00
2025.10.03 00:00:00,occupied,1,1,one position per engine,0,0.0,0.0,0.0,0.0,0.0,0.0,0.0,2025.10.03 00:00:00
2025.10.03 07:00:00,occupied,1,1,one position per engine,0,0.0,0.0,0.0,0.0,0.0,0.0,0.0,2025.10.03 07:00:00
2025.10.06 04:00:00,trail,1,1,closed H1 ratchet,948,3854.147,3854.147,3989.387,0.0,0.0,0.0,0.0,2025.10.06 04:00:00
2025.10.09 05:00:00,entry,1,1,done at 4039.154,950,4039.154,3989.726,4187.438,0.03,148.28,25269.08,126.34540000000001,2025.10.09 05:00:00
2025.10.09 08:00:00,occupied,1,1,one position per engine,0,0.0,0.0,0.0,0.0,0.0,0.0,0.0,2025.10.09 08:00:00
2025.10.14 02:00:00,entry,3,1,done at 4137.413,952,4137.413,4123.34,4179.632,0.09,126.66,25120.61,125.60305,2025.10.14 02:00:00
2025.10.14 04:00:00,trail,3,1,closed H1 ratchet,952,4137.413,4137.413,4179.632,0.0,0.0,0.0,0.0,2025.10.14 04:00:00
2025.10.14 08:00:00,entry,1,1,done at 4126.394,954,4126.394,4068.647,4299.635,0.03,173.24,25500.14,127.5007,2025.10.14 08:00:00
2025.10.15 23:00:00,trail,1,1,closed H1 ratchet,954,4126.394,4126.394,4299.635,0.0,0.0,0.0,0.0,2025.10.15 23:00:00
2025.10.16 23:00:00,entry,3,1,done at 4346.929,956,4346.929,4326.557,4408.045,0.07,142.6,26013.34,130.0667,2025.10.16 23:00:00
2025.10.20 12:00:00,entry,1,1,done at 4279.334,958,4279.334,4203.141,4507.913,0.02,152.39,25866.54,129.33270000000002,2025.10.20 12:00:00
2025.11.10 02:00:00,entry,3,1,done at 4044.067,960,4044.067,4029.726,4087.09,0.09,129.07,25712.97,128.56485,2025.11.10 02:00:00
2025.11.10 06:00:00,trail,3,1,closed H1 ratchet,960,4044.067,4044.067,4087.09,0.0,0.0,0.0,0.0,2025.11.10 06:00:00
2025.11.11 20:00:00,entry,1,1,done at 4123.179,962,4123.179,4085.81,4235.286,0.04,149.48,26099.83,130.49915000000001,2025.11.11 20:00:00
2025.11.12 09:00:00,occupied,1,1,one position per engine,0,0.0,0.0,0.0,0.0,0.0,0.0,0.0,2025.11.12 09:00:00
2025.11.12 16:00:00,trail,1,1,closed H1 ratchet,962,4123.179,4123.179,4235.286,0.0,0.0,0.0,0.0,2025.11.12 16:00:00
2025.11.12 16:00:00,entry,3,1,done at 4181.498,963,4181.498,4166.736,4225.784,0.09,132.86,26330.59,131.65295,2025.11.12 16:00:00
2025.11.12 19:00:00,trail,3,1,closed H1 ratchet,963,4181.498,4181.498,4225.784,0.0,0.0,0.0,0.0,2025.11.12 19:00:00
2025.11.14 03:00:00,entry,1,1,done at 4207.194,966,4207.194,4146.217,4390.126,0.03,182.93,26524.6,132.623,2025.11.14 03:00:00
2025.11.19 10:00:00,entry,3,1,done at 4113.481,968,4113.481,4095.805,4166.509,0.08,141.41,26341.47,131.70735000000002,2025.11.19 10:00:00
2025.11.24 19:00:00,entry,3,1,done at 4120.605,970,4120.605,4105.375,4166.295,0.09,137.07,26199.56,130.9978,2025.11.24 19:00:00
2025.11.25 00:00:00,trail,3,1,closed H1 ratchet,970,4120.605,4120.605,4166.295,0.0,0.0,0.0,0.0,2025.11.25 00:00:00
2025.11.25 17:00:00,entry,1,1,done at 4136.371,972,4136.371,4084.095,4293.199,0.03,156.82,26194.19,130.97095,2025.11.25 17:00:00
2025.11.26 16:00:00,occupied,1,1,one position per engine,0,0.0,0.0,0.0,0.0,0.0,0.0,0.0,2025.11.26 16:00:00
2025.11.27 07:00:00,occupied,1,1,one position per engine,0,0.0,0.0,0.0,0.0,0.0,0.0,0.0,2025.11.27 07:00:00
2025.11.27 12:00:00,occupied,1,1,one position per engine,0,0.0,0.0,0.0,0.0,0.0,0.0,0.0,2025.11.27 12:00:00
2025.11.27 16:00:00,occupied,1,1,one position per engine,0,0.0,0.0,0.0,0.0,0.0,0.0,0.0,2025.11.27 16:00:00
2025.11.28 01:00:00,entry,3,1,done at 4180.643,973,4180.643,4171.823,4207.103,0.15,132.3,26318.72,131.5936,2025.11.28 01:00:00
2025.11.28 15:00:00,entry,3,1,done at 4198.470,975,4198.47,4185.163,4238.392,0.1,133.07,26235.45,131.17725000000002,2025.11.28 15:00:00
2025.11.28 18:00:00,trail,1,1,closed H1 ratchet,972,4136.371,4136.371,4293.199,0.0,0.0,0.0,0.0,2025.11.28 18:00:00
2025.11.28 19:00:00,trail,3,1,closed H1 ratchet,975,4198.47,4198.47,4238.392,0.0,0.0,0.0,0.0,2025.11.28 19:00:00
2025.12.01 02:00:00,entry,3,1,done at 4255.551,977,4255.551,4238.633,4306.306,0.08,135.35,26798.56,133.99280000000002,2025.12.01 02:00:00
2025.12.01 19:00:00,occupied,1,1,one position per engine,0,0.0,0.0,0.0,0.0,0.0,0.0,0.0,2025.12.01 19:00:00
2025.12.02 15:00:00,occupied,1,1,one position per engine,0,0.0,0.0,0.0,0.0,0.0,0.0,0.0,2025.12.02 15:00:00
2025.12.02 21:00:00,occupied,1,1,one position per engine,0,0.0,0.0,0.0,0.0,0.0,0.0,0.0,2025.12.02 21:00:00
2025.12.04 01:00:00,occupied,1,1,one position per engine,0,0.0,0.0,0.0,0.0,0.0,0.0,0.0,2025.12.04 01:00:00
2025.12.04 15:00:00,occupied,1,1,one position per engine,0,0.0,0.0,0.0,0.0,0.0,0.0,0.0,2025.12.04 15:00:00
2025.12.05 15:00:00,entry,3,1,done at 4242.476,979,4242.476,4233.62,4269.044,0.16,141.7,26613.75,133.06875,2025.12.05 15:00:00
2025.12.08 06:00:00,occupied,1,1,one position per engine,0,0.0,0.0,0.0,0.0,0.0,0.0,0.0,2025.12.08 06:00:00
2025.12.08 13:00:00,occupied,1,1,one position per engine,0,0.0,0.0,0.0,0.0,0.0,0.0,0.0,2025.12.08 13:00:00
2025.12.09 10:00:00,occupied,1,1,one position per engine,0,0.0,0.0,0.0,0.0,0.0,0.0,0.0,2025.12.09 10:00:00
2025.12.10 17:00:00,occupied,1,1,one position per engine,0,0.0,0.0,0.0,0.0,0.0,0.0,0.0,2025.12.10 17:00:00
2025.12.10 20:00:00,occupied,1,1,one position per engine,0,0.0,0.0,0.0,0.0,0.0,0.0,0.0,2025.12.10 20:00:00
2025.12.10 21:00:00,error,2,1,market closed,0,4229.817,4217.934,4241.7,0.12,142.59599999999998,26428.75,132.14375,2025.12.10 21:00:00
2025.12.10 21:00:00,error,3,1,market closed,0,4229.817,4217.934,4265.466,0.12,142.59599999999998,26428.75,132.14375,2025.12.10 21:00:00
2025.12.11 16:00:00,entry,3,1,done at 4256.124,981,4256.124,4239.858,4304.922,0.09,146.4,26502.86,132.5143,2025.12.11 16:00:00
2025.12.12 07:00:00,trail,3,1,closed H1 ratchet,981,4256.124,4256.124,4304.922,0.0,0.0,0.0,0.0,2025.12.12 07:00:00
2025.12.12 20:00:00,entry,1,1,done at 4296.644,984,4296.644,4243.175,4457.051,0.03,160.4,27046.49,135.23245,2025.12.12 20:00:00
2025.12.16 14:00:00,occupied,1,1,one position per engine,0,0.0,0.0,0.0,0.0,0.0,0.0,0.0,2025.12.16 14:00:00
2025.12.16 18:00:00,occupied,1,1,one position per engine,0,0.0,0.0,0.0,0.0,0.0,0.0,0.0,2025.12.16 18:00:00
2025.12.17 00:00:00,occupied,1,1,one position per engine,0,0.0,0.0,0.0,0.0,0.0,0.0,0.0,2025.12.17 00:00:00
2025.12.18 17:00:00,entry,3,1,done at 4360.422,985,4360.422,4348.389,4396.521,0.12,144.39,27227.94,136.1397,2025.12.18 17:00:00
2025.12.18 21:00:00,occupied,1,1,one position per engine,0,0.0,0.0,0.0,0.0,0.0,0.0,0.0,2025.12.18 21:00:00
2025.12.19 00:00:00,occupied,1,1,one position per engine,0,0.0,0.0,0.0,0.0,0.0,0.0,0.0,2025.12.19 00:00:00
2025.12.19 10:00:00,occupied,1,1,one position per engine,0,0.0,0.0,0.0,0.0,0.0,0.0,0.0,2025.12.19 10:00:00
2025.12.19 14:00:00,occupied,1,1,one position per engine,0,0.0,0.0,0.0,0.0,0.0,0.0,0.0,2025.12.19 14:00:00
2025.12.22 02:00:00,trail,1,1,closed H1 ratchet,984,4296.644,4296.644,4457.051,0.0,0.0,0.0,0.0,2025.12.22 02:00:00
2025.12.22 02:00:00,entry,3,1,done at 4383.020,987,4383.02,4372.092,4415.805,0.13,142.06,27147.39,135.73695,2025.12.22 02:00:00
2025.12.22 06:00:00,trail,3,1,closed H1 ratchet,987,4383.02,4383.02,4415.805,0.0,0.0,0.0,0.0,2025.12.22 06:00:00
2025.12.22 16:00:00,entry,3,1,done at 4431.853,989,4431.853,4419.944,4467.58,0.12,142.91,27719.57,138.59785,2025.12.22 16:00:00
2025.12.23 00:00:00,trail,3,1,closed H1 ratchet,989,4431.853,4431.853,4467.58,0.0,0.0,0.0,0.0,2025.12.23 00:00:00
2025.12.23 17:00:00,entry,1,1,done at 4474.345,992,4474.345,4428.338,4612.367,0.04,184.03,28216.95,141.08475,2025.12.23 17:00:00
2025.12.24 04:00:00,occupied,1,1,one position per engine,0,0.0,0.0,0.0,0.0,0.0,0.0,0.0,2025.12.24 04:00:00
2025.12.26 00:00:00,occupied,1,1,one position per engine,0,0.0,0.0,0.0,0.0,0.0,0.0,0.0,2025.12.26 00:00:00
2025.12.26 16:00:00,trail,1,1,closed H1 ratchet,992,4474.345,4474.345,4612.367,0.0,0.0,0.0,0.0,2025.12.26 16:00:00
2025.12.29 04:00:00,entry,1,1,done at 4516.741,994,4516.741,4460.941,4684.141,0.03,167.4,28203.81,141.01905,2025.12.29 04:00:00
2026.01.08 00:00:00,entry,1,1,done at 4463.463,996,4463.463,4415.17,4608.342,0.03,144.88,28036.21,140.18105,2026.01.08 00:00:00
2026.01.08 16:00:00,entry,1,1,done at 4454.293,998,4454.293,4409.011,4590.139,0.04,181.13,27891.15,139.45575,2026.01.08 16:00:00
2026.01.09 16:00:00,entry,3,1,done at 4512.451,999,4512.451,4498.321,4554.841,0.1,141.3,28121.42,140.6071,2026.01.09 16:00:00
2026.01.12 00:00:00,trail,1,1,closed H1 ratchet,998,4454.293,4454.293,4590.139,0.0,0.0,0.0,0.0,2026.01.12 00:00:00
2026.01.12 00:00:00,entry,3,1,done at 4540.090,1001,4540.09,4524.425,4587.085,0.09,140.98,28087.74,140.4387,2026.01.12 00:00:00
2026.01.12 01:00:00,entry,3,1,done at 4589.067,1004,4589.067,4570.633,4644.369,0.08,147.48,28710.49,143.55245000000002,2026.01.12 01:00:00
2026.01.14 00:00:00,entry,1,1,done at 4597.261,1006,4597.261,4545.033,4753.945,0.03,156.68,28562.57,142.81285,2026.01.14 00:00:00
2026.01.14 19:00:00,occupied,1,1,one position per engine,0,0.0,0.0,0.0,0.0,0.0,0.0,0.0,2026.01.14 19:00:00
2026.01.15 10:00:00,occupied,1,1,one position per engine,0,0.0,0.0,0.0,0.0,0.0,0.0,0.0,2026.01.15 10:00:00
2026.01.15 18:00:00,occupied,1,1,one position per engine,0,0.0,0.0,0.0,0.0,0.0,0.0,0.0,2026.01.15 18:00:00
2026.01.16 06:00:00,occupied,1,1,one position per engine,0,0.0,0.0,0.0,0.0,0.0,0.0,0.0,2026.01.16 06:00:00
2026.01.16 08:00:00,occupied,1,1,one position per engine,0,0.0,0.0,0.0,0.0,0.0,0.0,0.0,2026.01.16 08:00:00
2026.01.16 12:00:00,occupied,1,1,one position per engine,0,0.0,0.0,0.0,0.0,0.0,0.0,0.0,2026.01.16 12:00:00
2026.01.16 15:00:00,occupied,1,1,one position per engine,0,0.0,0.0,0.0,0.0,0.0,0.0,0.0,2026.01.16 15:00:00
2026.01.19 00:00:00,entry,2,1,done at 4672.710,1008,4672.71,4649.837,4695.583,0.07,160.11,28399.31,141.99655,2026.01.19 00:00:00
2026.01.19 00:00:00,entry,3,1,done at 4672.710,1009,4672.71,4649.837,4741.329,0.07,160.11,28398.92,141.9946,2026.01.19 00:00:00
2026.01.20 06:00:00,trail,3,1,closed H1 ratchet,1009,4672.71,4672.71,4741.329,0.0,0.0,0.0,0.0,2026.01.20 06:00:00
2026.01.20 06:00:00,occupied,3,1,one position per engine,0,0.0,0.0,0.0,0.0,0.0,0.0,0.0,2026.01.20 06:00:00
2026.01.20 17:00:00,entry,3,1,done at 4753.743,1012,4753.743,4738.427,4799.692,0.1,153.16,29031.69,145.15845,2026.01.20 17:00:00
2026.01.21 01:00:00,trail,3,1,closed H1 ratchet,1012,4753.743,4753.743,4799.692,0.0,0.0,0.0,0.0,2026.01.21 01:00:00
2026.01.21 02:00:00,entry,3,1,done at 4835.421,1014,4835.421,4816.606,4891.867,0.08,150.52,29485.41,147.42705,2026.01.21 02:00:00
2026.01.21 05:00:00,trail,3,1,closed H1 ratchet,1014,4835.421,4835.421,4891.867,0.0,0.0,0.0,0.0,2026.01.21 05:00:00
2026.01.21 19:00:00,entry,1,1,done at 4850.121,1016,4850.121,4764.657,5106.513,0.02,170.93,29484.9,147.4245,2026.01.21 19:00:00
2026.01.21 23:01:15,entry,1,1,done at 4831.105,1018,4831.105,4733.779,5123.083,0.02,194.65,29313.85,146.56924999999998,2026.01.21 23:00:00
2026.01.22 06:00:00,occupied,1,1,one position per engine,0,0.0,0.0,0.0,0.0,0.0,0.0,0.0,2026.01.22 06:00:00
2026.01.23 17:00:00,trail,1,1,closed H1 ratchet,1018,4831.105,4831.105,5123.083,0.0,0.0,0.0,0.0,2026.01.23 17:00:00
2026.01.26 00:00:00,entry,3,1,done at 5039.901,1019,5039.901,5016.995,5108.619,0.07,160.34,29725.98,148.6299,2026.01.26 00:00:00
2026.01.26 02:00:00,occupied,3,1,one position per engine,0,0.0,0.0,0.0,0.0,0.0,0.0,0.0,2026.01.26 02:00:00
2026.01.26 03:00:00,trail,3,1,closed H1 ratchet,1019,5039.901,5039.901,5108.619,0.0,0.0,0.0,0.0,2026.01.26 03:00:00
2026.01.27 21:00:00,error,3,1,market closed,0,5176.742,5149.404,5258.756,0.06,164.028,30372.33,151.86165,2026.01.27 21:00:00
2026.01.28 02:00:00,entry,3,1,done at 5204.817,1022,5204.817,5177.549,5286.621,0.06,163.61,30372.33,151.86165,2026.01.28 02:00:00
2026.01.28 05:00:00,trail,3,1,closed H1 ratchet,1022,5204.817,5204.817,5286.621,0.0,0.0,0.0,0.0,2026.01.28 05:00:00
2026.01.28 21:00:00,error,3,1,market closed,0,5377.004,5340.932,5485.22,0.05,180.36,30863.95,154.31975,2026.01.28 21:00:00
2026.01.29 00:00:00,entry,3,1,done at 5513.178,1024,5513.178,5471.911,5636.979,0.04,165.07,30863.95,154.31975,2026.01.29 00:00:00
2026.01.30 00:00:00,entry,1,1,done at 5438.631,1026,5438.631,5206.869,6133.918,0.01,231.76,30695.71,153.47854999999998,2026.01.30 00:00:00
2026.02.11 00:00:00,entry,1,1,done at 5041.754,1028,5041.754,4962.896,5278.328,0.02,157.72,30463.43,152.31715,2026.02.11 00:00:00
2026.02.11 16:00:00,occupied,1,1,one position per engine,0,0.0,0.0,0.0,0.0,0.0,0.0,0.0,2026.02.11 16:00:00
2026.02.12 09:00:00,occupied,1,1,one position per engine,0,0.0,0.0,0.0,0.0,0.0,0.0,0.0,2026.02.12 09:00:00
2026.02.16 08:00:00,entry,1,1,done at 5007.438,1030,5007.438,4922.31,5262.822,0.02,170.26,30302.38,151.5119,2026.02.16 08:00:00
2026.02.18 15:00:00,entry,2,1,done at 4991.921,1032,4991.921,4970.917,5012.925,0.08,168.03,30130.73,150.65365,2026.02.18 15:00:00
2026.02.19 21:00:00,error,1,1,market closed,0,5001.828,4945.432,5171.017,0.03,169.18800000000002,29947.78,149.7389,2026.02.19 21:00:00
2026.02.23 00:00:00,entry,3,1,done at 5165.621,1034,5165.621,5140.374,5241.362,0.06,151.49,29947.78,149.7389,2026.02.23 00:00:00
2026.02.23 15:00:00,entry,3,1,done at 5192.453,1036,5192.453,5168.398,5264.618,0.07,168.38,29795.76,148.97879999999998,2026.02.23 15:00:00
2026.02.23 21:00:00,manage_error,3,1,market closed,1036,5192.453,5192.453,5264.618,0.0,0.0,0.0,0.0,2026.02.23 21:00:00
2026.02.24 00:00:00,trail,3,1,closed H1 ratchet,1036,5192.453,5192.453,5264.618,0.0,0.0,0.0,0.0,2026.02.24 00:00:00
2026.02.24 21:00:00,error,1,1,market closed,0,5164.052,5084.849,5401.661,0.02,158.406,29791.53,148.95765,2026.02.24 21:00:00
2026.02.25 02:00:00,entry,1,1,done at 5177.009,1038,5177.009,5101.399,5404.263,0.02,151.22,29791.53,148.95765,2026.02.25 02:00:00
2026.02.27 06:00:00,occupied,1,1,one position per engine,0,0.0,0.0,0.0,0.0,0.0,0.0,0.0,2026.02.27 06:00:00
2026.02.27 14:00:00,entry,3,1,done at 5223.379,1039,5223.379,5205.297,5277.625,0.09,162.74,29879.65,149.39825000000002,2026.02.27 14:00:00
2026.02.27 21:00:00,manage_error,3,1,market closed,1039,5223.379,5223.379,5277.625,0.0,0.0,0.0,0.0,2026.02.27 21:00:00
2026.03.02 00:00:00,trail,1,1,closed H1 ratchet,1038,5177.009,5177.009,5404.263,0.0,0.0,0.0,0.0,2026.03.02 00:00:00
2026.03.02 00:00:00,entry,3,1,done at 5387.049,1041,5387.049,5363.671,5457.183,0.07,163.64,31065.39,155.32695,2026.03.02 00:00:00
2026.03.02 21:00:00,error,1,1,market closed,0,5332.841,5237.245,5619.63,0.02,191.192,30935.71,154.67855,2026.03.02 21:00:00
2026.03.03 00:00:00,entry,1,1,done at 5345.948,1044,5345.948,5255.729,5616.605,0.02,180.44,30935.71,154.67855,2026.03.03 00:00:00
2026.03.10 02:00:00,entry,3,1,done at 5184.348,1046,5184.348,5153.856,5275.824,0.06,182.95,30755.09,153.77545,2026.03.10 02:00:00
2026.03.25 01:00:00,entry,2,1,done at 4563.454,1048,4563.454,4518.276,4608.632,0.04,180.72,30567.73,152.83865,2026.03.25 01:00:00
2026.03.31 02:00:00,entry,3,1,done at 4605.163,1050,4605.163,4572.228,4703.968,0.05,164.68,30386.79,151.93395,2026.03.31 02:00:00
2026.04.02 15:00:00,entry,1,1,done at 4681.743,1052,4681.743,4549.013,5079.934,0.02,265.46,30221.66,151.10829999999999,2026.04.02 15:00:00
2026.04.02 19:00:00,occupied,1,1,one position per engine,0,0.0,0.0,0.0,0.0,0.0,0.0,0.0,2026.04.02 19:00:00
2026.04.06 05:00:00,occupied,1,1,one position per engine,0,0.0,0.0,0.0,0.0,0.0,0.0,0.0,2026.04.06 05:00:00
2026.04.07 09:00:00,occupied,1,1,one position per engine,0,0.0,0.0,0.0,0.0,0.0,0.0,0.0,2026.04.07 09:00:00
2026.04.07 23:00:00,entry,3,1,done at 4818.610,1053,4818.61,4783.425,4924.165,0.05,175.92,30491.88,152.45940000000002,2026.04.07 23:00:00
2026.04.09 11:00:00,occupied,1,1,one position per engine,0,0.0,0.0,0.0,0.0,0.0,0.0,0.0,2026.04.09 11:00:00
2026.04.13 17:00:00,occupied,1,1,one position per engine,0,0.0,0.0,0.0,0.0,0.0,0.0,0.0,2026.04.13 17:00:00
2026.04.15 14:00:00,occupied,1,1,one position per engine,0,0.0,0.0,0.0,0.0,0.0,0.0,0.0,2026.04.15 14:00:00
2026.04.17 05:00:01,occupied,1,1,one position per engine,0,0.0,0.0,0.0,0.0,0.0,0.0,0.0,2026.04.17 05:00:00
2026.04.17 12:00:00,occupied,1,1,one position per engine,0,0.0,0.0,0.0,0.0,0.0,0.0,0.0,2026.04.17 12:00:00
2026.04.17 13:00:00,entry,2,1,done at 4846.561,1055,4846.561,4830.627,4862.495,0.1,159.34,30355.89,151.77945,2026.04.17 13:00:00
2026.04.17 13:00:00,entry,3,1,done at 4846.561,1056,4846.561,4830.627,4894.363,0.1,159.34,30354.37,151.77185,2026.04.17 13:00:00
2026.04.17 14:00:00,trail,3,1,closed H1 ratchet,1056,4846.561,4846.561,4894.363,0.0,0.0,0.0,0.0,2026.04.17 14:00:00
2026.04.17 14:00:00,occupied,3,1,one position per engine,0,0.0,0.0,0.0,0.0,0.0,0.0,0.0,2026.04.17 14:00:00
2026.04.20 12:00:00,occupied,1,1,one position per engine,0,0.0,0.0,0.0,0.0,0.0,0.0,0.0,2026.04.20 12:00:00
2026.04.30 11:00:00,entry,2,1,done at 4639.822,1060,4639.822,4619.136,4660.508,0.08,165.49,29906.55,149.53275,2026.04.30 11:00:00
2026.05.07 07:00:00,entry,3,1,done at 4739.444,1062,4739.444,4719.482,4799.331,0.08,159.69,29737.65,148.68825,2026.05.07 07:00:00
2026.05.08 02:00:00,entry,1,1,done at 4722.906,1064,4722.906,4653.449,4931.277,0.03,208.37,29576.92,147.88459999999998,2026.05.08 02:00:00
2026.05.08 06:00:00,occupied,1,1,one position per engine,0,0.0,0.0,0.0,0.0,0.0,0.0,0.0,2026.05.08 06:00:00
2026.05.08 09:00:00,occupied,1,1,one position per engine,0,0.0,0.0,0.0,0.0,0.0,0.0,0.0,2026.05.08 09:00:00
2026.05.08 11:00:00,occupied,1,1,one position per engine,0,0.0,0.0,0.0,0.0,0.0,0.0,0.0,2026.05.08 11:00:00
2026.05.11 13:00:00,entry,1,1,done at 4700.018,1066,4700.018,4644.155,4867.607,0.03,167.58,29366.19,146.83095,2026.05.11 13:00:00
2026.05.12 20:00:00,entry,1,1,done at 4715.914,1068,4715.914,4654.813,4899.217,0.03,183.3,29196.73,145.98365,2026.05.12 20:00:00
2026.05.13 06:00:00,occupied,1,1,one position per engine,0,0.0,0.0,0.0,0.0,0.0,0.0,0.0,2026.05.13 06:00:00
2026.05.13 08:00:00,occupied,1,1,one position per engine,0,0.0,0.0,0.0,0.0,0.0,0.0,0.0,2026.05.13 08:00:00
2026.05.13 23:00:00,occupied,1,1,one position per engine,0,0.0,0.0,0.0,0.0,0.0,0.0,0.0,2026.05.13 23:00:00
2026.05.14 05:00:00,occupied,1,1,one position per engine,0,0.0,0.0,0.0,0.0,0.0,0.0,0.0,2026.05.14 05:00:00
2026.05.29 15:00:00,entry,3,1,done at 4564.427,1070,4564.427,4547.771,4614.395,0.09,149.9,29006.68,145.0334,2026.05.29 15:00:00
2026.05.29 16:00:00,occupied,3,1,one position per engine,0,0.0,0.0,0.0,0.0,0.0,0.0,0.0,2026.05.29 16:00:00
2026.06.02 07:00:00,entry,2,1,done at 4535.602,1072,4535.602,4517.907,4553.297,0.09,159.26,28856.08,144.28040000000001,2026.06.02 07:00:00
2026.06.04 12:00:00,entry,2,1,done at 4511.409,1074,4511.409,4493.215,4529.603,0.08,145.55,28696.31,143.48155,2026.06.04 12:00:00
2026.06.11 23:00:00,entry,2,1,done at 4243.539,1076,4243.539,4212.246,4274.832,0.05,156.47,28550.11,142.75055,2026.06.11 23:00:00
2026.06.14 23:00:00,entry,3,1,done at 4285.614,1078,4285.614,4261.207,4358.835,0.06,146.44,28390.46,141.9523,2026.06.14 23:00:00
2026.06.15 03:00:00,trail,3,1,closed H1 ratchet,1078,4285.614,4285.614,4358.835,0.0,0.0,0.0,0.0,2026.06.15 03:00:00
2026.06.17 01:00:00,entry,1,1,done at 4336.968,1080,4336.968,4296.395,4458.919,0.04,162.29,28829.81,144.14905000000002,2026.06.17 01:00:00
2026.06.17 18:00:00,entry,3,1,done at 4379.823,1081,4379.823,4365.312,4423.357,0.1,145.11,29000.77,145.00385,2026.06.17 18:00:00
2026.06.18 02:00:00,entry,1,1,done at 4318.183,1084,4318.183,4239.034,4555.63,0.02,158.3,28514.96,142.57479999999998,2026.06.18 02:00:00
2026.06.18 04:00:00,occupied,1,1,one position per engine,0,0.0,0.0,0.0,0.0,0.0,0.0,0.0,2026.06.18 04:00:00
2026.07.01 14:00:00,entry,2,1,done at 4089.644,1086,4089.644,4070.332,4108.956,0.08,154.49,28356.44,141.7822,2026.07.01 14:00:00
2026.07.01 14:00:00,entry,3,1,done at 4089.644,1087,4089.644,4070.332,4147.58,0.08,154.49,28355.6,141.778,2026.07.01 14:00:00
2026.07.02 13:00:00,entry,3,1,done at 4117.823,1090,4117.823,4098.713,4175.154,0.08,152.88,28355.32,141.7766,2026.07.02 13:00:00
2026.07.03 01:00:00,trail,3,1,closed H1 ratchet,1090,4117.823,4117.823,4175.154,0.0,0.0,0.0,0.0,2026.07.03 01:00:00
2026.07.03 02:00:00,entry,3,1,done at 4182.532,1092,4182.532,4160.486,4248.67,0.07,154.32,28809.3,144.0465,2026.07.03 02:00:00
2026.07.07 12:00:00,entry,1,1,done at 4156.811,1094,4156.811,4116.735,4277.039,0.04,160.3,28654.07,143.27035,2026.07.07 12:00:00
2026.07.22 01:00:00,entry,3,1,done at 4097.549,1096,4097.549,4084.14,4137.776,0.11,147.5,28491.21,142.45605,2026.07.22 01:00:00
2026.07.22 02:00:00,trail,3,1,closed H1 ratchet,1096,4097.549,4097.549,4137.776,0.0,0.0,0.0,0.0,2026.07.22 02:00:00
2026.07.22 02:00:00,occupied,3,1,one position per engine,0,0.0,0.0,0.0,0.0,0.0,0.0,0.0,2026.07.22 02:00:00
2026.07.22 14:00:00,entry,3,1,done at 4154.666,1098,4154.666,4140.024,4198.592,0.1,146.42,28937.2,144.686,2026.07.22 14:00:00
2026.07.27 20:00:00,entry,1,1,done at 4083.664,1100,4083.664,4044.034,4202.338,0.04,158.52,28789.76,143.9488,2026.07.27 20:00:00
2026.07.29 19:00:00,entry,3,1,done at 4106.731,1102,4106.731,4089.99,4156.954,0.09,150.67,28628.63,143.14315,2026.07.29 19:00:00
2026.08.05 01:00:00,entry,1,1,done at 4082.570,1104,4082.57,4037.405,4218.065,0.04,180.66,28477.02,142.3851,2026.08.05 01:00:00
2026.08.05 03:00:00,entry,3,1,done at 4129.390,1105,4129.39,4112.368,4180.456,0.09,153.2,28663.92,143.31959999999998,2026.08.05 03:00:00
2026.08.05 06:00:00,trail,3,1,closed H1 ratchet,1105,4129.39,4129.39,4180.456,0.0,0.0,0.0,0.0,2026.08.05 06:00:00
2026.08.05 06:00:00,trail,1,1,closed H1 ratchet,1104,4082.57,4082.57,4218.065,0.0,0.0,0.0,0.0,2026.08.05 06:00:00
2026.08.05 06:00:00,occupied,3,1,one position per engine,0,0.0,0.0,0.0,0.0,0.0,0.0,0.0,2026.08.05 06:00:00
2026.08.05 15:00:00,entry,3,1,done at 4244.076,1108,4244.076,4224.32,4303.344,0.08,158.05,29478.09,147.39045,2026.08.05 15:00:00
2026.08.06 00:00:00,trail,3,1,closed H1 ratchet,1108,4244.076,4244.076,4303.344,0.0,0.0,0.0,0.0,2026.08.06 00:00:00
2026.08.07 00:00:00,entry,1,1,done at 4252.534,1110,4252.534,4196.923,4419.367,0.03,166.83,29941.07,149.70535,2026.08.07 00:00:00
2026.08.07 02:00:00,occupied,1,1,one position per engine,0,0.0,0.0,0.0,0.0,0.0,0.0,0.0,2026.08.07 02:00:00
2026.08.07 13:00:00,trail,1,1,closed H1 ratchet,1110,4252.534,4252.534,4419.367,0.0,0.0,0.0,0.0,2026.08.07 13:00:00
2026.08.07 13:00:00,entry,3,1,done at 4361.428,1111,4361.428,4342.331,4418.719,0.08,152.77,30267.43,151.33715,2026.08.07 13:00:00
2026.08.11 02:00:00,entry,3,1,done at 4429.835,1114,4429.835,4412.858,4481.054,0.09,152.8,30284.61,151.42305,2026.08.11 02:00:00
2026.08.11 11:00:00,entry,1,1,done at 4382.424,1116,4382.424,4324.951,4554.843,0.03,172.42,30130.58,150.65290000000002,2026.08.11 11:00:00
2026.08.12 01:00:00,occupied,1,1,one position per engine,0,0.0,0.0,0.0,0.0,0.0,0.0,0.0,2026.08.12 01:00:00
2026.08.12 13:00:00,entry,3,1,done at 4437.332,1117,4437.332,4421.111,4485.996,0.1,162.21,30293.39,151.46695,2026.08.12 13:00:00
2026.08.13 13:00:00,occupied,1,1,one position per engine,0,0.0,0.0,0.0,0.0,0.0,0.0,0.0,2026.08.13 13:00:00
2026.08.14 12:00:00,entry,1,1,done at 4369.266,1120,4369.266,4322.21,4510.434,0.04,188.22,29785.33,148.92665,2026.08.14 12:00:00
2026.08.17 14:00:00,occupied,1,1,one position per engine,0,0.0,0.0,0.0,0.0,0.0,0.0,0.0,2026.08.17 14:00:00
2026.08.19 13:00:00,entry,3,1,done at 4438.890,1121,4438.89,4422.006,4489.542,0.09,151.96,30056.99,150.28495,2026.08.19 13:00:00
2026.08.19 14:00:00,trail,1,1,closed H1 ratchet,1120,4369.266,4369.266,4510.434,0.0,0.0,0.0,0.0,2026.08.19 14:00:00
2026.08.19 14:00:00,entry,2,1,done at 4459.607,1122,4459.607,4441.047,4478.167,0.09,167.04,30325.36,151.6268,2026.08.19 14:00:00
2026.08.19 14:00:00,occupied,3,1,one position per engine,0,0.0,0.0,0.0,0.0,0.0,0.0,0.0,2026.08.19 14:00:00
2026.08.19 15:00:00,entry,3,1,done at 4488.287,1125,4488.287,4468.13,4548.758,0.08,161.26,30878.22,154.3911,2026.08.19 15:00:00
2026.08.19 22:00:30,trail,3,1,closed H1 ratchet,1125,4488.287,4488.287,4548.758,0.0,0.0,0.0,0.0,2026.08.19 22:00:00
2026.08.24 20:00:00,entry,1,1,done at 4651.925,1128,4651.925,4582.564,4860.008,0.03,208.09,30954.48,154.7724,2026.08.24 20:00:00
2026.08.25 12:00:00,occupied,1,1,one position per engine,0,0.0,0.0,0.0,0.0,0.0,0.0,0.0,2026.08.25 12:00:00
2026.08.25 16:00:00,occupied,1,1,one position per engine,0,0.0,0.0,0.0,0.0,0.0,0.0,0.0,2026.08.25 16:00:00
2026.08.27 00:00:00,occupied,1,1,one position per engine,0,0.0,0.0,0.0,0.0,0.0,0.0,0.0,2026.08.27 00:00:00
2026.08.27 02:00:00,occupied,1,1,one position per engine,0,0.0,0.0,0.0,0.0,0.0,0.0,0.0,2026.08.27 02:00:00
2026.09.03 02:00:00,entry,2,1,done at 4410.598,1130,4410.598,4392.624,4428.572,0.09,161.76,30738.2,153.691,2026.09.03 02:00:00
2026.09.03 13:00:00,entry,3,1,done at 4493.547,1132,4493.547,4476.831,4543.695,0.1,167.16,30901.75,154.50875,2026.09.03 13:00:00
