time,event,engine,dir,note,position_id,entry,sl,tp,volume,risk_cash,equity_before,requested_risk_cash,decision_bar
2019.01.02 03:00:00,entry,1,1,done at 1282.868,2,1282.868,1276.777,1301.141,0.05,30.45,10000.0,30.0,2019.01.02 03:00:00
2019.01.02 23:01:00,occupied,1,1,one position per engine,0,0.0,0.0,0.0,0.0,0.0,0.0,0.0,2019.01.02 23:00:00
2019.01.03 07:00:00,trail,1,1,closed H1 ratchet,2,1282.868,1282.868,1301.141,0.0,0.0,0.0,0.0,2019.01.03 07:00:00
2019.01.03 13:00:00,occupied,1,1,one position per engine,0,0.0,0.0,0.0,0.0,0.0,0.0,0.0,2019.01.03 13:00:00
2019.01.07 02:00:00,entry,1,1,done at 1288.997,4,1288.997,1279.701,1316.885,0.04,37.19,9988.99,29.966969999999996,2019.01.07 02:00:00
2019.01.08 18:00:00,entry,1,1,done at 1286.553,6,1286.553,1280.238,1305.498,0.05,31.58,9949.31,29.847929999999998,2019.01.08 18:00:00
2019.01.09 14:00:00,entry,1,1,done at 1284.807,8,1284.807,1279.803,1299.819,0.06,30.02,9914.78,29.74434,2019.01.09 14:00:00
2019.01.09 21:00:00,manage_error,1,1,market closed,8,1284.807,1284.807,1299.819,0.0,0.0,0.0,0.0,2019.01.09 21:00:00
2019.01.09 23:01:00,trail,1,1,closed H1 ratchet,8,1284.807,1284.807,1299.819,0.0,0.0,0.0,0.0,2019.01.09 23:00:00
2019.01.11 02:00:00,occupied,1,1,one position per engine,0,0.0,0.0,0.0,0.0,0.0,0.0,0.0,2019.01.11 02:00:00
2019.01.14 02:00:00,occupied,1,1,one position per engine,0,0.0,0.0,0.0,0.0,0.0,0.0,0.0,2019.01.14 02:00:00
2019.01.14 20:00:00,occupied,1,1,one position per engine,0,0.0,0.0,0.0,0.0,0.0,0.0,0.0,2019.01.14 20:00:00
2019.01.15 02:00:00,occupied,1,1,one position per engine,0,0.0,0.0,0.0,0.0,0.0,0.0,0.0,2019.01.15 02:00:00
2019.01.16 01:00:00,occupied,1,1,one position per engine,0,0.0,0.0,0.0,0.0,0.0,0.0,0.0,2019.01.16 01:00:00
2019.01.16 06:00:00,occupied,1,1,one position per engine,0,0.0,0.0,0.0,0.0,0.0,0.0,0.0,2019.01.16 06:00:00
2019.01.16 09:00:00,occupied,1,1,one position per engine,0,0.0,0.0,0.0,0.0,0.0,0.0,0.0,2019.01.16 09:00:00
2019.01.18 00:00:00,occupied,1,1,one position per engine,0,0.0,0.0,0.0,0.0,0.0,0.0,0.0,2019.01.18 00:00:00
2019.01.18 05:00:00,occupied,1,1,one position per engine,0,0.0,0.0,0.0,0.0,0.0,0.0,0.0,2019.01.18 05:00:00
2019.01.25 14:00:00,entry,3,1,done at 1288.769,10,1288.769,1287.158,1293.602,0.19,30.61,9879.14,29.63742,2019.01.25 14:00:00
2019.01.25 15:00:00,entry,3,1,done at 1293.787,12,1293.787,1291.979,1299.211,0.17,30.74,9970.09,29.91027,2019.01.25 15:00:00
2019.01.25 16:00:00,trail,3,1,closed H1 ratchet,12,1293.787,1293.787,1299.211,0.0,0.0,0.0,0.0,2019.01.25 16:00:00
2019.01.25 16:00:00,occupied,3,1,one position per engine,0,0.0,0.0,0.0,0.0,0.0,0.0,0.0,2019.01.25 16:00:00
2019.01.30 20:00:00,entry,3,1,done at 1320.071,14,1320.071,1317.786,1326.926,0.14,31.99,10061.82,30.18546,2019.01.30 20:00:00
2019.02.01 10:00:00,entry,1,1,done at 1319.536,16,1319.536,1313.808,1336.72,0.06,34.37,10028.88,30.08664,2019.02.01 10:00:00
2019.02.05 03:00:00,entry,1,1,done at 1314.659,18,1314.659,1309.598,1329.842,0.06,30.36,9990.95,29.972850000000005,2019.02.05 03:00:00
2019.02.05 18:00:00,occupied,1,1,one position per engine,0,0.0,0.0,0.0,0.0,0.0,0.0,0.0,2019.02.05 18:00:00
2019.02.12 19:00:00,entry,1,1,done at 1310.645,20,1310.645,1305.309,1326.653,0.06,32.02,9957.04,29.87112,2019.02.12 19:00:00
2019.02.13 02:00:00,occupied,1,1,one position per engine,0,0.0,0.0,0.0,0.0,0.0,0.0,0.0,2019.02.13 02:00:00
2019.02.15 19:00:00,entry,3,1,done at 1320.829,22,1320.829,1318.952,1326.46,0.16,30.03,9921.47,29.764409999999998,2019.02.15 19:00:00
2019.02.18 02:00:00,trail,3,1,closed H1 ratchet,22,1320.829,1320.829,1326.46,0.0,0.0,0.0,0.0,2019.02.18 02:00:00
2019.02.19 09:00:00,entry,3,1,done at 1328.676,24,1328.676,1327.175,1333.179,0.2,30.02,10002.21,30.006629999999994,2019.02.19 09:00:00
2019.02.19 14:00:00,trail,3,1,closed H1 ratchet,24,1328.676,1328.676,1333.179,0.0,0.0,0.0,0.0,2019.02.19 14:00:00
2019.02.19 16:00:00,entry,3,1,done at 1338.370,26,1338.37,1336.546,1343.842,0.17,31.01,10091.37,30.27411,2019.02.19 16:00:00
2019.02.19 18:00:00,entry,3,1,done at 1340.717,28,1340.717,1338.682,1346.822,0.15,30.53,10059.17,30.177509999999998,2019.02.19 18:00:00
2019.02.20 02:00:00,trail,3,1,closed H1 ratchet,28,1340.717,1340.717,1346.822,0.0,0.0,0.0,0.0,2019.02.20 02:00:00
2019.02.20 02:00:00,occupied,3,1,one position per engine,0,0.0,0.0,0.0,0.0,0.0,0.0,0.0,2019.02.20 02:00:00
2019.02.22 14:00:00,entry,1,1,done at 1328.962,30,1328.962,1321.84,1350.328,0.05,35.61,10050.26,30.15078,2019.02.22 14:00:00
2019.02.25 01:00:00,occupied,1,1,one position per engine,0,0.0,0.0,0.0,0.0,0.0,0.0,0.0,2019.02.25 01:00:00
2019.02.26 03:00:00,occupied,1,1,one position per engine,0,0.0,0.0,0.0,0.0,0.0,0.0,0.0,2019.02.26 03:00:00
2019.02.26 20:00:00,occupied,1,1,one position per engine,0,0.0,0.0,0.0,0.0,0.0,0.0,0.0,2019.02.26 20:00:00
2019.03.08 06:00:00,entry,2,1,done at 1290.869,32,1290.869,1288.901,1292.837,0.16,31.48,10006.24,30.01872,2019.03.08 06:00:00
2019.03.08 14:00:00,entry,3,1,done at 1298.190,34,1298.19,1296.255,1303.995,0.16,30.96,10037.01,30.11103,2019.03.08 14:00:00
2019.03.12 19:00:00,entry,3,1,done at 1301.965,36,1301.965,1300.08,1307.62,0.16,30.16,10004.99,30.014969999999998,2019.03.12 19:00:00
2019.03.13 03:00:00,trail,3,1,closed H1 ratchet,36,1301.965,1301.965,1307.62,0.0,0.0,0.0,0.0,2019.03.13 03:00:00
2019.03.18 07:00:00,entry,1,1,done at 1303.714,38,1303.714,1298.254,1320.094,0.06,32.76,10086.4,30.259199999999996,2019.03.18 07:00:00
2019.03.18 22:01:00,occupied,1,1,one position per engine,0,0.0,0.0,0.0,0.0,0.0,0.0,0.0,2019.03.18 22:00:00
2019.03.20 13:00:00,occupied,1,1,one position per engine,0,0.0,0.0,0.0,0.0,0.0,0.0,0.0,2019.03.20 13:00:00
2019.03.20 19:00:00,trail,1,1,closed H1 ratchet,38,1303.714,1303.714,1320.094,0.0,0.0,0.0,0.0,2019.03.20 19:00:00
2019.03.20 19:00:00,occupied,1,1,one position per engine,0,0.0,0.0,0.0,0.0,0.0,0.0,0.0,2019.03.20 19:00:00
2019.03.20 19:00:00,entry,2,1,done at 1314.632,39,1314.632,1311.833,1317.431,0.11,30.79,10144.24,30.43272,2019.03.20 19:00:00
2019.03.20 19:00:00,entry,3,1,done at 1314.632,40,1314.632,1311.833,1323.029,0.11,30.79,10141.94,30.425819999999998,2019.03.20 19:00:00
2019.03.21 05:00:00,trail,3,1,closed H1 ratchet,40,1314.632,1314.632,1323.029,0.0,0.0,0.0,0.0,2019.03.21 05:00:00
2019.03.22 07:00:00,entry,1,1,done at 1311.271,44,1311.271,1303.781,1333.741,0.05,37.45,10162.39,30.487169999999995,2019.03.22 07:00:00
2019.03.25 18:00:00,trail,1,1,closed H1 ratchet,44,1311.271,1311.271,1333.741,0.0,0.0,0.0,0.0,2019.03.25 18:00:00
2019.03.27 01:00:00,occupied,1,1,one position per engine,0,0.0,0.0,0.0,0.0,0.0,0.0,0.0,2019.03.27 01:00:00
2019.04.08 13:00:00,entry,3,1,done at 1303.407,46,1303.407,1301.864,1308.036,0.2,30.86,10154.09,30.46227,2019.04.08 13:00:00
2019.04.09 13:00:00,entry,3,1,done at 1304.918,48,1304.918,1303.343,1309.643,0.2,31.5,10121.81,30.365429999999996,2019.04.09 13:00:00
2019.04.25 14:00:00,entry,3,1,done at 1282.038,50,1282.038,1280.238,1287.438,0.17,30.6,10088.45,30.26535,2019.04.25 14:00:00
2019.04.26 14:00:00,entry,3,1,done at 1285.801,52,1285.801,1283.898,1291.51,0.16,30.45,10056.55,30.169649999999997,2019.04.26 14:00:00
2019.04.30 01:00:00,entry,1,1,done at 1282.099,54,1282.099,1277.568,1295.692,0.07,31.71,10016.64,30.049919999999997,2019.04.30 01:00:00
2019.04.30 16:00:00,occupied,1,1,one position per engine,0,0.0,0.0,0.0,0.0,0.0,0.0,0.0,2019.04.30 16:00:00
2019.05.01 10:00:00,occupied,1,1,one position per engine,0,0.0,0.0,0.0,0.0,0.0,0.0,0.0,2019.05.01 10:00:00
2019.05.01 15:00:00,occupied,1,1,one position per engine,0,0.0,0.0,0.0,0.0,0.0,0.0,0.0,2019.05.01 15:00:00
2019.05.01 18:00:00,occupied,1,1,one position per engine,0,0.0,0.0,0.0,0.0,0.0,0.0,0.0,2019.05.01 18:00:00
2019.05.03 15:00:00,entry,2,1,done at 1280.734,56,1280.734,1279.001,1282.467,0.18,31.19,9980.73,29.942189999999997,2019.05.03 15:00:00
2019.05.06 23:00:00,entry,1,1,done at 1281.600,58,1281.6,1276.734,1296.198,0.07,34.06,10011.57,30.03471,2019.05.06 23:00:00
2019.05.08 10:00:00,trail,1,1,closed H1 ratchet,58,1281.6,1281.6,1296.198,0.0,0.0,0.0,0.0,2019.05.08 10:00:00
2019.05.09 14:00:00,entry,1,1,done at 1286.178,60,1286.178,1280.904,1302.0,0.06,31.65,10003.7,30.011100000000003,2019.05.09 14:00:00
2019.05.12 23:00:00,occupied,1,1,one position per engine,0,0.0,0.0,0.0,0.0,0.0,0.0,0.0,2019.05.12 23:00:00
2019.05.13 13:00:00,occupied,1,1,one position per engine,0,0.0,0.0,0.0,0.0,0.0,0.0,0.0,2019.05.13 13:00:00
2019.05.13 13:00:00,entry,2,1,done at 1291.636,61,1291.636,1289.805,1293.467,0.17,31.12,10028.81,30.086429999999996,2019.05.13 13:00:00
2019.05.13 13:00:00,entry,3,1,done at 1291.636,62,1291.636,1289.805,1297.129,0.17,31.12,10025.36,30.07608,2019.05.13 13:00:00
2019.05.13 14:00:00,trail,1,1,closed H1 ratchet,60,1286.178,1286.178,1302.0,0.0,0.0,0.0,0.0,2019.05.13 14:00:00
2019.05.13 14:00:00,entry,3,1,done at 1297.572,65,1297.572,1295.425,1304.013,0.15,32.2,10187.73,30.56319,2019.05.13 14:00:00
2019.05.14 00:00:00,trail,3,1,closed H1 ratchet,65,1297.572,1297.572,1304.013,0.0,0.0,0.0,0.0,2019.05.14 00:00:00
2019.05.14 20:00:00,entry,1,1,done at 1297.097,68,1297.097,1291.658,1313.414,0.06,32.63,10202.87,30.608610000000002,2019.05.14 20:00:00
2019.05.15 17:00:00,occupied,1,1,one position per engine,0,0.0,0.0,0.0,0.0,0.0,0.0,0.0,2019.05.15 17:00:00
2019.05.16 07:00:00,occupied,1,1,one position per engine,0,0.0,0.0,0.0,0.0,0.0,0.0,0.0,2019.05.16 07:00:00
2019.05.23 11:00:00,entry,2,1,done at 1277.739,70,1277.739,1276.545,1278.933,0.26,31.04,10157.03,30.47109,2019.05.23 11:00:00
2019.05.23 13:00:00,entry,3,1,done at 1282.899,72,1282.899,1281.467,1287.195,0.22,31.51,10186.73,30.56019,2019.05.23 13:00:00
2019.05.23 15:00:00,entry,3,1,done at 1285.632,74,1285.632,1283.935,1290.723,0.18,30.55,10153.49,30.46047,2019.05.23 15:00:00
2019.05.24 13:00:00,entry,1,1,done at 1283.373,76,1283.373,1279.196,1295.904,0.08,33.41,10121.81,30.365429999999996,2019.05.24 13:00:00
2019.05.24 15:00:00,occupied,1,1,one position per engine,0,0.0,0.0,0.0,0.0,0.0,0.0,0.0,2019.05.24 15:00:00
2019.05.28 00:00:00,occupied,1,1,one position per engine,0,0.0,0.0,0.0,0.0,0.0,0.0,0.0,2019.05.28 00:00:00
2019.05.28 09:00:00,occupied,1,1,one position per engine,0,0.0,0.0,0.0,0.0,0.0,0.0,0.0,2019.05.28 09:00:00
2019.05.30 16:00:00,entry,2,1,done at 1287.452,78,1287.452,1285.505,1289.399,0.16,31.15,10079.23,30.237689999999997,2019.05.30 16:00:00
2019.05.30 16:00:00,entry,3,1,done at 1287.452,79,1287.452,1285.505,1293.293,0.16,31.15,10075.98,30.22794,2019.05.30 16:00:00
2019.05.31 00:00:00,trail,3,1,closed H1 ratchet,79,1287.452,1287.452,1293.293,0.0,0.0,0.0,0.0,2019.05.31 00:00:00
2019.05.31 10:00:00,entry,3,1,done at 1299.006,82,1299.006,1296.941,1305.201,0.15,30.97,10194.0,30.581999999999997,2019.05.31 10:00:00
2019.05.31 15:00:00,entry,3,1,done at 1302.567,84,1302.567,1300.299,1309.371,0.14,31.75,10161.66,30.48498,2019.05.31 15:00:00
2019.06.03 08:00:00,entry,3,1,done at 1315.272,86,1315.272,1312.469,1323.681,0.11,30.83,10129.08,30.38724,2019.06.03 08:00:00
2019.06.03 15:00:00,trail,3,1,closed H1 ratchet,86,1315.272,1315.272,1323.681,0.0,0.0,0.0,0.0,2019.06.03 15:00:00
2019.06.03 18:00:00,entry,3,1,done at 1325.799,88,1325.799,1323.12,1333.836,0.12,32.15,10221.29,30.663870000000003,2019.06.03 18:00:00
2019.06.04 17:00:00,entry,1,1,done at 1323.614,90,1323.614,1315.092,1349.18,0.04,34.09,10181.89,30.545669999999994,2019.06.04 17:00:00
2019.06.05 07:00:00,entry,3,1,done at 1333.700,91,1333.7,1330.96,1341.92,0.12,32.88,10219.27,30.657809999999998,2019.06.05 07:00:00
2019.06.05 10:00:00,trail,3,1,closed H1 ratchet,91,1333.7,1333.7,1341.92,0.0,0.0,0.0,0.0,2019.06.05 10:00:00
2019.06.05 10:00:00,trail,1,1,closed H1 ratchet,90,1323.614,1323.614,1349.18,0.0,0.0,0.0,0.0,2019.06.05 10:00:00
2019.06.05 10:00:00,occupied,3,1,one position per engine,0,0.0,0.0,0.0,0.0,0.0,0.0,0.0,2019.06.05 10:00:00
2019.06.05 13:00:00,entry,3,1,done at 1340.974,93,1340.974,1338.107,1349.575,0.11,31.53,10247.62,30.74286,2019.06.05 13:00:00
2019.06.05 23:00:00,occupied,1,1,one position per engine,0,0.0,0.0,0.0,0.0,0.0,0.0,0.0,2019.06.05 23:00:00
2019.06.07 12:00:00,occupied,1,1,one position per engine,0,0.0,0.0,0.0,0.0,0.0,0.0,0.0,2019.06.07 12:00:00
2019.06.14 07:00:00,entry,3,1,done at 1355.382,96,1355.382,1352.798,1363.134,0.12,31.0,10133.4,30.400199999999998,2019.06.14 07:00:00
2019.06.17 16:00:00,entry,1,1,done at 1341.027,98,1341.027,1332.675,1366.083,0.04,33.41,10101.69,30.30507,2019.06.17 16:00:00
2019.06.18 15:00:00,occupied,1,1,one position per engine,0,0.0,0.0,0.0,0.0,0.0,0.0,0.0,2019.06.18 15:00:00
2019.06.19 05:00:00,occupied,1,1,one position per engine,0,0.0,0.0,0.0,0.0,0.0,0.0,0.0,2019.06.19 05:00:00
2019.06.19 15:00:00,occupied,1,1,one position per engine,0,0.0,0.0,0.0,0.0,0.0,0.0,0.0,2019.06.19 15:00:00
2019.06.19 20:00:00,trail,1,1,closed H1 ratchet,98,1341.027,1341.027,1366.083,0.0,0.0,0.0,0.0,2019.06.19 20:00:00
2019.06.19 22:01:00,entry,3,1,done at 1360.455,99,1360.455,1357.334,1369.818,0.1,31.21,10174.24,30.52272,2019.06.19 22:00:00
2019.06.20 01:00:00,entry,3,1,done at 1371.508,102,1371.508,1367.763,1382.743,0.09,33.7,10268.23,30.804689999999997,2019.06.20 01:00:00
2019.06.20 02:00:00,entry,3,1,done at 1377.566,104,1377.566,1372.719,1392.107,0.07,33.93,10369.48,31.108439999999995,2019.06.20 02:00:00
2019.06.20 16:00:00,trail,3,1,closed H1 ratchet,104,1377.566,1377.566,1392.107,0.0,0.0,0.0,0.0,2019.06.20 16:00:00
2019.06.21 02:00:00,entry,3,1,done at 1404.759,106,1404.759,1400.135,1418.631,0.07,32.36,10470.97,31.412909999999997,2019.06.21 02:00:00
2019.06.21 11:00:00,entry,1,1,done at 1394.919,108,1394.919,1377.365,1447.581,0.02,35.11,10438.04,31.314120000000003,2019.06.21 11:00:00
2019.06.24 16:00:00,entry,3,1,done at 1413.962,109,1413.962,1409.653,1426.889,0.08,34.48,10474.62,31.42386,2019.06.24 16:00:00
2019.06.24 23:00:00,trail,3,1,closed H1 ratchet,109,1413.962,1413.962,1426.889,0.0,0.0,0.0,0.0,2019.06.24 23:00:00
2019.06.24 23:00:00,trail,1,1,closed H1 ratchet,108,1394.919,1394.919,1447.581,0.0,0.0,0.0,0.0,2019.06.24 23:00:00
2019.06.25 04:00:00,entry,3,1,done at 1436.392,111,1436.392,1432.049,1449.421,0.08,34.75,10617.12,31.85136,2019.06.25 04:00:00
2019.06.26 16:00:00,occupied,1,1,one position per engine,0,0.0,0.0,0.0,0.0,0.0,0.0,0.0,2019.06.26 16:00:00
2019.06.27 17:00:00,occupied,1,1,one position per engine,0,0.0,0.0,0.0,0.0,0.0,0.0,0.0,2019.06.27 17:00:00
2019.07.02 17:00:00,entry,2,1,done at 1405.204,114,1405.204,1401.735,1408.673,0.1,34.69,10488.26,31.46478,2019.07.02 17:00:00
2019.07.02 22:01:00,entry,3,1,done at 1419.822,116,1419.822,1415.776,1431.96,0.08,32.37,10522.66,31.56798,2019.07.02 22:00:00
2019.07.02 23:00:00,entry,3,1,done at 1426.907,118,1426.907,1422.216,1440.98,0.07,32.84,10619.44,31.85832,2019.07.02 23:00:00
2019.07.03 01:00:00,trail,3,1,closed H1 ratchet,118,1426.907,1426.907,1440.98,0.0,0.0,0.0,0.0,2019.07.03 01:00:00
2019.07.03 19:00:00,entry,1,1,done at 1418.543,120,1418.543,1402.577,1466.441,0.02,31.94,10614.77,31.84431,2019.07.03 19:00:00
2019.07.03 22:01:00,occupied,1,1,one position per engine,0,0.0,0.0,0.0,0.0,0.0,0.0,0.0,2019.07.03 22:00:00
2019.07.04 00:00:00,occupied,1,1,one position per engine,0,0.0,0.0,0.0,0.0,0.0,0.0,0.0,2019.07.04 00:00:00
2019.07.04 02:00:00,occupied,1,1,one position per engine,0,0.0,0.0,0.0,0.0,0.0,0.0,0.0,2019.07.04 02:00:00
2019.07.04 15:00:00,occupied,1,1,one position per engine,0,0.0,0.0,0.0,0.0,0.0,0.0,0.0,2019.07.04 15:00:00
2019.07.04 23:00:00,occupied,1,1,one position per engine,0,0.0,0.0,0.0,0.0,0.0,0.0,0.0,2019.07.04 23:00:00
2019.07.08 06:00:00,entry,1,1,done at 1404.854,122,1404.854,1389.026,1452.338,0.03,47.48,10578.41,31.735229999999998,2019.07.08 06:00:00
2019.07.10 13:00:00,entry,2,1,done at 1410.241,124,1410.241,1407.086,1413.396,0.11,34.7,10529.12,31.587360000000004,2019.07.10 13:00:00
2019.07.10 13:00:00,entry,3,1,done at 1410.241,125,1410.241,1407.086,1419.706,0.11,34.7,10526.73,31.580189999999998,2019.07.10 13:00:00
2019.07.12 08:00:00,entry,1,1,done at 1410.198,128,1410.198,1398.382,1445.646,0.03,35.44,10457.68,31.37304,2019.07.12 08:00:00
2019.07.12 17:00:00,occupied,1,1,one position per engine,0,0.0,0.0,0.0,0.0,0.0,0.0,0.0,2019.07.12 17:00:00
2019.07.15 20:00:00,occupied,1,1,one position per engine,0,0.0,0.0,0.0,0.0,0.0,0.0,0.0,2019.07.15 20:00:00
2019.07.16 05:00:00,occupied,1,1,one position per engine,0,0.0,0.0,0.0,0.0,0.0,0.0,0.0,2019.07.16 05:00:00
2019.07.16 08:00:00,occupied,1,1,one position per engine,0,0.0,0.0,0.0,0.0,0.0,0.0,0.0,2019.07.16 08:00:00
2019.07.16 12:00:00,occupied,1,1,one position per engine,0,0.0,0.0,0.0,0.0,0.0,0.0,0.0,2019.07.16 12:00:00
2019.07.17 15:00:00,entry,3,1,done at 1418.388,129,1418.388,1415.339,1427.535,0.11,33.54,10476.8,31.430399999999995,2019.07.17 15:00:00
2019.07.17 16:00:00,trail,3,1,closed H1 ratchet,129,1418.388,1418.388,1427.535,0.0,0.0,0.0,0.0,2019.07.17 16:00:00
2019.07.17 16:00:00,entry,2,1,done at 1423.833,130,1423.833,1420.819,1426.847,0.11,33.15,10550.63,31.651889999999998,2019.07.17 16:00:00
2019.07.17 16:00:00,occupied,3,1,one position per engine,0,0.0,0.0,0.0,0.0,0.0,0.0,0.0,2019.07.17 16:00:00
2019.07.18 15:00:00,occupied,1,1,one position per engine,0,0.0,0.0,0.0,0.0,0.0,0.0,0.0,2019.07.18 15:00:00
2019.07.18 16:00:00,trail,1,1,closed H1 ratchet,128,1410.198,1410.198,1445.646,0.0,0.0,0.0,0.0,2019.07.18 16:00:00
2019.07.18 16:00:00,entry,3,1,done at 1428.856,133,1428.856,1425.189,1439.857,0.09,33.0,10665.92,31.99776,2019.07.18 16:00:00
2019.07.18 19:00:00,trail,3,1,closed H1 ratchet,133,1428.856,1428.856,1439.857,0.0,0.0,0.0,0.0,2019.07.18 19:00:00
2019.07.18 19:00:00,occupied,3,1,one position per engine,0,0.0,0.0,0.0,0.0,0.0,0.0,0.0,2019.07.18 19:00:00
2019.07.18 20:00:00,entry,3,1,done at 1446.070,136,1446.07,1441.603,1459.471,0.08,35.74,10815.5,32.4465,2019.07.18 20:00:00
2019.07.22 14:00:00,entry,1,1,done at 1428.786,138,1428.786,1419.649,1456.197,0.04,36.54,10779.06,32.33718,2019.07.22 14:00:00
2019.07.22 18:00:00,occupied,1,1,one position per engine,0,0.0,0.0,0.0,0.0,0.0,0.0,0.0,2019.07.22 18:00:00
2019.07.24 03:00:00,entry,1,1,done at 1421.864,140,1421.864,1411.985,1451.501,0.04,39.52,10740.01,32.22003,2019.07.24 03:00:00
2019.07.24 18:00:00,occupied,1,1,one position per engine,0,0.0,0.0,0.0,0.0,0.0,0.0,0.0,2019.07.24 18:00:00
2019.07.25 07:00:00,occupied,1,1,one position per engine,0,0.0,0.0,0.0,0.0,0.0,0.0,0.0,2019.07.25 07:00:00
2019.07.25 12:00:00,entry,3,1,done at 1431.690,141,1431.69,1429.378,1438.626,0.14,32.37,10772.02,32.31606,2019.07.25 12:00:00
2019.07.31 05:00:00,entry,1,1,done at 1429.149,144,1429.149,1422.785,1448.241,0.06,38.18,10660.33,31.98099,2019.07.31 05:00:00
2019.08.01 18:00:00,entry,3,1,done at 1438.684,146,1438.684,1433.635,1453.831,0.07,35.34,10621.82,31.86546,2019.08.01 18:00:00
2019.08.01 19:00:00,entry,2,1,done at 1439.350,147,1439.35,1434.242,1444.458,0.07,35.76,10624.96,31.874879999999997,2019.08.01 19:00:00
2019.08.05 02:00:00,entry,3,1,done at 1449.302,150,1449.302,1444.264,1464.416,0.07,35.26,10617.66,31.85298,2019.08.05 02:00:00
2019.08.05 07:00:00,trail,3,1,closed H1 ratchet,150,1449.302,1449.302,1464.416,0.0,0.0,0.0,0.0,2019.08.05 07:00:00
2019.08.07 02:00:00,entry,3,1,done at 1484.606,152,1484.606,1479.957,1498.553,0.07,32.54,10723.16,32.16948,2019.08.07 02:00:00
2019.08.07 12:00:00,trail,3,1,closed H1 ratchet,152,1484.606,1484.606,1498.553,0.0,0.0,0.0,0.0,2019.08.07 12:00:00
2019.08.07 14:00:00,entry,3,1,done at 1508.207,154,1508.207,1503.005,1523.813,0.07,36.41,10820.41,32.46123,2019.08.07 14:00:00
2019.08.08 03:00:00,entry,1,1,done at 1502.151,156,1502.151,1479.891,1568.931,0.02,44.52,10783.44,32.35032,2019.08.08 03:00:00
2019.08.08 12:00:00,occupied,1,1,one position per engine,0,0.0,0.0,0.0,0.0,0.0,0.0,0.0,2019.08.08 12:00:00
2019.08.08 18:00:00,occupied,1,1,one position per engine,0,0.0,0.0,0.0,0.0,0.0,0.0,0.0,2019.08.08 18:00:00
2019.08.12 19:00:00,entry,3,1,done at 1512.125,157,1512.125,1507.524,1525.928,0.08,36.81,10800.82,32.40246,2019.08.12 19:00:00
2019.08.13 06:00:00,trail,3,1,closed H1 ratchet,157,1512.125,1512.125,1525.928,0.0,0.0,0.0,0.0,2019.08.13 06:00:00
2019.08.13 10:00:00,entry,3,1,done at 1532.439,159,1532.439,1527.885,1546.101,0.08,36.43,10946.23,32.83869,2019.08.13 10:00:00
2019.08.14 11:00:00,occupied,1,1,one position per engine,0,0.0,0.0,0.0,0.0,0.0,0.0,0.0,2019.08.14 11:00:00
2019.08.15 15:00:00,occupied,1,1,one position per engine,0,0.0,0.0,0.0,0.0,0.0,0.0,0.0,2019.08.15 15:00:00
2019.08.21 14:00:00,occupied,1,1,one position per engine,0,0.0,0.0,0.0,0.0,0.0,0.0,0.0,2019.08.21 14:00:00
2019.08.21 23:00:00,occupied,1,1,one position per engine,0,0.0,0.0,0.0,0.0,0.0,0.0,0.0,2019.08.21 23:00:00
2019.08.23 15:00:00,entry,2,1,done at 1519.378,161,1519.378,1516.221,1522.535,0.11,34.73,10870.08,32.61024,2019.08.23 15:00:00
2019.08.23 15:00:00,entry,3,1,done at 1519.378,162,1519.378,1516.221,1528.849,0.11,34.73,10867.69,32.60307,2019.08.23 15:00:00
2019.08.23 16:00:00,entry,3,1,done at 1528.186,165,1528.186,1524.595,1538.959,0.1,35.91,11025.49,33.07647,2019.08.23 16:00:00
2019.08.25 23:00:00,trail,1,1,closed H1 ratchet,156,1502.151,1502.151,1568.931,0.0,0.0,0.0,0.0,2019.08.25 23:00:00
2019.08.25 23:00:00,entry,3,1,done at 1547.626,167,1547.626,1542.253,1563.745,0.07,37.61,11026.44,33.07932,2019.08.25 23:00:00
2019.08.27 06:00:00,occupied,1,1,one position per engine,0,0.0,0.0,0.0,0.0,0.0,0.0,0.0,2019.08.27 06:00:00
2019.08.27 14:00:00,occupied,1,1,one position per engine,0,0.0,0.0,0.0,0.0,0.0,0.0,0.0,2019.08.27 14:00:00
2019.08.28 06:00:00,occupied,1,1,one position per engine,0,0.0,0.0,0.0,0.0,0.0,0.0,0.0,2019.08.28 06:00:00
2019.08.28 18:00:00,occupied,1,1,one position per engine,0,0.0,0.0,0.0,0.0,0.0,0.0,0.0,2019.08.28 18:00:00
2019.08.29 13:00:00,occupied,1,1,one position per engine,0,0.0,0.0,0.0,0.0,0.0,0.0,0.0,2019.08.29 13:00:00
2019.09.02 14:00:00,occupied,1,1,one position per engine,0,0.0,0.0,0.0,0.0,0.0,0.0,0.0,2019.09.02 14:00:00
2019.09.03 06:00:00,occupied,1,1,one position per engine,0,0.0,0.0,0.0,0.0,0.0,0.0,0.0,2019.09.03 06:00:00
2019.09.03 14:00:00,entry,3,1,done at 1536.929,169,1536.929,1533.552,1547.06,0.1,33.77,10958.32,32.874959999999994,2019.09.03 14:00:00
2019.09.03 15:00:00,trail,3,1,closed H1 ratchet,169,1536.929,1536.929,1547.06,0.0,0.0,0.0,0.0,2019.09.03 15:00:00
2019.09.03 15:00:00,occupied,3,1,one position per engine,0,0.0,0.0,0.0,0.0,0.0,0.0,0.0,2019.09.03 15:00:00
2019.09.04 18:00:00,entry,3,1,done at 1555.767,171,1555.767,1551.56,1568.388,0.08,33.66,11096.12,33.288360000000004,2019.09.04 18:00:00
2019.09.12 07:00:00,entry,3,1,done at 1501.272,174,1501.272,1497.821,1511.625,0.1,34.51,10949.67,32.84901,2019.09.12 07:00:00
2019.09.12 08:00:00,entry,2,1,done at 1503.079,175,1503.079,1499.545,1506.613,0.1,35.34,10965.57,32.89671,2019.09.12 08:00:00
2019.09.12 12:00:00,entry,3,1,done at 1512.773,178,1512.773,1509.059,1523.915,0.09,33.43,11088.31,33.26493,2019.09.12 12:00:00
2019.09.12 13:00:00,entry,3,1,done at 1516.213,180,1516.213,1512.049,1528.705,0.09,37.48,11188.16,33.564479999999996,2019.09.12 13:00:00
2019.09.18 15:00:00,entry,3,1,done at 1507.229,182,1507.229,1505.237,1513.205,0.17,33.86,11149.7,33.4491,2019.09.18 15:00:00
2019.09.24 16:00:00,entry,3,1,done at 1527.539,184,1527.539,1524.609,1536.329,0.12,35.16,11114.44,33.34332,2019.09.24 16:00:00
2019.09.24 17:00:00,trail,3,1,closed H1 ratchet,184,1527.539,1527.539,1536.329,0.0,0.0,0.0,0.0,2019.09.24 17:00:00
2019.09.24 17:00:00,occupied,3,1,one position per engine,0,0.0,0.0,0.0,0.0,0.0,0.0,0.0,2019.09.24 17:00:00
2019.10.02 16:00:00,entry,3,1,done at 1498.488,186,1498.488,1494.473,1510.533,0.09,36.13,11113.56,33.34068,2019.10.02 16:00:00
2019.10.03 15:00:00,entry,3,1,done at 1513.898,188,1513.898,1510.001,1525.589,0.09,35.07,11207.17,33.62151,2019.10.03 15:00:00
2019.10.04 15:00:00,entry,1,1,done at 1506.927,190,1506.927,1496.015,1539.663,0.04,43.65,11171.52,33.51456,2019.10.04 15:00:00
2019.10.04 17:00:00,occupied,1,1,one position per engine,0,0.0,0.0,0.0,0.0,0.0,0.0,0.0,2019.10.04 17:00:00
2019.10.06 23:00:00,occupied,1,1,one position per engine,0,0.0,0.0,0.0,0.0,0.0,0.0,0.0,2019.10.06 23:00:00
2019.10.09 13:00:00,entry,1,1,done at 1504.915,192,1504.915,1494.468,1536.256,0.04,41.79,11125.32,33.37596,2019.10.09 13:00:00
2019.10.09 23:00:00,entry,3,1,done at 1515.637,193,1515.637,1511.623,1527.679,0.09,36.12,11167.34,33.502019999999995,2019.10.09 23:00:00
2019.10.23 14:00:00,entry,3,1,done at 1495.554,196,1495.554,1493.299,1502.319,0.15,33.82,11040.09,33.12027,2019.10.23 14:00:00
2019.10.24 02:00:00,entry,1,1,done at 1493.410,198,1493.41,1486.681,1513.597,0.05,33.64,11005.33,33.015989999999995,2019.10.24 02:00:00
2019.10.24 13:00:00,occupied,1,1,one position per engine,0,0.0,0.0,0.0,0.0,0.0,0.0,0.0,2019.10.24 13:00:00
2019.10.24 14:00:00,entry,3,1,done at 1499.190,199,1499.19,1496.922,1505.994,0.15,34.02,11033.14,33.099419999999995,2019.10.24 14:00:00
2019.10.24 15:00:00,trail,3,1,closed H1 ratchet,199,1499.19,1499.19,1505.994,0.0,0.0,0.0,0.0,2019.10.24 15:00:00
2019.10.24 15:00:00,occupied,3,1,one position per engine,0,0.0,0.0,0.0,0.0,0.0,0.0,0.0,2019.10.24 15:00:00
2019.10.24 22:01:00,trail,1,1,closed H1 ratchet,198,1493.41,1493.41,1513.597,0.0,0.0,0.0,0.0,2019.10.24 22:00:00
2019.10.25 12:00:00,entry,3,1,done at 1509.169,201,1509.169,1507.066,1515.478,0.16,33.64,11079.2,33.2376,2019.10.25 12:00:00
2019.10.25 13:00:00,trail,3,1,closed H1 ratchet,201,1509.169,1509.169,1515.478,0.0,0.0,0.0,0.0,2019.10.25 13:00:00
2019.10.25 13:00:00,occupied,3,1,one position per engine,0,0.0,0.0,0.0,0.0,0.0,0.0,0.0,2019.10.25 13:00:00
2019.10.25 20:00:00,entry,1,1,done at 1505.720,204,1505.72,1496.731,1532.687,0.04,35.96,11202.74,33.608219999999996,2019.10.25 20:00:00
2019.10.28 02:00:00,occupied,1,1,one position per engine,0,0.0,0.0,0.0,0.0,0.0,0.0,0.0,2019.10.28 02:00:00
2019.10.28 06:00:00,occupied,1,1,one position per engine,0,0.0,0.0,0.0,0.0,0.0,0.0,0.0,2019.10.28 06:00:00
2019.11.01 20:00:00,entry,1,1,done at 1513.189,206,1513.189,1504.047,1540.615,0.04,36.57,11164.34,33.49302,2019.11.01 20:00:00
2019.11.14 17:00:00,entry,3,1,done at 1473.532,208,1473.532,1471.036,1481.02,0.14,34.95,11123.14,33.36942,2019.11.14 17:00:00
2019.11.20 08:00:00,entry,3,1,done at 1477.961,210,1477.961,1475.334,1485.842,0.13,34.15,11087.0,33.260999999999996,2019.11.20 08:00:00
2019.11.20 21:00:00,error,1,1,market closed,0,1473.081,1463.567,1501.623,0.04,38.056,11052.05,33.15615,2019.11.20 21:00:00
2019.11.21 00:00:00,entry,1,1,done at 1474.593,212,1474.593,1464.831,1503.879,0.04,39.05,11052.05,33.15615,2019.11.21 00:00:00
2019.11.21 09:00:00,occupied,1,1,one position per engine,0,0.0,0.0,0.0,0.0,0.0,0.0,0.0,2019.11.21 09:00:00
2019.11.29 16:00:00,entry,2,1,done at 1461.663,214,1461.663,1459.838,1463.488,0.19,34.68,11012.76,33.03828,2019.11.29 16:00:00
2019.11.29 16:00:00,entry,3,1,done at 1461.663,215,1461.663,1459.838,1467.138,0.19,34.68,11008.63,33.02589,2019.11.29 16:00:00
2019.11.29 17:00:00,occupied,3,1,one position per engine,0,0.0,0.0,0.0,0.0,0.0,0.0,0.0,2019.11.29 17:00:00
2019.12.03 11:00:00,entry,3,1,done at 1470.346,218,1470.346,1467.832,1477.888,0.14,35.19,11001.12,33.00336,2019.12.03 11:00:00
2019.12.03 14:00:00,trail,3,1,closed H1 ratchet,218,1470.346,1470.346,1477.888,0.0,0.0,0.0,0.0,2019.12.03 14:00:00
2019.12.03 14:00:00,occupied,3,1,one position per engine,0,0.0,0.0,0.0,0.0,0.0,0.0,0.0,2019.12.03 14:00:00
2019.12.03 15:00:00,entry,3,1,done at 1478.418,220,1478.418,1475.776,1486.344,0.13,34.34,11106.19,33.31857,2019.12.03 15:00:00
2019.12.04 08:00:00,trail,3,1,closed H1 ratchet,220,1478.418,1478.418,1486.344,0.0,0.0,0.0,0.0,2019.12.04 08:00:00
2019.12.04 11:00:00,entry,1,1,done at 1477.160,222,1477.16,1468.973,1501.721,0.05,40.93,11097.97,33.29391,2019.12.04 11:00:00
2019.12.04 13:00:00,occupied,1,1,one position per engine,0,0.0,0.0,0.0,0.0,0.0,0.0,0.0,2019.12.04 13:00:00
2019.12.05 00:00:00,occupied,1,1,one position per engine,0,0.0,0.0,0.0,0.0,0.0,0.0,0.0,2019.12.05 00:00:00
2019.12.05 04:00:00,occupied,1,1,one position per engine,0,0.0,0.0,0.0,0.0,0.0,0.0,0.0,2019.12.05 04:00:00
2019.12.05 13:00:00,occupied,1,1,one position per engine,0,0.0,0.0,0.0,0.0,0.0,0.0,0.0,2019.12.05 13:00:00
2019.12.05 15:00:00,occupied,1,1,one position per engine,0,0.0,0.0,0.0,0.0,0.0,0.0,0.0,2019.12.05 15:00:00
2019.12.10 14:00:00,entry,2,1,done at 1467.254,224,1467.254,1465.67,1468.838,0.21,33.26,11045.96,33.137879999999996,2019.12.10 14:00:00
2019.12.11 16:00:00,entry,3,1,done at 1469.758,226,1469.758,1468.105,1474.717,0.21,34.71,11078.68,33.236039999999996,2019.12.11 16:00:00
2019.12.11 20:00:00,entry,3,1,done at 1477.686,228,1477.686,1475.405,1484.529,0.15,34.21,11042.18,33.12654,2019.12.11 20:00:00
2019.12.12 14:00:00,entry,3,1,done at 1482.931,230,1482.931,1480.619,1489.867,0.15,34.68,11006.75,33.020250000000004,2019.12.12 14:00:00
2019.12.13 15:00:00,entry,1,1,done at 1473.231,232,1473.231,1463.288,1503.06,0.04,39.77,10971.01,32.91303,2019.12.13 15:00:00
2019.12.16 19:00:00,occupied,1,1,one position per engine,0,0.0,0.0,0.0,0.0,0.0,0.0,0.0,2019.12.16 19:00:00
2019.12.18 04:00:00,occupied,1,1,one position per engine,0,0.0,0.0,0.0,0.0,0.0,0.0,0.0,2019.12.18 04:00:00
2019.12.19 02:00:00,occupied,1,1,one position per engine,0,0.0,0.0,0.0,0.0,0.0,0.0,0.0,2019.12.19 02:00:00
2019.12.19 14:00:00,occupied,1,1,one position per engine,0,0.0,0.0,0.0,0.0,0.0,0.0,0.0,2019.12.19 14:00:00
2019.12.20 13:00:00,occupied,1,1,one position per engine,0,0.0,0.0,0.0,0.0,0.0,0.0,0.0,2019.12.20 13:00:00
2019.12.23 00:00:00,occupied,1,1,one position per engine,0,0.0,0.0,0.0,0.0,0.0,0.0,0.0,2019.12.23 00:00:00
2019.12.23 07:00:00,entry,3,1,done at 1483.572,233,1483.572,1482.091,1488.015,0.23,34.07,10994.39,32.983169999999994,2019.12.23 07:00:00
2019.12.24 03:00:00,trail,1,1,closed H1 ratchet,232,1473.231,1473.231,1503.06,0.0,0.0,0.0,0.0,2019.12.24 03:00:00
2019.12.24 16:00:00,entry,3,1,done at 1498.829,235,1498.829,1496.872,1504.7,0.17,33.27,11017.25,33.05175,2019.12.24 16:00:00
2019.12.26 07:00:00,entry,3,1,done at 1503.050,238,1503.05,1500.807,1509.779,0.15,33.64,11094.12,33.282360000000004,2019.12.26 07:00:00
2019.12.26 14:00:00,trail,3,1,closed H1 ratchet,238,1503.05,1503.05,1509.779,0.0,0.0,0.0,0.0,2019.12.26 14:00:00
2019.12.30 00:00:00,entry,1,1,done at 1513.670,240,1513.67,1506.882,1534.034,0.05,33.94,11194.45,33.58335,2019.12.30 00:00:00
2019.12.30 15:00:00,occupied,1,1,one position per engine,0,0.0,0.0,0.0,0.0,0.0,0.0,0.0,2019.12.30 15:00:00
2019.12.31 02:00:00,entry,3,1,done at 1521.413,241,1521.413,1519.579,1526.915,0.19,34.85,11229.41,33.68823,2019.12.31 02:00:00
2019.12.31 08:00:00,trail,1,1,closed H1 ratchet,240,1513.67,1513.67,1534.034,0.0,0.0,0.0,0.0,2019.12.31 08:00:00
2019.12.31 09:00:00,trail,3,1,closed H1 ratchet,241,1521.413,1521.413,1526.915,0.0,0.0,0.0,0.0,2019.12.31 09:00:00
2020.01.02 14:00:00,entry,3,1,done at 1528.317,243,1528.317,1525.541,1536.645,0.13,36.09,11251.86,33.75558,2020.01.02 14:00:00
2020.01.03 02:00:00,entry,3,1,done at 1535.110,246,1535.11,1532.486,1542.982,0.13,34.11,11241.61,33.724830000000004,2020.01.03 02:00:00
2020.01.03 03:00:00,occupied,3,1,one position per engine,0,0.0,0.0,0.0,0.0,0.0,0.0,0.0,2020.01.03 03:00:00
2020.01.06 00:00:00,entry,3,1,done at 1569.362,248,1569.362,1564.319,1584.491,0.07,35.3,11343.41,34.030229999999996,2020.01.06 00:00:00
2020.01.06 02:00:00,trail,3,1,closed H1 ratchet,248,1569.362,1569.362,1584.491,0.0,0.0,0.0,0.0,2020.01.06 02:00:00
2020.01.07 07:00:00,entry,1,1,done at 1564.962,250,1564.962,1552.026,1603.77,0.03,38.81,11342.74,34.02822,2020.01.07 07:00:00
2020.01.08 00:00:00,trail,1,1,closed H1 ratchet,250,1564.962,1564.962,1603.77,0.0,0.0,0.0,0.0,2020.01.08 00:00:00
2020.01.08 00:00:00,entry,3,1,done at 1595.174,251,1595.174,1590.2,1610.096,0.07,34.82,11431.12,34.29336,2020.01.08 00:00:00
2020.01.08 01:00:00,entry,3,1,done at 1599.221,254,1599.221,1593.389,1616.717,0.06,35.0,11561.86,34.68558,2020.01.08 01:00:00
2020.01.10 15:00:00,entry,1,1,done at 1553.517,256,1553.517,1543.65,1583.118,0.04,39.47,11526.31,34.57892999999999,2020.01.10 15:00:00
2020.01.15 17:00:00,entry,1,1,done at 1551.985,258,1551.985,1543.248,1578.196,0.04,34.95,11482.13,34.446389999999994,2020.01.15 17:00:00
2020.01.16 09:00:00,occupied,1,1,one position per engine,0,0.0,0.0,0.0,0.0,0.0,0.0,0.0,2020.01.16 09:00:00
2020.01.16 21:00:00,occupied,1,1,one position per engine,0,0.0,0.0,0.0,0.0,0.0,0.0,0.0,2020.01.16 21:00:00
2020.01.21 02:00:00,trail,1,1,closed H1 ratchet,258,1551.985,1551.985,1578.196,0.0,0.0,0.0,0.0,2020.01.21 02:00:00
2020.01.21 02:00:00,entry,3,1,done at 1566.774,259,1566.774,1564.967,1572.195,0.2,36.14,11527.58,34.58274,2020.01.21 02:00:00
2020.01.22 09:00:00,entry,1,1,done at 1556.396,262,1556.396,1546.185,1587.029,0.04,40.84,11430.64,34.29192,2020.01.22 09:00:00
2020.01.22 18:00:00,occupied,1,1,one position per engine,0,0.0,0.0,0.0,0.0,0.0,0.0,0.0,2020.01.22 18:00:00
2020.01.24 16:00:00,entry,3,1,done at 1570.194,263,1570.194,1567.173,1579.257,0.12,36.25,11476.41,34.42923,2020.01.24 16:00:00
2020.01.24 17:00:00,trail,1,1,closed H1 ratchet,262,1556.396,1556.396,1587.029,0.0,0.0,0.0,0.0,2020.01.24 17:00:00
2020.01.27 00:00:00,entry,3,1,done at 1582.914,266,1582.914,1578.677,1595.625,0.09,38.14,11668.33,35.00499,2020.01.27 00:00:00
2020.01.29 15:00:00,entry,1,1,done at 1572.150,268,1572.15,1564.525,1595.025,0.05,38.12,11629.45,34.88835,2020.01.29 15:00:00
2020.01.30 16:00:00,trail,1,1,closed H1 ratchet,268,1572.15,1572.15,1595.025,0.0,0.0,0.0,0.0,2020.01.30 16:00:00
2020.01.30 16:00:00,entry,3,1,done at 1583.809,269,1583.809,1580.41,1594.006,0.11,37.39,11678.64,35.03592,2020.01.30 16:00:00
2020.01.31 08:00:00,entry,1,1,done at 1576.584,272,1576.584,1565.441,1610.013,0.04,44.58,11580.41,34.74123,2020.01.31 08:00:00
2020.01.31 16:00:00,entry,3,1,done at 1588.395,273,1588.395,1585.123,1598.211,0.11,36.0,11626.78,34.880340000000004,2020.01.31 16:00:00
2020.02.04 00:00:00,occupied,1,1,one position per engine,0,0.0,0.0,0.0,0.0,0.0,0.0,0.0,2020.02.04 00:00:00
2020.02.07 15:00:00,entry,3,1,done at 1573.023,276,1573.023,1570.0,1582.092,0.12,36.28,11494.54,34.48362,2020.02.07 15:00:00
2020.02.10 00:00:00,entry,3,1,done at 1574.936,278,1574.936,1571.182,1586.198,0.1,37.54,11457.6,34.372800000000005,2020.02.10 00:00:00
2020.02.11 14:00:00,entry,1,1,done at 1572.187,280,1572.187,1565.612,1591.912,0.06,39.45,11418.91,34.25673,2020.02.11 14:00:00
2020.02.14 06:00:00,entry,1,1,done at 1575.130,282,1575.13,1568.705,1594.405,0.06,38.55,11378.69,34.13607,2020.02.14 06:00:00
2020.02.14 14:00:00,entry,3,1,done at 1580.259,283,1580.259,1578.447,1585.695,0.19,34.43,11408.16,34.22448,2020.02.14 14:00:00
2020.02.14 15:00:00,entry,3,1,done at 1582.731,285,1582.731,1580.741,1588.701,0.18,35.82,11386.7,34.1601,2020.02.14 15:00:00
2020.02.17 13:00:00,occupied,1,1,one position per engine,0,0.0,0.0,0.0,0.0,0.0,0.0,0.0,2020.02.17 13:00:00
2020.02.18 00:00:00,occupied,1,1,one position per engine,0,0.0,0.0,0.0,0.0,0.0,0.0,0.0,2020.02.18 00:00:00
2020.02.18 01:00:00,trail,1,1,closed H1 ratchet,282,1575.13,1575.13,1594.405,0.0,0.0,0.0,0.0,2020.02.18 01:00:00
2020.02.18 08:00:00,entry,3,1,done at 1588.512,287,1588.512,1586.83,1593.558,0.21,35.32,11377.55,34.13265,2020.02.18 08:00:00
2020.02.18 14:00:00,entry,3,1,done at 1591.424,289,1591.424,1589.492,1597.22,0.18,34.77,11358.08,34.07424,2020.02.18 14:00:00
2020.02.18 16:00:00,entry,3,1,done at 1600.873,292,1600.873,1598.225,1608.817,0.13,34.42,11341.18,34.02354,2020.02.18 16:00:00
2020.02.19 21:00:00,error,3,1,market closed,0,1613.062,1609.985,1622.293,0.12,36.924,11437.02,34.311060000000005,2020.02.19 21:00:00
2020.02.20 12:00:00,entry,3,1,done at 1617.649,294,1617.649,1614.315,1627.651,0.11,36.67,11437.02,34.311060000000005,2020.02.20 12:00:00
2020.02.21 14:00:00,entry,3,1,done at 1643.189,296,1643.189,1639.849,1653.209,0.11,36.74,11399.65,34.198949999999996,2020.02.21 14:00:00
2020.02.24 00:00:00,entry,3,1,done at 1665.721,298,1665.721,1659.648,1683.94,0.06,36.44,11362.13,34.086389999999994,2020.02.24 00:00:00
2020.02.25 16:00:00,entry,1,1,done at 1654.855,300,1654.855,1627.999,1735.423,0.02,53.71,11325.32,33.97596,2020.02.25 16:00:00
2020.02.26 09:00:00,occupied,1,1,one position per engine,0,0.0,0.0,0.0,0.0,0.0,0.0,0.0,2020.02.26 09:00:00
2020.02.26 19:00:00,entry,1,1,done at 1646.326,302,1646.326,1627.206,1703.686,0.02,38.24,11270.36,33.811080000000004,2020.02.26 19:00:00
2020.03.03 16:00:00,entry,2,1,done at 1634.107,304,1634.107,1627.344,1640.87,0.05,33.82,11227.72,33.68316,2020.03.03 16:00:00
2020.03.05 07:00:00,entry,1,1,done at 1641.892,306,1641.892,1626.988,1686.604,0.03,44.72,11261.36,33.784079999999996,2020.03.05 07:00:00
2020.03.05 09:00:00,occupied,1,1,one position per engine,0,0.0,0.0,0.0,0.0,0.0,0.0,0.0,2020.03.05 09:00:00
2020.03.05 18:00:00,trail,1,1,closed H1 ratchet,306,1641.892,1641.892,1686.604,0.0,0.0,0.0,0.0,2020.03.05 18:00:00
2020.03.06 05:00:00,entry,3,1,done at 1678.576,307,1678.576,1673.033,1695.205,0.07,38.8,11369.15,34.10745,2020.03.06 05:00:00
2020.03.06 15:00:00,entry,1,1,done at 1684.804,310,1684.804,1662.541,1751.593,0.02,44.53,11354.26,34.06278,2020.03.06 15:00:00
2020.03.06 19:00:00,entry,1,1,done at 1672.458,312,1672.458,1641.199,1766.235,0.02,62.52,11309.6,33.9288,2020.03.06 19:00:00
2020.03.08 23:00:00,entry,3,1,done at 1698.368,313,1698.368,1685.331,1737.479,0.03,39.11,11359.77,34.07931,2020.03.08 23:00:00
2020.03.09 19:00:00,occupied,1,1,one position per engine,0,0.0,0.0,0.0,0.0,0.0,0.0,0.0,2020.03.09 19:00:00
2020.03.11 10:00:00,occupied,1,1,one position per engine,0,0.0,0.0,0.0,0.0,0.0,0.0,0.0,2020.03.11 10:00:00
2020.03.23 13:00:00,entry,3,1,done at 1519.314,316,1519.314,1509.644,1548.324,0.04,38.68,11204.39,33.61317,2020.03.23 13:00:00
2020.03.23 16:00:00,trail,3,1,closed H1 ratchet,316,1519.314,1519.314,1548.324,0.0,0.0,0.0,0.0,2020.03.23 16:00:00
2020.03.25 22:01:00,entry,1,1,done at 1614.909,318,1614.909,1583.324,1709.664,0.02,63.17,11320.27,33.96081,2020.03.25 22:00:00
2020.03.26 10:00:00,occupied,1,1,one position per engine,0,0.0,0.0,0.0,0.0,0.0,0.0,0.0,2020.03.26 10:00:00
2020.03.30 09:00:00,occupied,1,1,one position per engine,0,0.0,0.0,0.0,0.0,0.0,0.0,0.0,2020.03.30 09:00:00
2020.03.30 14:00:00,occupied,1,1,one position per engine,0,0.0,0.0,0.0,0.0,0.0,0.0,0.0,2020.03.30 14:00:00
2020.04.01 08:00:00,entry,1,1,done at 1596.634,320,1596.634,1576.907,1655.815,0.02,39.46,11250.53,33.75159,2020.04.01 08:00:00
2020.04.02 14:00:00,entry,2,1,done at 1607.118,322,1607.118,1601.58,1612.656,0.07,38.77,11210.95,33.632850000000005,2020.04.02 14:00:00
2020.04.03 12:00:00,entry,1,1,done at 1619.421,324,1619.421,1602.38,1670.544,0.02,34.08,11249.41,33.74823,2020.04.03 12:00:00
2020.04.03 14:00:00,occupied,1,1,one position per engine,0,0.0,0.0,0.0,0.0,0.0,0.0,0.0,2020.04.03 14:00:00
2020.04.06 14:00:00,trail,1,1,closed H1 ratchet,324,1619.421,1619.421,1670.544,0.0,0.0,0.0,0.0,2020.04.06 14:00:00
2020.04.06 14:00:00,entry,3,1,done at 1649.436,325,1649.436,1643.605,1666.929,0.06,34.99,11306.46,33.91938,2020.04.06 14:00:00
2020.04.07 13:00:00,entry,1,1,done at 1656.033,328,1656.033,1629.924,1734.36,0.02,52.22,11315.18,33.94554,2020.04.07 13:00:00
2020.04.08 08:00:00,occupied,1,1,one position per engine,0,0.0,0.0,0.0,0.0,0.0,0.0,0.0,2020.04.08 08:00:00
2020.04.08 10:00:00,occupied,1,1,one position per engine,0,0.0,0.0,0.0,0.0,0.0,0.0,0.0,2020.04.08 10:00:00
2020.04.09 04:00:00,occupied,1,1,one position per engine,0,0.0,0.0,0.0,0.0,0.0,0.0,0.0,2020.04.09 04:00:00
2020.04.09 06:00:00,occupied,1,1,one position per engine,0,0.0,0.0,0.0,0.0,0.0,0.0,0.0,2020.04.09 06:00:00
2020.04.09 13:00:00,entry,3,1,done at 1673.773,329,1673.773,1669.203,1687.483,0.08,36.56,11345.43,34.03629,2020.04.09 13:00:00
2020.04.09 14:00:00,trail,3,1,closed H1 ratchet,329,1673.773,1673.773,1687.483,0.0,0.0,0.0,0.0,2020.04.09 14:00:00
2020.04.09 14:00:00,occupied,3,1,one position per engine,0,0.0,0.0,0.0,0.0,0.0,0.0,0.0,2020.04.09 14:00:00
2020.04.13 15:00:00,trail,1,1,closed H1 ratchet,328,1656.033,1656.033,1734.36,0.0,0.0,0.0,0.0,2020.04.13 15:00:00
2020.04.13 15:00:00,entry,3,1,done at 1699.561,331,1699.561,1694.222,1715.578,0.07,37.38,11394.23,34.18269,2020.04.13 15:00:00
2020.04.13 16:00:00,trail,3,1,closed H1 ratchet,331,1699.561,1699.561,1715.578,0.0,0.0,0.0,0.0,2020.04.13 16:00:00
2020.04.13 16:00:00,occupied,3,1,one position per engine,0,0.0,0.0,0.0,0.0,0.0,0.0,0.0,2020.04.13 16:00:00
2020.04.15 06:00:00,entry,1,1,done at 1726.114,334,1726.114,1705.305,1788.541,0.02,41.62,11575.38,34.726139999999994,2020.04.15 06:00:00
2020.04.15 11:00:00,occupied,1,1,one position per engine,0,0.0,0.0,0.0,0.0,0.0,0.0,0.0,2020.04.15 11:00:00
2020.04.15 14:00:00,occupied,1,1,one position per engine,0,0.0,0.0,0.0,0.0,0.0,0.0,0.0,2020.04.15 14:00:00
2020.04.15 20:00:00,occupied,1,1,one position per engine,0,0.0,0.0,0.0,0.0,0.0,0.0,0.0,2020.04.15 20:00:00
2020.04.16 07:00:00,occupied,1,1,one position per engine,0,0.0,0.0,0.0,0.0,0.0,0.0,0.0,2020.04.16 07:00:00
2020.04.21 07:00:00,entry,1,1,done at 1694.863,336,1694.863,1676.14,1751.032,0.02,37.45,11530.29,34.59087,2020.04.21 07:00:00
2020.04.24 20:00:00,entry,1,1,done at 1728.403,338,1728.403,1709.643,1784.683,0.02,37.52,11492.65,34.47794999999999,2020.04.24 20:00:00
2020.04.29 20:00:00,entry,1,1,done at 1715.585,340,1715.585,1698.291,1767.467,0.02,34.59,11453.83,34.361489999999996,2020.04.29 20:00:00
2020.05.06 02:00:00,entry,1,1,done at 1704.877,342,1704.877,1688.724,1753.336,0.03,48.46,11415.49,34.24647,2020.05.06 02:00:00
2020.05.07 16:00:00,entry,2,1,done at 1708.968,344,1708.968,1704.49,1713.446,0.08,35.82,11366.73,34.10019,2020.05.07 16:00:00
2020.05.11 02:00:00,entry,1,1,done at 1710.242,346,1710.242,1691.861,1765.385,0.02,36.76,11402.53,34.20759,2020.05.11 02:00:00
2020.05.12 23:00:00,entry,1,1,done at 1704.213,348,1704.213,1691.2,1743.252,0.03,39.04,11365.58,34.09674,2020.05.12 23:00:00
2020.05.13 01:00:00,occupied,1,1,one position per engine,0,0.0,0.0,0.0,0.0,0.0,0.0,0.0,2020.05.13 01:00:00
2020.05.13 11:00:00,occupied,1,1,one position per engine,0,0.0,0.0,0.0,0.0,0.0,0.0,0.0,2020.05.13 11:00:00
2020.05.14 14:00:00,trail,1,1,closed H1 ratchet,348,1704.213,1704.213,1743.252,0.0,0.0,0.0,0.0,2020.05.14 14:00:00
2020.05.14 14:00:00,entry,3,1,done at 1732.095,349,1732.095,1727.523,1745.811,0.08,36.58,11441.7,34.3251,2020.05.14 14:00:00
2020.05.15 13:00:00,trail,3,1,closed H1 ratchet,349,1732.095,1732.095,1745.811,0.0,0.0,0.0,0.0,2020.05.15 13:00:00
2020.05.15 13:00:00,occupied,3,1,one position per engine,0,0.0,0.0,0.0,0.0,0.0,0.0,0.0,2020.05.15 13:00:00
2020.05.18 00:00:00,entry,3,1,done at 1758.501,352,1758.501,1752.408,1776.78,0.06,36.56,11579.63,34.73889,2020.05.18 00:00:00
2020.05.19 14:00:00,entry,1,1,done at 1738.684,354,1738.684,1724.643,1780.807,0.03,42.12,11542.66,34.62798,2020.05.19 14:00:00
2020.05.22 07:00:00,entry,1,1,done at 1735.056,356,1735.056,1721.346,1776.186,0.03,41.13,11493.71,34.48113,2020.05.22 07:00:00
2020.05.31 23:00:00,entry,3,1,done at 1738.645,358,1738.645,1734.245,1751.845,0.08,35.2,11449.14,34.34742,2020.05.31 23:00:00
2020.06.09 13:00:00,entry,3,1,done at 1716.512,360,1716.512,1711.742,1730.822,0.08,38.16,11413.0,34.239000000000004,2020.06.09 13:00:00
2020.06.10 14:00:00,trail,3,1,closed H1 ratchet,360,1716.512,1716.512,1730.822,0.0,0.0,0.0,0.0,2020.06.10 14:00:00
2020.06.10 19:00:00,entry,1,1,done at 1728.217,362,1728.217,1713.586,1772.11,0.03,43.89,11408.2,34.2246,2020.06.10 19:00:00
2020.06.10 19:00:00,entry,3,1,done at 1728.217,363,1728.217,1723.34,1742.848,0.08,39.02,11407.35,34.222049999999996,2020.06.10 19:00:00
2020.06.10 20:00:00,trail,3,1,closed H1 ratchet,363,1728.217,1728.217,1742.848,0.0,0.0,0.0,0.0,2020.06.10 20:00:00
2020.06.10 20:00:00,occupied,3,1,one position per engine,0,0.0,0.0,0.0,0.0,0.0,0.0,0.0,2020.06.10 20:00:00
2020.06.12 07:00:00,occupied,1,1,one position per engine,0,0.0,0.0,0.0,0.0,0.0,0.0,0.0,2020.06.12 07:00:00
2020.06.15 00:00:00,occupied,1,1,one position per engine,0,0.0,0.0,0.0,0.0,0.0,0.0,0.0,2020.06.15 00:00:00
2020.06.17 06:00:00,entry,1,1,done at 1728.531,366,1728.531,1714.849,1769.577,0.03,41.04,11342.48,34.02744,2020.06.17 06:00:00
2020.06.17 14:00:00,entry,1,1,done at 1724.785,368,1724.785,1713.176,1759.612,0.03,34.83,11301.03,33.90309,2020.06.17 14:00:00
2020.06.18 09:00:00,entry,3,1,done at 1733.272,369,1733.272,1729.667,1744.087,0.1,36.05,11320.97,33.962909999999994,2020.06.18 09:00:00
2020.06.19 02:00:00,occupied,1,1,one position per engine,0,0.0,0.0,0.0,0.0,0.0,0.0,0.0,2020.06.19 02:00:00
2020.06.19 15:00:00,entry,3,1,done at 1737.992,371,1737.992,1734.715,1747.823,0.11,36.04,11296.66,33.88998,2020.06.19 15:00:00
2020.06.19 16:00:00,trail,1,1,closed H1 ratchet,368,1724.785,1724.785,1759.612,0.0,0.0,0.0,0.0,2020.06.19 16:00:00
2020.06.19 16:00:00,occupied,3,1,one position per engine,0,0.0,0.0,0.0,0.0,0.0,0.0,0.0,2020.06.19 16:00:00
2020.06.19 20:00:00,trail,3,1,closed H1 ratchet,371,1737.992,1737.992,1747.823,0.0,0.0,0.0,0.0,2020.06.19 20:00:00
2020.06.22 02:00:00,entry,3,1,done at 1758.379,373,1758.379,1753.77,1772.206,0.08,36.87,11457.76,34.37328,2020.06.22 02:00:00
2020.06.23 14:00:00,entry,3,1,done at 1765.497,376,1765.497,1760.96,1779.108,0.08,36.3,11424.91,34.27473,2020.06.23 14:00:00
2020.06.24 09:00:00,trail,3,1,closed H1 ratchet,376,1765.497,1765.497,1779.108,0.0,0.0,0.0,0.0,2020.06.24 09:00:00
2020.06.25 07:00:00,entry,1,1,done at 1766.924,378,1766.924,1748.39,1822.526,0.02,37.07,11529.6,34.5888,2020.06.25 07:00:00
2020.06.26 08:00:00,occupied,1,1,one position per engine,0,0.0,0.0,0.0,0.0,0.0,0.0,0.0,2020.06.26 08:00:00
2020.06.26 16:00:00,entry,1,1,done at 1766.838,380,1766.838,1754.518,1803.798,0.03,36.96,11491.31,34.473929999999996,2020.06.26 16:00:00
2020.06.30 15:00:00,entry,3,1,done at 1781.357,381,1781.357,1777.882,1791.782,0.1,34.75,11530.97,34.592909999999996,2020.06.30 15:00:00
2020.07.01 08:00:00,trail,3,1,closed H1 ratchet,381,1781.357,1781.357,1791.782,0.0,0.0,0.0,0.0,2020.07.01 08:00:00
2020.07.01 08:00:00,trail,1,1,closed H1 ratchet,380,1766.838,1766.838,1803.798,0.0,0.0,0.0,0.0,2020.07.01 08:00:00
2020.07.02 09:00:00,entry,1,1,done at 1772.509,384,1772.509,1758.603,1814.227,0.03,41.72,11480.32,34.44096,2020.07.02 09:00:00
2020.07.06 07:00:00,entry,1,1,done at 1776.780,386,1776.78,1769.065,1799.925,0.05,38.57,11438.41,34.31523,2020.07.06 07:00:00
2020.07.06 13:00:00,entry,3,1,done at 1783.496,387,1783.496,1780.539,1792.367,0.12,35.48,11470.9,34.4127,2020.07.06 13:00:00
2020.07.07 14:00:00,occupied,1,1,one position per engine,0,0.0,0.0,0.0,0.0,0.0,0.0,0.0,2020.07.07 14:00:00
2020.07.07 15:00:00,trail,1,1,closed H1 ratchet,386,1776.78,1776.78,1799.925,0.0,0.0,0.0,0.0,2020.07.07 15:00:00
2020.07.07 15:00:00,entry,3,1,done at 1794.142,389,1794.142,1790.456,1805.2,0.1,36.86,11485.24,34.45572,2020.07.07 15:00:00
2020.07.08 10:00:00,trail,3,1,closed H1 ratchet,389,1794.142,1794.142,1805.2,0.0,0.0,0.0,0.0,2020.07.08 10:00:00
2020.07.08 14:00:00,entry,3,1,done at 1810.687,392,1810.687,1807.43,1820.458,0.11,35.83,11617.41,34.85223,2020.07.08 14:00:00
2020.07.09 13:00:00,entry,1,1,done at 1811.515,394,1811.515,1800.896,1843.372,0.04,42.48,11580.94,34.74282,2020.07.09 13:00:00
2020.07.10 09:00:00,entry,1,1,done at 1805.276,396,1805.276,1792.286,1844.246,0.03,38.97,11538.07,34.61421,2020.07.10 09:00:00
2020.07.13 02:00:00,occupied,1,1,one position per engine,0,0.0,0.0,0.0,0.0,0.0,0.0,0.0,2020.07.13 02:00:00
2020.07.14 15:00:00,entry,1,1,done at 1807.961,398,1807.961,1794.109,1849.517,0.03,41.55,11495.33,34.485989999999994,2020.07.14 15:00:00
2020.07.15 08:00:00,occupied,1,1,one position per engine,0,0.0,0.0,0.0,0.0,0.0,0.0,0.0,2020.07.15 08:00:00
2020.07.16 05:00:00,occupied,1,1,one position per engine,0,0.0,0.0,0.0,0.0,0.0,0.0,0.0,2020.07.16 05:00:00
2020.07.21 07:00:00,entry,3,1,done at 1823.133,399,1823.133,1820.3,1831.632,0.13,36.83,11528.73,34.586189999999995,2020.07.21 07:00:00
2020.07.21 12:00:00,trail,3,1,closed H1 ratchet,399,1823.133,1823.133,1831.632,0.0,0.0,0.0,0.0,2020.07.21 12:00:00
2020.07.21 13:00:00,trail,1,1,closed H1 ratchet,398,1807.961,1807.961,1849.517,0.0,0.0,0.0,0.0,2020.07.21 13:00:00
2020.07.21 13:00:00,entry,3,1,done at 1839.515,401,1839.515,1836.522,1848.494,0.12,35.92,11687.97,35.06390999999999,2020.07.21 13:00:00
2020.07.22 02:00:00,entry,3,1,done at 1861.160,404,1861.16,1856.259,1875.863,0.08,39.21,11680.55,35.04165,2020.07.22 02:00:00
2020.07.23 09:00:00,entry,3,1,done at 1882.554,406,1882.554,1876.36,1901.136,0.06,37.16,11640.66,34.92198,2020.07.23 09:00:00
2020.07.23 16:00:00,entry,3,1,done at 1896.870,408,1896.87,1890.474,1916.058,0.06,38.38,11602.83,34.80849,2020.07.23 16:00:00
2020.07.27 04:00:00,entry,3,1,done at 1932.081,410,1932.081,1925.645,1951.389,0.06,38.62,11563.94,34.69182,2020.07.27 04:00:00
2020.07.27 11:00:00,trail,3,1,closed H1 ratchet,410,1932.081,1932.081,1951.389,0.0,0.0,0.0,0.0,2020.07.27 11:00:00
2020.07.28 00:00:00,entry,3,1,done at 1965.244,412,1965.244,1957.108,1989.652,0.05,40.68,11563.58,34.69074,2020.07.28 00:00:00
2020.07.28 02:00:00,occupied,3,1,one position per engine,0,0.0,0.0,0.0,0.0,0.0,0.0,0.0,2020.07.28 02:00:00
2020.07.28 15:00:00,entry,1,1,done at 1956.016,414,1956.016,1915.75,2076.814,0.01,40.27,11521.81,34.56543,2020.07.28 15:00:00
2020.07.30 20:00:00,occupied,1,1,one position per engine,0,0.0,0.0,0.0,0.0,0.0,0.0,0.0,2020.07.30 20:00:00
2020.08.03 18:00:00,occupied,1,1,one position per engine,0,0.0,0.0,0.0,0.0,0.0,0.0,0.0,2020.08.03 18:00:00
2020.08.04 02:00:00,occupied,1,1,one position per engine,0,0.0,0.0,0.0,0.0,0.0,0.0,0.0,2020.08.04 02:00:00
2020.08.04 08:00:00,occupied,1,1,one position per engine,0,0.0,0.0,0.0,0.0,0.0,0.0,0.0,2020.08.04 08:00:00
2020.08.04 15:00:00,entry,3,1,done at 1992.088,415,1992.088,1987.062,2007.166,0.07,35.19,11553.85,34.661550000000005,2020.08.04 15:00:00
2020.08.04 17:00:00,trail,3,1,closed H1 ratchet,415,1992.088,1992.088,2007.166,0.0,0.0,0.0,0.0,2020.08.04 17:00:00
2020.08.04 20:00:00,trail,1,1,closed H1 ratchet,414,1956.016,1956.016,2076.814,0.0,0.0,0.0,0.0,2020.08.04 20:00:00
2020.08.04 20:00:00,entry,3,1,done at 2017.264,417,2017.264,2010.931,2036.263,0.06,37.99,11684.54,35.05362,2020.08.04 20:00:00
2020.08.05 00:00:00,trail,3,1,closed H1 ratchet,417,2017.264,2017.264,2036.263,0.0,0.0,0.0,0.0,2020.08.05 00:00:00
2020.08.06 14:00:00,entry,3,1,done at 2066.997,419,2066.997,2060.173,2087.469,0.06,40.94,11728.26,35.18478,2020.08.06 14:00:00
2020.08.10 14:00:00,occupied,1,1,one position per engine,0,0.0,0.0,0.0,0.0,0.0,0.0,0.0,2020.08.10 14:00:00
2020.08.17 14:00:00,entry,3,1,done at 1973.039,422,1973.039,1965.958,1994.282,0.05,35.41,11574.55,34.72365,2020.08.17 14:00:00
2020.08.17 15:00:00,occupied,3,1,one position per engine,0,0.0,0.0,0.0,0.0,0.0,0.0,0.0,2020.08.17 15:00:00
2020.08.17 16:00:00,trail,3,1,closed H1 ratchet,422,1973.039,1973.039,1994.282,0.0,0.0,0.0,0.0,2020.08.17 16:00:00
2020.08.26 17:00:00,entry,2,1,done at 1943.633,424,1943.633,1936.287,1950.979,0.05,36.73,11678.08,35.03424,2020.08.26 17:00:00
2020.09.02 10:00:00,entry,1,1,done at 1970.442,426,1970.442,1949.078,2034.534,0.02,42.72,11714.65,35.14395,2020.09.02 10:00:00
2020.09.09 14:00:00,entry,2,1,done at 1947.513,428,1947.513,1941.42,1953.606,0.06,36.56,11671.8,35.01539999999999,2020.09.09 14:00:00
2020.09.09 14:00:00,entry,3,1,done at 1947.513,429,1947.513,1941.42,1965.792,0.06,36.56,11670.35,35.01105,2020.09.09 14:00:00
2020.09.10 13:00:00,entry,3,1,done at 1956.321,432,1956.321,1951.844,1969.752,0.08,35.82,11597.96,34.793879999999994,2020.09.10 13:00:00
2020.09.11 10:00:00,entry,1,1,done at 1946.817,434,1946.817,1928.601,2001.465,0.02,36.43,11561.65,34.68495,2020.09.11 10:00:00
2020.09.11 13:00:00,occupied,1,1,one position per engine,0,0.0,0.0,0.0,0.0,0.0,0.0,0.0,2020.09.11 13:00:00
2020.09.14 02:00:00,occupied,1,1,one position per engine,0,0.0,0.0,0.0,0.0,0.0,0.0,0.0,2020.09.14 02:00:00
2020.09.14 13:00:00,occupied,1,1,one position per engine,0,0.0,0.0,0.0,0.0,0.0,0.0,0.0,2020.09.14 13:00:00
2020.09.16 03:00:00,occupied,1,1,one position per engine,0,0.0,0.0,0.0,0.0,0.0,0.0,0.0,2020.09.16 03:00:00
2020.09.21 03:00:00,occupied,1,1,one position per engine,0,0.0,0.0,0.0,0.0,0.0,0.0,0.0,2020.09.21 03:00:00
2020.10.01 13:00:00,entry,3,1,done at 1903.871,436,1903.871,1898.732,1919.288,0.07,35.98,11516.5,34.549499999999995,2020.10.01 13:00:00
2020.10.05 10:00:00,entry,1,1,done at 1900.868,438,1900.868,1884.904,1948.76,0.03,47.89,11480.05,34.440149999999996,2020.10.05 10:00:00
2020.10.06 10:00:00,occupied,1,1,one position per engine,0,0.0,0.0,0.0,0.0,0.0,0.0,0.0,2020.10.06 10:00:00
2020.10.09 13:00:00,entry,3,1,done at 1921.080,440,1921.08,1916.649,1934.373,0.08,35.45,11430.34,34.291019999999996,2020.10.09 13:00:00
2020.10.12 17:00:00,entry,1,1,done at 1925.034,442,1925.034,1910.368,1969.032,0.03,44.0,11394.45,34.18335,2020.10.12 17:00:00
2020.10.12 23:00:00,occupied,1,1,one position per engine,0,0.0,0.0,0.0,0.0,0.0,0.0,0.0,2020.10.12 23:00:00
2020.10.13 09:00:00,entry,1,1,done at 1922.880,444,1922.88,1909.791,1962.147,0.03,39.27,11348.62,34.045860000000005,2020.10.13 09:00:00
2020.10.20 15:00:00,entry,1,1,done at 1909.028,446,1909.028,1894.798,1951.718,0.03,42.69,11309.18,33.92754,2020.10.20 15:00:00
2020.10.21 13:00:00,entry,3,1,done at 1925.064,447,1925.064,1920.645,1938.321,0.08,35.35,11354.96,34.064879999999995,2020.10.21 13:00:00
2020.10.22 08:00:00,occupied,1,1,one position per engine,0,0.0,0.0,0.0,0.0,0.0,0.0,0.0,2020.10.22 08:00:00
2020.10.23 08:00:00,entry,1,1,done at 1909.002,450,1909.002,1896.533,1946.409,0.03,37.41,11223.95,33.67185,2020.10.23 08:00:00
2020.11.03 14:00:00,entry,3,1,done at 1906.834,452,1906.834,1903.02,1918.276,0.09,34.33,11186.35,33.55905,2020.11.03 14:00:00
2020.11.04 12:00:00,entry,1,1,done at 1902.534,454,1902.534,1875.454,1983.774,0.02,54.16,11151.41,33.454229999999995,2020.11.04 12:00:00
2020.11.04 21:00:00,occupied,1,1,one position per engine,0,0.0,0.0,0.0,0.0,0.0,0.0,0.0,2020.11.04 21:00:00
2020.11.05 13:00:00,entry,3,1,done at 1927.555,455,1927.555,1922.173,1943.701,0.07,37.68,11197.76,33.59328,2020.11.05 13:00:00
2020.11.05 16:00:00,trail,1,1,closed H1 ratchet,454,1902.534,1902.534,1983.774,0.0,0.0,0.0,0.0,2020.11.05 16:00:00
2020.11.05 16:00:00,entry,3,1,done at 1945.657,457,1945.657,1939.775,1963.303,0.06,35.29,11346.61,34.03983,2020.11.05 16:00:00
2020.11.06 16:00:00,occupied,1,1,one position per engine,0,0.0,0.0,0.0,0.0,0.0,0.0,0.0,2020.11.06 16:00:00
2020.11.13 13:00:00,entry,3,1,done at 1886.069,460,1886.069,1882.468,1896.872,0.1,36.01,11219.71,33.65913,2020.11.13 13:00:00
2020.11.13 14:00:00,trail,3,1,closed H1 ratchet,460,1886.069,1886.069,1896.872,0.0,0.0,0.0,0.0,2020.11.13 14:00:00
2020.11.13 14:00:00,occupied,3,1,one position per engine,0,0.0,0.0,0.0,0.0,0.0,0.0,0.0,2020.11.13 14:00:00
2020.12.01 11:00:00,entry,2,1,done at 1799.358,462,1799.358,1794.446,1804.27,0.07,34.39,11219.02,33.65706,2020.12.01 11:00:00
2020.12.02 09:00:00,entry,3,1,done at 1825.178,464,1825.178,1820.382,1839.566,0.08,38.36,11253.23,33.75969,2020.12.02 09:00:00
2020.12.06 23:05:00,entry,1,1,done at 1836.852,466,1836.852,1821.436,1883.1,0.03,46.25,11214.3,33.6429,2020.12.06 23:00:00
2020.12.07 02:00:00,occupied,1,1,one position per engine,0,0.0,0.0,0.0,0.0,0.0,0.0,0.0,2020.12.07 02:00:00
2020.12.07 14:00:00,occupied,1,1,one position per engine,0,0.0,0.0,0.0,0.0,0.0,0.0,0.0,2020.12.07 14:00:00
2020.12.07 15:00:00,entry,3,1,done at 1856.879,467,1856.879,1851.446,1873.178,0.07,38.03,11273.65,33.820949999999996,2020.12.07 15:00:00
2020.12.07 16:00:00,trail,1,1,closed H1 ratchet,466,1836.852,1836.852,1883.1,0.0,0.0,0.0,0.0,2020.12.07 16:00:00
2020.12.07 18:00:00,trail,3,1,closed H1 ratchet,467,1856.879,1856.879,1873.178,0.0,0.0,0.0,0.0,2020.12.07 18:00:00
2020.12.10 14:00:00,entry,1,1,done at 1845.622,470,1845.622,1827.697,1899.397,0.02,35.85,11320.84,33.96252,2020.12.10 14:00:00
2020.12.15 14:00:00,entry,3,1,done at 1853.003,472,1853.003,1848.628,1866.128,0.08,35.0,11283.77,33.85131,2020.12.15 14:00:00
2020.12.16 09:00:00,entry,3,1,done at 1861.960,474,1861.96,1857.556,1875.172,0.08,35.23,11247.98,33.743939999999995,2020.12.16 09:00:00
2020.12.16 19:00:00,entry,1,1,done at 1855.879,476,1855.879,1841.423,1899.247,0.03,43.37,11212.01,33.63603,2020.12.16 19:00:00
2020.12.17 09:00:00,trail,1,1,closed H1 ratchet,476,1855.879,1855.879,1899.247,0.0,0.0,0.0,0.0,2020.12.17 09:00:00
2020.12.17 14:00:00,entry,3,1,done at 1888.065,477,1888.065,1882.403,1905.051,0.06,33.97,11303.02,33.90906,2020.12.17 14:00:00
2020.12.18 12:00:00,occupied,1,1,one position per engine,0,0.0,0.0,0.0,0.0,0.0,0.0,0.0,2020.12.18 12:00:00
2020.12.18 16:00:00,occupied,1,1,one position per engine,0,0.0,0.0,0.0,0.0,0.0,0.0,0.0,2020.12.18 16:00:00
2020.12.21 00:00:00,occupied,1,1,one position per engine,0,0.0,0.0,0.0,0.0,0.0,0.0,0.0,2020.12.21 00:00:00
2020.12.21 02:00:00,entry,3,1,done at 1896.952,480,1896.952,1892.059,1911.631,0.07,34.25,11296.27,33.88881,2020.12.21 02:00:00
2020.12.22 14:00:00,entry,1,1,done at 1878.961,482,1878.961,1864.964,1920.952,0.03,41.99,11261.52,33.78456,2020.12.22 14:00:00
2020.12.23 09:00:00,entry,1,1,done at 1869.519,484,1869.519,1854.026,1915.998,0.03,46.48,11219.31,33.65792999999999,2020.12.23 09:00:00
2020.12.28 00:00:00,entry,3,1,done at 1888.537,485,1888.537,1884.489,1900.681,0.09,36.43,11267.62,33.80286,2020.12.28 00:00:00
2020.12.28 02:00:00,trail,3,1,closed H1 ratchet,485,1888.537,1888.537,1900.681,0.0,0.0,0.0,0.0,2020.12.28 02:00:00
2020.12.28 02:00:00,trail,1,1,closed H1 ratchet,484,1869.519,1869.519,1915.998,0.0,0.0,0.0,0.0,2020.12.28 02:00:00
2020.12.28 02:00:00,occupied,3,1,one position per engine,0,0.0,0.0,0.0,0.0,0.0,0.0,0.0,2020.12.28 02:00:00
2020.12.29 08:00:00,entry,1,1,done at 1879.914,488,1879.914,1861.889,1933.989,0.02,36.05,11210.52,33.63156,2020.12.29 08:00:00
2020.12.29 10:00:00,occupied,1,1,one position per engine,0,0.0,0.0,0.0,0.0,0.0,0.0,0.0,2020.12.29 10:00:00
2020.12.30 01:00:00,occupied,1,1,one position per engine,0,0.0,0.0,0.0,0.0,0.0,0.0,0.0,2020.12.30 01:00:00
2020.12.30 13:00:00,occupied,1,1,one position per engine,0,0.0,0.0,0.0,0.0,0.0,0.0,0.0,2020.12.30 13:00:00
2020.12.31 08:00:00,occupied,1,1,one position per engine,0,0.0,0.0,0.0,0.0,0.0,0.0,0.0,2020.12.31 08:00:00
2021.01.04 00:00:00,trail,1,1,closed H1 ratchet,488,1879.914,1879.914,1933.989,0.0,0.0,0.0,0.0,2021.01.04 00:00:00
2021.01.04 00:00:00,entry,3,1,done at 1913.292,489,1913.292,1907.571,1930.455,0.06,34.32,11270.37,33.811110000000006,2021.01.04 00:00:00
2021.01.04 04:00:00,trail,3,1,closed H1 ratchet,489,1913.292,1913.292,1930.455,0.0,0.0,0.0,0.0,2021.01.04 04:00:00
2021.01.04 14:00:00,entry,3,1,done at 1940.061,492,1940.061,1933.644,1959.312,0.06,38.51,11414.95,34.24485,2021.01.04 14:00:00
2021.01.06 08:00:00,entry,1,1,done at 1947.992,494,1947.992,1930.904,1999.256,0.02,34.17,11375.9,34.1277,2021.01.06 08:00:00
2021.01.20 16:00:00,entry,3,1,done at 1866.977,496,1866.977,1861.251,1884.155,0.06,34.35,11341.53,34.02459,2021.01.20 16:00:00
2021.01.21 19:00:00,entry,1,1,done at 1867.689,498,1867.689,1853.082,1911.51,0.03,43.82,11297.19,33.89157,2021.01.21 19:00:00
2021.01.28 16:00:00,entry,2,1,done at 1857.697,500,1857.697,1851.922,1863.472,0.06,34.65,11251.58,33.75474,2021.01.28 16:00:00
2021.02.08 14:00:00,entry,3,1,done at 1829.916,502,1829.916,1825.175,1844.139,0.08,37.93,11216.57,33.64971,2021.02.08 14:00:00
2021.02.08 17:00:00,trail,3,1,closed H1 ratchet,502,1829.916,1829.916,1844.139,0.0,0.0,0.0,0.0,2021.02.08 17:00:00
2021.02.09 16:00:00,entry,1,1,done at 1839.596,504,1839.596,1824.399,1885.187,0.03,45.59,11215.88,33.647639999999996,2021.02.09 16:00:00
2021.02.09 23:01:00,occupied,1,1,one position per engine,0,0.0,0.0,0.0,0.0,0.0,0.0,0.0,2021.02.09 23:00:00
2021.02.10 02:00:00,occupied,1,1,one position per engine,0,0.0,0.0,0.0,0.0,0.0,0.0,0.0,2021.02.10 02:00:00
2021.02.10 11:00:00,occupied,1,1,one position per engine,0,0.0,0.0,0.0,0.0,0.0,0.0,0.0,2021.02.10 11:00:00
2021.02.10 14:00:00,occupied,1,1,one position per engine,0,0.0,0.0,0.0,0.0,0.0,0.0,0.0,2021.02.10 14:00:00
2021.02.10 14:00:00,entry,3,1,done at 1851.453,505,1851.453,1846.976,1864.884,0.08,35.81,11249.12,33.74736,2021.02.10 14:00:00
2021.02.10 18:00:00,occupied,1,1,one position per engine,0,0.0,0.0,0.0,0.0,0.0,0.0,0.0,2021.02.10 18:00:00
2021.02.22 15:00:00,entry,3,1,done at 1805.032,508,1805.032,1799.843,1820.599,0.07,36.32,11127.13,33.381389999999996,2021.02.22 15:00:00
2021.02.23 02:00:00,trail,3,1,closed H1 ratchet,508,1805.032,1805.032,1820.599,0.0,0.0,0.0,0.0,2021.02.23 02:00:00
2021.02.24 01:00:00,entry,1,1,done at 1807.602,510,1807.602,1793.127,1851.027,0.03,43.43,11122.98,33.368939999999995,2021.02.24 01:00:00
2021.03.09 12:00:00,entry,2,1,done at 1709.134,512,1709.134,1703.865,1714.403,0.07,36.88,11079.29,33.23787,2021.03.09 12:00:00
2021.03.15 16:00:00,entry,1,1,done at 1727.239,514,1727.239,1712.971,1770.043,0.03,42.81,11041.97,33.12591,2021.03.15 16:00:00
2021.03.16 09:00:00,occupied,1,1,one position per engine,0,0.0,0.0,0.0,0.0,0.0,0.0,0.0,2021.03.16 09:00:00
2021.03.16 20:00:00,occupied,1,1,one position per engine,0,0.0,0.0,0.0,0.0,0.0,0.0,0.0,2021.03.16 20:00:00
2021.03.17 19:00:00,trail,1,1,closed H1 ratchet,514,1727.239,1727.239,1770.043,0.0,0.0,0.0,0.0,2021.03.17 19:00:00
2021.03.17 19:00:00,occupied,1,1,one position per engine,0,0.0,0.0,0.0,0.0,0.0,0.0,0.0,2021.03.17 19:00:00
2021.03.17 19:00:00,entry,3,1,done at 1749.758,515,1749.758,1745.211,1763.399,0.08,36.37,11105.78,33.31734,2021.03.17 19:00:00
2021.03.18 22:01:00,entry,1,1,done at 1736.308,518,1736.308,1718.195,1790.647,0.02,36.23,10996.76,32.99028,2021.03.18 22:00:00
2021.03.19 16:00:00,occupied,1,1,one position per engine,0,0.0,0.0,0.0,0.0,0.0,0.0,0.0,2021.03.19 16:00:00
2021.03.22 15:00:00,occupied,1,1,one position per engine,0,0.0,0.0,0.0,0.0,0.0,0.0,0.0,2021.03.22 15:00:00
2021.03.23 06:00:00,occupied,1,1,one position per engine,0,0.0,0.0,0.0,0.0,0.0,0.0,0.0,2021.03.23 06:00:00
2021.03.31 18:00:00,entry,2,1,done at 1710.958,520,1710.958,1705.759,1716.157,0.07,36.4,10950.78,32.85234,2021.03.31 18:00:00
2021.04.01 14:00:00,entry,3,1,done at 1724.807,522,1724.807,1720.807,1736.807,0.09,36.0,10975.55,32.926649999999995,2021.04.01 14:00:00
2021.04.06 02:00:00,trail,3,1,closed H1 ratchet,522,1724.807,1724.807,1736.807,0.0,0.0,0.0,0.0,2021.04.06 02:00:00
2021.04.06 08:00:00,entry,1,1,done at 1733.561,524,1733.561,1721.659,1769.267,0.03,35.7,11068.79,33.20637,2021.04.06 08:00:00
2021.04.06 14:00:00,entry,3,1,done at 1740.756,525,1740.756,1736.973,1752.105,0.09,34.04,11089.83,33.26949,2021.04.06 14:00:00
2021.04.08 04:00:00,occupied,1,1,one position per engine,0,0.0,0.0,0.0,0.0,0.0,0.0,0.0,2021.04.08 04:00:00
2021.04.08 14:00:00,trail,1,1,closed H1 ratchet,524,1733.561,1733.561,1769.267,0.0,0.0,0.0,0.0,2021.04.08 14:00:00
2021.04.08 14:00:00,entry,3,1,done at 1753.874,527,1753.874,1750.211,1764.863,0.1,36.63,11083.34,33.25002,2021.04.08 14:00:00
2021.04.15 05:00:00,entry,1,1,done at 1739.886,530,1739.886,1729.209,1771.917,0.04,42.7,10978.57,32.93571,2021.04.15 05:00:00
2021.04.15 14:00:00,entry,3,1,done at 1754.708,531,1754.708,1751.347,1764.791,0.1,33.61,11037.14,33.111419999999995,2021.04.15 14:00:00
2021.04.15 15:00:00,trail,1,1,closed H1 ratchet,530,1739.886,1739.886,1771.917,0.0,0.0,0.0,0.0,2021.04.15 15:00:00
2021.04.15 15:00:00,entry,3,1,done at 1764.902,533,1764.902,1761.018,1776.554,0.09,34.96,11178.34,33.53502,2021.04.15 15:00:00
2021.04.16 11:00:00,entry,3,1,done at 1778.365,536,1778.365,1774.543,1789.831,0.09,34.4,11164.37,33.49311,2021.04.16 11:00:00
2021.04.19 08:00:00,entry,3,1,done at 1787.185,538,1787.185,1782.56,1801.06,0.08,37.0,11129.44,33.38832,2021.04.19 08:00:00
2021.04.20 12:00:00,entry,1,1,done at 1773.451,540,1773.451,1761.242,1810.078,0.03,36.62,11091.87,33.27561,2021.04.20 12:00:00
2021.04.21 11:00:00,occupied,1,1,one position per engine,0,0.0,0.0,0.0,0.0,0.0,0.0,0.0,2021.04.21 11:00:00
2021.04.21 14:00:00,trail,1,1,closed H1 ratchet,540,1773.451,1773.451,1810.078,0.0,0.0,0.0,0.0,2021.04.21 14:00:00
2021.04.21 14:00:00,entry,3,1,done at 1796.003,541,1796.003,1791.902,1808.306,0.09,36.91,11157.2,33.4716,2021.04.21 14:00:00
2021.04.23 02:00:00,occupied,1,1,one position per engine,0,0.0,0.0,0.0,0.0,0.0,0.0,0.0,2021.04.23 02:00:00
2021.04.23 10:00:00,occupied,1,1,one position per engine,0,0.0,0.0,0.0,0.0,0.0,0.0,0.0,2021.04.23 10:00:00
2021.04.26 10:00:00,entry,1,1,done at 1781.286,544,1781.286,1769.356,1817.076,0.03,35.79,11046.15,33.13845,2021.04.26 10:00:00
2021.04.27 04:00:00,entry,1,1,done at 1779.984,546,1779.984,1768.869,1813.329,0.03,33.34,11010.15,33.030449999999995,2021.04.27 04:00:00
2021.04.27 10:00:00,occupied,1,1,one position per engine,0,0.0,0.0,0.0,0.0,0.0,0.0,0.0,2021.04.27 10:00:00
2021.04.29 13:00:00,entry,1,1,done at 1780.133,548,1780.133,1768.534,1814.93,0.03,34.8,10975.02,32.92506,2021.04.29 13:00:00
2021.05.03 14:00:00,entry,3,1,done at 1792.324,550,1792.324,1788.468,1803.892,0.09,34.71,10939.94,32.81982,2021.05.03 14:00:00
2021.05.05 04:00:00,entry,1,1,done at 1782.845,552,1782.845,1768.284,1826.528,0.03,43.69,10899.71,32.69913,2021.05.05 04:00:00
2021.05.06 14:00:00,trail,1,1,closed H1 ratchet,552,1782.845,1782.845,1826.528,0.0,0.0,0.0,0.0,2021.05.06 14:00:00
2021.05.06 14:00:00,entry,3,1,done at 1812.954,553,1812.954,1808.682,1825.77,0.08,34.17,10984.49,32.953469999999996,2021.05.06 14:00:00
2021.05.07 04:00:00,trail,3,1,closed H1 ratchet,553,1812.954,1812.954,1825.77,0.0,0.0,0.0,0.0,2021.05.07 04:00:00
2021.05.07 13:00:00,entry,3,1,done at 1839.011,556,1839.011,1835.101,1850.741,0.09,35.19,11122.0,33.366,2021.05.07 13:00:00
2021.05.10 20:00:00,entry,1,1,done at 1838.187,558,1838.187,1825.23,1877.058,0.03,38.87,11086.08,33.25824,2021.05.10 20:00:00
2021.05.11 09:00:00,occupied,1,1,one position per engine,0,0.0,0.0,0.0,0.0,0.0,0.0,0.0,2021.05.11 09:00:00
2021.05.11 17:00:00,entry,1,1,done at 1835.301,560,1835.301,1821.525,1876.629,0.03,41.32,11045.41,33.13623,2021.05.11 17:00:00
2021.05.12 07:00:00,occupied,1,1,one position per engine,0,0.0,0.0,0.0,0.0,0.0,0.0,0.0,2021.05.12 07:00:00
2021.05.13 14:00:00,entry,1,1,done at 1822.112,562,1822.112,1807.988,1864.484,0.03,42.38,11002.31,33.00693,2021.05.13 14:00:00
2021.05.14 07:00:00,entry,2,1,done at 1834.943,563,1834.943,1830.589,1839.297,0.08,34.83,11038.47,33.11541,2021.05.14 07:00:00
2021.05.14 20:00:00,trail,1,1,closed H1 ratchet,562,1822.112,1822.112,1864.484,0.0,0.0,0.0,0.0,2021.05.14 20:00:00
2021.05.17 02:00:00,entry,3,1,done at 1851.287,565,1851.287,1846.751,1864.895,0.08,36.29,11120.36,33.36108,2021.05.17 02:00:00
2021.05.17 15:00:00,entry,3,1,done at 1864.841,568,1864.841,1860.456,1877.996,0.08,35.08,11123.48,33.37044,2021.05.17 15:00:00
2021.05.18 02:00:00,trail,3,1,closed H1 ratchet,568,1864.841,1864.841,1877.996,0.0,0.0,0.0,0.0,2021.05.18 02:00:00
2021.05.19 04:00:00,entry,1,1,done at 1868.889,570,1868.889,1858.562,1899.87,0.04,41.31,11118.57,33.35571,2021.05.19 04:00:00
2021.05.19 14:00:00,entry,3,1,done at 1889.190,572,1889.19,1883.471,1906.347,0.06,34.31,11076.8,33.230399999999996,2021.05.19 14:00:00
2021.05.20 08:00:00,entry,1,1,done at 1874.306,574,1874.306,1850.983,1944.275,0.02,46.64,11042.12,33.12636,2021.05.20 08:00:00
2021.05.20 14:00:00,occupied,1,1,one position per engine,0,0.0,0.0,0.0,0.0,0.0,0.0,0.0,2021.05.20 14:00:00
2021.05.24 14:00:00,occupied,1,1,one position per engine,0,0.0,0.0,0.0,0.0,0.0,0.0,0.0,2021.05.24 14:00:00
2021.05.25 15:00:00,entry,3,1,done at 1890.705,575,1890.705,1886.302,1903.914,0.08,35.22,11071.23,33.21369,2021.05.25 15:00:00
2021.05.25 18:00:00,trail,3,1,closed H1 ratchet,575,1890.705,1890.705,1903.914,0.0,0.0,0.0,0.0,2021.05.25 18:00:00
2021.05.27 05:00:00,occupied,1,1,one position per engine,0,0.0,0.0,0.0,0.0,0.0,0.0,0.0,2021.05.27 05:00:00
2021.05.27 18:00:00,occupied,1,1,one position per engine,0,0.0,0.0,0.0,0.0,0.0,0.0,0.0,2021.05.27 18:00:00
2021.05.31 03:00:00,trail,1,1,closed H1 ratchet,574,1874.306,1874.306,1944.275,0.0,0.0,0.0,0.0,2021.05.31 03:00:00
2021.06.01 02:00:00,entry,3,1,done at 1912.259,577,1912.259,1909.642,1920.11,0.13,34.02,11207.9,33.6237,2021.06.01 02:00:00
2021.06.02 12:00:00,occupied,1,1,one position per engine,0,0.0,0.0,0.0,0.0,0.0,0.0,0.0,2021.06.02 12:00:00
2021.06.09 00:00:00,entry,1,1,done at 1893.558,580,1893.558,1880.563,1932.543,0.03,38.98,11093.09,33.279270000000004,2021.06.09 00:00:00
2021.06.09 03:00:00,occupied,1,1,one position per engine,0,0.0,0.0,0.0,0.0,0.0,0.0,0.0,2021.06.09 03:00:00
2021.06.09 13:00:00,occupied,1,1,one position per engine,0,0.0,0.0,0.0,0.0,0.0,0.0,0.0,2021.06.09 13:00:00
2021.06.23 14:00:00,entry,2,1,done at 1794.531,582,1794.531,1790.534,1798.528,0.09,35.97,11049.11,33.147330000000004,2021.06.23 14:00:00
2021.06.23 14:00:00,entry,3,1,done at 1794.531,583,1794.531,1790.534,1806.522,0.09,35.97,11047.48,33.14243999999999,2021.06.23 14:00:00
2021.07.02 13:00:00,entry,3,1,done at 1789.685,586,1789.685,1785.932,1800.944,0.09,33.78,10975.83,32.92749,2021.07.02 13:00:00
2021.07.08 01:00:00,entry,1,1,done at 1804.589,588,1804.589,1791.858,1842.782,0.03,38.2,10941.44,32.82432,2021.07.08 01:00:00
2021.07.08 08:00:00,occupied,1,1,one position per engine,0,0.0,0.0,0.0,0.0,0.0,0.0,0.0,2021.07.08 08:00:00
2021.07.08 11:00:00,entry,3,1,done at 1817.533,589,1817.533,1812.516,1832.584,0.07,35.12,10979.54,32.93862,2021.07.08 11:00:00
2021.07.09 00:00:00,occupied,1,1,one position per engine,0,0.0,0.0,0.0,0.0,0.0,0.0,0.0,2021.07.09 00:00:00
2021.07.09 02:00:00,occupied,1,1,one position per engine,0,0.0,0.0,0.0,0.0,0.0,0.0,0.0,2021.07.09 02:00:00
2021.07.13 07:00:00,entry,1,1,done at 1810.831,592,1810.831,1798.935,1846.519,0.03,35.68,10864.28,32.59284,2021.07.13 07:00:00
2021.07.14 13:00:00,entry,3,1,done at 1828.726,594,1828.726,1825.212,1839.268,0.1,35.14,10828.33,32.484989999999996,2021.07.14 13:00:00
2021.07.16 04:00:00,entry,1,1,done at 1827.646,596,1827.646,1817.235,1858.879,0.04,41.64,10792.63,32.37789,2021.07.16 04:00:00
2021.07.19 20:00:00,entry,1,1,done at 1812.336,598,1812.336,1798.39,1854.174,0.03,41.84,10750.75,32.25225,2021.07.19 20:00:00
2021.07.21 07:00:00,occupied,1,1,one position per engine,0,0.0,0.0,0.0,0.0,0.0,0.0,0.0,2021.07.21 07:00:00
2021.07.29 02:00:00,entry,3,1,done at 1815.770,600,1815.77,1811.492,1828.604,0.08,34.22,10705.53,32.11659,2021.07.29 02:00:00
2021.07.29 12:00:00,trail,3,1,closed H1 ratchet,600,1815.77,1815.77,1828.604,0.0,0.0,0.0,0.0,2021.07.29 12:00:00
2021.08.02 15:00:00,entry,1,1,done at 1814.953,602,1814.953,1803.127,1850.431,0.03,35.48,10807.79,32.42337,2021.08.02 15:00:00
2021.08.03 13:00:00,occupied,1,1,one position per engine,0,0.0,0.0,0.0,0.0,0.0,0.0,0.0,2021.08.03 13:00:00
2021.08.04 02:00:00,occupied,1,1,one position per engine,0,0.0,0.0,0.0,0.0,0.0,0.0,0.0,2021.08.04 02:00:00
2021.08.04 10:00:00,occupied,1,1,one position per engine,0,0.0,0.0,0.0,0.0,0.0,0.0,0.0,2021.08.04 10:00:00
2021.08.04 13:00:00,entry,3,1,done at 1827.300,603,1827.3,1824.71,1835.07,0.13,33.67,10840.9,32.5227,2021.08.04 13:00:00
2021.08.04 14:00:00,occupied,3,1,one position per engine,0,0.0,0.0,0.0,0.0,0.0,0.0,0.0,2021.08.04 14:00:00
2021.08.05 08:00:00,occupied,1,1,one position per engine,0,0.0,0.0,0.0,0.0,0.0,0.0,0.0,2021.08.05 08:00:00
2021.08.05 11:00:00,occupied,1,1,one position per engine,0,0.0,0.0,0.0,0.0,0.0,0.0,0.0,2021.08.05 11:00:00
2021.08.11 16:00:00,entry,2,1,done at 1751.754,606,1751.754,1747.679,1755.829,0.08,32.6,10729.58,32.188739999999996,2021.08.11 16:00:00
2021.08.13 13:00:00,entry,3,1,done at 1763.008,608,1763.008,1760.385,1770.877,0.13,34.09,10696.53,32.08959,2021.08.13 13:00:00
2021.08.13 15:00:00,entry,3,1,done at 1773.406,610,1773.406,1770.422,1782.358,0.11,32.83,10798.31,32.39493,2021.08.13 15:00:00
2021.08.13 20:00:00,trail,3,1,closed H1 ratchet,610,1773.406,1773.406,1782.358,0.0,0.0,0.0,0.0,2021.08.13 20:00:00
2021.08.16 14:00:00,entry,3,1,done at 1786.802,612,1786.802,1783.276,1797.38,0.1,35.26,10890.29,32.67087,2021.08.16 14:00:00
2021.08.18 02:00:00,entry,1,1,done at 1790.083,614,1790.083,1779.216,1822.684,0.03,32.6,10854.28,32.56284,2021.08.18 02:00:00
2021.08.19 09:00:00,entry,1,1,done at 1785.512,616,1785.512,1771.89,1826.378,0.03,40.87,10821.43,32.46429,2021.08.19 09:00:00
2021.08.20 11:00:00,occupied,1,1,one position per engine,0,0.0,0.0,0.0,0.0,0.0,0.0,0.0,2021.08.20 11:00:00
2021.08.20 16:00:00,occupied,1,1,one position per engine,0,0.0,0.0,0.0,0.0,0.0,0.0,0.0,2021.08.20 16:00:00
2021.08.23 13:00:00,entry,3,1,done at 1800.094,617,1800.094,1796.91,1809.646,0.11,35.02,10861.24,32.58372,2021.08.23 13:00:00
2021.08.23 14:00:00,occupied,3,1,one position per engine,0,0.0,0.0,0.0,0.0,0.0,0.0,0.0,2021.08.23 14:00:00
2021.08.24 13:00:00,trail,1,1,closed H1 ratchet,616,1785.512,1785.512,1826.378,0.0,0.0,0.0,0.0,2021.08.24 13:00:00
2021.08.24 13:00:00,entry,3,1,done at 1808.010,619,1808.01,1805.486,1815.582,0.13,32.81,10847.64,32.54292,2021.08.24 13:00:00
2021.08.26 15:00:00,entry,1,1,done at 1791.870,622,1791.87,1781.529,1822.893,0.04,41.36,10745.51,32.236529999999995,2021.08.26 15:00:00
2021.08.27 15:00:00,trail,1,1,closed H1 ratchet,622,1791.87,1791.87,1822.893,0.0,0.0,0.0,0.0,2021.08.27 15:00:00
2021.08.27 15:00:00,occupied,1,1,one position per engine,0,0.0,0.0,0.0,0.0,0.0,0.0,0.0,2021.08.27 15:00:00
2021.08.27 15:00:00,entry,3,1,done at 1807.889,623,1807.889,1803.454,1821.194,0.08,35.48,10806.48,32.41944,2021.08.27 15:00:00
2021.08.27 17:00:00,trail,3,1,closed H1 ratchet,623,1807.889,1807.889,1821.194,0.0,0.0,0.0,0.0,2021.08.27 17:00:00
2021.08.31 01:00:00,entry,1,1,done at 1812.797,626,1812.797,1805.556,1834.52,0.05,36.21,10967.06,32.90118,2021.08.31 01:00:00
2021.08.31 17:00:00,entry,1,1,done at 1814.169,628,1814.169,1802.467,1849.275,0.03,35.11,10930.55,32.79165,2021.08.31 17:00:00
2021.09.01 13:00:00,occupied,1,1,one position per engine,0,0.0,0.0,0.0,0.0,0.0,0.0,0.0,2021.09.01 13:00:00
2021.09.01 13:00:00,entry,3,1,done at 1819.567,629,1819.567,1816.537,1828.657,0.11,33.33,10944.41,32.83323,2021.09.01 13:00:00
2021.09.01 20:00:00,occupied,1,1,one position per engine,0,0.0,0.0,0.0,0.0,0.0,0.0,0.0,2021.09.01 20:00:00
2021.09.02 01:00:00,occupied,1,1,one position per engine,0,0.0,0.0,0.0,0.0,0.0,0.0,0.0,2021.09.02 01:00:00
2021.09.03 02:00:00,occupied,1,1,one position per engine,0,0.0,0.0,0.0,0.0,0.0,0.0,0.0,2021.09.03 02:00:00
2021.09.03 10:00:00,occupied,1,1,one position per engine,0,0.0,0.0,0.0,0.0,0.0,0.0,0.0,2021.09.03 10:00:00
2021.09.03 13:00:00,entry,3,1,done at 1823.668,631,1823.668,1821.09,1831.402,0.13,33.51,10915.77,32.74731,2021.09.03 13:00:00
2021.09.03 15:00:00,entry,3,1,done at 1830.463,633,1830.463,1827.311,1839.919,0.11,34.67,10901.38,32.704139999999995,2021.09.03 15:00:00
2021.09.07 01:00:00,occupied,1,1,one position per engine,0,0.0,0.0,0.0,0.0,0.0,0.0,0.0,2021.09.07 01:00:00
2021.09.14 15:00:00,entry,2,1,done at 1804.788,636,1804.788,1800.733,1808.843,0.08,32.44,10779.42,32.33826,2021.09.14 15:00:00
2021.09.14 15:00:00,entry,3,1,done at 1804.788,637,1804.788,1800.733,1816.953,0.08,32.44,10777.49,32.33247,2021.09.14 15:00:00
2021.09.21 13:00:00,entry,3,1,done at 1772.028,640,1772.028,1768.911,1781.379,0.11,34.29,10705.02,32.11506,2021.09.21 13:00:00
2021.09.21 15:00:00,trail,3,1,closed H1 ratchet,640,1772.028,1772.028,1781.379,0.0,0.0,0.0,0.0,2021.09.21 15:00:00
2021.09.21 15:00:00,occupied,3,1,one position per engine,0,0.0,0.0,0.0,0.0,0.0,0.0,0.0,2021.09.21 15:00:00
2021.09.30 15:00:00,entry,2,1,done at 1757.523,642,1757.523,1752.933,1762.113,0.08,36.72,10807.43,32.42229,2021.09.30 15:00:00
2021.09.30 15:00:00,entry,3,1,done at 1757.523,643,1757.523,1752.933,1771.293,0.08,36.72,10805.99,32.41797,2021.09.30 15:00:00
2021.10.04 15:00:00,entry,1,1,done at 1766.564,646,1766.564,1752.758,1807.982,0.03,41.42,10806.26,32.41878,2021.10.04 15:00:00
2021.10.04 15:00:00,entry,3,1,done at 1766.564,647,1766.564,1761.962,1780.37,0.08,36.81,10805.72,32.417159999999996,2021.10.04 15:00:00
2021.10.08 10:00:00,entry,1,1,done at 1759.427,650,1759.427,1749.922,1787.942,0.04,38.02,10721.22,32.16365999999999,2021.10.08 10:00:00
2021.10.08 13:00:00,trail,1,1,closed H1 ratchet,650,1759.427,1759.427,1787.942,0.0,0.0,0.0,0.0,2021.10.08 13:00:00
2021.10.08 13:00:00,entry,3,1,done at 1776.054,651,1776.054,1772.72,1786.056,0.1,33.34,10787.01,32.36103,2021.10.08 13:00:00
2021.10.11 02:00:00,entry,1,1,done at 1760.190,654,1760.19,1744.702,1806.654,0.03,46.46,10686.89,32.060669999999995,2021.10.11 02:00:00
2021.10.12 14:00:00,occupied,1,1,one position per engine,0,0.0,0.0,0.0,0.0,0.0,0.0,0.0,2021.10.12 14:00:00
2021.10.12 20:00:00,occupied,1,1,one position per engine,0,0.0,0.0,0.0,0.0,0.0,0.0,0.0,2021.10.12 20:00:00
2021.10.13 14:00:00,occupied,1,1,one position per engine,0,0.0,0.0,0.0,0.0,0.0,0.0,0.0,2021.10.13 14:00:00
2021.10.13 14:00:00,entry,3,1,done at 1781.649,655,1781.649,1777.117,1795.245,0.08,36.25,10747.52,32.24256,2021.10.13 14:00:00
2021.10.13 15:00:00,trail,1,1,closed H1 ratchet,654,1760.19,1760.19,1806.654,0.0,0.0,0.0,0.0,2021.10.13 15:00:00
2021.10.13 15:00:00,entry,3,1,done at 1792.906,657,1792.906,1787.847,1808.083,0.07,35.41,10889.66,32.66898,2021.10.13 15:00:00
2021.10.19 07:00:00,entry,2,1,done at 1778.994,659,1778.994,1775.738,1782.25,0.1,32.56,10791.43,32.37429,2021.10.19 07:00:00
2021.10.20 13:00:00,entry,3,1,done at 1786.653,661,1786.653,1783.703,1795.503,0.12,35.4,10844.92,32.53476,2021.10.20 13:00:00
2021.10.21 09:00:00,occupied,1,1,one position per engine,0,0.0,0.0,0.0,0.0,0.0,0.0,0.0,2021.10.21 09:00:00
2021.10.21 20:00:00,occupied,1,1,one position per engine,0,0.0,0.0,0.0,0.0,0.0,0.0,0.0,2021.10.21 20:00:00
2021.10.22 07:00:00,entry,3,1,done at 1793.290,663,1793.29,1789.584,1804.408,0.09,33.35,10822.04,32.466120000000004,2021.10.22 07:00:00
2021.10.22 13:00:00,entry,3,1,done at 1806.018,666,1806.018,1802.458,1816.698,0.1,35.6,10962.15,32.886449999999996,2021.10.22 13:00:00
2021.10.22 15:00:00,trail,3,1,closed H1 ratchet,666,1806.018,1806.018,1816.698,0.0,0.0,0.0,0.0,2021.10.22 15:00:00
2021.10.22 17:00:00,entry,1,1,done at 1797.491,668,1797.491,1780.392,1848.788,0.02,34.2,10961.53,32.88459,2021.10.22 17:00:00
2021.10.22 19:00:00,occupied,1,1,one position per engine,0,0.0,0.0,0.0,0.0,0.0,0.0,0.0,2021.10.22 19:00:00
2021.10.24 23:00:00,occupied,1,1,one position per engine,0,0.0,0.0,0.0,0.0,0.0,0.0,0.0,2021.10.24 23:00:00
2021.10.28 16:00:00,occupied,1,1,one position per engine,0,0.0,0.0,0.0,0.0,0.0,0.0,0.0,2021.10.28 16:00:00
2021.10.28 23:00:00,occupied,1,1,one position per engine,0,0.0,0.0,0.0,0.0,0.0,0.0,0.0,2021.10.28 23:00:00
2021.11.04 14:00:00,entry,2,1,done at 1796.742,670,1796.742,1792.034,1801.45,0.07,32.95,10919.72,32.759159999999994,2021.11.04 14:00:00
2021.11.05 16:00:00,entry,3,1,done at 1809.972,672,1809.972,1805.567,1823.187,0.08,35.24,10886.27,32.658809999999995,2021.11.05 16:00:00
2021.11.05 20:00:00,trail,3,1,closed H1 ratchet,672,1809.972,1809.972,1823.187,0.0,0.0,0.0,0.0,2021.11.05 20:00:00
2021.11.08 14:00:00,entry,3,1,done at 1821.911,674,1821.911,1818.045,1833.509,0.09,34.79,10987.45,32.96235,2021.11.08 14:00:00
2021.11.09 09:00:00,entry,1,1,done at 1824.596,675,1824.596,1814.382,1855.238,0.04,40.85,11005.18,33.01554,2021.11.09 09:00:00
2021.11.09 14:00:00,trail,3,1,closed H1 ratchet,674,1821.911,1821.911,1833.509,0.0,0.0,0.0,0.0,2021.11.09 14:00:00
2021.11.09 14:00:00,occupied,3,1,one position per engine,0,0.0,0.0,0.0,0.0,0.0,0.0,0.0,2021.11.09 14:00:00
2021.11.10 14:00:00,trail,1,1,closed H1 ratchet,675,1824.596,1824.596,1855.238,0.0,0.0,0.0,0.0,2021.11.10 14:00:00
2021.11.10 14:00:00,entry,3,1,done at 1849.777,677,1849.777,1845.711,1861.975,0.09,36.59,11079.87,33.23961,2021.11.10 14:00:00
2021.11.10 15:00:00,entry,3,1,done at 1862.191,680,1862.191,1857.36,1876.684,0.07,33.82,11211.57,33.63471,2021.11.10 15:00:00
2021.11.12 15:00:00,entry,1,1,done at 1859.230,682,1859.23,1848.305,1892.005,0.04,43.7,11177.07,33.531209999999994,2021.11.12 15:00:00
2021.11.15 08:00:00,occupied,1,1,one position per engine,0,0.0,0.0,0.0,0.0,0.0,0.0,0.0,2021.11.15 08:00:00
2021.11.15 10:00:00,occupied,1,1,one position per engine,0,0.0,0.0,0.0,0.0,0.0,0.0,0.0,2021.11.15 10:00:00
2021.11.16 01:00:00,occupied,1,1,one position per engine,0,0.0,0.0,0.0,0.0,0.0,0.0,0.0,2021.11.16 01:00:00
2021.11.16 09:00:00,occupied,1,1,one position per engine,0,0.0,0.0,0.0,0.0,0.0,0.0,0.0,2021.11.16 09:00:00
2021.11.16 09:00:00,entry,3,1,done at 1872.353,683,1872.353,1868.476,1883.984,0.09,34.9,11224.56,33.67368,2021.11.16 09:00:00
2021.11.17 09:00:00,occupied,1,1,one position per engine,0,0.0,0.0,0.0,0.0,0.0,0.0,0.0,2021.11.17 09:00:00
2021.11.26 07:00:00,entry,2,1,done at 1801.401,686,1801.401,1798.616,1804.186,0.12,33.42,11082.69,33.248070000000006,2021.11.26 07:00:00
2021.11.26 07:00:00,entry,3,1,done at 1801.401,687,1801.401,1798.616,1809.756,0.12,33.42,11080.53,33.24159,2021.11.26 07:00:00
2021.11.26 08:00:00,trail,3,1,closed H1 ratchet,687,1801.401,1801.401,1809.756,0.0,0.0,0.0,0.0,2021.11.26 08:00:00
2021.11.26 08:00:00,occupied,3,1,one position per engine,0,0.0,0.0,0.0,0.0,0.0,0.0,0.0,2021.11.26 08:00:00
2021.11.26 10:00:00,entry,3,1,done at 1809.894,690,1809.894,1806.018,1821.522,0.09,34.89,11114.79,33.344370000000005,2021.11.26 10:00:00
2021.12.14 06:00:00,entry,1,1,done at 1787.413,692,1787.413,1778.314,1814.71,0.04,36.39,11079.31,33.23793,2021.12.14 06:00:00
2021.12.20 03:00:00,entry,1,1,done at 1802.112,694,1802.112,1790.514,1836.906,0.03,34.8,11042.65,33.12795,2021.12.20 03:00:00
2021.12.20 06:00:00,occupied,1,1,one position per engine,0,0.0,0.0,0.0,0.0,0.0,0.0,0.0,2021.12.20 06:00:00
2021.12.21 09:00:00,entry,1,1,done at 1797.097,696,1797.097,1786.872,1827.772,0.04,40.9,11007.65,33.022949999999994,2021.12.21 09:00:00
2021.12.30 12:00:00,entry,1,1,done at 1802.727,698,1802.727,1794.824,1826.436,0.05,39.52,10966.52,32.89956,2021.12.30 12:00:00
2021.12.30 17:00:00,entry,2,1,done at 1813.642,699,1813.642,1810.638,1816.646,0.12,36.04,11020.19,33.060570000000006,2021.12.30 17:00:00
2021.12.30 20:00:00,trail,1,1,closed H1 ratchet,698,1802.727,1802.727,1826.436,0.0,0.0,0.0,0.0,2021.12.30 20:00:00
2021.12.31 14:00:00,entry,3,1,done at 1824.444,702,1824.444,1821.917,1832.025,0.14,35.38,11117.64,33.35292,2021.12.31 14:00:00
2022.01.11 16:00:00,entry,3,1,done at 1811.774,704,1811.774,1808.776,1820.768,0.12,35.98,11081.47,33.244409999999995,2022.01.11 16:00:00
2022.01.11 17:00:00,occupied,3,1,one position per engine,0,0.0,0.0,0.0,0.0,0.0,0.0,0.0,2022.01.11 17:00:00
2022.01.11 18:00:00,trail,3,1,closed H1 ratchet,704,1811.774,1811.774,1820.768,0.0,0.0,0.0,0.0,2022.01.11 18:00:00
2022.01.13 12:00:00,entry,1,1,done at 1823.719,706,1823.719,1815.684,1847.824,0.05,40.18,11189.12,33.56736,2022.01.13 12:00:00
2022.01.13 21:00:00,error,1,1,market closed,0,1822.082,1811.952,1852.472,0.04,40.52,11148.55,33.44564999999999,2022.01.13 21:00:00
2022.01.14 02:00:00,entry,1,1,done at 1822.542,708,1822.542,1811.984,1854.216,0.04,42.23,11148.55,33.44564999999999,2022.01.14 02:00:00
2022.01.18 01:00:00,occupied,1,1,one position per engine,0,0.0,0.0,0.0,0.0,0.0,0.0,0.0,2022.01.18 01:00:00
2022.01.19 14:00:00,entry,2,1,done at 1824.117,710,1824.117,1821.3,1826.934,0.12,33.8,11101.74,33.30522,2022.01.19 14:00:00
2022.01.19 14:00:00,entry,3,1,done at 1824.117,711,1824.117,1821.3,1832.568,0.12,33.8,11099.58,33.298739999999995,2022.01.19 14:00:00
2022.01.19 15:00:00,occupied,3,1,one position per engine,0,0.0,0.0,0.0,0.0,0.0,0.0,0.0,2022.01.19 15:00:00
2022.01.19 16:00:00,entry,3,1,done at 1838.450,714,1838.45,1835.1,1848.5,0.11,36.85,11235.8,33.7074,2022.01.19 16:00:00
2022.01.20 14:00:00,trail,3,1,closed H1 ratchet,714,1838.45,1838.45,1848.5,0.0,0.0,0.0,0.0,2022.01.20 14:00:00
2022.01.20 14:00:00,occupied,3,1,one position per engine,0,0.0,0.0,0.0,0.0,0.0,0.0,0.0,2022.01.20 14:00:00
2022.01.21 14:00:00,entry,1,1,done at 1841.503,716,1841.503,1831.556,1871.344,0.04,39.79,11217.54,33.65262,2022.01.21 14:00:00
2022.01.24 02:00:00,entry,1,1,done at 1836.253,718,1836.253,1823.616,1874.164,0.03,37.91,11177.5,33.5325,2022.01.24 02:00:00
2022.01.24 18:00:00,occupied,1,1,one position per engine,0,0.0,0.0,0.0,0.0,0.0,0.0,0.0,2022.01.24 18:00:00
2022.01.25 15:00:00,entry,3,1,done at 1850.533,719,1850.533,1847.053,1860.973,0.1,34.8,11218.19,33.65457,2022.01.25 15:00:00
2022.01.26 10:00:00,occupied,1,1,one position per engine,0,0.0,0.0,0.0,0.0,0.0,0.0,0.0,2022.01.26 10:00:00
2022.02.01 06:00:00,entry,2,1,done at 1802.868,722,1802.868,1799.626,1806.11,0.11,35.66,11100.7,33.3021,2022.02.01 06:00:00
2022.02.08 14:00:00,entry,1,1,done at 1824.176,724,1824.176,1816.751,1846.451,0.05,37.12,11135.94,33.40782,2022.02.08 14:00:00
2022.02.08 14:00:00,entry,3,1,done at 1824.176,725,1824.176,1821.701,1831.601,0.14,34.65,11135.04,33.405120000000004,2022.02.08 14:00:00
2022.02.09 15:00:00,occupied,1,1,one position per engine,0,0.0,0.0,0.0,0.0,0.0,0.0,0.0,2022.02.09 15:00:00
2022.02.09 17:00:00,entry,3,1,done at 1832.674,727,1832.674,1830.255,1839.931,0.14,33.87,11138.91,33.41673,2022.02.09 17:00:00
2022.02.10 16:00:00,trail,1,1,closed H1 ratchet,724,1824.176,1824.176,1846.451,0.0,0.0,0.0,0.0,2022.02.10 16:00:00
2022.02.10 17:00:00,entry,3,1,done at 1841.694,729,1841.694,1838.332,1851.78,0.1,33.62,11118.74,33.35622,2022.02.10 17:00:00
2022.02.11 13:00:00,entry,1,1,done at 1830.602,732,1830.602,1820.008,1862.384,0.04,42.38,10994.48,32.983439999999995,2022.02.11 13:00:00
2022.02.11 15:00:00,occupied,1,1,one position per engine,0,0.0,0.0,0.0,0.0,0.0,0.0,0.0,2022.02.11 15:00:00
2022.02.11 16:00:00,entry,2,1,done at 1836.009,733,1836.009,1832.447,1839.571,0.1,35.62,11015.39,33.04617,2022.02.11 16:00:00
2022.02.11 19:00:00,trail,1,1,closed H1 ratchet,732,1830.602,1830.602,1862.384,0.0,0.0,0.0,0.0,2022.02.11 19:00:00
2022.02.11 19:00:00,entry,3,1,done at 1857.324,735,1857.324,1852.931,1870.503,0.08,35.14,11135.84,33.40752,2022.02.11 19:00:00
2022.02.16 12:00:00,entry,1,1,done at 1856.531,738,1856.531,1847.432,1883.828,0.04,36.39,11121.01,33.36303,2022.02.16 12:00:00
2022.02.16 14:00:00,occupied,1,1,one position per engine,0,0.0,0.0,0.0,0.0,0.0,0.0,0.0,2022.02.16 14:00:00
2022.02.16 20:00:00,trail,1,1,closed H1 ratchet,738,1856.531,1856.531,1883.828,0.0,0.0,0.0,0.0,2022.02.16 20:00:00
2022.02.17 09:00:00,entry,3,1,done at 1886.318,740,1886.318,1881.24,1901.552,0.07,35.55,11223.59,33.67077,2022.02.17 09:00:00
2022.02.17 14:00:00,trail,3,1,closed H1 ratchet,740,1886.318,1886.318,1901.552,0.0,0.0,0.0,0.0,2022.02.17 14:00:00
2022.02.17 14:00:00,occupied,3,1,one position per engine,0,0.0,0.0,0.0,0.0,0.0,0.0,0.0,2022.02.17 14:00:00
2022.02.18 03:00:00,entry,1,1,done at 1891.013,742,1891.013,1873.867,1942.451,0.02,34.3,11223.09,33.669270000000004,2022.02.18 03:00:00
2022.02.18 06:00:00,occupied,1,1,one position per engine,0,0.0,0.0,0.0,0.0,0.0,0.0,0.0,2022.02.18 06:00:00
2022.02.18 13:00:00,occupied,1,1,one position per engine,0,0.0,0.0,0.0,0.0,0.0,0.0,0.0,2022.02.18 13:00:00
2022.02.18 17:00:00,occupied,1,1,one position per engine,0,0.0,0.0,0.0,0.0,0.0,0.0,0.0,2022.02.18 17:00:00
2022.02.21 00:00:00,entry,3,1,done at 1905.023,743,1905.023,1900.796,1917.704,0.08,33.81,11249.68,33.74904,2022.02.21 00:00:00
2022.02.21 09:00:00,occupied,1,1,one position per engine,0,0.0,0.0,0.0,0.0,0.0,0.0,0.0,2022.02.21 09:00:00
2022.02.22 00:00:00,entry,3,1,done at 1909.653,745,1909.653,1904.686,1924.554,0.07,34.77,11223.39,33.67017,2022.02.22 00:00:00
2022.02.22 14:00:00,occupied,1,1,one position per engine,0,0.0,0.0,0.0,0.0,0.0,0.0,0.0,2022.02.22 14:00:00
2022.02.23 14:00:00,occupied,1,1,one position per engine,0,0.0,0.0,0.0,0.0,0.0,0.0,0.0,2022.02.23 14:00:00
2022.02.24 03:00:00,trail,1,1,closed H1 ratchet,742,1891.013,1891.013,1942.451,0.0,0.0,0.0,0.0,2022.02.24 03:00:00
2022.02.24 04:00:00,entry,3,1,done at 1929.227,747,1929.227,1924.539,1943.291,0.08,37.51,11222.89,33.66867,2022.02.24 04:00:00
2022.02.24 05:00:00,entry,3,1,done at 1935.829,750,1935.829,1930.331,1952.323,0.07,38.48,11361.84,34.08552,2022.02.24 05:00:00
2022.02.24 08:00:00,trail,3,1,closed H1 ratchet,750,1935.829,1935.829,1952.323,0.0,0.0,0.0,0.0,2022.02.24 08:00:00
2022.02.24 10:00:00,entry,3,1,done at 1953.314,752,1953.314,1946.487,1973.795,0.06,40.96,11476.93,34.43079,2022.02.24 10:00:00
2022.02.24 11:00:00,entry,3,1,done at 1973.879,754,1973.879,1966.399,1996.319,0.05,37.4,11599.6,34.7988,2022.02.24 11:00:00
2022.02.25 07:00:00,entry,1,1,done at 1919.367,756,1919.367,1877.259,2045.691,0.01,42.11,11561.9,34.6857,2022.02.25 07:00:00
2022.02.28 00:00:00,occupied,1,1,one position per engine,0,0.0,0.0,0.0,0.0,0.0,0.0,0.0,2022.02.28 00:00:00
2022.02.28 11:00:00,occupied,1,1,one position per engine,0,0.0,0.0,0.0,0.0,0.0,0.0,0.0,2022.02.28 11:00:00
2022.02.28 20:00:00,occupied,1,1,one position per engine,0,0.0,0.0,0.0,0.0,0.0,0.0,0.0,2022.02.28 20:00:00
2022.03.02 23:01:00,occupied,1,1,one position per engine,0,0.0,0.0,0.0,0.0,0.0,0.0,0.0,2022.03.02 23:00:00
2022.03.03 08:00:00,occupied,1,1,one position per engine,0,0.0,0.0,0.0,0.0,0.0,0.0,0.0,2022.03.03 08:00:00
2022.03.04 15:00:00,entry,3,1,done at 1952.038,757,1952.038,1945.489,1971.685,0.06,39.3,11590.66,34.77198,2022.03.04 15:00:00
2022.03.07 00:00:00,trail,1,1,closed H1 ratchet,756,1919.367,1919.367,2045.691,0.0,0.0,0.0,0.0,2022.03.07 00:00:00
2022.03.07 00:00:00,entry,3,1,done at 1988.762,759,1988.762,1981.526,2010.47,0.05,36.18,11587.11,34.76133,2022.03.07 00:00:00
2022.03.08 07:00:00,entry,3,1,done at 2017.051,761,2017.051,2006.528,2048.62,0.04,42.09,11577.99,34.73397,2022.03.08 07:00:00
2022.03.08 15:00:00,entry,3,1,done at 2039.716,763,2039.716,2029.491,2070.391,0.04,40.9,11558.53,34.67559,2022.03.08 15:00:00
2022.03.08 16:00:00,occupied,3,1,one position per engine,0,0.0,0.0,0.0,0.0,0.0,0.0,0.0,2022.03.08 16:00:00
2022.03.08 17:00:00,trail,3,1,closed H1 ratchet,763,2039.716,2039.716,2070.391,0.0,0.0,0.0,0.0,2022.03.08 17:00:00
2022.03.10 11:00:00,entry,1,1,done at 1999.798,766,1999.798,1968.183,2094.643,0.02,63.23,11564.41,34.69323,2022.03.10 11:00:00
2022.03.23 20:00:00,entry,3,1,done at 1946.753,768,1946.753,1941.583,1962.263,0.07,36.19,11499.97,34.49990999999999,2022.03.23 20:00:00
2022.03.24 12:00:00,entry,3,1,done at 1956.418,770,1956.418,1951.544,1971.04,0.08,38.99,11451.99,34.35597,2022.03.24 12:00:00
2022.03.24 15:00:00,entry,3,1,done at 1965.240,772,1965.24,1959.207,1983.339,0.06,36.2,11412.51,34.23753,2022.03.24 15:00:00
2022.03.25 16:00:00,entry,1,1,done at 1957.310,774,1957.31,1942.139,2002.823,0.03,45.51,11375.94,34.12782,2022.03.25 16:00:00
2022.03.27 22:05:00,occupied,1,1,one position per engine,0,0.0,0.0,0.0,0.0,0.0,0.0,0.0,2022.03.27 22:00:00
2022.03.30 15:00:00,entry,2,1,done at 1937.356,776,1937.356,1932.521,1942.191,0.08,38.68,11328.62,33.98586,2022.03.30 15:00:00
2022.04.05 14:00:00,entry,3,1,done at 1942.494,778,1942.494,1938.333,1954.977,0.09,37.45,11289.43,33.86829,2022.04.05 14:00:00
2022.04.08 14:00:00,entry,1,1,done at 1939.663,780,1939.663,1927.859,1975.075,0.03,35.41,11251.33,33.75399,2022.04.08 14:00:00
2022.04.08 14:00:00,entry,3,1,done at 1939.663,781,1939.663,1935.728,1951.468,0.09,35.42,11250.78,33.75234,2022.04.08 14:00:00
2022.04.08 15:00:00,occupied,3,1,one position per engine,0,0.0,0.0,0.0,0.0,0.0,0.0,0.0,2022.04.08 15:00:00
2022.04.10 22:05:00,trail,3,1,closed H1 ratchet,781,1939.663,1939.663,1951.468,0.0,0.0,0.0,0.0,2022.04.10 22:00:00
2022.04.11 09:00:00,entry,3,1,done at 1957.231,783,1957.231,1951.968,1973.02,0.07,36.84,11402.96,34.20887999999999,2022.04.11 09:00:00
2022.04.11 10:00:00,trail,1,1,closed H1 ratchet,780,1939.663,1939.663,1975.075,0.0,0.0,0.0,0.0,2022.04.11 10:00:00
2022.04.11 13:00:00,occupied,3,1,one position per engine,0,0.0,0.0,0.0,0.0,0.0,0.0,0.0,2022.04.11 13:00:00
2022.04.11 19:00:00,occupied,1,1,one position per engine,0,0.0,0.0,0.0,0.0,0.0,0.0,0.0,2022.04.11 19:00:00
2022.04.12 11:00:00,occupied,1,1,one position per engine,0,0.0,0.0,0.0,0.0,0.0,0.0,0.0,2022.04.12 11:00:00
2022.04.12 13:00:00,entry,3,1,done at 1970.390,785,1970.39,1965.397,1985.369,0.07,34.95,11403.54,34.210620000000006,2022.04.12 13:00:00
2022.04.12 15:00:00,entry,3,1,done at 1975.848,788,1975.848,1970.213,1992.753,0.07,39.45,11382.46,34.14738,2022.04.12 15:00:00
2022.04.14 12:00:00,entry,1,1,done at 1977.305,790,1977.305,1964.824,2014.748,0.03,37.45,11342.57,34.02771,2022.04.14 12:00:00
2022.04.17 22:05:00,entry,1,1,done at 1973.073,792,1973.073,1954.977,2027.361,0.02,36.2,11304.9,33.914699999999996,2022.04.17 22:00:00
2022.04.19 12:00:00,occupied,1,1,one position per engine,0,0.0,0.0,0.0,0.0,0.0,0.0,0.0,2022.04.19 12:00:00
2022.04.29 02:00:00,entry,2,1,done at 1902.542,794,1902.542,1896.615,1908.469,0.06,35.56,11267.5,33.8025,2022.04.29 02:00:00
2022.05.04 19:00:00,entry,2,1,done at 1886.068,796,1886.068,1880.754,1891.382,0.07,37.2,11302.76,33.90828,2022.05.04 19:00:00
2022.05.04 19:00:00,entry,3,1,done at 1886.068,797,1886.068,1880.754,1902.01,0.07,37.2,11301.49,33.904469999999996,2022.05.04 19:00:00
2022.05.05 00:00:00,occupied,3,1,one position per engine,0,0.0,0.0,0.0,0.0,0.0,0.0,0.0,2022.05.05 00:00:00
2022.05.05 01:00:00,trail,3,1,closed H1 ratchet,797,1886.068,1886.068,1902.01,0.0,0.0,0.0,0.0,2022.05.05 01:00:00
2022.05.05 13:00:00,entry,3,1,done at 1907.022,800,1907.022,1900.685,1926.033,0.06,38.02,11439.83,34.31949,2022.05.05 13:00:00
2022.05.17 12:00:00,entry,3,1,done at 1834.746,802,1834.746,1830.041,1848.861,0.08,37.64,11401.38,34.204139999999995,2022.05.17 12:00:00
2022.05.19 10:00:00,entry,2,1,done at 1829.751,804,1829.751,1825.206,1834.296,0.08,36.36,11363.11,34.08933,2022.05.19 10:00:00
2022.05.19 13:00:00,entry,3,1,done at 1838.408,806,1838.408,1833.826,1852.154,0.08,36.65,11399.26,34.197779999999995,2022.05.19 13:00:00
2022.05.20 16:00:00,entry,1,1,done at 1842.558,808,1842.558,1829.397,1882.041,0.03,39.48,11362.17,34.08651,2022.05.20 16:00:00
2022.05.23 10:00:00,trail,1,1,closed H1 ratchet,808,1842.558,1842.558,1882.041,0.0,0.0,0.0,0.0,2022.05.23 10:00:00
2022.05.23 22:01:00,occupied,1,1,one position per engine,0,0.0,0.0,0.0,0.0,0.0,0.0,0.0,2022.05.23 22:00:00
2022.05.24 04:00:00,occupied,1,1,one position per engine,0,0.0,0.0,0.0,0.0,0.0,0.0,0.0,2022.05.24 04:00:00
2022.05.24 08:00:00,occupied,1,1,one position per engine,0,0.0,0.0,0.0,0.0,0.0,0.0,0.0,2022.05.24 08:00:00
2022.05.24 14:00:00,entry,3,1,done at 1867.662,809,1867.662,1863.671,1879.635,0.09,35.92,11433.74,34.30122,2022.05.24 14:00:00
2022.05.27 02:00:00,entry,1,1,done at 1856.080,812,1856.08,1843.654,1893.358,0.03,37.28,11320.7,33.9621,2022.05.27 02:00:00
2022.05.30 14:00:00,occupied,1,1,one position per engine,0,0.0,0.0,0.0,0.0,0.0,0.0,0.0,2022.05.30 14:00:00
2022.05.31 07:00:00,occupied,1,1,one position per engine,0,0.0,0.0,0.0,0.0,0.0,0.0,0.0,2022.05.31 07:00:00
2022.06.02 14:00:00,entry,3,1,done at 1864.079,814,1864.079,1860.634,1874.414,0.1,34.45,11280.04,33.84012,2022.06.02 14:00:00
2022.06.02 19:00:00,trail,3,1,closed H1 ratchet,814,1864.079,1864.079,1874.414,0.0,0.0,0.0,0.0,2022.06.02 19:00:00
2022.06.10 16:00:00,entry,2,1,done at 1867.462,816,1867.462,1861.233,1873.691,0.06,37.37,11273.96,33.82187999999999,2022.06.10 16:00:00
2022.06.10 16:00:00,entry,3,1,done at 1867.462,817,1867.462,1861.233,1886.149,0.06,37.37,11272.88,33.818639999999995,2022.06.10 16:00:00
2022.06.13 00:00:00,trail,3,1,closed H1 ratchet,817,1867.462,1867.462,1886.149,0.0,0.0,0.0,0.0,2022.06.13 00:00:00
2022.06.16 16:00:00,entry,3,1,done at 1845.456,820,1845.456,1839.151,1864.371,0.06,37.83,11307.54,33.92262,2022.06.16 16:00:00
2022.06.16 22:01:00,trail,3,1,closed H1 ratchet,820,1845.456,1845.456,1864.371,0.0,0.0,0.0,0.0,2022.06.16 22:00:00
2022.06.20 03:00:00,entry,1,1,done at 1842.497,822,1842.497,1826.833,1889.489,0.03,46.99,11303.87,33.91161,2022.06.20 03:00:00
2022.06.22 14:00:00,entry,2,1,done at 1844.630,824,1844.63,1839.687,1849.573,0.07,34.6,11253.45,33.76035,2022.06.22 14:00:00
2022.06.23 14:00:00,entry,2,1,done at 1844.470,826,1844.47,1840.552,1848.388,0.09,35.26,11218.38,33.655139999999996,2022.06.23 14:00:00
2022.07.22 12:00:00,entry,3,1,done at 1728.682,828,1728.682,1724.855,1740.163,0.09,34.44,11182.39,33.547169999999994,2022.07.22 12:00:00
2022.07.22 14:00:00,entry,3,1,done at 1734.770,830,1734.77,1730.48,1747.64,0.08,34.32,11147.31,33.44193,2022.07.22 14:00:00
2022.07.26 07:00:00,entry,1,1,done at 1725.237,832,1725.237,1714.132,1758.552,0.04,44.42,11112.51,33.33753,2022.07.26 07:00:00
2022.07.28 14:00:00,entry,3,1,done at 1751.396,834,1751.396,1745.629,1768.697,0.06,34.61,11067.86,33.20358,2022.07.28 14:00:00
2022.07.29 04:00:00,trail,3,1,closed H1 ratchet,834,1751.396,1751.396,1768.697,0.0,0.0,0.0,0.0,2022.07.29 04:00:00
2022.08.02 01:00:00,entry,3,1,done at 1780.620,836,1780.62,1775.9,1794.78,0.08,37.76,11164.92,33.49476,2022.08.02 01:00:00
2022.08.02 13:00:00,entry,3,1,done at 1785.154,838,1785.154,1781.02,1797.556,0.09,37.21,11126.57,33.37971,2022.08.02 13:00:00
2022.08.03 04:00:00,entry,1,1,done at 1769.045,840,1769.045,1751.292,1822.304,0.02,35.51,11088.8,33.2664,2022.08.03 04:00:00
2022.08.03 13:00:00,occupied,1,1,one position per engine,0,0.0,0.0,0.0,0.0,0.0,0.0,0.0,2022.08.03 13:00:00
2022.08.04 01:00:00,occupied,1,1,one position per engine,0,0.0,0.0,0.0,0.0,0.0,0.0,0.0,2022.08.04 01:00:00
2022.08.08 08:00:00,occupied,1,1,one position per engine,0,0.0,0.0,0.0,0.0,0.0,0.0,0.0,2022.08.08 08:00:00
2022.08.08 10:00:00,occupied,1,1,one position per engine,0,0.0,0.0,0.0,0.0,0.0,0.0,0.0,2022.08.08 10:00:00
2022.08.09 14:00:00,trail,1,1,closed H1 ratchet,840,1769.045,1769.045,1822.304,0.0,0.0,0.0,0.0,2022.08.09 14:00:00
2022.08.09 14:00:00,entry,3,1,done at 1797.686,841,1797.686,1794.123,1808.375,0.1,35.63,11139.3,33.417899999999996,2022.08.09 14:00:00
2022.08.11 10:00:00,occupied,1,1,one position per engine,0,0.0,0.0,0.0,0.0,0.0,0.0,0.0,2022.08.11 10:00:00
2022.08.12 04:00:00,occupied,1,1,one position per engine,0,0.0,0.0,0.0,0.0,0.0,0.0,0.0,2022.08.12 04:00:00
2022.08.12 13:00:00,occupied,1,1,one position per engine,0,0.0,0.0,0.0,0.0,0.0,0.0,0.0,2022.08.12 13:00:00
2022.09.02 15:00:00,entry,2,1,done at 1717.411,844,1717.411,1713.954,1720.868,0.1,34.57,11037.37,33.11211,2022.09.02 15:00:00
2022.09.06 01:00:00,entry,3,1,done at 1724.075,846,1724.075,1720.811,1733.867,0.11,35.91,11002.15,33.00645,2022.09.06 01:00:00
2022.09.13 08:00:00,entry,1,1,done at 1724.025,848,1724.025,1712.562,1758.414,0.03,34.39,10965.54,32.896620000000006,2022.09.13 08:00:00
2022.09.21 19:00:00,entry,2,1,done at 1686.114,850,1686.114,1680.771,1691.457,0.07,37.4,10930.94,32.79282,2022.09.21 19:00:00
2022.09.21 19:00:00,entry,3,1,done at 1686.114,851,1686.114,1680.771,1702.143,0.07,37.4,10929.67,32.78901,2022.09.21 19:00:00
2022.09.22 13:00:00,entry,2,1,done at 1681.987,854,1681.987,1673.864,1690.11,0.05,40.62,10855.12,32.56536,2022.09.22 13:00:00
2022.09.28 15:00:00,entry,2,1,done at 1650.632,856,1650.632,1644.574,1656.69,0.06,36.35,10814.2,32.4426,2022.09.28 15:00:00
2022.10.02 23:00:00,entry,1,1,done at 1664.758,858,1664.758,1650.39,1707.862,0.03,43.1,10850.36,32.55108,2022.10.02 23:00:00
2022.10.03 01:00:00,occupied,1,1,one position per engine,0,0.0,0.0,0.0,0.0,0.0,0.0,0.0,2022.10.03 01:00:00
2022.10.03 06:00:00,occupied,1,1,one position per engine,0,0.0,0.0,0.0,0.0,0.0,0.0,0.0,2022.10.03 06:00:00
2022.10.03 11:00:00,occupied,1,1,one position per engine,0,0.0,0.0,0.0,0.0,0.0,0.0,0.0,2022.10.03 11:00:00
2022.10.03 15:00:00,trail,1,1,closed H1 ratchet,858,1664.758,1664.758,1707.862,0.0,0.0,0.0,0.0,2022.10.03 15:00:00
2022.10.03 15:00:00,entry,3,1,done at 1687.091,859,1687.091,1681.9,1702.664,0.07,36.34,10916.82,32.75046,2022.10.03 15:00:00
2022.10.03 18:00:00,trail,3,1,closed H1 ratchet,859,1687.091,1687.091,1702.664,0.0,0.0,0.0,0.0,2022.10.03 18:00:00
2022.10.04 15:00:00,entry,3,1,done at 1720.872,862,1720.872,1715.504,1736.976,0.07,37.57,11082.88,33.248639999999995,2022.10.04 15:00:00
2022.10.05 18:00:00,entry,1,1,done at 1713.110,864,1713.11,1694.833,1767.941,0.02,36.55,11041.0,33.123,2022.10.05 18:00:00
2022.10.21 16:00:00,entry,2,1,done at 1651.036,866,1651.036,1645.381,1656.691,0.06,33.93,11000.03,33.00009,2022.10.21 16:00:00
2022.10.21 16:00:00,entry,3,1,done at 1651.036,867,1651.036,1645.381,1668.001,0.06,33.93,10998.95,32.99685,2022.10.21 16:00:00
2022.10.25 14:00:00,entry,2,1,done at 1659.319,870,1659.319,1654.842,1663.796,0.08,35.81,11131.99,33.39597,2022.10.25 14:00:00
2022.11.01 11:00:00,entry,2,1,done at 1651.085,872,1651.085,1647.408,1654.762,0.1,36.77,11095.67,33.28701,2022.11.01 11:00:00
2022.11.04 06:00:00,entry,2,1,done at 1647.294,874,1647.294,1642.597,1651.991,0.08,37.57,11132.0,33.396,2022.11.04 06:00:00
2022.11.08 14:00:00,entry,1,1,done at 1672.966,876,1672.966,1663.842,1700.338,0.04,36.49,11169.26,33.50778,2022.11.08 14:00:00
2022.11.08 16:00:00,entry,3,1,done at 1713.254,878,1713.254,1708.343,1727.987,0.07,34.38,11278.56,33.835679999999996,2022.11.08 16:00:00
2022.11.10 03:00:00,entry,1,1,done at 1708.828,880,1708.828,1694.959,1750.435,0.03,41.6,11243.69,33.73107,2022.11.10 03:00:00
2022.11.10 13:00:00,occupied,1,1,one position per engine,0,0.0,0.0,0.0,0.0,0.0,0.0,0.0,2022.11.10 13:00:00
2022.11.10 14:00:00,trail,1,1,closed H1 ratchet,880,1708.828,1708.828,1750.435,0.0,0.0,0.0,0.0,2022.11.10 14:00:00
2022.11.10 14:00:00,entry,3,1,done at 1733.294,881,1733.294,1728.478,1747.742,0.08,38.53,11316.55,33.94965,2022.11.10 14:00:00
2022.11.10 15:00:00,trail,3,1,closed H1 ratchet,881,1733.294,1733.294,1747.742,0.0,0.0,0.0,0.0,2022.11.10 15:00:00
2022.11.10 15:00:00,occupied,3,1,one position per engine,0,0.0,0.0,0.0,0.0,0.0,0.0,0.0,2022.11.10 15:00:00
2022.11.14 07:00:00,entry,1,1,done at 1761.612,884,1761.612,1745.802,1809.042,0.03,47.43,11483.6,34.4508,2022.11.14 07:00:00
2022.11.15 08:00:00,entry,3,1,done at 1783.036,885,1783.036,1778.613,1796.305,0.08,35.39,11545.72,34.63716,2022.11.15 08:00:00
2022.11.15 19:00:00,occupied,1,1,one position per engine,0,0.0,0.0,0.0,0.0,0.0,0.0,0.0,2022.11.15 19:00:00
2022.11.16 08:00:00,occupied,1,1,one position per engine,0,0.0,0.0,0.0,0.0,0.0,0.0,0.0,2022.11.16 08:00:00
2022.11.18 04:00:00,occupied,1,1,one position per engine,0,0.0,0.0,0.0,0.0,0.0,0.0,0.0,2022.11.18 04:00:00
2022.11.23 20:00:00,entry,2,1,done at 1752.034,888,1752.034,1746.782,1757.286,0.07,36.77,11388.73,34.16619,2022.11.23 20:00:00
2022.11.23 20:00:00,entry,3,1,done at 1752.034,889,1752.034,1746.782,1767.79,0.07,36.77,11387.46,34.16238,2022.11.23 20:00:00
2022.11.25 18:00:00,entry,1,1,done at 1753.498,892,1753.498,1743.222,1784.326,0.04,41.1,11361.83,34.08549,2022.11.25 18:00:00
2022.11.28 09:00:00,occupied,1,1,one position per engine,0,0.0,0.0,0.0,0.0,0.0,0.0,0.0,2022.11.28 09:00:00
2022.11.29 04:00:00,entry,1,1,done at 1750.571,894,1750.571,1737.17,1790.774,0.03,40.2,11318.35,33.95505,2022.11.29 04:00:00
2022.11.30 01:00:00,occupied,1,1,one position per engine,0,0.0,0.0,0.0,0.0,0.0,0.0,0.0,2022.11.30 01:00:00
2022.11.30 15:00:00,occupied,1,1,one position per engine,0,0.0,0.0,0.0,0.0,0.0,0.0,0.0,2022.11.30 15:00:00
2022.11.30 19:00:00,occupied,1,1,one position per engine,0,0.0,0.0,0.0,0.0,0.0,0.0,0.0,2022.11.30 19:00:00
2022.11.30 20:00:00,entry,3,1,done at 1768.029,895,1768.029,1762.94,1783.296,0.07,35.62,11368.58,34.10574,2022.11.30 20:00:00
2022.12.01 00:00:00,trail,1,1,closed H1 ratchet,894,1750.571,1750.571,1790.774,0.0,0.0,0.0,0.0,2022.12.01 00:00:00
2022.12.01 01:00:00,trail,3,1,closed H1 ratchet,895,1768.029,1768.029,1783.296,0.0,0.0,0.0,0.0,2022.12.01 01:00:00
2022.12.01 15:00:00,entry,3,1,done at 1801.873,898,1801.873,1795.983,1819.543,0.06,35.34,11527.86,34.583580000000005,2022.12.01 15:00:00
2022.12.06 12:00:00,entry,1,1,done at 1779.021,900,1779.021,1765.877,1818.453,0.03,39.43,11492.16,34.476479999999995,2022.12.06 12:00:00
2022.12.07 09:00:00,occupied,1,1,one position per engine,0,0.0,0.0,0.0,0.0,0.0,0.0,0.0,2022.12.07 09:00:00
2022.12.07 13:00:00,occupied,1,1,one position per engine,0,0.0,0.0,0.0,0.0,0.0,0.0,0.0,2022.12.07 13:00:00
2022.12.08 15:00:00,entry,3,1,done at 1792.501,901,1792.501,1788.876,1803.376,0.1,36.25,11525.65,34.57695,2022.12.08 15:00:00
2022.12.09 12:00:00,trail,1,1,closed H1 ratchet,900,1779.021,1779.021,1818.453,0.0,0.0,0.0,0.0,2022.12.09 12:00:00
2022.12.09 12:00:00,entry,3,1,done at 1800.572,903,1800.572,1797.211,1810.655,0.11,36.97,11511.22,34.53366,2022.12.09 12:00:00
2022.12.12 10:00:00,occupied,1,1,one position per engine,0,0.0,0.0,0.0,0.0,0.0,0.0,0.0,2022.12.12 10:00:00
2022.12.13 11:00:00,entry,1,1,done at 1787.402,906,1787.402,1777.534,1817.006,0.04,39.47,11407.56,34.22268,2022.12.13 11:00:00
2022.12.13 14:00:00,trail,1,1,closed H1 ratchet,906,1787.402,1787.402,1817.006,0.0,0.0,0.0,0.0,2022.12.13 14:00:00
2022.12.13 14:00:00,entry,2,1,done at 1811.174,907,1811.174,1807.051,1815.297,0.09,37.11,11501.93,34.505790000000005,2022.12.13 14:00:00
2022.12.13 14:00:00,entry,3,1,done at 1811.174,908,1811.174,1807.051,1823.543,0.09,37.11,11500.3,34.500899999999994,2022.12.13 14:00:00
2022.12.13 15:00:00,entry,3,1,done at 1822.158,912,1822.158,1817.57,1835.922,0.08,36.7,11673.29,35.01987,2022.12.13 15:00:00
2022.12.14 14:00:00,entry,1,1,done at 1808.775,914,1808.775,1798.715,1838.955,0.04,40.24,11635.88,34.907639999999994,2022.12.14 14:00:00
2022.12.20 04:00:00,entry,1,1,done at 1792.357,916,1792.357,1781.913,1823.689,0.04,41.78,11595.2,34.7856,2022.12.20 04:00:00
2022.12.20 07:00:00,occupied,1,1,one position per engine,0,0.0,0.0,0.0,0.0,0.0,0.0,0.0,2022.12.20 07:00:00
2022.12.20 09:00:00,entry,3,1,done at 1803.350,917,1803.35,1799.214,1815.758,0.09,37.22,11638.45,34.915350000000004,2022.12.20 09:00:00
2022.12.20 15:00:00,trail,1,1,closed H1 ratchet,916,1792.357,1792.357,1823.689,0.0,0.0,0.0,0.0,2022.12.20 15:00:00
2022.12.20 15:00:00,entry,3,1,done at 1812.618,919,1812.618,1807.802,1827.066,0.08,38.52,11637.67,34.91301,2022.12.20 15:00:00
2022.12.22 05:00:00,trail,3,1,closed H1 ratchet,919,1812.618,1812.618,1827.066,0.0,0.0,0.0,0.0,2022.12.22 05:00:00
2022.12.23 16:00:00,entry,1,1,done at 1800.686,922,1800.686,1790.495,1831.259,0.04,40.76,11662.72,34.98816,2022.12.23 16:00:00
2022.12.27 16:00:00,entry,3,1,done at 1824.782,924,1824.782,1820.635,1837.223,0.09,37.32,11780.52,35.34156,2022.12.27 16:00:00
2022.12.29 09:00:00,entry,1,1,done at 1809.950,926,1809.95,1799.066,1842.602,0.04,43.54,11742.45,35.22735,2022.12.29 09:00:00
2022.12.29 14:00:00,occupied,1,1,one position per engine,0,0.0,0.0,0.0,0.0,0.0,0.0,0.0,2022.12.29 14:00:00
2022.12.30 18:00:00,occupied,1,1,one position per engine,0,0.0,0.0,0.0,0.0,0.0,0.0,0.0,2022.12.30 18:00:00
2023.01.03 00:00:00,trail,1,1,closed H1 ratchet,926,1809.95,1809.95,1842.602,0.0,0.0,0.0,0.0,2023.01.03 00:00:00
2023.01.03 03:00:00,entry,3,1,done at 1838.523,927,1838.523,1833.603,1853.283,0.08,39.36,11849.6,35.5488,2023.01.03 03:00:00
2023.01.03 08:00:00,trail,3,1,closed H1 ratchet,927,1838.523,1838.523,1853.283,0.0,0.0,0.0,0.0,2023.01.03 08:00:00
2023.01.03 17:00:00,entry,1,1,done at 1834.418,930,1834.418,1814.383,1894.523,0.02,40.07,11865.95,35.59785,2023.01.03 17:00:00
2023.01.04 08:00:00,entry,3,1,done at 1858.400,931,1858.4,1853.223,1873.931,0.07,36.24,11912.48,35.73744,2023.01.04 08:00:00
2023.01.06 14:00:00,occupied,1,1,one position per engine,0,0.0,0.0,0.0,0.0,0.0,0.0,0.0,2023.01.06 14:00:00
2023.01.06 19:00:00,trail,1,1,closed H1 ratchet,930,1834.418,1834.418,1894.523,0.0,0.0,0.0,0.0,2023.01.06 19:00:00
2023.01.09 20:00:00,occupied,1,1,one position per engine,0,0.0,0.0,0.0,0.0,0.0,0.0,0.0,2023.01.09 20:00:00
2023.01.10 02:00:00,occupied,1,1,one position per engine,0,0.0,0.0,0.0,0.0,0.0,0.0,0.0,2023.01.10 02:00:00
2023.01.10 06:00:00,occupied,1,1,one position per engine,0,0.0,0.0,0.0,0.0,0.0,0.0,0.0,2023.01.10 06:00:00
2023.01.10 09:00:00,occupied,1,1,one position per engine,0,0.0,0.0,0.0,0.0,0.0,0.0,0.0,2023.01.10 09:00:00
2023.01.11 04:00:00,occupied,1,1,one position per engine,0,0.0,0.0,0.0,0.0,0.0,0.0,0.0,2023.01.11 04:00:00
2023.01.11 19:00:00,occupied,1,1,one position per engine,0,0.0,0.0,0.0,0.0,0.0,0.0,0.0,2023.01.11 19:00:00
2023.01.12 14:00:00,entry,3,1,done at 1899.796,934,1899.796,1895.584,1912.432,0.09,37.9,11937.6,35.8128,2023.01.12 14:00:00
2023.01.12 16:00:00,entry,1,1,done at 1888.970,936,1888.97,1872.816,1937.432,0.03,48.46,11899.16,35.69748,2023.01.12 16:00:00
2023.01.13 15:00:00,entry,3,1,done at 1911.677,937,1911.677,1906.573,1926.989,0.08,40.84,11965.14,35.89542,2023.01.13 15:00:00
2023.01.13 16:00:00,trail,1,1,closed H1 ratchet,936,1888.97,1888.97,1937.432,0.0,0.0,0.0,0.0,2023.01.13 16:00:00
2023.01.13 19:00:00,trail,3,1,closed H1 ratchet,937,1911.677,1911.677,1926.989,0.0,0.0,0.0,0.0,2023.01.13 19:00:00
2023.01.16 23:01:00,occupied,1,1,one position per engine,0,0.0,0.0,0.0,0.0,0.0,0.0,0.0,2023.01.16 23:00:00
2023.01.17 12:00:00,occupied,1,1,one position per engine,0,0.0,0.0,0.0,0.0,0.0,0.0,0.0,2023.01.17 12:00:00
2023.01.18 08:00:00,occupied,1,1,one position per engine,0,0.0,0.0,0.0,0.0,0.0,0.0,0.0,2023.01.18 08:00:00
2023.01.19 04:00:00,occupied,1,1,one position per engine,0,0.0,0.0,0.0,0.0,0.0,0.0,0.0,2023.01.19 04:00:00
2023.01.19 14:00:00,occupied,1,1,one position per engine,0,0.0,0.0,0.0,0.0,0.0,0.0,0.0,2023.01.19 14:00:00
2023.01.20 19:00:00,entry,1,1,done at 1929.532,940,1929.532,1915.785,1970.773,0.03,41.24,12149.45,36.44835,2023.01.20 19:00:00
2023.01.23 19:00:00,entry,1,1,done at 1927.933,942,1927.933,1912.19,1975.162,0.03,47.23,12106.39,36.31917,2023.01.23 19:00:00
2023.01.27 17:00:00,occupied,1,1,one position per engine,0,0.0,0.0,0.0,0.0,0.0,0.0,0.0,2023.01.27 17:00:00
2023.01.30 05:00:00,occupied,1,1,one position per engine,0,0.0,0.0,0.0,0.0,0.0,0.0,0.0,2023.01.30 05:00:00
2023.01.30 11:00:00,occupied,1,1,one position per engine,0,0.0,0.0,0.0,0.0,0.0,0.0,0.0,2023.01.30 11:00:00
2023.01.30 14:00:00,occupied,1,1,one position per engine,0,0.0,0.0,0.0,0.0,0.0,0.0,0.0,2023.01.30 14:00:00
2023.02.01 19:00:00,entry,1,1,done at 1927.755,944,1927.755,1915.691,1963.947,0.03,36.2,12046.11,36.13833,2023.02.01 19:00:00
2023.02.01 20:00:00,entry,3,1,done at 1943.144,945,1943.144,1938.047,1958.435,0.08,40.77,12091.73,36.275189999999995,2023.02.01 20:00:00
2023.02.01 21:00:00,manage_error,3,1,market closed,945,1943.144,1943.144,1958.435,0.0,0.0,0.0,0.0,2023.02.01 21:00:00
2023.02.01 21:00:00,manage_error,1,1,market closed,944,1927.755,1927.755,1963.947,0.0,0.0,0.0,0.0,2023.02.01 21:00:00
2023.02.01 21:00:00,occupied,3,1,one position per engine,0,0.0,0.0,0.0,0.0,0.0,0.0,0.0,2023.02.01 21:00:00
2023.02.01 23:01:00,trail,1,1,closed H1 ratchet,944,1927.755,1927.755,1963.947,0.0,0.0,0.0,0.0,2023.02.01 23:00:00
2023.02.02 00:00:00,trail,3,1,closed H1 ratchet,945,1943.144,1943.144,1958.435,0.0,0.0,0.0,0.0,2023.02.02 00:00:00
2023.02.08 08:00:00,entry,3,1,done at 1886.404,948,1886.404,1880.008,1905.592,0.06,38.37,12150.21,36.45063,2023.02.08 08:00:00
2023.02.09 14:00:00,entry,3,1,done at 1889.673,950,1889.673,1885.903,1900.983,0.1,37.7,12111.4,36.334199999999996,2023.02.09 14:00:00
2023.02.28 17:00:00,entry,2,1,done at 1826.775,952,1826.775,1823.081,1830.469,0.1,36.94,12073.04,36.219120000000004,2023.02.28 17:00:00
2023.03.02 12:00:00,entry,1,1,done at 1836.816,954,1836.816,1826.326,1868.286,0.04,41.96,12109.64,36.32892,2023.03.02 12:00:00
2023.03.02 15:00:00,occupied,1,1,one position per engine,0,0.0,0.0,0.0,0.0,0.0,0.0,0.0,2023.03.02 15:00:00
2023.03.03 20:00:00,trail,1,1,closed H1 ratchet,954,1836.816,1836.816,1868.286,0.0,0.0,0.0,0.0,2023.03.03 20:00:00
2023.03.07 03:00:00,occupied,1,1,one position per engine,0,0.0,0.0,0.0,0.0,0.0,0.0,0.0,2023.03.07 03:00:00
2023.03.07 08:00:00,occupied,1,1,one position per engine,0,0.0,0.0,0.0,0.0,0.0,0.0,0.0,2023.03.07 08:00:00
2023.03.09 16:00:00,entry,2,1,done at 1828.820,956,1828.82,1825.463,1832.177,0.11,36.93,12102.98,36.30894,2023.03.09 16:00:00
2023.03.10 14:00:00,entry,3,1,done at 1842.583,958,1842.583,1838.41,1855.102,0.09,37.56,12139.4,36.4182,2023.03.10 14:00:00
2023.03.10 15:00:00,entry,3,1,done at 1858.613,960,1858.613,1853.62,1873.592,0.08,39.94,12251.64,36.75492,2023.03.10 15:00:00
2023.03.10 21:00:00,manage_error,3,1,market closed,960,1858.613,1858.613,1873.592,0.0,0.0,0.0,0.0,2023.03.10 21:00:00
2023.03.12 23:00:00,entry,3,1,done at 1884.091,962,1884.091,1876.827,1905.883,0.06,43.59,12445.61,37.33683,2023.03.12 23:00:00
2023.03.14 15:00:00,entry,1,1,done at 1907.722,964,1907.722,1889.98,1960.948,0.03,53.23,12401.66,37.20498,2023.03.14 15:00:00
2023.03.15 12:00:00,entry,3,1,done at 1918.237,966,1918.237,1912.855,1934.383,0.07,37.67,12346.66,37.03997999999999,2023.03.15 12:00:00
2023.03.15 13:00:00,trail,3,1,closed H1 ratchet,966,1918.237,1918.237,1934.383,0.0,0.0,0.0,0.0,2023.03.15 13:00:00
2023.03.15 13:00:00,occupied,3,1,one position per engine,0,0.0,0.0,0.0,0.0,0.0,0.0,0.0,2023.03.15 13:00:00
2023.03.16 06:00:00,entry,1,1,done at 1920.028,968,1920.028,1893.573,1999.393,0.02,52.91,12346.22,37.03865999999999,2023.03.16 06:00:00
2023.03.16 20:00:00,occupied,1,1,one position per engine,0,0.0,0.0,0.0,0.0,0.0,0.0,0.0,2023.03.16 20:00:00
2023.03.17 13:00:00,entry,3,1,done at 1945.099,969,1945.099,1940.433,1959.097,0.08,37.33,12394.93,37.18479,2023.03.17 13:00:00
2023.03.17 15:00:00,trail,1,1,closed H1 ratchet,968,1920.028,1920.028,1999.393,0.0,0.0,0.0,0.0,2023.03.17 15:00:00
2023.03.17 15:00:00,entry,3,1,done at 1962.380,971,1962.38,1957.127,1978.139,0.08,42.02,12541.12,37.623360000000005,2023.03.17 15:00:00
2023.03.17 18:00:00,entry,3,1,done at 1972.993,973,1972.993,1966.762,1991.686,0.07,43.62,12519.83,37.55949,2023.03.17 18:00:00
2023.03.17 19:00:00,trail,3,1,closed H1 ratchet,973,1972.993,1972.993,1991.686,0.0,0.0,0.0,0.0,2023.03.17 19:00:00
2023.03.17 19:00:00,occupied,3,1,one position per engine,0,0.0,0.0,0.0,0.0,0.0,0.0,0.0,2023.03.17 19:00:00
2023.03.20 08:00:00,entry,3,1,done at 2003.546,976,2003.546,1993.598,2033.39,0.04,39.79,12567.58,37.70274,2023.03.20 08:00:00
2023.03.20 18:00:00,entry,1,1,done at 1977.691,978,1977.691,1949.197,2063.173,0.02,56.99,12527.55,37.582649999999994,2023.03.20 18:00:00
2023.03.21 01:00:00,occupied,1,1,one position per engine,0,0.0,0.0,0.0,0.0,0.0,0.0,0.0,2023.03.21 01:00:00
2023.03.22 15:00:00,entry,1,1,done at 1950.727,980,1950.727,1936.872,1992.292,0.03,41.56,12469.37,37.40811,2023.03.22 15:00:00
2023.03.22 20:00:00,trail,1,1,closed H1 ratchet,980,1950.727,1950.727,1992.292,0.0,0.0,0.0,0.0,2023.03.22 20:00:00
2023.03.22 20:00:00,entry,2,1,done at 1972.841,981,1972.841,1965.711,1979.971,0.06,42.78,12535.17,37.60551,2023.03.22 20:00:00
2023.03.28 13:00:00,entry,1,1,done at 1965.392,984,1965.392,1953.197,2001.977,0.04,48.78,12545.9,37.637699999999995,2023.03.28 13:00:00
2023.03.29 18:00:00,occupied,1,1,one position per engine,0,0.0,0.0,0.0,0.0,0.0,0.0,0.0,2023.03.29 18:00:00
2023.03.30 06:00:00,occupied,1,1,one position per engine,0,0.0,0.0,0.0,0.0,0.0,0.0,0.0,2023.03.30 06:00:00
2023.03.30 17:00:00,entry,3,1,done at 1983.302,985,1983.302,1978.989,1996.241,0.09,38.82,12608.26,37.824780000000004,2023.03.30 17:00:00
2023.03.31 07:00:00,trail,1,1,closed H1 ratchet,984,1965.392,1965.392,2001.977,0.0,0.0,0.0,0.0,2023.03.31 07:00:00
2023.03.31 16:00:00,occupied,1,1,one position per engine,0,0.0,0.0,0.0,0.0,0.0,0.0,0.0,2023.03.31 16:00:00
2023.04.04 14:00:00,entry,3,1,done at 1992.760,988,1992.76,1988.861,2004.457,0.1,38.99,12493.47,37.48041,2023.04.04 14:00:00
2023.04.04 15:00:00,entry,3,1,done at 2016.274,990,2016.274,2011.004,2032.084,0.08,42.16,12609.92,37.82975999999999,2023.04.04 15:00:00
2023.04.05 06:00:00,trail,3,1,closed H1 ratchet,990,2016.274,2016.274,2032.084,0.0,0.0,0.0,0.0,2023.04.05 06:00:00
2023.04.05 13:00:00,occupied,3,1,one position per engine,0,0.0,0.0,0.0,0.0,0.0,0.0,0.0,2023.04.05 13:00:00
2023.04.05 16:00:00,entry,1,1,done at 2021.836,992,2021.836,2007.134,2065.942,0.03,44.11,12731.68,38.19504,2023.04.05 16:00:00
2023.04.06 09:00:00,occupied,1,1,one position per engine,0,0.0,0.0,0.0,0.0,0.0,0.0,0.0,2023.04.06 09:00:00
2023.04.11 03:00:00,entry,1,1,done at 1997.866,994,1997.866,1984.843,2036.935,0.03,39.07,12682.59,38.04777,2023.04.11 03:00:00
2023.04.12 05:00:00,trail,1,1,closed H1 ratchet,994,1997.866,1997.866,2036.935,0.0,0.0,0.0,0.0,2023.04.12 05:00:00
2023.04.12 13:00:00,occupied,1,1,one position per engine,0,0.0,0.0,0.0,0.0,0.0,0.0,0.0,2023.04.12 13:00:00
2023.04.12 13:00:00,entry,3,1,done at 2022.409,995,2022.409,2017.695,2036.551,0.09,42.42,12754.07,38.262209999999996,2023.04.12 13:00:00
2023.04.12 18:00:00,occupied,1,1,one position per engine,0,0.0,0.0,0.0,0.0,0.0,0.0,0.0,2023.04.12 18:00:00
2023.04.13 13:00:00,entry,3,1,done at 2045.175,998,2045.175,2040.639,2058.783,0.09,40.83,12750.14,38.25041999999999,2023.04.13 13:00:00
2023.05.01 13:00:00,entry,2,1,done at 2004.131,1000,2004.131,1999.945,2008.317,0.1,41.86,12708.7,38.1261,2023.05.01 13:00:00
2023.05.01 13:00:00,entry,3,1,done at 2004.131,1001,2004.131,1999.945,2016.689,0.1,41.86,12706.9,38.1207,2023.05.01 13:00:00
2023.05.02 15:00:00,entry,2,1,done at 2008.559,1004,2008.559,2004.203,2012.915,0.09,39.2,12623.64,37.87092,2023.05.02 15:00:00
2023.05.02 15:00:00,entry,3,1,done at 2008.559,1005,2008.559,2004.203,2021.627,0.09,39.2,12622.02,37.86606,2023.05.02 15:00:00
2023.05.02 16:00:00,occupied,3,1,one position per engine,0,0.0,0.0,0.0,0.0,0.0,0.0,0.0,2023.05.02 16:00:00
2023.05.02 17:00:00,trail,3,1,closed H1 ratchet,1005,2008.559,2008.559,2021.627,0.0,0.0,0.0,0.0,2023.05.02 17:00:00
2023.05.03 15:00:00,entry,3,1,done at 2021.372,1008,2021.372,2017.718,2032.334,0.11,40.19,12656.65,37.96995,2023.05.03 15:00:00
2023.05.03 22:01:00,entry,3,1,done at 2061.787,1010,2061.787,2055.782,2079.802,0.07,42.04,12776.77,38.33031,2023.05.03 22:00:00
2023.05.03 23:00:00,entry,3,1,done at 2056.802,1012,2056.802,2048.872,2080.592,0.05,39.65,12902.79,38.70837,2023.05.03 23:00:00
2023.05.08 13:00:00,entry,1,1,done at 2026.223,1014,2026.223,2016.051,2056.739,0.04,40.69,12854.84,38.564519999999995,2023.05.08 13:00:00
2023.05.10 11:00:00,occupied,1,1,one position per engine,0,0.0,0.0,0.0,0.0,0.0,0.0,0.0,2023.05.10 11:00:00
2023.05.10 13:00:00,trail,1,1,closed H1 ratchet,1014,2026.223,2026.223,2056.739,0.0,0.0,0.0,0.0,2023.05.10 13:00:00
2023.05.10 13:00:00,occupied,1,1,one position per engine,0,0.0,0.0,0.0,0.0,0.0,0.0,0.0,2023.05.10 13:00:00
2023.05.10 13:00:00,entry,3,1,done at 2045.764,1015,2045.764,2041.483,2058.607,0.1,42.81,12928.01,38.78403,2023.05.10 13:00:00
2023.05.10 19:00:00,entry,1,1,done at 2032.315,1018,2032.315,2015.405,2083.045,0.03,50.73,12806.9,38.4207,2023.05.10 19:00:00
2023.05.11 00:00:00,occupied,1,1,one position per engine,0,0.0,0.0,0.0,0.0,0.0,0.0,0.0,2023.05.11 00:00:00
2023.05.11 12:00:00,occupied,1,1,one position per engine,0,0.0,0.0,0.0,0.0,0.0,0.0,0.0,2023.05.11 12:00:00
2023.05.30 12:00:00,entry,2,1,done at 1960.333,1020,1960.333,1956.215,1964.451,0.1,41.18,12751.19,38.253569999999996,2023.05.30 12:00:00
2023.05.31 14:00:00,entry,3,1,done at 1969.987,1022,1969.987,1966.081,1981.705,0.1,39.06,12709.27,38.12781,2023.05.31 14:00:00
2023.06.07 14:00:00,entry,3,1,done at 1969.737,1024,1969.737,1966.441,1979.625,0.12,39.55,12669.58,38.008739999999996,2023.06.07 14:00:00
2023.06.08 15:00:00,entry,2,1,done at 1967.353,1026,1967.353,1963.571,1971.135,0.11,41.6,12629.34,37.88802,2023.06.08 15:00:00
2023.06.09 15:00:00,entry,1,1,done at 1963.531,1028,1963.531,1954.012,1992.088,0.04,38.07,12587.01,37.76103,2023.06.09 15:00:00
2023.06.15 17:00:00,entry,2,1,done at 1959.655,1030,1959.655,1953.522,1965.788,0.07,42.94,12546.52,37.63956,2023.06.15 17:00:00
2023.06.16 18:00:00,entry,1,1,done at 1959.305,1032,1959.305,1946.95,1996.37,0.04,49.42,12585.39,37.75617,2023.06.16 18:00:00
2023.06.30 16:00:00,entry,2,1,done at 1919.157,1034,1919.157,1915.877,1922.437,0.12,39.36,12531.38,37.594139999999996,2023.06.30 16:00:00
2023.07.03 14:00:00,entry,3,1,done at 1926.244,1036,1926.244,1922.75,1936.726,0.11,38.43,12570.11,37.71033,2023.07.03 14:00:00
2023.07.04 23:00:00,entry,1,1,done at 1926.320,1038,1926.32,1919.29,1947.41,0.06,42.18,12531.04,37.59312,2023.07.04 23:00:00
2023.07.05 05:00:00,occupied,1,1,one position per engine,0,0.0,0.0,0.0,0.0,0.0,0.0,0.0,2023.07.05 05:00:00
2023.07.05 08:00:00,occupied,1,1,one position per engine,0,0.0,0.0,0.0,0.0,0.0,0.0,0.0,2023.07.05 08:00:00
2023.07.07 14:00:00,entry,2,1,done at 1923.455,1040,1923.455,1920.206,1926.704,0.12,38.99,12485.27,37.45581,2023.07.07 14:00:00
2023.07.11 07:00:00,entry,3,1,done at 1936.312,1042,1936.312,1932.753,1946.989,0.11,39.15,12523.72,37.57115999999999,2023.07.11 07:00:00
2023.07.12 09:00:00,entry,1,1,done at 1934.892,1044,1934.892,1926.249,1960.821,0.05,43.21,12483.94,37.45182,2023.07.12 09:00:00
2023.07.12 13:00:00,occupied,1,1,one position per engine,0,0.0,0.0,0.0,0.0,0.0,0.0,0.0,2023.07.12 13:00:00
2023.07.12 13:00:00,entry,3,1,done at 1943.312,1045,1943.312,1940.221,1952.585,0.13,40.19,12525.14,37.575419999999994,2023.07.12 13:00:00
2023.07.12 14:00:00,trail,1,1,closed H1 ratchet,1044,1934.892,1934.892,1960.821,0.0,0.0,0.0,0.0,2023.07.12 14:00:00
2023.07.12 14:00:00,entry,3,1,done at 1956.156,1047,1956.156,1952.419,1967.367,0.11,41.11,12709.3,38.1279,2023.07.12 14:00:00
2023.07.13 07:00:00,trail,3,1,closed H1 ratchet,1047,1956.156,1956.156,1967.367,0.0,0.0,0.0,0.0,2023.07.13 07:00:00
2023.07.14 12:00:00,entry,1,1,done at 1959.396,1050,1959.396,1950.986,1984.626,0.05,42.05,12706.74,38.120219999999996,2023.07.14 12:00:00
2023.07.14 14:00:00,occupied,1,1,one position per engine,0,0.0,0.0,0.0,0.0,0.0,0.0,0.0,2023.07.14 14:00:00
2023.07.17 09:00:00,entry,1,1,done at 1955.975,1052,1955.975,1944.92,1989.14,0.04,44.22,12664.4,37.993199999999995,2023.07.17 09:00:00
2023.07.18 15:00:00,trail,1,1,closed H1 ratchet,1052,1955.975,1955.975,1989.14,0.0,0.0,0.0,0.0,2023.07.18 15:00:00
2023.07.18 15:00:00,entry,3,1,done at 1982.903,1053,1982.903,1979.012,1994.576,0.1,38.91,12769.25,38.30775,2023.07.18 15:00:00
2023.07.24 10:00:00,occupied,1,1,one position per engine,0,0.0,0.0,0.0,0.0,0.0,0.0,0.0,2023.07.24 10:00:00
2023.07.25 02:00:00,entry,1,1,done at 1962.770,1056,1962.77,1951.692,1996.004,0.04,44.31,12609.57,37.828709999999994,2023.07.25 02:00:00
2023.07.26 19:00:00,entry,3,1,done at 1977.366,1057,1977.366,1973.648,1988.52,0.11,40.9,12665.09,37.99527,2023.07.26 19:00:00
2023.07.27 08:00:00,trail,1,1,closed H1 ratchet,1056,1962.77,1962.77,1996.004,0.0,0.0,0.0,0.0,2023.07.27 08:00:00
2023.07.31 13:00:00,entry,2,1,done at 1965.632,1060,1965.632,1962.531,1968.733,0.13,40.32,12559.03,37.67709,2023.07.31 13:00:00
2023.08.23 14:00:00,entry,3,1,done at 1918.183,1062,1918.183,1915.387,1926.571,0.14,39.14,12599.1,37.7973,2023.08.23 14:00:00
2023.08.25 10:00:00,entry,1,1,done at 1916.213,1064,1916.213,1908.88,1938.212,0.06,44.0,12558.94,37.67682,2023.08.25 10:00:00
2023.08.25 20:00:00,entry,1,1,done at 1914.454,1066,1914.454,1903.849,1946.269,0.04,42.42,12514.57,37.54371,2023.08.25 20:00:00
2023.08.28 13:00:00,occupied,1,1,one position per engine,0,0.0,0.0,0.0,0.0,0.0,0.0,0.0,2023.08.28 13:00:00
2023.08.28 16:00:00,entry,3,1,done at 1924.890,1067,1924.89,1922.424,1932.288,0.16,39.46,12553.45,37.66035,2023.08.28 16:00:00
2023.08.29 15:00:00,trail,1,1,closed H1 ratchet,1066,1914.454,1914.454,1946.269,0.0,0.0,0.0,0.0,2023.08.29 15:00:00
2023.08.29 15:00:00,entry,3,1,done at 1934.253,1069,1934.253,1931.483,1942.563,0.14,38.78,12548.33,37.64499,2023.08.29 15:00:00
2023.08.30 12:00:00,trail,3,1,closed H1 ratchet,1069,1934.253,1934.253,1942.563,0.0,0.0,0.0,0.0,2023.08.30 12:00:00
2023.08.30 13:00:00,entry,3,1,done at 1945.254,1071,1945.254,1943.267,1951.215,0.2,39.74,12698.41,38.095229999999994,2023.08.30 13:00:00
2023.08.30 14:00:00,entry,3,1,done at 1947.529,1074,1947.529,1945.43,1953.826,0.19,39.88,12661.93,37.985789999999994,2023.08.30 14:00:00
2023.09.01 08:00:00,entry,1,1,done at 1943.227,1076,1943.227,1935.469,1966.501,0.05,38.79,12620.66,37.861979999999996,2023.09.01 08:00:00
2023.09.01 13:00:00,entry,3,1,done at 1950.032,1077,1950.032,1947.781,1956.785,0.17,38.26,12653.78,37.96134,2023.09.01 13:00:00
2023.09.04 02:00:00,entry,1,1,done at 1943.175,1080,1943.175,1933.704,1971.588,0.04,37.88,12542.23,37.626689999999996,2023.09.04 02:00:00
2023.09.15 14:00:00,entry,3,1,done at 1924.801,1082,1924.801,1922.3,1932.304,0.15,37.52,12501.94,37.50582,2023.09.15 14:00:00
2023.09.15 15:00:00,occupied,3,1,one position per engine,0,0.0,0.0,0.0,0.0,0.0,0.0,0.0,2023.09.15 15:00:00
2023.09.18 04:00:00,trail,3,1,closed H1 ratchet,1082,1924.801,1924.801,1932.304,0.0,0.0,0.0,0.0,2023.09.18 04:00:00
2023.09.20 14:00:00,entry,3,1,done at 1940.723,1084,1940.723,1938.519,1947.335,0.18,39.67,12492.86,37.47858,2023.09.20 14:00:00
2023.09.20 17:00:00,trail,3,1,closed H1 ratchet,1084,1940.723,1940.723,1947.335,0.0,0.0,0.0,0.0,2023.09.20 17:00:00
2023.09.20 17:00:00,occupied,3,1,one position per engine,0,0.0,0.0,0.0,0.0,0.0,0.0,0.0,2023.09.20 17:00:00
2023.09.24 23:00:00,entry,1,1,done at 1925.908,1086,1925.908,1919.498,1945.138,0.06,38.46,12611.11,37.833330000000004,2023.09.24 23:00:00
2023.10.06 16:00:00,entry,2,1,done at 1832.697,1088,1832.697,1828.658,1836.736,0.1,40.39,12572.28,37.716840000000005,2023.10.06 16:00:00
2023.10.06 16:00:00,entry,3,1,done at 1832.697,1089,1832.697,1828.658,1844.814,0.1,40.39,12570.48,37.711439999999996,2023.10.06 16:00:00
2023.10.08 23:00:00,entry,3,1,done at 1849.962,1092,1849.962,1844.509,1866.321,0.08,43.63,12975.08,38.92524,2023.10.08 23:00:00
2023.10.11 07:00:00,entry,1,1,done at 1862.708,1094,1862.708,1854.068,1888.628,0.05,43.2,12930.95,38.79285,2023.10.11 07:00:00
2023.10.12 02:00:00,trail,1,1,closed H1 ratchet,1094,1862.708,1862.708,1888.628,0.0,0.0,0.0,0.0,2023.10.12 02:00:00
2023.10.13 03:00:00,occupied,1,1,one position per engine,0,0.0,0.0,0.0,0.0,0.0,0.0,0.0,2023.10.13 03:00:00
2023.10.13 12:00:00,entry,3,1,done at 1896.550,1096,1896.55,1893.328,1906.216,0.13,41.89,13049.64,39.14892,2023.10.13 12:00:00
2023.10.13 13:00:00,entry,3,1,done at 1913.451,1098,1913.451,1909.226,1926.126,0.1,42.25,13174.62,39.52386,2023.10.13 13:00:00
2023.10.13 15:00:00,entry,3,1,done at 1920.911,1100,1920.911,1915.979,1935.707,0.08,39.46,13131.56,39.39468,2023.10.13 15:00:00
2023.10.13 19:00:00,trail,3,1,closed H1 ratchet,1100,1920.911,1920.911,1935.707,0.0,0.0,0.0,0.0,2023.10.13 19:00:00
2023.10.17 07:00:00,entry,1,1,done at 1917.481,1102,1917.481,1906.827,1949.443,0.04,42.61,13126.82,39.38046,2023.10.17 07:00:00
2023.10.18 02:00:00,trail,1,1,closed H1 ratchet,1102,1917.481,1917.481,1949.443,0.0,0.0,0.0,0.0,2023.10.18 02:00:00
2023.10.18 02:00:00,entry,3,1,done at 1939.182,1103,1939.182,1934.472,1953.312,0.09,42.39,13210.77,39.63231,2023.10.18 02:00:00
2023.10.18 13:00:00,trail,3,1,closed H1 ratchet,1103,1939.182,1939.182,1953.312,0.0,0.0,0.0,0.0,2023.10.18 13:00:00
2023.10.18 14:00:00,entry,3,1,done at 1957.189,1106,1957.189,1952.463,1971.367,0.09,42.53,13379.25,40.13775,2023.10.18 14:00:00
2023.10.19 18:00:00,entry,3,1,done at 1972.764,1108,1972.764,1967.61,1988.226,0.08,41.23,13336.02,40.00806,2023.10.19 18:00:00
2023.10.20 09:00:00,trail,3,1,closed H1 ratchet,1108,1972.764,1972.764,1988.226,0.0,0.0,0.0,0.0,2023.10.20 09:00:00
2023.10.20 14:00:00,occupied,3,1,one position per engine,0,0.0,0.0,0.0,0.0,0.0,0.0,0.0,2023.10.20 14:00:00
2023.10.23 06:00:00,entry,1,1,done at 1975.871,1110,1975.871,1956.264,2034.692,0.03,58.82,13455.13,40.36539,2023.10.23 06:00:00
2023.10.24 02:00:00,occupied,1,1,one position per engine,0,0.0,0.0,0.0,0.0,0.0,0.0,0.0,2023.10.24 02:00:00
2023.10.24 17:00:00,entry,1,1,done at 1974.426,1112,1974.426,1959.967,2017.803,0.03,43.38,13394.46,40.18338,2023.10.24 17:00:00
2023.10.25 00:00:00,occupied,1,1,one position per engine,0,0.0,0.0,0.0,0.0,0.0,0.0,0.0,2023.10.25 00:00:00
2023.10.25 14:00:00,entry,3,1,done at 1985.249,1113,1985.249,1981.254,1997.234,0.11,43.95,13424.78,40.27434,2023.10.25 14:00:00
2023.10.26 17:00:00,occupied,1,1,one position per engine,0,0.0,0.0,0.0,0.0,0.0,0.0,0.0,2023.10.26 17:00:00
2023.10.27 02:00:00,occupied,1,1,one position per engine,0,0.0,0.0,0.0,0.0,0.0,0.0,0.0,2023.10.27 02:00:00
2023.10.27 18:00:00,trail,1,1,closed H1 ratchet,1112,1974.426,1974.426,2017.803,0.0,0.0,0.0,0.0,2023.10.27 18:00:00
2023.10.27 18:00:00,occupied,1,1,one position per engine,0,0.0,0.0,0.0,0.0,0.0,0.0,0.0,2023.10.27 18:00:00
2023.10.27 18:00:00,entry,3,1,done at 1996.847,1115,1996.847,1992.523,2009.819,0.1,43.24,13408.44,40.22532,2023.10.27 18:00:00
2023.10.27 19:00:00,trail,3,1,closed H1 ratchet,1115,1996.847,1996.847,2009.819,0.0,0.0,0.0,0.0,2023.10.27 19:00:00
2023.10.27 19:00:00,occupied,3,1,one position per engine,0,0.0,0.0,0.0,0.0,0.0,0.0,0.0,2023.10.27 19:00:00
2023.10.31 08:00:00,occupied,1,1,one position per engine,0,0.0,0.0,0.0,0.0,0.0,0.0,0.0,2023.10.31 08:00:00
2023.10.31 14:00:00,occupied,1,1,one position per engine,0,0.0,0.0,0.0,0.0,0.0,0.0,0.0,2023.10.31 14:00:00
2023.11.01 13:00:00,occupied,1,1,one position per engine,0,0.0,0.0,0.0,0.0,0.0,0.0,0.0,2023.11.01 13:00:00
2023.11.02 18:00:00,entry,1,1,done at 1985.165,1118,1985.165,1974.323,2017.691,0.04,43.37,13330.67,39.99201,2023.11.02 18:00:00
2023.11.03 01:00:00,occupied,1,1,one position per engine,0,0.0,0.0,0.0,0.0,0.0,0.0,0.0,2023.11.03 01:00:00
2023.11.03 03:00:00,occupied,1,1,one position per engine,0,0.0,0.0,0.0,0.0,0.0,0.0,0.0,2023.11.03 03:00:00
2023.11.03 13:00:00,entry,3,1,done at 2000.290,1119,2000.29,1996.977,2010.229,0.13,43.07,13388.31,40.16493,2023.11.03 13:00:00
2023.11.14 14:00:00,entry,2,1,done at 1954.438,1122,1954.438,1951.461,1957.415,0.14,41.68,13236.57,39.709709999999994,2023.11.14 14:00:00
2023.11.14 15:00:00,entry,3,1,done at 1967.830,1124,1967.83,1964.202,1978.714,0.11,39.91,13277.82,39.833459999999995,2023.11.14 15:00:00
2023.11.16 05:00:00,entry,1,1,done at 1962.713,1126,1962.713,1951.663,1995.863,0.04,44.2,13237.23,39.71169,2023.11.16 05:00:00
2023.11.16 15:00:00,trail,1,1,closed H1 ratchet,1126,1962.713,1962.713,1995.863,0.0,0.0,0.0,0.0,2023.11.16 15:00:00
2023.11.16 15:00:00,entry,3,1,done at 1979.859,1127,1979.859,1976.631,1989.543,0.13,41.97,13305.1,39.915299999999995,2023.11.16 15:00:00
2023.11.16 16:00:00,trail,3,1,closed H1 ratchet,1127,1979.859,1979.859,1989.543,0.0,0.0,0.0,0.0,2023.11.16 16:00:00
2023.11.16 16:00:00,occupied,3,1,one position per engine,0,0.0,0.0,0.0,0.0,0.0,0.0,0.0,2023.11.16 16:00:00
2023.11.20 03:00:00,occupied,1,1,one position per engine,0,0.0,0.0,0.0,0.0,0.0,0.0,0.0,2023.11.20 03:00:00
2023.11.20 19:00:00,occupied,1,1,one position per engine,0,0.0,0.0,0.0,0.0,0.0,0.0,0.0,2023.11.20 19:00:00
2023.11.21 14:00:00,entry,3,1,done at 1997.751,1130,1997.751,1993.494,2010.522,0.1,42.57,13481.62,40.44486,2023.11.21 14:00:00
2023.11.21 15:00:00,trail,3,1,closed H1 ratchet,1130,1997.751,1997.751,2010.522,0.0,0.0,0.0,0.0,2023.11.21 15:00:00
2023.11.21 15:00:00,occupied,3,1,one position per engine,0,0.0,0.0,0.0,0.0,0.0,0.0,0.0,2023.11.21 15:00:00
2023.11.24 00:00:00,entry,1,1,done at 1994.234,1132,1994.234,1986.439,2017.619,0.06,46.77,13481.05,40.443149999999996,2023.11.24 00:00:00
2023.11.24 10:00:00,occupied,1,1,one position per engine,0,0.0,0.0,0.0,0.0,0.0,0.0,0.0,2023.11.24 10:00:00
2023.11.27 02:00:00,entry,3,1,done at 2012.125,1134,2012.125,2008.647,2022.559,0.12,41.74,13617.93,40.85379,2023.11.27 02:00:00
2023.11.28 14:00:00,entry,3,1,done at 2021.612,1136,2021.612,2018.611,2030.615,0.14,42.02,13574.98,40.72494,2023.11.28 14:00:00
2023.11.28 15:00:00,trail,3,1,closed H1 ratchet,1136,2021.612,2021.612,2030.615,0.0,0.0,0.0,0.0,2023.11.28 15:00:00
2023.11.28 15:00:00,occupied,3,1,one position per engine,0,0.0,0.0,0.0,0.0,0.0,0.0,0.0,2023.11.28 15:00:00
2023.11.28 16:00:00,entry,3,1,done at 2030.959,1138,2030.959,2027.475,2041.411,0.12,41.81,13700.36,41.10108,2023.11.28 16:00:00
2023.11.28 17:00:00,trail,3,1,closed H1 ratchet,1138,2030.959,2030.959,2041.411,0.0,0.0,0.0,0.0,2023.11.28 17:00:00
2023.11.28 17:00:00,occupied,3,1,one position per engine,0,0.0,0.0,0.0,0.0,0.0,0.0,0.0,2023.11.28 17:00:00
2023.12.01 00:00:00,entry,1,1,done at 2040.238,1140,2040.238,2027.404,2078.74,0.04,51.33,13825.57,41.47671,2023.12.01 00:00:00
2023.12.01 05:00:00,occupied,1,1,one position per engine,0,0.0,0.0,0.0,0.0,0.0,0.0,0.0,2023.12.01 05:00:00
2023.12.01 09:00:00,occupied,1,1,one position per engine,0,0.0,0.0,0.0,0.0,0.0,0.0,0.0,2023.12.01 09:00:00
2023.12.01 15:00:00,occupied,1,1,one position per engine,0,0.0,0.0,0.0,0.0,0.0,0.0,0.0,2023.12.01 15:00:00
2023.12.01 17:00:00,entry,3,1,done at 2058.911,1141,2058.911,2054.043,2073.515,0.09,43.81,13899.54,41.69862,2023.12.01 17:00:00
2023.12.01 18:00:00,trail,3,1,closed H1 ratchet,1141,2058.911,2058.911,2073.515,0.0,0.0,0.0,0.0,2023.12.01 18:00:00
2023.12.01 18:00:00,trail,1,1,closed H1 ratchet,1140,2040.238,2040.238,2078.74,0.0,0.0,0.0,0.0,2023.12.01 18:00:00
2023.12.01 18:00:00,occupied,3,1,one position per engine,0,0.0,0.0,0.0,0.0,0.0,0.0,0.0,2023.12.01 18:00:00
2023.12.04 00:00:00,entry,3,1,done at 2118.177,1144,2118.177,2108.817,2146.257,0.05,46.8,14108.46,42.325379999999996,2023.12.04 00:00:00
2023.12.13 20:00:00,entry,2,1,done at 2013.808,1146,2013.808,2008.83,2018.786,0.09,44.8,14061.22,42.18366,2023.12.13 20:00:00
2023.12.13 20:00:00,entry,3,1,done at 2013.808,1147,2013.808,2008.83,2028.742,0.09,44.8,14059.6,42.1788,2023.12.13 20:00:00
2023.12.13 21:00:00,manage_error,3,1,market closed,1147,2013.808,2013.808,2028.742,0.0,0.0,0.0,0.0,2023.12.13 21:00:00
2023.12.13 21:00:00,occupied,3,1,one position per engine,0,0.0,0.0,0.0,0.0,0.0,0.0,0.0,2023.12.13 21:00:00
2023.12.13 23:01:00,trail,3,1,closed H1 ratchet,1147,2013.808,2013.808,2028.742,0.0,0.0,0.0,0.0,2023.12.13 23:00:00
2023.12.18 14:00:00,entry,1,1,done at 2025.938,1150,2025.938,2013.52,2063.192,0.04,49.67,14239.76,42.71928,2023.12.18 14:00:00
2023.12.18 18:00:00,occupied,1,1,one position per engine,0,0.0,0.0,0.0,0.0,0.0,0.0,0.0,2023.12.18 18:00:00
2023.12.19 09:00:00,occupied,1,1,one position per engine,0,0.0,0.0,0.0,0.0,0.0,0.0,0.0,2023.12.19 09:00:00
2023.12.21 02:00:00,occupied,1,1,one position per engine,0,0.0,0.0,0.0,0.0,0.0,0.0,0.0,2023.12.21 02:00:00
2023.12.21 09:00:00,occupied,1,1,one position per engine,0,0.0,0.0,0.0,0.0,0.0,0.0,0.0,2023.12.21 09:00:00
2023.12.21 13:00:00,occupied,1,1,one position per engine,0,0.0,0.0,0.0,0.0,0.0,0.0,0.0,2023.12.21 13:00:00
2023.12.21 23:01:00,trail,1,1,closed H1 ratchet,1150,2025.938,2025.938,2063.192,0.0,0.0,0.0,0.0,2023.12.21 23:00:00
2023.12.22 00:00:00,entry,3,1,done at 2052.949,1151,2052.949,2048.481,2066.353,0.1,44.68,14334.25,43.00275,2023.12.22 00:00:00
2023.12.22 14:00:00,entry,3,1,done at 2067.490,1154,2067.49,2062.904,2081.248,0.1,45.86,14330.35,42.991049999999994,2023.12.22 14:00:00
2023.12.22 18:00:00,entry,1,1,done at 2055.567,1156,2055.567,2039.42,2104.008,0.03,48.44,14283.78,42.85134,2023.12.22 18:00:00
2023.12.26 00:00:00,occupied,1,1,one position per engine,0,0.0,0.0,0.0,0.0,0.0,0.0,0.0,2023.12.26 00:00:00
2023.12.26 20:00:00,occupied,1,1,one position per engine,0,0.0,0.0,0.0,0.0,0.0,0.0,0.0,2023.12.26 20:00:00
2023.12.27 16:00:00,entry,3,1,done at 2078.948,1157,2078.948,2074.982,2090.846,0.11,43.63,14348.58,43.045739999999995,2023.12.27 16:00:00
2023.12.27 17:00:00,trail,1,1,closed H1 ratchet,1156,2055.567,2055.567,2104.008,0.0,0.0,0.0,0.0,2023.12.27 17:00:00
2023.12.28 02:00:00,trail,3,1,closed H1 ratchet,1157,2078.948,2078.948,2090.846,0.0,0.0,0.0,0.0,2023.12.28 02:00:00
2023.12.28 02:00:00,occupied,3,1,one position per engine,0,0.0,0.0,0.0,0.0,0.0,0.0,0.0,2023.12.28 02:00:00
2024.01.12 14:00:00,entry,3,1,done at 2056.306,1160,2056.306,2051.456,2070.856,0.09,43.65,14249.12,42.74736,2024.01.12 14:00:00
2024.01.19 14:00:00,entry,3,1,done at 2035.459,1162,2035.459,2032.241,2045.113,0.14,45.06,14204.79,42.61437,2024.01.19 14:00:00
2024.01.29 14:00:00,entry,3,1,done at 2036.932,1164,2036.932,2033.334,2047.726,0.12,43.17,14158.85,42.476549999999996,2024.01.29 14:00:00
2024.01.29 17:00:00,entry,1,1,done at 2027.167,1166,2027.167,2013.517,2068.117,0.04,54.6,14114.81,42.344429999999996,2024.01.29 17:00:00
2024.01.29 20:00:00,occupied,1,1,one position per engine,0,0.0,0.0,0.0,0.0,0.0,0.0,0.0,2024.01.29 20:00:00
2024.01.30 15:00:00,entry,3,1,done at 2046.701,1167,2046.701,2042.772,2058.488,0.11,43.22,14190.08,42.57023999999999,2024.01.30 15:00:00
2024.01.30 17:00:00,occupied,1,1,one position per engine,0,0.0,0.0,0.0,0.0,0.0,0.0,0.0,2024.01.30 17:00:00
2024.01.30 20:00:00,occupied,1,1,one position per engine,0,0.0,0.0,0.0,0.0,0.0,0.0,0.0,2024.01.30 20:00:00
2024.01.31 06:00:00,occupied,1,1,one position per engine,0,0.0,0.0,0.0,0.0,0.0,0.0,0.0,2024.01.31 06:00:00
2024.01.31 08:00:00,occupied,1,1,one position per engine,0,0.0,0.0,0.0,0.0,0.0,0.0,0.0,2024.01.31 08:00:00
2024.01.31 15:00:00,trail,1,1,closed H1 ratchet,1166,2027.167,2027.167,2068.117,0.0,0.0,0.0,0.0,2024.01.31 15:00:00
2024.01.31 15:00:00,entry,3,1,done at 2051.724,1169,2051.724,2048.465,2061.501,0.14,45.63,14163.5,42.490500000000004,2024.01.31 15:00:00
2024.02.01 02:00:00,occupied,1,1,one position per engine,0,0.0,0.0,0.0,0.0,0.0,0.0,0.0,2024.02.01 02:00:00
2024.02.01 15:00:00,occupied,1,1,one position per engine,0,0.0,0.0,0.0,0.0,0.0,0.0,0.0,2024.02.01 15:00:00
2024.02.01 17:00:00,entry,3,1,done at 2059.594,1171,2059.594,2053.362,2078.29,0.07,43.63,14141.78,42.42534,2024.02.01 17:00:00
2024.02.07 15:00:00,entry,3,1,done at 2042.592,1174,2042.592,2039.756,2051.1,0.15,42.54,13964.21,41.89263,2024.02.07 15:00:00
2024.02.08 00:00:00,entry,1,1,done at 2036.622,1176,2036.622,2026.736,2066.28,0.05,49.43,13920.84,41.762519999999995,2024.02.08 00:00:00
2024.02.08 10:00:00,occupied,1,1,one position per engine,0,0.0,0.0,0.0,0.0,0.0,0.0,0.0,2024.02.08 10:00:00
2024.02.22 01:00:00,entry,1,1,done at 2026.560,1178,2026.56,2017.832,2052.744,0.05,43.64,13871.1,41.6133,2024.02.22 01:00:00
2024.02.23 02:00:00,occupied,1,1,one position per engine,0,0.0,0.0,0.0,0.0,0.0,0.0,0.0,2024.02.23 02:00:00
2024.02.23 04:00:00,occupied,1,1,one position per engine,0,0.0,0.0,0.0,0.0,0.0,0.0,0.0,2024.02.23 04:00:00
2024.02.23 17:00:00,entry,3,1,done at 2038.500,1180,2038.5,2034.764,2049.708,0.12,44.83,13824.41,41.473229999999994,2024.02.23 17:00:00
2024.02.26 13:00:00,entry,1,1,done at 2032.904,1182,2032.904,2023.971,2059.703,0.05,44.66,13754.65,41.263949999999994,2024.02.26 13:00:00
2024.02.26 21:00:00,occupied,1,1,one position per engine,0,0.0,0.0,0.0,0.0,0.0,0.0,0.0,2024.02.26 21:00:00
2024.02.28 02:00:00,occupied,1,1,one position per engine,0,0.0,0.0,0.0,0.0,0.0,0.0,0.0,2024.02.28 02:00:00
2024.02.28 14:00:00,occupied,1,1,one position per engine,0,0.0,0.0,0.0,0.0,0.0,0.0,0.0,2024.02.28 14:00:00
2024.02.29 14:00:00,trail,1,1,closed H1 ratchet,1182,2032.904,2032.904,2059.703,0.0,0.0,0.0,0.0,2024.02.29 14:00:00
2024.02.29 14:00:00,entry,3,1,done at 2047.727,1183,2047.727,2044.648,2056.964,0.14,43.11,13814.5,41.44349999999999,2024.02.29 14:00:00
2024.03.01 11:00:00,entry,3,1,done at 2054.953,1185,2054.953,2051.653,2064.853,0.13,42.9,13803.83,41.41148999999999,2024.03.01 11:00:00
2024.03.01 16:00:00,entry,1,1,done at 2069.373,1188,2069.373,2054.885,2112.837,0.03,43.46,13784.59,41.35377,2024.03.01 16:00:00
2024.03.01 16:00:00,entry,3,1,done at 2069.373,1189,2069.373,2064.543,2083.863,0.09,43.47,13784.04,41.352120000000006,2024.03.01 16:00:00
2024.03.01 17:00:00,trail,3,1,closed H1 ratchet,1189,2069.373,2069.373,2083.863,0.0,0.0,0.0,0.0,2024.03.01 17:00:00
2024.03.01 17:00:00,occupied,3,1,one position per engine,0,0.0,0.0,0.0,0.0,0.0,0.0,0.0,2024.03.01 17:00:00
2024.03.04 14:00:00,trail,1,1,closed H1 ratchet,1188,2069.373,2069.373,2112.837,0.0,0.0,0.0,0.0,2024.03.04 14:00:00
2024.03.04 14:00:00,entry,3,1,done at 2091.783,1191,2091.783,2088.312,2102.196,0.13,45.12,13979.73,41.939189999999996,2024.03.04 14:00:00
2024.03.04 15:00:00,trail,3,1,closed H1 ratchet,1191,2091.783,2091.783,2102.196,0.0,0.0,0.0,0.0,2024.03.04 15:00:00
2024.03.04 15:00:00,occupied,3,1,one position per engine,0,0.0,0.0,0.0,0.0,0.0,0.0,0.0,2024.03.04 15:00:00
2024.03.04 16:00:00,entry,3,1,done at 2109.040,1193,2109.04,2105.019,2121.103,0.11,44.23,14166.37,42.49911,2024.03.04 16:00:00
2024.03.04 17:00:00,trail,3,1,closed H1 ratchet,1193,2109.04,2109.04,2121.103,0.0,0.0,0.0,0.0,2024.03.04 17:00:00
2024.03.04 17:00:00,occupied,3,1,one position per engine,0,0.0,0.0,0.0,0.0,0.0,0.0,0.0,2024.03.04 17:00:00
2024.03.05 14:00:00,entry,3,1,done at 2127.933,1196,2127.933,2122.978,2142.798,0.09,44.6,14304.41,42.91322999999999,2024.03.05 14:00:00
2024.03.06 10:00:00,entry,1,1,done at 2128.738,1197,2128.738,2113.412,2174.716,0.03,45.97,14305.22,42.915659999999995,2024.03.06 10:00:00
2024.03.06 14:00:00,trail,3,1,closed H1 ratchet,1196,2127.933,2127.933,2142.798,0.0,0.0,0.0,0.0,2024.03.06 14:00:00
2024.03.06 15:00:00,entry,3,1,done at 2144.943,1199,2144.943,2140.626,2157.894,0.11,47.48,14481.12,43.443360000000006,2024.03.06 15:00:00
2024.03.07 04:00:00,trail,1,1,closed H1 ratchet,1197,2128.738,2128.738,2174.716,0.0,0.0,0.0,0.0,2024.03.07 04:00:00
2024.03.11 14:00:00,entry,1,1,done at 2181.825,1202,2181.825,2165.532,2230.704,0.03,48.88,14516.29,43.548869999999994,2024.03.11 14:00:00
2024.03.14 11:00:00,entry,1,1,done at 2170.721,1204,2170.721,2160.68,2200.844,0.05,50.21,14465.55,43.39665,2024.03.14 11:00:00
2024.03.19 18:00:00,entry,1,1,done at 2157.012,1206,2157.012,2144.853,2193.489,0.04,48.64,14415.0,43.245,2024.03.19 18:00:00
2024.03.20 08:00:00,occupied,1,1,one position per engine,0,0.0,0.0,0.0,0.0,0.0,0.0,0.0,2024.03.20 08:00:00
2024.03.20 17:00:00,occupied,1,1,one position per engine,0,0.0,0.0,0.0,0.0,0.0,0.0,0.0,2024.03.20 17:00:00
2024.03.20 19:00:00,trail,1,1,closed H1 ratchet,1206,2157.012,2157.012,2193.489,0.0,0.0,0.0,0.0,2024.03.20 19:00:00
2024.03.20 19:00:00,entry,2,1,done at 2182.210,1207,2182.21,2177.569,2186.851,0.1,46.41,14512.93,43.53879,2024.03.20 19:00:00
2024.03.20 19:00:00,entry,3,1,done at 2182.210,1208,2182.21,2177.569,2196.133,0.1,46.41,14511.14,43.53342,2024.03.20 19:00:00
2024.03.20 23:00:00,entry,3,1,done at 2200.581,1212,2200.581,2194.309,2219.397,0.08,50.18,14743.76,44.23128,2024.03.20 23:00:00
2024.03.22 14:00:00,entry,1,1,done at 2178.287,1214,2178.287,2163.812,2221.712,0.04,57.9,14680.15,44.04045,2024.03.22 14:00:00
2024.03.25 02:00:00,entry,1,1,done at 2175.270,1216,2175.27,2157.617,2228.229,0.03,52.96,14622.01,43.86603,2024.03.25 02:00:00
2024.03.25 12:00:00,occupied,1,1,one position per engine,0,0.0,0.0,0.0,0.0,0.0,0.0,0.0,2024.03.25 12:00:00
2024.03.26 05:00:00,occupied,1,1,one position per engine,0,0.0,0.0,0.0,0.0,0.0,0.0,0.0,2024.03.26 05:00:00
2024.03.26 10:00:00,entry,3,1,done at 2191.008,1217,2191.008,2186.807,2203.611,0.11,46.21,14667.08,44.001239999999996,2024.03.26 10:00:00
2024.03.26 11:00:00,trail,3,1,closed H1 ratchet,1217,2191.008,2191.008,2203.611,0.0,0.0,0.0,0.0,2024.03.26 11:00:00
2024.03.26 11:00:00,occupied,3,1,one position per engine,0,0.0,0.0,0.0,0.0,0.0,0.0,0.0,2024.03.26 11:00:00
2024.03.27 00:00:00,occupied,1,1,one position per engine,0,0.0,0.0,0.0,0.0,0.0,0.0,0.0,2024.03.27 00:00:00
2024.03.27 05:00:00,occupied,1,1,one position per engine,0,0.0,0.0,0.0,0.0,0.0,0.0,0.0,2024.03.27 05:00:00
2024.03.27 08:00:00,occupied,1,1,one position per engine,0,0.0,0.0,0.0,0.0,0.0,0.0,0.0,2024.03.27 08:00:00
2024.03.27 10:00:00,occupied,1,1,one position per engine,0,0.0,0.0,0.0,0.0,0.0,0.0,0.0,2024.03.27 10:00:00
2024.03.28 11:00:00,trail,1,1,closed H1 ratchet,1216,2175.27,2175.27,2228.229,0.0,0.0,0.0,0.0,2024.03.28 11:00:00
2024.03.28 11:00:00,entry,3,1,done at 2212.280,1219,2212.28,2207.361,2227.037,0.09,44.27,14723.83,44.17148999999999,2024.03.28 11:00:00
2024.03.28 13:00:00,entry,3,1,done at 2215.784,1221,2215.784,2210.553,2231.477,0.09,47.08,14689.25,44.06775,2024.03.28 13:00:00
2024.03.31 22:05:00,entry,3,1,done at 2240.027,1224,2240.027,2232.448,2262.764,0.06,45.47,14679.34,44.038019999999996,2024.03.31 22:00:00
2024.04.01 02:00:00,trail,3,1,closed H1 ratchet,1224,2240.027,2240.027,2262.764,0.0,0.0,0.0,0.0,2024.04.01 02:00:00
2024.04.01 20:00:00,entry,1,1,done at 2244.775,1226,2244.775,2221.473,2314.681,0.02,46.6,14815.45,44.44635,2024.04.01 20:00:00
2024.04.02 22:01:00,trail,1,1,closed H1 ratchet,1226,2244.775,2244.775,2314.681,0.0,0.0,0.0,0.0,2024.04.02 22:00:00
2024.04.03 17:00:00,entry,3,1,done at 2293.896,1227,2293.896,2286.901,2314.882,0.07,48.96,14911.19,44.73357,2024.04.03 17:00:00
2024.04.05 08:00:00,occupied,1,1,one position per engine,0,0.0,0.0,0.0,0.0,0.0,0.0,0.0,2024.04.05 08:00:00
2024.04.05 15:00:00,entry,3,1,done at 2317.795,1230,2317.795,2307.924,2347.408,0.05,49.36,14888.05,44.66415,2024.04.05 15:00:00
2024.04.08 02:00:00,entry,1,1,done at 2324.360,1232,2324.36,2292.308,2420.516,0.02,64.1,14835.6,44.506800000000005,2024.04.08 02:00:00
2024.04.08 03:00:00,entry,3,1,done at 2348.246,1233,2348.246,2336.183,2384.435,0.04,48.25,14883.01,44.64903,2024.04.08 03:00:00
2024.04.09 18:00:00,occupied,1,1,one position per engine,0,0.0,0.0,0.0,0.0,0.0,0.0,0.0,2024.04.09 18:00:00
2024.04.11 13:00:00,occupied,1,1,one position per engine,0,0.0,0.0,0.0,0.0,0.0,0.0,0.0,2024.04.11 13:00:00
2024.04.11 20:00:00,trail,1,1,closed H1 ratchet,1232,2324.36,2324.36,2420.516,0.0,0.0,0.0,0.0,2024.04.11 20:00:00
2024.04.12 15:00:00,entry,3,1,done at 2426.718,1236,2426.718,2417.931,2453.079,0.06,52.72,14972.9,44.9187,2024.04.12 15:00:00
2024.04.15 18:00:00,entry,1,1,done at 2365.539,1238,2365.539,2329.974,2472.234,0.02,71.13,14919.77,44.75931,2024.04.15 18:00:00
2024.04.15 20:00:00,entry,2,1,done at 2386.532,1239,2386.532,2375.167,2397.897,0.04,45.46,14961.39,44.88417,2024.04.15 20:00:00
2024.04.16 12:00:00,occupied,1,1,one position per engine,0,0.0,0.0,0.0,0.0,0.0,0.0,0.0,2024.04.16 12:00:00
2024.04.16 15:00:00,occupied,1,1,one position per engine,0,0.0,0.0,0.0,0.0,0.0,0.0,0.0,2024.04.16 15:00:00
2024.04.18 06:00:00,occupied,1,1,one position per engine,0,0.0,0.0,0.0,0.0,0.0,0.0,0.0,2024.04.18 06:00:00
2024.04.19 02:00:00,occupied,1,1,one position per engine,0,0.0,0.0,0.0,0.0,0.0,0.0,0.0,2024.04.19 02:00:00
2024.04.19 02:00:00,entry,3,1,done at 2409.605,1241,2409.605,2401.508,2433.896,0.06,48.58,14953.28,44.859840000000005,2024.04.19 02:00:00
2024.04.19 07:00:00,occupied,1,1,one position per engine,0,0.0,0.0,0.0,0.0,0.0,0.0,0.0,2024.04.19 07:00:00
2024.04.19 15:00:00,occupied,1,1,one position per engine,0,0.0,0.0,0.0,0.0,0.0,0.0,0.0,2024.04.19 15:00:00
2024.04.21 22:05:00,occupied,1,1,one position per engine,0,0.0,0.0,0.0,0.0,0.0,0.0,0.0,2024.04.21 22:00:00
2024.05.09 13:00:00,entry,2,1,done at 2326.808,1244,2326.808,2322.212,2331.404,0.1,45.96,14744.26,44.232780000000005,2024.05.09 13:00:00
2024.05.09 13:00:00,entry,3,1,done at 2326.808,1245,2326.808,2322.212,2340.596,0.1,45.96,14742.46,44.22738,2024.05.09 13:00:00
2024.05.09 15:00:00,entry,3,1,done at 2333.519,1248,2333.519,2327.863,2350.487,0.08,45.25,14650.96,43.95287999999999,2024.05.09 15:00:00
2024.05.09 20:00:00,trail,3,1,closed H1 ratchet,1248,2333.519,2333.519,2350.487,0.0,0.0,0.0,0.0,2024.05.09 20:00:00
2024.05.14 09:00:00,entry,1,1,done at 2343.904,1250,2343.904,2329.998,2385.622,0.04,55.63,14781.99,44.345969999999994,2024.05.14 09:00:00
2024.05.15 09:00:00,trail,1,1,closed H1 ratchet,1250,2343.904,2343.904,2385.622,0.0,0.0,0.0,0.0,2024.05.15 09:00:00
2024.05.15 09:00:00,entry,3,1,done at 2373.292,1251,2373.292,2367.835,2389.663,0.09,49.11,14896.68,44.690039999999996,2024.05.15 09:00:00
2024.05.15 15:00:00,occupied,1,1,one position per engine,0,0.0,0.0,0.0,0.0,0.0,0.0,0.0,2024.05.15 15:00:00
2024.05.17 06:00:00,entry,1,1,done at 2381.444,1254,2381.444,2367.277,2423.945,0.04,56.67,14896.78,44.69034,2024.05.17 06:00:00
2024.05.17 14:00:00,entry,3,1,done at 2401.766,1255,2401.766,2397.333,2415.065,0.11,48.77,14977.34,44.93202,2024.05.17 14:00:00
2024.05.17 15:00:00,trail,1,1,closed H1 ratchet,1254,2381.444,2381.444,2423.945,0.0,0.0,0.0,0.0,2024.05.17 15:00:00
2024.05.17 15:00:00,entry,3,1,done at 2413.499,1257,2413.499,2408.361,2428.913,0.09,46.24,15169.98,45.50994,2024.05.17 15:00:00
2024.05.20 02:00:00,entry,3,1,done at 2434.737,1260,2434.737,2426.615,2459.103,0.06,48.73,15168.36,45.50508,2024.05.20 02:00:00
2024.05.20 06:00:00,trail,3,1,closed H1 ratchet,1260,2434.737,2434.737,2459.103,0.0,0.0,0.0,0.0,2024.05.20 06:00:00
2024.05.20 17:00:00,entry,1,1,done at 2426.695,1262,2426.695,2396.553,2517.121,0.02,60.28,15167.78,45.50334,2024.05.20 17:00:00
2024.05.20 23:00:00,occupied,1,1,one position per engine,0,0.0,0.0,0.0,0.0,0.0,0.0,0.0,2024.05.20 23:00:00
2024.05.21 12:00:00,occupied,1,1,one position per engine,0,0.0,0.0,0.0,0.0,0.0,0.0,0.0,2024.05.21 12:00:00
2024.05.21 20:00:00,occupied,1,1,one position per engine,0,0.0,0.0,0.0,0.0,0.0,0.0,0.0,2024.05.21 20:00:00
2024.06.03 17:00:00,entry,2,1,done at 2349.242,1264,2349.242,2343.092,2355.392,0.08,49.2,15105.23,45.31569,2024.06.03 17:00:00
2024.06.06 02:00:00,entry,3,1,done at 2367.572,1266,2367.572,2361.49,2385.818,0.08,48.66,15051.19,45.15357,2024.06.06 02:00:00
2024.06.12 13:00:00,entry,2,1,done at 2336.040,1268,2336.04,2331.315,2340.765,0.1,47.25,15002.04,45.00612,2024.06.12 13:00:00
2024.06.12 13:00:00,entry,3,1,done at 2336.040,1269,2336.04,2331.315,2350.215,0.1,47.25,15000.24,45.00072,2024.06.12 13:00:00
2024.06.20 02:00:00,entry,3,1,done at 2336.454,1272,2336.454,2332.828,2347.332,0.13,47.14,15000.93,45.00279,2024.06.20 02:00:00
2024.06.20 14:00:00,entry,3,1,done at 2349.430,1274,2349.43,2344.352,2364.664,0.09,45.7,14952.35,44.85705,2024.06.20 14:00:00
2024.06.20 15:00:00,entry,3,1,done at 2364.213,1276,2364.213,2358.567,2381.151,0.09,50.82,15089.01,45.26703,2024.06.20 15:00:00
2024.06.27 14:00:00,entry,2,1,done at 2323.382,1278,2323.382,2319.592,2327.172,0.12,45.48,15037.65,45.11295,2024.06.27 14:00:00
2024.06.28 16:00:00,entry,1,1,done at 2328.804,1280,2328.804,2313.299,2375.319,0.03,46.51,15082.56,45.24768,2024.06.28 16:00:00
2024.07.01 02:00:00,occupied,1,1,one position per engine,0,0.0,0.0,0.0,0.0,0.0,0.0,0.0,2024.07.01 02:00:00
2024.07.01 16:00:00,occupied,1,1,one position per engine,0,0.0,0.0,0.0,0.0,0.0,0.0,0.0,2024.07.01 16:00:00
2024.07.02 06:00:00,occupied,1,1,one position per engine,0,0.0,0.0,0.0,0.0,0.0,0.0,0.0,2024.07.02 06:00:00
2024.07.02 14:00:00,occupied,1,1,one position per engine,0,0.0,0.0,0.0,0.0,0.0,0.0,0.0,2024.07.02 14:00:00
2024.07.02 19:00:00,occupied,1,1,one position per engine,0,0.0,0.0,0.0,0.0,0.0,0.0,0.0,2024.07.02 19:00:00
2024.07.03 13:00:00,entry,3,1,done at 2350.588,1281,2350.588,2346.159,2363.875,0.11,48.72,15142.57,45.42771,2024.07.03 13:00:00
2024.07.03 14:00:00,trail,1,1,closed H1 ratchet,1280,2328.804,2328.804,2375.319,0.0,0.0,0.0,0.0,2024.07.03 14:00:00
2024.07.05 13:00:00,entry,3,1,done at 2372.267,1284,2372.267,2367.616,2386.22,0.1,46.51,15356.37,46.06911,2024.07.05 13:00:00
2024.07.05 14:00:00,trail,3,1,closed H1 ratchet,1284,2372.267,2372.267,2386.22,0.0,0.0,0.0,0.0,2024.07.05 14:00:00
2024.07.05 14:00:00,occupied,3,1,one position per engine,0,0.0,0.0,0.0,0.0,0.0,0.0,0.0,2024.07.05 14:00:00
2024.07.09 04:00:00,entry,1,1,done at 2367.781,1286,2367.781,2351.085,2417.869,0.03,50.08,15495.51,46.48653,2024.07.09 04:00:00
2024.07.09 14:00:00,occupied,1,1,one position per engine,0,0.0,0.0,0.0,0.0,0.0,0.0,0.0,2024.07.09 14:00:00
2024.07.09 19:00:00,entry,1,1,done at 2364.660,1288,2364.66,2347.721,2415.477,0.03,50.82,15445.2,46.33560000000001,2024.07.09 19:00:00
2024.07.10 23:00:00,occupied,1,1,one position per engine,0,0.0,0.0,0.0,0.0,0.0,0.0,0.0,2024.07.10 23:00:00
2024.07.11 13:00:00,trail,1,1,closed H1 ratchet,1288,2364.66,2364.66,2415.477,0.0,0.0,0.0,0.0,2024.07.11 13:00:00
2024.07.11 13:00:00,entry,3,1,done at 2406.423,1289,2406.423,2401.589,2420.925,0.1,48.34,15563.53,46.69059,2024.07.11 13:00:00
2024.07.11 15:00:00,entry,3,1,done at 2417.836,1292,2417.836,2412.102,2435.038,0.09,51.6,15541.98,46.62594,2024.07.11 15:00:00
2024.07.15 09:00:00,entry,1,1,done at 2412.123,1294,2412.123,2396.922,2457.726,0.04,60.8,15489.79,46.46937,2024.07.15 09:00:00
2024.07.15 15:00:00,entry,3,1,done at 2431.650,1295,2431.65,2426.523,2447.031,0.1,51.27,15567.23,46.70169,2024.07.15 15:00:00
2024.07.16 08:00:00,trail,1,1,closed H1 ratchet,1294,2412.123,2412.123,2457.726,0.0,0.0,0.0,0.0,2024.07.16 08:00:00
2024.07.16 15:00:00,entry,3,1,done at 2452.133,1297,2452.133,2446.131,2470.139,0.08,48.01,15595.17,46.785509999999995,2024.07.16 15:00:00
2024.07.16 16:00:00,trail,3,1,closed H1 ratchet,1297,2452.133,2452.133,2470.139,0.0,0.0,0.0,0.0,2024.07.16 16:00:00
2024.07.16 16:00:00,occupied,3,1,one position per engine,0,0.0,0.0,0.0,0.0,0.0,0.0,0.0,2024.07.16 16:00:00
2024.07.18 02:00:00,entry,1,1,done at 2462.573,1300,2462.573,2440.52,2528.732,0.03,66.16,15757.57,47.27271,2024.07.18 02:00:00
2024.07.24 15:00:00,entry,3,1,done at 2430.599,1302,2430.599,2425.126,2447.018,0.09,49.26,15691.19,47.07357,2024.07.24 15:00:00
2024.07.30 18:00:00,entry,3,1,done at 2405.880,1304,2405.88,2400.285,2422.665,0.09,50.35,15641.38,46.924139999999994,2024.07.30 18:00:00
2024.07.31 04:00:00,trail,3,1,closed H1 ratchet,1304,2405.88,2405.88,2422.665,0.0,0.0,0.0,0.0,2024.07.31 04:00:00
2024.07.31 04:00:00,occupied,3,1,one position per engine,0,0.0,0.0,0.0,0.0,0.0,0.0,0.0,2024.07.31 04:00:00
2024.07.31 19:00:00,entry,3,1,done at 2433.716,1306,2433.716,2427.227,2453.183,0.08,51.91,15787.2,47.361599999999996,2024.07.31 19:00:00
2024.07.31 20:00:00,trail,3,1,closed H1 ratchet,1306,2433.716,2433.716,2453.183,0.0,0.0,0.0,0.0,2024.07.31 20:00:00
2024.07.31 20:00:00,occupied,3,1,one position per engine,0,0.0,0.0,0.0,0.0,0.0,0.0,0.0,2024.07.31 20:00:00
2024.08.01 12:00:00,entry,1,1,done at 2440.868,1308,2440.868,2419.938,2503.658,0.03,62.79,15929.74,47.78921999999999,2024.08.01 12:00:00
2024.08.01 20:00:00,occupied,1,1,one position per engine,0,0.0,0.0,0.0,0.0,0.0,0.0,0.0,2024.08.01 20:00:00
2024.08.02 13:00:00,trail,1,1,closed H1 ratchet,1308,2440.868,2440.868,2503.658,0.0,0.0,0.0,0.0,2024.08.02 13:00:00
2024.08.02 13:00:00,entry,3,1,done at 2472.974,1309,2472.974,2465.527,2495.315,0.07,52.13,16023.96,48.07187999999999,2024.08.02 13:00:00
2024.08.08 12:00:00,entry,2,1,done at 2412.298,1312,2412.298,2406.054,2418.542,0.08,49.95,15875.36,47.62608,2024.08.08 12:00:00
2024.08.12 04:00:00,entry,1,1,done at 2428.660,1314,2428.66,2411.804,2479.228,0.03,50.57,15824.94,47.47482,2024.08.12 04:00:00
2024.08.12 14:00:00,trail,1,1,closed H1 ratchet,1314,2428.66,2428.66,2479.228,0.0,0.0,0.0,0.0,2024.08.12 14:00:00
2024.08.12 14:00:00,entry,3,1,done at 2454.282,1315,2454.282,2449.39,2468.958,0.1,48.92,15901.3,47.7039,2024.08.12 14:00:00
2024.08.14 07:00:00,occupied,1,1,one position per engine,0,0.0,0.0,0.0,0.0,0.0,0.0,0.0,2024.08.14 07:00:00
2024.08.15 07:00:00,entry,1,1,done at 2456.134,1318,2456.134,2436.707,2514.415,0.03,58.28,15923.9,47.7717,2024.08.15 07:00:00
2024.08.15 16:00:00,entry,1,1,done at 2458.575,1320,2458.575,2438.974,2517.378,0.03,58.81,15865.44,47.59632,2024.08.15 16:00:00
2024.08.16 06:00:00,occupied,1,1,one position per engine,0,0.0,0.0,0.0,0.0,0.0,0.0,0.0,2024.08.16 06:00:00
2024.08.16 08:00:00,occupied,1,1,one position per engine,0,0.0,0.0,0.0,0.0,0.0,0.0,0.0,2024.08.16 08:00:00
2024.08.16 13:00:00,trail,1,1,closed H1 ratchet,1320,2458.575,2458.575,2517.378,0.0,0.0,0.0,0.0,2024.08.16 13:00:00
2024.08.16 13:00:00,entry,3,1,done at 2491.774,1321,2491.774,2486.353,2508.037,0.09,48.79,15962.95,47.888850000000005,2024.08.16 13:00:00
2024.08.16 14:00:00,entry,3,1,done at 2494.893,1323,2494.893,2488.87,2512.962,0.08,48.18,15922.92,47.76876,2024.08.16 14:00:00
2024.08.20 07:00:00,occupied,1,1,one position per engine,0,0.0,0.0,0.0,0.0,0.0,0.0,0.0,2024.08.20 07:00:00
2024.08.20 08:00:00,entry,3,1,done at 2515.051,1325,2515.051,2509.373,2532.085,0.09,51.1,15930.98,47.79294,2024.08.20 08:00:00
2024.08.20 12:00:00,trail,3,1,closed H1 ratchet,1325,2515.051,2515.051,2532.085,0.0,0.0,0.0,0.0,2024.08.20 12:00:00
2024.08.20 14:00:00,occupied,3,1,one position per engine,0,0.0,0.0,0.0,0.0,0.0,0.0,0.0,2024.08.20 14:00:00
2024.08.20 19:00:00,entry,1,1,done at 2513.474,1328,2513.474,2492.069,2577.689,0.03,64.21,15937.78,47.81334,2024.08.20 19:00:00
2024.08.21 01:00:00,occupied,1,1,one position per engine,0,0.0,0.0,0.0,0.0,0.0,0.0,0.0,2024.08.21 01:00:00
2024.08.21 19:00:00,occupied,1,1,one position per engine,0,0.0,0.0,0.0,0.0,0.0,0.0,0.0,2024.08.21 19:00:00
2024.08.23 15:00:00,entry,2,1,done at 2509.311,1330,2509.311,2504.215,2514.407,0.1,50.96,15866.91,47.60072999999999,2024.08.23 15:00:00
2024.08.26 17:00:00,entry,1,1,done at 2520.297,1332,2520.297,2505.429,2564.901,0.04,59.47,15917.32,47.75196,2024.08.26 17:00:00
2024.08.27 07:00:00,occupied,1,1,one position per engine,0,0.0,0.0,0.0,0.0,0.0,0.0,0.0,2024.08.27 07:00:00
2024.08.27 17:00:00,entry,1,1,done at 2514.617,1334,2514.617,2497.328,2566.484,0.03,51.87,15855.39,47.56616999999999,2024.08.27 17:00:00
2024.08.30 07:00:00,entry,1,1,done at 2517.879,1336,2517.879,2500.745,2569.281,0.03,51.4,15801.7,47.405100000000004,2024.08.30 07:00:00
2024.09.02 09:00:00,entry,1,1,done at 2506.351,1338,2506.351,2488.247,2560.663,0.03,54.31,15750.1,47.250299999999996,2024.09.02 09:00:00
2024.09.05 09:00:00,entry,3,1,done at 2514.853,1340,2514.853,2509.73,2530.222,0.1,51.23,15693.99,47.08197,2024.09.05 09:00:00
2024.09.10 10:00:00,entry,1,1,done at 2506.199,1342,2506.199,2493.568,2544.092,0.04,50.53,15642.12,46.92636,2024.09.10 10:00:00
2024.09.11 07:00:00,trail,1,1,closed H1 ratchet,1342,2506.199,2506.199,2544.092,0.0,0.0,0.0,0.0,2024.09.11 07:00:00
2024.09.12 04:00:00,entry,1,1,done at 2516.016,1344,2516.016,2499.75,2564.814,0.03,48.8,15639.75,46.919250000000005,2024.09.12 04:00:00
2024.09.12 12:00:00,occupied,1,1,one position per engine,0,0.0,0.0,0.0,0.0,0.0,0.0,0.0,2024.09.12 12:00:00
2024.09.12 14:00:00,trail,1,1,closed H1 ratchet,1344,2516.016,2516.016,2564.814,0.0,0.0,0.0,0.0,2024.09.12 14:00:00
2024.09.12 14:00:00,entry,3,1,done at 2545.495,1345,2545.495,2539.805,2562.565,0.09,51.21,15727.68,47.18304,2024.09.12 14:00:00
2024.09.12 15:00:00,occupied,3,1,one position per engine,0,0.0,0.0,0.0,0.0,0.0,0.0,0.0,2024.09.12 15:00:00
2024.09.12 18:00:00,trail,3,1,closed H1 ratchet,1345,2545.495,2545.495,2562.565,0.0,0.0,0.0,0.0,2024.09.12 18:00:00
2024.09.16 17:00:00,entry,1,1,done at 2583.736,1348,2583.736,2568.057,2630.773,0.04,62.71,15932.86,47.79858,2024.09.16 17:00:00
2024.09.16 20:00:00,occupied,1,1,one position per engine,0,0.0,0.0,0.0,0.0,0.0,0.0,0.0,2024.09.16 20:00:00
2024.09.17 07:00:00,occupied,1,1,one position per engine,0,0.0,0.0,0.0,0.0,0.0,0.0,0.0,2024.09.17 07:00:00
2024.09.18 11:00:00,entry,1,1,done at 2576.269,1350,2576.269,2560.473,2623.657,0.04,63.19,15867.77,47.60331,2024.09.18 11:00:00
2024.09.18 17:00:00,occupied,1,1,one position per engine,0,0.0,0.0,0.0,0.0,0.0,0.0,0.0,2024.09.18 17:00:00
2024.09.18 19:00:00,occupied,1,1,one position per engine,0,0.0,0.0,0.0,0.0,0.0,0.0,0.0,2024.09.18 19:00:00
2024.09.19 06:00:00,entry,1,1,done at 2574.686,1352,2574.686,2546.914,2658.002,0.02,55.54,15804.33,47.41299,2024.09.19 06:00:00
2024.09.19 15:00:00,occupied,1,1,one position per engine,0,0.0,0.0,0.0,0.0,0.0,0.0,0.0,2024.09.19 15:00:00
2024.09.20 07:00:00,entry,3,1,done at 2605.611,1353,2605.611,2599.496,2623.956,0.08,48.92,15864.78,47.59434,2024.09.20 07:00:00
2024.09.20 13:00:00,trail,3,1,closed H1 ratchet,1353,2605.611,2605.611,2623.956,0.0,0.0,0.0,0.0,2024.09.20 13:00:00
2024.09.20 16:00:00,trail,1,1,closed H1 ratchet,1352,2574.686,2574.686,2658.002,0.0,0.0,0.0,0.0,2024.09.20 16:00:00
2024.09.20 16:00:00,entry,3,1,done at 2622.897,1355,2622.897,2616.783,2641.239,0.08,48.92,15898.85,47.696549999999995,2024.09.20 16:00:00
2024.09.24 07:00:00,occupied,1,1,one position per engine,0,0.0,0.0,0.0,0.0,0.0,0.0,0.0,2024.09.24 07:00:00
2024.09.24 13:00:00,occupied,1,1,one position per engine,0,0.0,0.0,0.0,0.0,0.0,0.0,0.0,2024.09.24 13:00:00
2024.09.24 15:00:00,entry,3,1,done at 2643.782,1357,2643.782,2638.014,2661.086,0.09,51.91,15884.79,47.65437,2024.09.24 15:00:00
2024.09.24 17:00:00,trail,3,1,closed H1 ratchet,1357,2643.782,2643.782,2661.086,0.0,0.0,0.0,0.0,2024.09.24 17:00:00
2024.09.24 17:00:00,occupied,3,1,one position per engine,0,0.0,0.0,0.0,0.0,0.0,0.0,0.0,2024.09.24 17:00:00
2024.09.25 18:00:00,entry,1,1,done at 2660.777,1360,2660.777,2641.553,2718.449,0.03,57.67,16068.8,48.206399999999995,2024.09.25 18:00:00
2024.09.26 12:00:00,entry,3,1,done at 2682.933,1361,2682.933,2677.582,2698.986,0.1,53.51,16129.95,48.389849999999996,2024.09.26 12:00:00
2024.09.26 15:00:00,occupied,1,1,one position per engine,0,0.0,0.0,0.0,0.0,0.0,0.0,0.0,2024.09.26 15:00:00
2024.09.27 13:00:00,occupied,1,1,one position per engine,0,0.0,0.0,0.0,0.0,0.0,0.0,0.0,2024.09.27 13:00:00
2024.09.29 23:00:00,occupied,1,1,one position per engine,0,0.0,0.0,0.0,0.0,0.0,0.0,0.0,2024.09.29 23:00:00
2024.10.01 06:00:00,entry,1,1,done at 2643.148,1364,2643.148,2624.146,2700.154,0.03,57.0,15948.71,47.846129999999995,2024.10.01 06:00:00
2024.10.01 14:00:00,entry,2,1,done at 2668.654,1365,2668.654,2663.01,2674.298,0.09,50.8,16024.73,48.07419,2024.10.01 14:00:00
2024.10.02 19:00:00,occupied,1,1,one position per engine,0,0.0,0.0,0.0,0.0,0.0,0.0,0.0,2024.10.02 19:00:00
2024.10.03 17:00:00,occupied,1,1,one position per engine,0,0.0,0.0,0.0,0.0,0.0,0.0,0.0,2024.10.03 17:00:00
2024.10.08 02:00:00,occupied,1,1,one position per engine,0,0.0,0.0,0.0,0.0,0.0,0.0,0.0,2024.10.08 02:00:00
2024.10.14 20:00:00,entry,1,1,done at 2652.573,1368,2652.573,2634.497,2706.801,0.03,54.23,15828.95,47.486850000000004,2024.10.14 20:00:00
2024.10.15 03:00:00,occupied,1,1,one position per engine,0,0.0,0.0,0.0,0.0,0.0,0.0,0.0,2024.10.15 03:00:00
2024.10.15 08:00:00,occupied,1,1,one position per engine,0,0.0,0.0,0.0,0.0,0.0,0.0,0.0,2024.10.15 08:00:00
2024.10.15 15:00:00,occupied,1,1,one position per engine,0,0.0,0.0,0.0,0.0,0.0,0.0,0.0,2024.10.15 15:00:00
2024.10.16 10:00:00,trail,1,1,closed H1 ratchet,1368,2652.573,2652.573,2706.801,0.0,0.0,0.0,0.0,2024.10.16 10:00:00
2024.10.17 15:00:00,entry,3,1,done at 2695.738,1369,2695.738,2690.063,2712.763,0.09,51.07,15949.93,47.849790000000006,2024.10.17 15:00:00
2024.10.18 02:00:00,entry,3,1,done at 2704.665,1372,2704.665,2698.256,2723.892,0.08,51.27,15930.24,47.79072,2024.10.18 02:00:00
2024.10.18 15:00:00,trail,3,1,closed H1 ratchet,1372,2704.665,2704.665,2723.892,0.0,0.0,0.0,0.0,2024.10.18 15:00:00
2024.10.22 01:00:00,entry,1,1,done at 2725.001,1374,2725.001,2706.533,2780.405,0.03,55.4,16079.6,48.2388,2024.10.22 01:00:00
2024.10.23 08:00:00,trail,1,1,closed H1 ratchet,1374,2725.001,2725.001,2780.405,0.0,0.0,0.0,0.0,2024.10.23 08:00:00
2024.10.24 17:00:00,entry,1,1,done at 2733.676,1376,2733.676,2716.259,2785.927,0.03,52.25,16077.81,48.23343,2024.10.24 17:00:00
2024.10.25 13:00:00,occupied,1,1,one position per engine,0,0.0,0.0,0.0,0.0,0.0,0.0,0.0,2024.10.25 13:00:00
2024.10.25 15:00:00,occupied,1,1,one position per engine,0,0.0,0.0,0.0,0.0,0.0,0.0,0.0,2024.10.25 15:00:00
2024.10.28 00:00:00,occupied,1,1,one position per engine,0,0.0,0.0,0.0,0.0,0.0,0.0,0.0,2024.10.28 00:00:00
2024.10.28 06:00:00,occupied,1,1,one position per engine,0,0.0,0.0,0.0,0.0,0.0,0.0,0.0,2024.10.28 06:00:00
2024.10.28 13:00:00,occupied,1,1,one position per engine,0,0.0,0.0,0.0,0.0,0.0,0.0,0.0,2024.10.28 13:00:00
2024.10.29 14:00:00,trail,1,1,closed H1 ratchet,1376,2733.676,2733.676,2785.927,0.0,0.0,0.0,0.0,2024.10.29 14:00:00
2024.10.29 14:00:00,entry,3,1,done at 2760.947,1377,2760.947,2755.286,2777.93,0.09,50.95,16154.32,48.462959999999995,2024.10.29 14:00:00
2024.10.29 15:00:00,trail,3,1,closed H1 ratchet,1377,2760.947,2760.947,2777.93,0.0,0.0,0.0,0.0,2024.10.29 15:00:00
2024.11.18 03:00:00,entry,2,1,done at 2591.162,1380,2591.162,2582.632,2599.692,0.06,51.18,16227.53,48.68259,2024.11.18 03:00:00
2024.11.20 13:00:00,entry,1,1,done at 2631.887,1382,2631.887,2616.834,2677.046,0.04,60.21,16175.9,48.527699999999996,2024.11.20 13:00:00
2024.11.20 15:00:00,entry,3,1,done at 2643.263,1383,2643.263,2637.846,2659.514,0.09,48.76,16220.73,48.66219,2024.11.20 15:00:00
2024.11.20 18:00:00,trail,3,1,closed H1 ratchet,1383,2643.263,2643.263,2659.514,0.0,0.0,0.0,0.0,2024.11.20 18:00:00
2024.11.21 01:00:00,trail,1,1,closed H1 ratchet,1382,2631.887,2631.887,2677.046,0.0,0.0,0.0,0.0,2024.11.21 01:00:00
2024.11.22 10:00:00,entry,3,1,done at 2703.494,1386,2703.494,2696.37,2724.866,0.07,49.87,16479.2,49.4376,2024.11.22 10:00:00
2024.11.25 12:00:00,entry,1,1,done at 2686.941,1388,2686.941,2655.576,2781.036,0.02,62.73,16428.92,49.286759999999994,2024.11.25 12:00:00
2024.11.29 03:00:00,entry,2,1,done at 2657.620,1390,2657.62,2651.463,2663.777,0.08,49.26,16366.05,49.09815,2024.11.29 03:00:00
2024.12.05 06:00:00,entry,1,1,done at 2653.295,1392,2653.295,2634.931,2708.387,0.03,55.1,16415.02,49.24506,2024.12.05 06:00:00
2024.12.05 11:00:00,occupied,1,1,one position per engine,0,0.0,0.0,0.0,0.0,0.0,0.0,0.0,2024.12.05 11:00:00
2024.12.10 15:00:00,entry,3,1,done at 2689.053,1394,2689.053,2683.029,2707.125,0.09,54.22,16359.72,49.079159999999995,2024.12.10 15:00:00
2024.12.11 01:00:00,trail,3,1,closed H1 ratchet,1394,2689.053,2689.053,2707.125,0.0,0.0,0.0,0.0,2024.12.11 01:00:00
2024.12.12 04:00:00,entry,1,1,done at 2710.644,1396,2710.644,2687.371,2780.463,0.03,69.82,16354.07,49.06220999999999,2024.12.12 04:00:00
2024.12.26 16:00:00,entry,3,1,done at 2636.663,1398,2636.663,2632.097,2650.361,0.11,50.22,16283.86,48.851580000000006,2024.12.26 16:00:00
2025.01.02 11:00:00,entry,3,1,done at 2642.837,1400,2642.837,2637.369,2659.241,0.09,49.21,16232.9,48.6987,2025.01.02 11:00:00
2025.01.02 15:00:00,entry,3,1,done at 2647.627,1402,2647.627,2642.029,2664.421,0.09,50.38,16182.97,48.54891,2025.01.02 15:00:00
2025.01.02 17:00:00,trail,3,1,closed H1 ratchet,1402,2647.627,2647.627,2664.421,0.0,0.0,0.0,0.0,2025.01.02 17:00:00
2025.01.06 12:00:00,entry,1,1,done at 2645.700,1404,2645.7,2628.226,2698.122,0.03,52.42,16328.83,48.986489999999996,2025.01.06 12:00:00
2025.01.06 17:00:00,entry,1,1,done at 2640.863,1406,2640.863,2616.326,2714.474,0.02,49.08,16276.18,48.828540000000004,2025.01.06 17:00:00
2025.01.07 02:00:00,occupied,1,1,one position per engine,0,0.0,0.0,0.0,0.0,0.0,0.0,0.0,2025.01.07 02:00:00
2025.01.08 06:00:00,occupied,1,1,one position per engine,0,0.0,0.0,0.0,0.0,0.0,0.0,0.0,2025.01.08 06:00:00
2025.01.08 20:00:00,occupied,1,1,one position per engine,0,0.0,0.0,0.0,0.0,0.0,0.0,0.0,2025.01.08 20:00:00
2025.01.10 07:00:00,trail,1,1,closed H1 ratchet,1406,2640.863,2640.863,2714.474,0.0,0.0,0.0,0.0,2025.01.10 07:00:00
2025.01.10 15:00:00,entry,3,1,done at 2687.991,1407,2687.991,2682.942,2703.138,0.1,50.49,16363.68,49.09104,2025.01.10 15:00:00
2025.01.13 09:00:00,occupied,1,1,one position per engine,0,0.0,0.0,0.0,0.0,0.0,0.0,0.0,2025.01.13 09:00:00
2025.01.14 05:00:00,occupied,1,1,one position per engine,0,0.0,0.0,0.0,0.0,0.0,0.0,0.0,2025.01.14 05:00:00
2025.01.14 16:00:00,occupied,1,1,one position per engine,0,0.0,0.0,0.0,0.0,0.0,0.0,0.0,2025.01.14 16:00:00
2025.01.14 19:00:00,occupied,1,1,one position per engine,0,0.0,0.0,0.0,0.0,0.0,0.0,0.0,2025.01.14 19:00:00
2025.01.15 14:00:00,entry,3,1,done at 2693.972,1409,2693.972,2689.376,2707.76,0.11,50.55,16321.13,48.96339,2025.01.15 14:00:00
2025.01.15 17:00:00,occupied,1,1,one position per engine,0,0.0,0.0,0.0,0.0,0.0,0.0,0.0,2025.01.15 17:00:00
2025.01.16 14:00:00,entry,3,1,done at 2715.550,1412,2715.55,2710.285,2731.345,0.1,52.65,16307.91,48.92373,2025.01.16 14:00:00
2025.01.17 13:00:00,entry,1,1,done at 2711.224,1414,2711.224,2698.524,2749.324,0.04,50.8,16249.36,48.74808,2025.01.17 13:00:00
2025.01.20 05:00:00,entry,1,1,done at 2706.043,1416,2706.043,2688.974,2757.25,0.03,51.21,16196.16,48.58848,2025.01.20 05:00:00
2025.01.20 09:00:00,occupied,1,1,one position per engine,0,0.0,0.0,0.0,0.0,0.0,0.0,0.0,2025.01.20 09:00:00
2025.01.20 15:00:00,occupied,1,1,one position per engine,0,0.0,0.0,0.0,0.0,0.0,0.0,0.0,2025.01.20 15:00:00
2025.01.21 15:00:00,trail,1,1,closed H1 ratchet,1416,2706.043,2706.043,2757.25,0.0,0.0,0.0,0.0,2025.01.21 15:00:00
2025.01.21 15:00:00,entry,3,1,done at 2738.248,1417,2738.248,2731.237,2759.281,0.07,49.08,16290.67,48.87201,2025.01.21 15:00:00
2025.01.22 03:00:00,trail,3,1,closed H1 ratchet,1417,2738.248,2738.248,2759.281,0.0,0.0,0.0,0.0,2025.01.22 03:00:00
2025.01.23 17:00:00,entry,1,1,done at 2754.016,1420,2754.016,2737.219,2804.407,0.03,50.39,16489.69,49.469069999999995,2025.01.23 17:00:00
2025.01.24 03:00:00,entry,3,1,done at 2774.279,1421,2774.279,2767.796,2793.728,0.08,51.86,16548.37,49.645109999999995,2025.01.24 03:00:00
2025.01.24 14:00:00,trail,1,1,closed H1 ratchet,1420,2754.016,2754.016,2804.407,0.0,0.0,0.0,0.0,2025.01.24 14:00:00
2025.01.31 21:00:00,error,1,1,market closed,0,2800.97,2781.819,2858.423,0.03,57.452999999999996,16412.73,49.238189999999996,2025.01.31 21:00:00
2025.02.03 09:00:00,entry,1,1,done at 2796.820,1424,2796.82,2770.45,2875.93,0.02,52.74,16412.73,49.238189999999996,2025.02.03 09:00:00
2025.02.03 15:00:00,entry,3,1,done at 2830.295,1425,2830.295,2821.205,2857.565,0.06,54.54,16479.35,49.43805,2025.02.03 15:00:00
2025.02.04 14:00:00,entry,3,1,done at 2831.833,1427,2831.833,2825.113,2851.993,0.08,53.76,16426.43,49.27929,2025.02.04 14:00:00
2025.02.04 15:00:00,trail,1,1,closed H1 ratchet,1424,2796.82,2796.82,2875.93,0.0,0.0,0.0,0.0,2025.02.04 15:00:00
2025.02.04 18:00:00,trail,3,1,closed H1 ratchet,1427,2831.833,2831.833,2851.993,0.0,0.0,0.0,0.0,2025.02.04 18:00:00
2025.02.06 12:00:00,entry,1,1,done at 2866.138,1430,2866.138,2843.752,2933.296,0.03,67.15,16670.39,50.01116999999999,2025.02.06 12:00:00
2025.02.07 00:00:00,entry,1,1,done at 2858.126,1432,2858.126,2836.208,2923.88,0.03,65.76,16603.05,49.80915,2025.02.07 00:00:00
2025.02.10 00:00:00,occupied,1,1,one position per engine,0,0.0,0.0,0.0,0.0,0.0,0.0,0.0,2025.02.10 00:00:00
2025.02.10 08:00:00,trail,1,1,closed H1 ratchet,1432,2858.126,2858.126,2923.88,0.0,0.0,0.0,0.0,2025.02.10 08:00:00
2025.02.11 02:00:00,entry,3,1,done at 2934.072,1434,2934.072,2925.606,2959.47,0.06,50.79,16796.96,50.390879999999996,2025.02.11 02:00:00
2025.02.17 15:00:00,entry,1,1,done at 2903.091,1436,2903.091,2879.834,2972.862,0.03,69.77,16745.77,50.23731,2025.02.17 15:00:00
2025.02.18 03:00:00,occupied,1,1,one position per engine,0,0.0,0.0,0.0,0.0,0.0,0.0,0.0,2025.02.18 03:00:00
2025.02.19 02:00:00,trail,1,1,closed H1 ratchet,1436,2903.091,2903.091,2972.862,0.0,0.0,0.0,0.0,2025.02.19 02:00:00
2025.02.19 02:00:00,entry,3,1,done at 2938.629,1437,2938.629,2932.585,2956.761,0.09,54.39,16848.68,50.546040000000005,2025.02.19 02:00:00
2025.02.21 00:00:00,occupied,1,1,one position per engine,0,0.0,0.0,0.0,0.0,0.0,0.0,0.0,2025.02.21 00:00:00
2025.02.21 17:00:00,occupied,1,1,one position per engine,0,0.0,0.0,0.0,0.0,0.0,0.0,0.0,2025.02.21 17:00:00
2025.02.21 21:00:00,occupied,1,1,one position per engine,0,0.0,0.0,0.0,0.0,0.0,0.0,0.0,2025.02.21 21:00:00
2025.03.04 09:00:00,entry,3,1,done at 2914.177,1440,2914.177,2905.534,2940.106,0.06,51.86,16677.88,50.033640000000005,2025.03.04 09:00:00
2025.03.06 15:00:00,entry,1,1,done at 2915.283,1442,2915.283,2892.485,2983.677,0.03,68.39,16625.65,49.87695000000001,2025.03.06 15:00:00
2025.03.07 07:00:00,occupied,1,1,one position per engine,0,0.0,0.0,0.0,0.0,0.0,0.0,0.0,2025.03.07 07:00:00
2025.03.10 00:00:00,occupied,1,1,one position per engine,0,0.0,0.0,0.0,0.0,0.0,0.0,0.0,2025.03.10 00:00:00
2025.03.13 14:00:00,entry,3,1,done at 2950.453,1444,2950.453,2944.617,2967.961,0.09,52.53,16553.86,49.66158,2025.03.13 14:00:00
2025.03.13 15:00:00,entry,3,1,done at 2970.022,1446,2970.022,2963.353,2990.029,0.08,53.36,16711.05,50.13314999999999,2025.03.13 15:00:00
2025.03.13 17:00:00,trail,3,1,closed H1 ratchet,1446,2970.022,2970.022,2990.029,0.0,0.0,0.0,0.0,2025.03.13 17:00:00
2025.03.17 07:00:00,entry,1,1,done at 2989.928,1448,2989.928,2970.116,3049.364,0.03,59.43,16866.38,50.59914,2025.03.17 07:00:00
2025.03.17 15:00:00,occupied,1,1,one position per engine,0,0.0,0.0,0.0,0.0,0.0,0.0,0.0,2025.03.17 15:00:00
2025.03.18 09:00:00,trail,1,1,closed H1 ratchet,1448,2989.928,2989.928,3049.364,0.0,0.0,0.0,0.0,2025.03.18 09:00:00
2025.03.19 11:00:00,occupied,1,1,one position per engine,0,0.0,0.0,0.0,0.0,0.0,0.0,0.0,2025.03.19 11:00:00
2025.03.19 17:00:00,occupied,1,1,one position per engine,0,0.0,0.0,0.0,0.0,0.0,0.0,0.0,2025.03.19 17:00:00
2025.03.19 19:00:00,occupied,1,1,one position per engine,0,0.0,0.0,0.0,0.0,0.0,0.0,0.0,2025.03.19 19:00:00
2025.03.19 19:00:00,entry,3,1,done at 3046.944,1449,3046.944,3039.407,3069.555,0.07,52.76,17033.73,51.101189999999995,2025.03.19 19:00:00
2025.03.24 07:00:00,entry,1,1,done at 3025.139,1452,3025.139,3001.234,3096.854,0.03,71.72,16976.9,50.93070000000001,2025.03.24 07:00:00
2025.03.24 09:00:00,occupied,1,1,one position per engine,0,0.0,0.0,0.0,0.0,0.0,0.0,0.0,2025.03.24 09:00:00
2025.03.25 09:00:00,occupied,1,1,one position per engine,0,0.0,0.0,0.0,0.0,0.0,0.0,0.0,2025.03.25 09:00:00
2025.03.26 02:00:00,occupied,1,1,one position per engine,0,0.0,0.0,0.0,0.0,0.0,0.0,0.0,2025.03.26 02:00:00
2025.03.27 00:00:00,occupied,1,1,one position per engine,0,0.0,0.0,0.0,0.0,0.0,0.0,0.0,2025.03.27 00:00:00
2025.03.27 11:00:00,entry,3,1,done at 3051.601,1453,3051.601,3045.686,3069.346,0.09,53.24,17047.77,51.14331,2025.03.27 11:00:00
2025.03.27 15:00:00,entry,3,1,done at 3057.804,1455,3057.804,3050.309,3080.289,0.07,52.47,17012.44,51.037319999999994,2025.03.27 15:00:00
2025.03.28 01:00:00,trail,1,1,closed H1 ratchet,1452,3025.139,3025.139,3096.854,0.0,0.0,0.0,0.0,2025.03.28 01:00:00
2025.04.02 01:00:00,entry,1,1,done at 3123.019,1458,3123.019,3094.342,3209.05,0.02,57.36,17073.89,51.221669999999996,2025.04.02 01:00:00
2025.04.02 15:00:00,occupied,1,1,one position per engine,0,0.0,0.0,0.0,0.0,0.0,0.0,0.0,2025.04.02 15:00:00
2025.04.02 20:00:00,occupied,1,1,one position per engine,0,0.0,0.0,0.0,0.0,0.0,0.0,0.0,2025.04.02 20:00:00
2025.04.04 11:00:00,entry,1,1,done at 3110.365,1460,3110.365,3067.501,3238.957,0.02,85.73,17013.2,51.0396,2025.04.04 11:00:00
2025.04.09 08:00:00,entry,2,1,done at 3041.186,1462,3041.186,3026.003,3056.369,0.04,60.73,16927.34,50.78202,2025.04.09 08:00:00
2025.04.09 12:00:00,entry,3,1,done at 3066.767,1464,3066.767,3051.357,3112.997,0.04,61.64,16987.9,50.963699999999996,2025.04.09 12:00:00
2025.04.10 15:00:00,entry,3,1,done at 3154.757,1466,3154.757,3136.434,3209.726,0.03,54.97,16925.98,50.77794,2025.04.10 15:00:00
2025.04.10 23:00:00,trail,3,1,closed H1 ratchet,1466,3154.757,3154.757,3209.726,0.0,0.0,0.0,0.0,2025.04.10 23:00:00
2025.04.11 01:00:00,entry,3,1,done at 3205.686,1468,3205.686,3190.019,3252.688,0.04,62.66,17089.16,51.26748,2025.04.11 01:00:00
2025.04.15 02:00:00,entry,1,1,done at 3223.840,1470,3223.84,3188.353,3330.301,0.02,70.97,17026.22,51.07866,2025.04.15 02:00:00
2025.04.16 02:00:00,entry,3,1,done at 3270.364,1471,3270.364,3260.494,3299.974,0.06,59.22,17117.86,51.35358,2025.04.16 02:00:00
2025.04.16 04:00:00,trail,1,1,closed H1 ratchet,1470,3223.84,3223.84,3330.301,0.0,0.0,0.0,0.0,2025.04.16 04:00:00
2025.04.16 06:00:00,trail,3,1,closed H1 ratchet,1471,3270.364,3270.364,3299.974,0.0,0.0,0.0,0.0,2025.04.16 06:00:00
2025.04.16 09:00:00,entry,3,1,done at 3307.240,1473,3307.24,3295.332,3342.964,0.05,59.54,17369.2,52.107600000000005,2025.04.16 09:00:00
2025.04.17 11:00:00,entry,1,1,done at 3327.847,1476,3327.847,3289.136,3443.98,0.02,77.42,17355.72,52.06716,2025.04.17 11:00:00
2025.04.17 18:00:00,entry,1,1,done at 3319.180,1478,3319.18,3274.098,3454.426,0.02,90.16,17278.17,51.834509999999995,2025.04.17 18:00:00
2025.04.21 07:00:00,trail,1,1,closed H1 ratchet,1478,3319.18,3319.18,3454.426,0.0,0.0,0.0,0.0,2025.04.21 07:00:00
2025.04.22 02:00:00,entry,3,1,done at 3453.117,1480,3453.117,3438.112,3498.132,0.04,60.02,17545.36,52.63608,2025.04.22 02:00:00
2025.04.22 03:00:00,occupied,3,1,one position per engine,0,0.0,0.0,0.0,0.0,0.0,0.0,0.0,2025.04.22 03:00:00
2025.04.22 04:00:00,trail,3,1,closed H1 ratchet,1480,3453.117,3453.117,3498.132,0.0,0.0,0.0,0.0,2025.04.22 04:00:00
2025.04.28 01:00:00,entry,1,1,done at 3314.276,1482,3314.276,3264.285,3464.249,0.02,99.98,17725.29,53.17587,2025.04.28 01:00:00
2025.04.29 17:00:00,occupied,1,1,one position per engine,0,0.0,0.0,0.0,0.0,0.0,0.0,0.0,2025.04.29 17:00:00
2025.04.29 19:00:00,occupied,1,1,one position per engine,0,0.0,0.0,0.0,0.0,0.0,0.0,0.0,2025.04.29 19:00:00
2025.05.06 02:00:00,entry,3,1,done at 3379.737,1484,3379.737,3366.468,3419.544,0.04,53.08,17619.83,52.85949000000001,2025.05.06 02:00:00
2025.05.07 00:00:00,entry,1,1,done at 3400.901,1486,3400.901,3353.451,3543.251,0.02,94.9,17566.44,52.69932,2025.05.07 00:00:00
2025.05.07 03:00:00,occupied,1,1,one position per engine,0,0.0,0.0,0.0,0.0,0.0,0.0,0.0,2025.05.07 03:00:00
2025.05.07 06:00:00,occupied,1,1,one position per engine,0,0.0,0.0,0.0,0.0,0.0,0.0,0.0,2025.05.07 06:00:00
2025.05.08 02:00:00,occupied,1,1,one position per engine,0,0.0,0.0,0.0,0.0,0.0,0.0,0.0,2025.05.08 02:00:00
2025.05.09 12:00:00,entry,1,1,done at 3333.202,1488,3333.202,3283.684,3481.756,0.02,99.03,17468.12,52.40436,2025.05.09 12:00:00
2025.05.15 20:00:00,entry,2,1,done at 3232.037,1490,3232.037,3216.503,3247.571,0.04,62.14,17365.06,52.09518,2025.05.15 20:00:00
2025.05.20 14:00:00,entry,3,1,done at 3261.369,1492,3261.369,3250.348,3294.432,0.05,55.11,17427.05,52.28115,2025.05.20 14:00:00
2025.05.20 15:00:00,trail,3,1,closed H1 ratchet,1492,3261.369,3261.369,3294.432,0.0,0.0,0.0,0.0,2025.05.20 15:00:00
2025.05.20 15:00:00,occupied,3,1,one position per engine,0,0.0,0.0,0.0,0.0,0.0,0.0,0.0,2025.05.20 15:00:00
2025.05.22 02:00:00,entry,3,1,done at 3338.230,1494,3338.23,3326.865,3372.325,0.05,56.82,17592.09,52.77627,2025.05.22 02:00:00
2025.05.23 02:00:00,entry,1,1,done at 3305.373,1496,3305.373,3262.508,3433.968,0.02,85.73,17534.97,52.60491,2025.05.23 02:00:00
2025.05.23 05:00:00,occupied,1,1,one position per engine,0,0.0,0.0,0.0,0.0,0.0,0.0,0.0,2025.05.23 05:00:00
2025.05.23 12:00:00,entry,3,1,done at 3348.154,1497,3348.154,3337.109,3381.289,0.05,55.22,17620.19,52.860569999999996,2025.05.23 12:00:00
2025.05.26 17:00:00,occupied,1,1,one position per engine,0,0.0,0.0,0.0,0.0,0.0,0.0,0.0,2025.05.26 17:00:00
2025.05.30 13:00:00,entry,1,1,done at 3304.121,1500,3304.121,3273.694,3395.402,0.02,60.85,17390.31,52.17093,2025.05.30 13:00:00
2025.06.02 14:00:00,entry,3,1,done at 3371.083,1502,3371.083,3360.025,3404.257,0.05,55.29,17329.29,51.98787,2025.06.02 14:00:00
2025.06.02 23:00:00,trail,3,1,closed H1 ratchet,1502,3371.083,3371.083,3404.257,0.0,0.0,0.0,0.0,2025.06.02 23:00:00
2025.06.03 23:00:00,entry,1,1,done at 3357.244,1504,3357.244,3329.834,3439.474,0.02,54.82,17326.3,51.978899999999996,2025.06.03 23:00:00
2025.06.04 02:00:00,occupied,1,1,one position per engine,0,0.0,0.0,0.0,0.0,0.0,0.0,0.0,2025.06.04 02:00:00
2025.06.04 15:00:00,occupied,1,1,one position per engine,0,0.0,0.0,0.0,0.0,0.0,0.0,0.0,2025.06.04 15:00:00
2025.06.05 08:00:00,occupied,1,1,one position per engine,0,0.0,0.0,0.0,0.0,0.0,0.0,0.0,2025.06.05 08:00:00
2025.06.05 11:00:00,trail,1,1,closed H1 ratchet,1504,3357.244,3357.244,3439.474,0.0,0.0,0.0,0.0,2025.06.05 11:00:00
2025.06.06 04:00:00,entry,1,1,done at 3369.824,1506,3369.824,3332.965,3480.401,0.02,73.72,17321.9,51.965700000000005,2025.06.06 04:00:00
2025.06.06 09:00:00,occupied,1,1,one position per engine,0,0.0,0.0,0.0,0.0,0.0,0.0,0.0,2025.06.06 09:00:00
2025.06.13 01:00:00,entry,3,1,done at 3416.390,1508,3416.39,3403.336,3455.552,0.04,52.22,17248.03,51.74409,2025.06.13 01:00:00
2025.06.13 03:00:00,trail,3,1,closed H1 ratchet,1508,3416.39,3416.39,3455.552,0.0,0.0,0.0,0.0,2025.06.13 03:00:00
2025.07.02 10:00:00,entry,1,1,done at 3341.936,1510,3341.936,3319.837,3408.233,0.03,66.3,17247.77,51.74331,2025.07.02 10:00:00
2025.07.02 15:00:00,occupied,1,1,one position per engine,0,0.0,0.0,0.0,0.0,0.0,0.0,0.0,2025.07.02 15:00:00
2025.07.03 03:00:00,occupied,1,1,one position per engine,0,0.0,0.0,0.0,0.0,0.0,0.0,0.0,2025.07.03 03:00:00
2025.07.04 04:00:00,entry,1,1,done at 3338.557,1512,3338.557,3309.7,3425.128,0.02,57.71,17176.44,51.52932,2025.07.04 04:00:00
2025.07.15 03:00:00,entry,1,1,done at 3351.119,1514,3351.119,3328.746,3418.238,0.03,67.12,17117.52,51.352560000000004,2025.07.15 03:00:00
2025.07.18 07:00:00,entry,1,1,done at 3342.254,1516,3342.254,3321.536,3404.408,0.03,62.15,17050.2,51.150600000000004,2025.07.18 07:00:00
2025.07.21 06:00:00,entry,3,1,done at 3366.939,1517,3366.939,3360.797,3385.365,0.09,55.28,17121.98,51.36594,2025.07.21 06:00:00
2025.07.21 12:00:00,trail,1,1,closed H1 ratchet,1516,3342.254,3342.254,3404.408,0.0,0.0,0.0,0.0,2025.07.21 12:00:00
2025.07.21 13:00:00,entry,3,1,done at 3387.511,1519,3387.511,3381.232,3406.348,0.09,56.51,17349.07,52.04720999999999,2025.07.21 13:00:00
2025.07.21 15:00:00,trail,3,1,closed H1 ratchet,1519,3387.511,3387.511,3406.348,0.0,0.0,0.0,0.0,2025.07.21 15:00:00
2025.07.21 15:00:00,occupied,3,1,one position per engine,0,0.0,0.0,0.0,0.0,0.0,0.0,0.0,2025.07.21 15:00:00
2025.07.22 13:00:00,entry,3,1,done at 3407.758,1522,3407.758,3401.891,3425.359,0.09,52.8,17393.4,52.180200000000006,2025.07.22 13:00:00
2025.07.22 14:00:00,occupied,3,1,one position per engine,0,0.0,0.0,0.0,0.0,0.0,0.0,0.0,2025.07.22 14:00:00
2025.07.22 15:00:00,entry,3,1,done at 3426.620,1524,3426.62,3419.41,3448.25,0.08,57.68,17551.57,52.654709999999994,2025.07.22 15:00:00
2025.08.01 13:00:00,entry,2,1,done at 3341.432,1526,3341.432,3332.505,3350.359,0.06,53.56,17489.01,52.467029999999994,2025.08.01 13:00:00
2025.08.01 13:00:00,entry,3,1,done at 3341.432,1527,3341.432,3332.505,3368.213,0.06,53.56,17487.66,52.462979999999995,2025.08.01 13:00:00
2025.08.01 20:00:00,trail,3,1,closed H1 ratchet,1527,3341.432,3341.432,3368.213,0.0,0.0,0.0,0.0,2025.08.01 20:00:00
2025.08.04 14:00:00,entry,3,1,done at 3383.538,1530,3383.538,3375.331,3408.159,0.07,57.45,17699.63,53.098890000000004,2025.08.04 14:00:00
2025.08.06 14:00:00,entry,1,1,done at 3371.909,1532,3371.909,3354.232,3424.94,0.03,53.03,17641.67,52.92500999999999,2025.08.06 14:00:00
2025.08.07 20:00:00,trail,1,1,closed H1 ratchet,1532,3371.909,3371.909,3424.94,0.0,0.0,0.0,0.0,2025.08.07 20:00:00
2025.08.08 13:00:00,occupied,1,1,one position per engine,0,0.0,0.0,0.0,0.0,0.0,0.0,0.0,2025.08.08 13:00:00
2025.08.20 14:00:00,entry,2,1,done at 3345.061,1534,3345.061,3339.926,3350.196,0.11,56.48,17633.49,52.900470000000006,2025.08.20 14:00:00
2025.08.22 15:00:00,entry,2,1,done at 3373.963,1536,3373.963,3367.255,3380.671,0.08,53.66,17689.47,53.06841,2025.08.22 15:00:00
2025.08.22 15:00:00,entry,3,1,done at 3373.963,1537,3373.963,3367.255,3394.087,0.08,53.66,17688.74,53.06622,2025.08.22 15:00:00
2025.08.26 01:00:00,entry,3,1,done at 3383.415,1540,3383.415,3376.896,3402.972,0.09,58.68,17572.71,52.718129999999995,2025.08.26 01:00:00
2025.08.27 15:00:00,entry,1,1,done at 3386.515,1542,3386.515,3368.707,3439.939,0.03,53.43,17513.35,52.540049999999994,2025.08.27 15:00:00
2025.08.28 07:00:00,occupied,1,1,one position per engine,0,0.0,0.0,0.0,0.0,0.0,0.0,0.0,2025.08.28 07:00:00
2025.08.28 12:00:00,entry,3,1,done at 3404.252,1543,3404.252,3398.891,3420.335,0.1,53.61,17561.47,52.68441,2025.08.28 12:00:00
2025.08.28 17:00:00,trail,1,1,closed H1 ratchet,1542,3386.515,3386.515,3439.939,0.0,0.0,0.0,0.0,2025.08.28 17:00:00
2025.08.29 14:00:00,entry,3,1,done at 3428.840,1545,3428.84,3423.496,3444.872,0.1,53.44,17579.37,52.73811,2025.08.29 14:00:00
2025.08.29 15:00:00,trail,3,1,closed H1 ratchet,1545,3428.84,3428.84,3444.872,0.0,0.0,0.0,0.0,2025.08.29 15:00:00
2025.08.29 15:00:00,occupied,3,1,one position per engine,0,0.0,0.0,0.0,0.0,0.0,0.0,0.0,2025.08.29 15:00:00
2025.09.01 02:00:00,entry,3,1,done at 3457.389,1548,3457.389,3449.1,3482.256,0.07,58.02,17772.67,53.318009999999994,2025.09.01 02:00:00
2025.09.01 03:00:00,entry,3,1,done at 3483.709,1550,3483.709,3474.133,3512.437,0.06,57.45,17946.52,53.83956,2025.09.01 03:00:00
2025.09.02 02:00:00,entry,3,1,done at 3497.954,1552,3497.954,3489.137,3524.405,0.07,61.72,17888.64,53.66592,2025.09.02 02:00:00
2025.09.02 11:00:00,entry,1,1,done at 3485.834,1554,3485.834,3460.325,3562.361,0.03,76.52,17826.48,53.47944,2025.09.02 11:00:00
2025.09.02 15:00:00,entry,3,1,done at 3511.197,1555,3511.197,3500.483,3543.339,0.06,64.28,17902.29,53.70687,2025.09.02 15:00:00
2025.09.02 17:00:00,trail,3,1,closed H1 ratchet,1555,3511.197,3511.197,3543.339,0.0,0.0,0.0,0.0,2025.09.02 17:00:00
2025.09.02 17:00:00,trail,1,1,closed H1 ratchet,1554,3485.834,3485.834,3562.361,0.0,0.0,0.0,0.0,2025.09.02 17:00:00
2025.09.04 12:00:00,entry,1,1,done at 3545.536,1558,3545.536,3512.103,3645.835,0.02,66.86,18243.67,54.73101,2025.09.04 12:00:00
2025.09.04 19:00:00,occupied,1,1,one position per engine,0,0.0,0.0,0.0,0.0,0.0,0.0,0.0,2025.09.04 19:00:00
2025.09.05 00:00:00,occupied,1,1,one position per engine,0,0.0,0.0,0.0,0.0,0.0,0.0,0.0,2025.09.05 00:00:00
2025.09.05 13:00:00,entry,3,1,done at 3580.334,1559,3580.334,3571.422,3607.07,0.07,62.39,18312.01,54.93602999999999,2025.09.05 13:00:00
2025.09.05 14:00:00,trail,3,1,closed H1 ratchet,1559,3580.334,3580.334,3607.07,0.0,0.0,0.0,0.0,2025.09.05 14:00:00
2025.09.05 14:00:00,occupied,3,1,one position per engine,0,0.0,0.0,0.0,0.0,0.0,0.0,0.0,2025.09.05 14:00:00
2025.09.05 18:00:00,trail,1,1,closed H1 ratchet,1558,3545.536,3545.536,3645.835,0.0,0.0,0.0,0.0,2025.09.05 18:00:00
2025.09.09 14:00:00,entry,3,1,done at 3666.142,1562,3666.142,3656.667,3694.567,0.06,56.85,18441.6,55.324799999999996,2025.09.09 14:00:00
2025.09.10 05:00:00,entry,1,1,done at 3643.046,1564,3643.046,3609.495,3743.699,0.02,67.1,18384.38,55.15314,2025.09.10 05:00:00
2025.09.11 00:00:00,occupied,1,1,one position per engine,0,0.0,0.0,0.0,0.0,0.0,0.0,0.0,2025.09.11 00:00:00
2025.09.15 14:00:00,entry,3,1,done at 3657.264,1565,3657.264,3649.771,3679.743,0.08,59.94,18407.28,55.22183999999999,2025.09.15 14:00:00
2025.09.15 16:00:00,entry,3,1,done at 3680.614,1567,3680.614,3671.946,3706.618,0.07,60.68,18633.37,55.90011,2025.09.15 16:00:00
2025.09.16 07:00:00,trail,1,1,closed H1 ratchet,1564,3643.046,3643.046,3743.699,0.0,0.0,0.0,0.0,2025.09.16 07:00:00
2025.09.16 09:00:00,trail,3,1,closed H1 ratchet,1567,3680.614,3680.614,3706.618,0.0,0.0,0.0,0.0,2025.09.16 09:00:00
2025.09.19 04:00:00,entry,1,1,done at 3653.777,1570,3653.777,3623.405,3744.893,0.02,60.74,18548.67,55.64601,2025.09.19 04:00:00
2025.09.19 14:00:00,occupied,1,1,one position per engine,0,0.0,0.0,0.0,0.0,0.0,0.0,0.0,2025.09.19 14:00:00
2025.09.22 07:00:00,trail,1,1,closed H1 ratchet,1570,3653.777,3653.777,3744.893,0.0,0.0,0.0,0.0,2025.09.22 07:00:00
2025.09.22 07:00:00,entry,3,1,done at 3714.451,1571,3714.451,3705.183,3742.255,0.07,64.88,18668.77,56.006310000000006,2025.09.22 07:00:00
2025.09.22 16:00:00,trail,3,1,closed H1 ratchet,1571,3714.451,3714.451,3742.255,0.0,0.0,0.0,0.0,2025.09.22 16:00:00
2025.09.23 09:00:00,entry,3,1,done at 3774.398,1574,3774.398,3764.475,3804.167,0.06,59.54,18924.18,56.77254,2025.09.23 09:00:00
2025.09.25 08:00:00,entry,1,1,done at 3752.291,1576,3752.291,3719.31,3851.234,0.02,65.96,18864.31,56.59293,2025.09.25 08:00:00
2025.09.25 19:00:00,occupied,1,1,one position per engine,0,0.0,0.0,0.0,0.0,0.0,0.0,0.0,2025.09.25 19:00:00
2025.09.26 04:00:00,occupied,1,1,one position per engine,0,0.0,0.0,0.0,0.0,0.0,0.0,0.0,2025.09.26 04:00:00
2025.09.26 08:00:00,occupied,1,1,one position per engine,0,0.0,0.0,0.0,0.0,0.0,0.0,0.0,2025.09.26 08:00:00
2025.09.26 12:00:00,occupied,1,1,one position per engine,0,0.0,0.0,0.0,0.0,0.0,0.0,0.0,2025.09.26 12:00:00
2025.09.29 01:00:00,entry,3,1,done at 3787.163,1577,3787.163,3776.322,3819.686,0.06,65.05,18931.73,56.79518999999999,2025.09.29 01:00:00
2025.09.29 05:00:00,trail,1,1,closed H1 ratchet,1576,3752.291,3752.291,3851.234,0.0,0.0,0.0,0.0,2025.09.29 05:00:00
2025.09.30 15:00:00,entry,1,1,done at 3854.147,1580,3854.147,3809.067,3989.387,0.02,90.16,18993.52,56.98056,2025.09.30 15:00:00
2025.10.02 03:00:00,occupied,1,1,one position per engine,0,0.0,0.0,0.0,0.0,0.0,0.0,0.0,2025.10.02 03:00:00
2025.10.02 06:00:00,occupied,1,1,one position per engine,0,0.0,0.0,0.0,0.0,0.0,0.0,0.0,2025.10.02 06:00:00
2025.10.02 08:00:00,occupied,1,1,one position per engine,0,0.0,0.0,0.0,0.0,0.0,0.0,0.0,2025.10.02 08:00:00
2025.10.03 00:00:00,occupied,1,1,one position per engine,0,0.0,0.0,0.0,0.0,0.0,0.0,0.0,2025.10.03 00:00:00
2025.10.03 07:00:00,occupied,1,1,one position per engine,0,0.0,0.0,0.0,0.0,0.0,0.0,0.0,2025.10.03 07:00:00
2025.10.06 04:00:00,trail,1,1,closed H1 ratchet,1580,3854.147,3854.147,3989.387,0.0,0.0,0.0,0.0,2025.10.06 04:00:00
2025.10.09 05:00:00,entry,1,1,done at 4039.154,1582,4039.154,3989.726,4187.438,0.02,98.86,19256.41,57.76923,2025.10.09 05:00:00
2025.10.09 08:00:00,occupied,1,1,one position per engine,0,0.0,0.0,0.0,0.0,0.0,0.0,0.0,2025.10.09 08:00:00
2025.10.14 02:00:00,entry,3,1,done at 4137.413,1584,4137.413,4123.34,4179.632,0.05,70.37,19157.43,57.47229,2025.10.14 02:00:00
2025.10.14 04:00:00,trail,3,1,closed H1 ratchet,1584,4137.413,4137.413,4179.632,0.0,0.0,0.0,0.0,2025.10.14 04:00:00
2025.10.14 08:00:00,entry,1,1,done at 4126.394,1586,4126.394,4068.647,4299.635,0.02,115.5,19368.28,58.104839999999996,2025.10.14 08:00:00
2025.10.15 23:00:00,trail,1,1,closed H1 ratchet,1586,4126.394,4126.394,4299.635,0.0,0.0,0.0,0.0,2025.10.15 23:00:00
2025.10.16 23:00:00,entry,3,1,done at 4346.929,1588,4346.929,4326.557,4408.045,0.03,61.12,19710.41,59.131229999999995,2025.10.16 23:00:00
2025.10.20 12:00:00,entry,1,1,done at 4279.334,1590,4279.334,4203.141,4507.913,0.01,76.19,19647.49,58.94247,2025.10.20 12:00:00
2025.11.10 02:00:00,entry,3,1,done at 4044.067,1592,4044.067,4029.726,4087.09,0.05,71.71,19570.71,58.712129999999995,2025.11.10 02:00:00
2025.11.10 06:00:00,trail,3,1,closed H1 ratchet,1592,4044.067,4044.067,4087.09,0.0,0.0,0.0,0.0,2025.11.10 06:00:00
2025.11.11 20:00:00,entry,1,1,done at 4123.179,1594,4123.179,4085.81,4235.286,0.02,74.74,19785.63,59.35689,2025.11.11 20:00:00
2025.11.12 09:00:00,occupied,1,1,one position per engine,0,0.0,0.0,0.0,0.0,0.0,0.0,0.0,2025.11.12 09:00:00
2025.11.12 16:00:00,trail,1,1,closed H1 ratchet,1594,4123.179,4123.179,4235.286,0.0,0.0,0.0,0.0,2025.11.12 16:00:00
2025.11.12 16:00:00,entry,3,1,done at 4181.498,1595,4181.498,4166.736,4225.784,0.05,73.81,19901.01,59.70302999999999,2025.11.12 16:00:00
2025.11.12 19:00:00,trail,3,1,closed H1 ratchet,1595,4181.498,4181.498,4225.784,0.0,0.0,0.0,0.0,2025.11.12 19:00:00
2025.11.14 03:00:00,entry,1,1,done at 4207.194,1598,4207.194,4146.217,4390.126,0.01,60.97,19997.19,59.991569999999996,2025.11.14 03:00:00
2025.11.19 10:00:00,entry,3,1,done at 4113.481,1600,4113.481,4095.805,4166.509,0.04,70.7,19936.15,59.80845,2025.11.19 10:00:00
2025.11.24 19:00:00,entry,3,1,done at 4120.605,1602,4120.605,4105.375,4166.295,0.04,60.92,19865.2,59.595600000000005,2025.11.24 19:00:00
2025.11.25 00:00:00,trail,3,1,closed H1 ratchet,1602,4120.605,4120.605,4166.295,0.0,0.0,0.0,0.0,2025.11.25 00:00:00
2025.11.25 17:00:00,entry,1,1,done at 4136.371,1604,4136.371,4084.095,4293.199,0.02,104.55,19862.82,59.58846,2025.11.25 17:00:00
2025.11.26 16:00:00,occupied,1,1,one position per engine,0,0.0,0.0,0.0,0.0,0.0,0.0,0.0,2025.11.26 16:00:00
2025.11.27 07:00:00,occupied,1,1,one position per engine,0,0.0,0.0,0.0,0.0,0.0,0.0,0.0,2025.11.27 07:00:00
2025.11.27 12:00:00,occupied,1,1,one position per engine,0,0.0,0.0,0.0,0.0,0.0,0.0,0.0,2025.11.27 12:00:00
2025.11.27 16:00:00,occupied,1,1,one position per engine,0,0.0,0.0,0.0,0.0,0.0,0.0,0.0,2025.11.27 16:00:00
2025.11.28 01:00:00,entry,3,1,done at 4180.643,1605,4180.643,4171.823,4207.103,0.07,61.74,19945.83,59.83749000000001,2025.11.28 01:00:00
2025.11.28 15:00:00,entry,3,1,done at 4198.470,1607,4198.47,4185.163,4238.392,0.05,66.53,19917.6,59.7528,2025.11.28 15:00:00
2025.11.28 18:00:00,trail,1,1,closed H1 ratchet,1604,4136.371,4136.371,4293.199,0.0,0.0,0.0,0.0,2025.11.28 18:00:00
2025.11.28 19:00:00,trail,3,1,closed H1 ratchet,1607,4198.47,4198.47,4238.392,0.0,0.0,0.0,0.0,2025.11.28 19:00:00
2025.12.01 02:00:00,entry,3,1,done at 4255.551,1609,4255.551,4238.633,4306.306,0.04,67.67,20227.43,60.68229,2025.12.01 02:00:00
2025.12.01 19:00:00,occupied,1,1,one position per engine,0,0.0,0.0,0.0,0.0,0.0,0.0,0.0,2025.12.01 19:00:00
2025.12.02 15:00:00,occupied,1,1,one position per engine,0,0.0,0.0,0.0,0.0,0.0,0.0,0.0,2025.12.02 15:00:00
2025.12.02 21:00:00,occupied,1,1,one position per engine,0,0.0,0.0,0.0,0.0,0.0,0.0,0.0,2025.12.02 21:00:00
2025.12.04 01:00:00,occupied,1,1,one position per engine,0,0.0,0.0,0.0,0.0,0.0,0.0,0.0,2025.12.04 01:00:00
2025.12.04 15:00:00,occupied,1,1,one position per engine,0,0.0,0.0,0.0,0.0,0.0,0.0,0.0,2025.12.04 15:00:00
2025.12.05 15:00:00,entry,3,1,done at 4242.476,1611,4242.476,4233.62,4269.044,0.07,61.99,20126.88,60.38064,2025.12.05 15:00:00
2025.12.08 06:00:00,occupied,1,1,one position per engine,0,0.0,0.0,0.0,0.0,0.0,0.0,0.0,2025.12.08 06:00:00
2025.12.08 13:00:00,occupied,1,1,one position per engine,0,0.0,0.0,0.0,0.0,0.0,0.0,0.0,2025.12.08 13:00:00
2025.12.09 10:00:00,occupied,1,1,one position per engine,0,0.0,0.0,0.0,0.0,0.0,0.0,0.0,2025.12.09 10:00:00
2025.12.10 17:00:00,occupied,1,1,one position per engine,0,0.0,0.0,0.0,0.0,0.0,0.0,0.0,2025.12.10 17:00:00
2025.12.10 20:00:00,occupied,1,1,one position per engine,0,0.0,0.0,0.0,0.0,0.0,0.0,0.0,2025.12.10 20:00:00
2025.12.10 21:00:00,error,2,1,market closed,0,4229.817,4217.934,4241.7,0.06,71.29799999999999,20036.21,60.10862999999999,2025.12.10 21:00:00
2025.12.10 21:00:00,error,3,1,market closed,0,4229.817,4217.934,4265.466,0.06,71.29799999999999,20036.21,60.10862999999999,2025.12.10 21:00:00
2025.12.11 16:00:00,entry,3,1,done at 4256.124,1613,4256.124,4239.858,4304.922,0.04,65.07,20085.61,60.25683,2025.12.11 16:00:00
2025.12.12 07:00:00,trail,3,1,closed H1 ratchet,1613,4256.124,4256.124,4304.922,0.0,0.0,0.0,0.0,2025.12.12 07:00:00
2025.12.12 20:00:00,entry,1,1,done at 4296.644,1616,4296.644,4243.175,4457.051,0.02,106.94,20351.61,61.05483,2025.12.12 20:00:00
2025.12.16 14:00:00,occupied,1,1,one position per engine,0,0.0,0.0,0.0,0.0,0.0,0.0,0.0,2025.12.16 14:00:00
2025.12.16 18:00:00,occupied,1,1,one position per engine,0,0.0,0.0,0.0,0.0,0.0,0.0,0.0,2025.12.16 18:00:00
2025.12.17 00:00:00,occupied,1,1,one position per engine,0,0.0,0.0,0.0,0.0,0.0,0.0,0.0,2025.12.17 00:00:00
2025.12.18 17:00:00,entry,3,1,done at 4360.422,1617,4360.422,4348.389,4396.521,0.06,72.2,20472.56,61.41768,2025.12.18 17:00:00
2025.12.18 21:00:00,occupied,1,1,one position per engine,0,0.0,0.0,0.0,0.0,0.0,0.0,0.0,2025.12.18 21:00:00
2025.12.19 00:00:00,occupied,1,1,one position per engine,0,0.0,0.0,0.0,0.0,0.0,0.0,0.0,2025.12.19 00:00:00
2025.12.19 10:00:00,occupied,1,1,one position per engine,0,0.0,0.0,0.0,0.0,0.0,0.0,0.0,2025.12.19 10:00:00
2025.12.19 14:00:00,occupied,1,1,one position per engine,0,0.0,0.0,0.0,0.0,0.0,0.0,0.0,2025.12.19 14:00:00
2025.12.22 02:00:00,trail,1,1,closed H1 ratchet,1616,4296.644,4296.644,4457.051,0.0,0.0,0.0,0.0,2025.12.22 02:00:00
2025.12.22 02:00:00,entry,3,1,done at 4383.020,1619,4383.02,4372.092,4415.805,0.06,65.57,20443.05,61.32915,2025.12.22 02:00:00
2025.12.22 06:00:00,trail,3,1,closed H1 ratchet,1619,4383.02,4383.02,4415.805,0.0,0.0,0.0,0.0,2025.12.22 06:00:00
2025.12.22 16:00:00,entry,3,1,done at 4431.853,1621,4431.853,4419.944,4467.58,0.06,71.46,20737.18,62.21153999999999,2025.12.22 16:00:00
2025.12.23 00:00:00,trail,3,1,closed H1 ratchet,1621,4431.853,4431.853,4467.58,0.0,0.0,0.0,0.0,2025.12.23 00:00:00
2025.12.23 17:00:00,entry,1,1,done at 4474.345,1624,4474.345,4428.338,4612.367,0.02,92.01,20998.49,62.995470000000005,2025.12.23 17:00:00
2025.12.24 04:00:00,occupied,1,1,one position per engine,0,0.0,0.0,0.0,0.0,0.0,0.0,0.0,2025.12.24 04:00:00
2025.12.26 00:00:00,occupied,1,1,one position per engine,0,0.0,0.0,0.0,0.0,0.0,0.0,0.0,2025.12.26 00:00:00
2025.12.26 16:00:00,trail,1,1,closed H1 ratchet,1624,4474.345,4474.345,4612.367,0.0,0.0,0.0,0.0,2025.12.26 16:00:00
2025.12.29 04:00:00,entry,1,1,done at 4516.741,1626,4516.741,4460.941,4684.141,0.02,111.6,20991.92,62.975759999999994,2025.12.29 04:00:00
2026.01.08 00:00:00,entry,1,1,done at 4463.463,1628,4463.463,4415.17,4608.342,0.02,96.59,20880.19,62.64057,2026.01.08 00:00:00
2026.01.08 16:00:00,entry,1,1,done at 4454.293,1630,4454.293,4409.011,4590.139,0.02,90.57,20783.48,62.35044,2026.01.08 16:00:00
2026.01.09 16:00:00,entry,3,1,done at 4512.451,1631,4512.451,4498.321,4554.841,0.05,70.65,20898.61,62.695829999999994,2026.01.09 16:00:00
2026.01.12 00:00:00,trail,1,1,closed H1 ratchet,1630,4454.293,4454.293,4590.139,0.0,0.0,0.0,0.0,2026.01.12 00:00:00
2026.01.12 00:00:00,entry,3,1,done at 4540.090,1633,4540.09,4524.425,4587.085,0.04,62.66,20881.76,62.64527999999999,2026.01.12 00:00:00
2026.01.12 01:00:00,entry,3,1,done at 4589.067,1636,4589.067,4570.633,4644.369,0.04,73.74,21169.66,63.50898,2026.01.12 01:00:00
2026.01.14 00:00:00,entry,1,1,done at 4597.261,1638,4597.261,4545.033,4753.945,0.02,104.45,21095.7,63.2871,2026.01.14 00:00:00
2026.01.14 19:00:00,occupied,1,1,one position per engine,0,0.0,0.0,0.0,0.0,0.0,0.0,0.0,2026.01.14 19:00:00
2026.01.15 10:00:00,occupied,1,1,one position per engine,0,0.0,0.0,0.0,0.0,0.0,0.0,0.0,2026.01.15 10:00:00
2026.01.15 18:00:00,occupied,1,1,one position per engine,0,0.0,0.0,0.0,0.0,0.0,0.0,0.0,2026.01.15 18:00:00
2026.01.16 06:00:00,occupied,1,1,one position per engine,0,0.0,0.0,0.0,0.0,0.0,0.0,0.0,2026.01.16 06:00:00
2026.01.16 08:00:00,occupied,1,1,one position per engine,0,0.0,0.0,0.0,0.0,0.0,0.0,0.0,2026.01.16 08:00:00
2026.01.16 12:00:00,occupied,1,1,one position per engine,0,0.0,0.0,0.0,0.0,0.0,0.0,0.0,2026.01.16 12:00:00
2026.01.16 15:00:00,occupied,1,1,one position per engine,0,0.0,0.0,0.0,0.0,0.0,0.0,0.0,2026.01.16 15:00:00
2026.01.19 00:00:00,entry,2,1,done at 4672.710,1640,4672.71,4649.837,4695.583,0.03,68.62,20986.86,62.96058,2026.01.19 00:00:00
2026.01.19 00:00:00,entry,3,1,done at 4672.710,1641,4672.71,4649.837,4741.329,0.03,68.62,20986.69,62.960069999999995,2026.01.19 00:00:00
2026.01.20 06:00:00,trail,3,1,closed H1 ratchet,1641,4672.71,4672.71,4741.329,0.0,0.0,0.0,0.0,2026.01.20 06:00:00
2026.01.20 06:00:00,occupied,3,1,one position per engine,0,0.0,0.0,0.0,0.0,0.0,0.0,0.0,2026.01.20 06:00:00
2026.01.20 17:00:00,entry,3,1,done at 4753.743,1644,4753.743,4738.427,4799.692,0.05,76.58,21257.88,63.77364000000001,2026.01.20 17:00:00
2026.01.21 01:00:00,trail,3,1,closed H1 ratchet,1644,4753.743,4753.743,4799.692,0.0,0.0,0.0,0.0,2026.01.21 01:00:00
2026.01.21 02:00:00,entry,3,1,done at 4835.421,1646,4835.421,4816.606,4891.867,0.04,75.26,21484.74,64.45422,2026.01.21 02:00:00
2026.01.21 05:00:00,trail,3,1,closed H1 ratchet,1646,4835.421,4835.421,4891.867,0.0,0.0,0.0,0.0,2026.01.21 05:00:00
2026.01.21 19:00:00,entry,1,1,done at 4850.121,1648,4850.121,4764.657,5106.513,0.01,85.46,21484.49,64.45347000000001,2026.01.21 19:00:00
2026.01.21 23:01:15,entry,1,1,done at 4831.105,1650,4831.105,4733.779,5123.083,0.01,97.33,21398.96,64.19688,2026.01.21 23:00:00
2026.01.22 06:00:00,occupied,1,1,one position per engine,0,0.0,0.0,0.0,0.0,0.0,0.0,0.0,2026.01.22 06:00:00
2026.01.23 17:00:00,trail,1,1,closed H1 ratchet,1650,4831.105,4831.105,5123.083,0.0,0.0,0.0,0.0,2026.01.23 17:00:00
2026.01.26 00:00:00,entry,3,1,done at 5039.901,1651,5039.901,5016.995,5108.619,0.03,68.71,21605.03,64.81509,2026.01.26 00:00:00
2026.01.26 02:00:00,occupied,3,1,one position per engine,0,0.0,0.0,0.0,0.0,0.0,0.0,0.0,2026.01.26 02:00:00
2026.01.26 03:00:00,trail,3,1,closed H1 ratchet,1651,5039.901,5039.901,5108.619,0.0,0.0,0.0,0.0,2026.01.26 03:00:00
2026.01.27 21:00:00,error,3,1,market closed,0,5176.742,5149.404,5258.756,0.03,82.014,21893.86,65.68158,2026.01.27 21:00:00
2026.01.28 02:00:00,entry,3,1,done at 5204.817,1654,5204.817,5177.549,5286.621,0.03,81.8,21893.86,65.68158,2026.01.28 02:00:00
2026.01.28 05:00:00,trail,3,1,closed H1 ratchet,1654,5204.817,5204.817,5286.621,0.0,0.0,0.0,0.0,2026.01.28 05:00:00
2026.01.28 21:00:00,error,3,1,market closed,0,5377.004,5340.932,5485.22,0.02,72.14399999999999,22139.66,66.41898,2026.01.28 21:00:00
2026.01.29 00:00:00,entry,3,1,done at 5513.178,1656,5513.178,5471.911,5636.979,0.02,82.54,22139.66,66.41898,2026.01.29 00:00:00
2026.01.30 00:00:00,entry,1,1,done at 5438.631,1658,5438.631,5206.869,6133.918,0.01,231.76,22055.54,66.16662000000001,2026.01.30 00:00:00
2026.02.11 00:00:00,entry,1,1,done at 5041.754,1660,5041.754,4962.896,5278.328,0.01,78.85,21823.26,65.46977999999999,2026.02.11 00:00:00
2026.02.11 16:00:00,occupied,1,1,one position per engine,0,0.0,0.0,0.0,0.0,0.0,0.0,0.0,2026.02.11 16:00:00
2026.02.12 09:00:00,occupied,1,1,one position per engine,0,0.0,0.0,0.0,0.0,0.0,0.0,0.0,2026.02.12 09:00:00
2026.02.16 08:00:00,entry,1,1,done at 5007.438,1662,5007.438,4922.31,5262.822,0.01,85.13,21742.74,65.22822000000001,2026.02.16 08:00:00
2026.02.18 15:00:00,entry,2,1,done at 4991.921,1664,4991.921,4970.917,5012.925,0.04,84.01,21656.91,64.97072999999999,2026.02.18 15:00:00
2026.02.19 21:00:00,error,1,1,market closed,0,5001.828,4945.432,5171.017,0.02,112.79200000000002,21565.44,64.69632,2026.02.19 21:00:00
2026.02.23 00:00:00,entry,3,1,done at 5165.621,1666,5165.621,5140.374,5241.362,0.03,75.74,21565.44,64.69632,2026.02.23 00:00:00
2026.02.23 15:00:00,entry,3,1,done at 5192.453,1668,5192.453,5168.398,5264.618,0.03,72.17,21489.43,64.46829,2026.02.23 15:00:00
2026.02.23 21:00:00,manage_error,3,1,market closed,1668,5192.453,5192.453,5264.618,0.0,0.0,0.0,0.0,2026.02.23 21:00:00
2026.02.24 00:00:00,trail,3,1,closed H1 ratchet,1668,5192.453,5192.453,5264.618,0.0,0.0,0.0,0.0,2026.02.24 00:00:00
2026.02.24 21:00:00,error,1,1,market closed,0,5164.052,5084.849,5401.661,0.01,79.203,21487.62,64.46285999999999,2026.02.24 21:00:00
2026.02.25 02:00:00,entry,1,1,done at 5177.009,1670,5177.009,5101.399,5404.263,0.01,75.61,21487.62,64.46285999999999,2026.02.25 02:00:00
2026.02.27 06:00:00,occupied,1,1,one position per engine,0,0.0,0.0,0.0,0.0,0.0,0.0,0.0,2026.02.27 06:00:00
2026.02.27 14:00:00,entry,3,1,done at 5223.379,1671,5223.379,5205.297,5277.625,0.04,72.33,21531.68,64.59504,2026.02.27 14:00:00
2026.02.27 21:00:00,manage_error,3,1,market closed,1671,5223.379,5223.379,5277.625,0.0,0.0,0.0,0.0,2026.02.27 21:00:00
2026.03.02 00:00:00,trail,1,1,closed H1 ratchet,1670,5177.009,5177.009,5404.263,0.0,0.0,0.0,0.0,2026.03.02 00:00:00
2026.03.02 00:00:00,entry,3,1,done at 5387.049,1673,5387.049,5363.671,5457.183,0.03,70.14,22076.8,66.2304,2026.03.02 00:00:00
2026.03.02 21:00:00,error,1,1,market closed,0,5332.841,5237.245,5619.63,0.01,95.596,22023.71,66.07113,2026.03.02 21:00:00
2026.03.03 00:00:00,entry,1,1,done at 5345.948,1676,5345.948,5255.729,5616.605,0.01,90.22,22023.71,66.07113,2026.03.03 00:00:00
2026.03.10 02:00:00,entry,3,1,done at 5184.348,1678,5184.348,5153.856,5275.824,0.03,91.47,21933.4,65.8002,2026.03.10 02:00:00
2026.03.25 01:00:00,entry,2,1,done at 4563.454,1680,4563.454,4518.276,4608.632,0.02,90.36,21839.73,65.51919,2026.03.25 01:00:00
2026.03.31 02:00:00,entry,3,1,done at 4605.163,1682,4605.163,4572.228,4703.968,0.02,65.87,21749.26,65.24777999999999,2026.03.31 02:00:00
2026.04.02 15:00:00,entry,1,1,done at 4681.743,1684,4681.743,4549.013,5079.934,0.01,132.73,21683.21,65.04963,2026.04.02 15:00:00
2026.04.02 19:00:00,occupied,1,1,one position per engine,0,0.0,0.0,0.0,0.0,0.0,0.0,0.0,2026.04.02 19:00:00
2026.04.06 05:00:00,occupied,1,1,one position per engine,0,0.0,0.0,0.0,0.0,0.0,0.0,0.0,2026.04.06 05:00:00
2026.04.07 09:00:00,occupied,1,1,one position per engine,0,0.0,0.0,0.0,0.0,0.0,0.0,0.0,2026.04.07 09:00:00
2026.04.07 23:00:00,entry,3,1,done at 4818.610,1685,4818.61,4783.425,4924.165,0.02,70.37,21818.33,65.45499000000001,2026.04.07 23:00:00
2026.04.09 11:00:00,occupied,1,1,one position per engine,0,0.0,0.0,0.0,0.0,0.0,0.0,0.0,2026.04.09 11:00:00
2026.04.13 17:00:00,occupied,1,1,one position per engine,0,0.0,0.0,0.0,0.0,0.0,0.0,0.0,2026.04.13 17:00:00
2026.04.15 14:00:00,occupied,1,1,one position per engine,0,0.0,0.0,0.0,0.0,0.0,0.0,0.0,2026.04.15 14:00:00
2026.04.17 05:00:01,occupied,1,1,one position per engine,0,0.0,0.0,0.0,0.0,0.0,0.0,0.0,2026.04.17 05:00:00
2026.04.17 12:00:00,occupied,1,1,one position per engine,0,0.0,0.0,0.0,0.0,0.0,0.0,0.0,2026.04.17 12:00:00
2026.04.17 13:00:00,entry,2,1,done at 4846.561,1687,4846.561,4830.627,4862.495,0.05,79.67,21768.28,65.30484,2026.04.17 13:00:00
2026.04.17 13:00:00,entry,3,1,done at 4846.561,1688,4846.561,4830.627,4894.363,0.05,79.67,21767.51,65.30252999999999,2026.04.17 13:00:00
2026.04.17 14:00:00,trail,3,1,closed H1 ratchet,1688,4846.561,4846.561,4894.363,0.0,0.0,0.0,0.0,2026.04.17 14:00:00
2026.04.17 14:00:00,occupied,3,1,one position per engine,0,0.0,0.0,0.0,0.0,0.0,0.0,0.0,2026.04.17 14:00:00
2026.04.20 12:00:00,occupied,1,1,one position per engine,0,0.0,0.0,0.0,0.0,0.0,0.0,0.0,2026.04.20 12:00:00
2026.04.30 11:00:00,entry,2,1,done at 4639.822,1692,4639.822,4619.136,4660.508,0.04,82.75,21543.64,64.63092,2026.04.30 11:00:00
2026.05.07 07:00:00,entry,3,1,done at 4739.444,1694,4739.444,4719.482,4799.331,0.04,79.85,21459.19,64.37756999999999,2026.05.07 07:00:00
2026.05.08 02:00:00,entry,1,1,done at 4722.906,1696,4722.906,4653.449,4931.277,0.01,69.46,21378.82,64.13646,2026.05.08 02:00:00
2026.05.08 06:00:00,occupied,1,1,one position per engine,0,0.0,0.0,0.0,0.0,0.0,0.0,0.0,2026.05.08 06:00:00
2026.05.08 09:00:00,occupied,1,1,one position per engine,0,0.0,0.0,0.0,0.0,0.0,0.0,0.0,2026.05.08 09:00:00
2026.05.08 11:00:00,occupied,1,1,one position per engine,0,0.0,0.0,0.0,0.0,0.0,0.0,0.0,2026.05.08 11:00:00
2026.05.11 13:00:00,entry,1,1,done at 4700.018,1698,4700.018,4644.155,4867.607,0.02,111.73,21308.57,63.92571,2026.05.11 13:00:00
2026.05.12 20:00:00,entry,1,1,done at 4715.914,1700,4715.914,4654.813,4899.217,0.02,122.2,21195.59,63.586769999999994,2026.05.12 20:00:00
2026.05.13 06:00:00,occupied,1,1,one position per engine,0,0.0,0.0,0.0,0.0,0.0,0.0,0.0,2026.05.13 06:00:00
2026.05.13 08:00:00,occupied,1,1,one position per engine,0,0.0,0.0,0.0,0.0,0.0,0.0,0.0,2026.05.13 08:00:00
2026.05.13 23:00:00,occupied,1,1,one position per engine,0,0.0,0.0,0.0,0.0,0.0,0.0,0.0,2026.05.13 23:00:00
2026.05.14 05:00:00,occupied,1,1,one position per engine,0,0.0,0.0,0.0,0.0,0.0,0.0,0.0,2026.05.14 05:00:00
2026.05.29 15:00:00,entry,3,1,done at 4564.427,1702,4564.427,4547.771,4614.395,0.04,66.63,21068.88,63.20664,2026.05.29 15:00:00
2026.05.29 16:00:00,occupied,3,1,one position per engine,0,0.0,0.0,0.0,0.0,0.0,0.0,0.0,2026.05.29 16:00:00
2026.06.02 07:00:00,entry,2,1,done at 4535.602,1704,4535.602,4517.907,4553.297,0.04,70.78,21001.95,63.00585,2026.06.02 07:00:00
2026.06.04 12:00:00,entry,2,1,done at 4511.409,1706,4511.409,4493.215,4529.603,0.04,72.78,20930.94,62.79281999999999,2026.06.04 12:00:00
2026.06.11 23:00:00,entry,2,1,done at 4243.539,1708,4243.539,4212.246,4274.832,0.02,62.59,20857.84,62.57352,2026.06.11 23:00:00
2026.06.14 23:00:00,entry,3,1,done at 4285.614,1710,4285.614,4261.207,4358.835,0.03,73.22,20793.98,62.38193999999999,2026.06.14 23:00:00
2026.06.15 03:00:00,trail,3,1,closed H1 ratchet,1710,4285.614,4285.614,4358.835,0.0,0.0,0.0,0.0,2026.06.15 03:00:00
2026.06.17 01:00:00,entry,1,1,done at 4336.968,1712,4336.968,4296.395,4458.919,0.02,81.15,21013.65,63.04095,2026.06.17 01:00:00
2026.06.17 18:00:00,entry,3,1,done at 4379.823,1713,4379.823,4365.312,4423.357,0.05,72.56,21099.13,63.29739000000001,2026.06.17 18:00:00
2026.06.18 02:00:00,entry,1,1,done at 4318.183,1716,4318.183,4239.034,4555.63,0.01,79.15,20856.21,62.56862999999999,2026.06.18 02:00:00
2026.06.18 04:00:00,occupied,1,1,one position per engine,0,0.0,0.0,0.0,0.0,0.0,0.0,0.0,2026.06.18 04:00:00
2026.07.01 14:00:00,entry,2,1,done at 4089.644,1718,4089.644,4070.332,4108.956,0.04,77.25,20776.95,62.33085,2026.07.01 14:00:00
2026.07.01 14:00:00,entry,3,1,done at 4089.644,1719,4089.644,4070.332,4147.58,0.04,77.25,20776.53,62.329589999999996,2026.07.01 14:00:00
2026.07.02 13:00:00,entry,3,1,done at 4117.823,1722,4117.823,4098.713,4175.154,0.04,76.44,20776.37,62.32910999999999,2026.07.02 13:00:00
2026.07.03 01:00:00,trail,3,1,closed H1 ratchet,1722,4117.823,4117.823,4175.154,0.0,0.0,0.0,0.0,2026.07.03 01:00:00
2026.07.03 02:00:00,entry,3,1,done at 4182.532,1724,4182.532,4160.486,4248.67,0.03,66.14,21003.36,63.010079999999995,2026.07.03 02:00:00
2026.07.07 12:00:00,entry,1,1,done at 4156.811,1726,4156.811,4116.735,4277.039,0.02,80.15,20936.82,62.81045999999999,2026.07.07 12:00:00
2026.07.22 01:00:00,entry,3,1,done at 4097.549,1728,4097.549,4084.14,4137.776,0.05,67.05,20855.39,62.56616999999999,2026.07.22 01:00:00
2026.07.22 02:00:00,trail,3,1,closed H1 ratchet,1728,4097.549,4097.549,4137.776,0.0,0.0,0.0,0.0,2026.07.22 02:00:00
2026.07.22 02:00:00,occupied,3,1,one position per engine,0,0.0,0.0,0.0,0.0,0.0,0.0,0.0,2026.07.22 02:00:00
2026.07.22 14:00:00,entry,3,1,done at 4154.666,1730,4154.666,4140.024,4198.592,0.05,73.21,21058.11,63.17433,2026.07.22 14:00:00
2026.07.27 20:00:00,entry,1,1,done at 4083.664,1732,4083.664,4044.034,4202.338,0.02,79.26,20984.39,62.95317,2026.07.27 20:00:00
2026.07.29 19:00:00,entry,3,1,done at 4106.731,1734,4106.731,4089.99,4156.954,0.04,66.96,20903.82,62.711459999999995,2026.07.29 19:00:00
2026.08.05 01:00:00,entry,1,1,done at 4082.570,1736,4082.57,4037.405,4218.065,0.02,90.33,20836.44,62.509319999999995,2026.08.05 01:00:00
2026.08.05 03:00:00,entry,3,1,done at 4129.390,1737,4129.39,4112.368,4180.456,0.04,68.09,20929.89,62.789669999999994,2026.08.05 03:00:00
2026.08.05 06:00:00,trail,3,1,closed H1 ratchet,1737,4129.39,4129.39,4180.456,0.0,0.0,0.0,0.0,2026.08.05 06:00:00
2026.08.05 06:00:00,trail,1,1,closed H1 ratchet,1736,4082.57,4082.57,4218.065,0.0,0.0,0.0,0.0,2026.08.05 06:00:00
2026.08.05 06:00:00,occupied,3,1,one position per engine,0,0.0,0.0,0.0,0.0,0.0,0.0,0.0,2026.08.05 06:00:00
2026.08.05 15:00:00,entry,3,1,done at 4244.076,1740,4244.076,4224.32,4303.344,0.04,79.02,21311.46,63.93437999999999,2026.08.05 15:00:00
2026.08.06 00:00:00,trail,3,1,closed H1 ratchet,1740,4244.076,4244.076,4303.344,0.0,0.0,0.0,0.0,2026.08.06 00:00:00
2026.08.07 00:00:00,entry,1,1,done at 4252.534,1742,4252.534,4196.923,4419.367,0.02,111.22,21542.96,64.62888,2026.08.07 00:00:00
2026.08.07 02:00:00,occupied,1,1,one position per engine,0,0.0,0.0,0.0,0.0,0.0,0.0,0.0,2026.08.07 02:00:00
2026.08.07 13:00:00,trail,1,1,closed H1 ratchet,1742,4252.534,4252.534,4419.367,0.0,0.0,0.0,0.0,2026.08.07 13:00:00
2026.08.07 13:00:00,entry,3,1,done at 4361.428,1743,4361.428,4342.331,4418.719,0.04,76.39,21760.54,65.28162,2026.08.07 13:00:00
2026.08.11 02:00:00,entry,3,1,done at 4429.835,1746,4429.835,4412.858,4481.054,0.04,67.91,21797.63,65.39289,2026.08.11 02:00:00
2026.08.11 11:00:00,entry,1,1,done at 4382.424,1748,4382.424,4324.951,4554.843,0.02,114.95,21729.18,65.18754,2026.08.11 11:00:00
2026.08.12 01:00:00,occupied,1,1,one position per engine,0,0.0,0.0,0.0,0.0,0.0,0.0,0.0,2026.08.12 01:00:00
2026.08.12 13:00:00,entry,3,1,done at 4437.332,1749,4437.332,4421.111,4485.996,0.05,81.1,21837.71,65.51312999999999,2026.08.12 13:00:00
2026.08.13 13:00:00,occupied,1,1,one position per engine,0,0.0,0.0,0.0,0.0,0.0,0.0,0.0,2026.08.13 13:00:00
2026.08.14 12:00:00,entry,1,1,done at 4369.266,1752,4369.266,4322.21,4510.434,0.02,94.11,21526.43,64.57929,2026.08.14 12:00:00
2026.08.17 14:00:00,occupied,1,1,one position per engine,0,0.0,0.0,0.0,0.0,0.0,0.0,0.0,2026.08.17 14:00:00
2026.08.19 13:00:00,entry,3,1,done at 4438.890,1753,4438.89,4422.006,4489.542,0.04,67.54,21662.26,64.98678,2026.08.19 13:00:00
2026.08.19 14:00:00,trail,1,1,closed H1 ratchet,1752,4369.266,4369.266,4510.434,0.0,0.0,0.0,0.0,2026.08.19 14:00:00
2026.08.19 14:00:00,entry,2,1,done at 4459.607,1754,4459.607,4441.047,4478.167,0.04,74.24,21786.14,65.35842,2026.08.19 14:00:00
2026.08.19 14:00:00,occupied,3,1,one position per engine,0,0.0,0.0,0.0,0.0,0.0,0.0,0.0,2026.08.19 14:00:00
2026.08.19 15:00:00,entry,3,1,done at 4488.287,1757,4488.287,4468.13,4548.758,0.04,80.63,22038.22,66.11466,2026.08.19 15:00:00
2026.08.19 22:00:30,trail,3,1,closed H1 ratchet,1757,4488.287,4488.287,4548.758,0.0,0.0,0.0,0.0,2026.08.19 22:00:00
2026.08.24 20:00:00,entry,1,1,done at 4651.925,1760,4651.925,4582.564,4860.008,0.01,69.37,22076.35,66.22905,2026.08.24 20:00:00
2026.08.25 12:00:00,occupied,1,1,one position per engine,0,0.0,0.0,0.0,0.0,0.0,0.0,0.0,2026.08.25 12:00:00
2026.08.25 16:00:00,occupied,1,1,one position per engine,0,0.0,0.0,0.0,0.0,0.0,0.0,0.0,2026.08.25 16:00:00
2026.08.27 00:00:00,occupied,1,1,one position per engine,0,0.0,0.0,0.0,0.0,0.0,0.0,0.0,2026.08.27 00:00:00
2026.08.27 02:00:00,occupied,1,1,one position per engine,0,0.0,0.0,0.0,0.0,0.0,0.0,0.0,2026.08.27 02:00:00
2026.09.03 02:00:00,entry,2,1,done at 4410.598,1762,4410.598,4392.624,4428.572,0.04,71.89,22004.26,66.01277999999999,2026.09.03 02:00:00
2026.09.03 13:00:00,entry,3,1,done at 4493.547,1764,4493.547,4476.831,4543.695,0.04,66.87,22076.95,66.23085,2026.09.03 13:00:00
