time,balance,equity,running_max_dd_pct
2025.09.05 00:00:00,10000.0,10000.0,0.0
2025.09.05 01:00:00,9999.94,9999.49,0.07537075614660567
2025.09.05 02:00:00,9999.94,9999.74,0.07537075614660567
2025.09.05 03:00:00,9999.94,9998.13,0.10545908187622476
2025.09.05 04:00:00,9999.94,10005.73,0.10545908187622476
2025.09.05 05:00:00,9999.94,10005.88,0.10545908187622476
2025.09.05 06:00:00,9999.94,10005.14,0.10545908187622476
2025.09.05 07:00:00,9999.94,9999.96,0.128790270689385
2025.09.05 08:00:00,9999.94,9995.53,0.14497648003900895
2025.09.05 09:00:00,9999.94,9993.43,0.16416013556450196
2025.09.05 10:00:00,9999.94,9999.69,0.16416013556450196
2025.09.05 11:00:00,9999.94,9999.16,0.16416013556450196
2025.09.05 12:00:00,9999.94,10000.62,0.16416013556450196
2025.09.05 13:00:00,9999.94,10027.59,0.16416013556450196
2025.09.05 14:00:00,9999.72,10098.63,0.504021116712442
2025.09.05 15:00:00,9999.7,10037.27,0.9418135768650215
2025.09.05 16:00:00,9999.7,10039.18,0.9418135768650215
2025.09.05 17:00:00,9999.7,10042.46,0.9418135768650215
2025.09.05 18:00:00,9999.7,10043.49,0.9418135768650215
2025.09.05 19:00:00,9999.7,10042.55,0.9418135768650215
2025.09.05 20:00:00,9999.7,10041.83,0.9418135768650215
2025.09.07 22:05:00,9999.7,10038.46,0.9418135768650215
2025.09.07 23:05:00,9999.7,10037.67,0.9418135768650215
2025.09.08 00:05:00,9999.7,10034.38,0.9418135768650215
2025.09.08 01:05:00,9999.7,10041.58,0.9418135768650215
2025.09.08 02:05:00,9999.7,10037.86,0.9418135768650215
2025.09.08 03:05:00,9999.7,10037.74,0.9418135768650215
2025.09.08 04:05:00,9999.7,10030.01,0.9418135768650215
2025.09.08 05:05:00,9999.7,10029.59,0.9418135768650215
2025.09.08 06:05:00,9999.7,10037.09,0.9418135768650215
2025.09.08 07:05:00,9999.7,10046.66,0.9418135768650215
2025.09.08 08:05:00,9999.7,10055.38,0.9418135768650215
2025.09.08 09:05:00,9999.7,10057.8,0.9418135768650215
2025.09.08 10:05:00,9999.7,10061.74,0.9418135768650215
2025.09.08 11:05:00,9999.7,10062.44,0.9418135768650215
2025.09.08 12:05:00,9999.7,10067.93,0.9418135768650215
2025.09.08 13:05:00,9999.7,10072.53,0.9418135768650215
2025.09.08 14:05:00,9999.7,10081.33,0.9418135768650215
2025.09.08 15:05:00,9999.7,10090.8,0.9418135768650215
2025.09.08 16:05:00,9999.7,10084.62,0.9418135768650215
2025.09.08 17:05:00,9999.7,10083.3,0.9418135768650215
2025.09.08 18:05:00,9999.7,10079.53,0.9418135768650215
2025.09.08 19:05:00,9999.7,10082.1,0.9418135768650215
2025.09.08 20:05:00,9999.7,10083.1,0.9418135768650215
2025.09.08 22:02:00,9999.7,10081.14,0.9418135768650215
2025.09.08 23:02:00,9999.7,10076.19,0.9418135768650215
2025.09.09 00:02:00,9999.7,10081.17,0.9418135768650215
2025.09.09 01:02:00,9999.7,10084.84,0.9418135768650215
2025.09.09 02:02:00,10093.45,10093.45,0.9418135768650215
2025.09.09 03:02:00,10093.45,10093.45,0.9418135768650215
2025.09.09 04:02:00,10093.45,10093.45,0.9418135768650215
2025.09.09 05:02:00,10093.45,10093.45,0.9418135768650215
2025.09.09 06:02:00,10093.45,10093.45,0.9418135768650215
2025.09.09 07:02:00,10093.45,10093.45,0.9418135768650215
2025.09.09 08:02:00,10093.45,10093.45,0.9418135768650215
2025.09.09 09:02:00,10093.45,10093.45,0.9418135768650215
2025.09.09 10:02:00,10093.45,10093.45,0.9418135768650215
2025.09.09 11:02:00,10093.45,10093.45,0.9418135768650215
2025.09.09 12:02:00,10093.45,10093.45,0.9418135768650215
2025.09.09 13:02:00,10093.45,10093.45,0.9418135768650215
2025.09.09 14:02:00,10093.23,10114.59,0.9418135768650215
2025.09.09 15:02:00,10055.3,10055.3,0.9418135768650215
2025.09.09 16:02:00,10055.3,10055.3,0.9418135768650215
2025.09.09 17:02:00,10055.3,10055.3,0.9418135768650215
2025.09.09 18:02:00,10055.3,10055.3,0.9418135768650215
2025.09.09 19:02:00,10055.3,10055.3,0.9418135768650215
2025.09.09 20:02:00,10055.3,10055.3,0.9418135768650215
2025.09.09 22:02:00,10055.3,10055.3,0.9418135768650215
2025.09.09 23:02:00,10055.3,10055.3,0.9418135768650215
2025.09.10 00:02:00,10055.3,10055.3,0.9418135768650215
2025.09.10 01:02:00,10055.3,10055.3,0.9418135768650215
2025.09.10 02:02:00,10055.3,10055.3,0.9418135768650215
2025.09.10 03:02:00,10055.3,10055.3,0.9418135768650215
2025.09.10 04:02:00,10055.3,10055.3,0.9418135768650215
2025.09.10 05:02:00,10055.24,10056.09,0.9418135768650215
2025.09.10 06:02:00,10055.24,10054.12,0.9418135768650215
2025.09.10 07:02:00,10055.24,10054.62,0.9418135768650215
2025.09.10 08:02:00,10055.24,10056.12,0.9418135768650215
2025.09.10 09:02:00,10055.24,10058.14,0.9418135768650215
2025.09.10 10:02:00,10055.24,10067.29,0.9418135768650215
2025.09.10 11:02:00,10055.24,10066.25,0.9418135768650215
2025.09.10 12:02:00,10055.24,10061.55,0.9418135768650215
2025.09.10 13:02:00,10055.24,10058.53,0.9418135768650215
2025.09.10 14:02:00,10055.24,10063.12,0.9418135768650215
2025.09.10 15:02:00,10055.24,10058.92,0.9418135768650215
2025.09.10 16:02:00,10055.24,10058.61,0.9418135768650215
2025.09.10 17:02:00,10055.24,10054.95,0.9418135768650215
2025.09.10 18:02:00,10055.24,10059.07,0.9418135768650215
2025.09.10 19:02:00,10055.24,10057.58,0.9418135768650215
2025.09.10 20:02:00,10055.24,10055.08,0.9418135768650215
2025.09.10 22:02:00,10055.24,10055.71,0.9418135768650215
2025.09.10 23:02:00,10055.24,10051.83,0.9418135768650215
2025.09.11 00:02:00,10055.24,10056.7,0.9418135768650215
2025.09.11 01:02:00,10055.24,10055.66,0.9418135768650215
2025.09.11 02:02:00,10055.24,10052.04,0.9418135768650215
2025.09.11 03:02:00,10055.24,10047.81,0.9418135768650215
2025.09.11 04:02:00,10055.24,10043.92,0.9418135768650215
2025.09.11 05:02:00,10055.24,10041.69,0.9418135768650215
2025.09.11 06:02:00,10055.24,10035.62,0.9418135768650215
2025.09.11 07:02:00,10055.24,10042.19,0.9418135768650215
2025.09.11 08:02:00,10055.24,10041.58,0.9418135768650215
2025.09.11 09:02:00,10055.24,10034.82,0.9418135768650215
2025.09.11 10:02:00,10055.24,10031.49,1.0114305575852878
2025.09.11 11:02:00,10055.24,10032.29,1.0114305575852878
2025.09.11 12:02:00,10055.24,10028.49,1.0114305575852878
2025.09.11 13:02:00,10055.24,10042.78,1.0214036598322989
2025.09.11 14:02:00,10055.24,10038.87,1.0214036598322989
2025.09.11 15:02:00,10055.24,10041.14,1.0214036598322989
2025.09.11 16:02:00,10055.24,10045.25,1.0214036598322989
2025.09.11 17:02:00,10055.24,10046.83,1.0214036598322989
2025.09.11 18:02:00,10055.24,10046.43,1.0214036598322989
2025.09.11 19:02:00,10055.24,10043.85,1.0214036598322989
2025.09.11 20:02:00,10055.24,10047.77,1.0214036598322989
2025.09.11 22:02:00,10055.24,10045.5,1.0214036598322989
2025.09.11 23:02:00,10055.24,10046.43,1.0214036598322989
2025.09.12 00:02:00,10055.24,10042.25,1.0214036598322989
2025.09.12 01:02:00,10055.24,10048.89,1.0214036598322989
2025.09.12 02:02:00,10055.24,10055.99,1.0214036598322989
2025.09.12 03:02:00,10055.24,10058.75,1.0214036598322989
2025.09.12 04:02:00,10055.24,10063.81,1.0214036598322989
2025.09.12 05:02:00,10055.24,10064.35,1.0214036598322989
2025.09.12 06:02:00,10055.24,10062.27,1.0214036598322989
2025.09.12 07:02:00,10055.24,10060.63,1.0214036598322989
2025.09.12 08:02:00,10055.24,10058.65,1.0214036598322989
2025.09.12 09:02:00,10055.24,10050.8,1.0214036598322989
2025.09.12 10:02:00,10055.24,10057.35,1.0214036598322989
2025.09.12 11:02:00,10055.24,10061.78,1.0214036598322989
2025.09.12 12:02:00,10055.24,10058.56,1.0214036598322989
2025.09.12 13:02:00,10055.24,10054.6,1.0214036598322989
2025.09.12 14:02:00,10055.24,10061.87,1.0214036598322989
2025.09.12 15:02:00,10055.24,10058.11,1.0214036598322989
2025.09.12 16:02:00,10055.24,10054.75,1.0214036598322989
2025.09.12 17:02:00,10055.24,10059.85,1.0214036598322989
2025.09.12 18:02:00,10055.24,10058.37,1.0214036598322989
2025.09.12 19:02:00,10055.24,10057.89,1.0214036598322989
2025.09.12 20:02:00,10055.24,10055.46,1.0214036598322989
2025.09.14 22:05:00,10055.24,10054.22,1.0214036598322989
2025.09.14 23:05:00,10055.24,10049.52,1.0214036598322989
2025.09.15 00:05:00,10055.24,10045.76,1.0214036598322989
2025.09.15 01:05:00,10055.24,10040.56,1.0214036598322989
2025.09.15 02:05:00,10055.24,10045.88,1.0214036598322989
2025.09.15 03:05:00,10055.24,10050.71,1.0214036598322989
2025.09.15 04:05:00,10055.24,10055.75,1.0214036598322989
2025.09.15 05:05:00,10055.24,10054.13,1.0214036598322989
2025.09.15 06:05:00,10055.24,10051.78,1.0214036598322989
2025.09.15 07:05:00,10055.24,10045.22,1.0214036598322989
2025.09.15 08:05:00,10055.24,10052.76,1.0214036598322989
2025.09.15 09:05:00,10055.24,10054.55,1.0214036598322989
2025.09.15 10:05:00,10055.24,10053.14,1.0214036598322989
2025.09.15 11:05:00,10055.24,10049.35,1.0214036598322989
2025.09.15 12:05:00,10055.24,10052.26,1.0214036598322989
2025.09.15 13:05:00,10055.24,10058.45,1.0214036598322989
2025.09.15 14:05:00,10054.96,10077.69,1.0214036598322989
2025.09.15 15:05:00,10054.96,10113.84,1.0214036598322989
2025.09.15 16:05:00,10167.14,10196.56,1.0214036598322989
2025.09.15 17:05:00,10167.14,10201.78,1.0214036598322989
2025.09.15 18:05:00,10167.14,10204.2,1.0214036598322989
2025.09.15 19:05:00,10167.14,10191.37,1.0214036598322989
2025.09.15 20:05:00,10167.14,10205.48,1.0214036598322989
2025.09.15 22:02:00,10167.14,10202.15,1.0214036598322989
2025.09.15 23:02:00,10167.14,10195.92,1.0214036598322989
2025.09.16 00:02:00,10167.14,10189.58,1.0214036598322989
2025.09.16 01:02:00,10167.14,10224.45,1.0214036598322989
2025.09.16 02:02:00,10167.14,10203.24,1.0214036598322989
2025.09.16 03:02:00,10167.14,10185.31,1.0214036598322989
2025.09.16 04:02:00,10167.14,10203.25,1.0214036598322989
2025.09.16 05:02:00,10167.14,10216.6,1.0214036598322989
2025.09.16 06:02:00,10167.14,10217.25,1.0214036598322989
2025.09.16 07:02:00,10167.14,10256.15,1.0214036598322989
2025.09.16 08:02:00,10167.14,10229.66,1.0214036598322989
2025.09.16 09:02:00,10167.14,10270.1,1.0214036598322989
2025.09.16 10:02:00,10167.14,10283.89,1.0214036598322989
2025.09.16 11:02:00,10167.14,10268.26,1.0214036598322989
2025.09.16 12:02:00,10167.14,10279.68,1.0214036598322989
2025.09.16 13:02:00,10167.14,10230.9,1.0214036598322989
2025.09.16 14:02:00,10167.14,10274.7,1.0214036598322989
2025.09.16 15:02:00,10167.14,10228.15,1.0214036598322989
2025.09.16 16:02:00,10164.92,10205.38,1.1132196776123677
2025.09.16 17:02:00,10164.92,10208.88,1.1132196776123677
2025.09.16 18:02:00,10164.92,10205.98,1.1132196776123677
2025.09.16 19:02:00,10164.92,10207.81,1.1132196776123677
2025.09.16 20:02:00,10164.92,10208.74,1.1132196776123677
2025.09.16 22:02:00,10164.92,10209.94,1.1132196776123677
2025.09.16 23:02:00,10164.92,10211.27,1.1132196776123677
2025.09.17 00:02:00,10164.92,10212.59,1.1132196776123677
2025.09.17 01:02:00,10164.92,10209.12,1.1132196776123677
2025.09.17 02:02:00,10164.92,10196.46,1.1460926280226922
2025.09.17 03:02:00,10164.92,10201.08,1.1634503216021788
2025.09.17 04:02:00,10164.92,10199.94,1.1634503216021788
2025.09.17 05:02:00,10164.92,10200.62,1.1634503216021788
2025.09.17 06:02:00,10164.92,10196.82,1.1634503216021788
2025.09.17 07:02:00,10164.92,10191.77,1.2007839083513772
2025.09.17 08:02:00,10164.92,10184.3,1.2446145088984881
2025.09.17 09:02:00,10164.92,10183.2,1.2771965482432457
2025.09.17 10:02:00,10164.92,10186.27,1.2771965482432457
2025.09.17 11:02:00,10164.92,10179.0,1.3028936923693113
2025.09.17 12:02:00,10164.92,10186.38,1.3028936923693113
2025.09.17 13:02:00,10164.92,10194.75,1.3028936923693113
2025.09.17 14:02:00,10164.92,10198.24,1.3028936923693113
2025.09.17 15:02:00,10164.92,10202.82,1.3028936923693113
2025.09.17 16:02:00,10164.92,10203.33,1.3028936923693113
2025.09.17 17:02:00,10164.92,10201.56,1.3028936923693113
2025.09.17 18:02:00,10164.92,10199.02,1.3829912057584952
2025.09.17 19:02:00,10164.92,10169.58,1.43651884182486
2025.09.17 20:02:00,10164.92,10177.18,1.43651884182486
2025.09.17 22:02:00,10164.92,10178.36,1.43651884182486
2025.09.17 23:02:00,10164.92,10181.05,1.43651884182486
2025.09.18 00:02:00,10164.92,10183.51,1.43651884182486
2025.09.18 01:02:00,10164.92,10183.1,1.43651884182486
2025.09.18 02:02:00,10164.92,10174.04,1.43651884182486
2025.09.18 03:02:00,10164.92,10180.95,1.43651884182486
2025.09.18 04:02:00,10164.92,10174.82,1.43651884182486
2025.09.18 05:02:00,10164.92,10169.7,1.43651884182486
2025.09.18 06:02:00,10164.92,10166.33,1.43651884182486
2025.09.18 07:02:00,10159.58,10159.58,1.4821918791206374
2025.09.18 08:02:00,10159.58,10159.58,1.4821918791206374
2025.09.18 09:02:00,10159.58,10159.58,1.4821918791206374
2025.09.18 10:02:00,10159.58,10159.58,1.4821918791206374
2025.09.18 11:02:00,10159.58,10159.58,1.4821918791206374
2025.09.18 12:02:00,10159.58,10159.58,1.4821918791206374
2025.09.18 13:02:00,10159.58,10159.58,1.4821918791206374
2025.09.18 14:02:00,10159.58,10159.58,1.4821918791206374
2025.09.18 15:02:00,10159.58,10159.58,1.4821918791206374
2025.09.18 16:02:00,10159.58,10159.58,1.4821918791206374
2025.09.18 17:02:00,10159.58,10159.58,1.4821918791206374
2025.09.18 18:02:00,10159.58,10159.58,1.4821918791206374
2025.09.18 19:02:00,10159.58,10159.58,1.4821918791206374
2025.09.18 20:02:00,10159.58,10159.58,1.4821918791206374
2025.09.18 22:02:00,10159.58,10159.58,1.4821918791206374
2025.09.18 23:02:00,10159.58,10159.58,1.4821918791206374
2025.09.19 00:02:00,10159.58,10159.58,1.4821918791206374
2025.09.19 01:02:00,10159.58,10159.58,1.4821918791206374
2025.09.19 02:02:00,10159.58,10159.58,1.4821918791206374
2025.09.19 03:02:00,10159.58,10159.58,1.4821918791206374
2025.09.19 04:02:00,10159.47,10161.66,1.4839373455141092
2025.09.19 05:02:00,10159.47,10171.43,1.4839373455141092
2025.09.19 06:02:00,10159.47,10155.02,1.5376589222908637
2025.09.19 07:02:00,10159.47,10149.54,1.6845690104078395
2025.09.19 08:02:00,10159.47,10158.83,1.6845690104078395
2025.09.19 09:02:00,10159.47,10163.2,1.6845690104078395
2025.09.19 10:02:00,10159.47,10166.72,1.6845690104078395
2025.09.19 11:02:00,10159.47,10161.51,1.6845690104078395
2025.09.19 12:02:00,10159.47,10148.47,1.6845690104078395
2025.09.19 13:02:00,10159.47,10143.5,1.6845690104078395
2025.09.19 14:02:00,10159.47,10178.84,1.6845690104078395
2025.09.19 15:02:00,10159.47,10187.81,1.6845690104078395
2025.09.19 16:02:00,10159.47,10195.31,1.6845690104078395
2025.09.19 17:02:00,10159.47,10190.97,1.6845690104078395
2025.09.19 18:02:00,10159.47,10210.61,1.6845690104078395
2025.09.19 19:02:00,10159.47,10220.14,1.6845690104078395
2025.09.19 20:02:00,10159.47,10218.62,1.6845690104078395
2025.09.21 22:05:00,10159.47,10226.95,1.6845690104078395
2025.09.21 23:05:00,10159.47,10228.1,1.6845690104078395
2025.09.22 00:05:00,10159.47,10225.52,1.6845690104078395
2025.09.22 01:05:00,10159.47,10229.17,1.6845690104078395
2025.09.22 02:05:00,10159.47,10231.18,1.6845690104078395
2025.09.22 03:05:00,10159.47,10229.72,1.6845690104078395
2025.09.22 04:05:00,10159.47,10239.96,1.6845690104078395
2025.09.22 05:05:00,10159.47,10237.01,1.6845690104078395
2025.09.22 06:05:00,10159.47,10244.46,1.6845690104078395
2025.09.22 07:05:00,10159.25,10276.72,1.6845690104078395
2025.09.22 08:05:00,10159.25,10296.63,1.6845690104078395
2025.09.22 09:05:00,10159.25,10314.18,1.6845690104078395
2025.09.22 10:05:00,10159.25,10331.06,1.6845690104078395
2025.09.22 11:05:00,10159.25,10353.48,1.6845690104078395
2025.09.22 12:05:00,10159.25,10336.15,1.6845690104078395
2025.09.22 13:05:00,10159.25,10329.24,1.6845690104078395
2025.09.22 14:05:00,10159.25,10302.16,1.6845690104078395
2025.09.22 15:05:00,10159.25,10343.35,1.6845690104078395
2025.09.22 16:05:00,10159.25,10421.7,1.6845690104078395
2025.09.22 17:05:00,10159.25,10424.34,1.6845690104078395
2025.09.22 18:05:00,10451.78,10451.78,1.6845690104078395
2025.09.22 19:05:00,10451.78,10451.78,1.6845690104078395
2025.09.22 20:05:00,10451.78,10451.78,1.6845690104078395
2025.09.22 22:02:00,10451.78,10451.78,1.6845690104078395
2025.09.22 23:02:00,10451.78,10451.78,1.6845690104078395
2025.09.23 00:02:00,10451.78,10451.78,1.6845690104078395
2025.09.23 01:02:00,10451.78,10451.78,1.6845690104078395
2025.09.23 02:02:00,10451.78,10451.78,1.6845690104078395
2025.09.23 03:02:00,10451.78,10451.78,1.6845690104078395
2025.09.23 04:02:00,10451.78,10451.78,1.6845690104078395
2025.09.23 05:02:00,10451.78,10451.78,1.6845690104078395
2025.09.23 06:02:00,10451.78,10451.78,1.6845690104078395
2025.09.23 07:02:00,10451.78,10451.78,1.6845690104078395
2025.09.23 08:02:00,10451.78,10451.78,1.6845690104078395
2025.09.23 09:02:00,10451.56,10456.24,1.6845690104078395
2025.09.23 10:02:00,10451.56,10491.96,1.6845690104078395
2025.09.23 11:02:00,10451.56,10486.52,1.6845690104078395
2025.09.23 12:02:00,10451.56,10481.55,1.6845690104078395
2025.09.23 13:02:00,10451.56,10498.29,1.6845690104078395
2025.09.23 14:02:00,10451.56,10488.34,1.6845690104078395
2025.09.23 15:02:00,10451.56,10450.26,1.6845690104078395
2025.09.23 16:02:00,10451.56,10473.78,1.6845690104078395
2025.09.23 17:02:00,10451.56,10474.07,1.6845690104078395
2025.09.23 18:02:00,10451.56,10470.13,1.6845690104078395
2025.09.23 19:02:00,10411.87,10411.87,1.6845690104078395
2025.09.23 20:02:00,10411.87,10411.87,1.6845690104078395
2025.09.23 22:02:00,10411.87,10411.87,1.6845690104078395
2025.09.23 23:02:00,10411.87,10411.87,1.6845690104078395
2025.09.24 00:02:00,10411.87,10411.87,1.6845690104078395
2025.09.24 01:02:00,10411.87,10411.87,1.6845690104078395
2025.09.24 02:02:00,10411.87,10411.87,1.6845690104078395
2025.09.24 03:02:00,10411.87,10411.87,1.6845690104078395
2025.09.24 04:02:00,10411.87,10411.87,1.6845690104078395
2025.09.24 05:02:00,10411.87,10411.87,1.6845690104078395
2025.09.24 06:02:00,10411.87,10411.87,1.6845690104078395
2025.09.24 07:02:00,10411.87,10411.87,1.6845690104078395
2025.09.24 08:02:00,10411.87,10411.87,1.6845690104078395
2025.09.24 09:02:00,10411.87,10411.87,1.6845690104078395
2025.09.24 10:02:00,10411.87,10411.87,1.6845690104078395
2025.09.24 11:02:00,10411.87,10411.87,1.6845690104078395
2025.09.24 12:02:00,10411.87,10411.87,1.6845690104078395
2025.09.24 13:02:00,10411.87,10411.87,1.6845690104078395
2025.09.24 14:02:00,10411.87,10411.87,1.6845690104078395
2025.09.24 15:02:00,10411.87,10411.87,1.6845690104078395
2025.09.24 16:02:00,10411.87,10411.87,1.6845690104078395
2025.09.24 17:02:00,10411.87,10411.87,1.6845690104078395
2025.09.24 18:02:00,10411.87,10411.87,1.6845690104078395
2025.09.24 19:02:00,10411.87,10411.87,1.6845690104078395
2025.09.24 20:02:00,10411.87,10411.87,1.6845690104078395
2025.09.24 22:02:00,10411.87,10411.87,1.6845690104078395
2025.09.24 23:02:00,10411.87,10411.87,1.6845690104078395
2025.09.25 00:02:00,10411.87,10411.87,1.6845690104078395
2025.09.25 01:02:00,10411.87,10411.87,1.6845690104078395
2025.09.25 02:02:00,10411.87,10411.87,1.6845690104078395
2025.09.25 03:02:00,10411.87,10411.87,1.6845690104078395
2025.09.25 04:02:00,10411.87,10411.87,1.6845690104078395
2025.09.25 05:02:00,10411.87,10411.87,1.6845690104078395
2025.09.25 06:02:00,10411.87,10411.87,1.6845690104078395
2025.09.25 07:02:00,10411.87,10411.87,1.6845690104078395
2025.09.25 08:02:00,10411.81,10412.33,1.6845690104078395
2025.09.25 09:02:00,10411.81,10416.42,1.6845690104078395
2025.09.25 10:02:00,10411.81,10417.24,1.6845690104078395
2025.09.25 11:02:00,10411.81,10415.32,1.6845690104078395
2025.09.25 12:02:00,10411.81,10412.28,1.6845690104078395
2025.09.25 13:02:00,10411.81,10394.69,1.6845690104078395
2025.09.25 14:02:00,10411.81,10390.73,1.6845690104078395
2025.09.25 15:02:00,10411.81,10388.2,1.6845690104078395
2025.09.25 16:02:00,10411.81,10395.81,1.6845690104078395
2025.09.25 17:02:00,10411.81,10394.09,1.6845690104078395
2025.09.25 18:02:00,10411.81,10404.21,1.6845690104078395
2025.09.25 19:02:00,10411.81,10411.39,1.6845690104078395
2025.09.25 20:02:00,10411.81,10407.5,1.6845690104078395
2025.09.25 22:02:00,10411.81,10407.85,1.6845690104078395
2025.09.25 23:02:00,10411.81,10409.4,1.6845690104078395
2025.09.26 00:02:00,10411.81,10407.52,1.6845690104078395
2025.09.26 01:02:00,10411.81,10409.11,1.6845690104078395
2025.09.26 02:02:00,10411.81,10398.14,1.6845690104078395
2025.09.26 03:02:00,10411.81,10395.02,1.6845690104078395
2025.09.26 04:02:00,10411.81,10404.45,1.6845690104078395
2025.09.26 05:02:00,10411.81,10405.92,1.6845690104078395
2025.09.26 06:02:00,10411.81,10402.89,1.6845690104078395
2025.09.26 07:02:00,10411.81,10402.64,1.6845690104078395
2025.09.26 08:02:00,10411.81,10406.82,1.6845690104078395
2025.09.26 09:02:00,10411.81,10412.1,1.6845690104078395
2025.09.26 10:02:00,10411.81,10412.73,1.6845690104078395
2025.09.26 11:02:00,10411.81,10404.18,1.6845690104078395
2025.09.26 12:02:00,10411.81,10407.94,1.6845690104078395
2025.09.26 13:02:00,10411.81,10411.45,1.6845690104078395
2025.09.26 14:02:00,10411.81,10424.92,1.6845690104078395
2025.09.26 15:02:00,10411.81,10434.87,1.6845690104078395
2025.09.26 16:02:00,10411.81,10437.92,1.6845690104078395
2025.09.26 17:02:00,10411.81,10434.76,1.6845690104078395
2025.09.26 18:02:00,10411.81,10441.16,1.6845690104078395
2025.09.26 19:02:00,10411.81,10436.46,1.6845690104078395
2025.09.26 20:02:00,10411.81,10426.42,1.6845690104078395
2025.09.28 22:05:00,10411.81,10423.26,1.6845690104078395
2025.09.28 23:05:00,10411.81,10426.15,1.6845690104078395
2025.09.29 00:05:00,10411.81,10428.11,1.6845690104078395
2025.09.29 01:05:00,10411.64,10431.77,1.6845690104078395
2025.09.29 02:05:00,10379.11,10404.04,1.6845690104078395
2025.09.29 03:05:00,10379.11,10422.65,1.6845690104078395
2025.09.29 04:05:00,10379.11,10420.42,1.6845690104078395
2025.09.29 05:05:00,10379.11,10433.9,1.6845690104078395
2025.09.29 06:05:00,10379.11,10439.35,1.6845690104078395
2025.09.29 07:05:00,10379.11,10441.95,1.6845690104078395
2025.09.29 08:05:00,10379.11,10436.43,1.6845690104078395
2025.09.29 09:05:00,10379.11,10444.12,1.6845690104078395
2025.09.29 10:05:00,10379.11,10435.08,1.6845690104078395
2025.09.29 11:05:00,10379.11,10443.14,1.6845690104078395
2025.09.29 12:05:00,10379.11,10451.6,1.6845690104078395
2025.09.29 13:05:00,10379.11,10436.12,1.6845690104078395
2025.09.29 14:05:00,10379.11,10452.78,1.6845690104078395
2025.09.29 15:05:00,10379.11,10457.04,1.6845690104078395
2025.09.29 16:05:00,10379.11,10454.3,1.6845690104078395
2025.09.29 17:05:00,10379.11,10456.81,1.6845690104078395
2025.09.29 18:05:00,10379.11,10453.76,1.6845690104078395
2025.09.29 19:05:00,10379.11,10450.61,1.6845690104078395
2025.09.29 20:05:00,10379.11,10454.56,1.6845690104078395
2025.09.29 22:02:00,10379.11,10456.21,1.6845690104078395
2025.09.29 23:02:00,10379.11,10455.84,1.6845690104078395
2025.09.30 00:02:00,10379.11,10458.88,1.6845690104078395
2025.09.30 01:02:00,10379.11,10468.42,1.6845690104078395
2025.09.30 02:02:00,10476.47,10476.47,1.6845690104078395
2025.09.30 03:02:00,10476.47,10476.47,1.6845690104078395
2025.09.30 04:02:00,10476.47,10476.47,1.6845690104078395
2025.09.30 05:02:00,10476.47,10476.47,1.6845690104078395
2025.09.30 06:02:00,10476.47,10476.47,1.6845690104078395
2025.09.30 07:02:00,10476.47,10476.47,1.6845690104078395
2025.09.30 08:02:00,10476.47,10476.47,1.6845690104078395
2025.09.30 09:02:00,10476.47,10476.47,1.6845690104078395
2025.09.30 10:02:00,10476.47,10476.47,1.6845690104078395
2025.09.30 11:02:00,10476.47,10476.47,1.6845690104078395
2025.09.30 12:02:00,10476.47,10476.47,1.6845690104078395
2025.09.30 13:02:00,10476.47,10476.47,1.6845690104078395
2025.09.30 14:02:00,10476.47,10476.47,1.6845690104078395
2025.09.30 15:02:00,10476.41,10472.56,1.6845690104078395
2025.09.30 16:02:00,10476.41,10463.01,1.6845690104078395
2025.09.30 17:02:00,10476.41,10467.76,1.6845690104078395
2025.09.30 18:02:00,10476.41,10465.75,1.6845690104078395
2025.09.30 19:02:00,10476.41,10471.47,1.6845690104078395
2025.09.30 20:02:00,10476.41,10479.4,1.6845690104078395
2025.09.30 22:02:00,10476.41,10479.56,1.6845690104078395
2025.09.30 23:02:00,10476.41,10483.61,1.6845690104078395
2025.10.01 00:02:00,10476.41,10485.55,1.6845690104078395
2025.10.01 01:02:00,10476.41,10483.81,1.6845690104078395
2025.10.01 02:02:00,10476.41,10491.22,1.6845690104078395
2025.10.01 03:02:00,10476.41,10487.23,1.6845690104078395
2025.10.01 04:02:00,10476.41,10485.96,1.6845690104078395
2025.10.01 05:02:00,10476.41,10487.04,1.6845690104078395
2025.10.01 06:02:00,10476.41,10485.62,1.6845690104078395
2025.10.01 07:02:00,10476.41,10481.0,1.6845690104078395
2025.10.01 08:02:00,10476.41,10502.95,1.6845690104078395
2025.10.01 09:02:00,10476.41,10514.97,1.6845690104078395
2025.10.01 10:02:00,10476.41,10509.7,1.6845690104078395
2025.10.01 11:02:00,10476.41,10508.75,1.6845690104078395
2025.10.01 12:02:00,10476.41,10505.51,1.6845690104078395
2025.10.01 13:02:00,10476.41,10491.78,1.6845690104078395
2025.10.01 14:02:00,10476.41,10493.72,1.6845690104078395
2025.10.01 15:02:00,10476.41,10497.79,1.6845690104078395
2025.10.01 16:02:00,10476.41,10486.19,1.6845690104078395
2025.10.01 17:02:00,10476.41,10491.69,1.6845690104078395
2025.10.01 18:02:00,10476.41,10479.57,1.6845690104078395
2025.10.01 19:02:00,10476.41,10484.84,1.6845690104078395
2025.10.01 20:02:00,10476.41,10488.55,1.6845690104078395
2025.10.01 22:02:00,10476.41,10489.52,1.6845690104078395
2025.10.01 23:02:00,10476.41,10484.12,1.6845690104078395
2025.10.02 00:02:00,10476.41,10481.79,1.6845690104078395
2025.10.02 01:02:00,10476.41,10474.93,1.6845690104078395
2025.10.02 02:02:00,10476.41,10485.3,1.6845690104078395
2025.10.02 03:02:00,10476.41,10487.4,1.6845690104078395
2025.10.02 04:02:00,10476.41,10487.62,1.6845690104078395
2025.10.02 05:02:00,10476.41,10486.83,1.6845690104078395
2025.10.02 06:02:00,10476.41,10488.03,1.6845690104078395
2025.10.02 07:02:00,10476.41,10486.28,1.6845690104078395
2025.10.02 08:02:00,10476.41,10487.42,1.6845690104078395
2025.10.02 09:02:00,10476.41,10496.53,1.6845690104078395
2025.10.02 10:02:00,10476.41,10499.14,1.6845690104078395
2025.10.02 11:02:00,10476.41,10500.84,1.6845690104078395
2025.10.02 12:02:00,10476.41,10506.69,1.6845690104078395
2025.10.02 13:02:00,10476.41,10507.6,1.6845690104078395
2025.10.02 14:02:00,10476.41,10494.48,1.6845690104078395
2025.10.02 15:02:00,10476.41,10462.72,1.6845690104078395
2025.10.02 16:02:00,10476.41,10448.81,1.6845690104078395
2025.10.02 17:02:00,10476.41,10464.43,1.6845690104078395
2025.10.02 18:02:00,10476.41,10465.55,1.6845690104078395
2025.10.02 19:02:00,10476.41,10473.0,1.6845690104078395
2025.10.02 20:02:00,10476.41,10475.71,1.6845690104078395
2025.10.02 22:02:00,10476.41,10477.02,1.6845690104078395
2025.10.02 23:02:00,10476.41,10477.87,1.6845690104078395
2025.10.03 00:02:00,10476.41,10481.49,1.6845690104078395
2025.10.03 01:02:00,10476.41,10477.55,1.6845690104078395
2025.10.03 02:02:00,10476.41,10478.32,1.6845690104078395
2025.10.03 03:02:00,10476.41,10468.58,1.6845690104078395
2025.10.03 04:02:00,10476.41,10464.05,1.6845690104078395
2025.10.03 05:02:00,10476.41,10463.8,1.6845690104078395
2025.10.03 06:02:00,10476.41,10472.47,1.6845690104078395
2025.10.03 07:02:00,10476.41,10479.32,1.6845690104078395
2025.10.03 08:02:00,10476.41,10483.31,1.6845690104078395
2025.10.03 09:02:00,10476.41,10484.33,1.6845690104078395
2025.10.03 10:02:00,10476.41,10484.33,1.6845690104078395
2025.10.03 11:02:00,10476.41,10486.13,1.6845690104078395
2025.10.03 12:02:00,10476.41,10482.66,1.6845690104078395
2025.10.03 13:02:00,10476.41,10494.46,1.6845690104078395
2025.10.03 14:02:00,10476.41,10501.6,1.6845690104078395
2025.10.03 15:02:00,10476.41,10498.8,1.6845690104078395
2025.10.03 16:02:00,10476.41,10507.64,1.6845690104078395
2025.10.03 17:02:00,10476.41,10502.64,1.6845690104078395
2025.10.03 18:02:00,10476.41,10502.47,1.6845690104078395
2025.10.03 19:02:00,10476.41,10505.25,1.6845690104078395
2025.10.03 20:02:00,10476.41,10506.63,1.6845690104078395
2025.10.05 22:05:00,10476.41,10507.77,1.6845690104078395
2025.10.05 23:05:00,10476.41,10536.78,1.6845690104078395
2025.10.06 00:05:00,10476.41,10524.14,1.6845690104078395
2025.10.06 01:05:00,10476.41,10520.52,1.6845690104078395
2025.10.06 02:05:00,10476.41,10541.1,1.6845690104078395
2025.10.06 03:05:00,10476.41,10542.55,1.6845690104078395
2025.10.06 04:05:00,10476.41,10550.06,1.6845690104078395
2025.10.06 05:05:00,10476.41,10558.55,1.6845690104078395
2025.10.06 06:05:00,10476.41,10547.16,1.6845690104078395
2025.10.06 07:05:00,10476.41,10553.37,1.6845690104078395
2025.10.06 08:05:00,10476.41,10564.48,1.6845690104078395
2025.10.06 09:05:00,10476.41,10561.81,1.6845690104078395
2025.10.06 10:05:00,10476.41,10559.47,1.6845690104078395
2025.10.06 11:05:00,10476.41,10559.68,1.6845690104078395
2025.10.06 12:05:00,10476.41,10554.61,1.6845690104078395
2025.10.06 13:05:00,10476.41,10554.2,1.6845690104078395
2025.10.06 14:05:00,10476.41,10564.86,1.6845690104078395
2025.10.06 15:05:00,10476.41,10574.74,1.6845690104078395
2025.10.06 16:05:00,10476.41,10581.85,1.6845690104078395
2025.10.06 17:05:00,10476.41,10574.79,1.6845690104078395
2025.10.06 18:05:00,10476.41,10578.84,1.6845690104078395
2025.10.06 19:05:00,10476.41,10580.47,1.6845690104078395
2025.10.06 20:05:00,10476.41,10579.58,1.6845690104078395
2025.10.06 22:02:00,10476.41,10578.07,1.6845690104078395
2025.10.06 23:02:00,10476.41,10583.65,1.6845690104078395
2025.10.07 00:02:00,10476.41,10586.94,1.6845690104078395
2025.10.07 01:02:00,10476.41,10579.56,1.6845690104078395
2025.10.07 02:02:00,10476.41,10577.47,1.6845690104078395
2025.10.07 03:02:00,10476.41,10583.71,1.6845690104078395
2025.10.07 04:02:00,10476.41,10591.36,1.6845690104078395
2025.10.07 05:02:00,10476.41,10594.61,1.6845690104078395
2025.10.07 06:02:00,10476.41,10581.63,1.6845690104078395
2025.10.07 07:02:00,10476.41,10572.86,1.6845690104078395
2025.10.07 08:02:00,10476.41,10564.22,1.6845690104078395
2025.10.07 09:02:00,10476.41,10571.39,1.6845690104078395
2025.10.07 10:02:00,10476.41,10574.11,1.6845690104078395
2025.10.07 11:02:00,10476.41,10578.05,1.6845690104078395
2025.10.07 12:02:00,10476.41,10587.44,1.6845690104078395
2025.10.07 13:02:00,10476.41,10597.49,1.6845690104078395
2025.10.07 14:02:00,10476.41,10595.87,1.6845690104078395
2025.10.07 15:02:00,10476.41,10604.51,1.6845690104078395
2025.10.07 16:02:00,10607.93,10607.93,1.6845690104078395
2025.10.07 17:02:00,10607.93,10607.93,1.6845690104078395
2025.10.07 18:02:00,10607.93,10607.93,1.6845690104078395
2025.10.07 19:02:00,10607.93,10607.93,1.6845690104078395
2025.10.07 20:02:00,10607.93,10607.93,1.6845690104078395
2025.10.07 22:02:00,10607.93,10607.93,1.6845690104078395
2025.10.07 23:02:00,10607.93,10607.93,1.6845690104078395
2025.10.08 00:02:00,10607.93,10607.93,1.6845690104078395
2025.10.08 01:02:00,10607.93,10607.93,1.6845690104078395
2025.10.08 02:02:00,10607.93,10607.93,1.6845690104078395
2025.10.08 03:02:00,10607.93,10607.93,1.6845690104078395
2025.10.08 04:02:00,10607.93,10607.93,1.6845690104078395
2025.10.08 05:02:00,10607.93,10607.93,1.6845690104078395
2025.10.08 06:02:00,10607.93,10607.93,1.6845690104078395
2025.10.08 07:02:00,10607.93,10607.93,1.6845690104078395
2025.10.08 08:02:00,10607.93,10607.93,1.6845690104078395
2025.10.08 09:02:00,10607.93,10607.93,1.6845690104078395
2025.10.08 10:02:00,10607.93,10607.93,1.6845690104078395
2025.10.08 11:02:00,10607.93,10607.93,1.6845690104078395
2025.10.08 12:02:00,10607.93,10607.93,1.6845690104078395
2025.10.08 13:02:00,10607.93,10607.93,1.6845690104078395
2025.10.08 14:02:00,10607.93,10607.93,1.6845690104078395
2025.10.08 15:02:00,10607.93,10607.93,1.6845690104078395
2025.10.08 16:02:00,10607.93,10607.93,1.6845690104078395
2025.10.08 17:02:00,10607.93,10607.93,1.6845690104078395
2025.10.08 18:02:00,10607.93,10607.93,1.6845690104078395
2025.10.08 19:02:00,10607.93,10607.93,1.6845690104078395
2025.10.08 20:02:00,10607.93,10607.93,1.6845690104078395
2025.10.08 22:02:00,10607.93,10607.93,1.6845690104078395
2025.10.08 23:02:00,10607.93,10607.93,1.6845690104078395
2025.10.09 00:02:00,10607.93,10607.93,1.6845690104078395
2025.10.09 01:02:00,10607.93,10607.93,1.6845690104078395
2025.10.09 02:02:00,10607.93,10607.93,1.6845690104078395
2025.10.09 03:02:00,10607.93,10607.93,1.6845690104078395
2025.10.09 04:02:00,10607.93,10607.93,1.6845690104078395
2025.10.09 05:02:00,10607.87,10604.93,1.6845690104078395
2025.10.09 06:02:00,10607.87,10607.04,1.6845690104078395
2025.10.09 07:02:00,10607.87,10594.98,1.6845690104078395
2025.10.09 08:02:00,10607.87,10601.39,1.6845690104078395
2025.10.09 09:02:00,10607.87,10607.38,1.6845690104078395
2025.10.09 10:02:00,10607.87,10607.79,1.6845690104078395
2025.10.09 11:02:00,10607.87,10612.98,1.6845690104078395
2025.10.09 12:02:00,10607.87,10609.75,1.6845690104078395
2025.10.09 13:02:00,10607.87,10621.67,1.6845690104078395
2025.10.09 14:02:00,10607.87,10587.08,1.6845690104078395
2025.10.09 15:02:00,10607.87,10590.78,1.6845690104078395
2025.10.09 16:02:00,10607.87,10587.6,1.6845690104078395
2025.10.09 17:02:00,10558.44,10558.44,1.6845690104078395
2025.10.09 18:02:00,10558.44,10558.44,1.6845690104078395
2025.10.09 19:02:00,10558.44,10558.44,1.6845690104078395
2025.10.09 20:02:00,10558.44,10558.44,1.6845690104078395
2025.10.09 22:02:00,10558.44,10558.44,1.6845690104078395
2025.10.09 23:02:00,10558.44,10558.44,1.6845690104078395
2025.10.10 00:02:00,10558.44,10558.44,1.6845690104078395
2025.10.10 01:02:00,10558.44,10558.44,1.6845690104078395
2025.10.10 02:02:00,10558.44,10558.44,1.6845690104078395
2025.10.10 03:02:00,10558.44,10558.44,1.6845690104078395
2025.10.10 04:02:00,10558.44,10558.44,1.6845690104078395
2025.10.10 05:02:00,10558.44,10558.44,1.6845690104078395
2025.10.10 06:02:00,10558.44,10558.44,1.6845690104078395
2025.10.10 07:02:00,10558.44,10558.44,1.6845690104078395
2025.10.10 08:02:00,10558.44,10558.44,1.6845690104078395
2025.10.10 09:02:00,10558.44,10558.44,1.6845690104078395
2025.10.10 10:02:00,10558.44,10558.44,1.6845690104078395
2025.10.10 11:02:00,10558.44,10558.44,1.6845690104078395
2025.10.10 12:02:00,10558.44,10558.44,1.6845690104078395
2025.10.10 13:02:00,10558.44,10558.44,1.6845690104078395
2025.10.10 14:02:00,10558.44,10558.44,1.6845690104078395
2025.10.10 15:02:00,10558.44,10558.44,1.6845690104078395
2025.10.10 16:02:00,10558.44,10558.44,1.6845690104078395
2025.10.10 17:02:00,10558.44,10558.44,1.6845690104078395
2025.10.10 18:02:00,10558.44,10558.44,1.6845690104078395
2025.10.10 19:02:00,10558.44,10558.44,1.6845690104078395
2025.10.10 20:02:00,10558.44,10558.44,1.6845690104078395
2025.10.12 22:05:00,10558.44,10558.44,1.6845690104078395
2025.10.12 23:05:00,10558.44,10558.44,1.6845690104078395
2025.10.13 00:05:00,10558.44,10558.44,1.6845690104078395
2025.10.13 01:05:00,10558.44,10558.44,1.6845690104078395
2025.10.13 02:05:00,10558.44,10558.44,1.6845690104078395
2025.10.13 03:05:00,10558.44,10558.44,1.6845690104078395
2025.10.13 04:05:00,10558.44,10558.44,1.6845690104078395
2025.10.13 05:05:00,10558.44,10558.44,1.6845690104078395
2025.10.13 06:05:00,10558.44,10558.44,1.6845690104078395
2025.10.13 07:05:00,10558.44,10558.44,1.6845690104078395
2025.10.13 08:05:00,10558.44,10558.44,1.6845690104078395
2025.10.13 09:05:00,10558.44,10558.44,1.6845690104078395
2025.10.13 10:05:00,10558.44,10558.44,1.6845690104078395
2025.10.13 11:05:00,10558.44,10558.44,1.6845690104078395
2025.10.13 12:05:00,10558.44,10558.44,1.6845690104078395
2025.10.13 13:05:00,10558.44,10558.44,1.6845690104078395
2025.10.13 14:05:00,10558.44,10558.44,1.6845690104078395
2025.10.13 15:05:00,10558.44,10558.44,1.6845690104078395
2025.10.13 16:05:00,10558.44,10558.44,1.6845690104078395
2025.10.13 17:05:00,10558.44,10558.44,1.6845690104078395
2025.10.13 18:05:00,10558.44,10558.44,1.6845690104078395
2025.10.13 19:05:00,10558.44,10558.44,1.6845690104078395
2025.10.13 20:05:00,10558.44,10558.44,1.6845690104078395
2025.10.13 22:02:00,10558.44,10558.44,1.6845690104078395
2025.10.13 23:02:00,10558.44,10558.44,1.6845690104078395
2025.10.14 00:02:00,10558.44,10558.44,1.6845690104078395
2025.10.14 01:02:00,10558.44,10558.44,1.6845690104078395
2025.10.14 02:02:00,10558.27,10562.91,1.6845690104078395
2025.10.14 03:02:00,10558.27,10590.37,1.6845690104078395
2025.10.14 04:02:00,10558.27,10635.98,1.6845690104078395
2025.10.14 05:02:00,10558.27,10648.04,1.6845690104078395
2025.10.14 06:02:00,10684.95,10684.95,1.6845690104078395
2025.10.14 07:02:00,10684.95,10684.95,1.6845690104078395
2025.10.14 08:02:00,10684.89,10686.48,1.6845690104078395
2025.10.14 09:02:00,10684.89,10699.61,1.6845690104078395
2025.10.14 10:02:00,10684.89,10687.18,1.6845690104078395
2025.10.14 11:02:00,10684.89,10690.71,1.6845690104078395
2025.10.14 12:02:00,10684.89,10692.49,1.6845690104078395
2025.10.14 13:02:00,10684.89,10659.95,1.6845690104078395
2025.10.14 14:02:00,10684.89,10685.15,1.6845690104078395
2025.10.14 15:02:00,10684.89,10691.01,1.6845690104078395
2025.10.14 16:02:00,10684.89,10700.08,1.6845690104078395
2025.10.14 17:02:00,10684.89,10701.08,1.6845690104078395
2025.10.14 18:02:00,10684.89,10710.26,1.6845690104078395
2025.10.14 19:02:00,10684.89,10708.02,1.6845690104078395
2025.10.14 20:02:00,10684.89,10702.61,1.6845690104078395
2025.10.14 22:02:00,10684.89,10702.41,1.6845690104078395
2025.10.14 23:02:00,10684.89,10716.5,1.6845690104078395
2025.10.15 00:02:00,10684.89,10717.72,1.6845690104078395
2025.10.15 01:02:00,10684.89,10725.59,1.6845690104078395
2025.10.15 02:02:00,10684.89,10741.24,1.6845690104078395
2025.10.15 03:02:00,10684.89,10735.3,1.6845690104078395
2025.10.15 04:02:00,10684.89,10743.8,1.6845690104078395
2025.10.15 05:02:00,10684.89,10736.0,1.6845690104078395
2025.10.15 06:02:00,10684.89,10742.86,1.6845690104078395
2025.10.15 07:02:00,10684.89,10754.94,1.6845690104078395
2025.10.15 08:02:00,10684.89,10766.12,1.6845690104078395
2025.10.15 09:02:00,10684.89,10769.21,1.6845690104078395
2025.10.15 10:02:00,10684.89,10753.34,1.6845690104078395
2025.10.15 11:02:00,10684.89,10759.78,1.6845690104078395
2025.10.15 12:02:00,10684.89,10757.17,1.6845690104078395
2025.10.15 13:02:00,10684.89,10745.12,1.6845690104078395
2025.10.15 14:02:00,10684.89,10758.75,1.6845690104078395
2025.10.15 15:02:00,10684.89,10756.88,1.6845690104078395
2025.10.15 16:02:00,10684.89,10747.31,1.6845690104078395
2025.10.15 17:02:00,10684.89,10756.71,1.6845690104078395
2025.10.15 18:02:00,10684.89,10755.45,1.6845690104078395
2025.10.15 19:02:00,10684.89,10760.48,1.6845690104078395
2025.10.15 20:02:00,10684.89,10768.9,1.6845690104078395
2025.10.15 22:02:00,10684.89,10770.0,1.6845690104078395
2025.10.15 23:02:00,10684.89,10772.34,1.6845690104078395
2025.10.16 00:02:00,10684.89,10765.52,1.6845690104078395
2025.10.16 01:02:00,10684.89,10771.91,1.6845690104078395
2025.10.16 02:02:00,10684.89,10788.54,1.6845690104078395
2025.10.16 03:02:00,10684.89,10795.35,1.6845690104078395
2025.10.16 04:02:00,10684.89,10789.33,1.6845690104078395
2025.10.16 05:02:00,10684.89,10790.44,1.6845690104078395
2025.10.16 06:02:00,10684.89,10765.56,1.6845690104078395
2025.10.16 07:02:00,10684.89,10781.7,1.6845690104078395
2025.10.16 08:02:00,10684.89,10790.74,1.6845690104078395
2025.10.16 09:02:00,10684.89,10790.54,1.6845690104078395
2025.10.16 10:02:00,10684.89,10799.05,1.6845690104078395
2025.10.16 11:02:00,10684.89,10797.56,1.6845690104078395
2025.10.16 12:02:00,10684.89,10797.16,1.6845690104078395
2025.10.16 13:02:00,10684.89,10800.34,1.6845690104078395
2025.10.16 14:02:00,10684.89,10812.03,1.6845690104078395
2025.10.16 15:02:00,10684.89,10818.85,1.6845690104078395
2025.10.16 16:02:00,10684.89,10831.23,1.6845690104078395
2025.10.16 17:02:00,10684.89,10840.4,1.6845690104078395
2025.10.16 18:02:00,10684.89,10849.44,1.6845690104078395
2025.10.16 19:02:00,10684.89,10847.62,1.6845690104078395
2025.10.16 20:02:00,10856.02,10856.02,1.6845690104078395
2025.10.16 22:02:00,10856.02,10856.02,1.6845690104078395
2025.10.16 23:02:00,10855.91,10847.28,1.6845690104078395
2025.10.17 00:02:00,10855.91,10888.77,1.6845690104078395
2025.10.17 01:02:00,10855.91,10869.73,1.6845690104078395
2025.10.17 02:02:00,10814.07,10814.07,1.6845690104078395
2025.10.17 03:02:00,10814.07,10814.07,1.6845690104078395
2025.10.17 04:02:00,10814.07,10814.07,1.6845690104078395
2025.10.17 05:02:00,10814.07,10814.07,1.6845690104078395
2025.10.17 06:02:00,10814.07,10814.07,1.6845690104078395
2025.10.17 07:02:00,10814.07,10814.07,1.6845690104078395
2025.10.17 08:02:00,10814.07,10814.07,1.6845690104078395
2025.10.17 09:02:00,10814.07,10814.07,1.6845690104078395
2025.10.17 10:02:00,10814.07,10814.07,1.6845690104078395
2025.10.17 11:02:00,10814.07,10814.07,1.6845690104078395
2025.10.17 12:02:00,10814.07,10814.07,1.6845690104078395
2025.10.17 13:02:00,10814.07,10814.07,1.6845690104078395
2025.10.17 14:02:00,10814.07,10814.07,1.6845690104078395
2025.10.17 15:02:00,10814.07,10814.07,1.6845690104078395
2025.10.17 16:02:00,10814.07,10814.07,1.6845690104078395
2025.10.17 17:02:00,10814.07,10814.07,1.6845690104078395
2025.10.17 18:02:00,10814.07,10814.07,1.6845690104078395
2025.10.17 19:02:00,10814.07,10814.07,1.6845690104078395
2025.10.17 20:02:00,10814.07,10814.07,1.6845690104078395
2025.10.19 22:05:00,10814.07,10814.07,1.6845690104078395
2025.10.19 23:05:00,10814.07,10814.07,1.6845690104078395
2025.10.20 00:05:00,10814.07,10814.07,1.6845690104078395
2025.10.20 01:05:00,10814.07,10814.07,1.6845690104078395
2025.10.20 02:05:00,10814.07,10814.07,1.6845690104078395
2025.10.20 03:05:00,10814.07,10814.07,1.6845690104078395
2025.10.20 04:05:00,10814.07,10814.07,1.6845690104078395
2025.10.20 05:05:00,10814.07,10814.07,1.6845690104078395
2025.10.20 06:05:00,10814.07,10814.07,1.6845690104078395
2025.10.20 07:05:00,10814.07,10814.07,1.6845690104078395
2025.10.20 08:05:00,10814.07,10814.07,1.6845690104078395
2025.10.20 09:05:00,10814.07,10814.07,1.6845690104078395
2025.10.20 10:05:00,10814.07,10814.07,1.6845690104078395
2025.10.20 11:05:00,10814.07,10814.07,1.6845690104078395
2025.10.20 12:05:00,10814.01,10810.98,1.6845690104078395
2025.10.20 13:05:00,10814.01,10852.93,1.6845690104078395
2025.10.20 14:05:00,10814.01,10829.81,1.6845690104078395
2025.10.20 15:05:00,10814.01,10872.58,1.6845690104078395
2025.10.20 16:05:00,10814.01,10878.77,1.6845690104078395
2025.10.20 17:05:00,10814.01,10883.61,1.6845690104078395
2025.10.20 18:05:00,10814.01,10883.02,1.6845690104078395
2025.10.20 19:05:00,10814.01,10896.26,1.6845690104078395
2025.10.20 20:05:00,10814.01,10898.49,1.6845690104078395
2025.10.20 22:02:00,10814.01,10899.22,1.6845690104078395
2025.10.20 23:02:00,10814.01,10903.39,1.6845690104078395
2025.10.21 00:02:00,10814.01,10894.67,1.6845690104078395
2025.10.21 01:02:00,10814.01,10901.77,1.6845690104078395
2025.10.21 02:02:00,10814.01,10880.36,1.6845690104078395
2025.10.21 03:02:00,10814.01,10874.79,1.6845690104078395
2025.10.21 04:02:00,10814.01,10879.0,1.6845690104078395
2025.10.21 05:02:00,10814.01,10876.06,1.6845690104078395
2025.10.21 06:02:00,10814.01,10854.0,1.6845690104078395
2025.10.21 07:02:00,10814.01,10872.8,1.6845690104078395
2025.10.21 08:02:00,10814.01,10827.62,1.6845690104078395
2025.10.21 09:02:00,10814.01,10812.11,1.6845690104078395
2025.10.21 10:02:00,10814.01,10799.84,1.6845690104078395
2025.10.21 11:02:00,10814.01,10791.75,1.6845690104078395
2025.10.21 12:02:00,10814.01,10790.61,1.6845690104078395
2025.10.21 13:02:00,10737.29,10737.29,1.6845690104078395
2025.10.21 14:02:00,10737.29,10737.29,1.6845690104078395
2025.10.21 15:02:00,10737.29,10737.29,1.6845690104078395
2025.10.21 16:02:00,10737.29,10737.29,1.6845690104078395
2025.10.21 17:02:00,10737.29,10737.29,1.6845690104078395
2025.10.21 18:02:00,10737.29,10737.29,1.6845690104078395
2025.10.21 19:02:00,10737.29,10737.29,1.6845690104078395
2025.10.21 20:02:00,10737.29,10737.29,1.6845690104078395
2025.10.21 22:02:00,10737.29,10737.29,1.6845690104078395
2025.10.21 23:02:00,10737.29,10737.29,1.6845690104078395
2025.10.22 00:02:00,10737.29,10737.29,1.6845690104078395
2025.10.22 01:02:00,10737.29,10737.29,1.6845690104078395
2025.10.22 02:02:00,10737.29,10737.29,1.6845690104078395
2025.10.22 03:02:00,10737.29,10737.29,1.6845690104078395
2025.10.22 04:02:00,10737.29,10737.29,1.6845690104078395
2025.10.22 05:02:00,10737.29,10737.29,1.6845690104078395
2025.10.22 06:02:00,10737.29,10737.29,1.6845690104078395
2025.10.22 07:02:00,10737.29,10737.29,1.6845690104078395
2025.10.22 08:02:00,10737.29,10737.29,1.6845690104078395
2025.10.22 09:02:00,10737.29,10737.29,1.6845690104078395
2025.10.22 10:02:00,10737.29,10737.29,1.6845690104078395
2025.10.22 11:02:00,10737.29,10737.29,1.6845690104078395
2025.10.22 12:02:00,10737.29,10737.29,1.6845690104078395
2025.10.22 13:02:00,10737.29,10737.29,1.6845690104078395
2025.10.22 14:02:00,10737.29,10737.29,1.6845690104078395
2025.10.22 15:02:00,10737.29,10737.29,1.6845690104078395
2025.10.22 16:02:00,10737.29,10737.29,1.6845690104078395
2025.10.22 17:02:00,10737.29,10737.29,1.6845690104078395
2025.10.22 18:02:00,10737.29,10737.29,1.6845690104078395
2025.10.22 19:02:00,10737.29,10737.29,1.6845690104078395
2025.10.22 20:02:00,10737.29,10737.29,1.6845690104078395
2025.10.22 22:02:00,10737.29,10737.29,1.6845690104078395
2025.10.22 23:02:00,10737.29,10737.29,1.6845690104078395
2025.10.23 00:02:00,10737.29,10737.29,1.6845690104078395
2025.10.23 01:02:00,10737.29,10737.29,1.6845690104078395
2025.10.23 02:02:00,10737.29,10737.29,1.6845690104078395
2025.10.23 03:02:00,10737.29,10737.29,1.6845690104078395
2025.10.23 04:02:00,10737.29,10737.29,1.6845690104078395
2025.10.23 05:02:00,10737.29,10737.29,1.6845690104078395
2025.10.23 06:02:00,10737.29,10737.29,1.6845690104078395
2025.10.23 07:02:00,10737.29,10737.29,1.6845690104078395
2025.10.23 08:02:00,10737.29,10737.29,1.6845690104078395
2025.10.23 09:02:00,10737.29,10737.29,1.6845690104078395
2025.10.23 10:02:00,10737.29,10737.29,1.6845690104078395
2025.10.23 11:02:00,10737.29,10737.29,1.6845690104078395
2025.10.23 12:02:00,10737.29,10737.29,1.6845690104078395
2025.10.23 13:02:00,10737.29,10737.29,1.6845690104078395
2025.10.23 14:02:00,10737.29,10737.29,1.6845690104078395
2025.10.23 15:02:00,10737.29,10737.29,1.6845690104078395
2025.10.23 16:02:00,10737.29,10737.29,1.6845690104078395
2025.10.23 17:02:00,10737.29,10737.29,1.6845690104078395
2025.10.23 18:02:00,10737.29,10737.29,1.6845690104078395
2025.10.23 19:02:00,10737.29,10737.29,1.6845690104078395
2025.10.23 20:02:00,10737.29,10737.29,1.6845690104078395
2025.10.23 22:02:00,10737.29,10737.29,1.6845690104078395
2025.10.23 23:02:00,10737.29,10737.29,1.6845690104078395
2025.10.24 00:02:00,10737.29,10737.29,1.6845690104078395
2025.10.24 01:02:00,10737.29,10737.29,1.6845690104078395
2025.10.24 02:02:00,10737.29,10737.29,1.6845690104078395
2025.10.24 03:02:00,10737.29,10737.29,1.6845690104078395
2025.10.24 04:02:00,10737.29,10737.29,1.6845690104078395
2025.10.24 05:02:00,10737.29,10737.29,1.6845690104078395
2025.10.24 06:02:00,10737.29,10737.29,1.6845690104078395
2025.10.24 07:02:00,10737.29,10737.29,1.6845690104078395
2025.10.24 08:02:00,10737.29,10737.29,1.6845690104078395
2025.10.24 09:02:00,10737.29,10737.29,1.6845690104078395
2025.10.24 10:02:00,10737.29,10737.29,1.6845690104078395
2025.10.24 11:02:00,10737.29,10737.29,1.6845690104078395
2025.10.24 12:02:00,10737.29,10737.29,1.6845690104078395
2025.10.24 13:02:00,10737.29,10737.29,1.6845690104078395
2025.10.24 14:02:00,10737.29,10737.29,1.6845690104078395
2025.10.24 15:02:00,10737.29,10737.29,1.6845690104078395
2025.10.24 16:02:00,10737.29,10737.29,1.6845690104078395
2025.10.24 17:02:00,10737.29,10737.29,1.6845690104078395
2025.10.24 18:02:00,10737.29,10737.29,1.6845690104078395
2025.10.24 19:02:00,10737.29,10737.29,1.6845690104078395
2025.10.24 20:02:00,10737.29,10737.29,1.6845690104078395
2025.10.26 22:05:00,10737.29,10737.29,1.6845690104078395
2025.10.26 23:05:00,10737.29,10737.29,1.6845690104078395
2025.10.27 00:05:00,10737.29,10737.29,1.6845690104078395
2025.10.27 01:05:00,10737.29,10737.29,1.6845690104078395
2025.10.27 02:05:00,10737.29,10737.29,1.6845690104078395
2025.10.27 03:05:00,10737.29,10737.29,1.6845690104078395
2025.10.27 04:05:00,10737.29,10737.29,1.6845690104078395
2025.10.27 05:05:00,10737.29,10737.29,1.6845690104078395
2025.10.27 06:05:00,10737.29,10737.29,1.6845690104078395
2025.10.27 07:05:00,10737.29,10737.29,1.6845690104078395
2025.10.27 08:05:00,10737.29,10737.29,1.6845690104078395
2025.10.27 09:05:00,10737.29,10737.29,1.6845690104078395
2025.10.27 10:05:00,10737.29,10737.29,1.6845690104078395
2025.10.27 11:05:00,10737.29,10737.29,1.6845690104078395
2025.10.27 12:05:00,10737.29,10737.29,1.6845690104078395
2025.10.27 13:05:00,10737.29,10737.29,1.6845690104078395
2025.10.27 14:05:00,10737.29,10737.29,1.6845690104078395
2025.10.27 15:05:00,10737.29,10737.29,1.6845690104078395
2025.10.27 16:05:00,10737.29,10737.29,1.6845690104078395
2025.10.27 17:05:00,10737.29,10737.29,1.6845690104078395
2025.10.27 18:05:00,10737.29,10737.29,1.6845690104078395
2025.10.27 19:05:00,10737.29,10737.29,1.6845690104078395
2025.10.27 20:05:00,10737.29,10737.29,1.6845690104078395
2025.10.27 22:02:00,10737.29,10737.29,1.6845690104078395
2025.10.27 23:02:00,10737.29,10737.29,1.6845690104078395
2025.10.28 00:02:00,10737.29,10737.29,1.6845690104078395
2025.10.28 01:02:00,10737.29,10737.29,1.6845690104078395
2025.10.28 02:02:00,10737.29,10737.29,1.6845690104078395
2025.10.28 03:02:00,10737.29,10737.29,1.6845690104078395
2025.10.28 04:02:00,10737.29,10737.29,1.6845690104078395
2025.10.28 05:02:00,10737.29,10737.29,1.6845690104078395
2025.10.28 06:02:00,10737.29,10737.29,1.6845690104078395
2025.10.28 07:02:00,10737.29,10737.29,1.6845690104078395
2025.10.28 08:02:00,10737.29,10737.29,1.6845690104078395
2025.10.28 09:02:00,10737.29,10737.29,1.6845690104078395
2025.10.28 10:02:00,10737.29,10737.29,1.6845690104078395
2025.10.28 11:02:00,10737.29,10737.29,1.6845690104078395
2025.10.28 12:02:00,10737.29,10737.29,1.6845690104078395
2025.10.28 13:02:00,10737.29,10737.29,1.6845690104078395
2025.10.28 14:02:00,10737.29,10737.29,1.6845690104078395
2025.10.28 15:02:00,10737.29,10737.29,1.6845690104078395
2025.10.28 16:02:00,10737.29,10737.29,1.6845690104078395
2025.10.28 17:02:00,10737.29,10737.29,1.6845690104078395
2025.10.28 18:02:00,10737.29,10737.29,1.6845690104078395
2025.10.28 19:02:00,10737.29,10737.29,1.6845690104078395
2025.10.28 20:02:00,10737.29,10737.29,1.6845690104078395
2025.10.28 22:02:00,10737.29,10737.29,1.6845690104078395
2025.10.28 23:02:00,10737.29,10737.29,1.6845690104078395
2025.10.29 00:02:00,10737.29,10737.29,1.6845690104078395
2025.10.29 01:02:00,10737.29,10737.29,1.6845690104078395
2025.10.29 02:02:00,10737.29,10737.29,1.6845690104078395
2025.10.29 03:02:00,10737.29,10737.29,1.6845690104078395
2025.10.29 04:02:00,10737.29,10737.29,1.6845690104078395
2025.10.29 05:02:00,10737.29,10737.29,1.6845690104078395
2025.10.29 06:02:00,10737.29,10737.29,1.6845690104078395
2025.10.29 07:02:00,10737.29,10737.29,1.6845690104078395
2025.10.29 08:02:00,10737.29,10737.29,1.6845690104078395
2025.10.29 09:02:00,10737.29,10737.29,1.6845690104078395
2025.10.29 10:02:00,10737.29,10737.29,1.6845690104078395
2025.10.29 11:02:00,10737.29,10737.29,1.6845690104078395
2025.10.29 12:02:00,10737.29,10737.29,1.6845690104078395
2025.10.29 13:02:00,10737.29,10737.29,1.6845690104078395
2025.10.29 14:02:00,10737.29,10737.29,1.6845690104078395
2025.10.29 15:02:00,10737.29,10737.29,1.6845690104078395
2025.10.29 16:02:00,10737.29,10737.29,1.6845690104078395
2025.10.29 17:02:00,10737.29,10737.29,1.6845690104078395
2025.10.29 18:02:00,10737.29,10737.29,1.6845690104078395
2025.10.29 19:02:00,10737.29,10737.29,1.6845690104078395
2025.10.29 20:02:00,10737.29,10737.29,1.6845690104078395
2025.10.29 22:02:00,10737.29,10737.29,1.6845690104078395
2025.10.29 23:02:00,10737.29,10737.29,1.6845690104078395
2025.10.30 00:02:00,10737.29,10737.29,1.6845690104078395
2025.10.30 01:02:00,10737.29,10737.29,1.6845690104078395
2025.10.30 02:02:00,10737.29,10737.29,1.6845690104078395
2025.10.30 03:02:00,10737.29,10737.29,1.6845690104078395
2025.10.30 04:02:00,10737.29,10737.29,1.6845690104078395
2025.10.30 05:02:00,10737.29,10737.29,1.6845690104078395
2025.10.30 06:02:00,10737.29,10737.29,1.6845690104078395
2025.10.30 07:02:00,10737.29,10737.29,1.6845690104078395
2025.10.30 08:02:00,10737.29,10737.29,1.6845690104078395
2025.10.30 09:02:00,10737.29,10737.29,1.6845690104078395
2025.10.30 10:02:00,10737.29,10737.29,1.6845690104078395
2025.10.30 11:02:00,10737.29,10737.29,1.6845690104078395
2025.10.30 12:02:00,10737.29,10737.29,1.6845690104078395
2025.10.30 13:02:00,10737.29,10737.29,1.6845690104078395
2025.10.30 14:02:00,10737.29,10737.29,1.6845690104078395
2025.10.30 15:02:00,10737.29,10737.29,1.6845690104078395
2025.10.30 16:02:00,10737.29,10737.29,1.6845690104078395
2025.10.30 17:02:00,10737.29,10737.29,1.6845690104078395
2025.10.30 18:02:00,10737.29,10737.29,1.6845690104078395
2025.10.30 19:02:00,10737.29,10737.29,1.6845690104078395
2025.10.30 20:02:00,10737.29,10737.29,1.6845690104078395
2025.10.30 22:02:00,10737.29,10737.29,1.6845690104078395
2025.10.30 23:02:00,10737.29,10737.29,1.6845690104078395
2025.10.31 00:02:00,10737.29,10737.29,1.6845690104078395
2025.10.31 01:02:00,10737.29,10737.29,1.6845690104078395
2025.10.31 02:02:00,10737.29,10737.29,1.6845690104078395
2025.10.31 03:02:00,10737.29,10737.29,1.6845690104078395
2025.10.31 04:02:00,10737.29,10737.29,1.6845690104078395
2025.10.31 05:02:00,10737.29,10737.29,1.6845690104078395
2025.10.31 06:02:00,10737.29,10737.29,1.6845690104078395
2025.10.31 07:02:00,10737.29,10737.29,1.6845690104078395
2025.10.31 08:02:00,10737.29,10737.29,1.6845690104078395
2025.10.31 09:02:00,10737.29,10737.29,1.6845690104078395
2025.10.31 10:02:00,10737.29,10737.29,1.6845690104078395
2025.10.31 11:02:00,10737.29,10737.29,1.6845690104078395
2025.10.31 12:02:00,10737.29,10737.29,1.6845690104078395
2025.10.31 13:02:00,10737.29,10737.29,1.6845690104078395
2025.10.31 14:02:00,10737.29,10737.29,1.6845690104078395
2025.10.31 15:02:00,10737.29,10737.29,1.6845690104078395
2025.10.31 16:02:00,10737.29,10737.29,1.6845690104078395
2025.10.31 17:02:00,10737.29,10737.29,1.6845690104078395
2025.10.31 18:02:00,10737.29,10737.29,1.6845690104078395
2025.10.31 19:02:00,10737.29,10737.29,1.6845690104078395
2025.10.31 20:02:00,10737.29,10737.29,1.6845690104078395
2025.11.02 23:01:00,10737.29,10737.29,1.6845690104078395
2025.11.03 00:01:00,10737.29,10737.29,1.6845690104078395
2025.11.03 01:01:00,10737.29,10737.29,1.6845690104078395
2025.11.03 02:01:00,10737.29,10737.29,1.6845690104078395
2025.11.03 03:01:00,10737.29,10737.29,1.6845690104078395
2025.11.03 04:01:00,10737.29,10737.29,1.6845690104078395
2025.11.03 05:01:00,10737.29,10737.29,1.6845690104078395
2025.11.03 06:01:00,10737.29,10737.29,1.6845690104078395
2025.11.03 07:01:00,10737.29,10737.29,1.6845690104078395
2025.11.03 08:01:00,10737.29,10737.29,1.6845690104078395
2025.11.03 09:01:00,10737.29,10737.29,1.6845690104078395
2025.11.03 10:01:00,10737.29,10737.29,1.6845690104078395
2025.11.03 11:01:00,10737.29,10737.29,1.6845690104078395
2025.11.03 12:01:00,10737.29,10737.29,1.6845690104078395
2025.11.03 13:01:00,10737.29,10737.29,1.6845690104078395
2025.11.03 14:01:00,10737.29,10737.29,1.6845690104078395
2025.11.03 15:01:00,10737.29,10737.29,1.6845690104078395
2025.11.03 16:01:00,10737.29,10737.29,1.6845690104078395
2025.11.03 17:01:00,10737.29,10737.29,1.6845690104078395
2025.11.03 18:01:00,10737.29,10737.29,1.6845690104078395
2025.11.03 19:01:00,10737.29,10737.29,1.6845690104078395
2025.11.03 20:01:00,10737.29,10737.29,1.6845690104078395
2025.11.03 21:01:00,10737.29,10737.29,1.6845690104078395
2025.11.03 23:00:00,10737.29,10737.29,1.6845690104078395
2025.11.04 00:00:00,10737.29,10737.29,1.6845690104078395
2025.11.04 01:00:00,10737.29,10737.29,1.6845690104078395
2025.11.04 02:00:00,10737.29,10737.29,1.6845690104078395
2025.11.04 03:00:00,10737.29,10737.29,1.6845690104078395
2025.11.04 04:00:00,10737.29,10737.29,1.6845690104078395
2025.11.04 05:00:00,10737.29,10737.29,1.6845690104078395
2025.11.04 06:00:00,10737.29,10737.29,1.6845690104078395
2025.11.04 07:00:00,10737.29,10737.29,1.6845690104078395
2025.11.04 08:00:00,10737.29,10737.29,1.6845690104078395
2025.11.04 09:00:00,10737.29,10737.29,1.6845690104078395
2025.11.04 10:00:00,10737.29,10737.29,1.6845690104078395
2025.11.04 11:00:00,10737.29,10737.29,1.6845690104078395
2025.11.04 12:00:00,10737.29,10737.29,1.6845690104078395
2025.11.04 13:00:00,10737.29,10737.29,1.6845690104078395
2025.11.04 14:00:00,10737.29,10737.29,1.6845690104078395
2025.11.04 15:00:00,10737.29,10737.29,1.6845690104078395
2025.11.04 16:00:00,10737.29,10737.29,1.6845690104078395
2025.11.04 17:00:00,10737.29,10737.29,1.6845690104078395
2025.11.04 18:00:00,10737.29,10737.29,1.6845690104078395
2025.11.04 19:00:00,10737.29,10737.29,1.6845690104078395
2025.11.04 20:00:00,10737.29,10737.29,1.6845690104078395
2025.11.04 21:00:00,10737.29,10737.29,1.6845690104078395
2025.11.04 23:00:00,10737.29,10737.29,1.6845690104078395
2025.11.05 00:00:00,10737.29,10737.29,1.6845690104078395
2025.11.05 01:00:00,10737.29,10737.29,1.6845690104078395
2025.11.05 02:00:00,10737.29,10737.29,1.6845690104078395
2025.11.05 03:00:00,10737.29,10737.29,1.6845690104078395
2025.11.05 04:00:00,10737.29,10737.29,1.6845690104078395
2025.11.05 05:00:00,10737.29,10737.29,1.6845690104078395
2025.11.05 06:00:00,10737.29,10737.29,1.6845690104078395
2025.11.05 07:00:00,10737.29,10737.29,1.6845690104078395
2025.11.05 08:00:00,10737.29,10737.29,1.6845690104078395
2025.11.05 09:00:00,10737.29,10737.29,1.6845690104078395
2025.11.05 10:00:00,10737.29,10737.29,1.6845690104078395
2025.11.05 11:00:00,10737.29,10737.29,1.6845690104078395
2025.11.05 12:00:00,10737.29,10737.29,1.6845690104078395
2025.11.05 13:00:00,10737.29,10737.29,1.6845690104078395
2025.11.05 14:00:00,10737.29,10737.29,1.6845690104078395
2025.11.05 15:00:00,10737.29,10737.29,1.6845690104078395
2025.11.05 16:00:00,10737.29,10737.29,1.6845690104078395
2025.11.05 17:00:00,10737.29,10737.29,1.6845690104078395
2025.11.05 18:00:00,10737.29,10737.29,1.6845690104078395
2025.11.05 19:00:00,10737.29,10737.29,1.6845690104078395
2025.11.05 20:00:00,10737.29,10737.29,1.6845690104078395
2025.11.05 21:00:00,10737.29,10737.29,1.6845690104078395
2025.11.05 23:00:00,10737.29,10737.29,1.6845690104078395
2025.11.06 00:00:00,10737.29,10737.29,1.6845690104078395
2025.11.06 01:00:00,10737.29,10737.29,1.6845690104078395
2025.11.06 02:00:00,10737.29,10737.29,1.6845690104078395
2025.11.06 03:00:00,10737.29,10737.29,1.6845690104078395
2025.11.06 04:00:00,10737.29,10737.29,1.6845690104078395
2025.11.06 05:00:00,10737.29,10737.29,1.6845690104078395
2025.11.06 06:00:00,10737.29,10737.29,1.6845690104078395
2025.11.06 07:00:00,10737.29,10737.29,1.6845690104078395
2025.11.06 08:00:00,10737.29,10737.29,1.6845690104078395
2025.11.06 09:00:00,10737.29,10737.29,1.6845690104078395
2025.11.06 10:00:00,10737.29,10737.29,1.6845690104078395
2025.11.06 11:00:00,10737.29,10737.29,1.6845690104078395
2025.11.06 12:00:00,10737.29,10737.29,1.6845690104078395
2025.11.06 13:00:00,10737.29,10737.29,1.6845690104078395
2025.11.06 14:00:00,10737.29,10737.29,1.6845690104078395
2025.11.06 15:00:00,10737.29,10737.29,1.6845690104078395
2025.11.06 16:00:00,10737.29,10737.29,1.6845690104078395
2025.11.06 17:00:00,10737.29,10737.29,1.6845690104078395
2025.11.06 18:00:00,10737.29,10737.29,1.6845690104078395
2025.11.06 19:00:00,10737.29,10737.29,1.6845690104078395
2025.11.06 20:00:00,10737.29,10737.29,1.6845690104078395
2025.11.06 21:00:00,10737.29,10737.29,1.6845690104078395
2025.11.06 23:00:00,10737.29,10737.29,1.6845690104078395
2025.11.07 00:00:00,10737.29,10737.29,1.6845690104078395
2025.11.07 01:00:00,10737.29,10737.29,1.6845690104078395
2025.11.07 02:00:00,10737.29,10737.29,1.6845690104078395
2025.11.07 03:00:00,10737.29,10737.29,1.6845690104078395
2025.11.07 04:00:00,10737.29,10737.29,1.6845690104078395
2025.11.07 05:00:00,10737.29,10737.29,1.6845690104078395
2025.11.07 06:00:00,10737.29,10737.29,1.6845690104078395
2025.11.07 07:00:00,10737.29,10737.29,1.6845690104078395
2025.11.07 08:00:00,10737.29,10737.29,1.6845690104078395
2025.11.07 09:00:00,10737.29,10737.29,1.6845690104078395
2025.11.07 10:00:00,10737.29,10737.29,1.6845690104078395
2025.11.07 11:00:00,10737.29,10737.29,1.6845690104078395
2025.11.07 12:00:00,10737.29,10737.29,1.6845690104078395
2025.11.07 13:00:00,10737.29,10737.29,1.6845690104078395
2025.11.07 14:00:00,10737.29,10737.29,1.6845690104078395
2025.11.07 15:00:00,10737.29,10737.29,1.6845690104078395
2025.11.07 16:00:00,10737.29,10737.29,1.6845690104078395
2025.11.07 17:00:00,10737.29,10737.29,1.6845690104078395
2025.11.07 18:00:00,10737.29,10737.29,1.6845690104078395
2025.11.07 19:00:00,10737.29,10737.29,1.6845690104078395
2025.11.07 20:00:00,10737.29,10737.29,1.6845690104078395
2025.11.07 21:00:00,10737.29,10737.29,1.6845690104078395
2025.11.09 23:01:00,10737.29,10737.29,1.6845690104078395
2025.11.10 00:01:00,10737.29,10737.29,1.6845690104078395
2025.11.10 01:01:00,10737.29,10737.29,1.6845690104078395
2025.11.10 02:01:00,10737.12,10730.51,1.7676765364381746
2025.11.10 03:01:00,10737.12,10748.45,1.851921377586292
2025.11.10 04:01:00,10737.12,10757.92,1.851921377586292
2025.11.10 05:01:00,10737.12,10762.8,1.851921377586292
2025.11.10 06:01:00,10737.12,10817.34,1.851921377586292
2025.11.10 07:01:00,10737.12,10833.56,1.851921377586292
2025.11.10 08:01:00,10737.12,10836.87,1.851921377586292
2025.11.10 09:01:00,10737.12,10853.85,1.851921377586292
2025.11.10 10:01:00,10737.12,10840.35,1.851921377586292
2025.11.10 11:01:00,10737.12,10851.61,1.851921377586292
2025.11.10 12:01:00,10737.12,10862.49,1.851921377586292
2025.11.10 13:01:00,10866.24,10866.24,1.851921377586292
2025.11.10 14:01:00,10866.24,10866.24,1.851921377586292
2025.11.10 15:01:00,10866.24,10866.24,1.851921377586292
2025.11.10 16:01:00,10866.24,10866.24,1.851921377586292
2025.11.10 17:01:00,10866.24,10866.24,1.851921377586292
2025.11.10 18:01:00,10866.24,10866.24,1.851921377586292
2025.11.10 19:01:00,10866.24,10866.24,1.851921377586292
2025.11.10 20:01:00,10866.24,10866.24,1.851921377586292
2025.11.10 21:01:00,10866.24,10866.24,1.851921377586292
2025.11.10 23:00:00,10866.24,10866.24,1.851921377586292
2025.11.11 00:00:00,10866.24,10866.24,1.851921377586292
2025.11.11 01:00:00,10866.24,10866.24,1.851921377586292
2025.11.11 02:00:00,10866.24,10866.24,1.851921377586292
2025.11.11 03:00:00,10866.24,10866.24,1.851921377586292
2025.11.11 04:00:00,10866.24,10866.24,1.851921377586292
2025.11.11 05:00:00,10866.24,10866.24,1.851921377586292
2025.11.11 06:00:00,10866.24,10866.24,1.851921377586292
2025.11.11 07:00:00,10866.24,10866.24,1.851921377586292
2025.11.11 08:00:00,10866.24,10866.24,1.851921377586292
2025.11.11 09:00:00,10866.24,10866.24,1.851921377586292
2025.11.11 10:00:00,10866.24,10866.24,1.851921377586292
2025.11.11 11:00:00,10866.24,10866.24,1.851921377586292
2025.11.11 12:00:00,10866.24,10866.24,1.851921377586292
2025.11.11 13:00:00,10866.24,10866.24,1.851921377586292
2025.11.11 14:00:00,10866.24,10866.24,1.851921377586292
2025.11.11 15:00:00,10866.24,10866.24,1.851921377586292
2025.11.11 16:00:00,10866.24,10866.24,1.851921377586292
2025.11.11 17:00:00,10866.24,10866.24,1.851921377586292
2025.11.11 18:00:00,10866.24,10866.24,1.851921377586292
2025.11.11 19:00:00,10866.24,10866.24,1.851921377586292
2025.11.11 20:00:00,10866.24,10866.24,1.851921377586292
2025.11.11 21:00:00,10866.18,10872.57,1.851921377586292
2025.11.11 23:00:00,10866.18,10870.68,1.851921377586292
2025.11.12 00:00:00,10866.18,10885.2,1.851921377586292
2025.11.12 01:00:00,10866.18,10875.5,1.851921377586292
2025.11.12 02:00:00,10866.18,10874.19,1.851921377586292
2025.11.12 03:00:00,10866.18,10866.54,1.851921377586292
2025.11.12 04:00:00,10866.18,10854.46,1.851921377586292
2025.11.12 05:00:00,10866.18,10853.01,1.851921377586292
2025.11.12 06:00:00,10866.18,10847.26,1.851921377586292
2025.11.12 07:00:00,10866.18,10860.87,1.851921377586292
2025.11.12 08:00:00,10866.18,10859.55,1.851921377586292
2025.11.12 09:00:00,10866.18,10873.75,1.851921377586292
2025.11.12 10:00:00,10866.18,10867.24,1.851921377586292
2025.11.12 11:00:00,10866.18,10870.39,1.851921377586292
2025.11.12 12:00:00,10866.18,10868.65,1.851921377586292
2025.11.12 13:00:00,10866.18,10872.8,1.851921377586292
2025.11.12 14:00:00,10866.18,10869.53,1.851921377586292
2025.11.12 15:00:00,10866.18,10879.2,1.851921377586292
2025.11.12 16:00:00,10866.18,10923.93,1.851921377586292
2025.11.12 17:00:00,10866.01,10983.6,1.851921377586292
2025.11.12 18:00:00,10866.01,10995.77,1.851921377586292
2025.11.12 19:00:00,10866.01,11025.84,1.851921377586292
2025.11.12 20:00:00,10866.01,10987.89,1.851921377586292
2025.11.12 21:00:00,10866.01,10981.86,1.851921377586292
2025.11.12 23:00:00,10866.01,11012.22,1.851921377586292
2025.11.13 00:00:00,10866.01,10955.95,1.851921377586292
2025.11.13 01:00:00,10866.01,11015.21,1.851921377586292
2025.11.13 02:00:00,10861.2,10928.2,1.851921377586292
2025.11.13 03:00:00,10861.2,10926.09,1.851921377586292
2025.11.13 04:00:00,10861.2,10949.06,1.851921377586292
2025.11.13 05:00:00,10861.2,10945.25,1.851921377586292
2025.11.13 06:00:00,10861.2,10947.94,1.851921377586292
2025.11.13 07:00:00,10861.2,10946.35,1.851921377586292
2025.11.13 08:00:00,10861.2,10955.87,1.851921377586292
2025.11.13 09:00:00,10971.2,10971.2,1.851921377586292
2025.11.13 10:00:00,10971.2,10971.2,1.851921377586292
2025.11.13 11:00:00,10971.2,10971.2,1.851921377586292
2025.11.13 12:00:00,10971.2,10971.2,1.851921377586292
2025.11.13 13:00:00,10971.2,10971.2,1.851921377586292
2025.11.13 14:00:00,10971.2,10971.2,1.851921377586292
2025.11.13 15:00:00,10971.2,10971.2,1.851921377586292
2025.11.13 16:00:00,10971.2,10971.2,1.851921377586292
2025.11.13 17:00:00,10971.2,10971.2,1.851921377586292
2025.11.13 18:00:00,10971.2,10971.2,1.851921377586292
2025.11.13 19:00:00,10971.2,10971.2,1.851921377586292
2025.11.13 20:00:00,10971.2,10971.2,1.851921377586292
2025.11.13 21:00:00,10971.2,10971.2,1.851921377586292
2025.11.13 23:00:00,10971.2,10971.2,1.851921377586292
2025.11.14 00:00:00,10971.2,10971.2,1.851921377586292
2025.11.14 01:00:00,10971.2,10971.2,1.851921377586292
2025.11.14 02:00:00,10971.2,10971.2,1.851921377586292
2025.11.14 03:00:00,10971.2,10971.2,1.851921377586292
2025.11.14 04:00:00,10971.14,10968.43,1.851921377586292
2025.11.14 05:00:00,10971.14,10967.26,1.851921377586292
2025.11.14 06:00:00,10971.14,10953.89,1.851921377586292
2025.11.14 07:00:00,10971.14,10939.37,1.851921377586292
2025.11.14 08:00:00,10971.14,10944.93,1.851921377586292
2025.11.14 09:00:00,10971.14,10939.97,1.851921377586292
2025.11.14 10:00:00,10971.14,10933.4,1.851921377586292
2025.11.14 11:00:00,10971.14,10931.86,1.851921377586292
2025.11.14 12:00:00,10910.16,10910.16,1.851921377586292
2025.11.14 13:00:00,10910.16,10910.16,1.851921377586292
2025.11.14 14:00:00,10910.16,10910.16,1.851921377586292
2025.11.14 15:00:00,10910.16,10910.16,1.851921377586292
2025.11.14 16:00:00,10910.16,10910.16,1.851921377586292
2025.11.14 17:00:00,10910.16,10910.16,1.851921377586292
2025.11.14 18:00:00,10910.16,10910.16,1.851921377586292
2025.11.14 19:00:00,10910.16,10910.16,1.851921377586292
2025.11.14 20:00:00,10910.16,10910.16,1.851921377586292
2025.11.14 21:00:00,10910.16,10910.16,1.851921377586292
2025.11.16 23:01:00,10910.16,10910.16,1.851921377586292
2025.11.17 00:01:00,10910.16,10910.16,1.851921377586292
2025.11.17 01:01:00,10910.16,10910.16,1.851921377586292
2025.11.17 02:01:00,10910.16,10910.16,1.851921377586292
2025.11.17 03:01:00,10910.16,10910.16,1.851921377586292
2025.11.17 04:01:00,10910.16,10910.16,1.851921377586292
2025.11.17 05:01:00,10910.16,10910.16,1.851921377586292
2025.11.17 06:01:00,10910.16,10910.16,1.851921377586292
2025.11.17 07:01:00,10910.16,10910.16,1.851921377586292
2025.11.17 08:01:00,10910.16,10910.16,1.851921377586292
2025.11.17 09:01:00,10910.16,10910.16,1.851921377586292
2025.11.17 10:01:00,10910.16,10910.16,1.851921377586292
2025.11.17 11:01:00,10910.16,10910.16,1.851921377586292
2025.11.17 12:01:00,10910.16,10910.16,1.851921377586292
2025.11.17 13:01:00,10910.16,10910.16,1.851921377586292
2025.11.17 14:01:00,10910.16,10910.16,1.851921377586292
2025.11.17 15:01:00,10910.16,10910.16,1.851921377586292
2025.11.17 16:01:00,10910.16,10910.16,1.851921377586292
2025.11.17 17:01:00,10910.16,10910.16,1.851921377586292
2025.11.17 18:01:00,10910.16,10910.16,1.851921377586292
2025.11.17 19:01:00,10910.16,10910.16,1.851921377586292
2025.11.17 20:01:00,10910.16,10910.16,1.851921377586292
2025.11.17 21:01:00,10910.16,10910.16,1.851921377586292
2025.11.17 23:00:00,10910.16,10910.16,1.851921377586292
2025.11.18 00:00:00,10910.16,10910.16,1.851921377586292
2025.11.18 01:00:00,10910.16,10910.16,1.851921377586292
2025.11.18 02:00:00,10910.16,10910.16,1.851921377586292
2025.11.18 03:00:00,10910.16,10910.16,1.851921377586292
2025.11.18 04:00:00,10910.16,10910.16,1.851921377586292
2025.11.18 05:00:00,10910.16,10910.16,1.851921377586292
2025.11.18 06:00:00,10910.16,10910.16,1.851921377586292
2025.11.18 07:00:00,10910.16,10910.16,1.851921377586292
2025.11.18 08:00:00,10910.16,10910.16,1.851921377586292
2025.11.18 09:00:00,10910.16,10910.16,1.851921377586292
2025.11.18 10:00:00,10910.16,10910.16,1.851921377586292
2025.11.18 11:00:00,10910.16,10910.16,1.851921377586292
2025.11.18 12:00:00,10910.16,10910.16,1.851921377586292
2025.11.18 13:00:00,10910.16,10910.16,1.851921377586292
2025.11.18 14:00:00,10910.16,10910.16,1.851921377586292
2025.11.18 15:00:00,10910.16,10910.16,1.851921377586292
2025.11.18 16:00:00,10910.16,10910.16,1.851921377586292
2025.11.18 17:00:00,10910.16,10910.16,1.851921377586292
2025.11.18 18:00:00,10910.16,10910.16,1.851921377586292
2025.11.18 19:00:00,10910.16,10910.16,1.851921377586292
2025.11.18 20:00:00,10910.16,10910.16,1.851921377586292
2025.11.18 21:00:00,10910.16,10910.16,1.851921377586292
2025.11.18 23:00:00,10910.16,10910.16,1.851921377586292
2025.11.19 00:00:00,10910.16,10910.16,1.851921377586292
2025.11.19 01:00:00,10910.16,10910.16,1.851921377586292
2025.11.19 02:00:00,10910.16,10910.16,1.851921377586292
2025.11.19 03:00:00,10910.16,10910.16,1.851921377586292
2025.11.19 04:00:00,10910.16,10910.16,1.851921377586292
2025.11.19 05:00:00,10910.16,10910.16,1.851921377586292
2025.11.19 06:00:00,10910.16,10910.16,1.851921377586292
2025.11.19 07:00:00,10910.16,10910.16,1.851921377586292
2025.11.19 08:00:00,10910.16,10910.16,1.851921377586292
2025.11.19 09:00:00,10910.16,10910.16,1.851921377586292
2025.11.19 10:00:00,10910.16,10910.16,1.851921377586292
2025.11.19 11:00:00,10910.05,10901.11,1.851921377586292
2025.11.19 12:00:00,10910.05,10908.92,1.851921377586292
2025.11.19 13:00:00,10910.05,10912.37,1.851921377586292
2025.11.19 14:00:00,10910.05,10904.09,1.851921377586292
2025.11.19 15:00:00,10910.05,10938.75,1.851921377586292
2025.11.19 16:00:00,10874.69,10874.69,1.851921377586292
2025.11.19 17:00:00,10874.69,10874.69,1.851921377586292
2025.11.19 18:00:00,10874.69,10874.69,1.851921377586292
2025.11.19 19:00:00,10874.69,10874.69,1.851921377586292
2025.11.19 20:00:00,10874.69,10874.69,1.851921377586292
2025.11.19 21:00:00,10874.69,10874.69,1.851921377586292
2025.11.19 23:00:00,10874.69,10874.69,1.851921377586292
2025.11.20 00:00:00,10874.69,10874.69,1.851921377586292
2025.11.20 01:00:00,10874.69,10874.69,1.851921377586292
2025.11.20 02:00:00,10874.69,10874.69,1.851921377586292
2025.11.20 03:00:00,10874.69,10874.69,1.851921377586292
2025.11.20 04:00:00,10874.69,10874.69,1.851921377586292
2025.11.20 05:00:00,10874.69,10874.69,1.851921377586292
2025.11.20 06:00:00,10874.69,10874.69,1.851921377586292
2025.11.20 07:00:00,10874.69,10874.69,1.851921377586292
2025.11.20 08:00:00,10874.69,10874.69,1.851921377586292
2025.11.20 09:00:00,10874.69,10874.69,1.851921377586292
2025.11.20 10:00:00,10874.69,10874.69,1.851921377586292
2025.11.20 11:00:00,10874.69,10874.69,1.851921377586292
2025.11.20 12:00:00,10874.69,10874.69,1.851921377586292
2025.11.20 13:00:00,10874.69,10874.69,1.851921377586292
2025.11.20 14:00:00,10874.69,10874.69,1.851921377586292
2025.11.20 15:00:00,10874.69,10874.69,1.851921377586292
2025.11.20 16:00:00,10874.69,10874.69,1.851921377586292
2025.11.20 17:00:00,10874.69,10874.69,1.851921377586292
2025.11.20 18:00:00,10874.69,10874.69,1.851921377586292
2025.11.20 19:00:00,10874.69,10874.69,1.851921377586292
2025.11.20 20:00:00,10874.69,10874.69,1.851921377586292
2025.11.20 21:00:00,10874.69,10874.69,1.851921377586292
2025.11.20 23:00:00,10874.69,10874.69,1.851921377586292
2025.11.21 00:00:00,10874.69,10874.69,1.851921377586292
2025.11.21 01:00:00,10874.69,10874.69,1.851921377586292
2025.11.21 02:00:00,10874.69,10874.69,1.851921377586292
2025.11.21 03:00:00,10874.69,10874.69,1.851921377586292
2025.11.21 04:00:00,10874.69,10874.69,1.851921377586292
2025.11.21 05:00:00,10874.69,10874.69,1.851921377586292
2025.11.21 06:00:00,10874.69,10874.69,1.851921377586292
2025.11.21 07:00:00,10874.69,10874.69,1.851921377586292
2025.11.21 08:00:00,10874.69,10874.69,1.851921377586292
2025.11.21 09:00:00,10874.69,10874.69,1.851921377586292
2025.11.21 10:00:00,10874.69,10874.69,1.851921377586292
2025.11.21 11:00:00,10874.69,10874.69,1.851921377586292
2025.11.21 12:00:00,10874.69,10874.69,1.851921377586292
2025.11.21 13:00:00,10874.69,10874.69,1.851921377586292
2025.11.21 14:00:00,10874.69,10874.69,1.851921377586292
2025.11.21 15:00:00,10874.69,10874.69,1.851921377586292
2025.11.21 16:00:00,10874.69,10874.69,1.851921377586292
2025.11.21 17:00:00,10874.69,10874.69,1.851921377586292
2025.11.21 18:00:00,10874.69,10874.69,1.851921377586292
2025.11.21 19:00:00,10874.69,10874.69,1.851921377586292
2025.11.21 20:00:00,10874.69,10874.69,1.851921377586292
2025.11.21 21:00:00,10874.69,10874.69,1.851921377586292
2025.11.23 23:01:00,10874.69,10874.69,1.851921377586292
2025.11.24 00:01:00,10874.69,10874.69,1.851921377586292
2025.11.24 01:01:00,10874.69,10874.69,1.851921377586292
2025.11.24 02:01:00,10874.69,10874.69,1.851921377586292
2025.11.24 03:01:00,10874.69,10874.69,1.851921377586292
2025.11.24 04:01:00,10874.69,10874.69,1.851921377586292
2025.11.24 05:01:00,10874.69,10874.69,1.851921377586292
2025.11.24 06:01:00,10874.69,10874.69,1.851921377586292
2025.11.24 07:01:00,10874.69,10874.69,1.851921377586292
2025.11.24 08:01:00,10874.69,10874.69,1.851921377586292
2025.11.24 09:01:00,10874.69,10874.69,1.851921377586292
2025.11.24 10:01:00,10874.69,10874.69,1.851921377586292
2025.11.24 11:01:00,10874.69,10874.69,1.851921377586292
2025.11.24 12:01:00,10874.69,10874.69,1.851921377586292
2025.11.24 13:01:00,10874.69,10874.69,1.851921377586292
2025.11.24 14:01:00,10874.69,10874.69,1.851921377586292
2025.11.24 15:01:00,10874.69,10874.69,1.851921377586292
2025.11.24 16:01:00,10874.69,10874.69,1.851921377586292
2025.11.24 17:01:00,10874.69,10874.69,1.851921377586292
2025.11.24 18:01:00,10874.69,10874.69,1.851921377586292
2025.11.24 19:01:00,10874.52,10879.87,1.851921377586292
2025.11.24 20:01:00,10874.52,10870.21,1.851921377586292
2025.11.24 21:01:00,10874.52,10910.91,1.851921377586292
2025.11.24 23:00:00,10874.52,10915.94,1.851921377586292
2025.11.25 00:00:00,10874.52,10942.75,1.851921377586292
2025.11.25 01:00:00,10874.52,10900.02,1.851921377586292
2025.11.25 02:00:00,10874.52,10915.6,1.851921377586292
2025.11.25 03:00:00,10874.52,10964.27,1.851921377586292
2025.11.25 04:00:00,10874.52,10940.42,1.851921377586292
2025.11.25 05:00:00,10874.52,10933.88,1.851921377586292
2025.11.25 06:00:00,10874.52,10964.1,1.851921377586292
2025.11.25 07:00:00,10874.52,10936.05,1.851921377586292
2025.11.25 08:00:00,10874.52,10909.0,1.851921377586292
2025.11.25 09:00:00,10872.9,10872.9,1.851921377586292
2025.11.25 10:00:00,10872.9,10872.9,1.851921377586292
2025.11.25 11:00:00,10872.9,10872.9,1.851921377586292
2025.11.25 12:00:00,10872.9,10872.9,1.851921377586292
2025.11.25 13:00:00,10872.9,10872.9,1.851921377586292
2025.11.25 14:00:00,10872.9,10872.9,1.851921377586292
2025.11.25 15:00:00,10872.9,10872.9,1.851921377586292
2025.11.25 16:00:00,10872.9,10872.9,1.851921377586292
2025.11.25 17:00:00,10872.9,10872.9,1.851921377586292
2025.11.25 18:00:00,10872.84,10882.69,1.851921377586292
2025.11.25 19:00:00,10872.84,10870.91,1.851921377586292
2025.11.25 20:00:00,10872.84,10870.35,1.851921377586292
2025.11.25 21:00:00,10872.84,10868.81,1.851921377586292
2025.11.25 23:00:00,10872.84,10869.25,1.851921377586292
2025.11.26 00:00:00,10872.84,10869.83,1.851921377586292
2025.11.26 01:00:00,10872.84,10878.84,1.851921377586292
2025.11.26 02:00:00,10872.84,10884.51,1.851921377586292
2025.11.26 03:00:00,10872.84,10897.65,1.851921377586292
2025.11.26 04:00:00,10872.84,10902.08,1.851921377586292
2025.11.26 05:00:00,10872.84,10898.01,1.851921377586292
2025.11.26 06:00:00,10872.84,10898.25,1.851921377586292
2025.11.26 07:00:00,10872.84,10886.18,1.851921377586292
2025.11.26 08:00:00,10872.84,10893.3,1.851921377586292
2025.11.26 09:00:00,10872.84,10897.14,1.851921377586292
2025.11.26 10:00:00,10872.84,10898.8,1.851921377586292
2025.11.26 11:00:00,10872.84,10895.95,1.851921377586292
2025.11.26 12:00:00,10872.84,10907.6,1.851921377586292
2025.11.26 13:00:00,10872.84,10891.29,1.851921377586292
2025.11.26 14:00:00,10872.84,10889.31,1.851921377586292
2025.11.26 15:00:00,10872.84,10878.21,1.851921377586292
2025.11.26 16:00:00,10872.84,10901.31,1.851921377586292
2025.11.26 17:00:00,10872.84,10903.06,1.851921377586292
2025.11.26 18:00:00,10872.84,10903.18,1.851921377586292
2025.11.26 19:00:00,10872.84,10900.68,1.851921377586292
2025.11.26 20:00:00,10872.84,10899.33,1.851921377586292
2025.11.26 21:00:00,10872.84,10900.07,1.851921377586292
2025.11.26 23:00:00,10872.84,10900.7,1.851921377586292
2025.11.27 00:00:00,10872.84,10899.35,1.851921377586292
2025.11.27 01:00:00,10872.84,10898.99,1.851921377586292
2025.11.27 02:00:00,10872.84,10888.73,1.851921377586292
2025.11.27 03:00:00,10872.84,10879.93,1.851921377586292
2025.11.27 04:00:00,10872.84,10881.84,1.851921377586292
2025.11.27 05:00:00,10872.84,10885.28,1.851921377586292
2025.11.27 06:00:00,10872.84,10881.61,1.851921377586292
2025.11.27 07:00:00,10872.84,10891.87,1.851921377586292
2025.11.27 08:00:00,10872.84,10894.48,1.851921377586292
2025.11.27 09:00:00,10872.84,10900.18,1.851921377586292
2025.11.27 10:00:00,10872.84,10893.15,1.851921377586292
2025.11.27 11:00:00,10872.84,10890.85,1.851921377586292
2025.11.27 12:00:00,10872.84,10891.83,1.851921377586292
2025.11.27 13:00:00,10872.84,10888.57,1.851921377586292
2025.11.27 14:00:00,10872.84,10889.45,1.851921377586292
2025.11.27 15:00:00,10872.84,10887.77,1.851921377586292
2025.11.27 16:00:00,10872.84,10892.43,1.851921377586292
2025.11.27 17:00:00,10872.84,10890.82,1.851921377586292
2025.11.27 18:00:00,10872.84,10892.12,1.851921377586292
2025.11.27 19:00:00,10872.84,10893.57,1.851921377586292
2025.11.27 23:01:00,10872.84,10894.83,1.851921377586292
2025.11.28 00:01:00,10872.84,10897.65,1.851921377586292
2025.11.28 01:01:00,10872.62,10939.77,1.851921377586292
2025.11.28 02:01:00,10872.62,10960.7,1.851921377586292
2025.11.28 03:01:00,10872.62,10962.6,1.851921377586292
2025.11.28 04:01:00,10872.62,10933.65,1.851921377586292
2025.11.28 05:01:00,10872.62,10954.02,1.851921377586292
2025.11.28 06:01:00,10836.47,10879.37,1.851921377586292
2025.11.28 07:01:00,10836.47,10884.75,1.851921377586292
2025.11.28 08:01:00,10836.47,10872.03,1.851921377586292
2025.11.28 09:01:00,10836.47,10865.07,1.851921377586292
2025.11.28 10:01:00,10836.47,10864.58,1.851921377586292
2025.11.28 11:01:00,10836.47,10860.65,1.851921377586292
2025.11.28 12:01:00,10836.47,10867.0,1.851921377586292
2025.11.28 13:01:00,10836.47,10874.42,1.851921377586292
2025.11.28 14:01:00,10836.47,10884.4,1.851921377586292
2025.11.28 15:01:00,10836.3,10886.09,1.851921377586292
2025.11.28 16:01:00,10836.3,10915.37,1.851921377586292
2025.11.28 17:01:00,10836.3,10932.25,1.851921377586292
2025.11.28 18:01:00,10836.3,10968.38,1.851921377586292
2025.11.28 19:01:00,10836.3,10984.29,1.851921377586292
2025.11.30 23:07:00,10836.3,10979.6,1.851921377586292
2025.12.01 00:07:00,10836.3,10978.93,1.851921377586292
2025.12.01 01:07:00,10836.3,11016.44,1.851921377586292
2025.12.01 02:07:00,10954.4,11067.68,1.851921377586292
2025.12.01 03:07:00,10920.52,11021.65,1.851921377586292
2025.12.01 04:07:00,10920.52,11017.58,1.851921377586292
2025.12.01 05:07:00,10920.52,11023.86,1.851921377586292
2025.12.01 06:07:00,10920.52,11010.18,1.851921377586292
2025.12.01 07:07:00,10920.52,11017.4,1.851921377586292
2025.12.01 08:07:00,10920.52,11027.61,1.851921377586292
2025.12.01 09:07:00,10920.52,11029.07,1.851921377586292
2025.12.01 10:07:00,10920.52,11040.15,1.851921377586292
2025.12.01 11:07:00,10920.52,11034.62,1.851921377586292
2025.12.01 12:07:00,10920.52,11035.46,1.851921377586292
2025.12.01 13:07:00,10920.52,11034.97,1.851921377586292
2025.12.01 14:07:00,10920.52,11023.97,1.851921377586292
2025.12.01 15:07:00,10920.52,11024.23,1.851921377586292
2025.12.01 16:07:00,10920.52,11018.06,1.851921377586292
2025.12.01 17:07:00,10920.52,11008.12,1.851921377586292
2025.12.01 18:07:00,10920.52,11019.24,1.851921377586292
2025.12.01 19:07:00,10920.52,11019.61,1.851921377586292
2025.12.01 20:07:00,10920.52,11018.45,1.851921377586292
2025.12.01 21:07:00,10920.52,11018.18,1.851921377586292
2025.12.01 23:00:00,10920.52,11012.7,1.851921377586292
2025.12.02 00:00:00,10920.52,11008.19,1.851921377586292
2025.12.02 01:00:00,10920.52,11007.35,1.851921377586292
2025.12.02 02:00:00,10920.52,11000.06,1.851921377586292
2025.12.02 03:00:00,10920.52,11002.07,1.851921377586292
2025.12.02 04:00:00,10920.52,10997.32,1.851921377586292
2025.12.02 05:00:00,10920.52,10999.22,1.851921377586292
2025.12.02 06:00:00,10920.52,11005.47,1.851921377586292
2025.12.02 07:00:00,10920.52,10993.23,1.851921377586292
2025.12.02 08:00:00,10920.52,10993.9,1.851921377586292
2025.12.02 09:00:00,10920.52,10990.81,1.851921377586292
2025.12.02 10:00:00,10920.52,10972.3,1.851921377586292
2025.12.02 11:00:00,10920.52,10966.19,1.851921377586292
2025.12.02 12:00:00,10920.52,10985.76,1.851921377586292
2025.12.02 13:00:00,10920.52,10989.19,1.851921377586292
2025.12.02 14:00:00,10920.52,10992.77,1.851921377586292
2025.12.02 15:00:00,10920.52,10999.33,1.851921377586292
2025.12.02 16:00:00,10920.52,10949.98,1.851921377586292
2025.12.02 17:00:00,10920.52,10965.23,1.851921377586292
2025.12.02 18:00:00,10920.52,10974.32,1.851921377586292
2025.12.02 19:00:00,10920.52,10971.27,1.851921377586292
2025.12.02 20:00:00,10920.52,10977.07,1.851921377586292
2025.12.02 21:00:00,10920.52,10990.53,1.851921377586292
2025.12.02 23:00:00,10920.52,10988.22,1.851921377586292
2025.12.03 00:00:00,10920.52,10992.89,1.851921377586292
2025.12.03 01:00:00,10920.52,10991.83,1.851921377586292
2025.12.03 02:00:00,10920.52,10994.36,1.851921377586292
2025.12.03 03:00:00,10920.52,11006.6,1.851921377586292
2025.12.03 04:00:00,10920.52,11001.16,1.851921377586292
2025.12.03 05:00:00,10920.52,11002.27,1.851921377586292
2025.12.03 06:00:00,10920.52,10987.82,1.851921377586292
2025.12.03 07:00:00,10920.52,10988.2,1.851921377586292
2025.12.03 08:00:00,10920.52,10986.46,1.851921377586292
2025.12.03 09:00:00,10920.52,10986.43,1.851921377586292
2025.12.03 10:00:00,10920.52,10981.98,1.851921377586292
2025.12.03 11:00:00,10920.52,10980.48,1.851921377586292
2025.12.03 12:00:00,10920.52,10988.52,1.851921377586292
2025.12.03 13:00:00,10920.52,10993.59,1.851921377586292
2025.12.03 14:00:00,10920.52,11017.24,1.851921377586292
2025.12.03 15:00:00,10920.52,10992.49,1.851921377586292
2025.12.03 16:00:00,10920.52,10996.29,1.851921377586292
2025.12.03 17:00:00,10920.52,10980.74,1.851921377586292
2025.12.03 18:00:00,10920.52,10991.06,1.851921377586292
2025.12.03 19:00:00,10920.52,10977.0,1.851921377586292
2025.12.03 20:00:00,10920.52,10987.81,1.851921377586292
2025.12.03 21:00:00,10920.52,10986.09,1.851921377586292
2025.12.03 23:00:00,10920.52,10985.1,1.851921377586292
2025.12.04 00:00:00,10920.52,10985.48,1.851921377586292
2025.12.04 01:00:00,10920.52,10989.98,1.851921377586292
2025.12.04 02:00:00,10920.52,10987.49,1.851921377586292
2025.12.04 03:00:00,10920.52,10978.94,1.851921377586292
2025.12.04 04:00:00,10920.52,10974.15,1.851921377586292
2025.12.04 05:00:00,10920.52,10975.28,1.851921377586292
2025.12.04 06:00:00,10920.52,10959.43,1.851921377586292
2025.12.04 07:00:00,10920.52,10968.48,1.851921377586292
2025.12.04 08:00:00,10920.52,10972.09,1.851921377586292
2025.12.04 09:00:00,10920.52,10963.23,1.851921377586292
2025.12.04 10:00:00,10920.52,10978.19,1.851921377586292
2025.12.04 11:00:00,10920.52,10975.67,1.851921377586292
2025.12.04 12:00:00,10920.52,10977.01,1.851921377586292
2025.12.04 13:00:00,10920.52,10968.85,1.851921377586292
2025.12.04 14:00:00,10920.52,10976.65,1.851921377586292
2025.12.04 15:00:00,10920.52,10979.83,1.851921377586292
2025.12.04 16:00:00,10920.52,10985.87,1.851921377586292
2025.12.04 17:00:00,10920.52,10994.12,1.851921377586292
2025.12.04 18:00:00,10920.52,10994.83,1.851921377586292
2025.12.04 19:00:00,10920.52,10986.37,1.851921377586292
2025.12.04 20:00:00,10920.52,10987.34,1.851921377586292
2025.12.04 21:00:00,10920.52,10988.21,1.851921377586292
2025.12.04 23:00:00,10920.52,10986.9,1.851921377586292
2025.12.05 00:00:00,10920.52,10983.93,1.851921377586292
2025.12.05 01:00:00,10920.52,10979.52,1.851921377586292
2025.12.05 02:00:00,10920.52,10980.88,1.851921377586292
2025.12.05 03:00:00,10920.52,10985.18,1.851921377586292
2025.12.05 04:00:00,10920.52,10987.39,1.851921377586292
2025.12.05 05:00:00,10920.52,10994.56,1.851921377586292
2025.12.05 06:00:00,10920.52,10998.29,1.851921377586292
2025.12.05 07:00:00,10920.52,11002.51,1.851921377586292
2025.12.05 08:00:00,10920.52,11002.23,1.851921377586292
2025.12.05 09:00:00,10920.52,10998.42,1.851921377586292
2025.12.05 10:00:00,10920.52,11001.15,1.851921377586292
2025.12.05 11:00:00,10920.52,11000.73,1.851921377586292
2025.12.05 12:00:00,10920.52,11001.57,1.851921377586292
2025.12.05 13:00:00,10920.52,11006.53,1.851921377586292
2025.12.05 14:00:00,10920.52,11012.42,1.851921377586292
2025.12.05 15:00:00,10920.52,11020.09,1.851921377586292
2025.12.05 16:00:00,10920.3,11025.73,1.851921377586292
2025.12.05 17:00:00,10884.88,10956.34,1.851921377586292
2025.12.05 18:00:00,10884.88,10959.64,1.851921377586292
2025.12.05 19:00:00,10884.88,10951.08,1.851921377586292
2025.12.05 20:00:00,10884.88,10949.9,1.851921377586292
2025.12.05 21:00:00,10884.88,10944.49,1.851921377586292
2025.12.07 23:07:00,10884.88,10944.17,1.851921377586292
2025.12.08 00:07:00,10884.88,10944.92,1.851921377586292
2025.12.08 01:07:00,10884.88,10948.34,1.851921377586292
2025.12.08 02:07:00,10884.88,10941.77,1.851921377586292
2025.12.08 03:07:00,10884.88,10950.04,1.851921377586292
2025.12.08 04:07:00,10884.88,10951.0,1.851921377586292
2025.12.08 05:07:00,10884.88,10950.9,1.851921377586292
2025.12.08 06:07:00,10884.88,10957.6,1.851921377586292
2025.12.08 07:07:00,10884.88,10954.37,1.851921377586292
2025.12.08 08:07:00,10884.88,10953.1,1.851921377586292
2025.12.08 09:07:00,10884.88,10950.63,1.851921377586292
2025.12.08 10:07:00,10884.88,10951.58,1.851921377586292
2025.12.08 11:07:00,10884.88,10942.66,1.851921377586292
2025.12.08 12:07:00,10884.88,10954.07,1.851921377586292
2025.12.08 13:07:00,10884.88,10952.49,1.851921377586292
2025.12.08 14:07:00,10884.88,10948.5,1.851921377586292
2025.12.08 15:07:00,10884.88,10923.41,1.851921377586292
2025.12.08 16:07:00,10884.88,10922.48,1.851921377586292
2025.12.08 17:07:00,10884.88,10930.18,1.851921377586292
2025.12.08 18:07:00,10884.88,10933.21,1.851921377586292
2025.12.08 19:07:00,10884.88,10927.65,1.851921377586292
2025.12.08 20:07:00,10884.88,10927.9,1.851921377586292
2025.12.08 21:07:00,10884.88,10933.86,1.851921377586292
2025.12.08 23:00:00,10884.88,10931.78,1.851921377586292
2025.12.09 00:00:00,10884.88,10935.89,1.851921377586292
2025.12.09 01:00:00,10884.88,10931.63,1.851921377586292
2025.12.09 02:00:00,10884.88,10937.18,1.851921377586292
2025.12.09 03:00:00,10884.88,10931.05,1.851921377586292
2025.12.09 04:00:00,10884.88,10935.67,1.851921377586292
2025.12.09 05:00:00,10884.88,10928.12,1.851921377586292
2025.12.09 06:00:00,10884.88,10920.96,1.851921377586292
2025.12.09 07:00:00,10884.88,10923.21,1.851921377586292
2025.12.09 08:00:00,10884.88,10923.48,1.851921377586292
2025.12.09 09:00:00,10884.88,10932.82,1.851921377586292
2025.12.09 10:00:00,10884.88,10943.97,1.851921377586292
2025.12.09 11:00:00,10884.88,10945.12,1.851921377586292
2025.12.09 12:00:00,10884.88,10944.17,1.851921377586292
2025.12.09 13:00:00,10884.88,10945.4,1.851921377586292
2025.12.09 14:00:00,10884.88,10942.39,1.851921377586292
2025.12.09 15:00:00,10884.88,10946.09,1.851921377586292
2025.12.09 16:00:00,10884.88,10953.68,1.851921377586292
2025.12.09 17:00:00,10884.88,10953.53,1.851921377586292
2025.12.09 18:00:00,10884.88,10944.13,1.851921377586292
2025.12.09 19:00:00,10884.88,10950.06,1.851921377586292
2025.12.09 20:00:00,10884.88,10953.69,1.851921377586292
2025.12.09 21:00:00,10884.88,10953.23,1.851921377586292
2025.12.09 23:00:00,10884.88,10949.36,1.851921377586292
2025.12.10 00:00:00,10884.88,10951.42,1.851921377586292
2025.12.10 01:00:00,10884.88,10949.03,1.851921377586292
2025.12.10 02:00:00,10884.88,10954.41,1.851921377586292
2025.12.10 03:00:00,10884.88,10957.58,1.851921377586292
2025.12.10 04:00:00,10884.88,10947.0,1.851921377586292
2025.12.10 05:00:00,10884.88,10947.57,1.851921377586292
2025.12.10 06:00:00,10884.88,10952.04,1.851921377586292
2025.12.10 07:00:00,10884.88,10948.03,1.851921377586292
2025.12.10 08:00:00,10884.88,10943.92,1.851921377586292
2025.12.10 09:00:00,10884.88,10938.44,1.851921377586292
2025.12.10 10:00:00,10884.88,10934.97,1.851921377586292
2025.12.10 11:00:00,10884.88,10933.85,1.851921377586292
2025.12.10 12:00:00,10884.88,10937.87,1.851921377586292
2025.12.10 13:00:00,10884.88,10937.18,1.851921377586292
2025.12.10 14:00:00,10884.88,10941.44,1.851921377586292
2025.12.10 15:00:00,10884.88,10933.22,1.851921377586292
2025.12.10 16:00:00,10884.88,10934.29,1.851921377586292
2025.12.10 17:00:00,10884.88,10945.39,1.851921377586292
2025.12.10 18:00:00,10884.88,10940.39,1.851921377586292
2025.12.10 19:00:00,10884.88,10935.0,1.851921377586292
2025.12.10 20:00:00,10884.88,10956.97,1.851921377586292
2025.12.10 21:00:00,10884.88,10970.32,1.851921377586292
2025.12.10 23:00:00,10884.88,10970.78,1.851921377586292
2025.12.11 00:00:00,10884.88,10971.48,1.851921377586292
2025.12.11 01:00:00,10884.88,10976.16,1.851921377586292
2025.12.11 02:00:00,10884.88,10977.3,1.851921377586292
2025.12.11 03:00:00,10884.88,10961.36,1.851921377586292
2025.12.11 04:00:00,10884.88,10955.7,1.851921377586292
2025.12.11 05:00:00,10884.88,10952.49,1.851921377586292
2025.12.11 06:00:00,10884.88,10946.56,1.851921377586292
2025.12.11 07:00:00,10884.88,10953.38,1.851921377586292
2025.12.11 08:00:00,10884.88,10955.07,1.851921377586292
2025.12.11 09:00:00,10884.88,10955.5,1.851921377586292
2025.12.11 10:00:00,10884.88,10957.53,1.851921377586292
2025.12.11 11:00:00,10884.88,10955.94,1.851921377586292
2025.12.11 12:00:00,10884.88,10950.22,1.851921377586292
2025.12.11 13:00:00,10884.88,10959.43,1.851921377586292
2025.12.11 14:00:00,10884.88,10960.06,1.851921377586292
2025.12.11 15:00:00,10884.88,10969.24,1.851921377586292
2025.12.11 16:00:00,10884.88,10995.03,1.851921377586292
2025.12.11 17:00:00,10884.71,11065.03,1.851921377586292
2025.12.11 18:00:00,10884.71,11085.13,1.851921377586292
2025.12.11 19:00:00,10884.71,11043.25,1.851921377586292
2025.12.11 20:00:00,10884.71,11065.11,1.851921377586292
2025.12.11 21:00:00,10884.71,11075.51,1.851921377586292
2025.12.11 23:03:00,10884.71,11102.44,1.851921377586292
2025.12.12 00:03:00,10884.71,11065.22,1.851921377586292
2025.12.12 01:03:00,10884.71,11044.63,1.851921377586292
2025.12.12 02:03:00,10884.71,11058.43,1.851921377586292
2025.12.12 03:03:00,10884.71,11049.98,1.851921377586292
2025.12.12 04:03:00,10884.71,11049.55,1.851921377586292
2025.12.12 05:03:00,10884.71,11036.38,1.851921377586292
2025.12.12 06:03:00,10884.71,11085.23,1.851921377586292
2025.12.12 07:03:00,10884.71,11095.52,1.851921377586292
2025.12.12 08:03:00,10884.71,11122.88,1.851921377586292
2025.12.12 09:03:00,11176.25,11176.25,1.851921377586292
2025.12.12 10:03:00,11176.25,11176.25,1.851921377586292
2025.12.12 11:03:00,11176.25,11176.25,1.851921377586292
2025.12.12 12:03:00,11176.25,11176.25,1.851921377586292
2025.12.12 13:03:00,11176.25,11176.25,1.851921377586292
2025.12.12 14:03:00,11176.25,11176.25,1.851921377586292
2025.12.12 15:03:00,11176.25,11176.25,1.851921377586292
2025.12.12 16:03:00,11176.25,11176.25,1.851921377586292
2025.12.12 17:03:00,11176.25,11176.25,1.851921377586292
2025.12.12 18:03:00,11176.25,11176.25,1.851921377586292
2025.12.12 19:03:00,11176.25,11176.25,1.851921377586292
2025.12.12 20:03:00,11176.19,11176.55,1.851921377586292
2025.12.12 21:03:00,11176.19,11179.64,1.851921377586292
2025.12.14 23:03:00,11176.19,11179.63,1.851921377586292
2025.12.15 00:03:00,11176.19,11185.31,1.851921377586292
2025.12.15 01:03:00,11176.19,11191.04,1.851921377586292
2025.12.15 02:03:00,11176.19,11203.82,1.851921377586292
2025.12.15 03:03:00,11176.19,11207.62,1.851921377586292
2025.12.15 04:03:00,11176.19,11205.17,1.851921377586292
2025.12.15 05:03:00,11176.19,11206.08,1.851921377586292
2025.12.15 06:03:00,11176.19,11222.4,1.851921377586292
2025.12.15 07:03:00,11176.19,11220.75,1.851921377586292
2025.12.15 08:03:00,11176.19,11218.24,1.851921377586292
2025.12.15 09:03:00,11176.19,11224.53,1.851921377586292
2025.12.15 10:03:00,11176.19,11222.37,1.851921377586292
2025.12.15 11:03:00,11176.19,11217.17,1.851921377586292
2025.12.15 12:03:00,11176.19,11223.2,1.851921377586292
2025.12.15 13:03:00,11176.19,11221.05,1.851921377586292
2025.12.15 14:03:00,11176.19,11215.3,1.851921377586292
2025.12.15 15:03:00,11176.19,11195.72,1.851921377586292
2025.12.15 16:03:00,11176.19,11193.14,1.851921377586292
2025.12.15 17:03:00,11176.19,11174.67,1.851921377586292
2025.12.15 18:03:00,11176.19,11182.74,1.851921377586292
2025.12.15 19:03:00,11176.19,11194.11,1.851921377586292
2025.12.15 20:03:00,11176.19,11192.29,1.851921377586292
2025.12.15 21:03:00,11176.19,11182.68,1.851921377586292
2025.12.15 23:00:00,11176.19,11186.49,1.851921377586292
2025.12.16 00:00:00,11176.19,11182.7,1.851921377586292
2025.12.16 01:00:00,11176.19,11186.43,1.851921377586292
2025.12.16 02:00:00,11176.19,11187.4,1.851921377586292
2025.12.16 03:00:00,11176.19,11168.52,1.851921377586292
2025.12.16 04:00:00,11176.19,11169.44,1.851921377586292
2025.12.16 05:00:00,11176.19,11167.73,1.851921377586292
2025.12.16 06:00:00,11176.19,11162.76,1.851921377586292
2025.12.16 07:00:00,11176.19,11167.78,1.851921377586292
2025.12.16 08:00:00,11176.19,11166.15,1.851921377586292
2025.12.16 09:00:00,11176.19,11163.34,1.851921377586292
2025.12.16 10:00:00,11176.19,11158.96,1.851921377586292
2025.12.16 11:00:00,11176.19,11155.89,1.851921377586292
2025.12.16 12:00:00,11176.19,11156.99,1.851921377586292
2025.12.16 13:00:00,11176.19,11173.07,1.851921377586292
2025.12.16 14:00:00,11176.19,11191.62,1.851921377586292
2025.12.16 15:00:00,11176.19,11203.34,1.851921377586292
2025.12.16 16:00:00,11176.19,11198.33,1.851921377586292
2025.12.16 17:00:00,11176.19,11179.2,1.851921377586292
2025.12.16 18:00:00,11176.19,11182.02,1.851921377586292
2025.12.16 19:00:00,11176.19,11189.91,1.851921377586292
2025.12.16 20:00:00,11176.19,11189.25,1.851921377586292
2025.12.16 21:00:00,11176.19,11183.28,1.851921377586292
2025.12.16 23:00:00,11176.19,11181.51,1.851921377586292
2025.12.17 00:00:00,11176.19,11185.95,1.851921377586292
2025.12.17 01:00:00,11176.19,11191.24,1.851921377586292
2025.12.17 02:00:00,11176.19,11204.79,1.851921377586292
2025.12.17 03:00:00,11176.19,11192.34,1.851921377586292
2025.12.17 04:00:00,11176.19,11201.71,1.851921377586292
2025.12.17 05:00:00,11176.19,11207.73,1.851921377586292
2025.12.17 06:00:00,11176.19,11212.03,1.851921377586292
2025.12.17 07:00:00,11176.19,11206.67,1.851921377586292
2025.12.17 08:00:00,11176.19,11195.84,1.851921377586292
2025.12.17 09:00:00,11176.19,11197.11,1.851921377586292
2025.12.17 10:00:00,11176.19,11195.05,1.851921377586292
2025.12.17 11:00:00,11176.19,11195.72,1.851921377586292
2025.12.17 12:00:00,11176.19,11194.5,1.851921377586292
2025.12.17 13:00:00,11176.19,11195.51,1.851921377586292
2025.12.17 14:00:00,11176.19,11220.05,1.851921377586292
2025.12.17 15:00:00,11176.19,11216.27,1.851921377586292
2025.12.17 16:00:00,11176.19,11208.28,1.851921377586292
2025.12.17 17:00:00,11176.19,11211.58,1.851921377586292
2025.12.17 18:00:00,11176.19,11220.51,1.851921377586292
2025.12.17 19:00:00,11176.19,11213.99,1.851921377586292
2025.12.17 20:00:00,11176.19,11214.98,1.851921377586292
2025.12.17 21:00:00,11176.19,11219.34,1.851921377586292
2025.12.17 23:00:00,11176.19,11218.15,1.851921377586292
2025.12.18 00:00:00,11176.19,11215.59,1.851921377586292
2025.12.18 01:00:00,11176.19,11211.24,1.851921377586292
2025.12.18 02:00:00,11176.19,11207.97,1.851921377586292
2025.12.18 03:00:00,11176.19,11209.68,1.851921377586292
2025.12.18 04:00:00,11176.19,11209.56,1.851921377586292
2025.12.18 05:00:00,11176.19,11208.25,1.851921377586292
2025.12.18 06:00:00,11176.19,11209.69,1.851921377586292
2025.12.18 07:00:00,11176.19,11210.38,1.851921377586292
2025.12.18 08:00:00,11176.19,11207.82,1.851921377586292
2025.12.18 09:00:00,11176.19,11203.02,1.851921377586292
2025.12.18 10:00:00,11176.19,11199.78,1.851921377586292
2025.12.18 11:00:00,11176.19,11201.78,1.851921377586292
2025.12.18 12:00:00,11176.19,11202.01,1.851921377586292
2025.12.18 13:00:00,11176.19,11197.27,1.851921377586292
2025.12.18 14:00:00,11176.19,11213.03,1.851921377586292
2025.12.18 15:00:00,11176.19,11205.0,1.851921377586292
2025.12.18 16:00:00,11176.19,11214.71,1.851921377586292
2025.12.18 17:00:00,11176.19,11236.75,1.851921377586292
2025.12.18 18:00:00,11139.9,11173.46,1.851921377586292
2025.12.18 19:00:00,11139.9,11171.84,1.851921377586292
2025.12.18 20:00:00,11139.9,11165.14,1.851921377586292
2025.12.18 21:00:00,11139.9,11174.81,1.851921377586292
2025.12.18 23:02:00,11139.9,11175.89,1.851921377586292
2025.12.19 00:02:00,11139.9,11173.41,1.851921377586292
2025.12.19 01:02:00,11139.9,11162.56,1.851921377586292
2025.12.19 02:02:00,11139.9,11166.13,1.851921377586292
2025.12.19 03:02:00,11139.9,11152.61,1.851921377586292
2025.12.19 04:02:00,11139.9,11157.7,1.851921377586292
2025.12.19 05:02:00,11139.9,11162.82,1.851921377586292
2025.12.19 06:02:00,11139.9,11165.72,1.851921377586292
2025.12.19 07:02:00,11139.9,11163.22,1.851921377586292
2025.12.19 08:02:00,11139.9,11162.9,1.851921377586292
2025.12.19 09:02:00,11139.9,11164.6,1.851921377586292
2025.12.19 10:02:00,11139.9,11169.42,1.851921377586292
2025.12.19 11:02:00,11139.9,11168.04,1.851921377586292
2025.12.19 12:02:00,11139.9,11165.81,1.851921377586292
2025.12.19 13:02:00,11139.9,11166.42,1.851921377586292
2025.12.19 14:02:00,11139.9,11168.91,1.851921377586292
2025.12.19 15:02:00,11139.9,11176.97,1.851921377586292
2025.12.19 16:02:00,11139.9,11191.88,1.851921377586292
2025.12.19 17:02:00,11139.9,11188.69,1.851921377586292
2025.12.19 18:02:00,11139.9,11191.98,1.851921377586292
2025.12.19 19:02:00,11139.9,11188.27,1.851921377586292
2025.12.19 20:02:00,11139.9,11183.27,1.851921377586292
2025.12.19 21:02:00,11139.9,11179.28,1.851921377586292
2025.12.21 23:04:00,11139.9,11180.0,1.851921377586292
2025.12.22 00:04:00,11139.9,11201.95,1.851921377586292
2025.12.22 01:04:00,11139.9,11208.98,1.851921377586292
2025.12.22 02:04:00,11139.68,11219.09,1.851921377586292
2025.12.22 03:04:00,11139.68,11247.05,1.851921377586292
2025.12.22 04:04:00,11139.68,11269.56,1.851921377586292
2025.12.22 05:04:00,11139.68,11296.64,1.851921377586292
2025.12.22 06:04:00,11139.68,11311.95,1.851921377586292
2025.12.22 07:04:00,11270.88,11387.5,1.851921377586292
2025.12.22 08:04:00,11270.88,11382.06,1.851921377586292
2025.12.22 09:04:00,11270.88,11380.84,1.851921377586292
2025.12.22 10:04:00,11270.88,11383.16,1.851921377586292
2025.12.22 11:04:00,11270.88,11378.2,1.851921377586292
2025.12.22 12:04:00,11270.88,11382.94,1.851921377586292
2025.12.22 13:04:00,11270.88,11387.17,1.851921377586292
2025.12.22 14:04:00,11270.88,11392.08,1.851921377586292
2025.12.22 15:04:00,11270.88,11392.3,1.851921377586292
2025.12.22 16:04:00,11270.71,11394.34,1.851921377586292
2025.12.22 17:04:00,11270.71,11425.63,1.851921377586292
2025.12.22 18:04:00,11270.71,11424.83,1.851921377586292
2025.12.22 19:04:00,11270.71,11409.43,1.851921377586292
2025.12.22 20:04:00,11270.71,11419.1,1.851921377586292
2025.12.22 21:04:00,11270.71,11437.39,1.851921377586292
2025.12.22 23:00:00,11270.71,11464.86,1.851921377586292
2025.12.23 00:00:00,11426.88,11510.67,1.851921377586292
2025.12.23 01:00:00,11532.47,11532.47,1.851921377586292
2025.12.23 02:00:00,11532.47,11532.47,1.851921377586292
2025.12.23 03:00:00,11532.47,11532.47,1.851921377586292
2025.12.23 04:00:00,11532.47,11532.47,1.851921377586292
2025.12.23 05:00:00,11532.47,11532.47,1.851921377586292
2025.12.23 06:00:00,11532.47,11532.47,1.851921377586292
2025.12.23 07:00:00,11532.47,11532.47,1.851921377586292
2025.12.23 08:00:00,11532.47,11532.47,1.851921377586292
2025.12.23 09:00:00,11532.47,11532.47,1.851921377586292
2025.12.23 10:00:00,11532.47,11532.47,1.851921377586292
2025.12.23 11:00:00,11532.47,11532.47,1.851921377586292
2025.12.23 12:00:00,11532.47,11532.47,1.851921377586292
2025.12.23 13:00:00,11532.47,11532.47,1.851921377586292
2025.12.23 14:00:00,11532.47,11532.47,1.851921377586292
2025.12.23 15:00:00,11532.47,11532.47,1.851921377586292
2025.12.23 16:00:00,11532.47,11532.47,1.851921377586292
2025.12.23 17:00:00,11532.47,11532.47,1.851921377586292
2025.12.23 18:00:00,11532.41,11530.85,1.851921377586292
2025.12.23 19:00:00,11532.41,11542.61,1.851921377586292
2025.12.23 20:00:00,11532.41,11549.04,1.851921377586292
2025.12.23 21:00:00,11532.41,11555.68,1.851921377586292
2025.12.23 23:01:00,11532.41,11545.58,1.851921377586292
2025.12.24 00:01:00,11532.41,11559.95,1.851921377586292
2025.12.24 01:01:00,11532.41,11574.39,1.851921377586292
2025.12.24 02:01:00,11532.41,11576.44,1.851921377586292
2025.12.24 03:01:00,11532.41,11531.86,1.851921377586292
2025.12.24 04:01:00,11532.41,11550.72,1.851921377586292
2025.12.24 05:01:00,11532.41,11556.78,1.851921377586292
2025.12.24 06:01:00,11532.41,11547.21,1.851921377586292
2025.12.24 07:01:00,11532.41,11550.25,1.851921377586292
2025.12.24 08:01:00,11532.41,11537.16,1.851921377586292
2025.12.24 09:01:00,11532.41,11541.38,1.851921377586292
2025.12.24 10:01:00,11532.41,11552.19,1.851921377586292
2025.12.24 11:01:00,11532.41,11545.78,1.851921377586292
2025.12.24 12:01:00,11532.41,11549.59,1.851921377586292
2025.12.24 13:01:00,11532.41,11548.05,1.851921377586292
2025.12.24 14:01:00,11532.41,11546.07,1.851921377586292
2025.12.24 15:01:00,11532.41,11523.24,1.851921377586292
2025.12.24 16:01:00,11532.41,11515.01,1.851921377586292
2025.12.24 17:01:00,11532.41,11534.54,1.851921377586292
2025.12.24 18:01:00,11532.41,11538.87,1.851921377586292
2025.12.25 23:11:00,11532.41,11542.2,1.851921377586292
2025.12.26 00:11:00,11532.41,11560.25,1.851921377586292
2025.12.26 01:11:00,11532.41,11568.39,1.851921377586292
2025.12.26 02:11:00,11532.41,11560.96,1.851921377586292
2025.12.26 03:11:00,11532.41,11565.27,1.851921377586292
2025.12.26 04:11:00,11532.41,11562.59,1.851921377586292
2025.12.26 05:11:00,11532.41,11565.64,1.851921377586292
2025.12.26 06:11:00,11532.41,11565.78,1.851921377586292
2025.12.26 07:11:00,11532.41,11570.53,1.851921377586292
2025.12.26 08:11:00,11532.41,11566.98,1.851921377586292
2025.12.26 09:11:00,11532.41,11572.19,1.851921377586292
2025.12.26 10:11:00,11532.41,11572.36,1.851921377586292
2025.12.26 11:11:00,11532.41,11559.98,1.851921377586292
2025.12.26 12:11:00,11532.41,11563.63,1.851921377586292
2025.12.26 13:11:00,11532.41,11569.23,1.851921377586292
2025.12.26 14:11:00,11532.41,11579.07,1.851921377586292
2025.12.26 15:11:00,11532.41,11582.5,1.851921377586292
2025.12.26 16:11:00,11532.41,11601.34,1.851921377586292
2025.12.26 17:11:00,11532.41,11590.96,1.851921377586292
2025.12.26 18:11:00,11532.41,11571.64,1.851921377586292
2025.12.26 19:11:00,11532.41,11584.94,1.851921377586292
2025.12.26 20:11:00,11532.41,11586.98,1.851921377586292
2025.12.26 21:11:00,11532.41,11583.77,1.851921377586292
2025.12.28 23:01:00,11532.41,11601.16,1.851921377586292
2025.12.29 00:01:00,11532.41,11579.72,1.851921377586292
2025.12.29 01:01:00,11529.2,11529.2,1.851921377586292
2025.12.29 02:01:00,11529.2,11529.2,1.851921377586292
2025.12.29 03:01:00,11529.2,11529.2,1.851921377586292
2025.12.29 04:01:00,11529.14,11527.84,1.851921377586292
2025.12.29 05:01:00,11529.14,11527.24,1.851921377586292
2025.12.29 06:01:00,11529.14,11518.46,1.851921377586292
2025.12.29 07:01:00,11473.33,11473.33,1.851921377586292
2025.12.29 08:01:00,11473.33,11473.33,1.851921377586292
2025.12.29 09:01:00,11473.33,11473.33,1.851921377586292
2025.12.29 10:01:00,11473.33,11473.33,1.851921377586292
2025.12.29 11:01:00,11473.33,11473.33,1.851921377586292
2025.12.29 12:01:00,11473.33,11473.33,1.851921377586292
2025.12.29 13:01:00,11473.33,11473.33,1.851921377586292
2025.12.29 14:01:00,11473.33,11473.33,1.851921377586292
2025.12.29 15:01:00,11473.33,11473.33,1.851921377586292
2025.12.29 16:01:00,11473.33,11473.33,1.851921377586292
2025.12.29 17:01:00,11473.33,11473.33,1.851921377586292
2025.12.29 18:01:00,11473.33,11473.33,1.851921377586292
2025.12.29 19:01:00,11473.33,11473.33,1.851921377586292
2025.12.29 20:01:00,11473.33,11473.33,1.851921377586292
2025.12.29 21:01:00,11473.33,11473.33,1.851921377586292
2025.12.29 23:02:00,11473.33,11473.33,1.851921377586292
2025.12.30 00:02:00,11473.33,11473.33,1.851921377586292
2025.12.30 01:02:00,11473.33,11473.33,1.851921377586292
2025.12.30 02:02:00,11473.33,11473.33,1.851921377586292
2025.12.30 03:02:00,11473.33,11473.33,1.851921377586292
2025.12.30 04:02:00,11473.33,11473.33,1.851921377586292
2025.12.30 05:02:00,11473.33,11473.33,1.851921377586292
2025.12.30 06:02:00,11473.33,11473.33,1.851921377586292
2025.12.30 07:02:00,11473.33,11473.33,1.851921377586292
2025.12.30 08:02:00,11473.33,11473.33,1.851921377586292
2025.12.30 09:02:00,11473.33,11473.33,1.851921377586292
2025.12.30 10:02:00,11473.33,11473.33,1.851921377586292
2025.12.30 11:02:00,11473.33,11473.33,1.851921377586292
2025.12.30 12:02:00,11473.33,11473.33,1.851921377586292
2025.12.30 13:02:00,11473.33,11473.33,1.851921377586292
2025.12.30 14:02:00,11473.33,11473.33,1.851921377586292
2025.12.30 15:02:00,11473.33,11473.33,1.851921377586292
2025.12.30 16:02:00,11473.33,11473.33,1.851921377586292
2025.12.30 17:02:00,11473.33,11473.33,1.851921377586292
2025.12.30 18:02:00,11473.33,11473.33,1.851921377586292
2025.12.30 19:02:00,11473.33,11473.33,1.851921377586292
2025.12.30 20:02:00,11473.33,11473.33,1.851921377586292
2025.12.30 21:02:00,11473.33,11473.33,1.851921377586292
2025.12.30 23:00:00,11473.33,11473.33,1.851921377586292
2025.12.31 00:00:00,11473.33,11473.33,1.851921377586292
2025.12.31 01:00:00,11473.33,11473.33,1.851921377586292
2025.12.31 02:00:00,11473.33,11473.33,1.851921377586292
2025.12.31 03:00:00,11473.33,11473.33,1.851921377586292
2025.12.31 04:00:00,11473.33,11473.33,1.851921377586292
2025.12.31 05:00:00,11473.33,11473.33,1.851921377586292
2025.12.31 06:00:00,11473.33,11473.33,1.851921377586292
2025.12.31 07:00:00,11473.33,11473.33,1.851921377586292
2025.12.31 08:00:00,11473.33,11473.33,1.851921377586292
2025.12.31 09:00:00,11473.33,11473.33,1.851921377586292
2025.12.31 10:00:00,11473.33,11473.33,1.851921377586292
2025.12.31 11:00:00,11473.33,11473.33,1.851921377586292
2025.12.31 12:00:00,11473.33,11473.33,1.851921377586292
2025.12.31 13:00:00,11473.33,11473.33,1.851921377586292
2025.12.31 14:00:00,11473.33,11473.33,1.851921377586292
2025.12.31 15:00:00,11473.33,11473.33,1.851921377586292
2025.12.31 16:00:00,11473.33,11473.33,1.851921377586292
2025.12.31 17:00:00,11473.33,11473.33,1.851921377586292
2025.12.31 18:00:00,11473.33,11473.33,1.851921377586292
2025.12.31 19:00:00,11473.33,11473.33,1.851921377586292
2025.12.31 20:00:00,11473.33,11473.33,1.851921377586292
2025.12.31 21:00:00,11473.33,11473.33,1.851921377586292
2026.01.01 23:05:00,11473.33,11473.33,1.851921377586292
2026.01.02 00:05:00,11473.33,11473.33,1.851921377586292
2026.01.02 01:05:00,11473.33,11473.33,1.851921377586292
2026.01.02 02:05:00,11473.33,11473.33,1.851921377586292
2026.01.02 03:05:01,11473.33,11473.33,1.851921377586292
2026.01.02 04:05:01,11473.33,11473.33,1.851921377586292
2026.01.02 05:05:02,11473.33,11473.33,1.851921377586292
2026.01.02 06:05:02,11473.33,11473.33,1.851921377586292
2026.01.02 07:05:02,11473.33,11473.33,1.851921377586292
2026.01.02 08:05:02,11473.33,11473.33,1.851921377586292
2026.01.02 09:05:02,11473.33,11473.33,1.851921377586292
2026.01.02 10:05:02,11473.33,11473.33,1.851921377586292
2026.01.02 11:05:02,11473.33,11473.33,1.851921377586292
2026.01.02 12:05:02,11473.33,11473.33,1.851921377586292
2026.01.02 13:05:03,11473.33,11473.33,1.851921377586292
2026.01.02 14:05:03,11473.33,11473.33,1.851921377586292
2026.01.02 15:05:03,11473.33,11473.33,1.851921377586292
2026.01.02 16:05:03,11473.33,11473.33,1.851921377586292
2026.01.02 17:05:03,11473.33,11473.33,1.851921377586292
2026.01.02 18:05:04,11473.33,11473.33,1.851921377586292
2026.01.02 19:05:04,11473.33,11473.33,1.851921377586292
2026.01.02 20:05:04,11473.33,11473.33,1.851921377586292
2026.01.02 21:05:04,11473.33,11473.33,1.851921377586292
2026.01.04 23:07:09,11473.33,11473.33,1.851921377586292
2026.01.05 00:07:09,11473.33,11473.33,1.851921377586292
2026.01.05 01:07:09,11473.33,11473.33,1.851921377586292
2026.01.05 02:07:09,11473.33,11473.33,1.851921377586292
2026.01.05 03:07:09,11473.33,11473.33,1.851921377586292
2026.01.05 04:07:09,11473.33,11473.33,1.851921377586292
2026.01.05 05:07:09,11473.33,11473.33,1.851921377586292
2026.01.05 06:07:09,11473.33,11473.33,1.851921377586292
2026.01.05 07:07:09,11473.33,11473.33,1.851921377586292
2026.01.05 08:07:09,11473.33,11473.33,1.851921377586292
2026.01.05 09:07:09,11473.33,11473.33,1.851921377586292
2026.01.05 10:07:09,11473.33,11473.33,1.851921377586292
2026.01.05 11:07:09,11473.33,11473.33,1.851921377586292
2026.01.05 12:07:09,11473.33,11473.33,1.851921377586292
2026.01.05 13:07:09,11473.33,11473.33,1.851921377586292
2026.01.05 14:07:09,11473.33,11473.33,1.851921377586292
2026.01.05 15:07:09,11473.33,11473.33,1.851921377586292
2026.01.05 16:07:09,11473.33,11473.33,1.851921377586292
2026.01.05 17:07:09,11473.33,11473.33,1.851921377586292
2026.01.05 18:07:09,11473.33,11473.33,1.851921377586292
2026.01.05 19:07:09,11473.33,11473.33,1.851921377586292
2026.01.05 20:07:09,11473.33,11473.33,1.851921377586292
2026.01.05 21:07:09,11473.33,11473.33,1.851921377586292
2026.01.05 23:04:25,11473.33,11473.33,1.851921377586292
2026.01.06 00:04:25,11473.33,11473.33,1.851921377586292
2026.01.06 01:04:25,11473.33,11473.33,1.851921377586292
2026.01.06 02:04:25,11473.33,11473.33,1.851921377586292
2026.01.06 03:04:25,11473.33,11473.33,1.851921377586292
2026.01.06 04:04:25,11473.33,11473.33,1.851921377586292
2026.01.06 05:04:25,11473.33,11473.33,1.851921377586292
2026.01.06 06:04:25,11473.33,11473.33,1.851921377586292
2026.01.06 07:04:25,11473.33,11473.33,1.851921377586292
2026.01.06 08:04:25,11473.33,11473.33,1.851921377586292
2026.01.06 09:04:25,11473.33,11473.33,1.851921377586292
2026.01.06 10:04:25,11473.33,11473.33,1.851921377586292
2026.01.06 11:04:25,11473.33,11473.33,1.851921377586292
2026.01.06 12:04:26,11473.33,11473.33,1.851921377586292
2026.01.06 13:04:26,11473.33,11473.33,1.851921377586292
2026.01.06 14:04:26,11473.33,11473.33,1.851921377586292
2026.01.06 15:04:26,11473.33,11473.33,1.851921377586292
2026.01.06 16:04:26,11473.33,11473.33,1.851921377586292
2026.01.06 17:04:26,11473.33,11473.33,1.851921377586292
2026.01.06 18:04:26,11473.33,11473.33,1.851921377586292
2026.01.06 19:04:26,11473.33,11473.33,1.851921377586292
2026.01.06 20:04:26,11473.33,11473.33,1.851921377586292
2026.01.06 21:04:27,11473.33,11473.33,1.851921377586292
2026.01.06 23:01:43,11473.33,11473.33,1.851921377586292
2026.01.07 00:01:43,11473.33,11473.33,1.851921377586292
2026.01.07 01:01:43,11473.33,11473.33,1.851921377586292
2026.01.07 02:01:43,11473.33,11473.33,1.851921377586292
2026.01.07 03:01:43,11473.33,11473.33,1.851921377586292
2026.01.07 04:01:43,11473.33,11473.33,1.851921377586292
2026.01.07 05:01:44,11473.33,11473.33,1.851921377586292
2026.01.07 06:01:44,11473.33,11473.33,1.851921377586292
2026.01.07 07:01:44,11473.33,11473.33,1.851921377586292
2026.01.07 08:01:44,11473.33,11473.33,1.851921377586292
2026.01.07 09:01:44,11473.33,11473.33,1.851921377586292
2026.01.07 10:01:44,11473.33,11473.33,1.851921377586292
2026.01.07 11:01:45,11473.33,11473.33,1.851921377586292
2026.01.07 12:01:45,11473.33,11473.33,1.851921377586292
2026.01.07 13:01:45,11473.33,11473.33,1.851921377586292
2026.01.07 14:01:45,11473.33,11473.33,1.851921377586292
2026.01.07 15:01:45,11473.33,11473.33,1.851921377586292
2026.01.07 16:01:45,11473.33,11473.33,1.851921377586292
2026.01.07 17:01:45,11473.33,11473.33,1.851921377586292
2026.01.07 18:01:45,11473.33,11473.33,1.851921377586292
2026.01.07 19:01:46,11473.33,11473.33,1.851921377586292
2026.01.07 20:01:46,11473.33,11473.33,1.851921377586292
2026.01.07 21:01:46,11473.33,11473.33,1.851921377586292
2026.01.07 23:01:43,11473.33,11473.33,1.851921377586292
2026.01.08 00:01:43,11473.27,11474.87,1.851921377586292
2026.01.08 01:01:43,11473.27,11459.55,1.851921377586292
2026.01.08 02:01:43,11473.27,11459.2,1.851921377586292
2026.01.08 03:01:43,11473.27,11450.35,1.851921377586292
2026.01.08 04:01:43,11473.27,11447.87,1.851921377586292
2026.01.08 05:01:43,11473.27,11441.72,1.851921377586292
2026.01.08 06:01:43,11473.27,11437.66,1.851921377586292
2026.01.08 07:01:43,11473.27,11443.09,1.851921377586292
2026.01.08 08:01:43,11473.27,11439.8,1.851921377586292
2026.01.08 09:01:43,11473.27,11444.65,1.851921377586292
2026.01.08 10:01:43,11473.27,11441.37,1.851921377586292
2026.01.08 11:01:45,11473.27,11442.04,1.851921377586292
2026.01.08 12:01:45,11473.27,11427.53,1.851921377586292
2026.01.08 13:01:45,11424.98,11424.98,1.851921377586292
2026.01.08 14:01:45,11424.98,11424.98,1.851921377586292
2026.01.08 15:01:45,11424.98,11424.98,1.851921377586292
2026.01.08 16:01:45,11424.92,11426.31,1.851921377586292
2026.01.08 17:01:45,11424.92,11432.59,1.851921377586292
2026.01.08 18:01:46,11424.92,11432.15,1.851921377586292
2026.01.08 19:01:46,11424.92,11421.02,1.851921377586292
2026.01.08 20:01:46,11424.92,11426.08,1.851921377586292
2026.01.08 21:01:46,11424.92,11448.31,1.851921377586292
2026.01.08 23:01:38,11424.92,11452.71,1.851921377586292
2026.01.09 00:01:38,11424.92,11444.35,1.851921377586292
2026.01.09 01:01:38,11424.92,11435.46,1.851921377586292
2026.01.09 02:01:39,11424.92,11443.86,1.851921377586292
2026.01.09 03:01:39,11424.92,11438.61,1.851921377586292
2026.01.09 04:01:39,11424.92,11434.33,1.851921377586292
2026.01.09 05:01:39,11424.92,11435.41,1.851921377586292
2026.01.09 06:01:39,11424.92,11440.67,1.851921377586292
2026.01.09 07:01:40,11424.92,11443.92,1.851921377586292
2026.01.09 08:01:40,11424.92,11439.45,1.851921377586292
2026.01.09 09:01:40,11424.92,11440.12,1.851921377586292
2026.01.09 10:01:40,11424.92,11440.87,1.851921377586292
2026.01.09 11:01:40,11424.92,11444.33,1.851921377586292
2026.01.09 12:01:40,11424.92,11448.01,1.851921377586292
2026.01.09 13:01:40,11424.92,11437.03,1.851921377586292
2026.01.09 14:01:40,11424.92,11458.38,1.851921377586292
2026.01.09 15:01:40,11424.92,11464.96,1.851921377586292
2026.01.09 16:01:40,11424.75,11480.43,1.851921377586292
2026.01.09 17:01:40,11424.75,11472.19,1.851921377586292
2026.01.09 18:01:41,11382.29,11414.57,1.851921377586292
2026.01.09 19:01:41,11382.29,11424.91,1.851921377586292
2026.01.09 20:01:41,11382.29,11427.94,1.851921377586292
2026.01.09 21:01:41,11382.29,11433.94,1.851921377586292
2026.01.11 23:03:29,11382.29,11444.94,1.851921377586292
2026.01.12 00:03:29,11382.12,11474.53,1.851921377586292
2026.01.12 01:03:29,11657.81,11653.05,1.851921377586292
2026.01.12 02:03:29,11620.94,11620.94,1.851921377586292
2026.01.12 03:03:29,11620.94,11620.94,1.851921377586292
2026.01.12 04:03:29,11620.94,11620.94,1.851921377586292
2026.01.12 05:03:29,11620.94,11620.94,1.851921377586292
2026.01.12 06:03:29,11620.94,11620.94,1.851921377586292
2026.01.12 07:03:30,11620.94,11620.94,1.851921377586292
2026.01.12 08:03:30,11620.94,11620.94,1.851921377586292
2026.01.12 09:03:31,11620.94,11620.94,1.851921377586292
2026.01.12 10:03:31,11620.94,11620.94,1.851921377586292
2026.01.12 11:03:31,11620.94,11620.94,1.851921377586292
2026.01.12 12:03:31,11620.94,11620.94,1.851921377586292
2026.01.12 13:03:31,11620.94,11620.94,1.851921377586292
2026.01.12 14:03:31,11620.94,11620.94,1.851921377586292
2026.01.12 15:03:31,11620.94,11620.94,1.851921377586292
2026.01.12 16:03:31,11620.94,11620.94,1.851921377586292
2026.01.12 17:03:31,11620.94,11620.94,1.851921377586292
2026.01.12 18:03:31,11620.94,11620.94,1.851921377586292
2026.01.12 19:03:31,11620.94,11620.94,1.851921377586292
2026.01.12 20:03:31,11620.94,11620.94,1.851921377586292
2026.01.12 21:03:32,11620.94,11620.94,1.851921377586292
2026.01.12 23:01:47,11620.94,11620.94,1.851921377586292
2026.01.13 00:01:47,11620.94,11620.94,1.851921377586292
2026.01.13 01:01:47,11620.94,11620.94,1.851921377586292
2026.01.13 02:01:47,11620.94,11620.94,1.851921377586292
2026.01.13 03:01:47,11620.94,11620.94,1.851921377586292
2026.01.13 04:01:47,11620.94,11620.94,1.851921377586292
2026.01.13 05:01:47,11620.94,11620.94,1.851921377586292
2026.01.13 06:01:48,11620.94,11620.94,1.851921377586292
2026.01.13 07:01:48,11620.94,11620.94,1.851921377586292
2026.01.13 08:01:48,11620.94,11620.94,1.851921377586292
2026.01.13 09:01:48,11620.94,11620.94,1.851921377586292
2026.01.13 10:01:48,11620.94,11620.94,1.851921377586292
2026.01.13 11:01:50,11620.94,11620.94,1.851921377586292
2026.01.13 12:01:50,11620.94,11620.94,1.851921377586292
2026.01.13 13:01:50,11620.94,11620.94,1.851921377586292
2026.01.13 14:01:50,11620.94,11620.94,1.851921377586292
2026.01.13 15:01:50,11620.94,11620.94,1.851921377586292
2026.01.13 16:01:50,11620.94,11620.94,1.851921377586292
2026.01.13 17:01:50,11620.94,11620.94,1.851921377586292
2026.01.13 18:01:50,11620.94,11620.94,1.851921377586292
2026.01.13 19:01:50,11620.94,11620.94,1.851921377586292
2026.01.13 20:01:50,11620.94,11620.94,1.851921377586292
2026.01.13 21:01:51,11620.94,11620.94,1.851921377586292
2026.01.13 23:01:26,11620.94,11620.94,1.851921377586292
2026.01.14 00:01:27,11620.88,11622.8,1.851921377586292
2026.01.14 01:01:27,11620.88,11636.4,1.851921377586292
2026.01.14 02:01:27,11620.88,11641.4,1.851921377586292
2026.01.14 03:01:27,11620.88,11645.72,1.851921377586292
2026.01.14 04:01:27,11620.88,11652.65,1.851921377586292
2026.01.14 05:01:27,11620.88,11655.3,1.851921377586292
2026.01.14 06:01:27,11620.88,11644.83,1.851921377586292
2026.01.14 07:01:27,11620.88,11658.08,1.851921377586292
2026.01.14 08:01:27,11620.88,11656.57,1.851921377586292
2026.01.14 09:01:27,11620.88,11657.62,1.851921377586292
2026.01.14 10:01:27,11620.88,11652.28,1.851921377586292
2026.01.14 11:01:27,11620.88,11655.39,1.851921377586292
2026.01.14 12:01:27,11620.88,11656.92,1.851921377586292
2026.01.14 13:01:27,11620.88,11660.98,1.851921377586292
2026.01.14 14:01:27,11620.88,11658.47,1.851921377586292
2026.01.14 15:01:27,11620.88,11636.55,1.851921377586292
2026.01.14 16:01:27,11620.88,11641.4,1.851921377586292
2026.01.14 17:01:27,11620.88,11641.67,1.851921377586292
2026.01.14 18:01:27,11620.88,11637.63,1.851921377586292
2026.01.14 19:01:27,11620.88,11663.27,1.851921377586292
2026.01.14 20:01:27,11620.88,11663.05,1.851921377586292
2026.01.14 21:01:27,11620.88,11654.63,1.851921377586292
2026.01.14 23:03:04,11620.88,11650.31,1.851921377586292
2026.01.15 00:03:04,11620.88,11635.85,1.851921377586292
2026.01.15 01:03:04,11620.88,11631.58,1.851921377586292
2026.01.15 02:03:04,11620.88,11621.63,1.851921377586292
2026.01.15 03:03:04,11620.88,11621.75,1.851921377586292
2026.01.15 04:03:04,11620.88,11611.9,1.851921377586292
2026.01.15 05:03:04,11620.88,11613.43,1.851921377586292
2026.01.15 06:03:04,11620.88,11620.47,1.851921377586292
2026.01.15 07:03:04,11620.88,11631.32,1.851921377586292
2026.01.15 08:03:04,11620.88,11621.16,1.851921377586292
2026.01.15 09:03:06,11620.88,11625.7,1.851921377586292
2026.01.15 10:03:06,11620.88,11632.0,1.851921377586292
2026.01.15 11:03:06,11620.88,11642.92,1.851921377586292
2026.01.15 12:03:06,11620.88,11642.58,1.851921377586292
2026.01.15 13:03:06,11620.88,11636.9,1.851921377586292
2026.01.15 14:03:06,11620.88,11611.04,1.851921377586292
2026.01.15 15:03:06,11620.88,11635.6,1.851921377586292
2026.01.15 16:03:06,11620.88,11632.34,1.851921377586292
2026.01.15 17:03:06,11620.88,11630.31,1.851921377586292
2026.01.15 18:03:06,11620.88,11642.09,1.851921377586292
2026.01.15 19:03:06,11620.88,11641.2,1.851921377586292
2026.01.15 20:03:06,11620.88,11636.89,1.851921377586292
2026.01.15 21:03:06,11620.88,11631.27,1.851921377586292
2026.01.15 23:01:18,11620.88,11640.21,1.851921377586292
2026.01.16 00:01:18,11620.88,11630.7,1.851921377586292
2026.01.16 01:01:18,11620.88,11616.11,1.851921377586292
2026.01.16 02:01:18,11620.88,11623.4,1.851921377586292
2026.01.16 03:01:18,11620.88,11616.52,1.851921377586292
2026.01.16 04:01:18,11620.88,11618.85,1.851921377586292
2026.01.16 05:01:18,11620.88,11622.44,1.851921377586292
2026.01.16 06:01:18,11620.88,11633.6,1.851921377586292
2026.01.16 07:01:18,11620.88,11620.31,1.851921377586292
2026.01.16 08:01:18,11620.88,11630.81,1.851921377586292
2026.01.16 09:01:18,11620.88,11625.35,1.851921377586292
2026.01.16 10:01:18,11620.88,11624.51,1.851921377586292
2026.01.16 11:01:18,11620.88,11623.28,1.851921377586292
2026.01.16 12:01:18,11620.88,11632.93,1.851921377586292
2026.01.16 13:01:18,11620.88,11622.54,1.851921377586292
2026.01.16 14:01:18,11620.88,11621.57,1.851921377586292
2026.01.16 15:01:18,11620.88,11633.42,1.851921377586292
2026.01.16 16:01:18,11566.52,11566.52,1.851921377586292
2026.01.16 17:01:18,11566.52,11566.52,1.851921377586292
2026.01.16 18:01:18,11566.52,11566.52,1.851921377586292
2026.01.16 19:01:18,11566.52,11566.52,1.851921377586292
2026.01.16 20:01:18,11566.52,11566.52,1.851921377586292
2026.01.16 21:01:19,11566.52,11566.52,1.851921377586292
2026.01.18 23:09:53,11566.52,11566.52,1.851921377586292
2026.01.19 00:09:53,11566.3,11540.34,1.851921377586292
2026.01.19 01:09:53,11566.3,11563.0,1.851921377586292
2026.01.19 02:09:53,11566.3,11522.1,1.851921377586292
2026.01.19 03:09:53,11566.3,11545.62,1.851921377586292
2026.01.19 04:09:54,11566.3,11520.06,1.851921377586292
2026.01.19 05:09:54,11566.3,11552.84,1.851921377586292
2026.01.19 06:09:54,11566.3,11552.26,1.851921377586292
2026.01.19 07:09:54,11566.3,11577.02,1.851921377586292
2026.01.19 08:09:55,11566.3,11558.44,1.851921377586292
2026.01.19 09:09:55,11566.3,11550.84,1.851921377586292
2026.01.19 10:09:55,11566.3,11547.92,1.851921377586292
2026.01.19 11:09:56,11566.3,11533.12,1.851921377586292
2026.01.19 12:09:56,11566.3,11531.7,1.851921377586292
2026.01.19 13:09:56,11566.3,11560.62,1.851921377586292
2026.01.19 14:09:56,11566.3,11527.0,1.851921377586292
2026.01.19 15:09:56,11566.3,11554.5,1.851921377586292
2026.01.19 16:09:57,11566.3,11567.26,1.851921377586292
2026.01.19 17:09:58,11566.3,11561.48,1.851921377586292
2026.01.19 18:09:59,11566.3,11573.54,1.851921377586292
2026.01.19 19:09:59,11566.3,11573.48,1.851921377586292
2026.01.19 23:03:12,11566.3,11569.54,1.851921377586292
2026.01.20 00:03:12,11566.3,11531.18,1.851921377586292
2026.01.20 01:03:12,11566.3,11526.06,1.851921377586292
2026.01.20 02:03:12,11566.3,11556.06,1.851921377586292
2026.01.20 03:03:12,11566.3,11547.26,1.851921377586292
2026.01.20 04:03:13,11566.3,11595.86,1.851921377586292
2026.01.20 05:03:14,11611.01,11657.43,1.851921377586292
2026.01.20 06:03:14,11611.01,11689.0,1.851921377586292
2026.01.20 07:03:14,11611.01,11690.89,1.851921377586292
2026.01.20 08:03:15,11611.01,11700.88,1.851921377586292
2026.01.20 09:03:15,11611.01,11721.37,1.851921377586292
2026.01.20 10:03:15,11611.01,11732.38,1.851921377586292
2026.01.20 11:03:15,11611.01,11718.02,1.851921377586292
2026.01.20 12:03:15,11611.01,11724.13,1.851921377586292
2026.01.20 13:03:15,11611.01,11715.45,1.851921377586292
2026.01.20 14:03:15,11747.2,11747.2,1.851921377586292
2026.01.20 15:03:15,11747.2,11747.2,1.851921377586292
2026.01.20 16:03:15,11747.2,11747.2,1.851921377586292
2026.01.20 17:03:15,11747.03,11732.45,1.851921377586292
2026.01.20 18:03:15,11747.03,11769.98,1.851921377586292
2026.01.20 19:03:15,11747.03,11757.2,1.851921377586292
2026.01.20 20:03:15,11747.03,11766.27,1.851921377586292
2026.01.20 21:03:15,11747.03,11759.89,1.851921377586292
2026.01.20 23:00:38,11747.03,11773.85,1.851921377586292
2026.01.21 00:00:38,11747.03,11806.84,1.851921377586292
2026.01.21 01:00:38,11747.03,11836.46,1.851921377586292
2026.01.21 02:00:38,11883.21,11885.38,1.851921377586292
2026.01.21 03:00:38,11883.21,11891.5,1.851921377586292
2026.01.21 04:00:38,11883.21,11905.15,1.851921377586292
2026.01.21 05:00:38,11883.21,11944.19,1.851921377586292
2026.01.21 06:00:38,11883.21,11953.08,1.851921377586292
2026.01.21 07:00:38,11883.21,11907.67,1.851921377586292
2026.01.21 08:00:38,11883.2,11883.2,1.851921377586292
2026.01.21 09:00:38,11883.2,11883.2,1.851921377586292
2026.01.21 10:00:38,11883.2,11883.2,1.851921377586292
2026.01.21 11:00:38,11883.2,11883.2,1.851921377586292
2026.01.21 12:00:38,11883.2,11883.2,1.851921377586292
2026.01.21 13:00:38,11883.2,11883.2,1.851921377586292
2026.01.21 14:00:38,11883.2,11883.2,1.851921377586292
2026.01.21 15:00:38,11883.2,11883.2,1.851921377586292
2026.01.21 16:00:38,11883.2,11883.2,1.851921377586292
2026.01.21 17:00:38,11883.2,11883.2,1.851921377586292
2026.01.21 18:00:38,11883.2,11883.2,1.851921377586292
2026.01.21 19:00:38,11883.14,11882.05,1.851921377586292
2026.01.21 20:00:38,11797.67,11797.67,1.851921377586292
2026.01.21 21:00:38,11797.67,11797.67,1.851921377586292
2026.01.21 23:01:15,11797.67,11797.67,1.851921377586292
2026.01.22 00:01:15,11797.61,11750.69,2.0552949575963013
2026.01.22 01:01:15,11797.61,11752.48,2.0552949575963013
2026.01.22 02:01:15,11797.61,11760.23,2.104588006859323
2026.01.22 03:01:15,11797.61,11751.5,2.104588006859323
2026.01.22 04:01:15,11797.61,11761.35,2.104588006859323
2026.01.22 05:01:15,11797.61,11760.36,2.104588006859323
2026.01.22 06:01:15,11797.61,11788.16,2.104588006859323
2026.01.22 07:01:15,11797.61,11791.04,2.104588006859323
2026.01.22 08:01:15,11797.61,11798.02,2.104588006859323
2026.01.22 09:01:15,11797.61,11795.75,2.104588006859323
2026.01.22 10:01:15,11797.61,11789.07,2.104588006859323
2026.01.22 11:01:17,11797.61,11793.76,2.104588006859323
2026.01.22 12:01:17,11797.61,11792.3,2.104588006859323
2026.01.22 13:01:17,11797.61,11784.08,2.104588006859323
2026.01.22 14:01:17,11797.61,11788.73,2.104588006859323
2026.01.22 15:01:17,11797.61,11797.59,2.104588006859323
2026.01.22 16:01:17,11797.61,11834.75,2.104588006859323
2026.01.22 17:01:17,11797.61,11842.83,2.104588006859323
2026.01.22 18:01:17,11797.61,11869.01,2.104588006859323
2026.01.22 19:01:17,11797.61,11880.94,2.104588006859323
2026.01.22 20:01:17,11797.61,11878.23,2.104588006859323
2026.01.22 21:01:17,11797.61,11882.18,2.104588006859323
2026.01.22 23:00:48,11797.61,11909.33,2.104588006859323
2026.01.23 00:00:48,11797.61,11923.25,2.104588006859323
2026.01.23 01:00:48,11797.61,11926.93,2.104588006859323
2026.01.23 02:00:48,11797.61,11920.93,2.104588006859323
2026.01.23 03:00:48,11797.61,11921.83,2.104588006859323
2026.01.23 04:00:48,11797.61,11917.31,2.104588006859323
2026.01.23 05:00:48,11797.61,11919.95,2.104588006859323
2026.01.23 06:00:48,11797.61,11924.9,2.104588006859323
2026.01.23 07:00:50,11797.61,11919.15,2.104588006859323
2026.01.23 08:00:50,11797.61,11909.19,2.104588006859323
2026.01.23 09:00:50,11797.61,11883.78,2.104588006859323
2026.01.23 10:00:50,11797.61,11885.26,2.104588006859323
2026.01.23 11:00:50,11797.61,11890.2,2.104588006859323
2026.01.23 12:00:50,11797.61,11887.27,2.104588006859323
2026.01.23 13:00:50,11797.61,11902.0,2.104588006859323
2026.01.23 14:00:50,11797.61,11904.99,2.104588006859323
2026.01.23 15:00:50,11797.61,11909.13,2.104588006859323
2026.01.23 16:00:50,11797.61,11925.98,2.104588006859323
2026.01.23 17:00:50,11797.61,11942.92,2.104588006859323
2026.01.23 18:00:50,11797.61,11936.35,2.104588006859323
2026.01.23 19:00:50,11797.61,11933.49,2.104588006859323
2026.01.23 20:00:50,11797.61,11943.23,2.104588006859323
2026.01.23 21:00:50,11797.61,11947.01,2.104588006859323
2026.01.25 23:01:57,11797.61,11983.77,2.104588006859323
2026.01.26 00:01:57,11797.5,11992.44,2.104588006859323
2026.01.26 01:01:57,11797.5,11973.89,2.104588006859323
2026.01.26 02:01:57,11797.5,12110.94,2.104588006859323
2026.01.26 03:01:57,11797.5,12109.69,2.104588006859323
2026.01.26 04:01:57,11797.5,12113.33,2.104588006859323
2026.01.26 05:01:57,11797.5,12101.55,2.104588006859323
2026.01.26 06:01:57,11797.5,12129.95,2.104588006859323
2026.01.26 07:01:57,11935.04,12178.32,2.104588006859323
2026.01.26 08:01:57,11935.04,12195.98,2.104588006859323
2026.01.26 09:01:57,11935.04,12187.63,2.104588006859323
2026.01.26 10:01:57,11935.04,12184.72,2.104588006859323
2026.01.26 11:01:57,11935.04,12190.94,2.104588006859323
2026.01.26 12:01:57,11935.04,12193.02,2.104588006859323
2026.01.26 13:01:57,11935.04,12180.49,2.104588006859323
2026.01.26 14:01:57,11935.04,12161.12,2.104588006859323
2026.01.26 15:01:57,11935.04,12190.8,2.104588006859323
2026.01.26 16:01:57,11935.04,12193.13,2.104588006859323
2026.01.26 17:01:57,11935.04,12194.05,2.104588006859323
2026.01.26 18:01:57,11935.04,12204.03,2.104588006859323
2026.01.26 19:01:57,11935.04,12161.19,2.104588006859323
2026.01.26 20:01:57,11935.04,12139.47,2.104588006859323
2026.01.26 21:01:57,11935.04,12154.18,2.104588006859323
2026.01.26 23:01:41,11935.04,12131.21,2.104588006859323
2026.01.27 00:01:41,11935.04,12145.11,2.104588006859323
2026.01.27 01:01:41,11935.04,12123.13,2.104588006859323
2026.01.27 02:01:41,11935.04,12154.78,2.104588006859323
2026.01.27 03:01:41,11935.04,12169.19,2.104588006859323
2026.01.27 04:01:41,11935.04,12177.48,2.104588006859323
2026.01.27 05:01:41,11935.04,12165.42,2.104588006859323
2026.01.27 06:01:41,11935.04,12186.37,2.104588006859323
2026.01.27 07:01:41,11935.04,12186.02,2.104588006859323
2026.01.27 08:01:41,11935.04,12187.06,2.104588006859323
2026.01.27 09:01:42,11935.04,12181.36,2.104588006859323
2026.01.27 10:01:42,11935.04,12196.98,2.104588006859323
2026.01.27 11:01:42,11935.04,12187.46,2.104588006859323
2026.01.27 12:01:42,11935.04,12179.49,2.104588006859323
2026.01.27 13:01:42,11935.04,12189.7,2.104588006859323
2026.01.27 14:01:42,11935.04,12174.21,2.104588006859323
2026.01.27 15:01:42,11935.04,12159.59,2.104588006859323
2026.01.27 16:01:42,11935.04,12190.86,2.104588006859323
2026.01.27 17:01:42,11935.04,12185.62,2.104588006859323
2026.01.27 18:01:42,11935.04,12186.48,2.104588006859323
2026.01.27 19:01:42,11935.04,12188.42,2.104588006859323
2026.01.27 20:01:42,11935.04,12200.06,2.104588006859323
2026.01.27 21:01:42,12223.86,12223.86,2.104588006859323
2026.01.27 23:10:34,12223.86,12223.86,2.104588006859323
2026.01.28 00:10:34,12223.86,12223.86,2.104588006859323
2026.01.28 01:10:34,12223.86,12223.86,2.104588006859323
2026.01.28 02:10:34,12223.75,12236.53,2.104588006859323
2026.01.28 03:10:34,12223.75,12308.11,2.104588006859323
2026.01.28 04:10:35,12223.75,12287.02,2.104588006859323
2026.01.28 05:10:35,12223.75,12326.09,2.104588006859323
2026.01.28 06:10:35,12223.75,12328.99,2.104588006859323
2026.01.28 07:10:35,12223.75,12360.97,2.104588006859323
2026.01.28 08:10:35,12387.74,12387.74,2.104588006859323
2026.01.28 09:10:35,12387.74,12387.74,2.104588006859323
2026.01.28 10:10:35,12387.74,12387.74,2.104588006859323
2026.01.28 11:10:35,12387.74,12387.74,2.104588006859323
2026.01.28 12:10:35,12387.74,12387.74,2.104588006859323
2026.01.28 13:10:35,12387.74,12387.74,2.104588006859323
2026.01.28 14:10:35,12387.74,12387.74,2.104588006859323
2026.01.28 15:10:35,12387.74,12387.74,2.104588006859323
2026.01.28 16:10:35,12387.74,12387.74,2.104588006859323
2026.01.28 17:10:35,12387.74,12387.74,2.104588006859323
2026.01.28 18:10:35,12387.74,12387.74,2.104588006859323
2026.01.28 19:10:35,12387.74,12387.74,2.104588006859323
2026.01.28 20:10:35,12387.74,12387.74,2.104588006859323
2026.01.28 21:10:35,12387.74,12387.74,2.104588006859323
2026.01.28 23:01:47,12387.74,12387.74,2.104588006859323
2026.01.29 00:01:47,12345.67,12345.67,2.104588006859323
2026.01.29 01:01:47,12345.67,12345.67,2.104588006859323
2026.01.29 02:01:47,12345.67,12345.67,2.104588006859323
2026.01.29 03:01:47,12345.67,12345.67,2.104588006859323
2026.01.29 04:01:47,12345.67,12345.67,2.104588006859323
2026.01.29 05:01:47,12345.67,12345.67,2.104588006859323
2026.01.29 06:01:47,12345.67,12345.67,2.104588006859323
2026.01.29 07:01:47,12345.67,12345.67,2.104588006859323
2026.01.29 08:01:47,12345.67,12345.67,2.104588006859323
2026.01.29 09:01:47,12345.67,12345.67,2.104588006859323
2026.01.29 10:01:47,12345.67,12345.67,2.104588006859323
2026.01.29 11:01:47,12345.67,12345.67,2.104588006859323
2026.01.29 12:01:47,12345.67,12345.67,2.104588006859323
2026.01.29 13:01:47,12345.67,12345.67,2.104588006859323
2026.01.29 14:01:47,12345.67,12345.67,2.104588006859323
2026.01.29 15:01:47,12345.67,12345.67,2.104588006859323
2026.01.29 16:01:47,12345.67,12345.67,2.104588006859323
2026.01.29 17:01:47,12345.67,12345.67,2.104588006859323
2026.01.29 18:01:47,12345.67,12345.67,2.104588006859323
2026.01.29 19:01:47,12345.67,12345.67,2.104588006859323
2026.01.29 20:01:47,12345.67,12345.67,2.104588006859323
2026.01.29 21:01:47,12345.67,12345.67,2.104588006859323
2026.01.29 23:01:08,12345.67,12345.67,2.104588006859323
2026.01.30 00:01:08,12345.61,12339.54,2.104588006859323
2026.01.30 01:01:08,12345.61,12307.67,2.104588006859323
2026.01.30 02:01:08,12345.61,12203.56,2.104588006859323
2026.01.30 03:01:08,12113.39,12113.39,2.218557453324649
2026.01.30 04:01:08,12113.39,12113.39,2.218557453324649
2026.01.30 05:01:08,12113.39,12113.39,2.218557453324649
2026.01.30 06:01:08,12113.39,12113.39,2.218557453324649
2026.01.30 07:01:08,12113.39,12113.39,2.218557453324649
2026.01.30 08:01:08,12113.39,12113.39,2.218557453324649
2026.01.30 09:01:08,12113.39,12113.39,2.218557453324649
2026.01.30 10:01:08,12113.39,12113.39,2.218557453324649
2026.01.30 11:01:08,12113.39,12113.39,2.218557453324649
2026.01.30 12:01:08,12113.39,12113.39,2.218557453324649
2026.01.30 13:01:08,12113.39,12113.39,2.218557453324649
2026.01.30 14:01:08,12113.39,12113.39,2.218557453324649
2026.01.30 15:01:08,12113.39,12113.39,2.218557453324649
2026.01.30 16:01:08,12113.39,12113.39,2.218557453324649
2026.01.30 17:01:08,12113.39,12113.39,2.218557453324649
2026.01.30 18:01:08,12113.39,12113.39,2.218557453324649
2026.01.30 19:01:08,12113.39,12113.39,2.218557453324649
2026.01.30 20:01:08,12113.39,12113.39,2.218557453324649
2026.01.30 21:01:08,12113.39,12113.39,2.218557453324649
2026.02.01 23:01:38,12113.39,12113.39,2.218557453324649
2026.02.02 00:01:38,12113.39,12113.39,2.218557453324649
2026.02.02 01:01:38,12113.39,12113.39,2.218557453324649
2026.02.02 02:01:38,12113.39,12113.39,2.218557453324649
2026.02.02 03:01:38,12113.39,12113.39,2.218557453324649
2026.02.02 04:01:38,12113.39,12113.39,2.218557453324649
2026.02.02 05:01:38,12113.39,12113.39,2.218557453324649
2026.02.02 06:01:38,12113.39,12113.39,2.218557453324649
2026.02.02 07:01:38,12113.39,12113.39,2.218557453324649
2026.02.02 08:01:38,12113.39,12113.39,2.218557453324649
2026.02.02 09:01:38,12113.39,12113.39,2.218557453324649
2026.02.02 10:01:38,12113.39,12113.39,2.218557453324649
2026.02.02 11:01:38,12113.39,12113.39,2.218557453324649
2026.02.02 12:01:38,12113.39,12113.39,2.218557453324649
2026.02.02 13:01:38,12113.39,12113.39,2.218557453324649
2026.02.02 14:01:38,12113.39,12113.39,2.218557453324649
2026.02.02 15:01:38,12113.39,12113.39,2.218557453324649
2026.02.02 16:01:38,12113.39,12113.39,2.218557453324649
2026.02.02 17:01:38,12113.39,12113.39,2.218557453324649
2026.02.02 18:01:38,12113.39,12113.39,2.218557453324649
2026.02.02 19:01:38,12113.39,12113.39,2.218557453324649
2026.02.02 20:01:38,12113.39,12113.39,2.218557453324649
2026.02.02 21:01:38,12113.39,12113.39,2.218557453324649
2026.02.02 23:01:31,12113.39,12113.39,2.218557453324649
2026.02.03 00:01:31,12113.39,12113.39,2.218557453324649
2026.02.03 01:01:31,12113.39,12113.39,2.218557453324649
2026.02.03 02:01:31,12113.39,12113.39,2.218557453324649
2026.02.03 03:01:31,12113.39,12113.39,2.218557453324649
2026.02.03 04:01:31,12113.39,12113.39,2.218557453324649
2026.02.03 05:01:31,12113.39,12113.39,2.218557453324649
2026.02.03 06:01:31,12113.39,12113.39,2.218557453324649
2026.02.03 07:01:31,12113.39,12113.39,2.218557453324649
2026.02.03 08:01:31,12113.39,12113.39,2.218557453324649
2026.02.03 09:01:31,12113.39,12113.39,2.218557453324649
2026.02.03 10:01:31,12113.39,12113.39,2.218557453324649
2026.02.03 11:01:31,12113.39,12113.39,2.218557453324649
2026.02.03 12:01:31,12113.39,12113.39,2.218557453324649
2026.02.03 13:01:31,12113.39,12113.39,2.218557453324649
2026.02.03 14:01:31,12113.39,12113.39,2.218557453324649
2026.02.03 15:01:31,12113.39,12113.39,2.218557453324649
2026.02.03 16:01:31,12113.39,12113.39,2.218557453324649
2026.02.03 17:01:31,12113.39,12113.39,2.218557453324649
2026.02.03 18:01:31,12113.39,12113.39,2.218557453324649
2026.02.03 19:01:31,12113.39,12113.39,2.218557453324649
2026.02.03 20:01:31,12113.39,12113.39,2.218557453324649
2026.02.03 21:01:31,12113.39,12113.39,2.218557453324649
2026.02.03 23:01:10,12113.39,12113.39,2.218557453324649
2026.02.04 00:01:10,12113.39,12113.39,2.218557453324649
2026.02.04 01:01:10,12113.39,12113.39,2.218557453324649
2026.02.04 02:01:10,12113.39,12113.39,2.218557453324649
2026.02.04 03:01:10,12113.39,12113.39,2.218557453324649
2026.02.04 04:01:10,12113.39,12113.39,2.218557453324649
2026.02.04 05:01:10,12113.39,12113.39,2.218557453324649
2026.02.04 06:01:10,12113.39,12113.39,2.218557453324649
2026.02.04 07:01:10,12113.39,12113.39,2.218557453324649
2026.02.04 08:01:10,12113.39,12113.39,2.218557453324649
2026.02.04 09:01:10,12113.39,12113.39,2.218557453324649
2026.02.04 10:01:10,12113.39,12113.39,2.218557453324649
2026.02.04 11:01:10,12113.39,12113.39,2.218557453324649
2026.02.04 12:01:10,12113.39,12113.39,2.218557453324649
2026.02.04 13:01:10,12113.39,12113.39,2.218557453324649
2026.02.04 14:01:10,12113.39,12113.39,2.218557453324649
2026.02.04 15:01:10,12113.39,12113.39,2.218557453324649
2026.02.04 16:01:10,12113.39,12113.39,2.218557453324649
2026.02.04 17:01:10,12113.39,12113.39,2.218557453324649
2026.02.04 18:01:10,12113.39,12113.39,2.218557453324649
2026.02.04 19:01:10,12113.39,12113.39,2.218557453324649
2026.02.04 20:01:10,12113.39,12113.39,2.218557453324649
2026.02.04 21:01:10,12113.39,12113.39,2.218557453324649
2026.02.04 23:01:27,12113.39,12113.39,2.218557453324649
2026.02.05 00:01:27,12113.39,12113.39,2.218557453324649
2026.02.05 01:01:27,12113.39,12113.39,2.218557453324649
2026.02.05 02:01:27,12113.39,12113.39,2.218557453324649
2026.02.05 03:01:27,12113.39,12113.39,2.218557453324649
2026.02.05 04:01:27,12113.39,12113.39,2.218557453324649
2026.02.05 05:01:27,12113.39,12113.39,2.218557453324649
2026.02.05 06:01:27,12113.39,12113.39,2.218557453324649
2026.02.05 07:01:27,12113.39,12113.39,2.218557453324649
2026.02.05 08:01:27,12113.39,12113.39,2.218557453324649
2026.02.05 09:01:27,12113.39,12113.39,2.218557453324649
2026.02.05 10:01:27,12113.39,12113.39,2.218557453324649
2026.02.05 11:01:27,12113.39,12113.39,2.218557453324649
2026.02.05 12:01:27,12113.39,12113.39,2.218557453324649
2026.02.05 13:01:27,12113.39,12113.39,2.218557453324649
2026.02.05 14:01:27,12113.39,12113.39,2.218557453324649
2026.02.05 15:01:27,12113.39,12113.39,2.218557453324649
2026.02.05 16:01:27,12113.39,12113.39,2.218557453324649
2026.02.05 17:01:27,12113.39,12113.39,2.218557453324649
2026.02.05 18:01:27,12113.39,12113.39,2.218557453324649
2026.02.05 19:01:27,12113.39,12113.39,2.218557453324649
2026.02.05 20:01:27,12113.39,12113.39,2.218557453324649
2026.02.05 21:01:27,12113.39,12113.39,2.218557453324649
2026.02.05 23:01:03,12113.39,12113.39,2.218557453324649
2026.02.06 00:01:03,12113.39,12113.39,2.218557453324649
2026.02.06 01:01:03,12113.39,12113.39,2.218557453324649
2026.02.06 02:01:03,12113.39,12113.39,2.218557453324649
2026.02.06 03:01:03,12113.39,12113.39,2.218557453324649
2026.02.06 04:01:03,12113.39,12113.39,2.218557453324649
2026.02.06 05:01:04,12113.39,12113.39,2.218557453324649
2026.02.06 06:01:04,12113.39,12113.39,2.218557453324649
2026.02.06 07:01:04,12113.39,12113.39,2.218557453324649
2026.02.06 08:01:04,12113.39,12113.39,2.218557453324649
2026.02.06 09:01:04,12113.39,12113.39,2.218557453324649
2026.02.06 10:01:04,12113.39,12113.39,2.218557453324649
2026.02.06 11:01:04,12113.39,12113.39,2.218557453324649
2026.02.06 12:01:04,12113.39,12113.39,2.218557453324649
2026.02.06 13:01:04,12113.39,12113.39,2.218557453324649
2026.02.06 14:01:04,12113.39,12113.39,2.218557453324649
2026.02.06 15:01:04,12113.39,12113.39,2.218557453324649
2026.02.06 16:01:04,12113.39,12113.39,2.218557453324649
2026.02.06 17:01:04,12113.39,12113.39,2.218557453324649
2026.02.06 18:01:04,12113.39,12113.39,2.218557453324649
2026.02.06 19:01:04,12113.39,12113.39,2.218557453324649
2026.02.06 20:01:04,12113.39,12113.39,2.218557453324649
2026.02.06 21:01:04,12113.39,12113.39,2.218557453324649
2026.02.08 23:02:23,12113.39,12113.39,2.218557453324649
2026.02.09 00:02:23,12113.39,12113.39,2.218557453324649
2026.02.09 01:02:23,12113.39,12113.39,2.218557453324649
2026.02.09 02:02:23,12113.39,12113.39,2.218557453324649
2026.02.09 03:02:23,12113.39,12113.39,2.218557453324649
2026.02.09 04:02:23,12113.39,12113.39,2.218557453324649
2026.02.09 05:02:23,12113.39,12113.39,2.218557453324649
2026.02.09 06:02:23,12113.39,12113.39,2.218557453324649
2026.02.09 07:02:23,12113.39,12113.39,2.218557453324649
2026.02.09 08:02:23,12113.39,12113.39,2.218557453324649
2026.02.09 09:02:23,12113.39,12113.39,2.218557453324649
2026.02.09 10:02:23,12113.39,12113.39,2.218557453324649
2026.02.09 11:02:23,12113.39,12113.39,2.218557453324649
2026.02.09 12:02:23,12113.39,12113.39,2.218557453324649
2026.02.09 13:02:23,12113.39,12113.39,2.218557453324649
2026.02.09 14:02:23,12113.39,12113.39,2.218557453324649
2026.02.09 15:02:23,12113.39,12113.39,2.218557453324649
2026.02.09 16:02:23,12113.39,12113.39,2.218557453324649
2026.02.09 17:02:23,12113.39,12113.39,2.218557453324649
2026.02.09 18:02:23,12113.39,12113.39,2.218557453324649
2026.02.09 19:02:23,12113.39,12113.39,2.218557453324649
2026.02.09 20:02:23,12113.39,12113.39,2.218557453324649
2026.02.09 21:02:23,12113.39,12113.39,2.218557453324649
2026.02.09 23:02:22,12113.39,12113.39,2.218557453324649
2026.02.10 00:02:22,12113.39,12113.39,2.218557453324649
2026.02.10 01:02:22,12113.39,12113.39,2.218557453324649
2026.02.10 02:02:22,12113.39,12113.39,2.218557453324649
2026.02.10 03:02:22,12113.39,12113.39,2.218557453324649
2026.02.10 04:02:22,12113.39,12113.39,2.218557453324649
2026.02.10 05:02:22,12113.39,12113.39,2.218557453324649
2026.02.10 06:02:22,12113.39,12113.39,2.218557453324649
2026.02.10 07:02:22,12113.39,12113.39,2.218557453324649
2026.02.10 08:02:22,12113.39,12113.39,2.218557453324649
2026.02.10 09:02:22,12113.39,12113.39,2.218557453324649
2026.02.10 10:02:22,12113.39,12113.39,2.218557453324649
2026.02.10 11:02:22,12113.39,12113.39,2.218557453324649
2026.02.10 12:02:22,12113.39,12113.39,2.218557453324649
2026.02.10 13:02:22,12113.39,12113.39,2.218557453324649
2026.02.10 14:02:22,12113.39,12113.39,2.218557453324649
2026.02.10 15:02:23,12113.39,12113.39,2.218557453324649
2026.02.10 16:02:23,12113.39,12113.39,2.218557453324649
2026.02.10 17:02:23,12113.39,12113.39,2.218557453324649
2026.02.10 18:02:24,12113.39,12113.39,2.218557453324649
2026.02.10 19:02:26,12113.39,12113.39,2.218557453324649
2026.02.10 20:02:26,12113.39,12113.39,2.218557453324649
2026.02.10 21:02:26,12113.39,12113.39,2.218557453324649
2026.02.10 23:01:00,12113.39,12113.39,2.218557453324649
2026.02.11 00:01:01,12113.33,12114.66,2.234298200792196
2026.02.11 01:01:01,12113.33,12110.81,2.327774024214912
2026.02.11 02:01:01,12113.33,12123.21,2.327774024214912
2026.02.11 03:01:01,12113.33,12124.29,2.327774024214912
2026.02.11 04:01:01,12113.33,12127.86,2.327774024214912
2026.02.11 05:01:01,12113.33,12118.69,2.327774024214912
2026.02.11 06:01:01,12113.33,12125.58,2.327774024214912
2026.02.11 07:01:01,12113.33,12136.35,2.327774024214912
2026.02.11 08:01:01,12113.33,12129.71,2.327774024214912
2026.02.11 09:01:01,12113.33,12125.84,2.327774024214912
2026.02.11 10:01:01,12113.33,12137.67,2.327774024214912
2026.02.11 11:01:01,12113.33,12165.18,2.327774024214912
2026.02.11 12:01:01,12113.33,12185.15,2.327774024214912
2026.02.11 13:01:01,12113.33,12156.34,2.327774024214912
2026.02.11 14:01:01,12113.33,12134.88,2.4024416724584463
2026.02.11 15:01:01,12113.33,12128.46,2.4024416724584463
2026.02.11 16:01:01,12113.33,12130.83,2.4024416724584463
2026.02.11 17:01:01,12113.33,12148.2,2.4024416724584463
2026.02.11 18:01:01,12113.33,12162.73,2.4024416724584463
2026.02.11 19:01:01,12113.33,12154.73,2.4024416724584463
2026.02.11 20:01:01,12113.33,12155.41,2.4024416724584463
2026.02.11 21:01:01,12113.33,12158.11,2.4024416724584463
2026.02.11 23:02:29,12113.33,12171.05,2.4024416724584463
2026.02.12 00:02:29,12113.33,12130.26,2.4024416724584463
2026.02.12 01:02:29,12113.33,12128.89,2.4024416724584463
2026.02.12 02:02:29,12113.33,12139.43,2.4024416724584463
2026.02.12 03:02:29,12113.33,12135.57,2.4024416724584463
2026.02.12 04:02:29,12113.33,12126.01,2.4024416724584463
2026.02.12 05:02:29,12113.33,12137.38,2.4024416724584463
2026.02.12 06:02:29,12113.33,12137.78,2.4024416724584463
2026.02.12 07:02:29,12113.33,12125.93,2.4024416724584463
2026.02.12 08:02:29,12113.33,12136.79,2.4024416724584463
2026.02.12 09:02:29,12113.33,12138.66,2.4024416724584463
2026.02.12 10:02:29,12113.33,12145.03,2.4024416724584463
2026.02.12 11:02:30,12113.33,12129.89,2.4024416724584463
2026.02.12 12:02:30,12113.33,12135.38,2.4024416724584463
2026.02.12 13:02:30,12113.33,12125.92,2.4024416724584463
2026.02.12 14:02:30,12113.33,12145.82,2.4024416724584463
2026.02.12 15:02:30,12113.33,12121.13,2.4024416724584463
2026.02.12 16:02:30,12113.33,12131.07,2.4024416724584463
2026.02.12 17:02:30,12032.87,12032.87,2.868529241061869
2026.02.12 18:02:30,12032.87,12032.87,2.868529241061869
2026.02.12 19:02:30,12032.87,12032.87,2.868529241061869
2026.02.12 20:02:30,12032.87,12032.87,2.868529241061869
2026.02.12 21:02:30,12032.87,12032.87,2.868529241061869
2026.02.12 23:00:45,12032.87,12032.87,2.868529241061869
2026.02.13 00:00:45,12032.87,12032.87,2.868529241061869
2026.02.13 01:00:45,12032.87,12032.87,2.868529241061869
2026.02.13 02:00:45,12032.87,12032.87,2.868529241061869
2026.02.13 03:00:45,12032.87,12032.87,2.868529241061869
2026.02.13 04:00:45,12032.87,12032.87,2.868529241061869
2026.02.13 05:00:45,12032.87,12032.87,2.868529241061869
2026.02.13 06:00:45,12032.87,12032.87,2.868529241061869
2026.02.13 07:00:45,12032.87,12032.87,2.868529241061869
2026.02.13 08:00:45,12032.87,12032.87,2.868529241061869
2026.02.13 09:00:45,12032.87,12032.87,2.868529241061869
2026.02.13 10:00:46,12032.87,12032.87,2.868529241061869
2026.02.13 11:00:46,12032.87,12032.87,2.868529241061869
2026.02.13 12:00:46,12032.87,12032.87,2.868529241061869
2026.02.13 13:00:46,12032.87,12032.87,2.868529241061869
2026.02.13 14:00:46,12032.87,12032.87,2.868529241061869
2026.02.13 15:00:46,12032.87,12032.87,2.868529241061869
2026.02.13 16:00:46,12032.87,12032.87,2.868529241061869
2026.02.13 17:00:46,12032.87,12032.87,2.868529241061869
2026.02.13 18:00:46,12032.87,12032.87,2.868529241061869
2026.02.13 19:00:47,12032.87,12032.87,2.868529241061869
2026.02.13 20:00:47,12032.87,12032.87,2.868529241061869
2026.02.13 21:00:47,12032.87,12032.87,2.868529241061869
2026.02.15 23:01:30,12032.87,12032.87,2.868529241061869
2026.02.16 00:01:30,12032.87,12032.87,2.868529241061869
2026.02.16 01:01:30,12032.87,12032.87,2.868529241061869
2026.02.16 02:01:30,12032.87,12032.87,2.868529241061869
2026.02.16 03:01:30,12032.87,12032.87,2.868529241061869
2026.02.16 04:01:30,12032.87,12032.87,2.868529241061869
2026.02.16 05:01:30,12032.87,12032.87,2.868529241061869
2026.02.16 06:01:30,12032.87,12032.87,2.868529241061869
2026.02.16 07:01:31,12032.87,12032.87,2.868529241061869
2026.02.16 08:01:31,12032.81,12033.86,2.8743412093575915
2026.02.16 09:01:31,12032.81,12036.01,2.962650838739678
2026.02.16 10:01:32,12032.81,12039.65,2.962650838739678
2026.02.16 11:01:32,12032.81,12030.87,2.962650838739678
2026.02.16 12:01:32,12032.81,12029.88,2.962650838739678
2026.02.16 13:01:32,12032.81,12027.42,2.986544486177602
2026.02.16 14:01:32,12032.81,12021.8,3.0119718474713433
2026.02.16 15:01:32,12032.81,12007.99,3.090191254117818
2026.02.16 16:01:32,12032.81,12004.52,3.1796309884462883
2026.02.16 17:01:32,12032.81,12016.12,3.1796309884462883
2026.02.16 18:01:32,12032.81,12015.99,3.1796309884462883
2026.02.16 19:01:33,12032.81,12021.18,3.1796309884462883
2026.02.16 23:01:36,12032.81,12023.77,3.1796309884462883
2026.02.17 00:01:36,12032.81,12014.49,3.1796309884462883
2026.02.17 01:01:36,12032.81,11962.5,3.4861315942632563
2026.02.17 02:01:36,12032.81,11982.89,3.5549065524291965
2026.02.17 03:01:37,12032.81,11992.77,3.5549065524291965
2026.02.17 04:01:37,12032.81,11978.6,3.5549065524291965
2026.02.17 05:01:37,12032.81,11977.04,3.5549065524291965
2026.02.17 06:01:37,11947.04,11947.04,3.561364294979983
2026.02.17 07:01:37,11947.04,11947.04,3.561364294979983
2026.02.17 08:01:37,11947.04,11947.04,3.561364294979983
2026.02.17 09:01:38,11947.04,11947.04,3.561364294979983
2026.02.17 10:01:38,11947.04,11947.04,3.561364294979983
2026.02.17 11:01:38,11947.04,11947.04,3.561364294979983
2026.02.17 12:01:39,11947.04,11947.04,3.561364294979983
2026.02.17 13:01:39,11947.04,11947.04,3.561364294979983
2026.02.17 14:01:39,11947.04,11947.04,3.561364294979983
2026.02.17 15:01:39,11947.04,11947.04,3.561364294979983
2026.02.17 16:01:39,11947.04,11947.04,3.561364294979983
2026.02.17 17:01:39,11947.04,11947.04,3.561364294979983
2026.02.17 18:01:39,11947.04,11947.04,3.561364294979983
2026.02.17 19:01:39,11947.04,11947.04,3.561364294979983
2026.02.17 20:01:39,11947.04,11947.04,3.561364294979983
2026.02.17 21:01:39,11947.04,11947.04,3.561364294979983
2026.02.17 23:02:37,11947.04,11947.04,3.561364294979983
2026.02.18 00:02:37,11947.04,11947.04,3.561364294979983
2026.02.18 01:02:37,11947.04,11947.04,3.561364294979983
2026.02.18 02:02:37,11947.04,11947.04,3.561364294979983
2026.02.18 03:02:37,11947.04,11947.04,3.561364294979983
2026.02.18 04:02:37,11947.04,11947.04,3.561364294979983
2026.02.18 05:02:37,11947.04,11947.04,3.561364294979983
2026.02.18 06:02:37,11947.04,11947.04,3.561364294979983
2026.02.18 07:02:37,11947.04,11947.04,3.561364294979983
2026.02.18 08:02:37,11947.04,11947.04,3.561364294979983
2026.02.18 09:02:38,11947.04,11947.04,3.561364294979983
2026.02.18 10:02:38,11947.04,11947.04,3.561364294979983
2026.02.18 11:02:38,11947.04,11947.04,3.561364294979983
2026.02.18 12:02:38,11947.04,11947.04,3.561364294979983
2026.02.18 13:02:38,11947.04,11947.04,3.561364294979983
2026.02.18 14:02:38,11947.04,11947.04,3.561364294979983
2026.02.18 15:02:38,11946.93,11955.14,3.566126880111193
2026.02.18 16:02:38,11946.93,11961.79,3.566126880111193
2026.02.18 17:02:38,11946.93,11963.27,3.568548533567749
2026.02.18 18:02:38,11946.93,11963.57,3.568548533567749
2026.02.18 19:02:38,11946.93,11942.41,3.7441991309492977
2026.02.18 20:02:38,11946.93,11925.31,3.8688335621795757
2026.02.18 21:02:38,11946.93,11934.38,3.8688335621795757
2026.02.18 23:01:10,11946.93,11912.22,3.8688335621795757
2026.02.19 00:01:10,11901.3,11901.3,3.9305857253215377
2026.02.19 01:01:10,11901.3,11901.3,3.9305857253215377
2026.02.19 02:01:10,11901.3,11901.3,3.9305857253215377
2026.02.19 03:01:10,11901.3,11901.3,3.9305857253215377
2026.02.19 04:01:10,11901.3,11901.3,3.9305857253215377
2026.02.19 05:01:11,11901.3,11901.3,3.9305857253215377
2026.02.19 06:01:11,11901.3,11901.3,3.9305857253215377
2026.02.19 07:01:11,11901.3,11901.3,3.9305857253215377
2026.02.19 08:01:11,11901.3,11901.3,3.9305857253215377
2026.02.19 09:01:11,11901.3,11901.3,3.9305857253215377
2026.02.19 10:01:11,11901.3,11901.3,3.9305857253215377
2026.02.19 11:01:11,11901.3,11901.3,3.9305857253215377
2026.02.19 12:01:11,11901.3,11901.3,3.9305857253215377
2026.02.19 13:01:11,11901.3,11901.3,3.9305857253215377
2026.02.19 14:01:11,11901.3,11901.3,3.9305857253215377
2026.02.19 15:01:11,11901.3,11901.3,3.9305857253215377
2026.02.19 16:01:11,11901.3,11901.3,3.9305857253215377
2026.02.19 17:01:11,11901.3,11901.3,3.9305857253215377
2026.02.19 18:01:11,11901.3,11901.3,3.9305857253215377
2026.02.19 19:01:11,11901.3,11901.3,3.9305857253215377
2026.02.19 20:01:11,11901.3,11901.3,3.9305857253215377
2026.02.19 21:01:12,11901.3,11901.3,3.9305857253215377
2026.02.19 23:01:17,11901.3,11901.3,3.9305857253215377
2026.02.20 00:01:17,11901.3,11901.3,3.9305857253215377
2026.02.20 01:01:17,11901.3,11901.3,3.9305857253215377
2026.02.20 02:01:17,11901.3,11901.3,3.9305857253215377
2026.02.20 03:01:18,11901.3,11901.3,3.9305857253215377
2026.02.20 04:01:18,11901.3,11901.3,3.9305857253215377
2026.02.20 05:01:18,11901.3,11901.3,3.9305857253215377
2026.02.20 06:01:18,11901.3,11901.3,3.9305857253215377
2026.02.20 07:01:18,11901.3,11901.3,3.9305857253215377
2026.02.20 08:01:18,11901.3,11901.3,3.9305857253215377
2026.02.20 09:01:18,11901.3,11901.3,3.9305857253215377
2026.02.20 10:01:18,11901.3,11901.3,3.9305857253215377
2026.02.20 11:01:18,11901.3,11901.3,3.9305857253215377
2026.02.20 12:01:18,11901.3,11901.3,3.9305857253215377
2026.02.20 13:01:18,11901.3,11901.3,3.9305857253215377
2026.02.20 14:01:18,11901.3,11901.3,3.9305857253215377
2026.02.20 15:01:18,11901.3,11901.3,3.9305857253215377
2026.02.20 16:01:18,11901.3,11901.3,3.9305857253215377
2026.02.20 17:01:18,11901.3,11901.3,3.9305857253215377
2026.02.20 18:01:18,11901.3,11901.3,3.9305857253215377
2026.02.20 19:01:18,11901.3,11901.3,3.9305857253215377
2026.02.20 20:01:18,11901.3,11901.3,3.9305857253215377
2026.02.20 21:01:18,11901.3,11901.3,3.9305857253215377
2026.02.22 23:01:54,11901.3,11901.3,3.9305857253215377
2026.02.23 00:01:54,11850.63,11850.63,4.339602994132337
2026.02.23 01:01:54,11850.63,11850.63,4.339602994132337
2026.02.23 02:01:54,11850.63,11850.63,4.339602994132337
2026.02.23 03:01:54,11850.63,11850.63,4.339602994132337
2026.02.23 04:01:54,11850.63,11850.63,4.339602994132337
2026.02.23 05:01:54,11850.63,11850.63,4.339602994132337
2026.02.23 06:01:54,11850.63,11850.63,4.339602994132337
2026.02.23 07:01:54,11850.63,11850.63,4.339602994132337
2026.02.23 08:01:55,11850.63,11850.63,4.339602994132337
2026.02.23 09:01:55,11850.63,11850.63,4.339602994132337
2026.02.23 10:01:55,11850.63,11850.63,4.339602994132337
2026.02.23 11:01:55,11850.63,11850.63,4.339602994132337
2026.02.23 12:01:55,11850.63,11850.63,4.339602994132337
2026.02.23 13:01:55,11850.63,11850.63,4.339602994132337
2026.02.23 14:01:56,11850.63,11850.63,4.339602994132337
2026.02.23 15:01:56,11850.52,11828.66,4.522034221192204
2026.02.23 16:01:56,11850.52,11845.43,4.527604024142266
2026.02.23 17:01:56,11850.52,11886.32,4.61268478224896
2026.02.23 18:01:56,11850.52,11880.51,4.61268478224896
2026.02.23 19:01:56,11850.52,11884.55,4.61268478224896
2026.02.23 20:01:56,11850.52,11903.35,4.61268478224896
2026.02.23 21:01:56,11850.52,11937.59,4.61268478224896
2026.02.23 23:00:44,11850.52,11918.4,4.61268478224896
2026.02.24 00:00:44,11850.52,11930.33,4.61268478224896
2026.02.24 01:00:44,11850.52,11898.5,4.61268478224896
2026.02.24 02:00:44,11849.42,11849.42,4.61268478224896
2026.02.24 03:00:44,11849.42,11849.42,4.61268478224896
2026.02.24 04:00:44,11849.42,11849.42,4.61268478224896
2026.02.24 05:00:44,11849.42,11849.42,4.61268478224896
2026.02.24 06:00:44,11849.42,11849.42,4.61268478224896
2026.02.24 07:00:44,11849.42,11849.42,4.61268478224896
2026.02.24 08:00:44,11849.42,11849.42,4.61268478224896
2026.02.24 09:00:44,11849.42,11849.42,4.61268478224896
2026.02.24 10:00:44,11849.42,11849.42,4.61268478224896
2026.02.24 11:00:44,11849.42,11849.42,4.61268478224896
2026.02.24 12:00:44,11849.42,11849.42,4.61268478224896
2026.02.24 13:00:44,11849.42,11849.42,4.61268478224896
2026.02.24 14:00:44,11849.42,11849.42,4.61268478224896
2026.02.24 15:00:44,11849.42,11849.42,4.61268478224896
2026.02.24 16:00:44,11849.42,11849.42,4.61268478224896
2026.02.24 17:00:44,11849.42,11849.42,4.61268478224896
2026.02.24 18:00:44,11849.42,11849.42,4.61268478224896
2026.02.24 19:00:44,11849.42,11849.42,4.61268478224896
2026.02.24 20:00:44,11849.42,11849.42,4.61268478224896
2026.02.24 21:00:44,11849.42,11849.42,4.61268478224896
2026.02.24 23:03:18,11849.42,11849.42,4.61268478224896
2026.02.25 00:03:18,11849.42,11849.42,4.61268478224896
2026.02.25 01:03:18,11849.42,11849.42,4.61268478224896
2026.02.25 02:03:18,11849.36,11850.3,4.61268478224896
2026.02.25 03:03:18,11849.36,11859.96,4.61268478224896
2026.02.25 04:03:19,11849.36,11853.57,4.61268478224896
2026.02.25 05:03:19,11849.36,11859.81,4.61268478224896
2026.02.25 06:03:19,11849.36,11867.18,4.61268478224896
2026.02.25 07:03:20,11849.36,11861.21,4.61268478224896
2026.02.25 08:03:22,11849.36,11859.55,4.61268478224896
2026.02.25 09:03:22,11849.36,11856.13,4.61268478224896
2026.02.25 10:03:22,11849.36,11862.73,4.61268478224896
2026.02.25 11:03:23,11849.36,11845.59,4.61268478224896
2026.02.25 12:03:23,11849.36,11852.79,4.61268478224896
2026.02.25 13:03:23,11849.36,11855.82,4.61268478224896
2026.02.25 14:03:23,11849.36,11858.35,4.61268478224896
2026.02.25 15:03:23,11849.36,11868.27,4.61268478224896
2026.02.25 16:03:23,11849.36,11869.55,4.61268478224896
2026.02.25 17:03:23,11849.36,11881.15,4.61268478224896
2026.02.25 18:03:23,11849.36,11880.09,4.61268478224896
2026.02.25 19:03:23,11849.36,11874.31,4.61268478224896
2026.02.25 20:03:23,11849.36,11872.68,4.61268478224896
2026.02.25 21:03:23,11849.36,11829.7,4.61268478224896
2026.02.25 23:00:51,11849.36,11837.61,4.61268478224896
2026.02.26 00:00:51,11849.36,11829.49,4.61268478224896
2026.02.26 01:00:51,11849.36,11862.93,4.61268478224896
2026.02.26 02:00:51,11849.36,11864.13,4.61268478224896
2026.02.26 03:00:51,11849.36,11854.34,4.61268478224896
2026.02.26 04:00:51,11849.36,11864.44,4.61268478224896
2026.02.26 05:00:51,11849.36,11864.38,4.61268478224896
2026.02.26 06:00:51,11849.36,11867.91,4.61268478224896
2026.02.26 07:00:52,11849.36,11862.06,4.61268478224896
2026.02.26 08:00:52,11849.36,11855.57,4.61268478224896
2026.02.26 09:00:52,11849.36,11849.71,4.61268478224896
2026.02.26 10:00:52,11849.36,11857.46,4.61268478224896
2026.02.26 11:00:52,11849.36,11841.31,4.61268478224896
2026.02.26 12:00:52,11849.36,11836.47,4.61268478224896
2026.02.26 13:00:52,11849.36,11854.33,4.61268478224896
2026.02.26 14:00:52,11849.36,11835.41,4.61268478224896
2026.02.26 15:00:52,11849.36,11837.91,4.663216617708896
2026.02.26 16:00:52,11849.36,11851.52,4.736996326351706
2026.02.26 17:00:52,11849.36,11851.36,4.736996326351706
2026.02.26 18:00:52,11849.36,11838.64,4.736996326351706
2026.02.26 19:00:52,11849.36,11851.36,4.736996326351706
2026.02.26 20:00:53,11849.36,11859.95,4.736996326351706
2026.02.26 21:00:54,11849.36,11870.17,4.736996326351706
2026.02.26 23:01:21,11849.36,11858.89,4.736996326351706
2026.02.27 00:01:21,11849.36,11852.81,4.736996326351706
2026.02.27 01:01:21,11849.36,11845.72,4.736996326351706
2026.02.27 02:01:21,11849.36,11863.96,4.736996326351706
2026.02.27 03:01:21,11849.36,11854.69,4.736996326351706
2026.02.27 04:01:21,11849.36,11854.77,4.736996326351706
2026.02.27 05:01:21,11849.36,11853.23,4.736996326351706
2026.02.27 06:01:21,11849.36,11867.48,4.736996326351706
2026.02.27 07:01:21,11849.36,11855.93,4.736996326351706
2026.02.27 08:01:21,11849.36,11851.37,4.736996326351706
2026.02.27 09:01:21,11849.36,11848.81,4.736996326351706
2026.02.27 10:01:21,11849.36,11846.46,4.736996326351706
2026.02.27 11:01:21,11849.36,11847.41,4.736996326351706
2026.02.27 12:01:21,11849.36,11856.32,4.736996326351706
2026.02.27 13:01:21,11849.36,11862.16,4.736996326351706
2026.02.27 14:01:21,11849.25,11901.29,4.736996326351706
2026.02.27 15:01:21,11849.25,11891.33,4.736996326351706
2026.02.27 16:01:21,11849.25,11931.37,4.736996326351706
2026.02.27 17:01:21,11849.25,11909.62,4.736996326351706
2026.02.27 18:01:21,11849.25,11928.74,4.736996326351706
2026.02.27 19:01:22,11849.25,11964.11,4.736996326351706
2026.02.27 20:01:22,11849.25,11976.44,4.736996326351706
2026.02.27 21:01:22,11849.25,12010.97,4.736996326351706
2026.03.01 23:01:31,12040.38,12180.19,4.736996326351706
2026.03.02 00:01:31,12040.27,12224.9,4.736996326351706
2026.03.02 01:01:31,11993.36,12141.14,4.736996326351706
2026.03.02 02:01:31,11993.36,12144.4,4.736996326351706
2026.03.02 03:01:31,11993.36,12163.11,4.736996326351706
2026.03.02 04:01:31,11993.36,12179.63,4.736996326351706
2026.03.02 05:01:31,11993.36,12166.92,4.736996326351706
2026.03.02 06:01:31,11993.36,12179.48,4.736996326351706
2026.03.02 07:01:31,11993.36,12199.34,4.736996326351706
2026.03.02 08:01:31,12218.02,12218.02,4.736996326351706
2026.03.02 09:01:31,12218.02,12218.02,4.736996326351706
2026.03.02 10:01:31,12218.02,12218.02,4.736996326351706
2026.03.02 11:01:31,12218.02,12218.02,4.736996326351706
2026.03.02 12:01:31,12218.02,12218.02,4.736996326351706
2026.03.02 13:01:31,12218.02,12218.02,4.736996326351706
2026.03.02 14:01:31,12218.02,12218.02,4.736996326351706
2026.03.02 15:01:31,12218.02,12218.02,4.736996326351706
2026.03.02 16:01:31,12218.02,12218.02,4.736996326351706
2026.03.02 17:01:31,12218.02,12218.02,4.736996326351706
2026.03.02 18:01:31,12218.02,12218.02,4.736996326351706
2026.03.02 19:01:31,12218.02,12218.02,4.736996326351706
2026.03.02 20:01:31,12218.02,12218.02,4.736996326351706
2026.03.02 21:01:31,12218.02,12218.02,4.736996326351706
2026.03.02 23:00:44,12218.02,12218.02,4.736996326351706
2026.03.03 00:00:44,12217.96,12213.99,4.736996326351706
2026.03.03 01:00:44,12217.96,12228.3,4.736996326351706
2026.03.03 02:00:44,12217.96,12210.46,4.736996326351706
2026.03.03 03:00:44,12217.96,12241.27,4.736996326351706
2026.03.03 04:00:44,12217.96,12236.78,4.736996326351706
2026.03.03 05:00:44,12217.96,12231.14,4.736996326351706
2026.03.03 06:00:44,12217.96,12189.69,4.736996326351706
2026.03.03 07:00:44,12217.96,12178.85,4.736996326351706
2026.03.03 08:00:44,12217.96,12197.94,4.736996326351706
2026.03.03 09:00:44,12217.96,12173.33,4.736996326351706
2026.03.03 10:00:44,12127.71,12127.71,4.736996326351706
2026.03.03 11:00:44,12127.71,12127.71,4.736996326351706
2026.03.03 12:00:44,12127.71,12127.71,4.736996326351706
2026.03.03 13:00:44,12127.71,12127.71,4.736996326351706
2026.03.03 14:00:44,12127.71,12127.71,4.736996326351706
2026.03.03 15:00:44,12127.71,12127.71,4.736996326351706
2026.03.03 16:00:44,12127.71,12127.71,4.736996326351706
2026.03.03 17:00:44,12127.71,12127.71,4.736996326351706
2026.03.03 18:00:44,12127.71,12127.71,4.736996326351706
2026.03.03 19:00:44,12127.71,12127.71,4.736996326351706
2026.03.03 20:00:44,12127.71,12127.71,4.736996326351706
2026.03.03 21:00:44,12127.71,12127.71,4.736996326351706
2026.03.03 23:01:10,12127.71,12127.71,4.736996326351706
2026.03.04 00:01:10,12127.71,12127.71,4.736996326351706
2026.03.04 01:01:10,12127.71,12127.71,4.736996326351706
2026.03.04 02:01:10,12127.71,12127.71,4.736996326351706
2026.03.04 03:01:10,12127.71,12127.71,4.736996326351706
2026.03.04 04:01:10,12127.71,12127.71,4.736996326351706
2026.03.04 05:01:10,12127.71,12127.71,4.736996326351706
2026.03.04 06:01:10,12127.71,12127.71,4.736996326351706
2026.03.04 07:01:10,12127.71,12127.71,4.736996326351706
2026.03.04 08:01:10,12127.71,12127.71,4.736996326351706
2026.03.04 09:01:10,12127.71,12127.71,4.736996326351706
2026.03.04 10:01:10,12127.71,12127.71,4.736996326351706
2026.03.04 11:01:10,12127.71,12127.71,4.736996326351706
2026.03.04 12:01:10,12127.71,12127.71,4.736996326351706
2026.03.04 13:01:10,12127.71,12127.71,4.736996326351706
2026.03.04 14:01:10,12127.71,12127.71,4.736996326351706
2026.03.04 15:01:10,12127.71,12127.71,4.736996326351706
2026.03.04 16:01:10,12127.71,12127.71,4.736996326351706
2026.03.04 17:01:10,12127.71,12127.71,4.736996326351706
2026.03.04 18:01:10,12127.71,12127.71,4.736996326351706
2026.03.04 19:01:10,12127.71,12127.71,4.736996326351706
2026.03.04 20:01:10,12127.71,12127.71,4.736996326351706
2026.03.04 21:01:10,12127.71,12127.71,4.736996326351706
2026.03.04 23:00:47,12127.71,12127.71,4.736996326351706
2026.03.05 00:00:47,12127.71,12127.71,4.736996326351706
2026.03.05 01:00:47,12127.71,12127.71,4.736996326351706
2026.03.05 02:00:47,12127.71,12127.71,4.736996326351706
2026.03.05 03:00:47,12127.71,12127.71,4.736996326351706
2026.03.05 04:00:47,12127.71,12127.71,4.736996326351706
2026.03.05 05:00:48,12127.71,12127.71,4.736996326351706
2026.03.05 06:00:48,12127.71,12127.71,4.736996326351706
2026.03.05 07:00:48,12127.71,12127.71,4.736996326351706
2026.03.05 08:00:48,12127.71,12127.71,4.736996326351706
2026.03.05 09:00:48,12127.71,12127.71,4.736996326351706
2026.03.05 10:00:48,12127.71,12127.71,4.736996326351706
2026.03.05 11:00:48,12127.71,12127.71,4.736996326351706
2026.03.05 12:00:48,12127.71,12127.71,4.736996326351706
2026.03.05 13:00:48,12127.71,12127.71,4.736996326351706
2026.03.05 14:00:48,12127.71,12127.71,4.736996326351706
2026.03.05 15:00:48,12127.71,12127.71,4.736996326351706
2026.03.05 16:00:48,12127.71,12127.71,4.736996326351706
2026.03.05 17:00:48,12127.71,12127.71,4.736996326351706
2026.03.05 18:00:48,12127.71,12127.71,4.736996326351706
2026.03.05 19:00:48,12127.71,12127.71,4.736996326351706
2026.03.05 20:00:48,12127.71,12127.71,4.736996326351706
2026.03.05 21:00:48,12127.71,12127.71,4.736996326351706
2026.03.05 23:05:00,12127.71,12127.71,4.736996326351706
2026.03.06 00:05:00,12127.71,12127.71,4.736996326351706
2026.03.06 01:05:00,12127.71,12127.71,4.736996326351706
2026.03.06 02:05:00,12127.71,12127.71,4.736996326351706
2026.03.06 03:05:00,12127.71,12127.71,4.736996326351706
2026.03.06 04:05:00,12127.71,12127.71,4.736996326351706
2026.03.06 05:05:00,12127.71,12127.71,4.736996326351706
2026.03.06 06:05:00,12127.71,12127.71,4.736996326351706
2026.03.06 07:05:00,12127.71,12127.71,4.736996326351706
2026.03.06 08:05:00,12127.71,12127.71,4.736996326351706
2026.03.06 09:05:00,12127.71,12127.71,4.736996326351706
2026.03.06 10:05:00,12127.71,12127.71,4.736996326351706
2026.03.06 11:05:00,12127.71,12127.71,4.736996326351706
2026.03.06 12:05:00,12127.71,12127.71,4.736996326351706
2026.03.06 13:05:00,12127.71,12127.71,4.736996326351706
2026.03.06 14:05:00,12127.71,12127.71,4.736996326351706
2026.03.06 15:05:00,12127.71,12127.71,4.736996326351706
2026.03.06 16:05:00,12127.71,12127.71,4.736996326351706
2026.03.06 17:05:00,12127.71,12127.71,4.736996326351706
2026.03.06 18:05:00,12127.71,12127.71,4.736996326351706
2026.03.06 19:05:00,12127.71,12127.71,4.736996326351706
2026.03.06 20:05:00,12127.71,12127.71,4.736996326351706
2026.03.06 21:05:00,12127.71,12127.71,4.736996326351706
2026.03.08 22:03:03,12127.71,12127.71,4.736996326351706
2026.03.08 23:03:03,12127.71,12127.71,4.736996326351706
2026.03.09 00:03:03,12127.71,12127.71,4.736996326351706
2026.03.09 01:03:03,12127.71,12127.71,4.736996326351706
2026.03.09 02:03:03,12127.71,12127.71,4.736996326351706
2026.03.09 03:03:03,12127.71,12127.71,4.736996326351706
2026.03.09 04:03:03,12127.71,12127.71,4.736996326351706
2026.03.09 05:03:03,12127.71,12127.71,4.736996326351706
2026.03.09 06:03:03,12127.71,12127.71,4.736996326351706
2026.03.09 07:03:03,12127.71,12127.71,4.736996326351706
2026.03.09 08:03:03,12127.71,12127.71,4.736996326351706
2026.03.09 09:03:03,12127.71,12127.71,4.736996326351706
2026.03.09 10:03:03,12127.71,12127.71,4.736996326351706
2026.03.09 11:03:03,12127.71,12127.71,4.736996326351706
2026.03.09 12:03:03,12127.71,12127.71,4.736996326351706
2026.03.09 13:03:03,12127.71,12127.71,4.736996326351706
2026.03.09 14:03:03,12127.71,12127.71,4.736996326351706
2026.03.09 15:03:03,12127.71,12127.71,4.736996326351706
2026.03.09 16:03:03,12127.71,12127.71,4.736996326351706
2026.03.09 17:03:03,12127.71,12127.71,4.736996326351706
2026.03.09 18:03:03,12127.71,12127.71,4.736996326351706
2026.03.09 19:03:03,12127.71,12127.71,4.736996326351706
2026.03.09 20:03:03,12127.71,12127.71,4.736996326351706
2026.03.09 22:00:38,12127.71,12127.71,4.736996326351706
2026.03.09 23:00:38,12127.71,12127.71,4.736996326351706
2026.03.10 00:00:38,12127.71,12127.71,4.736996326351706
2026.03.10 01:00:38,12127.71,12127.71,4.736996326351706
2026.03.10 02:00:38,12127.6,12128.04,4.736996326351706
2026.03.10 03:00:38,12127.6,12093.52,4.736996326351706
2026.03.10 04:00:38,12127.6,12071.11,4.736996326351706
2026.03.10 05:00:38,12127.6,12088.95,4.736996326351706
2026.03.10 06:00:39,12127.6,12113.06,4.736996326351706
2026.03.10 07:00:39,12127.6,12109.79,4.736996326351706
2026.03.10 08:00:39,12127.6,12124.12,4.736996326351706
2026.03.10 09:00:39,12127.6,12123.85,4.736996326351706
2026.03.10 10:00:39,12127.6,12121.63,4.736996326351706
2026.03.10 11:00:39,12127.6,12115.29,4.736996326351706
2026.03.10 12:00:40,12127.6,12109.45,4.736996326351706
2026.03.10 13:00:40,12127.6,12145.15,4.736996326351706
2026.03.10 14:00:40,12127.6,12169.72,4.736996326351706
2026.03.10 15:00:40,12127.6,12177.06,4.736996326351706
2026.03.10 16:00:40,12127.6,12215.97,4.736996326351706
2026.03.10 17:00:40,12127.6,12215.35,4.736996326351706
2026.03.10 18:00:40,12127.6,12208.14,4.736996326351706
2026.03.10 19:00:40,12127.6,12131.67,4.736996326351706
2026.03.10 20:00:40,12127.6,12151.67,4.736996326351706
2026.03.10 22:01:30,12127.6,12142.12,4.736996326351706
2026.03.10 23:01:30,12127.6,12140.62,4.736996326351706
2026.03.11 00:01:30,12127.6,12146.28,4.736996326351706
2026.03.11 01:01:30,12127.6,12186.86,4.736996326351706
2026.03.11 02:01:30,12127.6,12168.16,4.736996326351706
2026.03.11 03:01:30,12127.6,12193.56,4.736996326351706
2026.03.11 04:01:30,12127.6,12158.55,4.736996326351706
2026.03.11 05:01:30,12127.6,12169.16,4.736996326351706
2026.03.11 06:01:30,12127.6,12153.5,4.736996326351706
2026.03.11 07:01:30,12127.6,12156.43,4.736996326351706
2026.03.11 08:01:30,12127.6,12144.84,4.736996326351706
2026.03.11 09:01:30,12127.6,12128.66,4.736996326351706
2026.03.11 10:01:30,12127.6,12134.32,4.736996326351706
2026.03.11 11:01:32,12127.6,12131.85,4.736996326351706
2026.03.11 12:01:32,12127.6,12122.37,4.736996326351706
2026.03.11 13:01:32,12127.6,12087.47,4.736996326351706
2026.03.11 14:01:32,12065.25,12065.25,4.736996326351706
2026.03.11 15:01:32,12065.25,12065.25,4.736996326351706
2026.03.11 16:01:32,12065.25,12065.25,4.736996326351706
2026.03.11 17:01:32,12065.25,12065.25,4.736996326351706
2026.03.11 18:01:32,12065.25,12065.25,4.736996326351706
2026.03.11 19:01:32,12065.25,12065.25,4.736996326351706
2026.03.11 20:01:32,12065.25,12065.25,4.736996326351706
2026.03.11 22:02:05,12065.25,12065.25,4.736996326351706
2026.03.11 23:02:06,12065.25,12065.25,4.736996326351706
2026.03.12 00:02:06,12065.25,12065.25,4.736996326351706
2026.03.12 01:02:06,12065.25,12065.25,4.736996326351706
2026.03.12 02:02:06,12065.25,12065.25,4.736996326351706
2026.03.12 03:02:06,12065.25,12065.25,4.736996326351706
2026.03.12 04:02:06,12065.25,12065.25,4.736996326351706
2026.03.12 05:02:06,12065.25,12065.25,4.736996326351706
2026.03.12 06:02:06,12065.25,12065.25,4.736996326351706
2026.03.12 07:02:06,12065.25,12065.25,4.736996326351706
2026.03.12 08:02:06,12065.25,12065.25,4.736996326351706
2026.03.12 09:02:06,12065.25,12065.25,4.736996326351706
2026.03.12 10:02:06,12065.25,12065.25,4.736996326351706
2026.03.12 11:02:06,12065.25,12065.25,4.736996326351706
2026.03.12 12:02:06,12065.25,12065.25,4.736996326351706
2026.03.12 13:02:06,12065.25,12065.25,4.736996326351706
2026.03.12 14:02:06,12065.25,12065.25,4.736996326351706
2026.03.12 15:02:06,12065.25,12065.25,4.736996326351706
2026.03.12 16:02:06,12065.25,12065.25,4.736996326351706
2026.03.12 17:02:06,12065.25,12065.25,4.736996326351706
2026.03.12 18:02:06,12065.25,12065.25,4.736996326351706
2026.03.12 19:02:06,12065.25,12065.25,4.736996326351706
2026.03.12 20:02:06,12065.25,12065.25,4.736996326351706
2026.03.12 22:01:31,12065.25,12065.25,4.736996326351706
2026.03.12 23:01:31,12065.25,12065.25,4.736996326351706
2026.03.13 00:01:32,12065.25,12065.25,4.736996326351706
2026.03.13 01:01:32,12065.25,12065.25,4.736996326351706
2026.03.13 02:01:32,12065.25,12065.25,4.736996326351706
2026.03.13 03:01:32,12065.25,12065.25,4.736996326351706
2026.03.13 04:01:32,12065.25,12065.25,4.736996326351706
2026.03.13 05:01:32,12065.25,12065.25,4.736996326351706
2026.03.13 06:01:32,12065.25,12065.25,4.736996326351706
2026.03.13 07:01:32,12065.25,12065.25,4.736996326351706
2026.03.13 08:01:32,12065.25,12065.25,4.736996326351706
2026.03.13 09:01:32,12065.25,12065.25,4.736996326351706
2026.03.13 10:01:32,12065.25,12065.25,4.736996326351706
2026.03.13 11:01:32,12065.25,12065.25,4.736996326351706
2026.03.13 12:01:32,12065.25,12065.25,4.736996326351706
2026.03.13 13:01:32,12065.25,12065.25,4.736996326351706
2026.03.13 14:01:32,12065.25,12065.25,4.736996326351706
2026.03.13 15:01:32,12065.25,12065.25,4.736996326351706
2026.03.13 16:01:32,12065.25,12065.25,4.736996326351706
2026.03.13 17:01:32,12065.25,12065.25,4.736996326351706
2026.03.13 18:01:32,12065.25,12065.25,4.736996326351706
2026.03.13 19:01:32,12065.25,12065.25,4.736996326351706
2026.03.13 20:01:32,12065.25,12065.25,4.736996326351706
2026.03.15 22:01:30,12065.25,12065.25,4.736996326351706
2026.03.15 23:01:30,12065.25,12065.25,4.736996326351706
2026.03.16 00:01:30,12065.25,12065.25,4.736996326351706
2026.03.16 01:01:30,12065.25,12065.25,4.736996326351706
2026.03.16 02:01:30,12065.25,12065.25,4.736996326351706
2026.03.16 03:01:31,12065.25,12065.25,4.736996326351706
2026.03.16 04:01:31,12065.25,12065.25,4.736996326351706
2026.03.16 05:01:31,12065.25,12065.25,4.736996326351706
2026.03.16 06:01:31,12065.25,12065.25,4.736996326351706
2026.03.16 07:01:31,12065.25,12065.25,4.736996326351706
2026.03.16 08:01:31,12065.25,12065.25,4.736996326351706
2026.03.16 09:01:31,12065.25,12065.25,4.736996326351706
2026.03.16 10:01:31,12065.25,12065.25,4.736996326351706
2026.03.16 11:01:31,12065.25,12065.25,4.736996326351706
2026.03.16 12:01:31,12065.25,12065.25,4.736996326351706
2026.03.16 13:01:31,12065.25,12065.25,4.736996326351706
2026.03.16 14:01:31,12065.25,12065.25,4.736996326351706
2026.03.16 15:01:31,12065.25,12065.25,4.736996326351706
2026.03.16 16:01:31,12065.25,12065.25,4.736996326351706
2026.03.16 17:01:31,12065.25,12065.25,4.736996326351706
2026.03.16 18:01:31,12065.25,12065.25,4.736996326351706
2026.03.16 19:01:31,12065.25,12065.25,4.736996326351706
2026.03.16 20:01:31,12065.25,12065.25,4.736996326351706
2026.03.16 22:00:38,12065.25,12065.25,4.736996326351706
2026.03.16 23:00:38,12065.25,12065.25,4.736996326351706
2026.03.17 00:00:39,12065.25,12065.25,4.736996326351706
2026.03.17 01:00:39,12065.25,12065.25,4.736996326351706
2026.03.17 02:00:39,12065.25,12065.25,4.736996326351706
2026.03.17 03:00:39,12065.25,12065.25,4.736996326351706
2026.03.17 04:00:39,12065.25,12065.25,4.736996326351706
2026.03.17 05:00:39,12065.25,12065.25,4.736996326351706
2026.03.17 06:00:39,12065.25,12065.25,4.736996326351706
2026.03.17 07:00:40,12065.25,12065.25,4.736996326351706
2026.03.17 08:00:40,12065.25,12065.25,4.736996326351706
2026.03.17 09:00:40,12065.25,12065.25,4.736996326351706
2026.03.17 10:00:40,12065.25,12065.25,4.736996326351706
2026.03.17 11:00:40,12065.25,12065.25,4.736996326351706
2026.03.17 12:00:40,12065.25,12065.25,4.736996326351706
2026.03.17 13:00:40,12065.25,12065.25,4.736996326351706
2026.03.17 14:00:40,12065.25,12065.25,4.736996326351706
2026.03.17 15:00:40,12065.25,12065.25,4.736996326351706
2026.03.17 16:00:40,12065.25,12065.25,4.736996326351706
2026.03.17 17:00:41,12065.25,12065.25,4.736996326351706
2026.03.17 18:00:41,12065.25,12065.25,4.736996326351706
2026.03.17 19:00:41,12065.25,12065.25,4.736996326351706
2026.03.17 20:00:41,12065.25,12065.25,4.736996326351706
2026.03.17 22:01:30,12065.25,12065.25,4.736996326351706
2026.03.17 23:01:30,12065.25,12065.25,4.736996326351706
2026.03.18 00:01:31,12065.25,12065.25,4.736996326351706
2026.03.18 01:01:31,12065.25,12065.25,4.736996326351706
2026.03.18 02:01:31,12065.25,12065.25,4.736996326351706
2026.03.18 03:01:31,12065.25,12065.25,4.736996326351706
2026.03.18 04:01:31,12065.25,12065.25,4.736996326351706
2026.03.18 05:01:31,12065.25,12065.25,4.736996326351706
2026.03.18 06:01:31,12065.25,12065.25,4.736996326351706
2026.03.18 07:01:31,12065.25,12065.25,4.736996326351706
2026.03.18 08:01:31,12065.25,12065.25,4.736996326351706
2026.03.18 09:01:31,12065.25,12065.25,4.736996326351706
2026.03.18 10:01:32,12065.25,12065.25,4.736996326351706
2026.03.18 11:01:32,12065.25,12065.25,4.736996326351706
2026.03.18 12:01:32,12065.25,12065.25,4.736996326351706
2026.03.18 13:01:32,12065.25,12065.25,4.736996326351706
2026.03.18 14:01:32,12065.25,12065.25,4.736996326351706
2026.03.18 15:01:32,12065.25,12065.25,4.736996326351706
2026.03.18 16:01:32,12065.25,12065.25,4.736996326351706
2026.03.18 17:01:32,12065.25,12065.25,4.736996326351706
2026.03.18 18:01:32,12065.25,12065.25,4.736996326351706
2026.03.18 19:01:32,12065.25,12065.25,4.736996326351706
2026.03.18 20:01:32,12065.25,12065.25,4.736996326351706
2026.03.18 22:00:49,12065.25,12065.25,4.736996326351706
2026.03.18 23:00:49,12065.25,12065.25,4.736996326351706
2026.03.19 00:00:49,12065.25,12065.25,4.736996326351706
2026.03.19 01:00:49,12065.25,12065.25,4.736996326351706
2026.03.19 02:00:49,12065.25,12065.25,4.736996326351706
2026.03.19 03:00:49,12065.25,12065.25,4.736996326351706
2026.03.19 04:00:49,12065.25,12065.25,4.736996326351706
2026.03.19 05:00:49,12065.25,12065.25,4.736996326351706
2026.03.19 06:00:49,12065.25,12065.25,4.736996326351706
2026.03.19 07:00:49,12065.25,12065.25,4.736996326351706
2026.03.19 08:00:49,12065.25,12065.25,4.736996326351706
2026.03.19 09:00:49,12065.25,12065.25,4.736996326351706
2026.03.19 10:00:49,12065.25,12065.25,4.736996326351706
2026.03.19 11:00:49,12065.25,12065.25,4.736996326351706
2026.03.19 12:00:49,12065.25,12065.25,4.736996326351706
2026.03.19 13:00:49,12065.25,12065.25,4.736996326351706
2026.03.19 14:00:49,12065.25,12065.25,4.736996326351706
2026.03.19 15:00:49,12065.25,12065.25,4.736996326351706
2026.03.19 16:00:49,12065.25,12065.25,4.736996326351706
2026.03.19 17:00:49,12065.25,12065.25,4.736996326351706
2026.03.19 18:00:49,12065.25,12065.25,4.736996326351706
2026.03.19 19:00:49,12065.25,12065.25,4.736996326351706
2026.03.19 20:00:49,12065.25,12065.25,4.736996326351706
2026.03.19 22:01:38,12065.25,12065.25,4.736996326351706
2026.03.19 23:01:38,12065.25,12065.25,4.736996326351706
2026.03.20 00:01:38,12065.25,12065.25,4.736996326351706
2026.03.20 01:01:38,12065.25,12065.25,4.736996326351706
2026.03.20 02:01:38,12065.25,12065.25,4.736996326351706
2026.03.20 03:01:38,12065.25,12065.25,4.736996326351706
2026.03.20 04:01:38,12065.25,12065.25,4.736996326351706
2026.03.20 05:01:38,12065.25,12065.25,4.736996326351706
2026.03.20 06:01:38,12065.25,12065.25,4.736996326351706
2026.03.20 07:01:39,12065.25,12065.25,4.736996326351706
2026.03.20 08:01:39,12065.25,12065.25,4.736996326351706
2026.03.20 09:01:39,12065.25,12065.25,4.736996326351706
2026.03.20 10:01:39,12065.25,12065.25,4.736996326351706
2026.03.20 11:01:39,12065.25,12065.25,4.736996326351706
2026.03.20 12:01:39,12065.25,12065.25,4.736996326351706
2026.03.20 13:01:39,12065.25,12065.25,4.736996326351706
2026.03.20 14:01:39,12065.25,12065.25,4.736996326351706
2026.03.20 15:01:39,12065.25,12065.25,4.736996326351706
2026.03.20 16:01:39,12065.25,12065.25,4.736996326351706
2026.03.20 17:01:39,12065.25,12065.25,4.736996326351706
2026.03.20 18:01:39,12065.25,12065.25,4.736996326351706
2026.03.20 19:01:39,12065.25,12065.25,4.736996326351706
2026.03.20 20:01:39,12065.25,12065.25,4.736996326351706
2026.03.22 22:01:30,12065.25,12065.25,4.736996326351706
2026.03.22 23:01:30,12065.25,12065.25,4.736996326351706
2026.03.23 00:01:30,12065.25,12065.25,4.736996326351706
2026.03.23 01:01:30,12065.25,12065.25,4.736996326351706
2026.03.23 02:01:30,12065.25,12065.25,4.736996326351706
2026.03.23 03:01:30,12065.25,12065.25,4.736996326351706
2026.03.23 04:01:30,12065.25,12065.25,4.736996326351706
2026.03.23 05:01:30,12065.25,12065.25,4.736996326351706
2026.03.23 06:01:30,12065.25,12065.25,4.736996326351706
2026.03.23 07:01:30,12065.25,12065.25,4.736996326351706
2026.03.23 08:01:30,12065.25,12065.25,4.736996326351706
2026.03.23 09:01:30,12065.25,12065.25,4.736996326351706
2026.03.23 10:01:30,12065.25,12065.25,4.736996326351706
2026.03.23 11:01:30,12065.25,12065.25,4.736996326351706
2026.03.23 12:01:30,12065.25,12065.25,4.736996326351706
2026.03.23 13:01:30,12065.25,12065.25,4.736996326351706
2026.03.23 14:01:30,12065.25,12065.25,4.736996326351706
2026.03.23 15:01:30,12065.25,12065.25,4.736996326351706
2026.03.23 16:01:30,12065.25,12065.25,4.736996326351706
2026.03.23 17:01:30,12065.25,12065.25,4.736996326351706
2026.03.23 18:01:30,12065.25,12065.25,4.736996326351706
2026.03.23 19:01:30,12065.25,12065.25,4.736996326351706
2026.03.23 20:01:30,12065.25,12065.25,4.736996326351706
2026.03.23 22:01:02,12065.25,12065.25,4.736996326351706
2026.03.23 23:01:02,12065.25,12065.25,4.736996326351706
2026.03.24 00:01:02,12065.25,12065.25,4.736996326351706
2026.03.24 01:01:02,12065.25,12065.25,4.736996326351706
2026.03.24 02:01:02,12065.25,12065.25,4.736996326351706
2026.03.24 03:01:02,12065.25,12065.25,4.736996326351706
2026.03.24 04:01:02,12065.25,12065.25,4.736996326351706
2026.03.24 05:01:02,12065.25,12065.25,4.736996326351706
2026.03.24 06:01:02,12065.25,12065.25,4.736996326351706
2026.03.24 07:01:02,12065.25,12065.25,4.736996326351706
2026.03.24 08:01:02,12065.25,12065.25,4.736996326351706
2026.03.24 09:01:02,12065.25,12065.25,4.736996326351706
2026.03.24 10:01:02,12065.25,12065.25,4.736996326351706
2026.03.24 11:01:02,12065.25,12065.25,4.736996326351706
2026.03.24 12:01:02,12065.25,12065.25,4.736996326351706
2026.03.24 13:01:02,12065.25,12065.25,4.736996326351706
2026.03.24 14:01:02,12065.25,12065.25,4.736996326351706
2026.03.24 15:01:02,12065.25,12065.25,4.736996326351706
2026.03.24 16:01:02,12065.25,12065.25,4.736996326351706
2026.03.24 17:01:02,12065.25,12065.25,4.736996326351706
2026.03.24 18:01:02,12065.25,12065.25,4.736996326351706
2026.03.24 19:01:02,12065.25,12065.25,4.736996326351706
2026.03.24 20:01:02,12065.25,12065.25,4.736996326351706
2026.03.24 22:00:48,12065.25,12065.25,4.736996326351706
2026.03.24 23:00:49,12065.25,12065.25,4.736996326351706
2026.03.25 00:00:49,12065.25,12065.25,4.736996326351706
2026.03.25 01:00:49,12065.19,12063.9,4.736996326351706
2026.03.25 02:00:49,12065.19,12089.81,4.736996326351706
2026.03.25 03:00:49,12065.19,12086.47,4.736996326351706
2026.03.25 04:00:49,12065.19,12070.34,4.736996326351706
2026.03.25 05:00:49,12065.19,12073.78,4.736996326351706
2026.03.25 06:00:50,12065.19,12057.22,4.736996326351706
2026.03.25 07:00:50,12065.19,12048.65,4.736996326351706
2026.03.25 08:00:50,12065.19,12040.82,4.736996326351706
2026.03.25 09:00:50,12065.19,12057.7,4.736996326351706
2026.03.25 10:00:50,12065.19,12057.21,4.736996326351706
2026.03.25 11:00:50,12065.19,12058.58,4.736996326351706
2026.03.25 12:00:50,12065.19,12083.83,4.736996326351706
2026.03.25 13:00:50,12065.19,12046.45,4.736996326351706
2026.03.25 14:00:50,12065.19,12036.97,4.736996326351706
2026.03.25 15:00:50,12065.19,12066.33,4.736996326351706
2026.03.25 16:00:50,12065.19,12064.07,4.736996326351706
2026.03.25 17:00:50,12065.19,12058.16,4.736996326351706
2026.03.25 18:00:50,12065.19,12057.11,4.736996326351706
2026.03.25 19:00:50,12065.19,12038.4,4.736996326351706
2026.03.25 20:00:50,12020.02,12020.02,4.736996326351706
2026.03.25 22:00:55,12020.02,12020.02,4.736996326351706
2026.03.25 23:00:55,12020.02,12020.02,4.736996326351706
2026.03.26 00:00:55,12020.02,12020.02,4.736996326351706
2026.03.26 01:00:55,12020.02,12020.02,4.736996326351706
2026.03.26 02:00:55,12020.02,12020.02,4.736996326351706
2026.03.26 03:00:55,12020.02,12020.02,4.736996326351706
2026.03.26 04:00:55,12020.02,12020.02,4.736996326351706
2026.03.26 05:00:55,12020.02,12020.02,4.736996326351706
2026.03.26 06:00:55,12020.02,12020.02,4.736996326351706
2026.03.26 07:00:55,12020.02,12020.02,4.736996326351706
2026.03.26 08:00:55,12020.02,12020.02,4.736996326351706
2026.03.26 09:00:55,12020.02,12020.02,4.736996326351706
2026.03.26 10:00:55,12020.02,12020.02,4.736996326351706
2026.03.26 11:00:55,12020.02,12020.02,4.736996326351706
2026.03.26 12:00:55,12020.02,12020.02,4.736996326351706
2026.03.26 13:00:55,12020.02,12020.02,4.736996326351706
2026.03.26 14:00:55,12020.02,12020.02,4.736996326351706
2026.03.26 15:00:55,12020.02,12020.02,4.736996326351706
2026.03.26 16:00:55,12020.02,12020.02,4.736996326351706
2026.03.26 17:00:55,12020.02,12020.02,4.736996326351706
2026.03.26 18:00:55,12020.02,12020.02,4.736996326351706
2026.03.26 19:00:55,12020.02,12020.02,4.736996326351706
2026.03.26 20:00:55,12020.02,12020.02,4.736996326351706
2026.03.26 22:01:51,12020.02,12020.02,4.736996326351706
2026.03.26 23:01:51,12020.02,12020.02,4.736996326351706
2026.03.27 00:01:51,12020.02,12020.02,4.736996326351706
2026.03.27 01:01:51,12020.02,12020.02,4.736996326351706
2026.03.27 02:01:51,12020.02,12020.02,4.736996326351706
2026.03.27 03:01:51,12020.02,12020.02,4.736996326351706
2026.03.27 04:01:51,12020.02,12020.02,4.736996326351706
2026.03.27 05:01:51,12020.02,12020.02,4.736996326351706
2026.03.27 06:01:51,12020.02,12020.02,4.736996326351706
2026.03.27 07:01:51,12020.02,12020.02,4.736996326351706
2026.03.27 08:01:51,12020.02,12020.02,4.736996326351706
2026.03.27 09:01:51,12020.02,12020.02,4.736996326351706
2026.03.27 10:01:51,12020.02,12020.02,4.736996326351706
2026.03.27 11:01:51,12020.02,12020.02,4.736996326351706
2026.03.27 12:01:51,12020.02,12020.02,4.736996326351706
2026.03.27 13:01:51,12020.02,12020.02,4.736996326351706
2026.03.27 14:01:51,12020.02,12020.02,4.736996326351706
2026.03.27 15:01:51,12020.02,12020.02,4.736996326351706
2026.03.27 16:01:51,12020.02,12020.02,4.736996326351706
2026.03.27 17:01:51,12020.02,12020.02,4.736996326351706
2026.03.27 18:01:51,12020.02,12020.02,4.736996326351706
2026.03.27 19:01:51,12020.02,12020.02,4.736996326351706
2026.03.27 20:01:51,12020.02,12020.02,4.736996326351706
2026.03.29 22:04:32,12020.02,12020.02,4.736996326351706
2026.03.29 23:04:33,12020.02,12020.02,4.736996326351706
2026.03.30 00:04:33,12020.02,12020.02,4.736996326351706
2026.03.30 01:04:33,12020.02,12020.02,4.736996326351706
2026.03.30 02:04:33,12020.02,12020.02,4.736996326351706
2026.03.30 03:04:33,12020.02,12020.02,4.736996326351706
2026.03.30 04:04:33,12020.02,12020.02,4.736996326351706
2026.03.30 05:04:33,12020.02,12020.02,4.736996326351706
2026.03.30 06:04:33,12020.02,12020.02,4.736996326351706
2026.03.30 07:04:33,12020.02,12020.02,4.736996326351706
2026.03.30 08:04:33,12020.02,12020.02,4.736996326351706
2026.03.30 09:04:34,12020.02,12020.02,4.736996326351706
2026.03.30 10:04:34,12020.02,12020.02,4.736996326351706
2026.03.30 11:04:34,12020.02,12020.02,4.736996326351706
2026.03.30 12:04:34,12020.02,12020.02,4.736996326351706
2026.03.30 13:04:34,12020.02,12020.02,4.736996326351706
2026.03.30 14:04:34,12020.02,12020.02,4.736996326351706
2026.03.30 15:04:35,12020.02,12020.02,4.736996326351706
2026.03.30 16:04:35,12020.02,12020.02,4.736996326351706
2026.03.30 17:04:35,12020.02,12020.02,4.736996326351706
2026.03.30 18:04:35,12020.02,12020.02,4.736996326351706
2026.03.30 19:04:35,12020.02,12020.02,4.736996326351706
2026.03.30 20:04:35,12020.02,12020.02,4.736996326351706
2026.03.30 22:00:54,12020.02,12020.02,4.736996326351706
2026.03.30 23:00:54,12020.02,12020.02,4.736996326351706
2026.03.31 00:00:54,12020.02,12020.02,4.736996326351706
2026.03.31 01:00:54,12020.02,12020.02,4.736996326351706
2026.03.31 02:00:54,12019.91,12006.73,4.736996326351706
2026.03.31 03:00:54,11953.97,11953.97,4.736996326351706
2026.03.31 04:00:54,11953.97,11953.97,4.736996326351706
2026.03.31 05:00:54,11953.97,11953.97,4.736996326351706
2026.03.31 06:00:54,11953.97,11953.97,4.736996326351706
2026.03.31 07:00:54,11953.97,11953.97,4.736996326351706
2026.03.31 08:00:54,11953.97,11953.97,4.736996326351706
2026.03.31 09:00:54,11953.97,11953.97,4.736996326351706
2026.03.31 10:00:54,11953.97,11953.97,4.736996326351706
2026.03.31 11:00:54,11953.97,11953.97,4.736996326351706
2026.03.31 12:00:54,11953.97,11953.97,4.736996326351706
2026.03.31 13:00:54,11953.97,11953.97,4.736996326351706
2026.03.31 14:00:54,11953.97,11953.97,4.736996326351706
2026.03.31 15:00:54,11953.97,11953.97,4.736996326351706
2026.03.31 16:00:54,11953.97,11953.97,4.736996326351706
2026.03.31 17:00:54,11953.97,11953.97,4.736996326351706
2026.03.31 18:00:54,11953.97,11953.97,4.736996326351706
2026.03.31 19:00:54,11953.97,11953.97,4.736996326351706
2026.03.31 20:00:54,11953.97,11953.97,4.736996326351706
2026.03.31 22:00:56,11953.97,11953.97,4.736996326351706
2026.03.31 23:00:56,11953.97,11953.97,4.736996326351706
2026.04.01 00:00:56,11953.97,11953.97,4.736996326351706
2026.04.01 01:00:56,11953.97,11953.97,4.736996326351706
2026.04.01 02:00:56,11953.97,11953.97,4.736996326351706
2026.04.01 03:00:56,11953.97,11953.97,4.736996326351706
2026.04.01 04:00:56,11953.97,11953.97,4.736996326351706
2026.04.01 05:00:56,11953.97,11953.97,4.736996326351706
2026.04.01 06:00:56,11953.97,11953.97,4.736996326351706
2026.04.01 07:00:56,11953.97,11953.97,4.736996326351706
2026.04.01 08:00:56,11953.97,11953.97,4.736996326351706
2026.04.01 09:00:56,11953.97,11953.97,4.736996326351706
2026.04.01 10:00:56,11953.97,11953.97,4.736996326351706
2026.04.01 11:00:56,11953.97,11953.97,4.736996326351706
2026.04.01 12:00:56,11953.97,11953.97,4.736996326351706
2026.04.01 13:00:56,11953.97,11953.97,4.736996326351706
2026.04.01 14:00:56,11953.97,11953.97,4.736996326351706
2026.04.01 15:00:56,11953.97,11953.97,4.736996326351706
2026.04.01 16:00:56,11953.97,11953.97,4.736996326351706
2026.04.01 17:00:56,11953.97,11953.97,4.736996326351706
2026.04.01 18:00:56,11953.97,11953.97,4.736996326351706
2026.04.01 19:00:56,11953.97,11953.97,4.736996326351706
2026.04.01 20:00:56,11953.97,11953.97,4.736996326351706
2026.04.01 22:16:22,11953.97,11953.97,4.736996326351706
2026.04.01 23:16:22,11953.97,11953.97,4.736996326351706
2026.04.02 00:16:22,11953.97,11953.97,4.736996326351706
2026.04.02 01:16:22,11953.97,11953.97,4.736996326351706
2026.04.02 02:16:22,11953.97,11953.97,4.736996326351706
2026.04.02 03:16:22,11953.97,11953.97,4.736996326351706
2026.04.02 04:16:22,11953.97,11953.97,4.736996326351706
2026.04.02 05:16:22,11953.97,11953.97,4.736996326351706
2026.04.02 06:16:22,11953.97,11953.97,4.736996326351706
2026.04.02 07:16:22,11953.97,11953.97,4.736996326351706
2026.04.02 08:16:22,11953.97,11953.97,4.736996326351706
2026.04.02 09:16:23,11953.97,11953.97,4.736996326351706
2026.04.02 10:16:23,11953.97,11953.97,4.736996326351706
2026.04.02 11:16:23,11953.97,11953.97,4.736996326351706
2026.04.02 12:16:23,11953.97,11953.97,4.736996326351706
2026.04.02 13:16:23,11953.97,11953.97,4.736996326351706
2026.04.02 14:16:23,11953.97,11953.97,4.736996326351706
2026.04.02 15:16:23,11953.91,11951.35,4.736996326351706
2026.04.02 16:16:23,11953.91,11927.2,4.736996326351706
2026.04.02 17:16:23,11953.91,11936.29,4.736996326351706
2026.04.02 18:16:23,11953.91,11927.06,4.736996326351706
2026.04.02 19:16:23,11953.91,11943.45,4.736996326351706
2026.04.02 20:16:23,11953.91,11946.0,4.736996326351706
2026.04.05 22:01:45,11953.91,11934.08,4.736996326351706
2026.04.05 23:01:45,11953.91,11913.87,4.736996326351706
2026.04.06 00:01:45,11953.91,11885.3,4.736996326351706
2026.04.06 01:01:45,11953.91,11899.43,4.736996326351706
2026.04.06 02:01:46,11953.91,11899.69,4.736996326351706
2026.04.06 03:01:46,11953.91,11916.44,4.736996326351706
2026.04.06 04:01:46,11953.91,11913.01,4.736996326351706
2026.04.06 05:01:46,11953.91,11929.87,4.736996326351706
2026.04.06 06:01:46,11953.91,11921.67,4.736996326351706
2026.04.06 07:01:46,11953.91,11933.99,4.736996326351706
2026.04.06 08:01:46,11953.91,11955.59,4.736996326351706
2026.04.06 09:01:46,11953.91,11970.13,4.736996326351706
2026.04.06 10:01:46,11953.91,11965.81,4.736996326351706
2026.04.06 11:01:46,11953.91,11963.34,4.736996326351706
2026.04.06 12:01:46,11953.91,11953.13,4.736996326351706
2026.04.06 13:01:46,11953.91,11946.01,4.736996326351706
2026.04.06 14:01:46,11953.91,11956.04,4.736996326351706
2026.04.06 15:01:46,11953.91,11947.46,4.736996326351706
2026.04.06 16:01:46,11953.91,11941.05,4.736996326351706
2026.04.06 17:01:46,11953.91,11930.15,4.736996326351706
2026.04.06 18:01:46,11953.91,11925.17,4.736996326351706
2026.04.06 19:01:46,11953.91,11929.86,4.736996326351706
2026.04.06 20:01:46,11953.91,11925.35,4.736996326351706
2026.04.06 22:01:21,11953.91,11932.36,4.736996326351706
2026.04.06 23:01:21,11953.91,11929.64,4.736996326351706
2026.04.07 00:01:21,11953.91,11921.32,4.736996326351706
2026.04.07 01:01:21,11953.91,11908.42,4.736996326351706
2026.04.07 02:01:21,11953.91,11898.94,4.736996326351706
2026.04.07 03:01:21,11953.91,11922.54,4.736996326351706
2026.04.07 04:01:21,11953.91,11919.8,4.736996326351706
2026.04.07 05:01:22,11953.91,11930.39,4.736996326351706
2026.04.07 06:01:22,11953.91,11911.6,4.736996326351706
2026.04.07 07:01:22,11953.91,11922.83,4.736996326351706
2026.04.07 08:01:22,11953.91,11918.51,4.736996326351706
2026.04.07 09:01:23,11953.91,11955.54,4.736996326351706
2026.04.07 10:01:23,11953.91,11945.23,4.736996326351706
2026.04.07 11:01:23,11953.91,11924.07,4.736996326351706
2026.04.07 12:01:23,11953.91,11930.65,4.736996326351706
2026.04.07 13:01:23,11953.91,11921.8,4.736996326351706
2026.04.07 14:01:23,11953.91,11906.63,4.736996326351706
2026.04.07 15:01:23,11953.91,11903.59,4.736996326351706
2026.04.07 16:01:23,11953.91,11925.67,4.736996326351706
2026.04.07 17:01:23,11953.91,11928.2,4.736996326351706
2026.04.07 18:01:23,11953.91,11951.05,4.736996326351706
2026.04.07 19:01:23,11953.91,11933.74,4.736996326351706
2026.04.07 20:01:23,11953.91,11973.33,4.736996326351706
2026.04.07 22:01:11,11953.91,12011.58,4.736996326351706
2026.04.07 23:01:11,11953.8,12060.01,4.736996326351706
2026.04.08 00:01:11,11953.8,12166.7,4.736996326351706
2026.04.08 01:01:11,11953.8,12077.15,4.736996326351706
2026.04.08 02:01:11,11953.8,12085.83,4.736996326351706
2026.04.08 03:01:11,11953.8,12043.38,4.736996326351706
2026.04.08 04:01:11,11953.8,12029.63,4.736996326351706
2026.04.08 05:01:11,11953.8,12043.61,4.736996326351706
2026.04.08 06:01:11,11953.8,12132.9,4.736996326351706
2026.04.08 07:01:11,11953.8,12078.77,4.736996326351706
2026.04.08 08:01:11,11953.8,12068.37,4.736996326351706
2026.04.08 09:01:11,11953.8,12016.22,4.736996326351706
2026.04.08 10:01:11,11882.29,11980.86,4.736996326351706
2026.04.08 11:01:11,11882.29,11980.75,4.736996326351706
2026.04.08 12:01:11,11882.29,11999.28,4.736996326351706
2026.04.08 13:01:11,11882.29,12001.58,4.736996326351706
2026.04.08 14:01:11,11882.29,11983.4,4.736996326351706
2026.04.08 15:01:11,11882.29,11942.91,4.736996326351706
2026.04.08 16:01:11,11882.29,11956.28,4.736996326351706
2026.04.08 17:01:11,11882.29,11959.13,4.736996326351706
2026.04.08 18:01:11,11882.29,11934.61,4.736996326351706
2026.04.08 19:01:11,11882.29,11901.85,4.736996326351706
2026.04.08 20:01:11,11882.29,11928.84,4.736996326351706
2026.04.08 22:01:50,11882.29,11927.78,4.736996326351706
2026.04.08 23:01:52,11882.29,11913.1,4.736996326351706
2026.04.09 00:01:52,11882.29,11904.74,4.736996326351706
2026.04.09 01:01:52,11882.29,11908.2,4.736996326351706
2026.04.09 02:01:52,11882.29,11921.0,4.736996326351706
2026.04.09 03:01:52,11882.29,11913.89,4.736996326351706
2026.04.09 04:01:52,11882.29,11907.82,4.736996326351706
2026.04.09 05:01:52,11882.29,11918.12,4.736996326351706
2026.04.09 06:01:52,11882.29,11914.55,4.736996326351706
2026.04.09 07:01:52,11882.29,11912.42,4.736996326351706
2026.04.09 08:01:52,11882.29,11920.72,4.736996326351706
2026.04.09 09:01:52,11882.29,11922.15,4.736996326351706
2026.04.09 10:01:52,11882.29,11928.31,4.736996326351706
2026.04.09 11:01:52,11882.29,11939.7,4.736996326351706
2026.04.09 12:01:52,11882.29,11953.28,4.736996326351706
2026.04.09 13:01:52,11882.29,11938.67,4.736996326351706
2026.04.09 14:01:52,11882.29,11962.3,4.736996326351706
2026.04.09 15:01:52,11882.29,11964.37,4.736996326351706
2026.04.09 16:01:52,11882.29,11994.05,4.736996326351706
2026.04.09 17:01:52,11882.29,11987.44,4.736996326351706
2026.04.09 18:01:52,11882.29,11991.63,4.736996326351706
2026.04.09 19:01:52,11882.29,11969.51,4.736996326351706
2026.04.09 20:01:52,11882.29,11966.62,4.736996326351706
2026.04.09 22:01:15,11882.29,11976.12,4.736996326351706
2026.04.09 23:01:15,11882.29,11957.9,4.736996326351706
2026.04.10 00:01:15,11882.29,11952.08,4.736996326351706
2026.04.10 01:01:15,11882.29,11961.26,4.736996326351706
2026.04.10 02:01:15,11882.29,11957.53,4.736996326351706
2026.04.10 03:01:15,11882.29,11952.06,4.736996326351706
2026.04.10 04:01:15,11882.29,11964.08,4.736996326351706
2026.04.10 05:01:15,11882.29,11954.2,4.736996326351706
2026.04.10 06:01:16,11882.29,11958.43,4.736996326351706
2026.04.10 07:01:16,11882.29,11941.22,4.736996326351706
2026.04.10 08:01:16,11882.29,11948.73,4.736996326351706
2026.04.10 09:01:16,11882.29,11937.61,4.736996326351706
2026.04.10 10:01:16,11882.29,11949.46,4.736996326351706
2026.04.10 11:01:16,11882.29,11953.48,4.736996326351706
2026.04.10 12:01:16,11882.29,11964.35,4.736996326351706
2026.04.10 13:01:16,11882.29,11965.7,4.736996326351706
2026.04.10 14:01:16,11882.29,11970.89,4.736996326351706
2026.04.10 15:01:16,11882.29,11972.27,4.736996326351706
2026.04.10 16:01:16,11882.29,11955.94,4.736996326351706
2026.04.10 17:01:16,11882.29,11958.88,4.736996326351706
2026.04.10 18:01:16,11882.29,11955.05,4.736996326351706
2026.04.10 19:01:16,11882.29,11962.4,4.736996326351706
2026.04.10 20:01:16,11882.29,11954.48,4.736996326351706
2026.04.12 22:06:02,11882.29,11866.16,4.736996326351706
2026.04.12 23:06:03,11882.29,11852.72,4.736996326351706
2026.04.13 00:06:03,11882.29,11866.57,4.736996326351706
2026.04.13 01:06:03,11882.29,11896.6,4.736996326351706
2026.04.13 02:06:03,11882.29,11915.94,4.736996326351706
2026.04.13 03:06:04,11882.29,11910.72,4.736996326351706
2026.04.13 04:06:04,11882.29,11910.25,4.736996326351706
2026.04.13 05:06:04,11882.29,11916.23,4.736996326351706
2026.04.13 06:06:04,11882.29,11920.85,4.736996326351706
2026.04.13 07:06:04,11882.29,11931.85,4.736996326351706
2026.04.13 08:06:04,11882.29,11930.01,4.736996326351706
2026.04.13 09:06:04,11882.29,11921.8,4.736996326351706
2026.04.13 10:06:04,11882.29,11910.83,4.736996326351706
2026.04.13 11:06:04,11882.29,11922.71,4.736996326351706
2026.04.13 12:06:04,11882.29,11907.94,4.736996326351706
2026.04.13 13:06:04,11882.29,11924.53,4.736996326351706
2026.04.13 14:06:04,11882.29,11918.48,4.736996326351706
2026.04.13 15:06:04,11882.29,11900.25,4.736996326351706
2026.04.13 16:06:04,11882.29,11907.63,4.736996326351706
2026.04.13 17:06:04,11882.29,11930.92,4.736996326351706
2026.04.13 18:06:05,11882.29,11927.58,4.736996326351706
2026.04.13 19:06:07,11882.29,11931.45,4.736996326351706
2026.04.13 20:06:07,11882.29,11939.09,4.736996326351706
2026.04.13 22:01:59,11882.29,11946.6,4.736996326351706
2026.04.13 23:01:59,11882.29,11957.23,4.736996326351706
2026.04.14 00:01:59,11882.29,11948.93,4.736996326351706
2026.04.14 01:01:59,11882.29,11960.42,4.736996326351706
2026.04.14 02:01:59,11882.29,11958.63,4.736996326351706
2026.04.14 03:01:59,11882.29,11967.56,4.736996326351706
2026.04.14 04:01:59,11882.29,11964.54,4.736996326351706
2026.04.14 05:01:59,11882.29,11968.15,4.736996326351706
2026.04.14 06:01:59,11882.29,11959.03,4.736996326351706
2026.04.14 07:01:59,11882.29,11980.93,4.736996326351706
2026.04.14 08:01:59,11882.29,11971.08,4.736996326351706
2026.04.14 09:01:59,11882.29,11982.41,4.736996326351706
2026.04.14 10:01:59,11882.29,11976.83,4.736996326351706
2026.04.14 11:01:59,11882.29,11965.54,4.736996326351706
2026.04.14 12:01:59,11882.29,11970.98,4.736996326351706
2026.04.14 13:01:59,11882.29,11970.11,4.736996326351706
2026.04.14 14:01:59,11882.29,11997.63,4.736996326351706
2026.04.14 15:01:59,11882.29,11998.27,4.736996326351706
2026.04.14 16:01:59,11882.29,12003.04,4.736996326351706
2026.04.14 17:01:59,11882.29,12008.13,4.736996326351706
2026.04.14 18:01:59,11882.29,12031.38,4.736996326351706
2026.04.14 19:01:59,11882.29,12034.86,4.736996326351706
2026.04.14 20:01:59,11882.29,12040.45,4.736996326351706
2026.04.14 22:01:05,11882.29,12035.14,4.736996326351706
2026.04.14 23:01:05,11882.29,12029.82,4.736996326351706
2026.04.15 00:01:05,11882.29,12028.98,4.736996326351706
2026.04.15 01:01:05,11882.29,12030.84,4.736996326351706
2026.04.15 02:01:05,11882.29,12041.63,4.736996326351706
2026.04.15 03:01:05,11882.29,12018.01,4.736996326351706
2026.04.15 04:01:06,11882.29,12016.67,4.736996326351706
2026.04.15 05:01:06,11882.29,12021.47,4.736996326351706
2026.04.15 06:01:06,11882.29,12017.31,4.736996326351706
2026.04.15 07:01:06,11882.29,12006.34,4.736996326351706
2026.04.15 08:01:06,11882.29,12003.52,4.736996326351706
2026.04.15 09:01:06,11882.29,12012.61,4.736996326351706
2026.04.15 10:01:06,11882.29,11992.56,4.736996326351706
2026.04.15 11:01:06,11882.29,11994.08,4.736996326351706
2026.04.15 12:01:06,11882.29,12008.51,4.736996326351706
2026.04.15 13:01:06,11882.29,12007.64,4.736996326351706
2026.04.15 14:01:06,11882.29,12021.89,4.736996326351706
2026.04.15 15:01:06,11882.29,12009.08,4.736996326351706
2026.04.15 16:01:06,11882.29,11997.83,4.736996326351706
2026.04.15 17:01:06,11882.29,11999.0,4.736996326351706
2026.04.15 18:01:06,11882.29,11986.81,4.736996326351706
2026.04.15 19:01:06,11882.29,11995.2,4.736996326351706
2026.04.15 20:01:07,11882.29,11989.83,4.736996326351706
2026.04.15 22:02:08,11882.29,11992.03,4.736996326351706
2026.04.15 23:02:08,11882.29,12004.53,4.736996326351706
2026.04.16 00:02:09,11882.29,12023.75,4.736996326351706
2026.04.16 01:02:09,11882.29,12025.29,4.736996326351706
2026.04.16 02:02:09,11882.29,12014.13,4.736996326351706
2026.04.16 03:02:09,11882.29,12015.6,4.736996326351706
2026.04.16 04:02:09,11882.29,12017.26,4.736996326351706
2026.04.16 05:02:09,11882.29,12027.53,4.736996326351706
2026.04.16 06:02:09,11882.29,12018.35,4.736996326351706
2026.04.16 07:02:09,11882.29,12018.95,4.736996326351706
2026.04.16 08:02:09,11882.29,12010.73,4.736996326351706
2026.04.16 09:02:09,11882.29,12006.21,4.736996326351706
2026.04.16 10:02:09,11882.29,12004.77,4.736996326351706
2026.04.16 11:02:09,11882.29,12010.07,4.736996326351706
2026.04.16 12:02:10,11882.29,12015.36,4.736996326351706
2026.04.16 13:02:10,11882.29,12013.73,4.736996326351706
2026.04.16 14:02:10,11882.29,11989.89,4.736996326351706
2026.04.16 15:02:10,11882.29,11986.82,4.736996326351706
2026.04.16 16:02:10,11882.29,11999.37,4.736996326351706
2026.04.16 17:02:10,11882.29,11984.24,4.736996326351706
2026.04.16 18:02:10,11882.29,11984.46,4.736996326351706
2026.04.16 19:02:10,11882.29,11987.44,4.736996326351706
2026.04.16 20:02:10,11882.29,11985.94,4.736996326351706
2026.04.16 22:00:54,11882.29,11987.71,4.736996326351706
2026.04.16 23:00:55,11882.29,11987.71,4.736996326351706
2026.04.17 00:00:55,11882.29,11981.38,4.736996326351706
2026.04.17 01:00:55,11882.29,11986.42,4.736996326351706
2026.04.17 02:00:55,11882.29,11983.47,4.736996326351706
2026.04.17 03:00:55,11882.29,11978.46,4.736996326351706
2026.04.17 04:00:57,11882.29,11985.85,4.736996326351706
2026.04.17 05:00:57,11882.29,11996.74,4.736996326351706
2026.04.17 06:00:57,11882.29,11985.22,4.736996326351706
2026.04.17 07:00:58,11882.29,11978.08,4.736996326351706
2026.04.17 08:00:58,11882.29,11979.88,4.736996326351706
2026.04.17 09:00:58,11882.29,11989.23,4.736996326351706
2026.04.17 10:00:58,11882.29,11982.4,4.736996326351706
2026.04.17 11:00:58,11882.29,11977.73,4.736996326351706
2026.04.17 12:00:59,11882.29,11993.59,4.736996326351706
2026.04.17 13:00:59,11881.95,11998.9,4.736996326351706
2026.04.17 14:00:59,11929.85,12232.45,4.736996326351706
2026.04.17 15:00:59,11929.85,12179.02,4.736996326351706
2026.04.17 16:00:59,11929.85,12158.17,4.736996326351706
2026.04.17 17:00:59,11929.85,12167.87,4.736996326351706
2026.04.17 18:00:59,11929.85,12150.58,4.736996326351706
2026.04.17 19:00:59,11929.85,12129.31,4.736996326351706
2026.04.17 20:00:59,11929.85,12114.86,4.736996326351706
2026.04.19 22:01:34,11929.18,12013.6,4.736996326351706
2026.04.19 23:01:34,11929.18,12013.74,4.736996326351706
2026.04.20 00:01:34,11929.18,11985.61,4.736996326351706
2026.04.20 01:01:34,11929.18,12016.38,4.736996326351706
2026.04.20 02:01:34,11929.18,12046.75,4.736996326351706
2026.04.20 03:01:34,11929.18,12033.77,4.736996326351706
2026.04.20 04:01:34,11929.18,12031.07,4.736996326351706
2026.04.20 05:01:34,11929.18,12030.47,4.736996326351706
2026.04.20 06:01:34,11929.18,12026.42,4.736996326351706
2026.04.20 07:01:34,11929.18,12035.39,4.736996326351706
2026.04.20 08:01:34,11929.18,12029.62,4.736996326351706
2026.04.20 09:01:34,11929.18,12035.82,4.736996326351706
2026.04.20 10:01:34,11929.18,12030.39,4.736996326351706
2026.04.20 11:01:34,11929.18,12031.73,4.736996326351706
2026.04.20 12:01:34,11929.18,12047.83,4.736996326351706
2026.04.20 13:01:34,11929.18,12041.76,4.736996326351706
2026.04.20 14:01:34,11929.18,12052.17,4.736996326351706
2026.04.20 15:01:34,11929.18,12042.9,4.736996326351706
2026.04.20 16:01:34,11929.18,12037.1,4.736996326351706
2026.04.20 17:01:34,11929.18,12044.55,4.736996326351706
2026.04.20 18:01:34,11929.18,12048.87,4.736996326351706
2026.04.20 19:01:34,11929.18,12057.59,4.736996326351706
2026.04.20 20:01:35,11929.18,12055.52,4.736996326351706
2026.04.20 22:00:30,11929.18,12066.57,4.736996326351706
2026.04.20 23:00:30,11929.18,12069.27,4.736996326351706
2026.04.21 00:00:30,11929.18,12060.89,4.736996326351706
2026.04.21 01:00:30,11929.18,12061.34,4.736996326351706
2026.04.21 02:00:30,11929.18,12047.6,4.736996326351706
2026.04.21 03:00:30,11929.18,12045.36,4.736996326351706
2026.04.21 04:00:30,11929.18,12035.59,4.736996326351706
2026.04.21 05:00:30,11929.18,12026.52,4.736996326351706
2026.04.21 06:00:30,11929.18,12019.92,4.736996326351706
2026.04.21 07:00:31,11929.18,12016.1,4.736996326351706
2026.04.21 08:00:31,11929.18,12024.82,4.736996326351706
2026.04.21 09:00:31,11929.18,12024.71,4.736996326351706
2026.04.21 10:00:32,11929.18,12022.97,4.736996326351706
2026.04.21 11:00:32,11929.18,12027.61,4.736996326351706
2026.04.21 12:00:32,11929.18,12034.55,4.736996326351706
2026.04.21 13:00:32,11929.18,12018.42,4.736996326351706
2026.04.21 14:00:32,11929.18,12014.38,4.736996326351706
2026.04.21 15:00:32,11929.18,11975.11,4.736996326351706
2026.04.21 16:00:32,11929.18,11983.48,4.736996326351706
2026.04.21 17:00:32,11929.18,11951.21,4.736996326351706
2026.04.21 18:00:32,11929.18,11951.11,4.736996326351706
2026.04.21 19:00:32,11929.18,11950.03,4.736996326351706
2026.04.21 20:00:32,11929.18,11916.93,4.736996326351706
2026.04.21 22:00:50,11929.18,11958.47,4.736996326351706
2026.04.21 23:00:50,11929.18,11958.54,4.736996326351706
2026.04.22 00:00:50,11929.18,11980.37,4.736996326351706
2026.04.22 01:00:50,11929.18,11979.73,4.736996326351706
2026.04.22 02:00:51,11929.18,11990.62,4.736996326351706
2026.04.22 03:00:51,11929.18,11992.47,4.736996326351706
2026.04.22 04:00:51,11929.18,11996.12,4.736996326351706
2026.04.22 05:00:51,11929.18,11991.92,4.736996326351706
2026.04.22 06:00:51,11929.18,12001.34,4.736996326351706
2026.04.22 07:00:51,11929.18,12007.85,4.736996326351706
2026.04.22 08:00:51,11929.18,11999.29,4.736996326351706
2026.04.22 09:00:51,11929.18,11996.78,4.736996326351706
2026.04.22 10:00:51,11929.18,11993.44,4.736996326351706
2026.04.22 11:00:51,11929.18,11997.48,4.736996326351706
2026.04.22 12:00:51,11929.18,11990.39,4.736996326351706
2026.04.22 13:00:51,11929.18,11981.4,4.736996326351706
2026.04.22 14:00:51,11929.18,11992.42,4.736996326351706
2026.04.22 15:00:51,11929.18,11975.41,4.736996326351706
2026.04.22 16:00:51,11929.18,11967.25,4.736996326351706
2026.04.22 17:00:52,11929.18,11967.23,4.736996326351706
2026.04.22 18:00:53,11929.18,11974.1,4.736996326351706
2026.04.22 19:00:53,11929.18,11979.11,4.736996326351706
2026.04.22 20:00:53,11929.18,11976.39,4.736996326351706
2026.04.22 22:00:56,11929.18,11982.84,4.736996326351706
2026.04.22 23:00:57,11929.18,11963.8,4.736996326351706
2026.04.23 00:00:57,11929.18,11960.78,4.736996326351706
2026.04.23 01:00:57,11929.18,11980.84,4.736996326351706
2026.04.23 02:00:57,11929.18,11958.93,4.736996326351706
2026.04.23 03:00:57,11929.18,11937.74,4.736996326351706
2026.04.23 04:00:57,11929.18,11940.09,4.736996326351706
2026.04.23 05:00:57,11929.18,11943.25,4.736996326351706
2026.04.23 06:00:57,11929.18,11952.49,4.736996326351706
2026.04.23 07:00:57,11929.18,11947.69,4.736996326351706
2026.04.23 08:00:57,11929.18,11960.97,4.736996326351706
2026.04.23 09:00:57,11929.18,11938.66,4.736996326351706
2026.04.23 10:00:57,11929.18,11935.05,4.736996326351706
2026.04.23 11:00:57,11929.18,11934.27,4.736996326351706
2026.04.23 12:00:57,11929.18,11961.34,4.736996326351706
2026.04.23 13:00:57,11929.18,11971.41,4.736996326351706
2026.04.23 14:00:57,11929.18,11955.44,4.736996326351706
2026.04.23 15:00:57,11929.18,11969.66,4.736996326351706
2026.04.23 16:00:57,11929.18,11955.61,4.736996326351706
2026.04.23 17:00:57,11929.18,11970.27,4.736996326351706
2026.04.23 18:00:57,11929.18,11947.62,4.736996326351706
2026.04.23 19:00:57,11929.18,11938.01,4.736996326351706
2026.04.23 20:00:57,11929.18,11930.59,4.736996326351706
2026.04.23 22:01:00,11929.18,11936.13,4.736996326351706
2026.04.23 23:01:00,11929.18,11931.63,4.736996326351706
2026.04.24 00:01:00,11929.18,11934.67,4.736996326351706
2026.04.24 01:01:00,11929.18,11940.1,4.736996326351706
2026.04.24 02:01:00,11929.18,11934.42,4.736996326351706
2026.04.24 03:01:00,11929.18,11911.84,4.736996326351706
2026.04.24 04:01:00,11929.18,11906.03,4.736996326351706
2026.04.24 05:01:00,11929.18,11911.6,4.736996326351706
2026.04.24 06:01:00,11929.18,11920.37,4.736996326351706
2026.04.24 07:01:01,11929.18,11908.58,4.736996326351706
2026.04.24 08:01:01,11929.18,11926.62,4.736996326351706
2026.04.24 09:01:01,11929.18,11928.22,4.736996326351706
2026.04.24 10:01:01,11929.18,11919.54,4.736996326351706
2026.04.24 11:01:01,11929.18,11916.99,4.736996326351706
2026.04.24 12:01:01,11929.18,11944.09,4.736996326351706
2026.04.24 13:01:01,11929.18,11936.47,4.736996326351706
2026.04.24 14:01:01,11929.18,11946.55,4.736996326351706
2026.04.24 15:01:01,11929.18,11960.38,4.736996326351706
2026.04.24 16:01:01,11929.18,11964.57,4.736996326351706
2026.04.24 17:01:01,11929.18,11963.34,4.736996326351706
2026.04.24 18:01:01,11929.18,11958.91,4.736996326351706
2026.04.24 19:01:01,11929.18,11957.82,4.736996326351706
2026.04.24 20:01:01,11929.18,11952.18,4.736996326351706
2026.04.26 22:02:03,11929.18,11931.43,4.736996326351706
2026.04.26 23:02:03,11929.18,11916.91,4.736996326351706
2026.04.27 00:02:03,11929.18,11912.58,4.736996326351706
2026.04.27 01:02:03,11929.18,11939.07,4.736996326351706
2026.04.27 02:02:03,11929.18,11941.85,4.736996326351706
2026.04.27 03:02:03,11929.18,11956.14,4.736996326351706
2026.04.27 04:02:03,11929.18,11961.42,4.736996326351706
2026.04.27 05:02:03,11929.18,11958.34,4.736996326351706
2026.04.27 06:02:03,11929.18,11947.31,4.736996326351706
2026.04.27 07:02:03,11929.18,11948.21,4.736996326351706
2026.04.27 08:02:03,11929.18,11946.43,4.736996326351706
2026.04.27 09:02:03,11929.18,11941.81,4.736996326351706
2026.04.27 10:02:03,11929.18,11938.97,4.736996326351706
2026.04.27 11:02:03,11929.18,11942.62,4.736996326351706
2026.04.27 12:02:03,11929.18,11938.69,4.736996326351706
2026.04.27 13:02:03,11929.18,11930.42,4.736996326351706
2026.04.27 14:02:03,11929.18,11928.54,4.736996326351706
2026.04.27 15:02:03,11929.18,11911.82,4.736996326351706
2026.04.27 16:02:03,11929.18,11904.89,4.736996326351706
2026.04.27 17:02:03,11929.18,11911.84,4.736996326351706
2026.04.27 18:02:03,11929.18,11916.28,4.736996326351706
2026.04.27 19:02:03,11929.18,11915.28,4.736996326351706
2026.04.27 20:02:03,11929.18,11915.96,4.736996326351706
2026.04.27 22:01:03,11929.18,11919.58,4.736996326351706
2026.04.27 23:01:04,11929.18,11923.19,4.736996326351706
2026.04.28 00:01:04,11929.18,11928.48,4.736996326351706
2026.04.28 01:01:04,11929.18,11922.88,4.736996326351706
2026.04.28 02:01:04,11929.18,11902.75,4.736996326351706
2026.04.28 03:01:04,11929.18,11905.01,4.736996326351706
2026.04.28 04:01:04,11929.18,11902.9,4.736996326351706
2026.04.28 05:01:04,11929.18,11900.25,4.736996326351706
2026.04.28 06:01:04,11929.18,11865.33,4.736996326351706
2026.04.28 07:01:04,11929.18,11868.17,4.736996326351706
2026.04.28 08:01:04,11929.18,11861.06,4.736996326351706
2026.04.28 09:01:04,11929.18,11861.83,4.736996326351706
2026.04.28 10:01:04,11929.18,11844.42,4.736996326351706
2026.04.28 11:01:04,11929.18,11839.78,4.736996326351706
2026.04.28 12:01:04,11929.18,11791.09,4.827646887408448
2026.04.28 13:01:04,11929.18,11822.57,4.832893803230963
2026.04.28 14:01:04,11929.18,11811.34,4.832893803230963
2026.04.28 15:01:04,11929.18,11816.37,4.832893803230963
2026.04.28 16:01:04,11929.18,11818.6,4.832893803230963
2026.04.28 17:01:04,11929.18,11828.33,4.832893803230963
2026.04.28 18:01:04,11929.18,11832.11,4.832893803230963
2026.04.28 19:01:04,11929.18,11830.2,4.832893803230963
2026.04.28 20:01:05,11929.18,11831.24,4.832893803230963
2026.04.28 22:01:06,11929.18,11833.21,4.832893803230963
2026.04.28 23:01:06,11929.18,11827.39,4.832893803230963
2026.04.29 00:01:06,11929.18,11835.4,4.832893803230963
2026.04.29 01:01:06,11929.18,11827.38,4.832893803230963
2026.04.29 02:01:06,11929.18,11826.41,4.832893803230963
2026.04.29 03:01:06,11929.18,11828.28,4.832893803230963
2026.04.29 04:01:06,11929.18,11831.5,4.832893803230963
2026.04.29 05:01:06,11929.18,11837.82,4.832893803230963
2026.04.29 06:01:06,11929.18,11831.17,4.832893803230963
2026.04.29 07:01:06,11929.18,11819.19,4.832893803230963
2026.04.29 08:01:06,11929.18,11806.84,4.832893803230963
2026.04.29 09:01:06,11929.18,11805.86,4.832893803230963
2026.04.29 10:01:06,11929.18,11791.28,4.862841584310269
2026.04.29 11:01:06,11929.18,11803.1,4.862841584310269
2026.04.29 12:01:06,11929.18,11797.18,4.862841584310269
2026.04.29 13:01:06,11783.15,11783.15,4.8843135782916525
2026.04.29 14:01:06,11783.15,11783.15,4.8843135782916525
2026.04.29 15:01:06,11783.15,11783.15,4.8843135782916525
2026.04.29 16:01:06,11783.15,11783.15,4.8843135782916525
2026.04.29 17:01:06,11783.15,11783.15,4.8843135782916525
2026.04.29 18:01:06,11783.15,11783.15,4.8843135782916525
2026.04.29 19:01:06,11783.15,11783.15,4.8843135782916525
2026.04.29 20:01:06,11783.15,11783.15,4.8843135782916525
2026.04.29 22:01:04,11783.15,11783.15,4.8843135782916525
2026.04.29 23:01:05,11783.15,11783.15,4.8843135782916525
2026.04.30 00:01:05,11783.15,11783.15,4.8843135782916525
2026.04.30 01:01:05,11783.15,11783.15,4.8843135782916525
2026.04.30 02:01:05,11783.15,11783.15,4.8843135782916525
2026.04.30 03:01:05,11783.15,11783.15,4.8843135782916525
2026.04.30 04:01:05,11783.15,11783.15,4.8843135782916525
2026.04.30 05:01:05,11783.15,11783.15,4.8843135782916525
2026.04.30 06:01:05,11783.15,11783.15,4.8843135782916525
2026.04.30 07:01:05,11783.15,11783.15,4.8843135782916525
2026.04.30 08:01:05,11783.15,11783.15,4.8843135782916525
2026.04.30 09:01:06,11783.15,11783.15,4.8843135782916525
2026.04.30 10:01:06,11783.15,11783.15,4.8843135782916525
2026.04.30 11:01:06,11783.04,11781.86,4.905785572273035
2026.04.30 12:01:07,11783.04,11767.55,5.094835985447476
2026.04.30 13:01:07,11783.04,11781.21,5.13011140413117
2026.04.30 14:01:07,11740.93,11740.93,5.2251209414097035
2026.04.30 15:01:07,11740.93,11740.93,5.2251209414097035
2026.04.30 16:01:07,11740.93,11740.93,5.2251209414097035
2026.04.30 17:01:07,11740.93,11740.93,5.2251209414097035
2026.04.30 18:01:07,11740.93,11740.93,5.2251209414097035
2026.04.30 19:01:07,11740.93,11740.93,5.2251209414097035
2026.04.30 20:01:07,11740.93,11740.93,5.2251209414097035
2026.04.30 22:01:02,11740.93,11740.93,5.2251209414097035
2026.04.30 23:01:03,11740.93,11740.93,5.2251209414097035
2026.05.01 00:01:03,11740.93,11740.93,5.2251209414097035
2026.05.01 01:01:03,11740.93,11740.93,5.2251209414097035
2026.05.01 02:01:03,11740.93,11740.93,5.2251209414097035
2026.05.01 03:01:03,11740.93,11740.93,5.2251209414097035
2026.05.01 04:01:03,11740.93,11740.93,5.2251209414097035
2026.05.01 05:01:03,11740.93,11740.93,5.2251209414097035
2026.05.01 06:01:03,11740.93,11740.93,5.2251209414097035
2026.05.01 07:01:03,11740.93,11740.93,5.2251209414097035
2026.05.01 08:01:03,11740.93,11740.93,5.2251209414097035
2026.05.01 09:01:04,11740.93,11740.93,5.2251209414097035
2026.05.01 10:01:04,11740.93,11740.93,5.2251209414097035
2026.05.01 11:01:04,11740.93,11740.93,5.2251209414097035
2026.05.01 12:01:04,11740.93,11740.93,5.2251209414097035
2026.05.01 13:01:04,11740.93,11740.93,5.2251209414097035
2026.05.01 14:01:04,11740.93,11740.93,5.2251209414097035
2026.05.01 15:01:04,11740.93,11740.93,5.2251209414097035
2026.05.01 16:01:04,11740.93,11740.93,5.2251209414097035
2026.05.01 17:01:04,11740.93,11740.93,5.2251209414097035
2026.05.01 18:01:04,11740.93,11740.93,5.2251209414097035
2026.05.01 19:01:04,11740.93,11740.93,5.2251209414097035
2026.05.01 20:01:04,11740.93,11740.93,5.2251209414097035
2026.05.03 22:03:11,11740.93,11740.93,5.2251209414097035
2026.05.03 23:03:11,11740.93,11740.93,5.2251209414097035
2026.05.04 00:03:11,11740.93,11740.93,5.2251209414097035
2026.05.04 01:03:11,11740.93,11740.93,5.2251209414097035
2026.05.04 02:03:11,11740.93,11740.93,5.2251209414097035
2026.05.04 03:03:11,11740.93,11740.93,5.2251209414097035
2026.05.04 04:03:11,11740.93,11740.93,5.2251209414097035
2026.05.04 05:03:11,11740.93,11740.93,5.2251209414097035
2026.05.04 06:03:12,11740.93,11740.93,5.2251209414097035
2026.05.04 07:03:12,11740.93,11740.93,5.2251209414097035
2026.05.04 08:03:12,11740.93,11740.93,5.2251209414097035
2026.05.04 09:03:12,11740.93,11740.93,5.2251209414097035
2026.05.04 10:03:12,11740.93,11740.93,5.2251209414097035
2026.05.04 11:03:12,11740.93,11740.93,5.2251209414097035
2026.05.04 12:03:12,11740.93,11740.93,5.2251209414097035
2026.05.04 13:03:12,11740.93,11740.93,5.2251209414097035
2026.05.04 14:03:12,11740.93,11740.93,5.2251209414097035
2026.05.04 15:03:12,11740.93,11740.93,5.2251209414097035
2026.05.04 16:03:12,11740.93,11740.93,5.2251209414097035
2026.05.04 17:03:12,11740.93,11740.93,5.2251209414097035
2026.05.04 18:03:12,11740.93,11740.93,5.2251209414097035
2026.05.04 19:03:12,11740.93,11740.93,5.2251209414097035
2026.05.04 20:03:12,11740.93,11740.93,5.2251209414097035
2026.05.04 22:01:16,11740.93,11740.93,5.2251209414097035
2026.05.04 23:01:17,11740.93,11740.93,5.2251209414097035
2026.05.05 00:01:18,11740.93,11740.93,5.2251209414097035
2026.05.05 01:01:18,11740.93,11740.93,5.2251209414097035
2026.05.05 02:01:18,11740.93,11740.93,5.2251209414097035
2026.05.05 03:01:18,11740.93,11740.93,5.2251209414097035
2026.05.05 04:01:19,11740.93,11740.93,5.2251209414097035
2026.05.05 05:01:19,11740.93,11740.93,5.2251209414097035
2026.05.05 06:01:19,11740.93,11740.93,5.2251209414097035
2026.05.05 07:01:19,11740.93,11740.93,5.2251209414097035
2026.05.05 08:01:19,11740.93,11740.93,5.2251209414097035
2026.05.05 09:01:19,11740.93,11740.93,5.2251209414097035
2026.05.05 10:01:19,11740.93,11740.93,5.2251209414097035
2026.05.05 11:01:19,11740.93,11740.93,5.2251209414097035
2026.05.05 12:01:20,11740.93,11740.93,5.2251209414097035
2026.05.05 13:01:20,11740.93,11740.93,5.2251209414097035
2026.05.05 14:01:20,11740.93,11740.93,5.2251209414097035
2026.05.05 15:01:20,11740.93,11740.93,5.2251209414097035
2026.05.05 16:01:20,11740.93,11740.93,5.2251209414097035
2026.05.05 17:01:20,11740.93,11740.93,5.2251209414097035
2026.05.05 18:01:20,11740.93,11740.93,5.2251209414097035
2026.05.05 19:01:20,11740.93,11740.93,5.2251209414097035
2026.05.05 20:01:20,11740.93,11740.93,5.2251209414097035
2026.05.05 22:01:35,11740.93,11740.93,5.2251209414097035
2026.05.05 23:01:35,11740.93,11740.93,5.2251209414097035
2026.05.06 00:01:35,11740.93,11740.93,5.2251209414097035
2026.05.06 01:01:35,11740.93,11740.93,5.2251209414097035
2026.05.06 02:01:35,11740.93,11740.93,5.2251209414097035
2026.05.06 03:01:35,11740.93,11740.93,5.2251209414097035
2026.05.06 04:01:35,11740.93,11740.93,5.2251209414097035
2026.05.06 05:01:35,11740.93,11740.93,5.2251209414097035
2026.05.06 06:01:35,11740.93,11740.93,5.2251209414097035
2026.05.06 07:01:35,11740.93,11740.93,5.2251209414097035
2026.05.06 08:01:35,11740.93,11740.93,5.2251209414097035
2026.05.06 09:01:35,11740.93,11740.93,5.2251209414097035
2026.05.06 10:01:35,11740.93,11740.93,5.2251209414097035
2026.05.06 11:01:35,11740.93,11740.93,5.2251209414097035
2026.05.06 12:01:35,11740.93,11740.93,5.2251209414097035
2026.05.06 13:01:35,11740.93,11740.93,5.2251209414097035
2026.05.06 14:01:35,11740.93,11740.93,5.2251209414097035
2026.05.06 15:01:35,11740.93,11740.93,5.2251209414097035
2026.05.06 16:01:35,11740.93,11740.93,5.2251209414097035
2026.05.06 17:01:35,11740.93,11740.93,5.2251209414097035
2026.05.06 18:01:35,11740.93,11740.93,5.2251209414097035
2026.05.06 19:01:36,11740.93,11740.93,5.2251209414097035
2026.05.06 20:01:37,11740.93,11740.93,5.2251209414097035
2026.05.06 22:01:35,11740.93,11740.93,5.2251209414097035
2026.05.06 23:01:35,11740.93,11740.93,5.2251209414097035
2026.05.07 00:01:35,11740.93,11740.93,5.2251209414097035
2026.05.07 01:01:35,11740.93,11740.93,5.2251209414097035
2026.05.07 02:01:36,11740.93,11740.93,5.2251209414097035
2026.05.07 03:01:36,11740.93,11740.93,5.2251209414097035
2026.05.07 04:01:36,11740.93,11740.93,5.2251209414097035
2026.05.07 05:01:36,11740.93,11740.93,5.2251209414097035
2026.05.07 06:01:36,11740.93,11740.93,5.2251209414097035
2026.05.07 07:01:36,11740.82,11740.16,5.244494169062077
2026.05.07 08:01:36,11740.82,11759.53,5.353468574606694
2026.05.07 09:01:36,11740.82,11715.1,5.439517994096
2026.05.07 10:01:36,11740.82,11720.52,5.513459146302583
2026.05.07 11:01:36,11740.82,11734.46,5.513459146302583
2026.05.07 12:01:36,11740.82,11747.23,5.513459146302583
2026.05.07 13:01:36,11740.82,11742.99,5.513459146302583
2026.05.07 14:01:36,11740.82,11752.72,5.513459146302583
2026.05.07 15:01:36,11740.82,11785.5,5.513459146302583
2026.05.07 16:01:36,11740.82,11711.87,5.513459146302583
2026.05.07 17:01:36,11700.75,11700.75,5.549461061023242
2026.05.07 18:01:36,11700.75,11700.75,5.549461061023242
2026.05.07 19:01:36,11700.75,11700.75,5.549461061023242
2026.05.07 20:01:36,11700.75,11700.75,5.549461061023242
2026.05.07 22:01:02,11700.75,11700.75,5.549461061023242
2026.05.07 23:01:02,11700.75,11700.75,5.549461061023242
2026.05.08 00:01:02,11700.75,11700.75,5.549461061023242
2026.05.08 01:01:02,11700.75,11700.75,5.549461061023242
2026.05.08 02:01:03,11700.69,11701.08,5.557613960993619
2026.05.08 03:01:03,11700.69,11691.91,5.677001476401381
2026.05.08 04:01:03,11700.69,11699.06,5.677001476401381
2026.05.08 05:01:03,11700.69,11690.38,5.677001476401381
2026.05.08 06:01:03,11700.69,11695.54,5.677001476401381
2026.05.08 07:01:03,11700.69,11701.73,5.677001476401381
2026.05.08 08:01:03,11700.69,11686.08,5.757723258286283
2026.05.08 09:01:03,11700.69,11692.0,5.757723258286283
2026.05.08 10:01:03,11700.69,11690.78,5.757723258286283
2026.05.08 11:01:03,11700.69,11699.04,5.757723258286283
2026.05.08 12:01:03,11700.69,11695.78,5.757723258286283
2026.05.08 13:01:03,11700.69,11702.5,5.757723258286283
2026.05.08 14:01:03,11700.69,11721.37,5.757723258286283
2026.05.08 15:01:03,11700.69,11695.09,5.757723258286283
2026.05.08 16:01:03,11700.69,11687.6,5.757723258286283
2026.05.08 17:01:03,11700.69,11691.44,5.757723258286283
2026.05.08 18:01:03,11700.69,11702.53,5.757723258286283
2026.05.08 19:01:03,11700.69,11701.3,5.757723258286283
2026.05.08 20:01:03,11700.69,11700.28,5.757723258286283
2026.05.10 22:02:44,11700.69,11669.27,5.8035732303969105
2026.05.10 23:02:44,11700.69,11670.3,5.9075428854646725
2026.05.11 00:02:44,11700.69,11663.63,5.9075428854646725
2026.05.11 01:02:44,11700.69,11655.2,5.980111767379198
2026.05.11 02:02:44,11700.69,11668.65,5.980111767379198
2026.05.11 03:02:44,11700.69,11658.1,5.980111767379198
2026.05.11 04:02:44,11700.69,11653.68,5.980111767379198
2026.05.11 05:02:44,11700.69,11652.38,5.992865808917012
2026.05.11 06:02:44,11630.5,11630.5,6.116531578764679
2026.05.11 07:02:44,11630.5,11630.5,6.116531578764679
2026.05.11 08:02:44,11630.5,11630.5,6.116531578764679
2026.05.11 09:02:44,11630.5,11630.5,6.116531578764679
2026.05.11 10:02:44,11630.5,11630.5,6.116531578764679
2026.05.11 11:02:44,11630.5,11630.5,6.116531578764679
2026.05.11 12:02:44,11630.5,11630.5,6.116531578764679
2026.05.11 13:02:44,11630.44,11637.24,6.128316958919868
2026.05.11 14:02:44,11630.44,11662.2,6.128316958919868
2026.05.11 15:02:44,11630.44,11657.28,6.128316958919868
2026.05.11 16:02:44,11630.44,11662.06,6.128316958919868
2026.05.11 17:02:44,11630.44,11648.29,6.128316958919868
2026.05.11 18:02:44,11630.44,11653.37,6.128316958919868
2026.05.11 19:02:44,11630.44,11656.08,6.128316958919868
2026.05.11 20:02:45,11630.44,11667.85,6.128316958919868
2026.05.11 22:01:50,11630.44,11670.07,6.128316958919868
2026.05.11 23:01:50,11630.44,11684.33,6.128316958919868
2026.05.12 00:01:50,11630.44,11689.44,6.128316958919868
2026.05.12 01:01:50,11630.44,11684.01,6.128316958919868
2026.05.12 02:01:50,11630.44,11659.1,6.128316958919868
2026.05.12 03:01:50,11630.44,11660.09,6.128316958919868
2026.05.12 04:01:50,11630.44,11651.65,6.128316958919868
2026.05.12 05:01:50,11630.44,11645.94,6.128316958919868
2026.05.12 06:01:50,11630.44,11639.29,6.128316958919868
2026.05.12 07:01:50,11630.44,11625.64,6.166982692442743
2026.05.12 08:01:50,11630.44,11634.76,6.229461351621656
2026.05.12 09:01:50,11630.44,11631.1,6.229461351621656
2026.05.12 10:01:50,11630.44,11633.36,6.229461351621656
2026.05.12 11:01:50,11630.44,11621.29,6.241004566431199
2026.05.12 12:01:50,11630.44,11636.38,6.241004566431199
2026.05.12 13:01:50,11630.44,11636.7,6.241004566431199
2026.05.12 14:01:50,11630.44,11611.07,6.315995101802265
2026.05.12 15:01:50,11630.44,11600.28,6.3716124095209725
2026.05.12 16:01:50,11574.01,11574.01,6.57252892463249
2026.05.12 17:01:50,11574.01,11574.01,6.57252892463249
2026.05.12 18:01:50,11574.01,11574.01,6.57252892463249
2026.05.12 19:01:50,11574.01,11574.01,6.57252892463249
2026.05.12 20:01:50,11573.95,11576.03,6.580116772129673
2026.05.12 22:00:30,11573.95,11575.16,6.6020730968023615
2026.05.12 23:00:31,11573.95,11574.83,6.607481456188651
2026.05.13 00:00:31,11573.95,11577.27,6.607481456188651
2026.05.13 01:00:31,11573.95,11571.25,6.6221728204917
2026.05.13 02:00:31,11573.95,11561.23,6.696436859825816
2026.05.13 03:00:31,11573.95,11550.79,6.805895596061739
2026.05.13 04:00:31,11573.95,11554.42,6.805895596061739
2026.05.13 05:00:31,11573.95,11556.8,6.805895596061739
2026.05.13 06:00:31,11573.95,11562.58,6.805895596061739
2026.05.13 07:00:31,11573.95,11562.15,6.805895596061739
2026.05.13 08:00:31,11573.95,11560.33,6.805895596061739
2026.05.13 09:00:31,11573.95,11558.46,6.805895596061739
2026.05.13 10:00:31,11573.95,11557.61,6.819133968290873
2026.05.13 11:00:31,11573.95,11551.7,6.819133968290873
2026.05.13 12:00:32,11573.95,11555.01,6.819133968290873
2026.05.13 13:00:32,11573.95,11543.63,6.897837705628653
2026.05.13 14:00:32,11573.95,11537.27,6.952002021273415
2026.05.13 15:00:32,11573.95,11538.53,6.952002021273415
2026.05.13 16:00:32,11573.95,11554.01,6.952002021273415
2026.05.13 17:00:32,11573.95,11554.85,6.952002021273415
2026.05.13 18:00:32,11573.95,11543.86,6.952002021273415
2026.05.13 19:00:32,11573.95,11543.2,6.952002021273415
2026.05.13 20:00:32,11573.95,11544.64,6.952002021273415
2026.05.13 22:00:30,11573.95,11549.33,6.952002021273415
2026.05.13 23:00:30,11573.95,11557.51,6.952002021273415
2026.05.14 00:00:30,11573.95,11552.03,6.952002021273415
2026.05.14 01:00:30,11573.95,11561.06,6.952002021273415
2026.05.14 02:00:30,11573.95,11545.38,6.952002021273415
2026.05.14 03:00:30,11573.95,11541.99,6.952002021273415
2026.05.14 04:00:30,11573.95,11530.03,6.952002021273415
2026.05.14 05:00:30,11573.95,11558.28,6.976379999402659
2026.05.14 06:00:30,11573.95,11545.94,6.976379999402659
2026.05.14 07:00:30,11573.95,11553.94,6.976379999402659
2026.05.14 08:00:30,11573.95,11553.31,6.976379999402659
2026.05.14 09:00:30,11573.95,11549.3,6.976379999402659
2026.05.14 10:00:30,11573.95,11554.72,6.976379999402659
2026.05.14 11:00:30,11573.95,11553.29,6.976379999402659
2026.05.14 12:00:30,11573.95,11548.64,6.976379999402659
2026.05.14 13:00:30,11573.95,11559.8,6.976379999402659
2026.05.14 14:00:30,11573.95,11534.77,6.988165379557848
2026.05.14 15:00:30,11573.95,11534.62,6.988165379557848
2026.05.14 16:00:30,11573.95,11541.06,6.988165379557848
2026.05.14 17:00:30,11573.95,11535.56,6.988165379557848
2026.05.14 18:00:30,11573.95,11534.56,6.988165379557848
2026.05.14 19:00:30,11573.95,11526.18,6.988165379557848
2026.05.14 20:00:30,11510.67,11510.67,7.083820691091459
2026.05.14 22:00:30,11510.67,11510.67,7.083820691091459
2026.05.14 23:00:30,11510.67,11510.67,7.083820691091459
2026.05.15 00:00:30,11510.67,11510.67,7.083820691091459
2026.05.15 01:00:30,11510.67,11510.67,7.083820691091459
2026.05.15 02:00:30,11510.67,11510.67,7.083820691091459
2026.05.15 03:00:30,11510.67,11510.67,7.083820691091459
2026.05.15 04:00:30,11510.67,11510.67,7.083820691091459
2026.05.15 05:00:30,11510.67,11510.67,7.083820691091459
2026.05.15 06:00:30,11510.67,11510.67,7.083820691091459
2026.05.15 07:00:30,11510.67,11510.67,7.083820691091459
2026.05.15 08:00:30,11510.67,11510.67,7.083820691091459
2026.05.15 09:00:30,11510.67,11510.67,7.083820691091459
2026.05.15 10:00:30,11510.67,11510.67,7.083820691091459
2026.05.15 11:00:30,11510.67,11510.67,7.083820691091459
2026.05.15 12:00:30,11510.67,11510.67,7.083820691091459
2026.05.15 13:00:30,11510.67,11510.67,7.083820691091459
2026.05.15 14:00:30,11510.67,11510.67,7.083820691091459
2026.05.15 15:00:30,11510.67,11510.67,7.083820691091459
2026.05.15 16:00:30,11510.67,11510.67,7.083820691091459
2026.05.15 17:00:30,11510.67,11510.67,7.083820691091459
2026.05.15 18:00:30,11510.67,11510.67,7.083820691091459
2026.05.15 19:00:30,11510.67,11510.67,7.083820691091459
2026.05.15 20:00:31,11510.67,11510.67,7.083820691091459
2026.05.17 22:02:27,11510.67,11510.67,7.083820691091459
2026.05.17 23:02:27,11510.67,11510.67,7.083820691091459
2026.05.18 00:02:27,11510.67,11510.67,7.083820691091459
2026.05.18 01:02:27,11510.67,11510.67,7.083820691091459
2026.05.18 02:02:27,11510.67,11510.67,7.083820691091459
2026.05.18 03:02:27,11510.67,11510.67,7.083820691091459
2026.05.18 04:02:27,11510.67,11510.67,7.083820691091459
2026.05.18 05:02:27,11510.67,11510.67,7.083820691091459
2026.05.18 06:02:27,11510.67,11510.67,7.083820691091459
2026.05.18 07:02:27,11510.67,11510.67,7.083820691091459
2026.05.18 08:02:27,11510.67,11510.67,7.083820691091459
2026.05.18 09:02:27,11510.67,11510.67,7.083820691091459
2026.05.18 10:02:27,11510.67,11510.67,7.083820691091459
2026.05.18 11:02:27,11510.67,11510.67,7.083820691091459
2026.05.18 12:02:27,11510.67,11510.67,7.083820691091459
2026.05.18 13:02:27,11510.67,11510.67,7.083820691091459
2026.05.18 14:02:27,11510.67,11510.67,7.083820691091459
2026.05.18 15:02:27,11510.67,11510.67,7.083820691091459
2026.05.18 16:02:27,11510.67,11510.67,7.083820691091459
2026.05.18 17:02:27,11510.67,11510.67,7.083820691091459
2026.05.18 18:02:27,11510.67,11510.67,7.083820691091459
2026.05.18 19:02:27,11510.67,11510.67,7.083820691091459
2026.05.18 20:02:27,11510.67,11510.67,7.083820691091459
2026.05.18 22:00:31,11510.67,11510.67,7.083820691091459
2026.05.18 23:00:31,11510.67,11510.67,7.083820691091459
2026.05.19 00:00:31,11510.67,11510.67,7.083820691091459
2026.05.19 01:00:31,11510.67,11510.67,7.083820691091459
2026.05.19 02:00:31,11510.67,11510.67,7.083820691091459
2026.05.19 03:00:31,11510.67,11510.67,7.083820691091459
2026.05.19 04:00:31,11510.67,11510.67,7.083820691091459
2026.05.19 05:00:31,11510.67,11510.67,7.083820691091459
2026.05.19 06:00:31,11510.67,11510.67,7.083820691091459
2026.05.19 07:00:31,11510.67,11510.67,7.083820691091459
2026.05.19 08:00:31,11510.67,11510.67,7.083820691091459
2026.05.19 09:00:31,11510.67,11510.67,7.083820691091459
2026.05.19 10:00:31,11510.67,11510.67,7.083820691091459
2026.05.19 11:00:31,11510.67,11510.67,7.083820691091459
2026.05.19 12:00:31,11510.67,11510.67,7.083820691091459
2026.05.19 13:00:31,11510.67,11510.67,7.083820691091459
2026.05.19 14:00:31,11510.67,11510.67,7.083820691091459
2026.05.19 15:00:31,11510.67,11510.67,7.083820691091459
2026.05.19 16:00:31,11510.67,11510.67,7.083820691091459
2026.05.19 17:00:31,11510.67,11510.67,7.083820691091459
2026.05.19 18:00:31,11510.67,11510.67,7.083820691091459
2026.05.19 19:00:31,11510.67,11510.67,7.083820691091459
2026.05.19 20:00:31,11510.67,11510.67,7.083820691091459
2026.05.19 22:00:30,11510.67,11510.67,7.083820691091459
2026.05.19 23:00:30,11510.67,11510.67,7.083820691091459
2026.05.20 00:00:30,11510.67,11510.67,7.083820691091459
2026.05.20 01:00:30,11510.67,11510.67,7.083820691091459
2026.05.20 02:00:30,11510.67,11510.67,7.083820691091459
2026.05.20 03:00:30,11510.67,11510.67,7.083820691091459
2026.05.20 04:00:30,11510.67,11510.67,7.083820691091459
2026.05.20 05:00:30,11510.67,11510.67,7.083820691091459
2026.05.20 06:00:30,11510.67,11510.67,7.083820691091459
2026.05.20 07:00:30,11510.67,11510.67,7.083820691091459
2026.05.20 08:00:30,11510.67,11510.67,7.083820691091459
2026.05.20 09:00:30,11510.67,11510.67,7.083820691091459
2026.05.20 10:00:30,11510.67,11510.67,7.083820691091459
2026.05.20 11:00:30,11510.67,11510.67,7.083820691091459
2026.05.20 12:00:30,11510.67,11510.67,7.083820691091459
2026.05.20 13:00:30,11510.67,11510.67,7.083820691091459
2026.05.20 14:00:30,11510.67,11510.67,7.083820691091459
2026.05.20 15:00:30,11510.67,11510.67,7.083820691091459
2026.05.20 16:00:30,11510.67,11510.67,7.083820691091459
2026.05.20 17:00:30,11510.67,11510.67,7.083820691091459
2026.05.20 18:00:30,11510.67,11510.67,7.083820691091459
2026.05.20 19:00:31,11510.67,11510.67,7.083820691091459
2026.05.20 20:00:31,11510.67,11510.67,7.083820691091459
2026.05.20 22:00:30,11510.67,11510.67,7.083820691091459
2026.05.20 23:00:30,11510.67,11510.67,7.083820691091459
2026.05.21 00:00:30,11510.67,11510.67,7.083820691091459
2026.05.21 01:00:30,11510.67,11510.67,7.083820691091459
2026.05.21 02:00:30,11510.67,11510.67,7.083820691091459
2026.05.21 03:00:30,11510.67,11510.67,7.083820691091459
2026.05.21 04:00:30,11510.67,11510.67,7.083820691091459
2026.05.21 05:00:30,11510.67,11510.67,7.083820691091459
2026.05.21 06:00:30,11510.67,11510.67,7.083820691091459
2026.05.21 07:00:30,11510.67,11510.67,7.083820691091459
2026.05.21 08:00:30,11510.67,11510.67,7.083820691091459
2026.05.21 09:00:30,11510.67,11510.67,7.083820691091459
2026.05.21 10:00:30,11510.67,11510.67,7.083820691091459
2026.05.21 11:00:30,11510.67,11510.67,7.083820691091459
2026.05.21 12:00:30,11510.67,11510.67,7.083820691091459
2026.05.21 13:00:30,11510.67,11510.67,7.083820691091459
2026.05.21 14:00:30,11510.67,11510.67,7.083820691091459
2026.05.21 15:00:30,11510.67,11510.67,7.083820691091459
2026.05.21 16:00:31,11510.67,11510.67,7.083820691091459
2026.05.21 17:00:31,11510.67,11510.67,7.083820691091459
2026.05.21 18:00:31,11510.67,11510.67,7.083820691091459
2026.05.21 19:00:31,11510.67,11510.67,7.083820691091459
2026.05.21 20:00:31,11510.67,11510.67,7.083820691091459
2026.05.21 22:00:42,11510.67,11510.67,7.083820691091459
2026.05.21 23:00:42,11510.67,11510.67,7.083820691091459
2026.05.22 00:00:42,11510.67,11510.67,7.083820691091459
2026.05.22 01:00:42,11510.67,11510.67,7.083820691091459
2026.05.22 02:00:42,11510.67,11510.67,7.083820691091459
2026.05.22 03:00:42,11510.67,11510.67,7.083820691091459
2026.05.22 04:00:42,11510.67,11510.67,7.083820691091459
2026.05.22 05:00:43,11510.67,11510.67,7.083820691091459
2026.05.22 06:00:43,11510.67,11510.67,7.083820691091459
2026.05.22 07:00:43,11510.67,11510.67,7.083820691091459
2026.05.22 08:00:43,11510.67,11510.67,7.083820691091459
2026.05.22 09:00:43,11510.67,11510.67,7.083820691091459
2026.05.22 10:00:43,11510.67,11510.67,7.083820691091459
2026.05.22 11:00:43,11510.67,11510.67,7.083820691091459
2026.05.22 12:00:43,11510.67,11510.67,7.083820691091459
2026.05.22 13:00:43,11510.67,11510.67,7.083820691091459
2026.05.22 14:00:43,11510.67,11510.67,7.083820691091459
2026.05.22 15:00:43,11510.67,11510.67,7.083820691091459
2026.05.22 16:00:43,11510.67,11510.67,7.083820691091459
2026.05.22 17:00:43,11510.67,11510.67,7.083820691091459
2026.05.22 18:00:43,11510.67,11510.67,7.083820691091459
2026.05.22 19:00:43,11510.67,11510.67,7.083820691091459
2026.05.22 20:00:43,11510.67,11510.67,7.083820691091459
2026.05.24 22:01:30,11510.67,11510.67,7.083820691091459
2026.05.24 23:01:30,11510.67,11510.67,7.083820691091459
2026.05.25 00:01:30,11510.67,11510.67,7.083820691091459
2026.05.25 01:01:30,11510.67,11510.67,7.083820691091459
2026.05.25 02:01:30,11510.67,11510.67,7.083820691091459
2026.05.25 03:01:30,11510.67,11510.67,7.083820691091459
2026.05.25 04:01:30,11510.67,11510.67,7.083820691091459
2026.05.25 05:01:30,11510.67,11510.67,7.083820691091459
2026.05.25 06:01:30,11510.67,11510.67,7.083820691091459
2026.05.25 07:01:30,11510.67,11510.67,7.083820691091459
2026.05.25 08:01:31,11510.67,11510.67,7.083820691091459
2026.05.25 09:01:31,11510.67,11510.67,7.083820691091459
2026.05.25 10:01:32,11510.67,11510.67,7.083820691091459
2026.05.25 11:01:32,11510.67,11510.67,7.083820691091459
2026.05.25 12:01:32,11510.67,11510.67,7.083820691091459
2026.05.25 13:01:32,11510.67,11510.67,7.083820691091459
2026.05.25 14:01:32,11510.67,11510.67,7.083820691091459
2026.05.25 15:01:33,11510.67,11510.67,7.083820691091459
2026.05.25 16:01:33,11510.67,11510.67,7.083820691091459
2026.05.25 17:01:33,11510.67,11510.67,7.083820691091459
2026.05.25 18:01:33,11510.67,11510.67,7.083820691091459
2026.05.25 22:01:30,11510.67,11510.67,7.083820691091459
2026.05.25 23:01:30,11510.67,11510.67,7.083820691091459
2026.05.26 00:01:30,11510.67,11510.67,7.083820691091459
2026.05.26 01:01:30,11510.67,11510.67,7.083820691091459
2026.05.26 02:01:30,11510.67,11510.67,7.083820691091459
2026.05.26 03:01:30,11510.67,11510.67,7.083820691091459
2026.05.26 04:01:30,11510.67,11510.67,7.083820691091459
2026.05.26 05:01:30,11510.67,11510.67,7.083820691091459
2026.05.26 06:01:30,11510.67,11510.67,7.083820691091459
2026.05.26 07:01:30,11510.67,11510.67,7.083820691091459
2026.05.26 08:01:30,11510.67,11510.67,7.083820691091459
2026.05.26 09:01:31,11510.67,11510.67,7.083820691091459
2026.05.26 10:01:31,11510.67,11510.67,7.083820691091459
2026.05.26 11:01:31,11510.67,11510.67,7.083820691091459
2026.05.26 12:01:31,11510.67,11510.67,7.083820691091459
2026.05.26 13:01:31,11510.67,11510.67,7.083820691091459
2026.05.26 14:01:31,11510.67,11510.67,7.083820691091459
2026.05.26 15:01:31,11510.67,11510.67,7.083820691091459
2026.05.26 16:01:31,11510.67,11510.67,7.083820691091459
2026.05.26 17:01:31,11510.67,11510.67,7.083820691091459
2026.05.26 18:01:31,11510.67,11510.67,7.083820691091459
2026.05.26 19:01:31,11510.67,11510.67,7.083820691091459
2026.05.26 20:01:31,11510.67,11510.67,7.083820691091459
2026.05.26 22:02:42,11510.67,11510.67,7.083820691091459
2026.05.26 23:02:42,11510.67,11510.67,7.083820691091459
2026.05.27 00:02:42,11510.67,11510.67,7.083820691091459
2026.05.27 01:02:42,11510.67,11510.67,7.083820691091459
2026.05.27 02:02:42,11510.67,11510.67,7.083820691091459
2026.05.27 03:02:42,11510.67,11510.67,7.083820691091459
2026.05.27 04:02:42,11510.67,11510.67,7.083820691091459
2026.05.27 05:02:42,11510.67,11510.67,7.083820691091459
2026.05.27 06:02:42,11510.67,11510.67,7.083820691091459
2026.05.27 07:02:42,11510.67,11510.67,7.083820691091459
2026.05.27 08:02:42,11510.67,11510.67,7.083820691091459
2026.05.27 09:02:42,11510.67,11510.67,7.083820691091459
2026.05.27 10:02:42,11510.67,11510.67,7.083820691091459
2026.05.27 11:02:42,11510.67,11510.67,7.083820691091459
2026.05.27 12:02:42,11510.67,11510.67,7.083820691091459
2026.05.27 13:02:42,11510.67,11510.67,7.083820691091459
2026.05.27 14:02:42,11510.67,11510.67,7.083820691091459
2026.05.27 15:02:42,11510.67,11510.67,7.083820691091459
2026.05.27 16:02:42,11510.67,11510.67,7.083820691091459
2026.05.27 17:02:42,11510.67,11510.67,7.083820691091459
2026.05.27 18:02:42,11510.67,11510.67,7.083820691091459
2026.05.27 19:02:42,11510.67,11510.67,7.083820691091459
2026.05.27 20:02:43,11510.67,11510.67,7.083820691091459
2026.05.27 22:00:31,11510.67,11510.67,7.083820691091459
2026.05.27 23:00:31,11510.67,11510.67,7.083820691091459
2026.05.28 00:00:31,11510.67,11510.67,7.083820691091459
2026.05.28 01:00:31,11510.67,11510.67,7.083820691091459
2026.05.28 02:00:31,11510.67,11510.67,7.083820691091459
2026.05.28 03:00:31,11510.67,11510.67,7.083820691091459
2026.05.28 04:00:31,11510.67,11510.67,7.083820691091459
2026.05.28 05:00:31,11510.67,11510.67,7.083820691091459
2026.05.28 06:00:31,11510.67,11510.67,7.083820691091459
2026.05.28 07:00:31,11510.67,11510.67,7.083820691091459
2026.05.28 08:00:31,11510.67,11510.67,7.083820691091459
2026.05.28 09:00:31,11510.67,11510.67,7.083820691091459
2026.05.28 10:00:31,11510.67,11510.67,7.083820691091459
2026.05.28 11:00:31,11510.67,11510.67,7.083820691091459
2026.05.28 12:00:31,11510.67,11510.67,7.083820691091459
2026.05.28 13:00:31,11510.67,11510.67,7.083820691091459
2026.05.28 14:00:31,11510.67,11510.67,7.083820691091459
2026.05.28 15:00:31,11510.67,11510.67,7.083820691091459
2026.05.28 16:00:31,11510.67,11510.67,7.083820691091459
2026.05.28 17:00:31,11510.67,11510.67,7.083820691091459
2026.05.28 18:00:31,11510.67,11510.67,7.083820691091459
2026.05.28 19:00:31,11510.67,11510.67,7.083820691091459
2026.05.28 20:00:31,11510.67,11510.67,7.083820691091459
2026.05.28 22:00:32,11510.67,11510.67,7.083820691091459
2026.05.28 23:00:33,11510.67,11510.67,7.083820691091459
2026.05.29 00:00:33,11510.67,11510.67,7.083820691091459
2026.05.29 01:00:33,11510.67,11510.67,7.083820691091459
2026.05.29 02:00:33,11510.67,11510.67,7.083820691091459
2026.05.29 03:00:33,11510.67,11510.67,7.083820691091459
2026.05.29 04:00:33,11510.67,11510.67,7.083820691091459
2026.05.29 05:00:33,11510.67,11510.67,7.083820691091459
2026.05.29 06:00:33,11510.67,11510.67,7.083820691091459
2026.05.29 07:00:33,11510.67,11510.67,7.083820691091459
2026.05.29 08:00:33,11510.67,11510.67,7.083820691091459
2026.05.29 09:00:33,11510.67,11510.67,7.083820691091459
2026.05.29 10:00:33,11510.67,11510.67,7.083820691091459
2026.05.29 11:00:33,11510.67,11510.67,7.083820691091459
2026.05.29 12:00:33,11510.67,11510.67,7.083820691091459
2026.05.29 13:00:33,11510.67,11510.67,7.083820691091459
2026.05.29 14:00:33,11510.67,11510.67,7.083820691091459
2026.05.29 15:00:33,11510.5,11521.55,7.089632659387167
2026.05.29 16:00:33,11510.5,11521.95,7.244295593478638
2026.05.29 17:00:33,11510.5,11520.58,7.244295593478638
2026.05.29 18:00:33,11510.5,11477.62,7.396698317677342
2026.05.29 19:00:33,11510.5,11475.64,7.415506492856524
2026.05.29 20:00:33,11460.47,11460.47,7.4890440361536745
2026.05.31 22:01:30,11460.47,11460.47,7.4890440361536745
2026.05.31 23:01:30,11460.47,11460.47,7.4890440361536745
2026.06.01 00:01:30,11460.47,11460.47,7.4890440361536745
2026.06.01 01:01:30,11460.47,11460.47,7.4890440361536745
2026.06.01 02:01:30,11460.47,11460.47,7.4890440361536745
2026.06.01 03:01:31,11460.47,11460.47,7.4890440361536745
2026.06.01 04:01:31,11460.47,11460.47,7.4890440361536745
2026.06.01 05:01:31,11460.47,11460.47,7.4890440361536745
2026.06.01 06:01:31,11460.47,11460.47,7.4890440361536745
2026.06.01 07:01:32,11460.47,11460.47,7.4890440361536745
2026.06.01 08:01:32,11460.47,11460.47,7.4890440361536745
2026.06.01 09:01:32,11460.47,11460.47,7.4890440361536745
2026.06.01 10:01:32,11460.47,11460.47,7.4890440361536745
2026.06.01 11:01:32,11460.47,11460.47,7.4890440361536745
2026.06.01 12:01:33,11460.47,11460.47,7.4890440361536745
2026.06.01 13:01:33,11460.47,11460.47,7.4890440361536745
2026.06.01 14:01:33,11460.47,11460.47,7.4890440361536745
2026.06.01 15:01:33,11460.47,11460.47,7.4890440361536745
2026.06.01 16:01:33,11460.47,11460.47,7.4890440361536745
2026.06.01 17:01:33,11460.47,11460.47,7.4890440361536745
2026.06.01 18:01:33,11460.47,11460.47,7.4890440361536745
2026.06.01 19:01:33,11460.47,11460.47,7.4890440361536745
2026.06.01 20:01:33,11460.47,11460.47,7.4890440361536745
2026.06.01 22:00:30,11460.47,11460.47,7.4890440361536745
2026.06.01 23:00:30,11460.47,11460.47,7.4890440361536745
2026.06.02 00:00:30,11460.47,11460.47,7.4890440361536745
2026.06.02 01:00:30,11460.47,11460.47,7.4890440361536745
2026.06.02 02:00:30,11460.47,11460.47,7.4890440361536745
2026.06.02 03:00:30,11460.47,11460.47,7.4890440361536745
2026.06.02 04:00:31,11460.47,11460.47,7.4890440361536745
2026.06.02 05:00:31,11460.47,11460.47,7.4890440361536745
2026.06.02 06:00:31,11460.47,11460.47,7.4890440361536745
2026.06.02 07:00:31,11460.36,11464.46,7.4921921856471805
2026.06.02 08:00:31,11460.36,11460.77,7.615535068367316
2026.06.02 09:00:31,11460.36,11441.66,7.646370789047346
2026.06.02 10:00:31,11460.36,11450.36,7.720150497690142
2026.06.02 11:00:31,11460.36,11455.79,7.720150497690142
2026.06.02 12:00:31,11460.36,11446.66,7.720150497690142
2026.06.02 13:00:31,11424.97,11424.97,7.775606361845076
2026.06.02 14:00:31,11424.97,11424.97,7.775606361845076
2026.06.02 15:00:31,11424.97,11424.97,7.775606361845076
2026.06.02 16:00:32,11424.97,11424.97,7.775606361845076
2026.06.02 17:00:32,11424.97,11424.97,7.775606361845076
2026.06.02 18:00:32,11424.97,11424.97,7.775606361845076
2026.06.02 19:00:32,11424.97,11424.97,7.775606361845076
2026.06.02 20:00:32,11424.97,11424.97,7.775606361845076
2026.06.02 22:00:32,11424.97,11424.97,7.775606361845076
2026.06.02 23:00:32,11424.97,11424.97,7.775606361845076
2026.06.03 00:00:32,11424.97,11424.97,7.775606361845076
2026.06.03 01:00:32,11424.97,11424.97,7.775606361845076
2026.06.03 02:00:32,11424.97,11424.97,7.775606361845076
2026.06.03 03:00:32,11424.97,11424.97,7.775606361845076
2026.06.03 04:00:32,11424.97,11424.97,7.775606361845076
2026.06.03 05:00:32,11424.97,11424.97,7.775606361845076
2026.06.03 06:00:32,11424.97,11424.97,7.775606361845076
2026.06.03 07:00:33,11424.97,11424.97,7.775606361845076
2026.06.03 08:00:33,11424.97,11424.97,7.775606361845076
2026.06.03 09:00:33,11424.97,11424.97,7.775606361845076
2026.06.03 10:00:33,11424.97,11424.97,7.775606361845076
2026.06.03 11:00:33,11424.97,11424.97,7.775606361845076
2026.06.03 12:00:33,11424.97,11424.97,7.775606361845076
2026.06.03 13:00:33,11424.97,11424.97,7.775606361845076
2026.06.03 14:00:33,11424.97,11424.97,7.775606361845076
2026.06.03 15:00:33,11424.97,11424.97,7.775606361845076
2026.06.03 16:00:34,11424.97,11424.97,7.775606361845076
2026.06.03 17:00:34,11424.97,11424.97,7.775606361845076
2026.06.03 18:00:34,11424.97,11424.97,7.775606361845076
2026.06.03 19:00:34,11424.97,11424.97,7.775606361845076
2026.06.03 20:00:34,11424.97,11424.97,7.775606361845076
2026.06.03 22:00:30,11424.97,11424.97,7.775606361845076
2026.06.03 23:00:30,11424.97,11424.97,7.775606361845076
2026.06.04 00:00:30,11424.97,11424.97,7.775606361845076
2026.06.04 01:00:30,11424.97,11424.97,7.775606361845076
2026.06.04 02:00:30,11424.97,11424.97,7.775606361845076
2026.06.04 03:00:30,11424.97,11424.97,7.775606361845076
2026.06.04 04:00:30,11424.97,11424.97,7.775606361845076
2026.06.04 05:00:30,11424.97,11424.97,7.775606361845076
2026.06.04 06:00:30,11424.97,11424.97,7.775606361845076
2026.06.04 07:00:30,11424.97,11424.97,7.775606361845076
2026.06.04 08:00:30,11424.97,11424.97,7.775606361845076
2026.06.04 09:00:30,11424.97,11424.97,7.775606361845076
2026.06.04 10:00:30,11424.97,11424.97,7.775606361845076
2026.06.04 11:00:30,11424.97,11424.97,7.775606361845076
2026.06.04 12:00:30,11424.86,11427.7,7.779481007375547
2026.06.04 13:00:30,11388.42,11388.42,8.070644474634387
2026.06.04 14:00:30,11388.42,11388.42,8.070644474634387
2026.06.04 15:00:30,11388.42,11388.42,8.070644474634387
2026.06.04 16:00:30,11388.42,11388.42,8.070644474634387
2026.06.04 17:00:30,11388.42,11388.42,8.070644474634387
2026.06.04 18:00:30,11388.42,11388.42,8.070644474634387
2026.06.04 19:00:30,11388.42,11388.42,8.070644474634387
2026.06.04 20:00:30,11388.42,11388.42,8.070644474634387
2026.06.04 22:00:31,11388.42,11388.42,8.070644474634387
2026.06.04 23:00:31,11388.42,11388.42,8.070644474634387
2026.06.05 00:00:31,11388.42,11388.42,8.070644474634387
2026.06.05 01:00:31,11388.42,11388.42,8.070644474634387
2026.06.05 02:00:31,11388.42,11388.42,8.070644474634387
2026.06.05 03:00:31,11388.42,11388.42,8.070644474634387
2026.06.05 04:00:31,11388.42,11388.42,8.070644474634387
2026.06.05 05:00:31,11388.42,11388.42,8.070644474634387
2026.06.05 06:00:31,11388.42,11388.42,8.070644474634387
2026.06.05 07:00:31,11388.42,11388.42,8.070644474634387
2026.06.05 08:00:31,11388.42,11388.42,8.070644474634387
2026.06.05 09:00:31,11388.42,11388.42,8.070644474634387
2026.06.05 10:00:31,11388.42,11388.42,8.070644474634387
2026.06.05 11:00:31,11388.42,11388.42,8.070644474634387
2026.06.05 12:00:31,11388.42,11388.42,8.070644474634387
2026.06.05 13:00:31,11388.42,11388.42,8.070644474634387
2026.06.05 14:00:31,11388.42,11388.42,8.070644474634387
2026.06.05 15:00:31,11388.42,11388.42,8.070644474634387
2026.06.05 16:00:31,11388.42,11388.42,8.070644474634387
2026.06.05 17:00:31,11388.42,11388.42,8.070644474634387
2026.06.05 18:00:31,11388.42,11388.42,8.070644474634387
2026.06.05 19:00:31,11388.42,11388.42,8.070644474634387
2026.06.05 20:00:31,11388.42,11388.42,8.070644474634387
2026.06.07 22:01:30,11388.42,11388.42,8.070644474634387
2026.06.07 23:01:30,11388.42,11388.42,8.070644474634387
2026.06.08 00:01:30,11388.42,11388.42,8.070644474634387
2026.06.08 01:01:30,11388.42,11388.42,8.070644474634387
2026.06.08 02:01:30,11388.42,11388.42,8.070644474634387
2026.06.08 03:01:30,11388.42,11388.42,8.070644474634387
2026.06.08 04:01:30,11388.42,11388.42,8.070644474634387
2026.06.08 05:01:30,11388.42,11388.42,8.070644474634387
2026.06.08 06:01:30,11388.42,11388.42,8.070644474634387
2026.06.08 07:01:30,11388.42,11388.42,8.070644474634387
2026.06.08 08:01:30,11388.42,11388.42,8.070644474634387
2026.06.08 09:01:30,11388.42,11388.42,8.070644474634387
2026.06.08 10:01:30,11388.42,11388.42,8.070644474634387
2026.06.08 11:01:30,11388.42,11388.42,8.070644474634387
2026.06.08 12:01:30,11388.42,11388.42,8.070644474634387
2026.06.08 13:01:30,11388.42,11388.42,8.070644474634387
2026.06.08 14:01:30,11388.42,11388.42,8.070644474634387
2026.06.08 15:01:30,11388.42,11388.42,8.070644474634387
2026.06.08 16:01:30,11388.42,11388.42,8.070644474634387
2026.06.08 17:01:30,11388.42,11388.42,8.070644474634387
2026.06.08 18:01:30,11388.42,11388.42,8.070644474634387
2026.06.08 19:01:30,11388.42,11388.42,8.070644474634387
2026.06.08 20:01:30,11388.42,11388.42,8.070644474634387
2026.06.08 22:00:30,11388.42,11388.42,8.070644474634387
2026.06.08 23:00:30,11388.42,11388.42,8.070644474634387
2026.06.09 00:00:30,11388.42,11388.42,8.070644474634387
2026.06.09 01:00:30,11388.42,11388.42,8.070644474634387
2026.06.09 02:00:30,11388.42,11388.42,8.070644474634387
2026.06.09 03:00:30,11388.42,11388.42,8.070644474634387
2026.06.09 04:00:31,11388.42,11388.42,8.070644474634387
2026.06.09 05:00:31,11388.42,11388.42,8.070644474634387
2026.06.09 06:00:31,11388.42,11388.42,8.070644474634387
2026.06.09 07:00:31,11388.42,11388.42,8.070644474634387
2026.06.09 08:00:31,11388.42,11388.42,8.070644474634387
2026.06.09 09:00:31,11388.42,11388.42,8.070644474634387
2026.06.09 10:00:31,11388.42,11388.42,8.070644474634387
2026.06.09 11:00:31,11388.42,11388.42,8.070644474634387
2026.06.09 12:00:31,11388.42,11388.42,8.070644474634387
2026.06.09 13:00:31,11388.42,11388.42,8.070644474634387
2026.06.09 14:00:31,11388.42,11388.42,8.070644474634387
2026.06.09 15:00:31,11388.42,11388.42,8.070644474634387
2026.06.09 16:00:31,11388.42,11388.42,8.070644474634387
2026.06.09 17:00:31,11388.42,11388.42,8.070644474634387
2026.06.09 18:00:31,11388.42,11388.42,8.070644474634387
2026.06.09 19:00:31,11388.42,11388.42,8.070644474634387
2026.06.09 20:00:31,11388.42,11388.42,8.070644474634387
2026.06.09 22:00:30,11388.42,11388.42,8.070644474634387
2026.06.09 23:00:30,11388.42,11388.42,8.070644474634387
2026.06.10 00:00:30,11388.42,11388.42,8.070644474634387
2026.06.10 01:00:30,11388.42,11388.42,8.070644474634387
2026.06.10 02:00:30,11388.42,11388.42,8.070644474634387
2026.06.10 03:00:30,11388.42,11388.42,8.070644474634387
2026.06.10 04:00:30,11388.42,11388.42,8.070644474634387
2026.06.10 05:00:30,11388.42,11388.42,8.070644474634387
2026.06.10 06:00:30,11388.42,11388.42,8.070644474634387
2026.06.10 07:00:30,11388.42,11388.42,8.070644474634387
2026.06.10 08:00:30,11388.42,11388.42,8.070644474634387
2026.06.10 09:00:30,11388.42,11388.42,8.070644474634387
2026.06.10 10:00:30,11388.42,11388.42,8.070644474634387
2026.06.10 11:00:30,11388.42,11388.42,8.070644474634387
2026.06.10 12:00:30,11388.42,11388.42,8.070644474634387
2026.06.10 13:00:30,11388.42,11388.42,8.070644474634387
2026.06.10 14:00:30,11388.42,11388.42,8.070644474634387
2026.06.10 15:00:30,11388.42,11388.42,8.070644474634387
2026.06.10 16:00:30,11388.42,11388.42,8.070644474634387
2026.06.10 17:00:30,11388.42,11388.42,8.070644474634387
2026.06.10 18:00:30,11388.42,11388.42,8.070644474634387
2026.06.10 19:00:30,11388.42,11388.42,8.070644474634387
2026.06.10 20:00:30,11388.42,11388.42,8.070644474634387
2026.06.10 22:00:30,11388.42,11388.42,8.070644474634387
2026.06.10 23:00:30,11388.42,11388.42,8.070644474634387
2026.06.11 00:00:30,11388.42,11388.42,8.070644474634387
2026.06.11 01:00:30,11388.42,11388.42,8.070644474634387
2026.06.11 02:00:30,11388.42,11388.42,8.070644474634387
2026.06.11 03:00:30,11388.42,11388.42,8.070644474634387
2026.06.11 04:00:30,11388.42,11388.42,8.070644474634387
2026.06.11 05:00:30,11388.42,11388.42,8.070644474634387
2026.06.11 06:00:30,11388.42,11388.42,8.070644474634387
2026.06.11 07:00:30,11388.42,11388.42,8.070644474634387
2026.06.11 08:00:30,11388.42,11388.42,8.070644474634387
2026.06.11 09:00:30,11388.42,11388.42,8.070644474634387
2026.06.11 10:00:30,11388.42,11388.42,8.070644474634387
2026.06.11 11:00:30,11388.42,11388.42,8.070644474634387
2026.06.11 12:00:30,11388.42,11388.42,8.070644474634387
2026.06.11 13:00:30,11388.42,11388.42,8.070644474634387
2026.06.11 14:00:30,11388.42,11388.42,8.070644474634387
2026.06.11 15:00:30,11388.42,11388.42,8.070644474634387
2026.06.11 16:00:30,11388.42,11388.42,8.070644474634387
2026.06.11 17:00:30,11388.42,11388.42,8.070644474634387
2026.06.11 18:00:30,11388.42,11388.42,8.070644474634387
2026.06.11 19:00:30,11388.42,11388.42,8.070644474634387
2026.06.11 20:00:30,11388.42,11388.42,8.070644474634387
2026.06.11 22:00:30,11388.42,11388.42,8.070644474634387
2026.06.11 23:00:30,11388.31,11389.5,8.10043081214992
2026.06.12 00:00:30,11388.31,11336.28,8.5421404026241
2026.06.12 01:00:30,11324.56,11324.56,8.586133773751376
2026.06.12 02:00:30,11324.56,11324.56,8.586133773751376
2026.06.12 03:00:30,11324.56,11324.56,8.586133773751376
2026.06.12 04:00:30,11324.56,11324.56,8.586133773751376
2026.06.12 05:00:30,11324.56,11324.56,8.586133773751376
2026.06.12 06:00:30,11324.56,11324.56,8.586133773751376
2026.06.12 07:00:30,11324.56,11324.56,8.586133773751376
2026.06.12 08:00:30,11324.56,11324.56,8.586133773751376
2026.06.12 09:00:30,11324.56,11324.56,8.586133773751376
2026.06.12 10:00:30,11324.56,11324.56,8.586133773751376
2026.06.12 11:00:30,11324.56,11324.56,8.586133773751376
2026.06.12 12:00:30,11324.56,11324.56,8.586133773751376
2026.06.12 13:00:30,11324.56,11324.56,8.586133773751376
2026.06.12 14:00:30,11324.56,11324.56,8.586133773751376
2026.06.12 15:00:30,11324.56,11324.56,8.586133773751376
2026.06.12 16:00:30,11324.56,11324.56,8.586133773751376
2026.06.12 17:00:30,11324.56,11324.56,8.586133773751376
2026.06.12 18:00:30,11324.56,11324.56,8.586133773751376
2026.06.12 19:00:30,11324.56,11324.56,8.586133773751376
2026.06.12 20:00:30,11324.56,11324.56,8.586133773751376
2026.06.14 22:02:07,11324.56,11324.56,8.586133773751376
2026.06.14 23:02:07,11324.45,11321.1,8.62262001916334
2026.06.15 00:02:07,11324.45,11343.36,8.659025542793433
2026.06.15 01:02:07,11324.45,11342.35,8.659025542793433
2026.06.15 02:02:07,11324.45,11393.69,8.659025542793433
2026.06.15 03:02:07,11324.45,11413.91,8.659025542793433
2026.06.15 04:02:07,11324.45,11404.12,8.659025542793433
2026.06.15 05:02:07,11324.45,11411.33,8.659025542793433
2026.06.15 06:02:07,11324.45,11377.69,8.659025542793433
2026.06.15 07:02:07,11324.45,11366.2,8.659025542793433
2026.06.15 08:02:07,11324.45,11399.19,8.659025542793433
2026.06.15 09:02:07,11324.45,11431.35,8.659025542793433
2026.06.15 10:02:07,11324.45,11426.81,8.659025542793433
2026.06.15 11:02:07,11324.45,11429.24,8.659025542793433
2026.06.15 12:02:07,11324.45,11425.6,8.659025542793433
2026.06.15 13:02:07,11324.45,11441.96,8.659025542793433
2026.06.15 14:02:07,11471.01,11471.01,8.659025542793433
2026.06.15 15:02:07,11471.01,11471.01,8.659025542793433
2026.06.15 16:02:07,11471.01,11471.01,8.659025542793433
2026.06.15 17:02:07,11471.01,11471.01,8.659025542793433
2026.06.15 18:02:07,11471.01,11471.01,8.659025542793433
2026.06.15 19:02:07,11471.01,11471.01,8.659025542793433
2026.06.15 20:02:07,11471.01,11471.01,8.659025542793433
2026.06.15 22:00:30,11471.01,11471.01,8.659025542793433
2026.06.15 23:00:30,11471.01,11471.01,8.659025542793433
2026.06.16 00:00:30,11471.01,11471.01,8.659025542793433
2026.06.16 01:00:30,11471.01,11471.01,8.659025542793433
2026.06.16 02:00:30,11471.01,11471.01,8.659025542793433
2026.06.16 03:00:30,11471.01,11471.01,8.659025542793433
2026.06.16 04:00:30,11471.01,11471.01,8.659025542793433
2026.06.16 05:00:30,11471.01,11471.01,8.659025542793433
2026.06.16 06:00:30,11471.01,11471.01,8.659025542793433
2026.06.16 07:00:30,11471.01,11471.01,8.659025542793433
2026.06.16 08:00:30,11471.01,11471.01,8.659025542793433
2026.06.16 09:00:30,11471.01,11471.01,8.659025542793433
2026.06.16 10:00:30,11471.01,11471.01,8.659025542793433
2026.06.16 11:00:30,11471.01,11471.01,8.659025542793433
2026.06.16 12:00:30,11471.01,11471.01,8.659025542793433
2026.06.16 13:00:30,11471.01,11471.01,8.659025542793433
2026.06.16 14:00:30,11471.01,11471.01,8.659025542793433
2026.06.16 15:00:30,11471.01,11471.01,8.659025542793433
2026.06.16 16:00:30,11471.01,11471.01,8.659025542793433
2026.06.16 17:00:30,11471.01,11471.01,8.659025542793433
2026.06.16 18:00:30,11471.01,11471.01,8.659025542793433
2026.06.16 19:00:30,11471.01,11471.01,8.659025542793433
2026.06.16 20:00:30,11471.01,11471.01,8.659025542793433
2026.06.16 22:00:30,11471.01,11471.01,8.659025542793433
2026.06.16 23:00:30,11471.01,11471.01,8.659025542793433
2026.06.17 00:00:30,11471.01,11471.01,8.659025542793433
2026.06.17 01:00:30,11470.95,11471.57,8.659025542793433
2026.06.17 02:00:30,11470.95,11474.6,8.659025542793433
2026.06.17 03:00:30,11470.95,11465.8,8.659025542793433
2026.06.17 04:00:31,11470.95,11465.7,8.659025542793433
2026.06.17 05:00:32,11470.95,11460.12,8.659025542793433
2026.06.17 06:00:32,11470.95,11461.15,8.659025542793433
2026.06.17 07:00:32,11470.95,11464.98,8.659025542793433
2026.06.17 08:00:32,11470.95,11458.58,8.659025542793433
2026.06.17 09:00:32,11470.95,11457.66,8.659025542793433
2026.06.17 10:00:32,11470.95,11462.96,8.659025542793433
2026.06.17 11:00:32,11470.95,11465.35,8.659025542793433
2026.06.17 12:00:32,11470.95,11457.55,8.659025542793433
2026.06.17 13:00:32,11470.95,11466.93,8.659025542793433
2026.06.17 14:00:32,11470.95,11472.81,8.659025542793433
2026.06.17 15:00:32,11470.95,11480.03,8.659025542793433
2026.06.17 16:00:32,11470.95,11498.15,8.659025542793433
2026.06.17 17:00:32,11470.95,11493.41,8.659025542793433
2026.06.17 18:00:32,11425.37,11435.47,8.659025542793433
2026.06.17 19:00:32,11384.69,11384.69,8.659025542793433
2026.06.17 20:00:32,11384.69,11384.69,8.659025542793433
2026.06.17 22:00:31,11384.69,11384.69,8.659025542793433
2026.06.17 23:00:31,11384.69,11384.69,8.659025542793433
2026.06.18 00:00:31,11384.69,11384.69,8.659025542793433
2026.06.18 01:00:31,11384.69,11384.69,8.659025542793433
2026.06.18 02:00:31,11384.63,11384.66,8.659025542793433
2026.06.18 03:00:31,11384.63,11377.2,8.659025542793433
2026.06.18 04:00:31,11384.63,11386.82,8.659025542793433
2026.06.18 05:00:31,11384.63,11380.98,8.659025542793433
2026.06.18 06:00:31,11384.63,11375.41,8.659025542793433
2026.06.18 07:00:31,11384.63,11373.83,8.659025542793433
2026.06.18 08:00:31,11384.63,11353.11,8.659025542793433
2026.06.18 09:00:31,11384.63,11329.11,8.659025542793433
2026.06.18 10:00:31,11384.63,11335.98,8.659025542793433
2026.06.18 11:00:31,11384.63,11322.04,8.659025542793433
2026.06.18 12:00:31,11384.63,11310.68,8.733935356382627
2026.06.18 13:00:31,11384.63,11315.41,8.733935356382627
2026.06.18 14:00:31,11384.63,11319.05,8.733935356382627
2026.06.18 15:00:31,11305.43,11305.43,8.740554542497188
2026.06.18 16:00:31,11305.43,11305.43,8.740554542497188
2026.06.18 17:00:31,11305.43,11305.43,8.740554542497188
2026.06.18 18:00:31,11305.43,11305.43,8.740554542497188
2026.06.18 19:00:31,11305.43,11305.43,8.740554542497188
2026.06.18 20:00:31,11305.43,11305.43,8.740554542497188
2026.06.18 22:00:30,11305.43,11305.43,8.740554542497188
2026.06.18 23:00:31,11305.43,11305.43,8.740554542497188
2026.06.19 00:00:31,11305.43,11305.43,8.740554542497188
2026.06.19 01:00:31,11305.43,11305.43,8.740554542497188
2026.06.19 02:00:31,11305.43,11305.43,8.740554542497188
2026.06.19 03:00:31,11305.43,11305.43,8.740554542497188
2026.06.19 04:00:31,11305.43,11305.43,8.740554542497188
2026.06.19 05:00:31,11305.43,11305.43,8.740554542497188
2026.06.19 06:00:31,11305.43,11305.43,8.740554542497188
2026.06.19 07:00:31,11305.43,11305.43,8.740554542497188
2026.06.19 08:00:31,11305.43,11305.43,8.740554542497188
2026.06.19 09:00:31,11305.43,11305.43,8.740554542497188
2026.06.19 10:00:31,11305.43,11305.43,8.740554542497188
2026.06.19 11:00:31,11305.43,11305.43,8.740554542497188
2026.06.19 12:00:31,11305.43,11305.43,8.740554542497188
2026.06.19 13:00:31,11305.43,11305.43,8.740554542497188
2026.06.19 14:00:31,11305.43,11305.43,8.740554542497188
2026.06.19 15:00:31,11305.43,11305.43,8.740554542497188
2026.06.19 16:00:31,11305.43,11305.43,8.740554542497188
2026.06.21 22:01:30,11305.43,11305.43,8.740554542497188
2026.06.21 23:01:30,11305.43,11305.43,8.740554542497188
2026.06.22 00:01:30,11305.43,11305.43,8.740554542497188
2026.06.22 01:01:30,11305.43,11305.43,8.740554542497188
2026.06.22 02:01:30,11305.43,11305.43,8.740554542497188
2026.06.22 03:01:30,11305.43,11305.43,8.740554542497188
2026.06.22 04:01:30,11305.43,11305.43,8.740554542497188
2026.06.22 05:01:30,11305.43,11305.43,8.740554542497188
2026.06.22 06:01:30,11305.43,11305.43,8.740554542497188
2026.06.22 07:01:30,11305.43,11305.43,8.740554542497188
2026.06.22 08:01:30,11305.43,11305.43,8.740554542497188
2026.06.22 09:01:30,11305.43,11305.43,8.740554542497188
2026.06.22 10:01:30,11305.43,11305.43,8.740554542497188
2026.06.22 11:01:30,11305.43,11305.43,8.740554542497188
2026.06.22 12:01:30,11305.43,11305.43,8.740554542497188
2026.06.22 13:01:30,11305.43,11305.43,8.740554542497188
2026.06.22 14:01:30,11305.43,11305.43,8.740554542497188
2026.06.22 15:01:30,11305.43,11305.43,8.740554542497188
2026.06.22 16:01:30,11305.43,11305.43,8.740554542497188
2026.06.22 17:01:30,11305.43,11305.43,8.740554542497188
2026.06.22 18:01:30,11305.43,11305.43,8.740554542497188
2026.06.22 19:01:30,11305.43,11305.43,8.740554542497188
2026.06.22 20:01:30,11305.43,11305.43,8.740554542497188
2026.06.22 22:00:30,11305.43,11305.43,8.740554542497188
2026.06.22 23:00:30,11305.43,11305.43,8.740554542497188
2026.06.23 00:00:30,11305.43,11305.43,8.740554542497188
2026.06.23 01:00:30,11305.43,11305.43,8.740554542497188
2026.06.23 02:00:30,11305.43,11305.43,8.740554542497188
2026.06.23 03:00:30,11305.43,11305.43,8.740554542497188
2026.06.23 04:00:30,11305.43,11305.43,8.740554542497188
2026.06.23 05:00:30,11305.43,11305.43,8.740554542497188
2026.06.23 06:00:30,11305.43,11305.43,8.740554542497188
2026.06.23 07:00:30,11305.43,11305.43,8.740554542497188
2026.06.23 08:00:30,11305.43,11305.43,8.740554542497188
2026.06.23 09:00:30,11305.43,11305.43,8.740554542497188
2026.06.23 10:00:30,11305.43,11305.43,8.740554542497188
2026.06.23 11:00:30,11305.43,11305.43,8.740554542497188
2026.06.23 12:00:30,11305.43,11305.43,8.740554542497188
2026.06.23 13:00:30,11305.43,11305.43,8.740554542497188
2026.06.23 14:00:30,11305.43,11305.43,8.740554542497188
2026.06.23 15:00:30,11305.43,11305.43,8.740554542497188
2026.06.23 16:00:30,11305.43,11305.43,8.740554542497188
2026.06.23 17:00:30,11305.43,11305.43,8.740554542497188
2026.06.23 18:00:30,11305.43,11305.43,8.740554542497188
2026.06.23 19:00:30,11305.43,11305.43,8.740554542497188
2026.06.23 20:00:30,11305.43,11305.43,8.740554542497188
2026.06.23 22:00:30,11305.43,11305.43,8.740554542497188
2026.06.23 23:00:30,11305.43,11305.43,8.740554542497188
2026.06.24 00:00:30,11305.43,11305.43,8.740554542497188
2026.06.24 01:00:30,11305.43,11305.43,8.740554542497188
2026.06.24 02:00:30,11305.43,11305.43,8.740554542497188
2026.06.24 03:00:30,11305.43,11305.43,8.740554542497188
2026.06.24 04:00:30,11305.43,11305.43,8.740554542497188
2026.06.24 05:00:31,11305.43,11305.43,8.740554542497188
2026.06.24 06:00:31,11305.43,11305.43,8.740554542497188
2026.06.24 07:00:31,11305.43,11305.43,8.740554542497188
2026.06.24 08:00:31,11305.43,11305.43,8.740554542497188
2026.06.24 09:00:31,11305.43,11305.43,8.740554542497188
2026.06.24 10:00:31,11305.43,11305.43,8.740554542497188
2026.06.24 11:00:31,11305.43,11305.43,8.740554542497188
2026.06.24 12:00:31,11305.43,11305.43,8.740554542497188
2026.06.24 13:00:31,11305.43,11305.43,8.740554542497188
2026.06.24 14:00:31,11305.43,11305.43,8.740554542497188
2026.06.24 15:00:31,11305.43,11305.43,8.740554542497188
2026.06.24 16:00:31,11305.43,11305.43,8.740554542497188
2026.06.24 17:00:31,11305.43,11305.43,8.740554542497188
2026.06.24 18:00:31,11305.43,11305.43,8.740554542497188
2026.06.24 19:00:31,11305.43,11305.43,8.740554542497188
2026.06.24 20:00:31,11305.43,11305.43,8.740554542497188
2026.06.24 22:00:30,11305.43,11305.43,8.740554542497188
2026.06.24 23:00:30,11305.43,11305.43,8.740554542497188
2026.06.25 00:00:30,11305.43,11305.43,8.740554542497188
2026.06.25 01:00:30,11305.43,11305.43,8.740554542497188
2026.06.25 02:00:30,11305.43,11305.43,8.740554542497188
2026.06.25 03:00:30,11305.43,11305.43,8.740554542497188
2026.06.25 04:00:30,11305.43,11305.43,8.740554542497188
2026.06.25 05:00:30,11305.43,11305.43,8.740554542497188
2026.06.25 06:00:30,11305.43,11305.43,8.740554542497188
2026.06.25 07:00:30,11305.43,11305.43,8.740554542497188
2026.06.25 08:00:30,11305.43,11305.43,8.740554542497188
2026.06.25 09:00:30,11305.43,11305.43,8.740554542497188
2026.06.25 10:00:30,11305.43,11305.43,8.740554542497188
2026.06.25 11:00:30,11305.43,11305.43,8.740554542497188
2026.06.25 12:00:30,11305.43,11305.43,8.740554542497188
2026.06.25 13:00:30,11305.43,11305.43,8.740554542497188
2026.06.25 14:00:30,11305.43,11305.43,8.740554542497188
2026.06.25 15:00:30,11305.43,11305.43,8.740554542497188
2026.06.25 16:00:30,11305.43,11305.43,8.740554542497188
2026.06.25 17:00:30,11305.43,11305.43,8.740554542497188
2026.06.25 18:00:30,11305.43,11305.43,8.740554542497188
2026.06.25 19:00:30,11305.43,11305.43,8.740554542497188
2026.06.25 20:00:30,11305.43,11305.43,8.740554542497188
2026.06.25 22:00:30,11305.43,11305.43,8.740554542497188
2026.06.25 23:00:30,11305.43,11305.43,8.740554542497188
2026.06.26 00:00:30,11305.43,11305.43,8.740554542497188
2026.06.26 01:00:30,11305.43,11305.43,8.740554542497188
2026.06.26 02:00:30,11305.43,11305.43,8.740554542497188
2026.06.26 03:00:30,11305.43,11305.43,8.740554542497188
2026.06.26 04:00:31,11305.43,11305.43,8.740554542497188
2026.06.26 05:00:31,11305.43,11305.43,8.740554542497188
2026.06.26 06:00:31,11305.43,11305.43,8.740554542497188
2026.06.26 07:00:31,11305.43,11305.43,8.740554542497188
2026.06.26 08:00:31,11305.43,11305.43,8.740554542497188
2026.06.26 09:00:31,11305.43,11305.43,8.740554542497188
2026.06.26 10:00:31,11305.43,11305.43,8.740554542497188
2026.06.26 11:00:31,11305.43,11305.43,8.740554542497188
2026.06.26 12:00:31,11305.43,11305.43,8.740554542497188
2026.06.26 13:00:31,11305.43,11305.43,8.740554542497188
2026.06.26 14:00:31,11305.43,11305.43,8.740554542497188
2026.06.26 15:00:31,11305.43,11305.43,8.740554542497188
2026.06.26 16:00:31,11305.43,11305.43,8.740554542497188
2026.06.26 17:00:31,11305.43,11305.43,8.740554542497188
2026.06.26 18:00:31,11305.43,11305.43,8.740554542497188
2026.06.26 19:00:31,11305.43,11305.43,8.740554542497188
2026.06.26 20:00:31,11305.43,11305.43,8.740554542497188
2026.06.28 22:01:36,11305.43,11305.43,8.740554542497188
2026.06.28 23:01:36,11305.43,11305.43,8.740554542497188
2026.06.29 00:01:36,11305.43,11305.43,8.740554542497188
2026.06.29 01:01:36,11305.43,11305.43,8.740554542497188
2026.06.29 02:01:36,11305.43,11305.43,8.740554542497188
2026.06.29 03:01:36,11305.43,11305.43,8.740554542497188
2026.06.29 04:01:36,11305.43,11305.43,8.740554542497188
2026.06.29 05:01:36,11305.43,11305.43,8.740554542497188
2026.06.29 06:01:36,11305.43,11305.43,8.740554542497188
2026.06.29 07:01:36,11305.43,11305.43,8.740554542497188
2026.06.29 08:01:36,11305.43,11305.43,8.740554542497188
2026.06.29 09:01:36,11305.43,11305.43,8.740554542497188
2026.06.29 10:01:36,11305.43,11305.43,8.740554542497188
2026.06.29 11:01:36,11305.43,11305.43,8.740554542497188
2026.06.29 12:01:36,11305.43,11305.43,8.740554542497188
2026.06.29 13:01:36,11305.43,11305.43,8.740554542497188
2026.06.29 14:01:36,11305.43,11305.43,8.740554542497188
2026.06.29 15:01:36,11305.43,11305.43,8.740554542497188
2026.06.29 16:01:36,11305.43,11305.43,8.740554542497188
2026.06.29 17:01:36,11305.43,11305.43,8.740554542497188
2026.06.29 18:01:36,11305.43,11305.43,8.740554542497188
2026.06.29 19:01:36,11305.43,11305.43,8.740554542497188
2026.06.29 20:01:36,11305.43,11305.43,8.740554542497188
2026.06.29 22:00:32,11305.43,11305.43,8.740554542497188
2026.06.29 23:00:32,11305.43,11305.43,8.740554542497188
2026.06.30 00:00:32,11305.43,11305.43,8.740554542497188
2026.06.30 01:00:32,11305.43,11305.43,8.740554542497188
2026.06.30 02:00:32,11305.43,11305.43,8.740554542497188
2026.06.30 03:00:32,11305.43,11305.43,8.740554542497188
2026.06.30 04:00:32,11305.43,11305.43,8.740554542497188
2026.06.30 05:00:32,11305.43,11305.43,8.740554542497188
2026.06.30 06:00:32,11305.43,11305.43,8.740554542497188
2026.06.30 07:00:32,11305.43,11305.43,8.740554542497188
2026.06.30 08:00:32,11305.43,11305.43,8.740554542497188
2026.06.30 09:00:32,11305.43,11305.43,8.740554542497188
2026.06.30 10:00:32,11305.43,11305.43,8.740554542497188
2026.06.30 11:00:32,11305.43,11305.43,8.740554542497188
2026.06.30 12:00:32,11305.43,11305.43,8.740554542497188
2026.06.30 13:00:32,11305.43,11305.43,8.740554542497188
2026.06.30 14:00:32,11305.43,11305.43,8.740554542497188
2026.06.30 15:00:32,11305.43,11305.43,8.740554542497188
2026.06.30 16:00:32,11305.43,11305.43,8.740554542497188
2026.06.30 17:00:32,11305.43,11305.43,8.740554542497188
2026.06.30 18:00:32,11305.43,11305.43,8.740554542497188
2026.06.30 19:00:32,11305.43,11305.43,8.740554542497188
2026.06.30 20:00:32,11305.43,11305.43,8.740554542497188
2026.06.30 22:00:30,11305.43,11305.43,8.740554542497188
2026.06.30 23:00:30,11305.43,11305.43,8.740554542497188
2026.07.01 00:00:30,11305.43,11305.43,8.740554542497188
2026.07.01 01:00:30,11305.43,11305.43,8.740554542497188
2026.07.01 02:00:30,11305.43,11305.43,8.740554542497188
2026.07.01 03:00:30,11305.43,11305.43,8.740554542497188
2026.07.01 04:00:30,11305.43,11305.43,8.740554542497188
2026.07.01 05:00:30,11305.43,11305.43,8.740554542497188
2026.07.01 06:00:30,11305.43,11305.43,8.740554542497188
2026.07.01 07:00:30,11305.43,11305.43,8.740554542497188
2026.07.01 08:00:30,11305.43,11305.43,8.740554542497188
2026.07.01 09:00:30,11305.43,11305.43,8.740554542497188
2026.07.01 10:00:30,11305.43,11305.43,8.740554542497188
2026.07.01 11:00:30,11305.43,11305.43,8.740554542497188
2026.07.01 12:00:30,11305.43,11305.43,8.740554542497188
2026.07.01 13:00:30,11305.43,11305.43,8.740554542497188
2026.07.01 14:00:30,11305.21,11328.65,8.743944857336354
2026.07.01 15:00:30,11343.85,11347.19,8.961409337734285
2026.07.01 16:00:30,11343.85,11332.25,8.961409337734285
2026.07.01 17:00:30,11305.14,11305.14,8.961409337734285
2026.07.01 18:00:30,11305.14,11305.14,8.961409337734285
2026.07.01 19:00:30,11305.14,11305.14,8.961409337734285
2026.07.01 20:00:30,11305.14,11305.14,8.961409337734285
2026.07.01 22:00:30,11305.14,11305.14,8.961409337734285
2026.07.01 23:00:30,11305.14,11305.14,8.961409337734285
2026.07.02 00:00:30,11305.14,11305.14,8.961409337734285
2026.07.02 01:00:30,11305.14,11305.14,8.961409337734285
2026.07.02 02:00:30,11305.14,11305.14,8.961409337734285
2026.07.02 03:00:30,11305.14,11305.14,8.961409337734285
2026.07.02 04:00:30,11305.14,11305.14,8.961409337734285
2026.07.02 05:00:30,11305.14,11305.14,8.961409337734285
2026.07.02 06:00:30,11305.14,11305.14,8.961409337734285
2026.07.02 07:00:30,11305.14,11305.14,8.961409337734285
2026.07.02 08:00:30,11305.14,11305.14,8.961409337734285
2026.07.02 09:00:30,11305.14,11305.14,8.961409337734285
2026.07.02 10:00:30,11305.14,11305.14,8.961409337734285
2026.07.02 11:00:30,11305.14,11305.14,8.961409337734285
2026.07.02 12:00:30,11305.14,11305.14,8.961409337734285
2026.07.02 13:00:30,11305.03,11325.27,8.961409337734285
2026.07.02 14:00:30,11305.03,11339.31,8.961409337734285
2026.07.02 15:00:30,11305.03,11324.65,8.961409337734285
2026.07.02 16:00:30,11305.03,11327.39,8.961409337734285
2026.07.02 17:00:30,11305.03,11304.88,9.026793981061058
2026.07.02 18:00:30,11305.03,11282.3,9.026793981061058
2026.07.02 19:00:30,11305.03,11318.24,9.026793981061058
2026.07.02 20:00:30,11305.03,11309.19,9.026793981061058
2026.07.02 22:00:32,11305.03,11322.65,9.026793981061058
2026.07.02 23:00:32,11305.03,11318.86,9.026793981061058
2026.07.03 00:00:32,11305.03,11321.47,9.026793981061058
2026.07.03 01:00:32,11305.03,11365.38,9.026793981061058
2026.07.03 02:00:32,11418.52,11420.21,9.026793981061058
2026.07.03 03:00:32,11418.52,11419.08,9.026793981061058
2026.07.03 04:00:32,11418.52,11406.24,9.026793981061058
2026.07.03 05:00:32,11418.52,11413.56,9.026793981061058
2026.07.03 06:00:32,11418.52,11394.43,9.026793981061058
2026.07.03 07:00:32,11374.28,11374.28,9.026793981061058
2026.07.03 08:00:32,11374.28,11374.28,9.026793981061058
2026.07.03 09:00:32,11374.28,11374.28,9.026793981061058
2026.07.03 10:00:32,11374.28,11374.28,9.026793981061058
2026.07.03 11:00:32,11374.28,11374.28,9.026793981061058
2026.07.03 12:00:32,11374.28,11374.28,9.026793981061058
2026.07.03 13:00:32,11374.28,11374.28,9.026793981061058
2026.07.03 14:00:32,11374.28,11374.28,9.026793981061058
2026.07.03 15:00:32,11374.28,11374.28,9.026793981061058
2026.07.03 16:00:32,11374.28,11374.28,9.026793981061058
2026.07.05 22:01:31,11374.28,11374.28,9.026793981061058
2026.07.05 23:01:31,11374.28,11374.28,9.026793981061058
2026.07.06 00:01:31,11374.28,11374.28,9.026793981061058
2026.07.06 01:01:31,11374.28,11374.28,9.026793981061058
2026.07.06 02:01:31,11374.28,11374.28,9.026793981061058
2026.07.06 03:01:31,11374.28,11374.28,9.026793981061058
2026.07.06 04:01:31,11374.28,11374.28,9.026793981061058
2026.07.06 05:01:31,11374.28,11374.28,9.026793981061058
2026.07.06 06:01:31,11374.28,11374.28,9.026793981061058
2026.07.06 07:01:31,11374.28,11374.28,9.026793981061058
2026.07.06 08:01:31,11374.28,11374.28,9.026793981061058
2026.07.06 09:01:31,11374.28,11374.28,9.026793981061058
2026.07.06 10:01:31,11374.28,11374.28,9.026793981061058
2026.07.06 11:01:31,11374.28,11374.28,9.026793981061058
2026.07.06 12:01:31,11374.28,11374.28,9.026793981061058
2026.07.06 13:01:31,11374.28,11374.28,9.026793981061058
2026.07.06 14:01:31,11374.28,11374.28,9.026793981061058
2026.07.06 15:01:31,11374.28,11374.28,9.026793981061058
2026.07.06 16:01:31,11374.28,11374.28,9.026793981061058
2026.07.06 17:01:31,11374.28,11374.28,9.026793981061058
2026.07.06 18:01:31,11374.28,11374.28,9.026793981061058
2026.07.06 19:01:31,11374.28,11374.28,9.026793981061058
2026.07.06 20:01:31,11374.28,11374.28,9.026793981061058
2026.07.06 22:00:31,11374.28,11374.28,9.026793981061058
2026.07.06 23:00:31,11374.28,11374.28,9.026793981061058
2026.07.07 00:00:31,11374.28,11374.28,9.026793981061058
2026.07.07 01:00:31,11374.28,11374.28,9.026793981061058
2026.07.07 02:00:31,11374.28,11374.28,9.026793981061058
2026.07.07 03:00:31,11374.28,11374.28,9.026793981061058
2026.07.07 04:00:31,11374.28,11374.28,9.026793981061058
2026.07.07 05:00:31,11374.28,11374.28,9.026793981061058
2026.07.07 06:00:31,11374.28,11374.28,9.026793981061058
2026.07.07 07:00:31,11374.28,11374.28,9.026793981061058
2026.07.07 08:00:31,11374.28,11374.28,9.026793981061058
2026.07.07 09:00:31,11374.28,11374.28,9.026793981061058
2026.07.07 10:00:31,11374.28,11374.28,9.026793981061058
2026.07.07 11:00:31,11374.28,11374.28,9.026793981061058
2026.07.07 12:00:31,11374.22,11375.52,9.026793981061058
2026.07.07 13:00:31,11374.22,11392.51,9.026793981061058
2026.07.07 14:00:31,11374.22,11374.73,9.026793981061058
2026.07.07 15:00:31,11374.22,11369.0,9.026793981061058
2026.07.07 16:00:31,11374.22,11355.21,9.026793981061058
2026.07.07 17:00:31,11374.22,11362.8,9.026793981061058
2026.07.07 18:00:31,11374.22,11362.36,9.026793981061058
2026.07.07 19:00:31,11374.22,11342.44,9.026793981061058
2026.07.07 20:00:31,11333.56,11333.56,9.026793981061058
2026.07.07 22:00:31,11333.56,11333.56,9.026793981061058
2026.07.07 23:00:31,11333.56,11333.56,9.026793981061058
2026.07.08 00:00:31,11333.56,11333.56,9.026793981061058
2026.07.08 01:00:31,11333.56,11333.56,9.026793981061058
2026.07.08 02:00:31,11333.56,11333.56,9.026793981061058
2026.07.08 03:00:31,11333.56,11333.56,9.026793981061058
2026.07.08 04:00:31,11333.56,11333.56,9.026793981061058
2026.07.08 05:00:31,11333.56,11333.56,9.026793981061058
2026.07.08 06:00:31,11333.56,11333.56,9.026793981061058
2026.07.08 07:00:31,11333.56,11333.56,9.026793981061058
2026.07.08 08:00:31,11333.56,11333.56,9.026793981061058
2026.07.08 09:00:31,11333.56,11333.56,9.026793981061058
2026.07.08 10:00:31,11333.56,11333.56,9.026793981061058
2026.07.08 11:00:31,11333.56,11333.56,9.026793981061058
2026.07.08 12:00:31,11333.56,11333.56,9.026793981061058
2026.07.08 13:00:31,11333.56,11333.56,9.026793981061058
2026.07.08 14:00:31,11333.56,11333.56,9.026793981061058
2026.07.08 15:00:31,11333.56,11333.56,9.026793981061058
2026.07.08 16:00:31,11333.56,11333.56,9.026793981061058
2026.07.08 17:00:31,11333.56,11333.56,9.026793981061058
2026.07.08 18:00:31,11333.56,11333.56,9.026793981061058
2026.07.08 19:00:31,11333.56,11333.56,9.026793981061058
2026.07.08 20:00:31,11333.56,11333.56,9.026793981061058
2026.07.08 22:00:31,11333.56,11333.56,9.026793981061058
2026.07.08 23:00:31,11333.56,11333.56,9.026793981061058
2026.07.09 00:00:31,11333.56,11333.56,9.026793981061058
2026.07.09 01:00:31,11333.56,11333.56,9.026793981061058
2026.07.09 02:00:31,11333.56,11333.56,9.026793981061058
2026.07.09 03:00:31,11333.56,11333.56,9.026793981061058
2026.07.09 04:00:32,11333.56,11333.56,9.026793981061058
2026.07.09 05:00:32,11333.56,11333.56,9.026793981061058
2026.07.09 06:00:32,11333.56,11333.56,9.026793981061058
2026.07.09 07:00:32,11333.56,11333.56,9.026793981061058
2026.07.09 08:00:32,11333.56,11333.56,9.026793981061058
2026.07.09 09:00:32,11333.56,11333.56,9.026793981061058
2026.07.09 10:00:32,11333.56,11333.56,9.026793981061058
2026.07.09 11:00:32,11333.56,11333.56,9.026793981061058
2026.07.09 12:00:32,11333.56,11333.56,9.026793981061058
2026.07.09 13:00:32,11333.56,11333.56,9.026793981061058
2026.07.09 14:00:32,11333.56,11333.56,9.026793981061058
2026.07.09 15:00:32,11333.56,11333.56,9.026793981061058
2026.07.09 16:00:32,11333.56,11333.56,9.026793981061058
2026.07.09 17:00:32,11333.56,11333.56,9.026793981061058
2026.07.09 18:00:32,11333.56,11333.56,9.026793981061058
2026.07.09 19:00:32,11333.56,11333.56,9.026793981061058
2026.07.09 20:00:33,11333.56,11333.56,9.026793981061058
2026.07.09 22:00:30,11333.56,11333.56,9.026793981061058
2026.07.09 23:00:30,11333.56,11333.56,9.026793981061058
2026.07.10 00:00:30,11333.56,11333.56,9.026793981061058
2026.07.10 01:00:30,11333.56,11333.56,9.026793981061058
2026.07.10 02:00:30,11333.56,11333.56,9.026793981061058
2026.07.10 03:00:30,11333.56,11333.56,9.026793981061058
2026.07.10 04:00:31,11333.56,11333.56,9.026793981061058
2026.07.10 05:00:32,11333.56,11333.56,9.026793981061058
2026.07.10 06:00:32,11333.56,11333.56,9.026793981061058
2026.07.10 07:00:32,11333.56,11333.56,9.026793981061058
2026.07.10 08:00:32,11333.56,11333.56,9.026793981061058
2026.07.10 09:00:32,11333.56,11333.56,9.026793981061058
2026.07.10 10:00:33,11333.56,11333.56,9.026793981061058
2026.07.10 11:00:33,11333.56,11333.56,9.026793981061058
2026.07.10 12:00:33,11333.56,11333.56,9.026793981061058
2026.07.10 13:00:33,11333.56,11333.56,9.026793981061058
2026.07.10 14:00:33,11333.56,11333.56,9.026793981061058
2026.07.10 15:00:33,11333.56,11333.56,9.026793981061058
2026.07.10 16:00:34,11333.56,11333.56,9.026793981061058
2026.07.10 17:00:34,11333.56,11333.56,9.026793981061058
2026.07.10 18:00:34,11333.56,11333.56,9.026793981061058
2026.07.10 19:00:34,11333.56,11333.56,9.026793981061058
2026.07.10 20:00:35,11333.56,11333.56,9.026793981061058
2026.07.12 22:01:30,11333.56,11333.56,9.026793981061058
2026.07.12 23:01:30,11333.56,11333.56,9.026793981061058
2026.07.13 00:01:30,11333.56,11333.56,9.026793981061058
2026.07.13 01:01:30,11333.56,11333.56,9.026793981061058
2026.07.13 02:01:30,11333.56,11333.56,9.026793981061058
2026.07.13 03:01:30,11333.56,11333.56,9.026793981061058
2026.07.13 04:01:30,11333.56,11333.56,9.026793981061058
2026.07.13 05:01:30,11333.56,11333.56,9.026793981061058
2026.07.13 06:01:30,11333.56,11333.56,9.026793981061058
2026.07.13 07:01:30,11333.56,11333.56,9.026793981061058
2026.07.13 08:01:30,11333.56,11333.56,9.026793981061058
2026.07.13 09:01:30,11333.56,11333.56,9.026793981061058
2026.07.13 10:01:30,11333.56,11333.56,9.026793981061058
2026.07.13 11:01:30,11333.56,11333.56,9.026793981061058
2026.07.13 12:01:30,11333.56,11333.56,9.026793981061058
2026.07.13 13:01:30,11333.56,11333.56,9.026793981061058
2026.07.13 14:01:30,11333.56,11333.56,9.026793981061058
2026.07.13 15:01:30,11333.56,11333.56,9.026793981061058
2026.07.13 16:01:30,11333.56,11333.56,9.026793981061058
2026.07.13 17:01:30,11333.56,11333.56,9.026793981061058
2026.07.13 18:01:30,11333.56,11333.56,9.026793981061058
2026.07.13 19:01:30,11333.56,11333.56,9.026793981061058
2026.07.13 20:01:30,11333.56,11333.56,9.026793981061058
2026.07.13 22:00:30,11333.56,11333.56,9.026793981061058
2026.07.13 23:00:31,11333.56,11333.56,9.026793981061058
2026.07.14 00:00:31,11333.56,11333.56,9.026793981061058
2026.07.14 01:00:31,11333.56,11333.56,9.026793981061058
2026.07.14 02:00:31,11333.56,11333.56,9.026793981061058
2026.07.14 03:00:31,11333.56,11333.56,9.026793981061058
2026.07.14 04:00:31,11333.56,11333.56,9.026793981061058
2026.07.14 05:00:32,11333.56,11333.56,9.026793981061058
2026.07.14 06:00:32,11333.56,11333.56,9.026793981061058
2026.07.14 07:00:32,11333.56,11333.56,9.026793981061058
2026.07.14 08:00:32,11333.56,11333.56,9.026793981061058
2026.07.14 09:00:32,11333.56,11333.56,9.026793981061058
2026.07.14 10:00:32,11333.56,11333.56,9.026793981061058
2026.07.14 11:00:32,11333.56,11333.56,9.026793981061058
2026.07.14 12:00:32,11333.56,11333.56,9.026793981061058
2026.07.14 13:00:32,11333.56,11333.56,9.026793981061058
2026.07.14 14:00:32,11333.56,11333.56,9.026793981061058
2026.07.14 15:00:32,11333.56,11333.56,9.026793981061058
2026.07.14 16:00:32,11333.56,11333.56,9.026793981061058
2026.07.14 17:00:32,11333.56,11333.56,9.026793981061058
2026.07.14 18:00:32,11333.56,11333.56,9.026793981061058
2026.07.14 19:00:33,11333.56,11333.56,9.026793981061058
2026.07.14 20:00:33,11333.56,11333.56,9.026793981061058
2026.07.14 22:00:31,11333.56,11333.56,9.026793981061058
2026.07.14 23:00:31,11333.56,11333.56,9.026793981061058
2026.07.15 00:00:31,11333.56,11333.56,9.026793981061058
2026.07.15 01:00:31,11333.56,11333.56,9.026793981061058
2026.07.15 02:00:31,11333.56,11333.56,9.026793981061058
2026.07.15 03:00:31,11333.56,11333.56,9.026793981061058
2026.07.15 04:00:31,11333.56,11333.56,9.026793981061058
2026.07.15 05:00:31,11333.56,11333.56,9.026793981061058
2026.07.15 06:00:31,11333.56,11333.56,9.026793981061058
2026.07.15 07:00:31,11333.56,11333.56,9.026793981061058
2026.07.15 08:00:31,11333.56,11333.56,9.026793981061058
2026.07.15 09:00:31,11333.56,11333.56,9.026793981061058
2026.07.15 10:00:31,11333.56,11333.56,9.026793981061058
2026.07.15 11:00:31,11333.56,11333.56,9.026793981061058
2026.07.15 12:00:31,11333.56,11333.56,9.026793981061058
2026.07.15 13:00:31,11333.56,11333.56,9.026793981061058
2026.07.15 14:00:31,11333.56,11333.56,9.026793981061058
2026.07.15 15:00:31,11333.56,11333.56,9.026793981061058
2026.07.15 16:00:31,11333.56,11333.56,9.026793981061058
2026.07.15 17:00:31,11333.56,11333.56,9.026793981061058
2026.07.15 18:00:32,11333.56,11333.56,9.026793981061058
2026.07.15 19:00:32,11333.56,11333.56,9.026793981061058
2026.07.15 20:00:32,11333.56,11333.56,9.026793981061058
2026.07.15 22:00:30,11333.56,11333.56,9.026793981061058
2026.07.15 23:00:30,11333.56,11333.56,9.026793981061058
2026.07.16 00:00:30,11333.56,11333.56,9.026793981061058
2026.07.16 01:00:30,11333.56,11333.56,9.026793981061058
2026.07.16 02:00:30,11333.56,11333.56,9.026793981061058
2026.07.16 03:00:30,11333.56,11333.56,9.026793981061058
2026.07.16 04:00:30,11333.56,11333.56,9.026793981061058
2026.07.16 05:00:30,11333.56,11333.56,9.026793981061058
2026.07.16 06:00:30,11333.56,11333.56,9.026793981061058
2026.07.16 07:00:30,11333.56,11333.56,9.026793981061058
2026.07.16 08:00:30,11333.56,11333.56,9.026793981061058
2026.07.16 09:00:30,11333.56,11333.56,9.026793981061058
2026.07.16 10:00:30,11333.56,11333.56,9.026793981061058
2026.07.16 11:00:30,11333.56,11333.56,9.026793981061058
2026.07.16 12:00:31,11333.56,11333.56,9.026793981061058
2026.07.16 13:00:31,11333.56,11333.56,9.026793981061058
2026.07.16 14:00:31,11333.56,11333.56,9.026793981061058
2026.07.16 15:00:31,11333.56,11333.56,9.026793981061058
2026.07.16 16:00:31,11333.56,11333.56,9.026793981061058
2026.07.16 17:00:31,11333.56,11333.56,9.026793981061058
2026.07.16 18:00:31,11333.56,11333.56,9.026793981061058
2026.07.16 19:00:31,11333.56,11333.56,9.026793981061058
2026.07.16 20:00:31,11333.56,11333.56,9.026793981061058
2026.07.16 22:00:30,11333.56,11333.56,9.026793981061058
2026.07.16 23:00:31,11333.56,11333.56,9.026793981061058
2026.07.17 00:00:31,11333.56,11333.56,9.026793981061058
2026.07.17 01:00:31,11333.56,11333.56,9.026793981061058
2026.07.17 02:00:31,11333.56,11333.56,9.026793981061058
2026.07.17 03:00:31,11333.56,11333.56,9.026793981061058
2026.07.17 04:00:31,11333.56,11333.56,9.026793981061058
2026.07.17 05:00:31,11333.56,11333.56,9.026793981061058
2026.07.17 06:00:31,11333.56,11333.56,9.026793981061058
2026.07.17 07:00:31,11333.56,11333.56,9.026793981061058
2026.07.17 08:00:31,11333.56,11333.56,9.026793981061058
2026.07.17 09:00:32,11333.56,11333.56,9.026793981061058
2026.07.17 10:00:32,11333.56,11333.56,9.026793981061058
2026.07.17 11:00:32,11333.56,11333.56,9.026793981061058
2026.07.17 12:00:32,11333.56,11333.56,9.026793981061058
2026.07.17 13:00:32,11333.56,11333.56,9.026793981061058
2026.07.17 14:00:32,11333.56,11333.56,9.026793981061058
2026.07.17 15:00:32,11333.56,11333.56,9.026793981061058
2026.07.17 16:00:32,11333.56,11333.56,9.026793981061058
2026.07.17 17:00:32,11333.56,11333.56,9.026793981061058
2026.07.17 18:00:32,11333.56,11333.56,9.026793981061058
2026.07.17 19:00:32,11333.56,11333.56,9.026793981061058
2026.07.17 20:00:32,11333.56,11333.56,9.026793981061058
2026.07.19 22:01:30,11333.56,11333.56,9.026793981061058
2026.07.19 23:01:30,11333.56,11333.56,9.026793981061058
2026.07.20 00:01:30,11333.56,11333.56,9.026793981061058
2026.07.20 01:01:30,11333.56,11333.56,9.026793981061058
2026.07.20 02:01:30,11333.56,11333.56,9.026793981061058
2026.07.20 03:01:30,11333.56,11333.56,9.026793981061058
2026.07.20 04:01:30,11333.56,11333.56,9.026793981061058
2026.07.20 05:01:31,11333.56,11333.56,9.026793981061058
2026.07.20 06:01:31,11333.56,11333.56,9.026793981061058
2026.07.20 07:01:31,11333.56,11333.56,9.026793981061058
2026.07.20 08:01:31,11333.56,11333.56,9.026793981061058
2026.07.20 09:01:31,11333.56,11333.56,9.026793981061058
2026.07.20 10:01:31,11333.56,11333.56,9.026793981061058
2026.07.20 11:01:31,11333.56,11333.56,9.026793981061058
2026.07.20 12:01:31,11333.56,11333.56,9.026793981061058
2026.07.20 13:01:31,11333.56,11333.56,9.026793981061058
2026.07.20 14:01:31,11333.56,11333.56,9.026793981061058
2026.07.20 15:01:31,11333.56,11333.56,9.026793981061058
2026.07.20 16:01:31,11333.56,11333.56,9.026793981061058
2026.07.20 17:01:31,11333.56,11333.56,9.026793981061058
2026.07.20 18:01:31,11333.56,11333.56,9.026793981061058
2026.07.20 19:01:31,11333.56,11333.56,9.026793981061058
2026.07.20 20:01:31,11333.56,11333.56,9.026793981061058
2026.07.20 22:00:30,11333.56,11333.56,9.026793981061058
2026.07.20 23:00:30,11333.56,11333.56,9.026793981061058
2026.07.21 00:00:30,11333.56,11333.56,9.026793981061058
2026.07.21 01:00:30,11333.56,11333.56,9.026793981061058
2026.07.21 02:00:30,11333.56,11333.56,9.026793981061058
2026.07.21 03:00:30,11333.56,11333.56,9.026793981061058
2026.07.21 04:00:30,11333.56,11333.56,9.026793981061058
2026.07.21 05:00:30,11333.56,11333.56,9.026793981061058
2026.07.21 06:00:30,11333.56,11333.56,9.026793981061058
2026.07.21 07:00:30,11333.56,11333.56,9.026793981061058
2026.07.21 08:00:30,11333.56,11333.56,9.026793981061058
2026.07.21 09:00:30,11333.56,11333.56,9.026793981061058
2026.07.21 10:00:30,11333.56,11333.56,9.026793981061058
2026.07.21 11:00:30,11333.56,11333.56,9.026793981061058
2026.07.21 12:00:30,11333.56,11333.56,9.026793981061058
2026.07.21 13:00:30,11333.56,11333.56,9.026793981061058
2026.07.21 14:00:30,11333.56,11333.56,9.026793981061058
2026.07.21 15:00:30,11333.56,11333.56,9.026793981061058
2026.07.21 16:00:30,11333.56,11333.56,9.026793981061058
2026.07.21 17:00:30,11333.56,11333.56,9.026793981061058
2026.07.21 18:00:30,11333.56,11333.56,9.026793981061058
2026.07.21 19:00:30,11333.56,11333.56,9.026793981061058
2026.07.21 20:00:30,11333.56,11333.56,9.026793981061058
2026.07.21 22:00:30,11333.56,11333.56,9.026793981061058
2026.07.21 23:00:30,11333.56,11333.56,9.026793981061058
2026.07.22 00:00:30,11333.56,11333.56,9.026793981061058
2026.07.22 01:00:30,11333.39,11351.32,9.026793981061058
2026.07.22 02:00:30,11333.39,11405.77,9.026793981061058
2026.07.22 03:00:30,11333.39,11432.65,9.026793981061058
2026.07.22 04:00:30,11455.19,11455.19,9.026793981061058
2026.07.22 05:00:30,11455.19,11455.19,9.026793981061058
2026.07.22 06:00:30,11455.19,11455.19,9.026793981061058
2026.07.22 07:00:30,11455.19,11455.19,9.026793981061058
2026.07.22 08:00:30,11455.19,11455.19,9.026793981061058
2026.07.22 09:00:30,11455.19,11455.19,9.026793981061058
2026.07.22 10:00:30,11455.19,11455.19,9.026793981061058
2026.07.22 11:00:30,11455.19,11455.19,9.026793981061058
2026.07.22 12:00:30,11455.19,11455.19,9.026793981061058
2026.07.22 13:00:30,11455.19,11455.19,9.026793981061058
2026.07.22 14:00:30,11455.02,11455.06,9.026793981061058
2026.07.22 15:00:30,11455.02,11443.35,9.026793981061058
2026.07.22 16:00:30,11455.02,11466.6,9.026793981061058
2026.07.22 17:00:30,11455.02,11433.01,9.026793981061058
2026.07.22 18:00:30,11410.95,11410.95,9.026793981061058
2026.07.22 19:00:30,11410.95,11410.95,9.026793981061058
2026.07.22 20:00:30,11410.95,11410.95,9.026793981061058
2026.07.22 22:00:48,11410.95,11410.95,9.026793981061058
2026.07.22 23:00:48,11410.95,11410.95,9.026793981061058
2026.07.23 00:00:48,11410.95,11410.95,9.026793981061058
2026.07.23 01:00:48,11410.95,11410.95,9.026793981061058
2026.07.23 02:00:48,11410.95,11410.95,9.026793981061058
2026.07.23 03:00:48,11410.95,11410.95,9.026793981061058
2026.07.23 04:00:48,11410.95,11410.95,9.026793981061058
2026.07.23 05:00:48,11410.95,11410.95,9.026793981061058
2026.07.23 06:00:48,11410.95,11410.95,9.026793981061058
2026.07.23 07:00:49,11410.95,11410.95,9.026793981061058
2026.07.23 08:00:49,11410.95,11410.95,9.026793981061058
2026.07.23 09:00:49,11410.95,11410.95,9.026793981061058
2026.07.23 10:00:49,11410.95,11410.95,9.026793981061058
2026.07.23 11:00:49,11410.95,11410.95,9.026793981061058
2026.07.23 12:00:49,11410.95,11410.95,9.026793981061058
2026.07.23 13:00:49,11410.95,11410.95,9.026793981061058
2026.07.23 14:00:49,11410.95,11410.95,9.026793981061058
2026.07.23 15:00:49,11410.95,11410.95,9.026793981061058
2026.07.23 16:00:49,11410.95,11410.95,9.026793981061058
2026.07.23 17:00:49,11410.95,11410.95,9.026793981061058
2026.07.23 18:00:49,11410.95,11410.95,9.026793981061058
2026.07.23 19:00:49,11410.95,11410.95,9.026793981061058
2026.07.23 20:00:49,11410.95,11410.95,9.026793981061058
2026.07.23 22:00:31,11410.95,11410.95,9.026793981061058
2026.07.23 23:00:32,11410.95,11410.95,9.026793981061058
2026.07.24 00:00:32,11410.95,11410.95,9.026793981061058
2026.07.24 01:00:32,11410.95,11410.95,9.026793981061058
2026.07.24 02:00:32,11410.95,11410.95,9.026793981061058
2026.07.24 03:00:32,11410.95,11410.95,9.026793981061058
2026.07.24 04:00:33,11410.95,11410.95,9.026793981061058
2026.07.24 05:00:33,11410.95,11410.95,9.026793981061058
2026.07.24 06:00:34,11410.95,11410.95,9.026793981061058
2026.07.24 07:00:34,11410.95,11410.95,9.026793981061058
2026.07.24 08:00:34,11410.95,11410.95,9.026793981061058
2026.07.24 09:00:34,11410.95,11410.95,9.026793981061058
2026.07.24 10:00:34,11410.95,11410.95,9.026793981061058
2026.07.24 11:00:34,11410.95,11410.95,9.026793981061058
2026.07.24 12:00:34,11410.95,11410.95,9.026793981061058
2026.07.24 13:00:34,11410.95,11410.95,9.026793981061058
2026.07.24 14:00:34,11410.95,11410.95,9.026793981061058
2026.07.24 15:00:34,11410.95,11410.95,9.026793981061058
2026.07.24 16:00:34,11410.95,11410.95,9.026793981061058
2026.07.24 17:00:34,11410.95,11410.95,9.026793981061058
2026.07.24 18:00:34,11410.95,11410.95,9.026793981061058
2026.07.24 19:00:34,11410.95,11410.95,9.026793981061058
2026.07.24 20:00:34,11410.95,11410.95,9.026793981061058
2026.07.26 22:01:30,11410.95,11410.95,9.026793981061058
2026.07.26 23:01:30,11410.95,11410.95,9.026793981061058
2026.07.27 00:01:30,11410.95,11410.95,9.026793981061058
2026.07.27 01:01:30,11410.95,11410.95,9.026793981061058
2026.07.27 02:01:30,11410.95,11410.95,9.026793981061058
2026.07.27 03:01:30,11410.95,11410.95,9.026793981061058
2026.07.27 04:01:30,11410.95,11410.95,9.026793981061058
2026.07.27 05:01:30,11410.95,11410.95,9.026793981061058
2026.07.27 06:01:30,11410.95,11410.95,9.026793981061058
2026.07.27 07:01:30,11410.95,11410.95,9.026793981061058
2026.07.27 08:01:30,11410.95,11410.95,9.026793981061058
2026.07.27 09:01:30,11410.95,11410.95,9.026793981061058
2026.07.27 10:01:30,11410.95,11410.95,9.026793981061058
2026.07.27 11:01:30,11410.95,11410.95,9.026793981061058
2026.07.27 12:01:30,11410.95,11410.95,9.026793981061058
2026.07.27 13:01:30,11410.95,11410.95,9.026793981061058
2026.07.27 14:01:30,11410.95,11410.95,9.026793981061058
2026.07.27 15:01:30,11410.95,11410.95,9.026793981061058
2026.07.27 16:01:30,11410.95,11410.95,9.026793981061058
2026.07.27 17:01:30,11410.95,11410.95,9.026793981061058
2026.07.27 18:01:30,11410.95,11410.95,9.026793981061058
2026.07.27 19:01:30,11410.95,11410.95,9.026793981061058
2026.07.27 20:01:30,11410.89,11410.18,9.026793981061058
2026.07.27 22:00:30,11410.89,11406.82,9.026793981061058
2026.07.27 23:00:30,11410.89,11400.88,9.026793981061058
2026.07.28 00:00:30,11410.89,11398.0,9.026793981061058
2026.07.28 01:00:30,11410.89,11382.91,9.026793981061058
2026.07.28 02:00:30,11370.67,11370.67,9.026793981061058
2026.07.28 03:00:30,11370.67,11370.67,9.026793981061058
2026.07.28 04:00:30,11370.67,11370.67,9.026793981061058
2026.07.28 05:00:30,11370.67,11370.67,9.026793981061058
2026.07.28 06:00:30,11370.67,11370.67,9.026793981061058
2026.07.28 07:00:30,11370.67,11370.67,9.026793981061058
2026.07.28 08:00:30,11370.67,11370.67,9.026793981061058
2026.07.28 09:00:30,11370.67,11370.67,9.026793981061058
2026.07.28 10:00:30,11370.67,11370.67,9.026793981061058
2026.07.28 11:00:30,11370.67,11370.67,9.026793981061058
2026.07.28 12:00:30,11370.67,11370.67,9.026793981061058
2026.07.28 13:00:30,11370.67,11370.67,9.026793981061058
2026.07.28 14:00:30,11370.67,11370.67,9.026793981061058
2026.07.28 15:00:30,11370.67,11370.67,9.026793981061058
2026.07.28 16:00:30,11370.67,11370.67,9.026793981061058
2026.07.28 17:00:30,11370.67,11370.67,9.026793981061058
2026.07.28 18:00:30,11370.67,11370.67,9.026793981061058
2026.07.28 19:00:30,11370.67,11370.67,9.026793981061058
2026.07.28 20:00:30,11370.67,11370.67,9.026793981061058
2026.07.28 22:00:30,11370.67,11370.67,9.026793981061058
2026.07.28 23:00:30,11370.67,11370.67,9.026793981061058
2026.07.29 00:00:30,11370.67,11370.67,9.026793981061058
2026.07.29 01:00:30,11370.67,11370.67,9.026793981061058
2026.07.29 02:00:30,11370.67,11370.67,9.026793981061058
2026.07.29 03:00:31,11370.67,11370.67,9.026793981061058
2026.07.29 04:00:31,11370.67,11370.67,9.026793981061058
2026.07.29 05:00:31,11370.67,11370.67,9.026793981061058
2026.07.29 06:00:31,11370.67,11370.67,9.026793981061058
2026.07.29 07:00:31,11370.67,11370.67,9.026793981061058
2026.07.29 08:00:31,11370.67,11370.67,9.026793981061058
2026.07.29 09:00:31,11370.67,11370.67,9.026793981061058
2026.07.29 10:00:31,11370.67,11370.67,9.026793981061058
2026.07.29 11:00:31,11370.67,11370.67,9.026793981061058
2026.07.29 12:00:31,11370.67,11370.67,9.026793981061058
2026.07.29 13:00:31,11370.67,11370.67,9.026793981061058
2026.07.29 14:00:31,11370.67,11370.67,9.026793981061058
2026.07.29 15:00:31,11370.67,11370.67,9.026793981061058
2026.07.29 16:00:31,11370.67,11370.67,9.026793981061058
2026.07.29 17:00:31,11370.67,11370.67,9.026793981061058
2026.07.29 18:00:31,11370.67,11370.67,9.026793981061058
2026.07.29 19:00:31,11370.5,11376.63,9.026793981061058
2026.07.29 20:00:31,11320.13,11320.13,9.026793981061058
2026.07.29 22:00:30,11320.13,11320.13,9.026793981061058
2026.07.29 23:00:30,11320.13,11320.13,9.026793981061058
2026.07.30 00:00:30,11320.13,11320.13,9.026793981061058
2026.07.30 01:00:30,11320.13,11320.13,9.026793981061058
2026.07.30 02:00:30,11320.13,11320.13,9.026793981061058
2026.07.30 03:00:30,11320.13,11320.13,9.026793981061058
2026.07.30 04:00:30,11320.13,11320.13,9.026793981061058
2026.07.30 05:00:30,11320.13,11320.13,9.026793981061058
2026.07.30 06:00:30,11320.13,11320.13,9.026793981061058
2026.07.30 07:00:30,11320.13,11320.13,9.026793981061058
2026.07.30 08:00:30,11320.13,11320.13,9.026793981061058
2026.07.30 09:00:30,11320.13,11320.13,9.026793981061058
2026.07.30 10:00:30,11320.13,11320.13,9.026793981061058
2026.07.30 11:00:30,11320.13,11320.13,9.026793981061058
2026.07.30 12:00:30,11320.13,11320.13,9.026793981061058
2026.07.30 13:00:30,11320.13,11320.13,9.026793981061058
2026.07.30 14:00:30,11320.13,11320.13,9.026793981061058
2026.07.30 15:00:30,11320.13,11320.13,9.026793981061058
2026.07.30 16:00:30,11320.13,11320.13,9.026793981061058
2026.07.30 17:00:30,11320.13,11320.13,9.026793981061058
2026.07.30 18:00:30,11320.13,11320.13,9.026793981061058
2026.07.30 19:00:30,11320.13,11320.13,9.026793981061058
2026.07.30 20:00:30,11320.13,11320.13,9.026793981061058
2026.07.30 22:00:33,11320.13,11320.13,9.026793981061058
2026.07.30 23:00:33,11320.13,11320.13,9.026793981061058
2026.07.31 00:00:33,11320.13,11320.13,9.026793981061058
2026.07.31 01:00:33,11320.13,11320.13,9.026793981061058
2026.07.31 02:00:33,11320.13,11320.13,9.026793981061058
2026.07.31 03:00:33,11320.13,11320.13,9.026793981061058
2026.07.31 04:00:33,11320.13,11320.13,9.026793981061058
2026.07.31 05:00:33,11320.13,11320.13,9.026793981061058
2026.07.31 06:00:33,11320.13,11320.13,9.026793981061058
2026.07.31 07:00:33,11320.13,11320.13,9.026793981061058
2026.07.31 08:00:33,11320.13,11320.13,9.026793981061058
2026.07.31 09:00:33,11320.13,11320.13,9.026793981061058
2026.07.31 10:00:33,11320.13,11320.13,9.026793981061058
2026.07.31 11:00:33,11320.13,11320.13,9.026793981061058
2026.07.31 12:00:33,11320.13,11320.13,9.026793981061058
2026.07.31 13:00:33,11320.13,11320.13,9.026793981061058
2026.07.31 14:00:33,11320.13,11320.13,9.026793981061058
2026.07.31 15:00:33,11320.13,11320.13,9.026793981061058
2026.07.31 16:00:33,11320.13,11320.13,9.026793981061058
2026.07.31 17:00:33,11320.13,11320.13,9.026793981061058
2026.07.31 18:00:33,11320.13,11320.13,9.026793981061058
2026.07.31 19:00:33,11320.13,11320.13,9.026793981061058
2026.07.31 20:00:33,11320.13,11320.13,9.026793981061058
2026.08.02 22:01:30,11320.13,11320.13,9.026793981061058
2026.08.02 23:01:30,11320.13,11320.13,9.026793981061058
2026.08.03 00:01:30,11320.13,11320.13,9.026793981061058
2026.08.03 01:01:30,11320.13,11320.13,9.026793981061058
2026.08.03 02:01:30,11320.13,11320.13,9.026793981061058
2026.08.03 03:01:31,11320.13,11320.13,9.026793981061058
2026.08.03 04:01:33,11320.13,11320.13,9.026793981061058
2026.08.03 05:01:33,11320.13,11320.13,9.026793981061058
2026.08.03 06:01:33,11320.13,11320.13,9.026793981061058
2026.08.03 07:01:33,11320.13,11320.13,9.026793981061058
2026.08.03 08:01:33,11320.13,11320.13,9.026793981061058
2026.08.03 09:01:33,11320.13,11320.13,9.026793981061058
2026.08.03 10:01:33,11320.13,11320.13,9.026793981061058
2026.08.03 11:01:33,11320.13,11320.13,9.026793981061058
2026.08.03 12:01:33,11320.13,11320.13,9.026793981061058
2026.08.03 13:01:33,11320.13,11320.13,9.026793981061058
2026.08.03 14:01:33,11320.13,11320.13,9.026793981061058
2026.08.03 15:01:33,11320.13,11320.13,9.026793981061058
2026.08.03 16:01:34,11320.13,11320.13,9.026793981061058
2026.08.03 17:01:34,11320.13,11320.13,9.026793981061058
2026.08.03 18:01:34,11320.13,11320.13,9.026793981061058
2026.08.03 19:01:34,11320.13,11320.13,9.026793981061058
2026.08.03 20:01:34,11320.13,11320.13,9.026793981061058
2026.08.03 22:00:30,11320.13,11320.13,9.026793981061058
2026.08.03 23:00:30,11320.13,11320.13,9.026793981061058
2026.08.04 00:00:30,11320.13,11320.13,9.026793981061058
2026.08.04 01:00:30,11320.13,11320.13,9.026793981061058
2026.08.04 02:00:30,11320.13,11320.13,9.026793981061058
2026.08.04 03:00:30,11320.13,11320.13,9.026793981061058
2026.08.04 04:00:30,11320.13,11320.13,9.026793981061058
2026.08.04 05:00:30,11320.13,11320.13,9.026793981061058
2026.08.04 06:00:30,11320.13,11320.13,9.026793981061058
2026.08.04 07:00:30,11320.13,11320.13,9.026793981061058
2026.08.04 08:00:30,11320.13,11320.13,9.026793981061058
2026.08.04 09:00:30,11320.13,11320.13,9.026793981061058
2026.08.04 10:00:31,11320.13,11320.13,9.026793981061058
2026.08.04 11:00:31,11320.13,11320.13,9.026793981061058
2026.08.04 12:00:31,11320.13,11320.13,9.026793981061058
2026.08.04 13:00:31,11320.13,11320.13,9.026793981061058
2026.08.04 14:00:31,11320.13,11320.13,9.026793981061058
2026.08.04 15:00:31,11320.13,11320.13,9.026793981061058
2026.08.04 16:00:31,11320.13,11320.13,9.026793981061058
2026.08.04 17:00:31,11320.13,11320.13,9.026793981061058
2026.08.04 18:00:31,11320.13,11320.13,9.026793981061058
2026.08.04 19:00:31,11320.13,11320.13,9.026793981061058
2026.08.04 20:00:31,11320.13,11320.13,9.026793981061058
2026.08.04 22:00:30,11320.13,11320.13,9.026793981061058
2026.08.04 23:00:30,11320.13,11320.13,9.026793981061058
2026.08.05 00:00:30,11320.13,11320.13,9.026793981061058
2026.08.05 01:00:30,11320.07,11321.7,9.026793981061058
2026.08.05 02:00:30,11320.07,11339.04,9.026793981061058
2026.08.05 03:00:30,11319.9,11371.71,9.026793981061058
2026.08.05 04:00:30,11319.9,11369.31,9.026793981061058
2026.08.05 05:00:30,11319.9,11389.81,9.026793981061058
2026.08.05 06:00:30,11319.9,11502.52,9.026793981061058
2026.08.05 07:00:30,11319.9,11562.21,9.026793981061058
2026.08.05 08:00:30,11319.9,11537.63,9.026793981061058
2026.08.05 09:00:30,11319.9,11496.45,9.026793981061058
2026.08.05 10:00:31,11319.9,11477.43,9.026793981061058
2026.08.05 11:00:31,11319.9,11498.65,9.026793981061058
2026.08.05 12:00:31,11473.16,11581.3,9.026793981061058
2026.08.05 13:00:31,11473.16,11581.78,9.026793981061058
2026.08.05 14:00:31,11473.16,11595.88,9.026793981061058
2026.08.05 15:00:31,11608.56,11612.67,9.026793981061058
2026.08.05 16:00:31,11608.56,11581.82,9.026793981061058
2026.08.05 17:00:31,11608.56,11600.48,9.026793981061058
2026.08.05 18:00:31,11608.56,11620.93,9.026793981061058
2026.08.05 19:00:31,11608.56,11643.16,9.026793981061058
2026.08.05 20:00:31,11608.56,11614.73,9.026793981061058
2026.08.05 22:00:33,11608.56,11617.39,9.026793981061058
2026.08.05 23:00:34,11608.56,11619.79,9.026793981061058
2026.08.06 00:00:34,11608.56,11662.28,9.026793981061058
2026.08.06 01:00:34,11608.56,11708.36,9.026793981061058
2026.08.06 02:00:34,11608.56,11686.83,9.026793981061058
2026.08.06 03:00:34,11724.42,11724.42,9.026793981061058
2026.08.06 04:00:34,11724.42,11724.42,9.026793981061058
2026.08.06 05:00:34,11724.42,11724.42,9.026793981061058
2026.08.06 06:00:34,11724.42,11724.42,9.026793981061058
2026.08.06 07:00:34,11724.42,11724.42,9.026793981061058
2026.08.06 08:00:34,11724.42,11724.42,9.026793981061058
2026.08.06 09:00:34,11724.42,11724.42,9.026793981061058
2026.08.06 10:00:34,11724.42,11724.42,9.026793981061058
2026.08.06 11:00:34,11724.42,11724.42,9.026793981061058
2026.08.06 12:00:34,11724.42,11724.42,9.026793981061058
2026.08.06 13:00:34,11724.42,11724.42,9.026793981061058
2026.08.06 14:00:34,11724.42,11724.42,9.026793981061058
2026.08.06 15:00:34,11724.42,11724.42,9.026793981061058
2026.08.06 16:00:34,11724.42,11724.42,9.026793981061058
2026.08.06 17:00:34,11724.42,11724.42,9.026793981061058
2026.08.06 18:00:34,11724.42,11724.42,9.026793981061058
2026.08.06 19:00:34,11724.42,11724.42,9.026793981061058
2026.08.06 20:00:34,11724.42,11724.42,9.026793981061058
2026.08.06 22:00:31,11724.42,11724.42,9.026793981061058
2026.08.06 23:00:31,11724.42,11724.42,9.026793981061058
2026.08.07 00:00:31,11724.36,11722.14,9.026793981061058
2026.08.07 01:00:31,11724.36,11710.42,9.026793981061058
2026.08.07 02:00:31,11724.36,11728.01,9.026793981061058
2026.08.07 03:00:31,11724.36,11721.77,9.026793981061058
2026.08.07 04:00:31,11724.36,11737.23,9.026793981061058
2026.08.07 05:00:31,11724.36,11736.95,9.026793981061058
2026.08.07 06:00:31,11724.36,11751.82,9.026793981061058
2026.08.07 07:00:31,11724.36,11768.77,9.026793981061058
2026.08.07 08:00:31,11724.36,11763.01,9.026793981061058
2026.08.07 09:00:31,11724.36,11776.83,9.026793981061058
2026.08.07 10:00:31,11724.36,11788.47,9.026793981061058
2026.08.07 11:00:31,11724.36,11789.85,9.026793981061058
2026.08.07 12:00:31,11724.36,11793.21,9.026793981061058
2026.08.07 13:00:31,11724.25,11828.63,9.026793981061058
2026.08.07 14:00:31,11685.88,11777.51,9.026793981061058
2026.08.07 15:00:31,11685.88,11778.01,9.026793981061058
2026.08.07 16:00:31,11685.88,11773.06,9.026793981061058
2026.08.07 17:00:31,11685.88,11761.85,9.026793981061058
2026.08.07 18:00:31,11685.88,11772.84,9.026793981061058
2026.08.07 19:00:31,11685.88,11771.31,9.026793981061058
2026.08.07 20:00:31,11685.88,11776.77,9.026793981061058
2026.08.09 22:01:30,11685.88,11780.73,9.026793981061058
2026.08.09 23:01:31,11685.88,11774.97,9.026793981061058
2026.08.10 00:01:31,11685.88,11768.69,9.026793981061058
2026.08.10 01:01:31,11685.88,11768.07,9.026793981061058
2026.08.10 02:01:31,11685.88,11754.22,9.026793981061058
2026.08.10 03:01:31,11685.88,11752.43,9.026793981061058
2026.08.10 04:01:31,11685.88,11759.28,9.026793981061058
2026.08.10 05:01:31,11685.88,11770.59,9.026793981061058
2026.08.10 06:01:31,11685.88,11778.05,9.026793981061058
2026.08.10 07:01:31,11685.88,11787.99,9.026793981061058
2026.08.10 08:01:31,11685.88,11787.68,9.026793981061058
2026.08.10 09:01:31,11685.88,11780.23,9.026793981061058
2026.08.10 10:01:31,11685.88,11774.06,9.026793981061058
2026.08.10 11:01:31,11685.88,11768.44,9.026793981061058
2026.08.10 12:01:31,11685.88,11766.52,9.026793981061058
2026.08.10 13:01:31,11685.88,11763.65,9.026793981061058
2026.08.10 14:01:31,11685.88,11756.27,9.026793981061058
2026.08.10 15:01:31,11685.88,11777.4,9.026793981061058
2026.08.10 16:01:31,11685.88,11792.61,9.026793981061058
2026.08.10 17:01:31,11685.88,11789.08,9.026793981061058
2026.08.10 18:01:31,11685.88,11795.87,9.026793981061058
2026.08.10 19:01:31,11685.88,11812.58,9.026793981061058
2026.08.10 20:01:31,11685.88,11822.19,9.026793981061058
2026.08.10 22:00:31,11685.88,11824.09,9.026793981061058
2026.08.10 23:00:31,11685.88,11834.1,9.026793981061058
2026.08.11 00:00:31,11685.88,11833.65,9.026793981061058
2026.08.11 01:00:31,11851.76,11851.76,9.026793981061058
2026.08.11 02:00:31,11851.59,11840.62,9.026793981061058
2026.08.11 03:00:31,11800.41,11800.41,9.026793981061058
2026.08.11 04:00:31,11800.41,11800.41,9.026793981061058
2026.08.11 05:00:31,11800.41,11800.41,9.026793981061058
2026.08.11 06:00:31,11800.41,11800.41,9.026793981061058
2026.08.11 07:00:31,11800.41,11800.41,9.026793981061058
2026.08.11 08:00:31,11800.41,11800.41,9.026793981061058
2026.08.11 09:00:31,11800.41,11800.41,9.026793981061058
2026.08.11 10:00:31,11800.41,11800.41,9.026793981061058
2026.08.11 11:00:31,11800.35,11799.56,9.026793981061058
2026.08.11 12:00:31,11800.35,11803.03,9.026793981061058
2026.08.11 13:00:31,11800.35,11812.73,9.026793981061058
2026.08.11 14:00:31,11800.35,11804.41,9.026793981061058
2026.08.11 15:00:31,11800.35,11813.76,9.026793981061058
2026.08.11 16:00:31,11800.35,11801.28,9.026793981061058
2026.08.11 17:00:31,11800.35,11801.27,9.026793981061058
2026.08.11 18:00:31,11800.35,11785.92,9.026793981061058
2026.08.11 19:00:31,11800.35,11789.43,9.026793981061058
2026.08.11 20:00:31,11800.35,11788.52,9.026793981061058
2026.08.11 22:00:30,11800.35,11790.55,9.026793981061058
2026.08.11 23:00:30,11800.35,11786.51,9.026793981061058
2026.08.12 00:00:30,11800.35,11787.34,9.026793981061058
2026.08.12 01:00:30,11800.35,11797.78,9.026793981061058
2026.08.12 02:00:30,11800.35,11812.46,9.026793981061058
2026.08.12 03:00:30,11800.35,11829.33,9.026793981061058
2026.08.12 04:00:30,11800.35,11820.08,9.026793981061058
2026.08.12 05:00:31,11800.35,11818.67,9.026793981061058
2026.08.12 06:00:31,11800.35,11808.18,9.026793981061058
2026.08.12 07:00:31,11800.35,11822.23,9.026793981061058
2026.08.12 08:00:32,11800.35,11824.34,9.026793981061058
2026.08.12 09:00:32,11800.35,11820.29,9.026793981061058
2026.08.12 10:00:32,11800.35,11832.78,9.026793981061058
2026.08.12 11:00:32,11800.35,11831.74,9.026793981061058
2026.08.12 12:00:32,11800.35,11830.5,9.026793981061058
2026.08.12 13:00:32,11800.18,11855.19,9.026793981061058
2026.08.12 14:00:32,11750.96,11792.67,9.026793981061058
2026.08.12 15:00:32,11750.96,11787.87,9.026793981061058
2026.08.12 16:00:32,11750.96,11790.94,9.026793981061058
2026.08.12 17:00:32,11750.96,11768.03,9.026793981061058
2026.08.12 18:00:32,11750.96,11766.46,9.026793981061058
2026.08.12 19:00:32,11750.96,11782.79,9.026793981061058
2026.08.12 20:00:32,11750.96,11780.59,9.026793981061058
2026.08.12 22:00:30,11750.96,11776.54,9.026793981061058
2026.08.12 23:00:30,11750.96,11771.05,9.026793981061058
2026.08.13 00:00:30,11750.96,11779.74,9.026793981061058
2026.08.13 01:00:30,11750.96,11790.59,9.026793981061058
2026.08.13 02:00:30,11750.96,11773.94,9.026793981061058
2026.08.13 03:00:30,11750.96,11774.8,9.026793981061058
2026.08.13 04:00:30,11750.96,11765.02,9.026793981061058
2026.08.13 05:00:30,11750.96,11762.67,9.026793981061058
2026.08.13 06:00:30,11750.96,11749.31,9.026793981061058
2026.08.13 07:00:30,11750.96,11746.23,9.026793981061058
2026.08.13 08:00:30,11750.96,11736.0,9.026793981061058
2026.08.13 09:00:30,11750.96,11742.4,9.026793981061058
2026.08.13 10:00:30,11750.96,11750.77,9.026793981061058
2026.08.13 11:00:30,11750.96,11759.5,9.026793981061058
2026.08.13 12:00:30,11750.96,11753.17,9.026793981061058
2026.08.13 13:00:30,11750.96,11763.84,9.026793981061058
2026.08.13 14:00:30,11750.96,11740.66,9.026793981061058
2026.08.13 15:00:30,11750.96,11751.51,9.026793981061058
2026.08.13 16:00:30,11750.96,11733.59,9.026793981061058
2026.08.13 17:00:30,11750.96,11734.81,9.026793981061058
2026.08.13 18:00:30,11750.96,11723.9,9.026793981061058
2026.08.13 19:00:30,11750.96,11723.49,9.026793981061058
2026.08.13 20:00:30,11750.96,11716.67,9.026793981061058
2026.08.13 22:00:30,11750.96,11720.12,9.026793981061058
2026.08.13 23:00:30,11750.96,11720.67,9.026793981061058
2026.08.14 00:00:30,11750.96,11721.61,9.026793981061058
2026.08.14 01:00:30,11750.96,11705.68,9.026793981061058
2026.08.14 02:00:30,11690.81,11690.81,9.026793981061058
2026.08.14 03:00:30,11690.81,11690.81,9.026793981061058
2026.08.14 04:00:31,11690.81,11690.81,9.026793981061058
2026.08.14 05:00:31,11690.81,11690.81,9.026793981061058
2026.08.14 06:00:31,11690.81,11690.81,9.026793981061058
2026.08.14 07:00:31,11690.81,11690.81,9.026793981061058
2026.08.14 08:00:31,11690.81,11690.81,9.026793981061058
2026.08.14 09:00:31,11690.81,11690.81,9.026793981061058
2026.08.14 10:00:31,11690.81,11690.81,9.026793981061058
2026.08.14 11:00:31,11690.81,11690.81,9.026793981061058
2026.08.14 12:00:31,11690.75,11693.62,9.026793981061058
2026.08.14 13:00:31,11690.75,11692.64,9.026793981061058
2026.08.14 14:00:31,11690.75,11712.87,9.026793981061058
2026.08.14 15:00:31,11690.75,11704.51,9.026793981061058
2026.08.14 16:00:31,11690.75,11715.15,9.026793981061058
2026.08.14 17:00:31,11690.75,11707.44,9.026793981061058
2026.08.14 18:00:32,11690.75,11698.69,9.026793981061058
2026.08.14 19:00:32,11690.75,11694.54,9.026793981061058
2026.08.14 20:00:32,11690.75,11695.97,9.026793981061058
2026.08.16 22:01:30,11690.75,11700.48,9.026793981061058
2026.08.16 23:01:30,11690.75,11704.48,9.026793981061058
2026.08.17 00:01:30,11690.75,11689.47,9.026793981061058
2026.08.17 01:01:30,11690.75,11724.43,9.026793981061058
2026.08.17 02:01:31,11690.75,11718.17,9.026793981061058
2026.08.17 03:01:31,11690.75,11715.07,9.026793981061058
2026.08.17 04:01:31,11690.75,11718.63,9.026793981061058
2026.08.17 05:01:31,11690.75,11712.54,9.026793981061058
2026.08.17 06:01:31,11690.75,11717.98,9.026793981061058
2026.08.17 07:01:31,11690.75,11723.8,9.026793981061058
2026.08.17 08:01:31,11690.75,11723.06,9.026793981061058
2026.08.17 09:01:31,11690.75,11715.91,9.026793981061058
2026.08.17 10:01:31,11690.75,11716.42,9.026793981061058
2026.08.17 11:01:31,11690.75,11719.69,9.026793981061058
2026.08.17 12:01:31,11690.75,11715.69,9.026793981061058
2026.08.17 13:01:31,11690.75,11706.65,9.026793981061058
2026.08.17 14:01:31,11690.75,11727.97,9.026793981061058
2026.08.17 15:01:31,11690.75,11737.94,9.026793981061058
2026.08.17 16:01:32,11690.75,11748.11,9.026793981061058
2026.08.17 17:01:32,11690.75,11746.04,9.026793981061058
2026.08.17 18:01:32,11690.75,11734.85,9.026793981061058
2026.08.17 19:01:32,11690.75,11726.25,9.026793981061058
2026.08.17 20:01:33,11690.75,11740.11,9.026793981061058
2026.08.17 22:00:30,11690.75,11738.82,9.026793981061058
2026.08.17 23:00:30,11690.75,11732.35,9.026793981061058
2026.08.18 00:00:30,11690.75,11743.4,9.026793981061058
2026.08.18 01:00:30,11690.75,11752.06,9.026793981061058
2026.08.18 02:00:30,11690.75,11727.78,9.026793981061058
2026.08.18 03:00:30,11690.75,11721.13,9.026793981061058
2026.08.18 04:00:30,11690.75,11710.97,9.026793981061058
2026.08.18 05:00:31,11690.75,11714.33,9.026793981061058
2026.08.18 06:00:31,11690.75,11713.26,9.026793981061058
2026.08.18 07:00:31,11690.75,11718.88,9.026793981061058
2026.08.18 08:00:31,11690.75,11715.55,9.026793981061058
2026.08.18 09:00:31,11690.75,11713.25,9.026793981061058
2026.08.18 10:00:31,11690.75,11713.38,9.026793981061058
2026.08.18 11:00:31,11690.75,11717.36,9.026793981061058
2026.08.18 12:00:31,11690.75,11715.21,9.026793981061058
2026.08.18 13:00:31,11690.75,11712.63,9.026793981061058
2026.08.18 14:00:31,11690.75,11715.31,9.026793981061058
2026.08.18 15:00:31,11690.75,11690.44,9.026793981061058
2026.08.18 16:00:31,11690.75,11686.78,9.026793981061058
2026.08.18 17:00:31,11690.75,11685.33,9.026793981061058
2026.08.18 18:00:31,11690.75,11676.89,9.026793981061058
2026.08.18 19:00:31,11690.75,11674.97,9.026793981061058
2026.08.18 20:00:31,11690.75,11664.77,9.026793981061058
2026.08.18 22:04:32,11690.75,11660.71,9.026793981061058
2026.08.18 23:04:32,11690.75,11655.78,9.026793981061058
2026.08.19 00:04:32,11690.75,11656.82,9.026793981061058
2026.08.19 01:04:32,11690.75,11649.35,9.026793981061058
2026.08.19 02:04:33,11690.75,11673.77,9.026793981061058
2026.08.19 03:04:33,11690.75,11675.82,9.026793981061058
2026.08.19 04:04:33,11690.75,11673.58,9.026793981061058
2026.08.19 05:04:33,11690.75,11667.07,9.026793981061058
2026.08.19 06:04:33,11690.75,11657.69,9.026793981061058
2026.08.19 07:04:33,11690.75,11668.7,9.026793981061058
2026.08.19 08:04:33,11690.75,11675.58,9.026793981061058
2026.08.19 09:04:33,11690.75,11678.15,9.026793981061058
2026.08.19 10:04:33,11690.75,11680.41,9.026793981061058
2026.08.19 11:04:33,11690.75,11690.27,9.026793981061058
2026.08.19 12:04:33,11690.75,11683.22,9.026793981061058
2026.08.19 13:04:33,11690.58,11716.12,9.026793981061058
2026.08.19 14:04:33,11690.47,11852.35,9.026793981061058
2026.08.19 15:04:33,11879.99,11985.3,9.026793981061058
2026.08.19 16:04:33,11879.99,12017.58,9.026793981061058
2026.08.19 17:04:33,11879.99,12021.89,9.026793981061058
2026.08.19 18:04:33,11879.99,12016.51,9.026793981061058
2026.08.19 19:04:33,11879.99,12023.86,9.026793981061058
2026.08.19 20:04:34,12019.79,12061.69,9.026793981061058
2026.08.19 22:00:30,12019.79,12089.37,9.026793981061058
2026.08.19 23:00:30,12019.79,12079.5,9.026793981061058
2026.08.20 00:00:30,12019.79,12065.89,9.026793981061058
2026.08.20 01:00:30,12019.79,12054.43,9.026793981061058
2026.08.20 02:00:30,12016.55,12016.55,9.026793981061058
2026.08.20 03:00:30,12016.55,12016.55,9.026793981061058
2026.08.20 04:00:30,12016.55,12016.55,9.026793981061058
2026.08.20 05:00:30,12016.55,12016.55,9.026793981061058
2026.08.20 06:00:30,12016.55,12016.55,9.026793981061058
2026.08.20 07:00:30,12016.55,12016.55,9.026793981061058
2026.08.20 08:00:30,12016.55,12016.55,9.026793981061058
2026.08.20 09:00:30,12016.55,12016.55,9.026793981061058
2026.08.20 10:00:30,12016.55,12016.55,9.026793981061058
2026.08.20 11:00:30,12016.55,12016.55,9.026793981061058
2026.08.20 12:00:30,12016.55,12016.55,9.026793981061058
2026.08.20 13:00:30,12016.55,12016.55,9.026793981061058
2026.08.20 14:00:30,12016.55,12016.55,9.026793981061058
2026.08.20 15:00:30,12016.55,12016.55,9.026793981061058
2026.08.20 16:00:30,12016.55,12016.55,9.026793981061058
2026.08.20 17:00:30,12016.55,12016.55,9.026793981061058
2026.08.20 18:00:30,12016.55,12016.55,9.026793981061058
2026.08.20 19:00:30,12016.55,12016.55,9.026793981061058
2026.08.20 20:00:30,12016.55,12016.55,9.026793981061058
2026.08.20 22:00:30,12016.55,12016.55,9.026793981061058
2026.08.20 23:00:30,12016.55,12016.55,9.026793981061058
2026.08.21 00:00:30,12016.55,12016.55,9.026793981061058
2026.08.21 01:00:30,12016.55,12016.55,9.026793981061058
2026.08.21 02:00:30,12016.55,12016.55,9.026793981061058
2026.08.21 03:00:30,12016.55,12016.55,9.026793981061058
2026.08.21 04:00:30,12016.55,12016.55,9.026793981061058
2026.08.21 05:00:30,12016.55,12016.55,9.026793981061058
2026.08.21 06:00:30,12016.55,12016.55,9.026793981061058
2026.08.21 07:00:30,12016.55,12016.55,9.026793981061058
2026.08.21 08:00:30,12016.55,12016.55,9.026793981061058
2026.08.21 09:00:30,12016.55,12016.55,9.026793981061058
2026.08.21 10:00:30,12016.55,12016.55,9.026793981061058
2026.08.21 11:00:30,12016.55,12016.55,9.026793981061058
2026.08.21 12:00:30,12016.55,12016.55,9.026793981061058
2026.08.21 13:00:30,12016.55,12016.55,9.026793981061058
2026.08.21 14:00:30,12016.55,12016.55,9.026793981061058
2026.08.21 15:00:30,12016.55,12016.55,9.026793981061058
2026.08.21 16:00:30,12016.55,12016.55,9.026793981061058
2026.08.21 17:00:30,12016.55,12016.55,9.026793981061058
2026.08.21 18:00:30,12016.55,12016.55,9.026793981061058
2026.08.21 19:00:30,12016.55,12016.55,9.026793981061058
2026.08.21 20:00:30,12016.55,12016.55,9.026793981061058
2026.08.23 22:01:30,12016.55,12016.55,9.026793981061058
2026.08.23 23:01:31,12016.55,12016.55,9.026793981061058
2026.08.24 00:01:31,12016.55,12016.55,9.026793981061058
2026.08.24 01:01:31,12016.55,12016.55,9.026793981061058
2026.08.24 02:01:31,12016.55,12016.55,9.026793981061058
2026.08.24 03:01:31,12016.55,12016.55,9.026793981061058
2026.08.24 04:01:32,12016.55,12016.55,9.026793981061058
2026.08.24 05:01:32,12016.55,12016.55,9.026793981061058
2026.08.24 06:01:32,12016.55,12016.55,9.026793981061058
2026.08.24 07:01:32,12016.55,12016.55,9.026793981061058
2026.08.24 08:01:32,12016.55,12016.55,9.026793981061058
2026.08.24 09:01:32,12016.55,12016.55,9.026793981061058
2026.08.24 10:01:32,12016.55,12016.55,9.026793981061058
2026.08.24 11:01:32,12016.55,12016.55,9.026793981061058
2026.08.24 12:01:32,12016.55,12016.55,9.026793981061058
2026.08.24 13:01:32,12016.55,12016.55,9.026793981061058
2026.08.24 14:01:32,12016.55,12016.55,9.026793981061058
2026.08.24 15:01:32,12016.55,12016.55,9.026793981061058
2026.08.24 16:01:32,12016.55,12016.55,9.026793981061058
2026.08.24 17:01:32,12016.55,12016.55,9.026793981061058
2026.08.24 18:01:32,12016.55,12016.55,9.026793981061058
2026.08.24 19:01:32,12016.55,12016.55,9.026793981061058
2026.08.24 20:01:32,12016.49,12017.93,9.026793981061058
2026.08.24 22:00:30,12016.49,12019.58,9.026793981061058
2026.08.24 23:00:30,12016.49,12034.05,9.026793981061058
2026.08.25 00:00:30,12016.49,12051.92,9.026793981061058
2026.08.25 01:00:30,12016.49,12046.56,9.026793981061058
2026.08.25 02:00:30,12016.49,12022.07,9.026793981061058
2026.08.25 03:00:30,12016.49,11993.44,9.026793981061058
2026.08.25 04:00:30,12016.49,11996.23,9.026793981061058
2026.08.25 05:00:30,12016.49,11989.54,9.026793981061058
2026.08.25 06:00:30,12016.49,12007.43,9.026793981061058
2026.08.25 07:00:30,12016.49,12002.76,9.026793981061058
2026.08.25 08:00:30,12016.49,11994.85,9.026793981061058
2026.08.25 09:00:30,12016.49,11990.59,9.026793981061058
2026.08.25 10:00:30,12016.49,12000.09,9.026793981061058
2026.08.25 11:00:30,12016.49,12003.61,9.026793981061058
2026.08.25 12:00:30,12016.49,12006.27,9.026793981061058
2026.08.25 13:00:30,12016.49,11998.35,9.026793981061058
2026.08.25 14:00:30,12016.49,11984.05,9.026793981061058
2026.08.25 15:00:30,12016.49,11999.35,9.026793981061058
2026.08.25 16:00:30,12016.49,12015.03,9.026793981061058
2026.08.25 17:00:30,12016.49,12005.53,9.026793981061058
2026.08.25 18:00:30,12016.49,12010.97,9.026793981061058
2026.08.25 19:00:30,12016.49,12021.39,9.026793981061058
2026.08.25 20:00:30,12016.49,12031.26,9.026793981061058
2026.08.25 22:00:30,12016.49,12022.13,9.026793981061058
2026.08.25 23:00:30,12016.49,12037.02,9.026793981061058
2026.08.26 00:00:30,12016.49,12018.72,9.026793981061058
2026.08.26 01:00:30,12016.49,12001.55,9.026793981061058
2026.08.26 02:00:30,12016.49,12019.45,9.026793981061058
2026.08.26 03:00:30,12016.49,12019.61,9.026793981061058
2026.08.26 04:00:30,12016.49,12007.49,9.026793981061058
2026.08.26 05:00:30,12016.49,12005.02,9.026793981061058
2026.08.26 06:00:30,12016.49,12002.68,9.026793981061058
2026.08.26 07:00:30,12016.49,11999.86,9.026793981061058
2026.08.26 08:00:30,12016.49,11991.96,9.026793981061058
2026.08.26 09:00:30,12016.49,11991.78,9.026793981061058
2026.08.26 10:00:30,12016.49,11986.09,9.026793981061058
2026.08.26 11:00:30,12016.49,11983.71,9.026793981061058
2026.08.26 12:00:30,12016.49,11988.45,9.026793981061058
2026.08.26 13:00:30,12016.49,11974.86,9.026793981061058
2026.08.26 14:00:30,12016.49,11995.08,9.026793981061058
2026.08.26 15:00:30,12016.49,11968.07,9.026793981061058
2026.08.26 16:00:30,12016.49,11958.02,9.026793981061058
2026.08.26 17:00:31,12016.49,11955.54,9.026793981061058
2026.08.26 18:00:31,12016.49,11960.96,9.026793981061058
2026.08.26 19:00:31,12016.49,11958.19,9.026793981061058
2026.08.26 20:00:31,12016.49,11957.61,9.026793981061058
2026.08.26 22:00:30,12016.49,11963.04,9.026793981061058
2026.08.26 23:00:30,12016.49,11972.88,9.026793981061058
2026.08.27 00:00:30,12016.49,11985.59,9.026793981061058
2026.08.27 01:00:30,12016.49,11967.84,9.026793981061058
2026.08.27 02:00:30,12016.49,12002.2,9.026793981061058
2026.08.27 03:00:30,12016.49,11991.86,9.026793981061058
2026.08.27 04:00:30,12016.49,11987.98,9.026793981061058
2026.08.27 05:00:30,12016.49,11980.05,9.026793981061058
2026.08.27 06:00:30,12016.49,11967.55,9.026793981061058
2026.08.27 07:00:30,12016.49,11962.7,9.026793981061058
2026.08.27 08:00:30,12016.49,11962.71,9.026793981061058
2026.08.27 09:00:30,12016.49,11961.87,9.026793981061058
2026.08.27 10:00:30,11944.46,11944.46,9.026793981061058
2026.08.27 11:00:30,11944.46,11944.46,9.026793981061058
2026.08.27 12:00:30,11944.46,11944.46,9.026793981061058
2026.08.27 13:00:30,11944.46,11944.46,9.026793981061058
2026.08.27 14:00:30,11944.46,11944.46,9.026793981061058
2026.08.27 15:00:30,11944.46,11944.46,9.026793981061058
2026.08.27 16:00:30,11944.46,11944.46,9.026793981061058
2026.08.27 17:00:30,11944.46,11944.46,9.026793981061058
2026.08.27 18:00:30,11944.46,11944.46,9.026793981061058
2026.08.27 19:00:30,11944.46,11944.46,9.026793981061058
2026.08.27 20:00:30,11944.46,11944.46,9.026793981061058
2026.08.27 22:00:30,11944.46,11944.46,9.026793981061058
2026.08.27 23:00:31,11944.46,11944.46,9.026793981061058
2026.08.28 00:00:31,11944.46,11944.46,9.026793981061058
2026.08.28 01:00:31,11944.46,11944.46,9.026793981061058
2026.08.28 02:00:32,11944.46,11944.46,9.026793981061058
2026.08.28 03:00:32,11944.46,11944.46,9.026793981061058
2026.08.28 04:00:32,11944.46,11944.46,9.026793981061058
2026.08.28 05:00:32,11944.46,11944.46,9.026793981061058
2026.08.28 06:00:32,11944.46,11944.46,9.026793981061058
2026.08.28 07:00:32,11944.46,11944.46,9.026793981061058
2026.08.28 08:00:32,11944.46,11944.46,9.026793981061058
2026.08.28 09:00:32,11944.46,11944.46,9.026793981061058
2026.08.28 10:00:32,11944.46,11944.46,9.026793981061058
2026.08.28 11:00:32,11944.46,11944.46,9.026793981061058
2026.08.28 12:00:32,11944.46,11944.46,9.026793981061058
2026.08.28 13:00:32,11944.46,11944.46,9.026793981061058
2026.08.28 14:00:32,11944.46,11944.46,9.026793981061058
2026.08.28 15:00:32,11944.46,11944.46,9.026793981061058
2026.08.28 16:00:32,11944.46,11944.46,9.026793981061058
2026.08.28 17:00:32,11944.46,11944.46,9.026793981061058
2026.08.28 18:00:32,11944.46,11944.46,9.026793981061058
2026.08.28 19:00:32,11944.46,11944.46,9.026793981061058
2026.08.28 20:00:32,11944.46,11944.46,9.026793981061058
2026.08.30 22:01:30,11944.46,11944.46,9.026793981061058
2026.08.30 23:01:31,11944.46,11944.46,9.026793981061058
2026.08.31 00:01:31,11944.46,11944.46,9.026793981061058
2026.08.31 01:01:31,11944.46,11944.46,9.026793981061058
2026.08.31 02:01:31,11944.46,11944.46,9.026793981061058
2026.08.31 03:01:31,11944.46,11944.46,9.026793981061058
2026.08.31 04:01:31,11944.46,11944.46,9.026793981061058
2026.08.31 05:01:31,11944.46,11944.46,9.026793981061058
2026.08.31 06:01:31,11944.46,11944.46,9.026793981061058
2026.08.31 07:01:31,11944.46,11944.46,9.026793981061058
2026.08.31 08:01:31,11944.46,11944.46,9.026793981061058
2026.08.31 09:01:31,11944.46,11944.46,9.026793981061058
2026.08.31 10:01:31,11944.46,11944.46,9.026793981061058
2026.08.31 11:01:31,11944.46,11944.46,9.026793981061058
2026.08.31 12:01:31,11944.46,11944.46,9.026793981061058
2026.08.31 13:01:31,11944.46,11944.46,9.026793981061058
2026.08.31 14:01:31,11944.46,11944.46,9.026793981061058
2026.08.31 15:01:31,11944.46,11944.46,9.026793981061058
2026.08.31 16:01:31,11944.46,11944.46,9.026793981061058
2026.08.31 17:01:31,11944.46,11944.46,9.026793981061058
2026.08.31 18:01:31,11944.46,11944.46,9.026793981061058
2026.08.31 19:01:31,11944.46,11944.46,9.026793981061058
2026.08.31 20:01:31,11944.46,11944.46,9.026793981061058
2026.08.31 22:00:31,11944.46,11944.46,9.026793981061058
2026.08.31 23:00:31,11944.46,11944.46,9.026793981061058
2026.09.01 00:00:31,11944.46,11944.46,9.026793981061058
2026.09.01 01:00:31,11944.46,11944.46,9.026793981061058
2026.09.01 02:00:31,11944.46,11944.46,9.026793981061058
2026.09.01 03:00:31,11944.46,11944.46,9.026793981061058
2026.09.01 04:00:31,11944.46,11944.46,9.026793981061058
2026.09.01 05:00:31,11944.46,11944.46,9.026793981061058
2026.09.01 06:00:31,11944.46,11944.46,9.026793981061058
2026.09.01 07:00:31,11944.46,11944.46,9.026793981061058
2026.09.01 08:00:31,11944.46,11944.46,9.026793981061058
2026.09.01 09:00:31,11944.46,11944.46,9.026793981061058
2026.09.01 10:00:31,11944.46,11944.46,9.026793981061058
2026.09.01 11:00:31,11944.46,11944.46,9.026793981061058
2026.09.01 12:00:31,11944.46,11944.46,9.026793981061058
2026.09.01 13:00:31,11944.46,11944.46,9.026793981061058
2026.09.01 14:00:31,11944.46,11944.46,9.026793981061058
2026.09.01 15:00:31,11944.46,11944.46,9.026793981061058
2026.09.01 16:00:31,11944.46,11944.46,9.026793981061058
2026.09.01 17:00:31,11944.46,11944.46,9.026793981061058
2026.09.01 18:00:31,11944.46,11944.46,9.026793981061058
2026.09.01 19:00:31,11944.46,11944.46,9.026793981061058
2026.09.01 20:00:31,11944.46,11944.46,9.026793981061058
2026.09.01 22:00:30,11944.46,11944.46,9.026793981061058
2026.09.01 23:00:30,11944.46,11944.46,9.026793981061058
2026.09.02 00:00:30,11944.46,11944.46,9.026793981061058
2026.09.02 01:00:30,11944.46,11944.46,9.026793981061058
2026.09.02 02:00:30,11944.46,11944.46,9.026793981061058
2026.09.02 03:00:30,11944.46,11944.46,9.026793981061058
2026.09.02 04:00:30,11944.46,11944.46,9.026793981061058
2026.09.02 05:00:30,11944.46,11944.46,9.026793981061058
2026.09.02 06:00:30,11944.46,11944.46,9.026793981061058
2026.09.02 07:00:30,11944.46,11944.46,9.026793981061058
2026.09.02 08:00:30,11944.46,11944.46,9.026793981061058
2026.09.02 09:00:30,11944.46,11944.46,9.026793981061058
2026.09.02 10:00:30,11944.46,11944.46,9.026793981061058
2026.09.02 11:00:30,11944.46,11944.46,9.026793981061058
2026.09.02 12:00:30,11944.46,11944.46,9.026793981061058
2026.09.02 13:00:30,11944.46,11944.46,9.026793981061058
2026.09.02 14:00:30,11944.46,11944.46,9.026793981061058
2026.09.02 15:00:30,11944.46,11944.46,9.026793981061058
2026.09.02 16:00:30,11944.46,11944.46,9.026793981061058
2026.09.02 17:00:30,11944.46,11944.46,9.026793981061058
2026.09.02 18:00:30,11944.46,11944.46,9.026793981061058
2026.09.02 19:00:30,11944.46,11944.46,9.026793981061058
2026.09.02 20:00:30,11944.46,11944.46,9.026793981061058
2026.09.02 22:00:30,11944.46,11944.46,9.026793981061058
2026.09.02 23:00:30,11944.46,11944.46,9.026793981061058
2026.09.03 00:00:30,11944.46,11944.46,9.026793981061058
2026.09.03 01:00:30,11944.46,11944.46,9.026793981061058
2026.09.03 02:00:30,11944.35,11942.29,9.026793981061058
2026.09.03 03:00:30,11944.35,11965.61,9.026793981061058
2026.09.03 04:00:30,11980.8,11980.8,9.026793981061058
2026.09.03 05:00:30,11980.8,11980.8,9.026793981061058
2026.09.03 06:00:30,11980.8,11980.8,9.026793981061058
2026.09.03 07:00:30,11980.8,11980.8,9.026793981061058
2026.09.03 08:00:30,11980.8,11980.8,9.026793981061058
2026.09.03 09:00:30,11980.8,11980.8,9.026793981061058
2026.09.03 10:00:30,11980.8,11980.8,9.026793981061058
2026.09.03 11:00:30,11980.8,11980.8,9.026793981061058
2026.09.03 12:00:30,11980.8,11980.8,9.026793981061058
2026.09.03 13:00:30,11980.63,11969.31,9.026793981061058
2026.09.03 14:00:30,11930.36,11930.36,9.026793981061058
2026.09.03 15:00:30,11930.36,11930.36,9.026793981061058
2026.09.03 16:00:30,11930.36,11930.36,9.026793981061058
2026.09.03 17:00:30,11930.36,11930.36,9.026793981061058
2026.09.03 18:00:30,11930.36,11930.36,9.026793981061058
2026.09.03 19:00:30,11930.36,11930.36,9.026793981061058
2026.09.03 20:00:30,11930.36,11930.36,9.026793981061058
2026.09.03 22:00:30,11930.36,11930.36,9.026793981061058
2026.09.03 23:00:30,11930.36,11930.36,9.026793981061058
2026.09.04 00:00:30,11930.36,11930.36,9.026793981061058
2026.09.04 01:00:30,11930.36,11930.36,9.026793981061058
2026.09.04 02:00:30,11930.36,11930.36,9.026793981061058
2026.09.04 03:00:30,11930.36,11930.36,9.026793981061058
2026.09.04 04:00:30,11930.36,11930.36,9.026793981061058
2026.09.04 05:00:30,11930.36,11930.36,9.026793981061058
2026.09.04 06:00:30,11930.36,11930.36,9.026793981061058
2026.09.04 07:00:30,11930.36,11930.36,9.026793981061058
2026.09.04 08:00:30,11930.36,11930.36,9.026793981061058
2026.09.04 09:00:30,11930.36,11930.36,9.026793981061058
2026.09.04 10:00:30,11930.36,11930.36,9.026793981061058
2026.09.04 11:00:30,11930.36,11930.36,9.026793981061058
2026.09.04 12:00:30,11930.36,11930.36,9.026793981061058
2026.09.04 13:00:30,11930.36,11930.36,9.026793981061058
2026.09.04 14:00:30,11930.36,11930.36,9.026793981061058
2026.09.04 15:00:30,11930.36,11930.36,9.026793981061058
2026.09.04 16:00:30,11930.36,11930.36,9.026793981061058
2026.09.04 17:00:30,11930.36,11930.36,9.026793981061058
2026.09.04 18:00:30,11930.36,11930.36,9.026793981061058
2026.09.04 19:00:30,11930.36,11930.36,9.026793981061058
2026.09.04 20:00:31,11930.36,11930.36,9.026793981061058
