date,open,high,low,close,adj_close,volume
2009-01-02,29.75,31.1299991607666,29.690000534057617,31.030000686645508,26.72744369506836,107891500
2009-01-05,30.829999923706055,31.329999923706055,30.59000015258789,31.020000457763672,26.71884536743164,91751900
2009-01-06,31.25,31.6299991607666,31.110000610351562,31.329999923706055,26.985857009887695,136791700
2009-01-07,30.729999542236328,30.899999618530273,30.190000534057617,30.440000534057617,26.219261169433594,133879800
2009-01-08,30.3799991607666,30.799999237060547,30.079999923706055,30.760000228881836,26.49489402770996,131926600
2009-01-09,30.770000457763672,30.790000915527344,29.920000076293945,30.06999969482422,25.90056037902832,117137900
2009-01-12,30.110000610351562,30.149999618530273,29.200000762939453,29.520000457763672,25.426834106445312,102726200
2009-01-13,29.510000228881836,29.979999542236328,29.18000030517578,29.530000686645508,25.435441970825195,186266700
2009-01-14,29.190000534057617,29.280000686645508,28.469999313354492,28.6299991607666,24.660228729248047,136294000
2009-01-15,28.56999969482422,29.34000015258789,28.06999969482422,29.100000381469727,25.065067291259766,192567200
2009-01-16,29.5,29.600000381469727,28.700000762939453,29.420000076293945,25.340694427490234,175478100
2009-01-20,29.299999237060547,29.43000030517578,27.959999084472656,27.959999084472656,24.083133697509766,135105800
2009-01-21,28.43000030517578,29.190000534057617,28.100000381469727,29.149999618530273,25.108137130737305,149179600
2009-01-22,28.520000457763672,29.229999542236328,28.260000228881836,28.760000228881836,24.772207260131836,200602700
2009-01-23,28.290000915527344,29.350000381469727,28.139999389648438,28.899999618530273,24.892789840698242,170164100
2009-01-26,28.940000534057617,29.59000015258789,28.75,29.110000610351562,25.07367706298828,140398700
2009-01-27,29.1200008392334,29.56999969482422,29.1200008392334,29.31999969482422,25.254558563232422,110591300
2009-01-28,29.809999465942383,30.649999618530273,29.809999465942383,30.350000381469727,26.141738891601562,139722800
2009-01-29,29.979999542236328,30.399999618530273,29.479999542236328,29.579999923706055,25.478506088256836,130731800
2009-01-30,29.799999237060547,29.93000030517578,28.940000534057617,29.059999465942383,25.030611038208008,140334200
2009-02-02,28.780000686645508,29.610000610351562,28.739999771118164,29.40999984741211,25.332082748413086,126796100
2009-02-03,29.469999313354492,30.43000030517578,29.030000686645508,29.8700008392334,25.728296279907227,120541100
2009-02-04,29.940000534057617,30.8700008392334,29.790000915527344,29.90999984741211,25.76275062561035,175780900
2009-02-05,29.479999542236328,30.770000457763672,29.459999084472656,30.56999969482422,26.331241607666016,217578900
2009-02-06,30.68000030517578,31.510000228881836,30.579999923706055,31.3700008392334,27.02031135559082,164513200
2009-02-09,31.389999389648438,31.670000076293945,31.190000534057617,31.5,27.132286071777344,98856900
2009-02-10,31.299999237060547,31.68000030517578,30.100000381469727,30.34000015258789,26.13312339782715,232795200
2009-02-11,30.3799991607666,30.530000686645508,29.729999542236328,30.200000762939453,26.012537002563477,169117200
2009-02-12,29.850000381469727,30.610000610351562,29.639999389648438,30.56999969482422,26.331241607666016,201151400
2009-02-13,30.479999542236328,30.780000686645508,30.290000915527344,30.43000030517578,26.210641860961914,145066700
2009-02-17,29.489999771118164,29.670000076293945,29.059999465942383,29.219999313354492,25.168424606323242,157783300
2009-02-18,29.40999984741211,29.670000076293945,28.8700008392334,29.239999771118164,25.185646057128906,161271900
2009-02-19,29.420000076293945,29.610000610351562,28.719999313354492,28.790000915527344,24.798049926757812,155322400
2009-02-20,28.469999313354492,29.149999618530273,28.389999389648438,28.8700008392334,24.866954803466797,210752400
2009-02-23,29.030000686645508,29.049999237060547,27.729999542236328,27.860000610351562,23.996997833251953,169473500
2009-02-24,28.010000228881836,28.979999542236328,27.959999084472656,28.780000686645508,24.789430618286133,181337300
2009-02-25,28.610000610351562,29.170000076293945,28.139999389648438,28.59000015258789,24.625768661499023,220224700
2009-02-26,28.780000686645508,28.950000762939453,27.700000762939453,27.790000915527344,23.936702728271484,211218500
2009-02-27,27.5,27.979999542236328,27.389999389648438,27.530000686645508,23.71276092529297,204492600
2009-03-02,27.1200008392334,27.510000228881836,26.469999313354492,26.639999389648438,22.94615936279297,188180400
2009-03-03,26.860000610351562,27.15999984741211,26.420000076293945,26.6200008392334,22.92893409729004,158758800
2009-03-04,27.010000228881836,27.709999084472656,26.920000076293945,27.329999923706055,23.54049301147461,164911000
2009-03-05,27.030000686645508,27.239999771118164,26.420000076293945,26.510000228881836,22.834184646606445,199626900
2009-03-06,26.649999618530273,26.809999465942383,25.709999084472656,26.299999237060547,22.653308868408203,218421600
2009-03-09,26.09000015258789,26.809999465942383,25.6299991607666,25.739999771118164,22.170948028564453,181098800
2009-03-10,26.25,27.389999389648438,26.15999984741211,27.329999923706055,23.54049301147461,175068200
2009-03-11,27.610000610351562,27.989999771118164,27.260000228881836,27.75,23.90225601196289,173094900
2009-03-12,27.729999542236328,28.760000228881836,27.440000534057617,28.670000076293945,24.694677352905273,184395100
2009-03-13,28.65999984741211,28.84000015258789,28.31999969482422,28.739999771118164,24.754980087280273,156783500
2009-03-16,28.93000030517578,28.979999542236328,28.190000534057617,28.260000228881836,24.34152603149414,190269800
2009-03-17,28.399999618530273,29.329999923706055,28.299999237060547,29.329999923706055,25.26317596435547,169773800
2009-03-18,29.209999084472656,30.200000762939453,29.079999923706055,29.700000762939453,25.581871032714844,208033900
2009-03-19,30.110000610351562,30.1299991607666,29.459999084472656,29.68000030517578,25.564647674560547,146753400
2009-03-20,29.690000534057617,30.030000686645508,28.979999542236328,29.18000030517578,25.175537109375,149410800
2009-03-23,29.899999618530273,30.940000534057617,29.200000762939453,30.899999618530273,26.659494400024414,179499000
2009-03-24,30.639999389648438,30.8799991607666,30.309999465942383,30.329999923706055,26.167715072631836,118757600
2009-03-25,30.59000015258789,31.049999237060547,29.65999984741211,30.469999313354492,26.288497924804688,190555200
2009-03-26,30.799999237060547,31.459999084472656,30.420000076293945,31.40999984741211,27.099506378173828,182459500
2009-03-27,31.0,31.18000030517578,30.709999084472656,30.81999969482422,26.59046745300293,156108100
2009-03-30,30.299999237060547,30.31999969482422,29.6200008392334,30.059999465942383,25.934764862060547,162919700
2009-03-31,30.290000915527344,30.950000762939453,30.270000457763672,30.31999969482422,26.159088134765625,150243800
2009-04-01,29.940000534057617,30.8799991607666,29.790000915527344,30.770000457763672,26.547334671020508,137950000
2009-04-02,31.31999969482422,32.27000045776367,31.229999542236328,31.760000228881836,27.401464462280273,212272400
2009-04-03,32.09000015258789,32.400001525878906,31.829999923706055,32.349998474121094,27.91050910949707,134577300
2009-04-06,31.989999771118164,32.33000183105469,31.649999618530273,32.27000045776367,27.84147834777832,160413700
2009-04-07,31.920000076293945,31.920000076293945,31.209999084472656,31.420000076293945,27.108131408691406,147531200
2009-04-08,31.729999542236328,32.150001525878906,31.489999771118164,31.950000762939453,27.56540298461914,126126000
2009-04-09,32.54999923706055,33.0099983215332,32.43000030517578,32.939998626708984,28.41952133178711,131871500
2009-04-13,32.84000015258789,33.06999969482422,32.529998779296875,32.88999938964844,28.376394271850586,119310500
2009-04-14,32.689998626708984,32.880001068115234,32.27000045776367,32.4900016784668,28.03130340576172,124069000
2009-04-15,32.2599983215332,32.43000030517578,31.850000381469727,32.400001525878906,27.953641891479492,124808200
2009-04-16,32.849998474121094,33.43000030517578,32.5099983215332,33.2400016784668,28.678369522094727,171168000
2009-04-17,33.16999816894531,33.5,32.93000030517578,33.310001373291016,28.73875617980957,129835400
2009-04-20,32.709999084472656,32.81999969482422,32.060001373291016,32.2400016784668,27.815601348876953,123080500
2009-04-21,32.119998931884766,32.7400016784668,32.08000183105469,32.689998626708984,28.20384979248047,145490200
2009-04-22,32.5,33.529998779296875,32.38999938964844,32.790000915527344,28.290124893188477,165040500
2009-04-23,33.0,33.13999938964844,32.4900016784668,33.11000061035156,28.56620979309082,181666600
2009-04-24,33.34000015258789,33.93000030517578,33.06999969482422,33.689998626708984,29.06661033630371,141170000
2009-04-27,33.41999816894531,34.060001373291016,33.349998474121094,33.72999954223633,29.101116180419922,120749100
2009-04-28,33.52000045776367,33.90999984741211,33.36000061035156,33.47999954223633,28.885427474975586,108968000
2009-04-29,33.75,34.400001525878906,33.70000076293945,33.939998626708984,29.282297134399414,141413600
2009-04-30,34.38999938964844,34.900001525878906,34.040000915527344,34.279998779296875,29.575641632080078,144120400
2009-05-01,34.27000045776367,34.540000915527344,34.0099983215332,34.369998931884766,29.653295516967773,100112000
2009-05-04,34.68000030517578,35.09000015258789,34.52000045776367,35.04999923706055,30.239974975585938,119317400
2009-05-05,34.9900016784668,35.060001373291016,34.630001068115234,35.02000045776367,30.21408462524414,113569500
2009-05-06,35.290000915527344,35.34000015258789,34.459999084472656,35.029998779296875,30.22272491455078,178840500
2009-05-07,35.27000045776367,35.27000045776367,33.880001068115234,34.209999084472656,29.515256881713867,216484700
2009-05-08,34.470001220703125,34.7400016784668,33.880001068115234,34.22999954223633,29.532501220703125,183507300
2009-05-11,33.790000915527344,34.720001220703125,33.68000030517578,34.349998474121094,29.636028289794922,142775900
2009-05-12,34.41999816894531,34.47999954223633,33.52000045776367,33.93000030517578,29.273672103881836,147842200
2009-05-13,33.630001068115234,33.650001525878906,32.959999084472656,33.02000045776367,28.488554000854492,175548300
2009-05-14,33.099998474121094,33.70000076293945,33.08000183105469,33.38999938964844,28.807790756225586,140021700
2009-05-15,33.34000015258789,33.81999969482422,33.22999954223633,33.369998931884766,28.7905216217041,121326400
2009-05-18,33.599998474121094,34.279998779296875,33.38999938964844,34.2400016784668,29.541135787963867,114333400
2009-05-19,34.15999984741211,34.7400016784668,33.95000076293945,34.400001525878906,29.679176330566406,129086400
2009-05-20,34.529998779296875,35.040000915527344,34.18000030517578,34.279998779296875,29.575641632080078,131873700
2009-05-21,34.02000045776367,34.2599983215332,33.310001373291016,33.650001525878906,29.032094955444336,139253200
2009-05-22,33.779998779296875,33.970001220703125,33.31999969482422,33.540000915527344,28.93719482421875,83510600
2009-05-26,33.25,34.83000183105469,33.18000030517578,34.790000915527344,30.01565170288086,144857200
2009-05-27,34.689998626708984,35.189998626708984,34.43000030517578,34.54999923706055,29.808589935302734,121348800
2009-05-28,34.7599983215332,35.06999969482422,34.209999084472656,34.95000076293945,30.153696060180664,118931300
2009-05-29,34.970001220703125,35.5,34.7599983215332,35.380001068115234,30.524677276611328,111535700
2009-06-01,35.7599983215332,36.5,35.61000061035156,36.38999938964844,31.39606475830078,119126200
2009-06-02,36.189998626708984,36.790000915527344,36.11000061035156,36.439998626708984,31.439228057861328,126858600
2009-06-03,36.33000183105469,36.369998931884766,35.93000030517578,36.33000183105469,31.34432029724121,93329800
2009-06-04,36.40999984741211,36.790000915527344,36.34000015258789,36.7400016784668,31.69804573059082,89280600
2009-06-05,36.959999084472656,37.08000183105469,36.41999816894531,36.779998779296875,31.732559204101562,121958800
2009-06-08,36.54999923706055,36.95000076293945,36.119998931884766,36.66999816894531,31.63764762878418,89194100
2009-06-09,36.84000015258789,37.16999816894531,36.66999816894531,36.95000076293945,31.87922477722168,109187800
2009-06-10,37.15999984741211,37.16999816894531,36.290000915527344,36.81999969482422,31.76706314086914,133404700
2009-06-11,36.77000045776367,37.22999954223633,36.75,36.81999969482422,31.76706314086914,147909800
2009-06-12,36.66999816894531,36.720001220703125,36.20000076293945,36.650001525878906,31.620407104492188,109452500
2009-06-15,36.29999923706055,36.33000183105469,35.58000183105469,35.900001525878906,30.973325729370117,112152900
2009-06-16,36.040000915527344,36.189998626708984,35.52000045776367,35.54999923706055,30.671371459960938,110550300
2009-06-17,35.70000076293945,36.209999084472656,35.45000076293945,35.88999938964844,30.96470069885254,153421800
2009-06-18,35.83000183105469,36.060001373291016,35.56999969482422,35.81999969482422,30.904294967651367,126266700
2009-06-19,36.04999923706055,36.36000061035156,35.90999984741211,36.15999984741211,31.23600196838379,122044700
2009-06-22,35.83000183105469,35.88999938964844,35.02000045776367,35.08000183105469,30.303071975708008,137714900
2009-06-23,35.18000030517578,35.2599983215332,34.77000045776367,35.0,30.23396110534668,114903100
2009-06-24,35.29999923706055,35.869998931884766,35.279998779296875,35.59000015258789,30.743637084960938,103314600
2009-06-25,35.36000061035156,36.36000061035156,35.279998779296875,36.290000915527344,31.348297119140625,112538200
2009-06-26,36.119998931884766,36.5,36.04999923706055,36.369998931884766,31.417428970336914,87677300
2009-06-29,36.470001220703125,36.75,36.119998931884766,36.45000076293945,31.48653221130371,93817600
2009-06-30,36.54999923706055,36.72999954223633,36.11000061035156,36.380001068115234,31.426067352294922,97843000
2009-07-01,36.560001373291016,36.84000015258789,36.38999938964844,36.400001525878906,31.443340301513672,85976000
2009-07-02,36.09000015258789,36.099998474121094,35.5,35.599998474121094,30.752262115478516,113309800
2009-07-06,35.380001068115234,35.540000915527344,35.040000915527344,35.40999984741211,30.588151931762695,107632500
2009-07-07,35.41999816894531,35.4900016784668,34.5099983215332,34.529998779296875,29.827960968017578,149773000
2009-07-08,34.7400016784668,34.869998931884766,34.29999923706055,34.709999084472656,29.983461380004883,152776400
2009-07-09,34.84000015258789,35.0099983215332,34.650001525878906,34.77000045776367,30.0352840423584,97851500
2009-07-10,34.66999816894531,35.13999938964844,34.560001373291016,34.91999816894531,30.16486167907715,108482000
2009-07-13,34.95000076293945,35.599998474121094,34.47999954223633,35.59000015258789,30.743637084960938,127140300
2009-07-14,35.54999923706055,35.790000915527344,35.400001525878906,35.720001220703125,30.855932235717773,115631700
2009-07-15,36.31999969482422,36.93000030517578,36.13999938964844,36.91999816894531,31.89250946044922,160869700
2009-07-16,36.75,37.439998626708984,36.720001220703125,37.36000061035156,32.27259063720703,120142500
2009-07-17,37.349998474121094,37.56999969482422,37.16999816894531,37.560001373291016,32.44538879394531,104906500
2009-07-20,37.7599983215332,38.0,37.61000061035156,37.91999816894531,32.75637435913086,97168800
2009-07-21,38.06999969482422,38.18000030517578,37.63999938964844,38.18000030517578,32.98095703125,130587600
2009-07-22,38.209999084472656,38.689998626708984,38.130001068115234,38.5,33.257347106933594,113808600
2009-07-23,38.459999084472656,39.4900016784668,38.38999938964844,39.349998474121094,33.991634368896484,160239300
2009-07-24,38.93000030517578,39.369998931884766,38.779998779296875,39.04999923706055,33.732479095458984,109312300
2009-07-27,39.33000183105469,39.40999984741211,38.869998931884766,39.349998474121094,33.991634368896484,94718600
2009-07-28,39.18000030517578,39.59000015258789,38.93000030517578,39.08000183105469,33.758392333984375,111564300
2009-07-29,39.31999969482422,39.43000030517578,39.0,39.34000015258789,33.98298645019531,126538200
2009-07-30,39.75,40.18000030517578,39.5099983215332,39.56999969482422,34.18166732788086,108969900
2009-07-31,39.56999969482422,39.849998474121094,39.40999984741211,39.45000076293945,34.0780029296875,78208300
2009-08-03,39.869998931884766,40.060001373291016,39.63999938964844,40.040000915527344,34.587669372558594,111722800
2009-08-04,39.849998474121094,40.189998626708984,39.77000045776367,40.040000915527344,34.587669372558594,100690800
2009-08-05,40.130001068115234,40.13999938964844,39.459999084472656,39.72999954223633,34.319889068603516,118093000
2009-08-06,39.81999969482422,39.93000030517578,39.2400016784668,39.380001068115234,34.017539978027344,116937500
2009-08-07,39.91999816894531,40.06999969482422,39.59000015258789,39.880001068115234,34.449440002441406,107442100
2009-08-10,39.7400016784668,39.849998474121094,39.34000015258789,39.599998474121094,34.20759201049805,87163200
2009-08-11,39.470001220703125,39.5,39.04999923706055,39.2599983215332,33.91385269165039,91922700
2009-08-12,39.22999954223633,40.220001220703125,39.20000076293945,39.869998931884766,34.4408073425293,147240000
2009-08-13,40.11000061035156,40.15999984741211,39.63999938964844,40.09000015258789,34.63084411621094,110107000
2009-08-14,39.869998931884766,39.959999084472656,39.279998779296875,39.630001068115234,34.23350524902344,124480200
2009-08-17,38.959999084472656,39.0099983215332,38.459999084472656,38.47999954223633,33.240089416503906,131797200
2009-08-18,38.720001220703125,39.11000061035156,38.61000061035156,39.029998779296875,33.715187072753906,84496200
2009-08-19,38.56999969482422,39.400001525878906,38.540000915527344,39.29999923706055,33.94843673706055,88036300
2009-08-20,39.279998779296875,39.84000015258789,39.20000076293945,39.7599983215332,34.345794677734375,81473500
2009-08-21,39.9900016784668,40.36000061035156,39.7400016784668,40.290000915527344,34.80363082885742,114660200
2009-08-24,40.36000061035156,40.56999969482422,40.099998474121094,40.25,34.76908493041992,109904900
2009-08-25,40.34000015258789,40.7599983215332,40.25,40.369998931884766,34.87272644042969,92900400
2009-08-26,40.279998779296875,40.599998474121094,40.08000183105469,40.29999923706055,34.81227111816406,96407500
2009-08-27,40.290000915527344,40.470001220703125,39.66999816894531,40.400001525878906,34.898643493652344,121957800
2009-08-28,40.900001525878906,41.08000183105469,40.15999984741211,40.439998626708984,34.93321228027344,114300900
2009-08-31,40.13999938964844,40.20000076293945,39.790000915527344,40.029998779296875,34.579036712646484,96415300
2009-09-01,39.88999938964844,40.59000015258789,39.15999984741211,39.279998779296875,33.93115997314453,162958900
2009-09-02,39.06999969482422,39.470001220703125,39.040000915527344,39.25,33.90522766113281,92757200
2009-09-03,39.439998626708984,39.56999969482422,39.02000045776367,39.5099983215332,34.12983703613281,76783100
2009-09-04,39.58000183105469,40.380001068115234,39.52000045776367,40.36000061035156,34.86408615112305,74866600
2009-09-08,40.68000030517578,40.779998779296875,40.459999084472656,40.7400016784668,35.19233322143555,71024400
2009-09-09,40.77000045776367,41.290000915527344,40.59000015258789,41.09000015258789,35.49467086791992,99280800
2009-09-10,41.11000061035156,41.529998779296875,41.0,41.47999954223633,35.831581115722656,99289100
2009-09-11,41.5099983215332,41.619998931884766,41.220001220703125,41.52000045776367,35.86612319946289,93868400
2009-09-14,41.25,41.709999084472656,41.209999084472656,41.68000030517578,36.004364013671875,90435600
2009-09-15,41.650001525878906,41.95000076293945,41.56999969482422,41.810001373291016,36.11663818359375,91594600
2009-09-16,42.0,42.47999954223633,41.84000015258789,42.41999816894531,36.643558502197266,96888500
2009-09-17,42.310001373291016,42.65999984741211,42.209999084472656,42.40999984741211,36.63494110107422,102169600
2009-09-18,42.540000915527344,42.619998931884766,42.209999084472656,42.439998626708984,36.696327209472656,87444200
2009-09-21,42.20000076293945,42.70000076293945,42.15999984741211,42.56999969482422,36.808738708496094,71351400
2009-09-22,42.810001373291016,42.83000183105469,42.439998626708984,42.650001525878906,36.87790298461914,75638400
2009-09-23,42.83000183105469,43.16999816894531,42.380001068115234,42.45000076293945,36.704959869384766,143924100
2009-09-24,42.619998931884766,42.689998626708984,41.77000045776367,42.06999969482422,36.37641906738281,111016400
2009-09-25,41.7599983215332,42.09000015258789,41.58000183105469,41.70000076293945,36.05648422241211,109216000
2009-09-28,41.93000030517578,42.65999984741211,41.88999938964844,42.40999984741211,36.67039489746094,84478500
2009-09-29,42.40999984741211,42.619998931884766,42.029998779296875,42.220001220703125,36.50609588623047,106686400
2009-09-30,42.38999938964844,42.599998474121094,41.599998474121094,42.25,36.53204345703125,173102700
2009-10-01,42.099998474121094,42.130001068115234,41.0,41.0,35.45122528076172,140119100
2009-10-02,40.720001220703125,41.25,40.720001220703125,40.880001068115234,35.34745788574219,145286400
2009-10-05,41.09000015258789,41.400001525878906,40.83000183105469,41.209999084472656,35.63278579711914,97054200
2009-10-06,41.439998626708984,42.13999938964844,41.41999816894531,41.939998626708984,36.26399230957031,124628000
2009-10-07,41.88999938964844,42.08000183105469,41.77000045776367,42.060001373291016,36.36775588989258,93787600
2009-10-08,42.310001373291016,42.619998931884766,42.13999938964844,42.2400016784668,36.52339553833008,107850400
2009-10-09,42.150001525878906,42.54999923706055,42.060001373291016,42.47999954223633,36.730926513671875,62828000
2009-10-12,42.650001525878906,42.869998931884766,42.279998779296875,42.56999969482422,36.808738708496094,53221900
2009-10-13,42.529998779296875,42.75,42.369998931884766,42.58000183105469,36.8173942565918,70939300
2009-10-14,43.11000061035156,43.209999084472656,42.849998474121094,43.15999984741211,37.31888961791992,91004900
2009-10-15,42.93000030517578,43.119998931884766,42.869998931884766,43.060001373291016,37.23243713378906,85772800
2009-10-16,42.900001525878906,42.9900016784668,42.47999954223633,42.779998779296875,36.99032211303711,111859300
2009-10-19,42.810001373291016,43.27000045776367,42.59000015258789,43.209999084472656,37.36210632324219,83512000
2009-10-20,43.459999084472656,43.459999084472656,42.939998626708984,43.220001220703125,37.370750427246094,89847900
2009-10-21,43.209999084472656,43.81999969482422,43.060001373291016,43.13999938964844,37.30158996582031,110397400
2009-10-22,43.060001373291016,43.4900016784668,42.790000915527344,43.310001373291016,37.4485969543457,85871800
2009-10-23,43.72999954223633,43.72999954223633,43.02000045776367,43.130001068115234,37.29294204711914,117020400
2009-10-26,43.20000076293945,43.7599983215332,42.790000915527344,42.9900016784668,37.17189407348633,107068600
2009-10-27,42.93000030517578,43.11000061035156,42.18000030517578,42.34000015258789,36.60985565185547,121438200
2009-10-28,42.189998626708984,42.31999969482422,41.29999923706055,41.38999938964844,35.78843688964844,143553600
2009-10-29,41.630001068115234,42.189998626708984,41.540000915527344,42.09000015258789,36.39369201660156,85207600
2009-10-30,42.060001373291016,42.150001525878906,40.91999816894531,40.959999084472656,35.4166145324707,162796500
2009-11-02,41.0,41.56999969482422,40.63999938964844,41.130001068115234,35.56362533569336,142456600
2009-11-03,40.90999984741211,41.31999969482422,40.84000015258789,41.2599983215332,35.676025390625,95107000
2009-11-04,41.529998779296875,41.869998931884766,41.279998779296875,41.33000183105469,35.73654556274414,107970600
2009-11-05,41.810001373291016,42.400001525878906,41.779998779296875,42.349998474121094,36.618499755859375,135204800
2009-11-06,42.119998931884766,42.650001525878906,42.08000183105469,42.599998474121094,36.834678649902344,96312300
2009-11-09,42.93000030517578,43.52000045776367,42.880001068115234,43.5099983215332,37.62152862548828,101620800
2009-11-10,43.459999084472656,43.77000045776367,43.400001525878906,43.619998931884766,37.71664047241211,72846500
2009-11-11,43.95000076293945,44.13999938964844,43.61000061035156,43.900001525878906,37.958740234375,84676200
2009-11-12,43.93000030517578,44.15999984741211,43.54999923706055,43.650001525878906,37.74257278442383,92426100
2009-11-13,43.779998779296875,44.13999938964844,43.630001068115234,44.0099983215332,38.053855895996094,87959500
2009-11-16,44.20000076293945,44.650001525878906,44.119998931884766,44.459999084472656,38.44295883178711,87776100
2009-11-17,44.34000015258789,44.599998474121094,44.25,44.599998474121094,38.56399154663086,81884000
2009-11-18,44.459999084472656,44.4900016784668,44.04999923706055,44.349998474121094,38.347843170166016,100240800
2009-11-19,44.04999923706055,44.08000183105469,43.349998474121094,43.65999984741211,37.751216888427734,114558000
2009-11-20,43.43000030517578,43.54999923706055,43.279998779296875,43.439998626708984,37.56098175048828,70912100
2009-11-23,43.88999938964844,44.400001525878906,43.86000061035156,44.13999938964844,38.166263580322266,91621500
2009-11-24,44.119998931884766,44.150001525878906,43.72999954223633,43.9900016784668,38.036563873291016,60670000
2009-11-25,44.13999938964844,44.220001220703125,44.0099983215332,44.18000030517578,38.200843811035156,37630100
2009-11-27,42.970001220703125,43.83000183105469,42.900001525878906,43.5099983215332,37.62152862548828,61230000
2009-11-30,43.40999984741211,43.619998931884766,43.11000061035156,43.560001373291016,37.66475296020508,84819400
2009-12-01,43.88999938964844,44.29999923706055,43.880001068115234,44.0099983215332,38.053855895996094,81817800
2009-12-02,44.15999984741211,44.4900016784668,43.97999954223633,44.06999969482422,38.105716705322266,81653600
2009-12-03,44.22999954223633,44.5,43.880001068115234,43.88999938964844,37.950069427490234,72460400
2009-12-04,44.45000076293945,44.72999954223633,43.65999984741211,44.119998931884766,38.14897155761719,125062600
2009-12-07,44.09000015258789,44.290000915527344,43.81999969482422,43.90999984741211,37.96737289428711,67471900
2009-12-08,43.65999984741211,44.0,43.36000061035156,43.63999938964844,37.73393249511719,86621400
2009-12-09,43.599998474121094,44.119998931884766,43.31999969482422,44.08000183105469,38.1143798828125,78820500
2009-12-10,44.27000045776367,44.540000915527344,44.2400016784668,44.29999923706055,38.30459213256836,76722400
2009-12-11,44.540000915527344,44.59000015258789,43.95000076293945,44.130001068115234,38.15760803222656,66643700
2009-12-14,44.43000030517578,44.599998474121094,44.189998626708984,44.54999923706055,38.52075958251953,47965500
2009-12-15,44.40999984741211,44.66999816894531,44.16999816894531,44.29999923706055,38.30459213256836,61171100
2009-12-16,44.470001220703125,44.70000076293945,44.290000915527344,44.36000061035156,38.35649108886719,61629700
2009-12-17,44.15999984741211,44.209999084472656,43.7599983215332,43.81999969482422,37.88956069946289,90440900
2009-12-18,44.15999984741211,44.47999954223633,44.0,44.459999084472656,38.507102966308594,96442600
2009-12-21,44.689998626708984,45.130001068115234,44.66999816894531,44.959999084472656,38.94015884399414,82357400
2009-12-22,45.11000061035156,45.290000915527344,45.029998779296875,45.22999954223633,39.17399597167969,51569100
2009-12-23,45.31999969482422,45.56999969482422,45.209999084472656,45.560001373291016,39.45983123779297,73932200
2009-12-24,45.61000061035156,45.97999954223633,45.599998474121094,45.97999954223633,39.82358932495117,31770400
2009-12-28,46.09000015258789,46.29999923706055,45.939998626708984,46.220001220703125,40.03142166137695,49381400
2009-12-29,46.22999954223633,46.25,45.9900016784668,46.029998779296875,39.86687469482422,32410200
2009-12-30,45.97999954223633,46.2599983215332,45.959999084472656,46.16999816894531,39.98814010620117,57612700
2009-12-31,46.2599983215332,46.279998779296875,45.75,45.75,39.62437057495117,50079200
2010-01-04,46.33000183105469,46.4900016784668,46.27000045776367,46.41999816894531,40.20466232299805,62822800
2010-01-05,46.38999938964844,46.5,46.15999984741211,46.41999816894531,40.20466232299805,62935600
2010-01-06,46.400001525878906,46.54999923706055,46.06999969482422,46.13999938964844,39.9621467590332,96033000
2010-01-07,46.209999084472656,46.27000045776367,45.91999816894531,46.16999816894531,39.98814010620117,77094100
2010-01-08,46.06999969482422,46.54999923706055,45.93000030517578,46.54999923706055,40.3172607421875,88886600
2010-01-11,46.61000061035156,46.63999938964844,46.119998931884766,46.36000061035156,40.1526985168457,104673400
2010-01-12,46.08000183105469,46.13999938964844,45.529998779296875,45.779998779296875,39.650360107421875,90673900
2010-01-13,45.91999816894531,46.4900016784668,45.61000061035156,46.349998474121094,40.14403533935547,100661000
2010-01-14,46.2599983215332,46.52000045776367,46.220001220703125,46.38999938964844,40.17868423461914,75209000
2010-01-15,46.470001220703125,46.54999923706055,45.650001525878906,45.849998474121094,39.71097183227539,126849300
2010-01-19,45.959999084472656,46.63999938964844,45.95000076293945,46.59000015258789,40.351905822753906,84388200
2010-01-20,46.2599983215332,46.599998474121094,45.43000030517578,45.91999816894531,39.7716178894043,145680000
2010-01-21,46.04999923706055,46.349998474121094,45.29999923706055,45.4900016784668,39.399173736572266,204939600
2010-01-22,45.34000015258789,45.47999954223633,44.040000915527344,44.15999984741211,38.247249603271484,171098700
2010-01-25,44.43000030517578,44.599998474121094,44.119998931884766,44.310001373291016,38.377174377441406,154218700
2010-01-26,44.2599983215332,44.88999938964844,44.04999923706055,44.349998474121094,38.41182327270508,140816500
2010-01-27,44.27000045776367,44.849998474121094,44.0099983215332,44.70000076293945,38.7149543762207,161632700
2010-01-28,44.400001525878906,44.43000030517578,43.31999969482422,43.54999923706055,37.71894073486328,221439800
2010-01-29,43.90999984741211,44.02000045776367,42.630001068115234,42.790000915527344,37.060707092285156,212099600
2010-02-01,42.900001525878906,43.279998779296875,42.880001068115234,43.2599983215332,37.467777252197266,136827100
2010-02-02,43.33000183105469,43.779998779296875,43.029998779296875,43.650001525878906,37.805538177490234,110727700
2010-02-03,43.439998626708984,43.970001220703125,43.41999816894531,43.88999938964844,38.01342010498047,93581600
2010-02-04,43.56999969482422,43.65999984741211,42.619998931884766,42.619998931884766,36.9134635925293,151652500
2010-02-05,42.72999954223633,43.02000045776367,42.119998931884766,42.97999954223633,37.22526168823242,213618600
2010-02-08,42.90999984741211,43.18000030517578,42.63999938964844,42.66999816894531,36.95676803588867,94354400
2010-02-09,43.18000030517578,43.5099983215332,42.7599983215332,43.11000061035156,37.337852478027344,118956000
2010-02-10,43.11000061035156,43.310001373291016,42.75,43.02000045776367,37.259910583496094,94102900
2010-02-11,43.029998779296875,43.790000915527344,42.7599983215332,43.66999816894531,37.8228645324707,93050800
2010-02-12,43.279998779296875,43.880001068115234,43.15999984741211,43.7599983215332,37.900821685791016,93938500
2010-02-16,44.08000183105469,44.349998474121094,43.849998474121094,44.31999969482422,38.385833740234375,83861400
2010-02-17,44.52000045776367,44.56999969482422,44.2599983215332,44.56999969482422,38.60237121582031,82691700
2010-02-18,44.540000915527344,44.93000030517578,44.45000076293945,44.849998474121094,38.84488296508789,65752600
2010-02-19,44.72999954223633,45.04999923706055,44.619998931884766,44.83000183105469,38.82754898071289,80416500
2010-02-22,45.0099983215332,45.029998779296875,44.560001373291016,44.7400016784668,38.749603271484375,72055000
2010-02-23,44.709999084472656,44.7400016784668,43.95000076293945,44.15999984741211,38.247249603271484,95814400
2010-02-24,44.38999938964844,44.790000915527344,44.31999969482422,44.61000061035156,38.63701629638672,86591000
2010-02-25,44.13999938964844,44.70000076293945,43.83000183105469,44.599998474121094,38.62834548950195,97961300
2010-02-26,44.59000015258789,44.86000061035156,44.400001525878906,44.7599983215332,38.76692199707031,66222400
2010-03-01,44.959999084472656,45.4900016784668,44.95000076293945,45.40999984741211,39.329898834228516,77290100
2010-03-02,45.56999969482422,45.849998474121094,45.45000076293945,45.54999923706055,39.45115661621094,76368500
2010-03-03,45.65999984741211,45.81999969482422,45.43000030517578,45.599998474121094,39.49445343017578,65735500
2010-03-04,45.630001068115234,45.810001373291016,45.400001525878906,45.75,39.62437057495117,54470900
2010-03-05,46.09000015258789,46.540000915527344,45.9900016784668,46.439998626708984,40.22196960449219,68136300
2010-03-08,46.459999084472656,46.63999938964844,46.439998626708984,46.529998779296875,40.29994201660156,58712400
2010-03-09,46.43000030517578,47.04999923706055,46.400001525878906,46.790000915527344,40.52513885498047,98002800
2010-03-10,46.81999969482422,47.279998779296875,46.79999923706055,47.16999816894531,40.85422897338867,102578900
2010-03-11,47.060001373291016,47.349998474121094,46.97999954223633,47.349998474121094,41.0101432800293,67510300
2010-03-12,47.5,47.529998779296875,47.099998474121094,47.36000061035156,41.0188102722168,64068300
2010-03-15,47.2599983215332,47.380001068115234,46.90999984741211,47.2400016784668,40.914878845214844,60150500
2010-03-16,47.38999938964844,47.61000061035156,47.22999954223633,47.540000915527344,41.17471694946289,74950600
2010-03-17,47.61000061035156,47.900001525878906,47.529998779296875,47.66999816894531,41.287296295166016,75643500
2010-03-18,47.709999084472656,47.880001068115234,47.599998474121094,47.83000183105469,41.425865173339844,77829400
2010-03-19,47.91999816894531,47.95000076293945,47.31999969482422,47.4900016784668,41.175296783447266,86337100
2010-03-22,47.29999923706055,48.11000061035156,47.25,47.91999816894531,41.54814147949219,71902800
2010-03-23,47.9900016784668,48.29999923706055,47.77000045776367,48.25,41.83424758911133,59182600
2010-03-24,48.16999816894531,48.16999816894531,47.90999984741211,48.02000045776367,41.63483810424805,62995700
2010-03-25,48.41999816894531,48.599998474121094,47.900001525878906,47.95000076293945,41.574134826660156,76294800
2010-03-26,48.150001525878906,48.33000183105469,47.7400016784668,48.0,41.617496490478516,78067900
2010-03-29,48.2400016784668,48.400001525878906,48.099998474121094,48.22999954223633,41.816917419433594,57993300
2010-03-30,48.380001068115234,48.54999923706055,48.060001373291016,48.38999938964844,41.955631256103516,49437300
2010-03-31,48.2400016784668,48.45000076293945,48.06999969482422,48.15999984741211,41.756221771240234,59947400
2010-04-01,48.36000061035156,48.70000076293945,47.790000915527344,48.15999984741211,41.756221771240234,83728600
2010-04-05,48.27000045776367,48.720001220703125,48.13999938964844,48.61000061035156,42.146366119384766,56220300
2010-04-06,48.5,48.900001525878906,48.38999938964844,48.75,42.26774978637695,54097100
2010-04-07,48.68000030517578,48.869998931884766,48.369998931884766,48.630001068115234,42.1637077331543,77211500
2010-04-08,48.4900016784668,48.81999969482422,48.2400016784668,48.7400016784668,42.25909423828125,68314300
2010-04-09,48.75,49.04999923706055,48.630001068115234,49.029998779296875,42.51054382324219,54227300
2010-04-12,49.04999923706055,49.20000076293945,48.939998626708984,49.06999969482422,42.54520797729492,44280600
2010-04-13,49.02000045776367,49.349998474121094,48.86000061035156,49.31999969482422,42.7619743347168,59376000
2010-04-14,49.58000183105469,49.91999816894531,49.5,49.90999984741211,43.27350616455078,69004800
2010-04-15,49.869998931884766,50.189998626708984,49.869998931884766,50.130001068115234,43.46427917480469,72254200
2010-04-16,49.95000076293945,50.119998931884766,49.20000076293945,49.529998779296875,42.94405746459961,127388000
2010-04-19,49.349998474121094,49.65999984741211,48.900001525878906,49.5,42.918033599853516,98251700
2010-04-20,49.77000045776367,49.880001068115234,49.43000030517578,49.75,43.13479232788086,69543700
2010-04-21,50.09000015258789,50.189998626708984,49.720001220703125,50.029998779296875,43.37757110595703,74748700
2010-04-22,49.54999923706055,50.36000061035156,49.2599983215332,50.310001373291016,43.620338439941406,110477200
2010-04-23,50.29999923706055,50.56999969482422,50.09000015258789,50.52000045776367,43.802406311035156,77205200
2010-04-26,50.56999969482422,50.650001525878906,50.29999923706055,50.40999984741211,43.70703125,67361000
2010-04-27,50.209999084472656,50.43000030517578,49.209999084472656,49.34000015258789,42.77930450439453,112608000
2010-04-28,49.599998474121094,49.630001068115234,48.97999954223633,49.369998931884766,42.805320739746094,130082100
2010-04-29,49.650001525878906,50.33000183105469,49.61000061035156,50.22999954223633,43.55096435546875,84180200
2010-04-30,50.209999084472656,50.290000915527344,49.20000076293945,49.2400016784668,42.6926155090332,110897000
2010-05-03,49.45000076293945,50.16999816894531,49.43000030517578,49.93000030517578,43.290855407714844,74169700
2010-05-04,49.31999969482422,49.31999969482422,48.08000183105469,48.43000030517578,41.990318298339844,141136500
2010-05-05,47.91999816894531,48.5,47.63999938964844,48.18000030517578,41.773555755615234,128560200
2010-05-06,47.849998474121094,48.31999969482422,42.63999938964844,46.56999969482422,40.377628326416016,274356800
2010-05-07,46.220001220703125,46.79999923706055,44.279998779296875,45.40999984741211,39.37187576293945,288200400
2010-05-10,47.43000030517578,47.79999923706055,47.310001373291016,47.77000045776367,41.418060302734375,136041600
2010-05-11,47.290000915527344,48.38999938964844,47.20000076293945,47.720001220703125,41.374725341796875,113016100
2010-05-12,47.97999954223633,48.65999984741211,47.900001525878906,48.619998931884766,42.155052185058594,85462400
2010-05-13,48.40999984741211,48.790000915527344,47.72999954223633,47.849998474121094,41.48743438720703,102844300
2010-05-14,47.4900016784668,47.52000045776367,46.380001068115234,46.93000030517578,40.68977355957031,147386100
2010-05-17,47.02000045776367,47.27000045776367,46.06999969482422,47.08000183105469,40.81982421875,120969600
2010-05-18,47.47999954223633,47.58000183105469,46.220001220703125,46.43000030517578,40.2562370300293,153072100
2010-05-19,46.2599983215332,46.630001068115234,45.54999923706055,46.060001373291016,39.93545150756836,159000300
2010-05-20,45.15999984741211,45.279998779296875,44.25,44.349998474121094,38.452823638916016,189289800
2010-05-21,43.65999984741211,45.63999938964844,43.4900016784668,44.84000015258789,38.877681732177734,190631100
2010-05-24,44.81999969482422,45.33000183105469,44.63999938964844,44.65999984741211,38.72160720825195,113038000
2010-05-25,43.68000030517578,44.7599983215332,43.22999954223633,44.70000076293945,38.756282806396484,155643000
2010-05-26,45.0099983215332,45.56999969482422,44.119998931884766,44.20000076293945,38.3227653503418,140203200
2010-05-27,45.20000076293945,45.88999938964844,45.09000015258789,45.869998931884766,39.77071762084961,110671600
2010-05-28,45.95000076293945,45.9900016784668,45.20000076293945,45.599998474121094,39.53660583496094,128535300
2010-06-01,45.43000030517578,46.25,45.130001068115234,45.18000030517578,39.17245864868164,104242700
2010-06-02,45.439998626708984,46.279998779296875,45.130001068115234,46.25,40.10019302368164,97249300
2010-06-03,46.380001068115234,46.77000045776367,46.08000183105469,46.689998626708984,40.48168182373047,98928400
2010-06-04,45.70000076293945,46.290000915527344,44.939998626708984,45.09000015258789,39.09442138671875,112849900
2010-06-07,45.31999969482422,45.459999084472656,44.220001220703125,44.27000045776367,38.38346481323242,88436600
2010-06-08,44.349998474121094,44.47999954223633,43.59000015258789,44.189998626708984,38.3140983581543,133030100
2010-06-09,44.5,44.90999984741211,43.689998626708984,43.81999969482422,37.99327850341797,101949200
2010-06-10,44.36000061035156,45.119998931884766,44.2400016784668,45.06999969482422,39.077091217041016,76892300
2010-06-11,44.61000061035156,45.540000915527344,44.61000061035156,45.5,39.44991683959961,74346800
2010-06-14,45.91999816894531,46.2400016784668,45.40999984741211,45.4900016784668,39.441226959228516,68085000
2010-06-15,45.72999954223633,46.77000045776367,45.45000076293945,46.709999084472656,40.4990119934082,76332600
2010-06-16,46.58000183105469,47.13999938964844,46.5,46.900001525878906,40.663761138916016,78399700
2010-06-17,47.15999984741211,47.18000030517578,46.63999938964844,47.04999923706055,40.793827056884766,77111900
2010-06-18,47.04999923706055,47.34000015258789,46.86000061035156,47.0,40.827674865722656,75921400
2010-06-21,47.599998474121094,47.68000030517578,46.33000183105469,46.599998474121094,40.4802131652832,95488100
2010-06-22,46.79999923706055,47.13999938964844,46.150001525878906,46.2400016784668,40.1674919128418,94493400
2010-06-23,46.290000915527344,46.470001220703125,45.689998626708984,46.04999923706055,40.002437591552734,92397600
2010-06-24,45.849998474121094,45.9900016784668,45.20000076293945,45.349998474121094,39.394386291503906,114145900
2010-06-25,45.5099983215332,45.65999984741211,44.95000076293945,45.27000045776367,39.40221405029297,88740300
2010-06-28,45.27000045776367,45.54999923706055,44.810001373291016,45.11000061035156,39.262943267822266,71350000
2010-06-29,44.41999816894531,44.459999084472656,43.06999969482422,43.369998931884766,37.74847412109375,136384200
2010-06-30,43.22999954223633,43.66999816894531,42.63999938964844,42.709999084472656,37.17403030395508,101313200
2010-07-01,42.84000015258789,42.959999084472656,41.77000045776367,42.59000015258789,37.069583892822266,158695000
2010-07-02,42.65999984741211,42.81999969482422,42.09000015258789,42.470001220703125,36.965145111083984,78565300
2010-07-06,43.099998474121094,43.369998931884766,42.25,42.599998474121094,37.07828903198242,88591900
2010-07-07,42.7400016784668,44.0099983215332,42.70000076293945,43.959999084472656,38.261993408203125,72448400
2010-07-08,44.310001373291016,44.380001068115234,43.68000030517578,44.20000076293945,38.47092056274414,78264600
2010-07-09,44.18000030517578,44.630001068115234,44.08000183105469,44.619998931884766,38.83646011352539,47851200
2010-07-12,44.58000183105469,45.029998779296875,44.459999084472656,44.75,38.94962692260742,60927500
2010-07-13,45.13999938964844,45.5,44.79999923706055,45.33000183105469,39.454444885253906,93310500
2010-07-14,45.41999816894531,45.810001373291016,45.2400016784668,45.560001373291016,39.65462112426758,87687100
2010-07-15,45.470001220703125,45.7400016784668,44.9900016784668,45.599998474121094,39.689430236816406,95992500
2010-07-16,45.439998626708984,45.630001068115234,44.29999923706055,44.34000015258789,38.59275436401367,98831900
2010-07-19,44.470001220703125,44.810001373291016,44.099998474121094,44.720001220703125,38.92351150512695,81800800
2010-07-20,44.0,45.2599983215332,43.86000061035156,45.2599983215332,39.39351272583008,89061200
2010-07-21,45.7400016784668,45.7599983215332,44.560001373291016,44.63999938964844,38.85387420654297,83577000
2010-07-22,45.27000045776367,45.97999954223633,45.2400016784668,45.77000045776367,39.83742141723633,82890300
2010-07-23,45.459999084472656,46.099998474121094,45.380001068115234,46.060001373291016,40.08981704711914,81056100
2010-07-26,46.119998931884766,46.459999084472656,45.90999984741211,46.439998626708984,40.42055892944336,64850900
2010-07-27,46.63999938964844,46.720001220703125,46.209999084472656,46.41999816894531,40.403141021728516,67655600
2010-07-28,46.369998931884766,46.58000183105469,45.880001068115234,46.04999923706055,40.08111572265625,51988200
2010-07-29,46.31999969482422,46.40999984741211,45.25,45.709999084472656,39.78519058227539,85669500
2010-07-30,45.33000183105469,46.09000015258789,45.06999969482422,45.810001373291016,39.872215270996094,98958100
2010-08-02,46.38999938964844,46.790000915527344,46.209999084472656,46.66999816894531,40.62073516845703,68706800
2010-08-03,46.63999938964844,46.70000076293945,46.25,46.470001220703125,40.446685791015625,60856600
2010-08-04,46.68000030517578,46.9900016784668,46.5,46.939998626708984,40.85575485229492,43820600
2010-08-05,46.709999084472656,46.91999816894531,46.52000045776367,46.83000183105469,40.75999450683594,39150200
2010-08-06,46.31999969482422,46.849998474121094,46.04999923706055,46.7599983215332,40.69908142089844,71339200
2010-08-09,47.0,47.189998626708984,46.790000915527344,47.08000183105469,40.977603912353516,26927600
2010-08-10,46.70000076293945,46.95000076293945,46.279998779296875,46.66999816894531,40.62073516845703,86694500
2010-08-11,45.900001525878906,45.91999816894531,45.209999084472656,45.400001525878906,39.51536560058594,92219700
2010-08-12,44.529998779296875,45.2400016784668,44.45000076293945,45.040000915527344,39.202030181884766,66000200
2010-08-13,44.869998931884766,45.060001373291016,44.709999084472656,44.720001220703125,38.92351150512695,46387300
2010-08-16,44.5,45.11000061035156,44.29999923706055,44.79999923706055,38.99312973022461,55472900
2010-08-17,45.119998931884766,45.779998779296875,45.029998779296875,45.369998931884766,39.489234924316406,56927100
2010-08-18,45.279998779296875,45.81999969482422,45.11000061035156,45.54999923706055,39.64591598510742,61835400
2010-08-19,45.279998779296875,45.459999084472656,44.560001373291016,44.86000061035156,39.04533767700195,82969500
2010-08-20,44.790000915527344,45.029998779296875,44.540000915527344,44.91999816894531,39.097572326660156,65806700
2010-08-23,45.20000076293945,45.34000015258789,44.459999084472656,44.47999954223633,38.71460723876953,69612200
2010-08-24,43.970001220703125,44.119998931884766,43.470001220703125,43.650001525878906,37.99220275878906,79095800
2010-08-25,43.34000015258789,44.2599983215332,43.27000045776367,44.06999969482422,38.35775375366211,87247900
2010-08-26,44.220001220703125,44.31999969482422,43.5,43.540000915527344,37.89645767211914,91199000
2010-08-27,43.86000061035156,44.15999984741211,42.970001220703125,44.06999969482422,38.35775375366211,109568800
2010-08-30,43.86000061035156,44.25,43.599998474121094,43.61000061035156,37.95737075805664,49373200
2010-08-31,43.380001068115234,43.849998474121094,43.18000030517578,43.459999084472656,37.826812744140625,72066900
2010-09-01,44.099998474121094,44.90999984741211,44.06999969482422,44.7599983215332,38.95832061767578,83523100
2010-09-02,44.84000015258789,45.279998779296875,44.72999954223633,45.2599983215332,39.39351272583008,41816800
2010-09-03,45.7599983215332,46.02000045776367,45.54999923706055,46.0099983215332,40.04629135131836,64041100
2010-09-07,45.81999969482422,46.029998779296875,45.630001068115234,45.70000076293945,39.7764778137207,51195200
2010-09-08,45.83000183105469,46.45000076293945,45.81999969482422,46.25,40.25518798828125,66879800
2010-09-09,46.65999984741211,46.70000076293945,46.31999969482422,46.43000030517578,40.41185760498047,61476400
2010-09-10,46.47999954223633,46.66999816894531,46.25,46.599998474121094,40.55982971191406,66995700
2010-09-13,46.959999084472656,47.369998931884766,46.939998626708984,47.25,41.12556838989258,64523400
2010-09-14,47.189998626708984,47.70000076293945,47.08000183105469,47.45000076293945,41.29963684082031,91405800
2010-09-15,47.33000183105469,47.79999923706055,47.189998626708984,47.75,41.560752868652344,67108200
2010-09-16,47.65999984741211,47.97999954223633,47.540000915527344,47.939998626708984,41.726139068603516,66885800
2010-09-17,48.13999938964844,48.13999938964844,47.75,47.9900016784668,41.867462158203125,76372600
2010-09-20,48.16999816894531,48.93000030517578,48.11000061035156,48.83000183105469,42.600303649902344,84475000
2010-09-21,48.86000061035156,49.16999816894531,48.61000061035156,48.81999969482422,42.59157180786133,82272000
2010-09-22,48.619998931884766,49.02000045776367,48.41999816894531,48.689998626708984,42.47814178466797,88315900
2010-09-23,48.369998931884766,49.15999984741211,48.31999969482422,48.66999816894531,42.460716247558594,85040000
2010-09-24,49.220001220703125,49.689998626708984,49.150001525878906,49.65999984741211,43.32440185546875,79495900
2010-09-27,49.630001068115234,49.75,49.349998474121094,49.38999938964844,43.08885192871094,43859800
2010-09-28,49.5099983215332,49.540000915527344,48.59000015258789,49.369998931884766,43.071407318115234,104922900
2010-09-29,49.29999923706055,49.529998779296875,49.11000061035156,49.290000915527344,43.00160598754883,81679200
2010-09-30,49.540000915527344,49.84000015258789,48.75,49.06999969482422,42.80967330932617,122458600
2010-10-01,49.47999954223633,49.529998779296875,48.779998779296875,49.0099983215332,42.75733184814453,77675400
2010-10-04,48.869998931884766,49.04999923706055,48.20000076293945,48.47999954223633,42.294952392578125,71359900
2010-10-05,49.029998779296875,49.7599983215332,49.0,49.65999984741211,43.32440185546875,99301300
2010-10-06,49.599998474121094,49.709999084472656,48.90999984741211,49.22999954223633,42.94925308227539,81831200
2010-10-07,49.5099983215332,49.540000915527344,49.0,49.40999984741211,43.1063232421875,75693300
2010-10-08,49.43000030517578,49.869998931884766,49.08000183105469,49.75,43.402915954589844,83223900
2010-10-11,49.779998779296875,50.02000045776367,49.619998931884766,49.77000045776367,43.42037582397461,46880000
2010-10-12,49.689998626708984,50.209999084472656,49.2599983215332,50.11000061035156,43.717018127441406,88571700
2010-10-13,50.43000030517578,50.75,50.279998779296875,50.52000045776367,44.074684143066406,71122900
2010-10-14,50.54999923706055,50.63999938964844,50.16999816894531,50.41999816894531,43.987449645996094,68464000
2010-10-15,51.040000915527344,51.5,50.630001068115234,51.4900016784668,44.920928955078125,104654000
2010-10-18,51.5,51.720001220703125,51.29999923706055,51.29999923706055,44.75518035888672,72399400
2010-10-19,50.81999969482422,51.29999923706055,50.41999816894531,50.81999969482422,44.3364143371582,105739800
2010-10-20,50.959999084472656,51.56999969482422,50.869998931884766,51.189998626708984,44.65922164916992,80861400
2010-10-21,51.5099983215332,51.709999084472656,50.790000915527344,51.290000915527344,44.7464599609375,85885400
2010-10-22,51.29999923706055,51.689998626708984,51.209999084472656,51.63999938964844,45.051788330078125,47406900
2010-10-25,51.849998474121094,52.22999954223633,51.849998474121094,51.88999938964844,45.2699089050293,51413900
2010-10-26,51.630001068115234,52.150001525878906,51.41999816894531,52.029998779296875,45.39204406738281,60498300
2010-10-27,51.7599983215332,52.22999954223633,51.65999984741211,52.189998626708984,45.5316276550293,57483400
2010-10-28,52.40999984741211,52.45000076293945,51.84000015258789,52.29999923706055,45.62759780883789,61220000
2010-10-29,52.29999923706055,52.4900016784668,52.16999816894531,52.18000030517578,45.52290725708008,46668700
2010-11-01,52.369998931884766,52.75,51.97999954223633,52.220001220703125,45.55779266357422,60555600
2010-11-02,52.650001525878906,52.93000030517578,52.58000183105469,52.779998779296875,46.04636001586914,48137500
2010-11-03,52.83000183105469,53.040000915527344,52.36000061035156,53.02000045776367,46.2557258605957,126225800
2010-11-04,53.599998474121094,53.86000061035156,53.5,53.66999816894531,46.822811126708984,84201000
2010-11-05,53.70000076293945,53.810001373291016,53.5099983215332,53.66999816894531,46.822811126708984,77937100
2010-11-08,53.58000183105469,53.83000183105469,53.45000076293945,53.7400016784668,46.88388442993164,39623500
2010-11-09,53.95000076293945,54.040000915527344,53.209999084472656,53.45000076293945,46.63087844848633,66828700
2010-11-10,53.52000045776367,53.77000045776367,53.099998474121094,53.720001220703125,46.86643600463867,83553700
2010-11-11,52.90999984741211,53.47999954223633,52.65999984741211,53.380001068115234,46.56981658935547,85163600
2010-11-12,53.099998474121094,53.369998931884766,52.11000061035156,52.5099983215332,45.8108024597168,99164300
2010-11-15,52.779998779296875,52.880001068115234,52.290000915527344,52.310001373291016,45.636322021484375,56723400
2010-11-16,51.939998626708984,52.25,50.849998474121094,51.45000076293945,44.88604736328125,101097000
2010-11-17,51.47999954223633,51.869998931884766,51.349998474121094,51.599998474121094,45.016910552978516,77836200
2010-11-18,52.15999984741211,52.790000915527344,52.130001068115234,52.43000030517578,45.74100875854492,71488300
2010-11-19,52.36000061035156,52.59000015258789,52.13999938964844,52.470001220703125,45.77590560913086,54506100
2010-11-22,52.2599983215332,52.90999984741211,52.16999816894531,52.90999984741211,46.1597785949707,69918900
2010-11-23,52.369998931884766,52.45000076293945,51.77000045776367,52.06999969482422,45.42695617675781,76818300
2010-11-24,52.58000183105469,53.25,52.560001373291016,53.119998931884766,46.342979431152344,53444200
2010-11-26,52.779998779296875,53.130001068115234,52.66999816894531,52.77000045776367,46.03763198852539,23640300
2010-11-29,52.70000076293945,52.900001525878906,52.099998474121094,52.72999954223633,46.00273513793945,89269100
2010-11-30,52.18000030517578,52.7400016784668,51.880001068115234,52.09000015258789,45.44439697265625,118862100
2010-12-01,52.86000061035156,53.459999084472656,52.84000015258789,53.189998626708984,46.404056549072266,81758800
2010-12-02,53.27000045776367,53.810001373291016,53.209999084472656,53.72999954223633,46.87517166137695,56844600
2010-12-03,53.5,53.939998626708984,53.5,53.869998931884766,46.997310638427734,38014200
2010-12-06,53.880001068115234,53.95000076293945,53.68000030517578,53.849998474121094,46.979862213134766,39312000
2010-12-07,54.5,54.52000045776367,53.81999969482422,53.880001068115234,47.00603103637695,59067300
2010-12-08,54.02000045776367,54.150001525878906,53.689998626708984,54.08000183105469,47.180511474609375,48066900
2010-12-09,54.40999984741211,54.439998626708984,53.95000076293945,54.130001068115234,47.22413635253906,51679800
2010-12-10,54.290000915527344,54.54999923706055,54.09000015258789,54.4900016784668,47.53820037841797,44696200
2010-12-13,54.70000076293945,54.7400016784668,54.27000045776367,54.29999923706055,47.3724365234375,53110200
2010-12-14,54.439998626708984,54.619998931884766,54.22999954223633,54.400001525878906,47.459693908691406,69884800
2010-12-15,54.369998931884766,54.70000076293945,54.029998779296875,54.15999984741211,47.25030517578125,76951900
2010-12-16,54.209999084472656,54.65999984741211,54.060001373291016,54.58000183105469,47.61671829223633,65519400
2010-12-17,54.540000915527344,54.68000030517578,54.40999984741211,54.52000045776367,47.65868377685547,36844200
2010-12-20,54.619998931884766,54.7599983215332,54.15999984741211,54.560001373291016,47.693626403808594,48159600
2010-12-21,54.77000045776367,54.88999938964844,54.619998931884766,54.88999938964844,47.98211669921875,35775400
2010-12-22,54.869998931884766,54.959999084472656,54.790000915527344,54.880001068115234,47.97336959838867,35766500
2010-12-23,54.779998779296875,54.869998931884766,54.61000061035156,54.7400016784668,47.85099411010742,21664800
2010-12-27,54.58000183105469,54.86000061035156,54.209999084472656,54.77000045776367,47.87722396850586,29263700
2010-12-28,54.880001068115234,54.91999816894531,54.54999923706055,54.66999816894531,47.789794921875,24160500
2010-12-29,54.81999969482422,54.900001525878906,54.72999954223633,54.790000915527344,47.894691467285156,24132700
2010-12-30,54.790000915527344,54.79999923706055,54.54999923706055,54.65999984741211,47.78105926513672,27553300
2010-12-31,54.59000015258789,54.619998931884766,54.209999084472656,54.459999084472656,47.60622787475586,38540100
2011-01-03,54.970001220703125,55.689998626708984,54.95000076293945,55.310001373291016,48.34925842285156,90994300
2011-01-04,55.5099983215332,55.54999923706055,54.91999816894531,55.27000045776367,48.314300537109375,43851500
2011-01-05,55.099998474121094,55.7599983215332,55.06999969482422,55.7400016784668,48.725154876708984,43787400
2011-01-06,55.79999923706055,55.959999084472656,55.68000030517578,55.91999816894531,48.88249206542969,46139600
2011-01-07,56.02000045776367,56.04999923706055,55.31999969482422,55.869998931884766,48.83878707885742,72261700
2011-01-10,55.75,56.18000030517578,55.58000183105469,56.08000183105469,49.0223503112793,55551800
2011-01-11,56.310001373291016,56.36000061035156,55.95000076293945,56.15999984741211,49.09229278564453,56663800
2011-01-12,56.43000030517578,56.560001373291016,56.20000076293945,56.560001373291016,49.441959381103516,51979300
2011-01-13,56.599998474121094,56.72999954223633,56.40999984741211,56.58000183105469,49.45943069458008,47364500
2011-01-14,56.599998474121094,57.02000045776367,56.459999084472656,57.0,49.826568603515625,43867400
2011-01-18,56.56999969482422,57.22999954223633,56.4900016784668,57.15999984741211,49.9664306640625,65805600
2011-01-19,57.2599983215332,57.2599983215332,56.31999969482422,56.5099983215332,49.39823913574219,67767200
2011-01-20,56.27000045776367,56.349998474121094,55.68000030517578,56.11000061035156,49.048583984375,92357800
2011-01-21,56.38999938964844,56.4900016784668,55.650001525878906,55.68000030517578,48.67269515991211,59673300
2011-01-24,55.790000915527344,56.459999084472656,55.68000030517578,56.45000076293945,49.34578323364258,64103300
2011-01-25,56.16999816894531,56.54999923706055,56.04999923706055,56.529998779296875,49.415706634521484,55305100
2011-01-26,56.61000061035156,56.97999954223633,56.45000076293945,56.83000183105469,49.6779670715332,60547700
2011-01-27,57.0099983215332,57.349998474121094,56.91999816894531,57.18000030517578,49.983909606933594,53656100
2011-01-28,57.16999816894531,57.220001220703125,55.470001220703125,55.72999954223633,48.71640396118164,123359900
2011-01-31,55.810001373291016,56.15999984741211,55.38999938964844,56.0,48.95242691040039,70571300
2011-02-01,56.41999816894531,57.18000030517578,56.36000061035156,57.04999923706055,49.87026596069336,76952900
2011-02-02,56.93000030517578,57.16999816894531,56.84000015258789,56.959999084472656,49.79159927368164,48661000
2011-02-03,56.849998474121094,57.13999938964844,56.400001525878906,57.060001373291016,49.87901306152344,45341900
2011-02-04,57.04999923706055,57.41999816894531,56.900001525878906,57.380001068115234,50.158748626708984,47647800
2011-02-07,57.4900016784668,57.970001220703125,57.400001525878906,57.650001525878906,50.394775390625,45627100
2011-02-08,57.66999816894531,58.06999969482422,57.560001373291016,58.029998779296875,50.72694778442383,38099900
2011-02-09,57.939998626708984,58.119998931884766,57.75,57.93000030517578,50.639530181884766,62540800
2011-02-10,57.54999923706055,58.099998474121094,57.4900016784668,58.02000045776367,50.718204498291016,70194700
2011-02-11,57.849998474121094,58.47999954223633,57.77000045776367,58.439998626708984,51.085350036621094,47853500
2011-02-14,58.439998626708984,58.65999984741211,58.380001068115234,58.58000183105469,51.20772933959961,48506100
2011-02-15,58.439998626708984,58.56999969482422,58.22999954223633,58.5,51.13779830932617,39723800
2011-02-16,58.650001525878906,59.040000915527344,58.630001068115234,58.880001068115234,51.46996307373047,53061700
2011-02-17,58.59000015258789,58.970001220703125,58.54999923706055,58.86000061035156,51.45249557495117,38361900
2011-02-18,58.86000061035156,58.970001220703125,58.5099983215332,58.72999954223633,51.3388557434082,44334300
2011-02-22,57.93000030517578,58.130001068115234,56.939998626708984,57.029998779296875,49.852779388427734,92598100
2011-02-23,57.029998779296875,57.22999954223633,56.130001068115234,56.560001373291016,49.441959381103516,97842900
2011-02-24,56.68000030517578,57.029998779296875,56.13999938964844,56.86000061035156,49.704166412353516,98716100
2011-02-25,57.18000030517578,57.720001220703125,57.119998931884766,57.650001525878906,50.394775390625,54094600
2011-02-28,57.880001068115234,58.04999923706055,57.43000030517578,57.77000045776367,50.499664306640625,51402800
2011-03-01,58.02000045776367,58.02000045776367,56.70000076293945,56.84000015258789,49.68671417236328,91993900
2011-03-02,56.810001373291016,57.5099983215332,56.790000915527344,57.13999938964844,49.94894790649414,61552900
2011-03-03,57.66999816894531,58.369998931884766,57.66999816894531,58.27000045776367,50.9367561340332,64146600
2011-03-04,58.25,58.2599983215332,57.59000015258789,57.970001220703125,50.674503326416016,62328400
2011-03-07,58.209999084472656,58.2599983215332,56.66999816894531,57.189998626708984,49.99264907836914,98470000
2011-03-08,57.119998931884766,57.68000030517578,56.77000045776367,57.41999816894531,50.19370651245117,62399100
2011-03-09,57.209999084472656,57.27000045776367,56.720001220703125,57.029998779296875,49.852779388427734,84764200
2011-03-10,56.38999938964844,56.52000045776367,55.90999984741211,56.13999938964844,49.074798583984375,102894400
2011-03-11,55.81999969482422,56.65999984741211,55.81999969482422,56.4900016784668,49.38075256347656,81679400
2011-03-14,56.18000030517578,56.59000015258789,55.86000061035156,56.290000915527344,49.2059211730957,73565800
2011-03-15,54.63999938964844,55.81999969482422,54.470001220703125,55.4900016784668,48.506595611572266,101276500
2011-03-16,55.029998779296875,55.34000015258789,53.77000045776367,54.150001525878906,47.335243225097656,176507700
2011-03-17,55.0099983215332,55.2400016784668,54.130001068115234,54.650001525878906,47.77231979370117,94434500
2011-03-18,55.220001220703125,55.220001220703125,54.40999984741211,54.45000076293945,47.6646614074707,94887200
2011-03-21,55.279998779296875,55.779998779296875,54.5,55.5,48.58381271362305,57423000
2011-03-22,55.58000183105469,55.61000061035156,55.279998779296875,55.400001525878906,48.49626159667969,36162100
2011-03-23,55.20000076293945,55.869998931884766,54.81999969482422,55.709999084472656,48.76763916015625,60365100
2011-03-24,56.130001068115234,56.81999969482422,55.81999969482422,56.70000076293945,49.63424301147461,69502400
2011-03-25,56.880001068115234,57.220001220703125,56.72999954223633,56.84000015258789,49.75682067871094,74131100
2011-03-28,57.09000015258789,57.099998474121094,56.5,56.529998779296875,49.48543930053711,37824000
2011-03-29,56.400001525878906,57.08000183105469,56.22999954223633,57.08000183105469,49.96691131591797,47994800
2011-03-30,57.36000061035156,57.43000030517578,57.08000183105469,57.349998474121094,50.2032585144043,44935900
2011-03-31,57.25,57.47999954223633,57.150001525878906,57.43000030517578,50.27330017089844,50004300
2011-04-01,57.720001220703125,57.900001525878906,57.290000915527344,57.459999084472656,50.29955291748047,68031800
2011-04-04,57.619998931884766,57.68000030517578,57.02000045776367,57.27000045776367,50.13323211669922,48659100
2011-04-05,57.15999984741211,57.4900016784668,57.0,57.119998931884766,50.00191879272461,55349400
2011-04-06,57.560001373291016,57.72999954223633,56.93000030517578,57.2599983215332,50.12448501586914,49532100
2011-04-07,57.2400016784668,57.599998474121094,56.810001373291016,57.220001220703125,50.089473724365234,60697000
2011-04-08,57.47999954223633,57.56999969482422,56.650001525878906,56.95000076293945,49.85311508178711,42782200
2011-04-11,57.16999816894531,57.290000915527344,56.560001373291016,56.7599983215332,49.686798095703125,42451700
2011-04-12,56.5,56.63999938964844,56.150001525878906,56.369998931884766,49.345394134521484,50422800
2011-04-13,56.790000915527344,57.0,56.400001525878906,56.849998474121094,49.76556396484375,49979800
2011-04-14,56.459999084472656,56.83000183105469,56.22999954223633,56.75,49.67802810668945,53544100
2011-04-15,56.529998779296875,56.869998931884766,56.279998779296875,56.650001525878906,49.59049606323242,68530000
2011-04-18,56.08000183105469,56.27000045776367,55.31999969482422,56.25,49.24032974243164,69065000
2011-04-19,56.400001525878906,56.599998474121094,56.099998474121094,56.599998474121094,49.546722412109375,38608400
2011-04-20,57.599998474121094,57.939998626708984,57.529998779296875,57.880001068115234,50.66721725463867,67397500
2011-04-21,58.439998626708984,58.470001220703125,58.15999984741211,58.34000015258789,51.06987762451172,43666800
2011-04-25,58.38999938964844,58.52000045776367,58.279998779296875,58.4900016784668,51.2011833190918,25376800
2011-04-26,58.63999938964844,59.029998779296875,58.5099983215332,58.81999969482422,51.49006652832031,49400000
2011-04-27,58.93000030517578,59.290000915527344,58.65999984741211,59.220001220703125,51.84022521972656,56465500
2011-04-28,59.040000915527344,59.22999954223633,58.880001068115234,59.130001068115234,51.761436462402344,48100000
2011-04-29,59.02000045776367,59.290000915527344,58.97999954223633,59.08000183105469,51.71766662597656,44831200
2011-05-02,59.16999816894531,59.34000015258789,58.81999969482422,58.970001220703125,51.621368408203125,48149400
2011-05-03,58.939998626708984,59.0,58.33000183105469,58.689998626708984,51.37626647949219,38100000
2011-05-04,58.720001220703125,58.869998931884766,58.11000061035156,58.599998474121094,51.2974853515625,53097200
2011-05-05,58.310001373291016,58.970001220703125,58.08000183105469,58.279998779296875,51.017364501953125,72200000
2011-05-06,58.86000061035156,59.20000076293945,58.310001373291016,58.470001220703125,51.183685302734375,72507000
2011-05-09,58.56999969482422,58.91999816894531,58.34000015258789,58.689998626708984,51.37626647949219,40022000
2011-05-10,58.86000061035156,59.279998779296875,58.779998779296875,59.189998626708984,51.81395721435547,38053600
2011-05-11,59.099998474121094,59.310001373291016,58.36000061035156,58.7599983215332,51.43754959106445,61900000
2011-05-12,58.58000183105469,59.189998626708984,58.2400016784668,59.11000061035156,51.74393081665039,66100000
2011-05-13,58.970001220703125,59.06999969482422,58.38999938964844,58.40999984741211,51.13116455078125,63506600
2011-05-16,58.13999938964844,58.31999969482422,57.27000045776367,57.400001525878906,50.24701690673828,73115300
2011-05-17,57.099998474121094,57.56999969482422,56.97999954223633,57.560001373291016,50.3870849609375,63136000
2011-05-18,57.47999954223633,58.13999938964844,57.40999984741211,58.040000915527344,50.807281494140625,42351100
2011-05-19,58.220001220703125,58.34000015258789,57.849998474121094,58.209999084472656,50.95608901977539,35015800
2011-05-20,58.150001525878906,58.209999084472656,57.689998626708984,57.77000045776367,50.570926666259766,44703300
2011-05-23,56.97999954223633,57.150001525878906,56.650001525878906,56.91999816894531,49.826839447021484,43700000
2011-05-24,57.060001373291016,57.06999969482422,56.560001373291016,56.56999969482422,49.520469665527344,39314800
2011-05-25,56.5,57.060001373291016,56.470001220703125,56.790000915527344,49.71303176879883,41369000
2011-05-26,56.619998931884766,57.29999923706055,56.61000061035156,57.13999938964844,50.01942443847656,40564100
2011-05-27,57.2400016784668,57.4900016784668,57.189998626708984,57.43000030517578,50.27330017089844,30127200
2011-05-31,57.970001220703125,58.36000061035156,57.66999816894531,58.36000061035156,51.08740997314453,47590100
2011-06-01,58.220001220703125,58.36000061035156,57.040000915527344,57.09000015258789,49.97565841674805,51795000
2011-06-02,57.20000076293945,57.40999984741211,56.88999938964844,57.209999084472656,50.080711364746094,50198100
2011-06-03,56.54999923706055,56.9900016784668,56.27000045776367,56.349998474121094,49.32786560058594,57773700
2011-06-06,56.220001220703125,56.529998779296875,55.86000061035156,55.88999938964844,48.92519760131836,50175600
2011-06-07,56.040000915527344,56.2599983215332,55.75,55.790000915527344,48.8376579284668,46311100
2011-06-08,55.66999816894531,55.77000045776367,55.22999954223633,55.38999938964844,48.487510681152344,46426400
2011-06-09,55.40999984741211,55.7599983215332,55.22999954223633,55.4900016784668,48.575035095214844,45307500
2011-06-10,55.22999954223633,55.34000015258789,54.59000015258789,54.63999938964844,47.83097457885742,53740600
2011-06-13,54.66999816894531,54.93000030517578,54.45000076293945,54.63999938964844,47.83097457885742,37736800
2011-06-14,55.060001373291016,55.470001220703125,55.029998779296875,55.34000015258789,48.44373321533203,40565300
2011-06-15,54.810001373291016,55.150001525878906,54.18000030517578,54.290000915527344,47.52458190917969,59022400
2011-06-16,54.31999969482422,54.5,53.619998931884766,54.08000183105469,47.34076690673828,66316200
2011-06-17,54.400001525878906,54.599998474121094,53.630001068115234,53.790000915527344,47.192481994628906,70337000
2011-06-20,53.63999938964844,54.22999954223633,53.63999938964844,54.06999969482422,47.438133239746094,37402900
2011-06-21,54.2599983215332,55.290000915527344,54.029998779296875,55.22999954223633,48.45587158203125,55892800
2011-06-22,55.0,55.31999969482422,54.81999969482422,54.83000183105469,48.10493469238281,36833300
2011-06-23,54.2400016784668,55.369998931884766,54.060001373291016,55.34000015258789,48.55237579345703,80743300
2011-06-24,55.08000183105469,55.130001068115234,54.27000045776367,54.380001068115234,47.710121154785156,56298300
2011-06-27,54.439998626708984,55.529998779296875,54.31999969482422,55.25,48.473411560058594,49968900
2011-06-28,55.369998931884766,56.08000183105469,55.290000915527344,56.06999969482422,49.19284439086914,47028800
2011-06-29,56.20000076293945,56.40999984741211,55.900001525878906,56.29999923706055,49.394622802734375,65407300
2011-06-30,56.5,57.09000015258789,56.470001220703125,57.04999923706055,50.05263137817383,50347200
2011-07-01,57.08000183105469,57.9900016784668,56.91999816894531,57.90999984741211,50.807151794433594,53203900
2011-07-05,57.970001220703125,58.2599983215332,57.83000183105469,58.20000076293945,51.06158447265625,43128800
2011-07-06,58.130001068115234,58.4900016784668,57.939998626708984,58.38999938964844,51.22827911376953,49282700
2011-07-07,58.83000183105469,59.36000061035156,58.7400016784668,59.189998626708984,51.93014907836914,54799800
2011-07-08,58.68000030517578,59.040000915527344,58.369998931884766,59.029998779296875,51.78976821899414,69519500
2011-07-11,58.40999984741211,58.709999084472656,57.7599983215332,57.959999084472656,50.85102081298828,52080800
2011-07-12,57.95000076293945,58.06999969482422,57.459999084472656,57.52000045776367,50.46497344970703,84000700
2011-07-13,57.939998626708984,58.34000015258789,57.54999923706055,57.7599983215332,50.6755485534668,82378100
2011-07-14,57.90999984741211,58.18000030517578,56.869998931884766,57.09000015258789,50.08772277832031,98774200
2011-07-15,57.72999954223633,57.849998474121094,57.310001373291016,57.849998474121094,50.7545166015625,68281500
2011-07-18,57.529998779296875,57.790000915527344,56.97999954223633,57.540000915527344,50.482540130615234,59512200
2011-07-19,58.09000015258789,58.900001525878906,58.09000015258789,58.849998474121094,51.63185501098633,73904600
2011-07-20,59.18000030517578,59.189998626708984,58.5,58.599998474121094,51.41252136230469,57085500
2011-07-21,58.65999984741211,59.31999969482422,58.34000015258789,58.9900016784668,51.75468826293945,70148800
2011-07-22,58.959999084472656,59.70000076293945,58.91999816894531,59.599998474121094,52.289878845214844,43620400
2011-07-25,59.130001068115234,59.810001373291016,59.02000045776367,59.47999954223633,52.18458938598633,48916100
2011-07-26,59.439998626708984,59.83000183105469,59.31999969482422,59.630001068115234,52.31618881225586,40918900
2011-07-27,59.2400016784668,59.290000915527344,57.939998626708984,58.09000015258789,50.96508026123047,83969500
2011-07-28,58.119998931884766,58.93000030517578,57.88999938964844,58.189998626708984,51.052818298339844,61031900
2011-07-29,57.720001220703125,58.61000061035156,57.439998626708984,58.0,50.88612365722656,82860500
2011-08-01,58.70000076293945,58.81999969482422,57.029998779296875,57.72999954223633,50.64925003051758,85421100
2011-08-02,57.459999084472656,57.720001220703125,56.209999084472656,56.27000045776367,49.36830520629883,90853300
2011-08-03,56.34000015258789,56.880001068115234,55.349998474121094,56.810001373291016,49.84208297729492,103612300
2011-08-04,56.0,56.09000015258789,54.16999816894531,54.16999816894531,47.525875091552734,132830000
2011-08-05,54.720001220703125,55.029998779296875,52.31999969482422,53.83000183105469,47.22759246826172,214111800
2011-08-08,52.18000030517578,53.119998931884766,50.59000015258789,50.59000015258789,44.384986877441406,204804500
2011-08-09,51.349998474121094,53.08000183105469,49.93000030517578,53.029998779296875,46.525699615478516,193707100
2011-08-10,51.83000183105469,53.040000915527344,50.79999923706055,50.86000061035156,44.62184524536133,205917900
2011-08-11,51.59000015258789,53.689998626708984,51.34000015258789,53.099998474121094,46.587120056152344,143825300
2011-08-12,53.43000030517578,53.900001525878906,52.880001068115234,53.56999969482422,46.99946594238281,90483300
2011-08-15,53.790000915527344,54.36000061035156,53.529998779296875,54.36000061035156,47.69256591796875,73554300
2011-08-16,53.83000183105469,54.349998474121094,53.18000030517578,53.900001525878906,47.28898620605469,89219200
2011-08-17,53.970001220703125,54.41999816894531,53.02000045776367,53.58000183105469,47.008235931396484,84416600
2011-08-18,52.130001068115234,52.13999938964844,50.47999954223633,50.95000076293945,44.700809478759766,130019400
2011-08-19,50.41999816894531,51.66999816894531,49.9900016784668,50.029998779296875,43.89366912841797,96674600
2011-08-22,51.22999954223633,51.2400016784668,50.060001373291016,50.209999084472656,44.05158615112305,77107700
2011-08-23,50.54999923706055,52.279998779296875,50.34000015258789,52.279998779296875,45.86766815185547,75688400
2011-08-24,52.130001068115234,52.790000915527344,51.709999084472656,52.689998626708984,46.22740173339844,80197700
2011-08-25,52.65999984741211,52.900001525878906,51.650001525878906,51.83000183105469,45.47288513183594,93623700
2011-08-26,51.65999984741211,53.310001373291016,51.150001525878906,53.130001068115234,46.613441467285156,91573300
2011-08-29,53.65999984741211,54.66999816894531,53.63999938964844,54.61000061035156,47.91191101074219,45985800
2011-08-30,54.40999984741211,55.29999923706055,54.11000061035156,54.970001220703125,48.227752685546875,61617900
2011-08-31,55.29999923706055,55.7400016784668,54.599998474121094,55.060001373291016,48.306724548339844,60900400
2011-09-01,55.20000076293945,55.63999938964844,54.459999084472656,54.560001373291016,47.8680305480957,57158400
2011-09-02,53.58000183105469,54.61000061035156,52.9900016784668,53.279998779296875,46.74502182006836,58185700
2011-09-06,52.040000915527344,53.369998931884766,51.90999984741211,53.290000915527344,46.75381088256836,52992200
2011-09-07,54.04999923706055,54.650001525878906,53.900001525878906,54.63999938964844,47.9382209777832,48952200
2011-09-08,54.36000061035156,55.16999816894531,54.209999084472656,54.38999938964844,47.71888732910156,61422800
2011-09-09,54.0099983215332,54.2400016784668,52.849998474121094,53.18000030517578,46.657310485839844,63663500
2011-09-12,52.59000015258789,53.900001525878906,52.56999969482422,53.86000061035156,47.25390625,65973000
2011-09-13,54.060001373291016,54.689998626708984,53.79999923706055,54.58000183105469,47.885581970214844,59020000
2011-09-14,54.86000061035156,55.97999954223633,54.31999969482422,55.36000061035156,48.56991958618164,90757300
2011-09-15,55.959999084472656,56.279998779296875,55.38999938964844,56.18000030517578,49.28934860229492,83536100
2011-09-16,56.20000076293945,56.650001525878906,56.09000015258789,56.59000015258789,49.74113464355469,91902100
2011-09-19,55.88999938964844,56.90999984741211,55.43000030517578,56.61000061035156,49.758724212646484,73042900
2011-09-20,56.900001525878906,57.349998474121094,56.22999954223633,56.36000061035156,49.53896713256836,66570100
2011-09-21,56.650001525878906,56.93000030517578,55.369998931884766,55.380001068115234,48.677574157714844,79938000
2011-09-22,53.970001220703125,54.459999084472656,52.75,53.58000183105469,47.09541702270508,151885500
2011-09-23,53.130001068115234,54.380001068115234,53.09000015258789,54.150001525878906,47.59645080566406,85940600
2011-09-26,54.41999816894531,54.880001068115234,53.209999084472656,54.779998779296875,48.15019989013672,96261400
2011-09-27,55.709999084472656,56.20000076293945,54.97999954223633,55.349998474121094,48.651206970214844,81148600
2011-09-28,55.59000015258789,55.970001220703125,54.400001525878906,54.529998779296875,47.93043518066406,76757100
2011-09-29,55.36000061035156,55.43000030517578,52.970001220703125,53.880001068115234,47.359100341796875,116900200
2011-09-30,53.15999984741211,53.61000061035156,52.459999084472656,52.4900016784668,46.1373405456543,104870100
2011-10-03,52.02000045776367,52.849998474121094,51.11000061035156,51.13999938964844,44.950721740722656,99149500
2011-10-04,50.619998931884766,52.290000915527344,50.099998474121094,52.189998626708984,45.87364959716797,137013700
2011-10-05,52.060001373291016,53.68000030517578,51.65999984741211,53.529998779296875,47.05147933959961,108825700
2011-10-06,53.459999084472656,54.439998626708984,53.209999084472656,54.43000030517578,47.84254837036133,71939200
2011-10-07,54.400001525878906,54.65999984741211,53.720001220703125,54.06999969482422,47.526126861572266,72525200
2011-10-10,54.9900016784668,55.939998626708984,54.88999938964844,55.939998626708984,49.16979217529297,48230200
2011-10-11,55.790000915527344,56.459999084472656,55.70000076293945,56.31999969482422,49.503807067871094,66449100
2011-10-12,56.86000061035156,57.22999954223633,56.560001373291016,56.599998474121094,49.74992370605469,85627600
2011-10-13,56.4900016784668,57.189998626708984,56.43000030517578,57.119998931884766,50.20698547363281,63443700
2011-10-14,57.81999969482422,58.189998626708984,57.5099983215332,58.18000030517578,51.1386833190918,65643600
2011-10-17,57.90999984741211,58.09000015258789,56.970001220703125,57.279998779296875,50.347625732421875,65161300
2011-10-18,57.189998626708984,58.290000915527344,56.65999984741211,57.9900016784668,50.971710205078125,91434600
2011-10-19,57.66999816894531,57.849998474121094,56.68000030517578,56.869998931884766,49.987247467041016,67639400
2011-10-20,56.86000061035156,56.91999816894531,55.790000915527344,56.59000015258789,49.74113464355469,80378300
2011-10-21,57.189998626708984,57.65999984741211,56.779998779296875,57.29999923706055,50.365211486816406,60455800
2011-10-24,57.5099983215332,58.650001525878906,57.310001373291016,58.4900016784668,51.41120147705078,61449500
2011-10-25,58.29999923706055,58.31999969482422,57.220001220703125,57.34000015258789,50.400352478027344,65299200
2011-10-26,57.65999984741211,57.779998779296875,56.209999084472656,57.27000045776367,50.33884811401367,98193800
2011-10-27,58.63999938964844,59.20000076293945,58.029998779296875,58.849998474121094,51.72761535644531,104455500
2011-10-28,58.52000045776367,59.0099983215332,58.5,58.939998626708984,51.806724548339844,42950000
2011-10-31,58.43000030517578,58.63999938964844,57.90999984741211,57.95000076293945,50.93653869628906,60520200
2011-11-01,56.52000045776367,57.90999984741211,56.119998931884766,56.439998626708984,49.609275817871094,99933000
2011-11-02,57.029998779296875,57.15999984741211,56.380001068115234,56.91999816894531,50.03120422363281,65003800
2011-11-03,57.369998931884766,58.18000030517578,56.709999084472656,58.099998474121094,51.06838607788086,78994200
2011-11-04,57.81999969482422,58.04999923706055,57.220001220703125,57.79999923706055,50.8046989440918,61527800
2011-11-07,57.7599983215332,58.25,57.16999816894531,58.209999084472656,51.165061950683594,65559000
2011-11-08,58.630001068115234,58.97999954223633,57.970001220703125,58.880001068115234,51.75398254394531,62906900
2011-11-09,57.7400016784668,57.83000183105469,56.630001068115234,56.810001373291016,49.93451690673828,69539000
2011-11-10,57.369998931884766,57.41999816894531,56.22999954223633,56.779998779296875,49.90814971923828,66052400
2011-11-11,57.27000045776367,58.02000045776367,57.20000076293945,57.849998474121094,50.848636627197266,54471000
2011-11-14,57.689998626708984,58.0099983215332,57.279998779296875,57.4900016784668,50.53221893310547,44617600
2011-11-15,57.31999969482422,58.36000061035156,57.2599983215332,58.130001068115234,51.09474563598633,52203900
2011-11-16,57.709999084472656,58.15999984741211,57.060001373291016,57.16999816894531,50.25093460083008,68342800
2011-11-17,57.02000045776367,57.040000915527344,55.47999954223633,55.83000183105469,49.07311248779297,101706900
2011-11-18,55.84000015258789,55.900001525878906,55.29999923706055,55.400001525878906,48.69515609741211,60417000
2011-11-21,54.650001525878906,54.72999954223633,53.779998779296875,54.34000015258789,47.76344680786133,52283700
2011-11-22,54.20000076293945,54.68000030517578,53.869998931884766,54.52000045776367,47.921661376953125,51940100
2011-11-23,54.11000061035156,54.16999816894531,53.2599983215332,53.290000915527344,46.84051513671875,48437300
2011-11-25,53.060001373291016,53.66999816894531,52.869998931884766,52.880001068115234,46.48014450073242,25448100
2011-11-28,54.16999816894531,54.790000915527344,54.13999938964844,54.720001220703125,48.097442626953125,46710700
2011-11-29,54.689998626708984,55.099998474121094,54.220001220703125,54.380001068115234,47.798606872558594,52056700
2011-11-30,55.86000061035156,56.439998626708984,55.66999816894531,56.38999938964844,49.565345764160156,66918600
2011-12-01,56.380001068115234,56.93000030517578,56.349998474121094,56.779998779296875,49.90814971923828,45362200
2011-12-02,57.34000015258789,57.34000015258789,56.56999969482422,56.619998931884766,49.76749801635742,36938900
2011-12-05,57.470001220703125,57.619998931884766,56.91999816894531,57.2400016784668,50.31246566772461,40492200
2011-12-06,57.290000915527344,57.45000076293945,56.88999938964844,57.08000183105469,50.171836853027344,38670000
2011-12-07,56.91999816894531,57.34000015258789,56.349998474121094,57.08000183105469,50.171836853027344,44576200
2011-12-08,56.709999084472656,57.150001525878906,56.0099983215332,56.119998931884766,49.328006744384766,51692600
2011-12-09,56.2599983215332,57.189998626708984,56.2400016784668,57.02000045776367,50.11910629272461,55757900
2011-12-12,56.41999816894531,57.0099983215332,55.900001525878906,56.380001068115234,49.55655288696289,55411700
2011-12-13,56.75,56.97999954223633,55.529998779296875,55.7599983215332,49.0115966796875,68557700
2011-12-14,55.54999923706055,55.59000015258789,54.58000183105469,54.88999938964844,48.24687957763672,63682800
2011-12-15,55.36000061035156,55.41999816894531,54.65999984741211,54.7400016784668,48.11503219604492,58732900
2011-12-16,54.869998931884766,55.61000061035156,54.77000045776367,54.86000061035156,48.362770080566406,60978900
2011-12-19,55.06999969482422,55.20000076293945,54.16999816894531,54.31999969482422,47.886714935302734,46733900
2011-12-20,55.20000076293945,56.0,55.16999816894531,55.93000030517578,49.306034088134766,81758800
2011-12-21,55.599998474121094,55.63999938964844,54.4900016784668,55.130001068115234,48.60078811645508,78552300
2011-12-22,55.25,55.630001068115234,55.16999816894531,55.599998474121094,49.01511764526367,40334100
2011-12-23,55.709999084472656,56.08000183105469,55.58000183105469,56.08000183105469,49.43826675415039,26594600
2011-12-27,55.9900016784668,56.41999816894531,55.93000030517578,56.2400016784668,49.622676849365234,21443500
2011-12-28,56.16999816894531,56.2599983215332,55.439998626708984,55.59000015258789,49.049163818359375,38180100
2011-12-29,55.68000030517578,56.029998779296875,55.5,55.9900016784668,49.402076721191406,28077900
2011-12-30,55.869998931884766,56.119998931884766,55.81999969482422,55.83000183105469,49.26091766357422,21832400
2012-01-03,56.90999984741211,57.189998626708984,56.75,56.900001525878906,50.205020904541016,39514100
2012-01-04,56.810001373291016,57.220001220703125,56.560001373291016,57.13999938964844,50.41677474975586,29403400
2012-01-05,57.02000045776367,57.65999984741211,56.79999923706055,57.61000061035156,50.83148193359375,41260600
2012-01-06,57.619998931884766,57.939998626708984,57.400001525878906,57.810001373291016,51.00794982910156,46325200
2012-01-09,57.959999084472656,57.97999954223633,57.43000030517578,57.619998931884766,50.840301513671875,39195500
2012-01-10,58.22999954223633,58.400001525878906,57.63999938964844,58.040000915527344,51.21088409423828,35949900
2012-01-11,58.029998779296875,58.290000915527344,57.810001373291016,58.15999984741211,51.31678009033203,37144100
2012-01-12,58.290000915527344,58.470001220703125,57.86000061035156,58.38999938964844,51.51971435546875,26188300
2012-01-13,58.08000183105469,58.20000076293945,57.68000030517578,58.18000030517578,51.33439636230469,35980400
2012-01-17,58.689998626708984,58.959999084472656,58.4900016784668,58.709999084472656,51.80203628540039,41790800
2012-01-18,58.81999969482422,59.4900016784668,58.68000030517578,59.4900016784668,52.49027633666992,48692700
2012-01-19,59.7599983215332,59.970001220703125,59.650001525878906,59.86000061035156,52.816749572753906,47774500
2012-01-20,59.599998474121094,59.79999923706055,59.560001373291016,59.77000045776367,52.7373161315918,41041700
2012-01-23,59.779998779296875,60.209999084472656,59.439998626708984,59.790000915527344,52.754966735839844,40958300
2012-01-24,59.52000045776367,59.84000015258789,59.40999984741211,59.68000030517578,52.657920837402344,38440200
2012-01-25,60.2599983215332,60.58000183105469,59.83000183105469,60.43000030517578,53.31965637207031,61591800
2012-01-26,60.689998626708984,60.79999923706055,59.93000030517578,60.220001220703125,53.13438034057617,37852700
2012-01-27,60.09000015258789,60.5099983215332,60.060001373291016,60.400001525878906,53.293190002441406,45532300
2012-01-30,59.88999938964844,60.540000915527344,59.65999984741211,60.45000076293945,53.33732604980469,42797800
2012-01-31,60.75,60.86000061035156,60.13999938964844,60.529998779296875,53.407901763916016,51449600
2012-02-01,60.880001068115234,61.2400016784668,60.65999984741211,61.02000045776367,53.84025573730469,46146700
2012-02-02,61.220001220703125,61.40999984741211,60.970001220703125,61.209999084472656,54.00788879394531,46373600
2012-02-03,61.779998779296875,62.119998931884766,61.68000030517578,62.04999923706055,54.74905776977539,36453800
2012-02-06,61.81999969482422,62.02000045776367,61.65999984741211,62.0,54.704933166503906,28541300
2012-02-07,61.95000076293945,62.25,61.66999816894531,62.130001068115234,54.81963348388672,37935700
2012-02-08,62.13999938964844,62.459999084472656,61.90999984741211,62.459999084472656,55.11082458496094,41171100
2012-02-09,62.70000076293945,62.97999954223633,62.31999969482422,62.90999984741211,55.507869720458984,46856400
2012-02-10,62.459999084472656,62.63999938964844,62.25,62.470001220703125,55.11963653564453,58090500
2012-02-13,62.939998626708984,63.130001068115234,62.650001525878906,63.04999923706055,55.63139724731445,36810200
2012-02-14,62.90999984741211,63.220001220703125,62.689998626708984,63.209999084472656,55.77256774902344,51648200
2012-02-15,63.5099983215332,63.86000061035156,62.66999816894531,62.77000045776367,55.38434600830078,105709100
2012-02-16,62.790000915527344,63.70000076293945,62.630001068115234,63.630001068115234,56.14314651489258,83642300
2012-02-17,63.63999938964844,63.689998626708984,63.150001525878906,63.43000030517578,55.9666862487793,76112300
2012-02-21,63.5,63.88999938964844,63.209999084472656,63.61000061035156,56.125518798828125,38141300
2012-02-22,63.4900016784668,63.68000030517578,63.22999954223633,63.31999969482422,55.869625091552734,43174700
2012-02-23,63.400001525878906,63.810001373291016,63.09000015258789,63.7400016784668,56.24021911621094,54250000
2012-02-24,63.91999816894531,64.06999969482422,63.79999923706055,63.959999084472656,56.43430709838867,41364900
2012-02-27,63.61000061035156,64.26000213623047,63.33000183105469,64.05000305175781,56.51372528076172,42678500
2012-02-28,64.11000061035156,64.69999694824219,64.02999877929688,64.69999694824219,57.087257385253906,43717500
2012-02-29,64.75,64.95999908447266,64.19999694824219,64.41000366210938,56.83137893676758,59784400
2012-03-01,64.6500015258789,64.9800033569336,64.45999908447266,64.91999816894531,57.2813720703125,67558900
2012-03-02,64.83000183105469,65.08000183105469,64.66000366210938,64.87000274658203,57.23724365234375,33358200
2012-03-05,64.83000183105469,64.91000366210938,63.9900016784668,64.19999694824219,56.646087646484375,45788800
2012-03-06,63.56999969482422,63.720001220703125,63.22999954223633,63.56999969482422,56.090206146240234,54638600
2012-03-07,63.869998931884766,64.20999908447266,63.77000045776367,64.05999755859375,56.522544860839844,42741800
2012-03-08,64.44000244140625,64.94000244140625,64.30000305175781,64.75,57.13136672973633,43711100
2012-03-09,64.86000061035156,65.13999938964844,64.81999969482422,65.0199966430664,57.369590759277344,43117200
2012-03-12,65.0,65.11000061035156,64.72000122070312,65.05000305175781,57.39606857299805,32687300
2012-03-13,65.4000015258789,66.26000213623047,65.2699966430664,66.26000213623047,58.46372604370117,61559100
2012-03-14,66.33000183105469,66.73999786376953,66.08000183105469,66.48999786376953,58.66664505004883,59926900
2012-03-15,66.69000244140625,66.81999969482422,66.3499984741211,66.68000030517578,58.83429718017578,65531200
2012-03-16,66.66999816894531,66.66999816894531,66.36000061035156,66.5199966430664,58.7927360534668,53023100
2012-03-19,66.62999725341797,67.1500015258789,66.44999694824219,66.98999786376953,59.20813751220703,60966200
2012-03-20,66.63999938964844,67.18000030517578,66.45999908447266,67.11000061035156,59.314208984375,47290600
2012-03-21,67.12000274658203,67.48999786376953,67.02999877929688,67.12000274658203,59.32303237915039,39648100
2012-03-22,66.72000122070312,67.13999938964844,66.68000030517578,66.9800033569336,59.19930648803711,56953900
2012-03-23,67.05999755859375,67.08000183105469,66.55999755859375,66.94000244140625,59.16394805908203,45541700
2012-03-26,67.38999938964844,68.11000061035156,67.33000183105469,68.11000061035156,60.19804000854492,40855300
2012-03-27,68.16000366210938,68.48999786376953,68.12999725341797,68.20999908447266,60.28642272949219,37278200
2012-03-28,68.25,68.51000213623047,67.54000091552734,67.94000244140625,60.04779052734375,44421900
2012-03-29,67.5999984741211,67.93000030517578,67.19999694824219,67.68000030517578,59.81797790527344,53975300
2012-03-30,67.9800033569336,68.0199966430664,67.27999877929688,67.55000305175781,59.70309066772461,39480900
2012-04-02,67.4800033569336,68.33999633789062,67.36000061035156,68.25,60.32175827026367,40031600
2012-04-03,68.30999755859375,68.55000305175781,67.8499984741211,68.2300033569336,60.30409622192383,45539900
2012-04-04,67.72000122070312,67.76000213623047,66.91000366210938,67.30000305175781,59.48213195800781,54088100
2012-04-05,67.18000030517578,67.77999877929688,67.12999725341797,67.72000122070312,59.85334396362305,42979900
2012-04-09,66.87999725341797,67.4800033569336,66.76000213623047,67.20999908447266,59.4025764465332,36908200
2012-04-10,67.18000030517578,67.44000244140625,65.91999816894531,66.12999725341797,58.44803237915039,69254200
2012-04-11,66.70999908447266,66.88999938964844,66.27999877929688,66.44999694824219,58.73086929321289,62950000
2012-04-12,66.58000183105469,67.27999877929688,66.4800033569336,67.20999908447266,59.4025764465332,57407400
2012-04-13,66.9800033569336,67.19999694824219,66.16000366210938,66.19000244140625,58.50106430053711,55227500
2012-04-16,66.5199966430664,66.55999755859375,65.23999786376953,65.44999694824219,57.8470344543457,57588000
2012-04-17,65.7300033569336,66.98999786376953,65.62999725341797,66.77999877929688,59.02254867553711,47362400
2012-04-18,66.58999633789062,67.0,66.41000366210938,66.61000061035156,58.872283935546875,42536100
2012-04-19,66.37000274658203,67.16999816894531,65.62000274658203,65.86000061035156,58.20940399169922,81110900
2012-04-20,66.22000122070312,66.51000213623047,65.58000183105469,65.68000030517578,58.050323486328125,59906900
2012-04-23,65.05999755859375,65.18000030517578,64.48999786376953,65.08000183105469,57.51999282836914,70514400
2012-04-24,64.95999908447266,65.2300033569336,64.44999694824219,64.7300033569336,57.21067810058594,49661500
2012-04-25,66.06999969482422,66.48999786376953,65.97000122070312,66.44999694824219,58.73086929321289,57526900
2012-04-26,66.44000244140625,66.98999786376953,66.3499984741211,66.83999633789062,59.0755615234375,41799500
2012-04-27,67.12000274658203,67.44999694824219,66.7699966430664,67.23999786376953,59.429100036621094,46003800
2012-04-30,67.04000091552734,67.16999816894531,66.70999908447266,66.76000213623047,59.00487518310547,37787700
2012-05-01,66.69000244140625,67.62999725341797,66.58999633789062,66.87000274658203,59.102081298828125,37643800
2012-05-02,66.54000091552734,67.11000061035156,66.37999725341797,67.05999755859375,59.270015716552734,38299300
2012-05-03,67.0999984741211,67.1500015258789,66.18000030517578,66.3499984741211,58.642486572265625,51297600
2012-05-04,65.73999786376953,66.3499984741211,64.69000244140625,64.69999694824219,57.18415451049805,107554000
2012-05-07,64.30999755859375,65.06999969482422,64.29000091552734,64.76000213623047,57.23719787597656,50267800
2012-05-08,64.3499984741211,64.73999786376953,63.47999954223633,64.5199966430664,57.02506637573242,72659700
2012-05-09,63.77000045776367,64.68000030517578,63.5099983215332,64.31999969482422,56.84830856323242,85715300
2012-05-10,64.61000061035156,64.62999725341797,63.95000076293945,64.19000244140625,56.73341751098633,49448900
2012-05-11,63.970001220703125,64.86000061035156,63.90999984741211,64.18000030517578,56.72458267211914,47099900
2012-05-14,63.630001068115234,64.08000183105469,63.47999954223633,63.58000183105469,56.19426345825195,46360000
2012-05-15,63.75,64.2699966430664,63.2599983215332,63.369998931884766,56.0086669921875,66908600
2012-05-16,63.59000015258789,63.779998779296875,62.810001373291016,62.939998626708984,55.62860870361328,52825900
2012-05-17,62.959999084472656,63.060001373291016,61.599998474121094,61.61000061035156,54.453121185302734,62253900
2012-05-18,61.79999923706055,61.959999084472656,60.7599983215332,60.810001373291016,53.74604034423828,79496500
2012-05-21,60.93000030517578,62.56999969482422,60.849998474121094,62.5099983215332,55.24855422973633,61473000
2012-05-22,62.689998626708984,62.95000076293945,61.9900016784668,62.439998626708984,55.18668746948242,62954800
2012-05-23,61.90999984741211,62.709999084472656,61.369998931884766,62.560001373291016,55.29275894165039,56951100
2012-05-24,62.650001525878906,62.709999084472656,61.689998626708984,62.150001525878906,54.93037033081055,83131200
2012-05-25,62.209999084472656,62.31999969482422,61.88999938964844,62.06999969482422,54.85965347290039,32078900
2012-05-29,62.650001525878906,63.150001525878906,62.279998779296875,62.86000061035156,55.557918548583984,44216700
2012-05-30,62.290000915527344,62.54999923706055,61.68000030517578,62.33000183105469,55.0894775390625,56431800
2012-05-31,62.25,62.40999984741211,61.59000015258789,62.060001373291016,54.850833892822266,55260100
2012-06-01,60.939998626708984,61.31999969482422,60.38999938964844,60.40999984741211,53.39250183105469,71430800
2012-06-04,60.58000183105469,60.959999084472656,60.040000915527344,60.869998931884766,53.799072265625,74119500
2012-06-05,60.65999984741211,61.2400016784668,60.630001068115234,61.119998931884766,54.0200309753418,47916900
2012-06-06,61.58000183105469,62.56999969482422,61.52000045776367,62.52000045776367,55.25738525390625,58781800
2012-06-07,63.18000030517578,63.18000030517578,62.220001220703125,62.27000045776367,55.03644943237305,38414800
2012-06-08,62.16999816894531,62.95000076293945,61.959999084472656,62.869998931884766,55.56674575805664,39730800
2012-06-11,63.349998474121094,63.380001068115234,61.77000045776367,61.810001373291016,54.62986373901367,51008900
2012-06-12,62.099998474121094,62.59000015258789,61.68000030517578,62.560001373291016,55.29275894165039,48802600
2012-06-13,62.380001068115234,62.849998474121094,61.91999816894531,62.130001068115234,54.91270065307617,50840100
2012-06-14,62.119998931884766,62.61000061035156,61.79999923706055,62.36000061035156,55.115966796875,65170600
2012-06-15,62.38999938964844,63.08000183105469,62.36000061035156,62.9900016784668,55.800758361816406,41536100
2012-06-18,62.72999954223633,63.7400016784668,62.630001068115234,63.58000183105469,56.32341766357422,32191200
2012-06-19,63.900001525878906,64.51000213623047,63.849998474121094,64.23999786376953,56.90809631347656,36476500
2012-06-20,64.37999725341797,64.56999969482422,63.810001373291016,64.29000091552734,56.952369689941406,51389700
2012-06-21,64.23999786376953,64.30999755859375,62.619998931884766,62.689998626708984,55.53499221801758,42492700
2012-06-22,62.900001525878906,63.43000030517578,62.72999954223633,63.349998474121094,56.11967849731445,29504200
2012-06-25,62.83000183105469,62.849998474121094,61.95000076293945,62.130001068115234,55.03890609741211,33136400
2012-06-26,62.34000015258789,62.70000076293945,62.060001373291016,62.52000045776367,55.3843879699707,30611100
2012-06-27,62.7599983215332,63.18000030517578,62.689998626708984,62.900001525878906,55.721038818359375,35705800
2012-06-28,62.43000030517578,62.470001220703125,61.540000915527344,62.20000076293945,55.10093688964844,49793400
2012-06-29,63.400001525878906,64.16000366210938,63.209999084472656,64.16000366210938,56.837223052978516,44761300
2012-07-02,64.25,64.37999725341797,63.869998931884766,64.3499984741211,57.00552749633789,33425600
2012-07-03,64.38999938964844,64.88999938964844,64.29000091552734,64.88999938964844,57.483909606933594,15895100
2012-07-05,64.83000183105469,65.25,64.4800033569336,64.93000030517578,57.51934051513672,37016200
2012-07-06,64.62999725341797,64.69000244140625,63.650001525878906,64.12000274658203,56.801795959472656,40684100
2012-07-09,64.05000305175781,64.26000213623047,63.68000030517578,64.0,56.69548034667969,35628300
2012-07-10,64.3499984741211,64.51000213623047,63.119998931884766,63.369998931884766,56.137393951416016,47365700
2012-07-11,63.290000915527344,63.459999084472656,62.5,63.02000045776367,55.827327728271484,43432000
2012-07-12,62.52000045776367,62.689998626708984,61.86000061035156,62.43000030517578,55.30467987060547,57680400
2012-07-13,62.599998474121094,63.52000045776367,62.560001373291016,63.380001068115234,56.14624786376953,32357200
2012-07-16,63.2400016784668,63.52000045776367,62.95000076293945,63.20000076293945,55.98679733276367,27621400
2012-07-17,63.599998474121094,63.7400016784668,62.630001068115234,63.529998779296875,56.27912902832031,42467800
2012-07-18,63.40999984741211,64.58000183105469,63.38999938964844,64.38999938964844,57.04096984863281,44489700
2012-07-19,64.83999633789062,65.30999755859375,64.72000122070312,65.0999984741211,57.66992950439453,53017800
2012-07-20,65.08000183105469,65.0999984741211,64.20999908447266,64.23999786376953,56.90809631347656,40573100
2012-07-23,62.9900016784668,63.68000030517578,62.5099983215332,63.459999084472656,56.21711349487305,48657800
2012-07-24,63.56999969482422,63.65999984741211,62.54999923706055,62.959999084472656,55.77417755126953,57269700
2012-07-25,62.470001220703125,62.95000076293945,62.150001525878906,62.540000915527344,55.40212631225586,46264400
2012-07-26,63.439998626708984,63.72999954223633,62.970001220703125,63.369998931884766,56.137393951416016,41928200
2012-07-27,63.83000183105469,64.98999786376953,63.63999938964844,64.87000274658203,57.466190338134766,42621000
2012-07-30,65.02999877929688,65.30999755859375,64.5999984741211,64.81999969482422,57.42189025878906,37821300
2012-07-31,64.91999816894531,65.18000030517578,64.73999786376953,64.80000305175781,57.40416717529297,34588300
2012-08-01,65.26000213623047,65.27999877929688,64.3499984741211,64.61000061035156,57.23585891723633,30920200
2012-08-02,64.12000274658203,65.0199966430664,63.90999984741211,64.37999725341797,57.03211212158203,40534900
2012-08-03,65.41999816894531,65.87999725341797,65.19000244140625,65.5999984741211,58.11286163330078,42117400
2012-08-06,65.94000244140625,66.38999938964844,65.80000305175781,66.0999984741211,58.55580139160156,23523600
2012-08-07,66.37999725341797,66.91999816894531,66.27999877929688,66.6500015258789,59.04304122924805,28223300
2012-08-08,66.4800033569336,66.76000213623047,66.37000274658203,66.62000274658203,59.01645278930664,20723500
2012-08-09,66.61000061035156,66.91000366210938,66.48999786376953,66.81999969482422,59.193607330322266,20726200
2012-08-10,66.58000183105469,66.87999725341797,66.41000366210938,66.86000061035156,59.229061126708984,20312000
2012-08-13,66.83999633789062,67.02999877929688,66.5,67.0199966430664,59.370811462402344,19890300
2012-08-14,67.2699966430664,67.41000366210938,66.86000061035156,67.05000305175781,59.397377014160156,24218700
2012-08-15,67.0,67.31999969482422,66.98999786376953,67.22000122070312,59.54798889160156,29100400
2012-08-16,67.47000122070312,68.16999816894531,67.38999938964844,68.0199966430664,60.25666046142578,35699900
2012-08-17,68.16999816894531,68.33000183105469,68.01000213623047,68.31999969482422,60.52243423461914,22584800
2012-08-20,68.2699966430664,68.43000030517578,68.0,68.41999816894531,60.61100387573242,26924000
2012-08-21,68.5999984741211,68.87999725341797,67.87999725341797,68.1500015258789,60.37184143066406,41391000
2012-08-22,68.0,68.55999755859375,67.80999755859375,68.43000030517578,60.61985397338867,44555700
2012-08-23,68.12000274658203,68.33999633789062,67.69000244140625,67.87000274658203,60.12379837036133,28800400
2012-08-24,67.70999908447266,68.44999694824219,67.5999984741211,68.29000091552734,60.4958381652832,38384800
2012-08-27,68.58000183105469,68.66999816894531,68.25,68.4000015258789,60.59331512451172,20671400
2012-08-28,68.33999633789062,68.58999633789062,68.11000061035156,68.4000015258789,60.59331512451172,27337900
2012-08-29,68.4000015258789,68.56999969482422,68.11000061035156,68.4000015258789,60.59331512451172,26672400
2012-08-30,68.0999984741211,68.12999725341797,67.5999984741211,67.70999908447266,59.98206329345703,24425400
2012-08-31,68.19999694824219,68.44999694824219,67.47000122070312,68.16000366210938,60.38070297241211,42128000
2012-09-04,68.02999877929688,68.3499984741211,67.41999816894531,68.08999633789062,60.31869125366211,32017200
2012-09-05,68.05999755859375,68.3499984741211,67.83999633789062,68.0199966430664,60.25666046142578,26129300
2012-09-06,68.44000244140625,69.55000305175781,68.41999816894531,69.52999877929688,61.59431838989258,43100000
2012-09-07,69.37000274658203,69.55000305175781,69.2300033569336,69.43000030517578,61.5057487487793,32958600
2012-09-10,69.25,69.4000015258789,68.48999786376953,68.54000091552734,60.717308044433594,25490000
2012-09-11,68.55000305175781,68.81999969482422,68.31999969482422,68.43000030517578,60.61985397338867,29810100
2012-09-12,68.68000030517578,68.80999755859375,68.20999908447266,68.62999725341797,60.79703903198242,42203400
2012-09-13,68.69000244140625,69.86000061035156,68.62000274658203,69.55999755859375,61.620914459228516,45417800
2012-09-14,69.80999755859375,70.43000030517578,69.79000091552734,70.18000030517578,62.170143127441406,38880300
2012-09-17,70.22000122070312,70.23999786376953,69.95999908447266,70.20999908447266,62.19670486450195,31798400
2012-09-18,70.02999877929688,70.30000305175781,70.0199966430664,70.2699966430664,62.249874114990234,27169800
2012-09-19,70.26000213623047,70.58000183105469,70.05999755859375,70.4000015258789,62.36506652832031,36484600
2012-09-20,70.05999755859375,70.4000015258789,69.87000274658203,70.33000183105469,62.30302810668945,42520200
2012-09-21,70.4800033569336,70.54000091552734,70.08000183105469,70.1500015258789,62.32079315185547,23678500
2012-09-24,69.56999969482422,69.86000061035156,69.41999816894531,69.73999786376953,61.956539154052734,32341600
2012-09-25,69.91999816894531,70.08000183105469,68.7300033569336,68.76000213623047,61.085933685302734,41299600
2012-09-26,68.66999816894531,68.70999908447266,67.8499984741211,68.19999694824219,60.58839416503906,32770400
2012-09-27,68.37000274658203,69.30000305175781,68.25,69.13999938964844,61.423519134521484,25339500
2012-09-28,68.91000366210938,69.12000274658203,68.51000213623047,68.56999969482422,60.9171257019043,30112600
2012-10-01,68.9000015258789,69.33000183105469,68.25,68.47000122070312,60.82829666137695,37715300
2012-10-02,68.7699966430664,68.9800033569336,68.12999725341797,68.66999816894531,61.00596618652344,33254300
2012-10-03,68.86000061035156,69.23999786376953,68.58999633789062,69.11000061035156,61.396846771240234,38236000
2012-10-04,69.22000122070312,69.54000091552734,69.0,69.3499984741211,61.610076904296875,26128600
2012-10-05,69.69999694824219,69.80000305175781,68.80000305175781,68.9800033569336,61.2813720703125,25207900
2012-10-08,68.58000183105469,68.72000122070312,68.19000244140625,68.3499984741211,60.72167205810547,30911500
2012-10-09,68.16999816894531,68.33999633789062,67.0999984741211,67.26000213623047,59.753334045410156,67974000
2012-10-10,67.23999786376953,67.43000030517578,66.80000305175781,66.91999816894531,59.45128631591797,45134300
2012-10-11,67.41999816894531,67.47000122070312,66.66999816894531,66.70999908447266,59.26473617553711,30469400
2012-10-12,66.69999694824219,67.05999755859375,66.55000305175781,66.68000030517578,59.23806381225586,24891200
2012-10-15,66.93000030517578,67.26000213623047,66.52999877929688,67.16999816894531,59.67338180541992,22220100
2012-10-16,67.2699966430664,68.19999694824219,67.25,68.12000274658203,60.517330169677734,33960600
2012-10-17,67.7699966430664,68.30000305175781,67.68000030517578,68.08000183105469,60.48180389404297,33439400
2012-10-18,67.86000061035156,68.08000183105469,67.04000091552734,67.29000091552734,59.77996826171875,61707600
2012-10-19,67.20999908447266,67.2699966430664,65.5999984741211,65.68000030517578,58.349674224853516,75362600
2012-10-22,65.6500015258789,66.19000244140625,65.5,66.0199966430664,58.6517333984375,38621500
2012-10-23,65.4800033569336,65.94999694824219,65.19000244140625,65.38999938964844,58.09202575683594,52591200
2012-10-24,65.76000213623047,65.87000274658203,65.05999755859375,65.16000366210938,57.88770294189453,39872400
2012-10-25,65.61000061035156,65.72000122070312,64.97000122070312,65.16000366210938,57.88770294189453,52688700
2012-10-26,65.16000366210938,65.62000274658203,64.6500015258789,65.3499984741211,58.05650329589844,54213100
2012-10-31,65.2699966430664,65.38999938964844,64.7300033569336,64.94999694824219,57.701141357421875,38524500
2012-11-01,65.36000061035156,66.0,65.16999816894531,65.87000274658203,58.518470764160156,26945000
2012-11-02,66.16999816894531,66.20999908447266,65.11000061035156,65.16999816894531,57.89659118652344,44083000
2012-11-05,65.18000030517578,65.7300033569336,65.04000091552734,65.5999984741211,58.278602600097656,28094700
2012-11-06,65.70999908447266,66.16999816894531,65.45999908447266,65.72000122070312,58.38520050048828,29608400
2012-11-07,65.0199966430664,65.0999984741211,63.900001525878906,64.16999816894531,57.008201599121094,70737800
2012-11-08,64.3499984741211,64.5,63.15999984741211,63.15999984741211,56.110923767089844,58585800
2012-11-09,63.20000076293945,64.11000061035156,63.15999984741211,63.43000030517578,56.35078811645508,51542100
2012-11-12,63.79999923706055,63.869998931884766,63.25,63.41999816894531,56.341888427734375,32663700
2012-11-13,62.93000030517578,63.58000183105469,62.779998779296875,62.97999954223633,55.950992584228516,43288300
2012-11-14,63.290000915527344,63.36000061035156,62.13999938964844,62.2400016784668,55.293609619140625,82655300
2012-11-15,62.279998779296875,62.4900016784668,61.79999923706055,62.029998779296875,55.10704040527344,55124200
2012-11-16,62.08000183105469,62.47999954223633,61.310001373291016,62.29999923706055,55.34688949584961,70873100
2012-11-19,62.97999954223633,63.83000183105469,62.959999084472656,63.779998779296875,56.66172790527344,55306400
2012-11-20,63.7599983215332,63.88999938964844,63.189998626708984,63.79999923706055,56.679500579833984,52012700
2012-11-21,63.869998931884766,64.0199966430664,63.599998474121094,63.93000030517578,56.794986724853516,19611700
2012-11-23,64.29000091552734,64.91999816894531,64.25,64.9000015258789,57.6567268371582,16462900
2012-11-26,64.73999786376953,65.22000122070312,64.54000091552734,65.18000030517578,57.90547561645508,26430900
2012-11-27,65.16999816894531,65.4000015258789,64.8499984741211,64.95999908447266,57.71002960205078,25828600
2012-11-28,64.6500015258789,65.56999969482422,64.25,65.5199966430664,58.20751953125,37295800
2012-11-29,65.87000274658203,66.13999938964844,65.58000183105469,65.91000366210938,58.55399703979492,41136100
2012-11-30,65.91999816894531,65.97000122070312,65.61000061035156,65.80000305175781,58.45627212524414,33497400
2012-12-03,66.30999755859375,66.37000274658203,65.63999938964844,65.66999816894531,58.340782165527344,28240000
2012-12-04,65.69999694824219,65.7699966430664,65.19999694824219,65.62999725341797,58.305233001708984,49584500
2012-12-05,65.52999877929688,65.54000091552734,64.55000305175781,64.9000015258789,57.6567268371582,54076200
2012-12-06,64.69999694824219,65.4800033569336,64.52999877929688,65.31999969482422,58.02983856201172,47512300
2012-12-07,65.63999938964844,65.70999908447266,64.70999908447266,64.93000030517578,57.683372497558594,30089400
2012-12-10,64.75,65.45999908447266,64.75,65.12000274658203,57.85216522216797,33219600
2012-12-11,65.56999969482422,66.33999633789062,65.5199966430664,65.97000122070312,58.6073112487793,40750800
2012-12-12,66.31999969482422,66.31999969482422,65.6500015258789,65.83000183105469,58.482933044433594,45917700
2012-12-13,65.69999694824219,66.16000366210938,65.02999877929688,65.30999755859375,58.020957946777344,45467700
2012-12-14,64.87000274658203,65.08000183105469,64.47000122070312,64.69000244140625,57.47016906738281,39630300
2012-12-17,64.75,65.56999969482422,64.66000366210938,65.55000305175781,58.23417663574219,42302900
2012-12-18,65.87999725341797,66.6500015258789,65.69999694824219,66.55000305175781,59.122581481933594,55596000
2012-12-19,66.73999786376953,66.76000213623047,66.22000122070312,66.26000213623047,58.86495590209961,34832500
2012-12-20,66.37999725341797,66.41000366210938,65.93000030517578,66.26000213623047,58.86495590209961,40754300
2012-12-21,64.87999725341797,65.27999877929688,64.5999984741211,65.19999694824219,58.245849609375,51152900
2012-12-24,65.02999877929688,65.13999938964844,64.91999816894531,65.06999969482422,58.12972640991211,11418300
2012-12-26,65.12000274658203,65.18000030517578,64.29000091552734,64.5,57.620506286621094,21751300
2012-12-27,64.55999755859375,64.63999938964844,63.599998474121094,64.4000015258789,57.53116226196289,52933200
2012-12-28,63.90999984741211,64.43000030517578,63.75,63.779998779296875,56.9773063659668,33082100
2012-12-31,63.709999084472656,65.25,63.58000183105469,65.12999725341797,58.183311462402344,57544000
2013-01-02,66.7300033569336,67.2300033569336,66.4800033569336,67.19999694824219,60.032527923583984,70695900
2013-01-03,67.19999694824219,67.33999633789062,66.6500015258789,66.8499984741211,59.719871520996094,47366500
2013-01-04,66.87999725341797,66.87999725341797,66.47000122070312,66.62999725341797,59.52334213256836,33972500
2013-01-07,66.45999908447266,66.76000213623047,66.25,66.6500015258789,59.54119873046875,26766200
2013-01-08,66.63999938964844,66.81999969482422,66.16999816894531,66.5199966430664,59.425052642822266,28734900
2013-01-09,66.62000274658203,66.94999694824219,66.55000305175781,66.7699966430664,59.648399353027344,25600300
2013-01-10,67.2300033569336,67.2699966430664,66.55000305175781,67.16999816894531,60.005741119384766,37528000
2013-01-11,67.13999938964844,67.29000091552734,67.0,67.26000213623047,60.08613204956055,21158600
2013-01-14,66.91999816894531,67.1500015258789,66.66999816894531,66.95999908447266,59.8181266784668,36768500
2013-01-15,66.62999725341797,66.7300033569336,66.33000183105469,66.62999725341797,59.52334213256836,31675300
2013-01-16,66.72000122070312,67.12999725341797,66.5999984741211,66.9000015258789,59.764530181884766,33822300
2013-01-17,67.16999816894531,67.4800033569336,67.05999755859375,67.22000122070312,60.0504035949707,32024200
2013-01-18,67.0199966430664,67.13999938964844,66.7699966430664,67.06999969482422,59.91638946533203,31992000
2013-01-22,67.13999938964844,67.2300033569336,66.7300033569336,67.18000030517578,60.01466369628906,32123100
2013-01-23,67.55999755859375,67.79000091552734,67.45999908447266,67.58999633789062,60.38093566894531,31975700
2013-01-24,66.66000366210938,67.27999877929688,66.55999755859375,66.66000366210938,59.550148010253906,42596300
2013-01-25,66.87000274658203,67.19000244140625,66.73999786376953,67.0,59.85386657714844,39240100
2013-01-28,67.01000213623047,67.37999725341797,66.93000030517578,67.1500015258789,59.98785400390625,32926100
2013-01-29,67.06999969482422,67.30999755859375,66.62999725341797,67.16000366210938,59.996795654296875,35554700
2013-01-30,67.27999877929688,67.4800033569336,66.87000274658203,67.0199966430664,59.87175369262695,34445000
2013-01-31,66.98999786376953,67.3499984741211,66.80999755859375,66.87000274658203,59.73772048950195,34870500
2013-02-01,67.33999633789062,67.77999877929688,67.06999969482422,67.66000366210938,60.44349670410156,53120800
2013-02-04,67.2699966430664,67.45999908447266,66.45999908447266,66.4800033569336,59.38935089111328,48483700
2013-02-05,66.7699966430664,67.66999816894531,66.61000061035156,67.45999908447266,60.26478958129883,35120300
2013-02-06,67.23999786376953,67.55000305175781,67.04000091552734,67.23999786376953,60.06827926635742,43593200
2013-02-07,67.31999969482422,67.37000274658203,66.55999755859375,67.30000305175781,60.121849060058594,46017900
2013-02-08,67.63999938964844,68.12999725341797,67.62999725341797,67.98999786376953,60.73829650878906,39837200
2013-02-11,68.02999877929688,68.05999755859375,67.77999877929688,68.01000213623047,60.75616455078125,17650400
2013-02-12,67.91999816894531,68.05000305175781,67.66000366210938,67.7300033569336,60.50602722167969,22057900
2013-02-13,67.93000030517578,68.2300033569336,67.7699966430664,67.97000122070312,60.72039794921875,23494700
2013-02-14,67.66000366210938,68.05000305175781,67.62000274658203,67.94999694824219,60.702545166015625,24478800
2013-02-15,67.94000244140625,68.11000061035156,67.55999755859375,67.75,60.523868560791016,25333600
2013-02-19,67.87999725341797,68.26000213623047,67.86000061035156,68.23999786376953,60.96162796020508,23436500
2013-02-20,68.22000122070312,68.25,67.18000030517578,67.19000244140625,60.02359390258789,38200300
2013-02-21,66.94000244140625,67.01000213623047,66.2300033569336,66.47000122070312,59.380401611328125,45855600
2013-02-22,66.8499984741211,67.1500015258789,66.58999633789062,67.13999938964844,59.97893142700195,21968000
2013-02-25,67.56999969482422,67.80999755859375,66.25,66.30999755859375,59.237464904785156,40927600
2013-02-26,66.4000015258789,66.68000030517578,65.95999908447266,66.55999755859375,59.46080017089844,42088800
2013-02-27,66.55999755859375,67.6500015258789,66.47000122070312,67.23999786376953,60.06827926635742,36339500
2013-02-28,67.25,67.73999786376953,67.08999633789062,67.0999984741211,59.94319534301758,28557300
2013-03-01,66.87000274658203,67.5,66.54000091552734,67.37999725341797,60.193336486816406,31617200
2013-03-04,67.16000366210938,67.69000244140625,67.06999969482422,67.68000030517578,60.46136474609375,19380500
2013-03-05,68.08000183105469,68.7699966430664,68.08000183105469,68.68000030517578,61.35468673706055,35581900
2013-03-06,68.88999938964844,68.91000366210938,68.41999816894531,68.51000213623047,61.202789306640625,29071100
2013-03-07,68.58999633789062,68.80000305175781,68.44999694824219,68.69000244140625,61.36361312866211,21775900
2013-03-08,68.91999816894531,69.0199966430664,68.5,68.7699966430664,61.43507766723633,26159900
2013-03-11,68.68000030517578,68.98999786376953,68.47000122070312,68.97000122070312,61.61376190185547,23187900
2013-03-12,68.7699966430664,68.93000030517578,68.38999938964844,68.72000122070312,61.39042282104492,27575400
2013-03-13,68.80999755859375,68.88999938964844,68.38999938964844,68.62999725341797,61.310035705566406,34297300
2013-03-14,68.87000274658203,69.01000213623047,68.70999908447266,68.86000061035156,61.515480041503906,31530800
2013-03-15,68.75,68.79000091552734,68.33999633789062,68.51000213623047,61.34443664550781,30752600
2013-03-18,67.87999725341797,68.63999938964844,67.7300033569336,68.36000061035156,61.21014404296875,36163000
2013-03-19,68.56999969482422,68.69999694824219,67.62000274658203,68.2300033569336,61.09375,33125100
2013-03-20,68.70999908447266,68.86000061035156,68.38999938964844,68.70999908447266,61.52353286743164,28035400
2013-03-21,68.08000183105469,68.25,67.7699966430664,67.93000030517578,60.82512664794922,30050800
2013-03-22,68.20999908447266,68.63999938964844,68.12999725341797,68.58999633789062,61.41608810424805,28837200
2013-03-25,68.80999755859375,68.95999908447266,68.01000213623047,68.33999633789062,61.192237854003906,24909800
2013-03-26,68.5999984741211,68.7300033569336,68.44999694824219,68.70999908447266,61.52353286743164,19725200
2013-03-27,68.23999786376953,68.8499984741211,68.13999938964844,68.80000305175781,61.60414123535156,22539500
2013-03-28,68.80000305175781,69.05999755859375,68.63999938964844,68.97000122070312,61.75636291503906,23662800
2013-04-01,69.0199966430664,69.08999633789062,68.30999755859375,68.5,61.335514068603516,28112800
2013-04-02,68.83000183105469,69.2699966430664,68.7699966430664,69.04000091552734,61.819026947021484,29431900
2013-04-03,69.08000183105469,69.18000030517578,68.23999786376953,68.41000366210938,61.25489807128906,35131200
2013-04-04,68.37999725341797,68.5999984741211,68.05999755859375,68.43000030517578,61.27280807495117,32287400
2013-04-05,67.3499984741211,67.95999908447266,67.19000244140625,67.86000061035156,60.76243209838867,55610800
2013-04-08,67.88999938964844,68.23999786376953,67.69000244140625,68.22000122070312,61.08478927612305,17891600
2013-04-09,68.4000015258789,68.95999908447266,68.08999633789062,68.68000030517578,61.49669647216797,30931400
2013-04-10,68.91999816894531,70.16999816894531,68.87999725341797,70.0199966430664,62.696537017822266,55271300
2013-04-11,69.8499984741211,70.1500015258789,69.7699966430664,69.98999786376953,62.66965866088867,37233600
2013-04-12,69.81999969482422,69.98999786376953,69.41000366210938,69.94000244140625,62.62486267089844,32783700
2013-04-15,69.68000030517578,69.79000091552734,68.4800033569336,68.55999755859375,61.38919448852539,48795800
2013-04-16,68.94999694824219,69.55000305175781,68.80999755859375,69.47000122070312,62.204044342041016,27682600
2013-04-17,68.87000274658203,68.88999938964844,67.70999908447266,68.11000061035156,60.98627471923828,60204800
2013-04-18,68.29000091552734,68.33000183105469,66.87999725341797,67.16999816894531,60.144615173339844,56798200
2013-04-19,67.30000305175781,68.2300033569336,67.19999694824219,68.08999633789062,60.9683837890625,43062800
2013-04-22,68.33000183105469,69.04000091552734,68.08000183105469,68.79000091552734,61.59516143798828,34412100
2013-04-23,69.18000030517578,69.69999694824219,68.81999969482422,69.44999694824219,62.18613052368164,53078300
2013-04-24,69.27999877929688,69.66999816894531,69.12000274658203,69.41999816894531,62.15928268432617,44500700
2013-04-25,69.5999984741211,70.05000305175781,69.58999633789062,69.79000091552734,62.4905891418457,26437100
2013-04-26,69.62000274658203,69.7699966430664,69.2699966430664,69.56999969482422,62.29359817504883,24079800
2013-04-29,69.79000091552734,70.4800033569336,69.76000213623047,70.20999908447266,62.86665725708008,31664000
2013-04-30,70.30000305175781,70.7300033569336,70.04000091552734,70.72000122070312,63.32326889038086,30135800
2013-05-01,70.73999786376953,70.8499984741211,70.25,70.38999938964844,63.027809143066406,28537200
2013-05-02,70.51000213623047,71.43000030517578,70.44999694824219,71.27999877929688,63.82470703125,31744200
2013-05-03,71.97000122070312,72.33999633789062,71.91000366210938,72.12000274658203,64.57687377929688,34061700
2013-05-06,72.25,72.51000213623047,72.19000244140625,72.4000015258789,64.8276138305664,19244300
2013-05-07,72.5199966430664,72.56999969482422,72.08999633789062,72.36000061035156,64.79178619384766,25838100
2013-05-08,72.31999969482422,72.7699966430664,72.19999694824219,72.70999908447266,65.10517883300781,24252100
2013-05-09,72.56999969482422,73.0999984741211,72.47000122070312,72.61000061035156,65.01564025878906,29337200
2013-05-10,72.76000213623047,73.08000183105469,72.62999725341797,73.05000305175781,65.40960693359375,20663700
2013-05-13,72.93000030517578,73.31999969482422,72.86000061035156,73.13999938964844,65.4902114868164,29730100
2013-05-14,73.16000366210938,73.73999786376953,73.12999725341797,73.5199966430664,65.83045196533203,36009800
2013-05-15,73.37999725341797,73.73999786376953,73.19999694824219,73.66999816894531,65.96476745605469,27214400
2013-05-16,73.7300033569336,74.0999984741211,73.55000305175781,73.58999633789062,65.89310455322266,27253400
2013-05-17,73.97000122070312,74.33000183105469,73.7300033569336,74.30000305175781,66.52885437011719,31114500
2013-05-20,74.16000366210938,74.43000030517578,73.88999938964844,74.19000244140625,66.43037414550781,25132400
2013-05-21,74.1500015258789,74.54000091552734,73.88999938964844,74.2699966430664,66.50201416015625,25900000
2013-05-22,74.36000061035156,74.94999694824219,73.23999786376953,73.62000274658203,65.91999816894531,59843200
2013-05-23,72.97000122070312,73.69999694824219,72.83000183105469,73.44999694824219,65.76777648925781,48222100
2013-05-24,72.95999908447266,73.43000030517578,72.76000213623047,73.41000366210938,65.7319564819336,26430300
2013-05-28,74.2699966430664,74.54000091552734,73.66000366210938,73.88999938964844,66.16173553466797,27057100
2013-05-29,73.5999984741211,73.80000305175781,73.12000274658203,73.54000091552734,65.84835052490234,32090300
2013-05-30,73.56999969482422,74.27999877929688,73.55000305175781,73.93000030517578,66.19757080078125,32390500
2013-05-31,73.6500015258789,74.20999908447266,73.16999816894531,73.25,65.58870697021484,38347600
2013-06-03,73.26000213623047,73.4000015258789,72.43000030517578,73.37999725341797,65.705078125,47613100
2013-06-04,73.52999877929688,73.81999969482422,72.69999694824219,73.0,65.3648452758789,35251900
2013-06-05,72.76000213623047,73.04000091552734,71.98999786376953,72.05000305175781,64.51421356201172,48654200
2013-06-06,72.1500015258789,72.41000366210938,71.47000122070312,72.4000015258789,64.8276138305664,62524100
2013-06-07,72.69999694824219,73.47000122070312,72.5199966430664,73.38999938964844,65.71405792236328,31969800
2013-06-10,73.52999877929688,73.76000213623047,73.26000213623047,73.41999816894531,65.74090576171875,25390000
2013-06-11,72.69000244140625,73.33999633789062,72.44000244140625,72.69000244140625,65.08728790283203,40278900
2013-06-12,73.11000061035156,73.13999938964844,71.73999786376953,71.8499984741211,64.33514404296875,42081900
2013-06-13,71.75,72.91999816894531,71.55000305175781,72.76000213623047,65.14994049072266,28221500
2013-06-14,72.76000213623047,72.83999633789062,72.16999816894531,72.27999877929688,64.72016143798828,27690700
2013-06-17,72.8499984741211,73.4000015258789,72.5999984741211,72.9800033569336,65.34690856933594,32441900
2013-06-18,73.08000183105469,73.72000122070312,73.05999755859375,73.58000183105469,65.88418579101562,24853100
2013-06-19,73.5999984741211,73.68000030517578,72.68000030517578,72.76000213623047,65.14994049072266,43145100
2013-06-20,71.91999816894531,72.16000366210938,70.79000091552734,71.02999877929688,63.600887298583984,60908400
2013-06-21,70.77999877929688,70.97000122070312,69.83999633789062,70.43000030517578,63.26313018798828,51558900
2013-06-24,69.8499984741211,70.2699966430664,69.1500015258789,69.7300033569336,62.634376525878906,41492300
2013-06-25,70.4000015258789,70.5199966430664,69.80999755859375,70.23999786376953,63.09248733520508,28897400
2013-06-26,70.83999633789062,71.0,70.58999633789062,70.87000274658203,63.658355712890625,23742300
2013-06-27,71.23999786376953,71.62000274658203,71.12999725341797,71.16999816894531,63.92782974243164,23545000
2013-06-28,70.94999694824219,71.69000244140625,70.79000091552734,71.2699966430664,64.01769256591797,28301100
2013-07-01,71.75,72.30000305175781,71.63999938964844,71.70999908447266,64.41289520263672,24942800
2013-07-02,71.68000030517578,72.18000030517578,71.3499984741211,71.73999786376953,64.4398422241211,23067900
2013-07-03,71.4800033569336,72.37000274658203,71.41999816894531,72.02999877929688,64.7003402709961,18847500
2013-07-05,72.44000244140625,72.61000061035156,71.86000061035156,72.58000183105469,65.19436645507812,28795900
2013-07-08,72.95999908447266,72.98999786376953,72.37999725341797,72.6500015258789,65.25726318359375,20558500
2013-07-09,72.98999786376953,73.25,72.6500015258789,73.08999633789062,65.65243530273438,26108600
2013-07-10,73.0199966430664,73.62000274658203,72.9800033569336,73.51000213623047,66.02975463867188,25598900
2013-07-11,74.30000305175781,75.02999877929688,74.25,74.97000122070312,67.34117126464844,47768900
2013-07-12,75.0199966430664,75.3499984741211,74.81999969482422,75.30000305175781,67.63758087158203,31412600
2013-07-15,75.37999725341797,75.5199966430664,75.16999816894531,75.47000122070312,67.79027557373047,19783600
2013-07-16,75.52999877929688,75.58999633789062,75.18000030517578,75.37000274658203,67.70046997070312,31747100
2013-07-17,75.5999984741211,75.73999786376953,75.3499984741211,75.55999755859375,67.8711166381836,24631500
2013-07-18,75.55000305175781,75.73999786376953,75.25,75.37000274658203,67.70046997070312,36278800
2013-07-19,74.72000122070312,74.73999786376953,74.37000274658203,74.58999633789062,66.99982452392578,37732400
2013-07-22,74.87000274658203,74.9800033569336,74.58000183105469,74.80999755859375,67.19745635986328,21135900
2013-07-23,74.94999694824219,74.95999908447266,74.19999694824219,74.26000213623047,66.70339965820312,24739500
2013-07-24,74.98999786376953,75.0199966430664,74.33000183105469,74.5,66.91900634765625,24426900
2013-07-25,74.8499984741211,75.05999755859375,74.45999908447266,74.97000122070312,67.34117126464844,23162200
2013-07-26,74.66999816894531,75.37999725341797,74.55000305175781,75.37000274658203,67.70046997070312,20885600
2013-07-29,75.22000122070312,75.54000091552734,75.02999877929688,75.2300033569336,67.57472229003906,20958400
2013-07-30,75.5,75.94999694824219,75.3499984741211,75.62999725341797,67.93402099609375,24104600
2013-07-31,75.77999877929688,76.20999908447266,75.62999725341797,75.7699966430664,68.05976867675781,25007600
2013-08-01,76.29000091552734,76.6500015258789,76.20999908447266,76.54000091552734,68.75142669677734,16880000
2013-08-02,76.55000305175781,76.98999786376953,76.37999725341797,76.97000122070312,69.13765716552734,18105300
2013-08-05,76.93000030517578,77.08000183105469,76.77999877929688,77.0199966430664,69.18253326416016,15462800
2013-08-06,76.91999816894531,76.98999786376953,76.25,76.55999755859375,68.7693862915039,23675400
2013-08-07,76.33999633789062,76.56999969482422,75.87000274658203,76.41999816894531,68.64360809326172,20281200
2013-08-08,76.83999633789062,76.9800033569336,76.30000305175781,76.80000305175781,68.98493194580078,19994000
2013-08-09,76.66999816894531,76.94000244140625,76.2699966430664,76.48999786376953,68.70651245117188,18558500
2013-08-12,76.19999694824219,76.80999755859375,76.19000244140625,76.66999816894531,68.86815643310547,20515900
2013-08-13,76.7699966430664,77.2699966430664,76.22000122070312,77.0999984741211,69.2544174194336,23917000
2013-08-14,77.06999969482422,77.18000030517578,76.69999694824219,76.80999755859375,68.99391174316406,29921000
2013-08-15,75.94999694824219,75.98999786376953,75.29000091552734,75.51000213623047,67.82618713378906,39406600
2013-08-16,75.5199966430664,75.87000274658203,75.3499984741211,75.4800033569336,67.79927062988281,23825000
2013-08-19,75.48999786376953,76.12999725341797,75.33000183105469,75.3499984741211,67.68250274658203,29586900
2013-08-20,75.48999786376953,76.02999877929688,75.43000030517578,75.68000030517578,67.97891235351562,18842800
2013-08-21,75.44000244140625,76.08999633789062,75.13999938964844,75.41999816894531,67.74537658691406,30705100
2013-08-22,75.75,76.20999908447266,75.70999908447266,76.16000366210938,68.41009521484375,17269500
2013-08-23,76.69999694824219,76.7699966430664,76.4000015258789,76.66999816894531,68.86815643310547,20697300
2013-08-26,76.7300033569336,77.27999877929688,76.55000305175781,76.70999908447266,68.90409851074219,27525500
2013-08-27,75.80000305175781,76.18000030517578,74.95999908447266,75.13999938964844,67.4938735961914,40068900
2013-08-28,75.05000305175781,75.75,75.05000305175781,75.43000030517578,67.7543716430664,20490400
2013-08-29,75.41000366210938,76.33999633789062,75.30000305175781,75.95999908447266,68.23043060302734,27287900
2013-08-30,76.04000091552734,76.04000091552734,75.19999694824219,75.47000122070312,67.79027557373047,26228500
2013-09-03,76.08999633789062,76.44000244140625,75.54000091552734,75.9000015258789,68.1765365600586,27241500
2013-09-04,76.16000366210938,76.83999633789062,75.93000030517578,76.70999908447266,68.90409851074219,27142900
2013-09-05,76.76000213623047,77.05999755859375,76.7300033569336,76.83999633789062,69.02086639404297,17809700
2013-09-06,77.0999984741211,77.33999633789062,76.05000305175781,76.93000030517578,69.10171508789062,27715100
2013-09-09,77.26000213623047,77.95999908447266,77.2300033569336,77.83000183105469,69.91011810302734,25161900
2013-09-10,78.27999877929688,78.31999969482422,77.91999816894531,78.20999908447266,70.25147247314453,27619400
2013-09-11,77.69000244140625,78.11000061035156,77.58999633789062,78.05999755859375,70.1167221069336,28132900
2013-09-12,78.08000183105469,78.25,77.8499984741211,78.01000213623047,70.07184600830078,18332700
2013-09-13,78.08999633789062,78.13999938964844,77.63999938964844,78.05999755859375,70.1167221069336,16932500
2013-09-16,78.72000122070312,78.72000122070312,77.66999816894531,77.8499984741211,69.92809295654297,25704300
2013-09-17,78.0199966430664,78.47000122070312,77.9800033569336,78.37000274658203,70.3951644897461,27174300
2013-09-18,78.48999786376953,79.47000122070312,78.33000183105469,79.30999755859375,71.23953247070312,31714700
2013-09-19,79.55999755859375,79.69000244140625,79.36000061035156,79.5,71.41019439697266,26435700
2013-09-20,79.44999694824219,79.54000091552734,78.94999694824219,78.98999786376953,71.16513061523438,26328900
2013-09-23,79.31999969482422,79.41000366210938,78.45999908447266,78.83000183105469,71.02099609375,30319400
2013-09-24,79.0,79.25,78.56999969482422,78.83000183105469,71.02099609375,21871300
2013-09-25,78.88999938964844,79.0,78.4000015258789,78.55999755859375,70.77775573730469,22746400
2013-09-26,78.87999725341797,79.36000061035156,78.8499984741211,79.16999816894531,71.32730865478516,22421700
2013-09-27,78.70999908447266,79.20999908447266,78.58999633789062,79.06999969482422,71.23723602294922,25151600
2013-09-30,78.25,79.08999633789062,78.0,78.87999725341797,71.06604766845703,28031900
2013-10-01,78.88999938964844,79.72000122070312,78.8499984741211,79.68000030517578,71.7867660522461,33129700
2013-10-02,79.13999938964844,79.76000213623047,79.05999755859375,79.6500015258789,71.759765625,25503800
2013-10-03,79.55000305175781,79.72000122070312,78.30000305175781,78.72000122070312,70.92186737060547,42998200
2013-10-04,78.72000122070312,79.51000213623047,78.6500015258789,79.4000015258789,71.53453826904297,22852700
2013-10-07,78.69999694824219,79.3499984741211,78.66999816894531,78.73999786376953,70.93991088867188,20227100
2013-10-08,78.73999786376953,78.80999755859375,77.19000244140625,77.22000122070312,69.57048034667969,43660700
2013-10-09,77.4000015258789,77.44000244140625,76.3499984741211,76.9800033569336,69.35425567626953,64526700
2013-10-10,77.80999755859375,78.79000091552734,77.79000091552734,78.61000061035156,70.82278442382812,48062700
2013-10-11,78.41000366210938,79.29000091552734,78.4000015258789,79.2300033569336,71.38135528564453,25214100
2013-10-14,78.73999786376953,79.79000091552734,78.68000030517578,79.79000091552734,71.88587188720703,31471900
2013-10-15,79.7300033569336,80.11000061035156,79.37999725341797,79.4800033569336,71.60663604736328,38684000
2013-10-16,79.8499984741211,80.41999816894531,79.79000091552734,80.37999725341797,72.41744232177734,46735900
2013-10-17,80.0199966430664,80.87000274658203,79.94999694824219,80.83999633789062,72.83187866210938,32193500
2013-10-18,81.58000183105469,82.18000030517578,81.3499984741211,82.1500015258789,74.01211547851562,39628200
2013-10-21,82.33999633789062,82.54000091552734,82.06999969482422,82.33000183105469,74.1742935180664,31176900
2013-10-22,82.6500015258789,82.9000015258789,81.93000030517578,82.44999694824219,74.28239440917969,43944800
2013-10-23,82.05000305175781,82.19999694824219,81.55000305175781,81.94999694824219,73.83190155029297,38021300
2013-10-24,82.0,82.4800033569336,81.87999725341797,82.30999755859375,74.15625,23155100
2013-10-25,83.08000183105469,83.27999877929688,82.5,82.9000015258789,74.68781280517578,35824500
2013-10-28,82.91000366210938,83.05000305175781,82.55000305175781,82.91999816894531,74.70581817626953,28618400
2013-10-29,83.19999694824219,83.26000213623047,82.69999694824219,83.05999755859375,74.83194732666016,36878100
2013-10-30,83.3499984741211,83.48999786376953,82.58000183105469,82.9800033569336,74.7599105834961,33535500
2013-10-31,82.7699966430664,83.30000305175781,82.4800033569336,82.79000091552734,74.58873748779297,31309900
2013-11-01,83.06999969482422,83.16999816894531,82.4000015258789,82.80999755859375,74.60670471191406,30867800
2013-11-04,83.05999755859375,83.06999969482422,82.63999938964844,82.93000030517578,74.71482849121094,16834000
2013-11-05,82.61000061035156,83.22000122070312,82.37000274658203,83.0199966430664,74.7959213256836,27975600
2013-11-06,83.37000274658203,83.4000015258789,82.7300033569336,83.0,74.77790069580078,25576800
2013-11-07,83.01000213623047,83.12999725341797,81.37000274658203,81.44000244140625,73.37242889404297,52173200
2013-11-08,81.73999786376953,82.55999755859375,81.51000213623047,82.54000091552734,74.36349487304688,31470500
2013-11-11,82.41999816894531,82.63999938964844,82.13999938964844,82.41000366210938,74.24635314941406,24822900
2013-11-12,82.16000366210938,82.66000366210938,82.12000274658203,82.54000091552734,74.36349487304688,20108500
2013-11-13,82.0,83.55000305175781,82.0,83.54000091552734,75.26441192626953,31345900
2013-11-14,83.31999969482422,83.86000061035156,83.13999938964844,83.80000305175781,75.49864959716797,31101200
2013-11-15,83.81999969482422,83.95999908447266,83.61000061035156,83.95999908447266,75.6427993774414,20511300
2013-11-18,83.94000244140625,84.11000061035156,82.9800033569336,83.13999938964844,74.90404510498047,31679600
2013-11-19,83.08999633789062,83.48999786376953,82.76000213623047,82.9000015258789,74.68781280517578,25545300
2013-11-20,83.12000274658203,83.43000030517578,82.45999908447266,82.69999694824219,74.50762176513672,32177400
2013-11-21,83.05000305175781,83.61000061035156,82.9800033569336,83.54000091552734,75.26441192626953,28125000
2013-11-22,83.68000030517578,84.0199966430664,83.62000274658203,83.98999786376953,75.66980743408203,25361300
2013-11-25,84.29000091552734,84.37999725341797,83.9800033569336,84.19000244140625,75.85001373291016,21695100
2013-11-26,84.20999908447266,84.83999633789062,84.02999877929688,84.62999725341797,76.24642944335938,26621000
2013-11-27,84.80000305175781,85.23999786376953,84.7300033569336,85.22000122070312,76.77801513671875,21638100
2013-11-29,85.55999755859375,85.83999633789062,85.47000122070312,85.7300033569336,77.23749542236328,16708900
2013-12-02,85.83000183105469,85.95999908447266,85.3499984741211,85.4800033569336,77.0122299194336,26354600
2013-12-03,85.41999816894531,85.63999938964844,85.08000183105469,85.41000366210938,76.94916534423828,37147000
2013-12-04,85.05000305175781,85.7699966430664,84.77999877929688,85.48999786376953,77.021240234375,37193200
2013-12-05,85.55999755859375,85.66000366210938,85.16999816894531,85.37999725341797,76.92213439941406,39829300
2013-12-06,86.0999984741211,86.18000030517578,85.58999633789062,86.0,77.48074340820312,36842900
2013-12-09,86.3499984741211,86.52999877929688,86.19999694824219,86.3499984741211,77.79607391357422,22590000
2013-12-10,86.20999908447266,86.44999694824219,86.12000274658203,86.29000091552734,77.74198150634766,26965900
2013-12-11,86.27999877929688,86.4000015258789,85.05999755859375,85.18000030517578,76.74195098876953,36830600
2013-12-12,85.20999908447266,85.41999816894531,84.9000015258789,84.95999908447266,76.54377746582031,33662600
2013-12-13,85.36000061035156,85.4000015258789,84.70999908447266,84.8499984741211,76.44464874267578,34072000
2013-12-16,85.2699966430664,85.80999755859375,85.20999908447266,85.31999969482422,76.86808776855469,24902500
2013-12-17,85.31999969482422,85.52999877929688,84.98999786376953,85.1500015258789,76.71493530273438,24454900
2013-12-18,85.25,86.22000122070312,84.05000305175781,86.13999938964844,77.60685729980469,68387200
2013-12-19,86.0,86.01000213623047,85.5199966430664,85.9000015258789,77.3906478881836,44964100
2013-12-20,85.79000091552734,86.68000030517578,85.7300033569336,86.5,78.17874145507812,40475400
2013-12-23,87.20999908447266,87.41000366210938,86.94999694824219,87.41000366210938,79.00117492675781,28181800
2013-12-24,87.43000030517578,87.51000213623047,87.2699966430664,87.44999694824219,79.037353515625,13852500
2013-12-26,87.61000061035156,87.80999755859375,87.44000244140625,87.73999786376953,79.29944610595703,15241100
2013-12-27,87.8499984741211,87.9000015258789,87.41000366210938,87.5199966430664,79.1006088256836,15827400
2013-12-30,87.38999938964844,87.51000213623047,87.13999938964844,87.38999938964844,78.98311614990234,18983700
2013-12-31,87.55000305175781,87.95999908447266,87.5199966430664,87.95999908447266,79.498291015625,24890500
2014-01-02,87.55000305175781,87.58000183105469,87.0199966430664,87.2699966430664,78.87470245361328,29177500
2014-01-03,87.2699966430664,87.3499984741211,86.62000274658203,86.63999938964844,78.30524444580078,35723700
2014-01-06,86.66000366210938,86.76000213623047,86.0,86.31999969482422,78.01606750488281,32073100
2014-01-07,86.72000122070312,87.25,86.55999755859375,87.12000274658203,78.73912048339844,25860600
2014-01-08,87.13999938964844,87.55000305175781,86.94999694824219,87.30999755859375,78.91083526611328,27197400
2014-01-09,87.62999725341797,87.63999938964844,86.72000122070312,87.0199966430664,78.64874267578125,23674700
2014-01-10,87.2300033569336,87.4000015258789,86.58000183105469,87.30000305175781,78.90177917480469,38008900
2014-01-13,87.18000030517578,87.4800033569336,85.68000030517578,86.01000213623047,77.73588562011719,48842300
2014-01-14,86.30000305175781,87.72000122070312,86.30000305175781,87.6500015258789,79.21810913085938,37178900
2014-01-15,88.02999877929688,88.54000091552734,87.94000244140625,88.37000274658203,79.86885070800781,39835600
2014-01-16,88.30000305175781,88.51000213623047,88.16000366210938,88.37999725341797,79.87785339355469,31630100
2014-01-17,88.11000061035156,88.37000274658203,87.66999816894531,87.87999725341797,79.42598724365234,36895800
2014-01-21,88.44000244140625,88.58999633789062,87.80999755859375,88.55000305175781,80.03153228759766,26412700
2014-01-22,88.77999877929688,89.0,88.5199966430664,88.77999877929688,80.23941802978516,29376900
2014-01-23,88.51000213623047,88.5199966430664,87.86000061035156,88.4800033569336,79.96827697753906,35011900
2014-01-24,88.05000305175781,88.18000030517578,86.70999908447266,86.73999786376953,78.3956298828125,63974600
2014-01-27,86.73999786376953,86.88999938964844,85.25,85.9000015258789,77.63648223876953,63519300
2014-01-28,85.5,85.94000244140625,85.30999755859375,85.8499984741211,77.59130096435547,44378800
2014-01-29,85.11000061035156,85.73999786376953,84.76000213623047,84.93000030517578,76.759765625,51939300
2014-01-30,85.97000122070312,86.80000305175781,85.87999725341797,86.5,78.17874145507812,65833600
2014-01-31,85.54000091552734,86.68000030517578,85.44999694824219,86.2699966430664,77.97088623046875,45187000
2014-02-03,86.11000061035156,86.5,84.06999969482422,84.29000091552734,76.18135833740234,65596900
2014-02-04,84.72000122070312,85.25,84.45999908447266,84.91000366210938,76.74169921875,37675500
2014-02-05,84.62999725341797,84.98999786376953,83.73999786376953,84.69000244140625,76.54288482666016,41721800
2014-02-06,84.94000244140625,85.87999725341797,84.91999816894531,85.7699966430664,77.51900482177734,32308600
2014-02-07,86.25,87.36000061035156,86.0,87.30000305175781,78.90177917480469,38359400
2014-02-10,87.2699966430664,87.83999633789062,87.20999908447266,87.80000305175781,79.35371398925781,30205400
2014-02-11,87.98999786376953,88.97000122070312,87.88999938964844,88.80000305175781,80.25749206542969,38635500
2014-02-12,88.9800033569336,89.16999816894531,88.69999694824219,88.97000122070312,80.4111328125,32507200
2014-02-13,88.31999969482422,89.69999694824219,88.30000305175781,89.62999725341797,81.00762176513672,40454500
2014-02-14,89.5999984741211,90.01000213623047,89.33000183105469,89.80999755859375,81.17033386230469,33212400
2014-02-18,89.95999908447266,90.41999816894531,89.73999786376953,90.25,81.5679931640625,29546600
2014-02-19,90.08000183105469,90.29000091552734,89.44999694824219,89.62999725341797,81.00762176513672,41749900
2014-02-20,89.69000244140625,90.22000122070312,89.30999755859375,90.05000305175781,81.38723754882812,41814800
2014-02-21,90.33999633789062,90.47000122070312,89.81999969482422,89.93000030517578,81.27880096435547,31192200
2014-02-24,90.13999938964844,90.81999969482422,90.04000091552734,90.41000366210938,81.71260070800781,31500400
2014-02-25,90.54000091552734,90.72000122070312,90.0199966430664,90.30999755859375,81.62223815917969,26771700
2014-02-26,90.55000305175781,90.83999633789062,89.87000274658203,90.2300033569336,81.5499038696289,42953700
2014-02-27,89.87000274658203,90.52999877929688,89.7300033569336,90.44000244140625,82.07903289794922,28742400
2014-02-28,90.41999816894531,90.95999908447266,89.54000091552734,90.33999633789062,81.98824310302734,48609800
2014-03-03,89.48999786376953,89.91000366210938,88.87000274658203,89.66999816894531,81.38019561767578,38885700
2014-03-04,90.6500015258789,90.9800033569336,90.55999755859375,90.80999755859375,82.41480255126953,33189000
2014-03-05,90.95999908447266,91.22000122070312,90.7699966430664,91.05999755859375,82.64169311523438,27203300
2014-03-06,91.2699966430664,91.33999633789062,90.6500015258789,90.9800033569336,82.5691146850586,24063900
2014-03-07,91.2699966430664,91.36000061035156,90.06999969482422,90.52999877929688,82.16071319580078,31167800
2014-03-10,90.4800033569336,90.66000366210938,90.02999877929688,90.61000061035156,82.2332763671875,18131700
2014-03-11,90.83000183105469,91.05999755859375,89.94999694824219,90.22000122070312,81.87937927246094,27484300
2014-03-12,89.80999755859375,90.61000061035156,89.4800033569336,90.55999755859375,82.18794250488281,27977200
2014-03-13,90.9000015258789,90.93000030517578,88.87000274658203,89.27999877929688,81.02629089355469,48542000
2014-03-14,88.98999786376953,89.37999725341797,88.62999725341797,88.66999816894531,80.47266387939453,38732300
2014-03-17,89.23999786376953,89.91000366210938,89.19000244140625,89.44999694824219,81.1805191040039,28467200
2014-03-18,89.55999755859375,90.63999938964844,89.52999877929688,90.52999877929688,82.16071319580078,31250200
2014-03-19,90.55999755859375,90.66000366210938,89.44999694824219,90.04000091552734,81.71603393554688,40869400
2014-03-20,89.76000213623047,90.55999755859375,89.58000183105469,90.29000091552734,81.9428939819336,31634500
2014-03-21,90.5999984741211,90.6500015258789,88.83000183105469,89.0,80.95684051513672,62754000
2014-03-24,89.31999969482422,89.38999938964844,87.41000366210938,88.22000122070312,80.24732971191406,77735300
2014-03-25,88.68000030517578,89.25,87.7699966430664,88.51000213623047,80.51110076904297,41723300
2014-03-26,88.94999694824219,89.1500015258789,87.36000061035156,87.37000274658203,79.47417449951172,40930400
2014-03-27,87.25,87.63999938964844,86.4000015258789,86.87999725341797,79.0284423828125,64784500
2014-03-28,87.16000366210938,88.01000213623047,86.80999755859375,87.05000305175781,79.18307495117188,39895100
2014-03-31,87.7300033569336,88.26000213623047,87.62000274658203,87.66999816894531,79.74703216552734,33924300
2014-04-01,88.0999984741211,89.2699966430664,87.70999908447266,89.20999908447266,81.14787292480469,38683800
2014-04-02,89.58999633789062,89.68000030517578,89.04000091552734,89.44000244140625,81.35710906982422,34631600
2014-04-03,89.52999877929688,89.68000030517578,88.22000122070312,88.7300033569336,80.71123504638672,30319100
2014-04-04,89.31999969482422,89.41000366210938,86.13999938964844,86.37000274658203,78.56453704833984,131213200
2014-04-07,85.83000183105469,86.62999725341797,84.94999694824219,85.55000305175781,77.81863403320312,83995800
2014-04-08,85.6500015258789,86.45999908447266,85.3499984741211,86.33999633789062,78.53724670410156,51495700
2014-04-09,86.66000366210938,87.87000274658203,86.43000030517578,87.81999969482422,79.88352966308594,45685200
2014-04-10,87.87999725341797,87.87999725341797,84.86000061035156,85.0999984741211,77.4093017578125,73659600
2014-04-11,84.33999633789062,85.44000244140625,83.91000366210938,84.11000061035156,76.50877380371094,93657400
2014-04-14,84.8499984741211,85.22000122070312,83.98999786376953,84.7699966430664,77.10912322998047,46500700
2014-04-15,85.08000183105469,85.54000091552734,83.27999877929688,85.05000305175781,77.36383056640625,84631500
2014-04-16,85.79000091552734,86.18000030517578,85.08999633789062,86.18000030517578,78.3917007446289,46970900
2014-04-17,85.8499984741211,86.62999725341797,85.62999725341797,86.19999694824219,78.409912109375,53719500
2014-04-21,86.4000015258789,86.83999633789062,86.0,86.83999633789062,78.99205780029297,25947900
2014-04-22,87.13999938964844,87.75,86.98999786376953,87.52999877929688,79.61972045898438,38593400
2014-04-23,87.52999877929688,87.55999755859375,86.70999908447266,86.76000213623047,78.9192886352539,34376700
2014-04-24,88.19000244140625,88.20999908447266,86.6500015258789,87.58999633789062,79.67427062988281,48926300
2014-04-25,87.06999969482422,87.16999816894531,85.9800033569336,86.19000244140625,78.40081787109375,44334000
2014-04-28,86.5999984741211,87.11000061035156,85.11000061035156,86.47000122070312,78.655517578125,58623800
2014-04-29,86.7300033569336,87.31999969482422,86.30999755859375,87.16000366210938,79.28314208984375,36742700
2014-04-30,86.76000213623047,87.4800033569336,86.54000091552734,87.38999938964844,79.49237060546875,38689400
2014-05-01,87.52999877929688,88.1500015258789,87.30999755859375,87.6500015258789,79.7288589477539,37127200
2014-05-02,87.94999694824219,88.11000061035156,87.27999877929688,87.48999786376953,79.58331298828125,40074200
2014-05-05,86.97000122070312,87.97000122070312,86.76000213623047,87.94999694824219,80.00176239013672,27924400
2014-05-06,87.80999755859375,87.86000061035156,86.7699966430664,86.80999755859375,78.96476745605469,33698500
2014-05-07,86.98999786376953,87.08000183105469,85.52999877929688,86.55999755859375,78.73738098144531,67489100
2014-05-08,86.25,87.52999877929688,86.05000305175781,86.4800033569336,78.66460418701172,46556900
2014-05-09,86.43000030517578,86.86000061035156,85.8499984741211,86.80000305175781,78.95568084716797,35081500
2014-05-12,87.31999969482422,88.26000213623047,87.23999786376953,88.2300033569336,80.25646209716797,38951100
2014-05-13,88.30999755859375,88.61000061035156,88.12000274658203,88.29000091552734,80.31100463867188,30311900
2014-05-14,88.0199966430664,88.3499984741211,87.62000274658203,87.83000183105469,79.89259338378906,26483600
2014-05-15,87.80999755859375,87.95999908447266,86.58000183105469,87.13999938964844,79.26496887207031,59680300
2014-05-16,87.23999786376953,87.76000213623047,86.63999938964844,87.70999908447266,79.7834701538086,66804100
2014-05-19,87.44999694824219,88.45999908447266,87.30000305175781,88.31999969482422,80.33833312988281,32017000
2014-05-20,88.27999877929688,88.5999984741211,87.63999938964844,88.0,80.0472412109375,33716000
2014-05-21,88.16000366210938,88.88999938964844,88.11000061035156,88.83999633789062,80.81130981445312,36837700
2014-05-22,88.94000244140625,89.4800033569336,88.80000305175781,89.2300033569336,81.16606903076172,30617100
2014-05-23,89.31999969482422,89.9000015258789,89.12000274658203,89.87999725341797,81.7573013305664,22687300
2014-05-27,90.27999877929688,91.0199966430664,90.19999694824219,91.0,82.77611541748047,29725200
2014-05-28,90.97000122070312,91.0999984741211,90.6500015258789,90.72000122070312,82.52139282226562,30468100
2014-05-29,91.04000091552734,91.30999755859375,90.86000061035156,91.30000305175781,83.04896545410156,33036100
2014-05-30,91.31999969482422,91.44999694824219,90.83000183105469,91.30999755859375,83.05809020996094,29906400
2014-06-02,91.41999816894531,91.44000244140625,90.63999938964844,91.22000122070312,82.97622680664062,30409900
2014-06-03,90.91999816894531,91.33000183105469,90.80000305175781,91.18000030517578,82.9398193359375,21774500
2014-06-04,90.94999694824219,91.66999816894531,90.80999755859375,91.5199966430664,83.2491226196289,20118300
2014-06-05,91.5999984741211,92.45999908447266,91.29000091552734,92.29000091552734,83.94954681396484,35583100
2014-06-06,92.62999725341797,92.81999969482422,92.44999694824219,92.81999969482422,84.431640625,22680600
2014-06-09,92.83999633789062,92.9800033569336,92.5,92.75,84.3679428100586,23399500
2014-06-10,92.66999816894531,92.95999908447266,92.55999755859375,92.91000366210938,84.51350402832031,20626000
2014-06-11,92.58999633789062,93.0199966430664,92.5,92.88999938964844,84.49531555175781,22878200
2014-06-12,92.69000244140625,92.79000091552734,91.7300033569336,92.05000305175781,83.73121643066406,35275900
2014-06-13,92.44999694824219,92.55000305175781,91.91999816894531,92.31999969482422,83.97682189941406,39447100
2014-06-16,92.16000366210938,92.66999816894531,91.95999908447266,92.4000015258789,84.04959869384766,25212300
2014-06-17,92.33000183105469,92.69999694824219,92.18000030517578,92.44999694824219,84.09510803222656,19977900
2014-06-18,92.54000091552734,93.0999984741211,91.9800033569336,92.97000122070312,84.56807708740234,34514000
2014-06-19,93.11000061035156,93.16999816894531,92.48999786376953,92.91000366210938,84.51350402832031,38422200
2014-06-20,92.69999694824219,92.87000274658203,92.52999877929688,92.7699966430664,84.6129379272461,25897500
2014-06-23,92.76000213623047,92.81999969482422,92.51000213623047,92.79000091552734,84.63115692138672,20837900
2014-06-24,92.77999877929688,93.56999969482422,92.43000030517578,92.69999694824219,84.54906463623047,31945800
2014-06-25,92.48999786376953,93.44999694824219,92.4800033569336,93.29000091552734,85.0871810913086,32818600
2014-06-26,93.3499984741211,93.36000061035156,92.62000274658203,93.33999633789062,85.13280487060547,22563900
2014-06-27,93.22000122070312,93.7699966430664,93.19000244140625,93.75,85.50675201416016,22877800
2014-06-30,93.7300033569336,94.13999938964844,93.66999816894531,93.91000366210938,85.6527099609375,19751900
2014-07-01,94.23999786376953,95.19000244140625,94.19999694824219,94.94000244140625,86.59211730957031,31862500
2014-07-02,95.0,95.23999786376953,94.91000366210938,95.0999984741211,86.73804473876953,18777300
2014-07-03,95.41000366210938,95.69999694824219,95.1500015258789,95.69999694824219,87.28529357910156,15291700
2014-07-07,95.58999633789062,95.70999908447266,95.2300033569336,95.41000366210938,87.02079772949219,23266400
2014-07-08,95.2300033569336,95.30000305175781,93.87000274658203,94.26000213623047,85.97189331054688,40612400
2014-07-09,94.51000213623047,95.06999969482422,94.23999786376953,94.95999908447266,86.6103744506836,29919000
2014-07-10,93.73999786376953,95.05000305175781,93.62999725341797,94.66000366210938,86.33673858642578,44245300
2014-07-11,94.9000015258789,95.2699966430664,94.61000061035156,95.2699966430664,86.89309692382812,19566300
2014-07-14,95.69999694824219,96.05999755859375,95.54000091552734,95.83999633789062,87.41295623779297,19579000
2014-07-15,95.98999786376953,96.12999725341797,94.83000183105469,95.51000213623047,87.11199951171875,39467500
2014-07-16,96.19999694824219,96.30000305175781,95.79000091552734,95.88999938964844,87.45857238769531,22052600
2014-07-17,95.62999725341797,95.97000122070312,94.31999969482422,94.62000274658203,86.30024719238281,43111500
2014-07-18,95.11000061035156,96.16999816894531,95.0,96.12000274658203,87.66835021972656,36682200
2014-07-21,95.91999816894531,96.16000366210938,95.55000305175781,96.0,87.55886840820312,29750700
2014-07-22,96.44999694824219,96.76000213623047,96.3499984741211,96.61000061035156,88.11526489257812,25770400
2014-07-23,96.94999694824219,97.33999633789062,96.7699966430664,97.2300033569336,88.68075561523438,28947500
2014-07-24,97.4000015258789,97.51000213623047,96.9800033569336,97.12000274658203,88.58042907714844,24707200
2014-07-25,96.62000274658203,96.87000274658203,96.2300033569336,96.73999786376953,88.23384857177734,29898900
2014-07-28,96.83999633789062,97.0199966430664,96.0199966430664,96.7699966430664,88.26119995117188,25603400
2014-07-29,96.9800033569336,97.19999694824219,96.5199966430664,96.5999984741211,88.10613250732422,27022200
2014-07-30,97.13999938964844,97.31999969482422,96.5999984741211,96.9800033569336,88.45274353027344,35348500
2014-07-31,96.18000030517578,96.33999633789062,94.87999725341797,95.0199966430664,86.66506958007812,50047900
2014-08-01,94.81999969482422,95.33999633789062,94.04000091552734,94.66999816894531,86.34586334228516,60708000
2014-08-04,94.87000274658203,95.69000244140625,94.5199966430664,95.31999969482422,86.93872833251953,33230500
2014-08-05,94.94000244140625,95.20999908447266,94.1500015258789,94.58999633789062,86.27288055419922,50331100
2014-08-06,94.0,95.11000061035156,93.91999816894531,94.5199966430664,86.20904541015625,34431900
2014-08-07,94.95999908447266,95.13999938964844,93.88999938964844,94.22000122070312,85.9354248046875,33274700
2014-08-08,94.37000274658203,95.01000213623047,93.97000122070312,94.9000015258789,86.55564880371094,40236900
2014-08-11,95.2699966430664,95.76000213623047,95.19999694824219,95.45999908447266,87.06636047363281,28277500
2014-08-12,95.36000061035156,95.66999816894531,94.93000030517578,95.41999816894531,87.02991485595703,28152300
2014-08-13,95.80999755859375,96.47000122070312,95.76000213623047,96.43000030517578,87.95108795166016,27996500
2014-08-14,96.55999755859375,96.94999694824219,96.43000030517578,96.93000030517578,88.40714263916016,25006600
2014-08-15,97.48999786376953,97.62999725341797,96.4800033569336,97.4000015258789,88.83580780029297,55205500
2014-08-18,97.91000366210938,98.23999786376953,97.7699966430664,98.1500015258789,89.51988220214844,38938300
2014-08-19,98.37999725341797,98.76000213623047,98.31999969482422,98.69999694824219,90.02149200439453,21363400
2014-08-20,98.62000274658203,98.9000015258789,98.52999877929688,98.69999694824219,90.02149200439453,23435600
2014-08-21,98.75,98.94999694824219,98.5999984741211,98.9000015258789,90.20391082763672,19339500
2014-08-22,98.94000244140625,99.25,98.72000122070312,99.05000305175781,90.34072875976562,24692000
2014-08-25,99.5199966430664,99.68000030517578,99.16000366210938,99.4000015258789,90.65995025634766,24124700
2014-08-26,99.55000305175781,99.61000061035156,99.2699966430664,99.5,90.75116729736328,20100400
2014-08-27,99.52999877929688,99.63999938964844,99.30999755859375,99.5199966430664,90.76940155029297,15589100
2014-08-28,99.18000030517578,99.52999877929688,99.08000183105469,99.41000366210938,90.66907501220703,23563900
2014-08-29,99.62999725341797,99.91000366210938,99.2699966430664,99.77999877929688,91.00656127929688,17906300
2014-09-02,100.0199966430664,100.0999984741211,99.66000366210938,100.06999969482422,91.27108001708984,18326800
2014-09-03,100.33999633789062,100.33999633789062,99.30000305175781,99.4800033569336,90.73292541503906,25950700
2014-09-04,99.70999908447266,100.22000122070312,99.13999938964844,99.38999938964844,90.65088653564453,24663500
2014-09-05,99.54000091552734,99.94999694824219,99.02999877929688,99.88999938964844,91.10685729980469,30798200
2014-09-08,99.91999816894531,100.33000183105469,99.62000274658203,100.08000183105469,91.28013610839844,25571300
2014-09-09,100.08999633789062,100.45999908447266,99.05999755859375,99.25,90.52314758300781,36449200
2014-09-10,99.37999725341797,100.11000061035156,99.0999984741211,100.06999969482422,91.27108001708984,31080100
2014-09-11,99.63999938964844,100.04000091552734,99.23999786376953,99.98999786376953,91.1980972290039,28691900
2014-09-12,99.9000015258789,99.93000030517578,99.16999816894531,99.4800033569336,90.73292541503906,30444400
2014-09-15,99.58999633789062,99.5999984741211,98.22000122070312,98.5199966430664,89.8573226928711,32972200
2014-09-16,98.1500015258789,99.56999969482422,98.05000305175781,99.37999725341797,90.64168548583984,38166900
2014-09-17,99.36000061035156,100.0,98.93000030517578,99.52999877929688,90.77850341796875,37196500
2014-09-18,99.83999633789062,100.29000091552734,99.7300033569336,100.27999877929688,91.46260070800781,30196700
2014-09-19,100.45999908447266,100.55999755859375,99.58000183105469,99.9800033569336,91.4059066772461,46918000
2014-09-22,99.73999786376953,99.75,98.62000274658203,99.05000305175781,90.55564880371094,48658000
2014-09-23,98.6500015258789,99.22000122070312,98.58000183105469,98.77999877929688,90.30879974365234,33989600
2014-09-24,98.87999725341797,99.88999938964844,98.54000091552734,99.83999633789062,91.27790069580078,35959000
2014-09-25,99.5199966430664,99.6500015258789,97.69999694824219,97.73999786376953,89.35796356201172,68642500
2014-09-26,98.05999755859375,98.95999908447266,97.88999938964844,98.77999877929688,90.30879974365234,56106200
2014-09-29,97.80000305175781,98.91999816894531,97.75,98.6500015258789,90.18994903564453,33342700
2014-09-30,98.91999816894531,99.30000305175781,98.31999969482422,98.79000091552734,90.31793975830078,41834300
2014-10-01,98.51000213623047,98.61000061035156,96.9000015258789,97.20999908447266,88.87345123291016,58164900
2014-10-02,97.16999816894531,97.51000213623047,95.97000122070312,97.20999908447266,88.87345123291016,54501300
2014-10-03,97.77999877929688,98.56999969482422,97.44000244140625,98.16999816894531,89.7511215209961,41627800
2014-10-06,98.4800033569336,98.72000122070312,97.66000366210938,97.95999908447266,89.55913543701172,36038700
2014-10-07,97.5,97.77999877929688,96.55999755859375,96.56999969482422,88.28836059570312,45154000
2014-10-08,96.62000274658203,98.76000213623047,96.05999755859375,98.44999694824219,90.00708770751953,64931600
2014-10-09,98.31999969482422,98.56999969482422,96.70999908447266,96.86000061035156,88.553466796875,62497100
2014-10-10,96.29000091552734,96.83000183105469,94.41999816894531,94.44000244140625,86.34098815917969,77579400
2014-10-13,94.2699966430664,94.98999786376953,92.87999725341797,92.95999908447266,84.9879150390625,80835900
2014-10-14,93.54000091552734,94.16999816894531,92.70999908447266,92.97000122070312,84.99705505371094,71814500
2014-10-15,91.56999969482422,92.76000213623047,90.23999786376953,92.37000274658203,84.448486328125,108847800
2014-10-16,90.41999816894531,92.58000183105469,90.38999938964844,91.79000091552734,83.91825103759766,93165800
2014-10-17,93.0,93.88999938964844,92.45999908447266,93.0,85.02449035644531,69546700
2014-10-20,92.98999786376953,94.47000122070312,92.80000305175781,94.38999938964844,86.29530334472656,41479300
2014-10-21,95.55999755859375,96.87000274658203,95.31999969482422,96.87000274658203,88.56259155273438,53609800
2014-10-22,97.16999816894531,97.30000305175781,96.30999755859375,96.37000274658203,88.10546875,39178000
2014-10-23,97.33999633789062,98.36000061035156,97.16999816894531,97.81999969482422,89.43113708496094,48123800
2014-10-24,98.02999877929688,98.69000244140625,97.63999938964844,98.62000274658203,90.16252136230469,43157600
2014-10-27,98.43000030517578,98.87000274658203,98.0199966430664,98.69000244140625,90.22650146484375,29545700
2014-10-28,99.1500015258789,100.19999694824219,99.08000183105469,100.18000030517578,91.5887222290039,34495100
2014-10-29,99.8499984741211,100.12000274658203,99.0999984741211,99.80999755859375,91.25047302246094,40552800
2014-10-30,99.36000061035156,100.26000213623047,99.13999938964844,100.0199966430664,91.44246673583984,35935800
2014-10-31,101.68000030517578,101.75,101.06999969482422,101.4000015258789,92.70411682128906,54254100
2014-11-03,101.58000183105469,101.97000122070312,101.43000030517578,101.69999694824219,92.97837829589844,33481000
2014-11-04,101.37999725341797,101.62000274658203,100.66999816894531,101.36000061035156,92.66754913330078,22773300
2014-11-05,102.02999877929688,102.02999877929688,101.0199966430664,101.37000274658203,92.67669677734375,25818600
2014-11-06,101.36000061035156,101.72000122070312,100.91999816894531,101.69000244140625,92.96927642822266,24671900
2014-11-07,101.87000274658203,101.91000366210938,101.06999969482422,101.5999984741211,92.88697052001953,20931700
2014-11-10,101.6500015258789,102.08999633789062,101.37999725341797,101.95999908447266,93.21609497070312,20360000
2014-11-11,101.9800033569336,102.27999877929688,101.69999694824219,102.27999877929688,93.50865936279297,15454000
2014-11-12,101.87000274658203,102.56999969482422,101.87000274658203,102.45999908447266,93.67318725585938,22050300
2014-11-13,102.6500015258789,103.27999877929688,102.41999816894531,102.9000015258789,94.07550048828125,28027800
2014-11-14,102.87000274658203,103.22000122070312,102.52999877929688,103.22000122070312,94.36802673339844,19251300
2014-11-17,102.9800033569336,103.20999908447266,102.41999816894531,102.91000366210938,94.08460998535156,23361600
2014-11-18,103.0,103.81999969482422,102.98999786376953,103.68000030517578,94.7885971069336,26336800
2014-11-19,103.56999969482422,103.56999969482422,102.7300033569336,103.20999908447266,94.3589096069336,23760200
2014-11-20,102.7699966430664,103.76000213623047,102.69000244140625,103.66999816894531,94.77942657470703,22874000
2014-11-21,104.58999633789062,104.69000244140625,103.54000091552734,103.87000274658203,94.96228790283203,34049100
2014-11-24,104.1500015258789,104.7300033569336,104.05999755859375,104.68000030517578,95.70282745361328,17928300
2014-11-25,104.83999633789062,105.1500015258789,104.56999969482422,104.83999633789062,95.84911346435547,17526000
2014-11-26,104.94000244140625,105.58000183105469,104.83000183105469,105.5199966430664,96.4708023071289,18973800
2014-11-28,105.80000305175781,106.25,105.7300033569336,106.01000213623047,96.91876983642578,17360400
2014-12-01,105.72000122070312,105.91999816894531,104.41999816894531,104.80999755859375,95.82167053222656,35969500
2014-12-02,104.91999816894531,105.41999816894531,104.69999694824219,105.2300033569336,96.20567321777344,26031300
2014-12-03,105.38999938964844,105.56999969482422,104.76000213623047,105.41999816894531,96.37933349609375,32974300
2014-12-04,105.31999969482422,105.77999877929688,104.93000030517578,105.37000274658203,96.33366394042969,31008800
2014-12-05,105.54000091552734,105.69999694824219,105.1500015258789,105.37999725341797,96.3427963256836,25622200
2014-12-08,105.11000061035156,105.56999969482422,104.08000183105469,104.62999725341797,95.65709686279297,32685800
2014-12-09,103.41000366210938,105.04000091552734,103.04000091552734,104.95999908447266,95.95880889892578,46035100
2014-12-10,104.7699966430664,105.02999877929688,103.12000274658203,103.30999755859375,94.45030975341797,39330100
2014-12-11,103.61000061035156,105.04000091552734,103.58999633789062,103.80000305175781,94.8983154296875,47576000
2014-12-12,102.80999755859375,103.98999786376953,102.66000366210938,102.66999816894531,93.86520385742188,46889400
2014-12-15,103.19999694824219,103.58000183105469,101.31999969482422,101.61000061035156,92.89608764648438,52968400
2014-12-16,100.97000122070312,102.47000122070312,99.95999908447266,99.9800033569336,91.4059066772461,65348600
2014-12-17,100.05000305175781,102.08999633789062,99.91999816894531,101.80000305175781,93.0698013305664,79715300
2014-12-18,103.26000213623047,104.26000213623047,102.9800033569336,104.25,95.30968475341797,49840900
2014-12-19,103.97000122070312,104.73999786376953,103.70999908447266,104.31999969482422,95.72907257080078,51419900
2014-12-22,104.1500015258789,104.61000061035156,104.0999984741211,104.58000183105469,95.96768188476562,33869200
2014-12-23,104.95999908447266,104.97000122070312,104.08999633789062,104.20999908447266,95.62813568115234,30156900
2014-12-24,104.33999633789062,104.69999694824219,104.2699966430664,104.30000305175781,95.71072387695312,14291300
2014-12-26,104.5999984741211,105.26000213623047,104.56999969482422,105.04000091552734,96.3897933959961,13924300
2014-12-29,104.94000244140625,105.25,104.87999725341797,105.0199966430664,96.37141418457031,17073800
2014-12-30,104.72000122070312,104.95999908447266,104.18000030517578,104.31999969482422,95.72907257080078,18604000
2014-12-31,104.5,104.91000366210938,103.0999984741211,103.25,94.74718475341797,24367100
2015-01-02,103.76000213623047,104.19999694824219,102.44000244140625,102.94000244140625,94.46272277832031,31314600
2015-01-05,102.48999786376953,102.61000061035156,101.13999938964844,101.43000030517578,93.07706451416016,36521300
2015-01-06,101.58000183105469,101.75,99.62000274658203,100.06999969482422,91.82904815673828,66205500
2015-01-07,100.7300033569336,101.5999984741211,100.48999786376953,101.36000061035156,93.01280975341797,37577400
2015-01-08,102.22000122070312,103.5,102.11000061035156,103.30000305175781,94.7930908203125,40212600
2015-01-09,103.62000274658203,103.6500015258789,102.0199966430664,102.62000274658203,94.16905975341797,41410100
2015-01-12,102.81999969482422,102.93000030517578,101.29000091552734,101.55000305175781,93.18719482421875,34129800
2015-01-13,102.54000091552734,103.62000274658203,100.69999694824219,101.5199966430664,93.1596450805664,56162300
2015-01-14,100.5,101.4800033569336,100.06999969482422,100.95999908447266,92.64578247070312,51354200
2015-01-15,101.43000030517578,101.58999633789062,99.52999877929688,99.6500015258789,91.44361877441406,51005400
2015-01-16,99.5199966430664,100.94999694824219,99.36000061035156,100.81999969482422,92.51729583740234,35362200
2015-01-20,101.43000030517578,101.87999725341797,100.29000091552734,101.62000274658203,93.25141906738281,30964100
2015-01-21,101.31999969482422,102.62000274658203,100.95999908447266,102.13999938964844,93.72857666015625,40128800
2015-01-22,102.54000091552734,104.13999938964844,101.63999938964844,104.02999877929688,95.46295166015625,40887200
2015-01-23,104.0199966430664,104.58000183105469,103.72000122070312,104.26000213623047,95.67402648925781,34783000
2015-01-26,104.13999938964844,104.33000183105469,103.61000061035156,104.13999938964844,95.56388092041016,19960900
2015-01-27,102.5,102.55999755859375,101.0999984741211,101.44000244140625,93.08621978759766,45253200
2015-01-28,103.06999969482422,103.18000030517578,100.9000015258789,100.91999816894531,92.60905456542969,43591700
2015-01-29,100.83999633789062,102.08000183105469,99.95999908447266,101.88999938964844,93.49917602539062,46539700
2015-01-30,101.80000305175781,102.58000183105469,100.95999908447266,101.0999984741211,92.77426147460938,42927600
2015-02-02,101.33000183105469,102.06999969482422,99.75,101.9800033569336,93.58177947998047,43624700
2015-02-03,102.3499984741211,103.02999877929688,101.68000030517578,102.95999908447266,94.48107147216797,30750400
2015-02-04,102.54000091552734,103.55000305175781,102.30999755859375,102.87000274658203,94.39848327636719,34073200
2015-02-05,103.12999725341797,103.83000183105469,102.87000274658203,103.76000213623047,95.21520233154297,23605500
2015-02-06,103.91999816894531,104.16999816894531,102.76000213623047,103.12999725341797,94.63705444335938,34169300
2015-02-09,102.7300033569336,103.29000091552734,102.55000305175781,102.80000305175781,94.33424377441406,22604700
2015-02-10,103.37000274658203,104.54000091552734,103.20999908447266,104.4000015258789,95.8025131225586,23686500
2015-02-11,104.5199966430664,105.0199966430664,104.31999969482422,104.77999877929688,96.15119171142578,20303600
2015-02-12,105.45999908447266,106.04000091552734,105.30000305175781,106.0,97.27072143554688,22520300
2015-02-13,106.30000305175781,106.93000030517578,106.0999984741211,106.91000366210938,98.10576629638672,29030200
2015-02-17,106.91000366210938,107.08000183105469,106.63999938964844,107.01000213623047,98.19756317138672,17675300
2015-02-18,106.87999725341797,107.22000122070312,106.73999786376953,107.16000366210938,98.335205078125,15149600
2015-02-19,107.08999633789062,107.76000213623047,107.05999755859375,107.69000244140625,98.82156372070312,19828100
2015-02-20,107.62000274658203,108.47000122070312,107.27999877929688,108.41000366210938,99.48226928710938,28336700
2015-02-23,108.3499984741211,108.55000305175781,108.11000061035156,108.5199966430664,99.58317565917969,17868000
2015-02-24,108.37999725341797,108.7300033569336,108.05000305175781,108.5999984741211,99.65660095214844,19745000
2015-02-25,108.44000244140625,108.86000061035156,108.08999633789062,108.33000183105469,99.40882873535156,19472300
2015-02-26,108.44000244140625,108.94000244140625,108.13999938964844,108.87999725341797,99.91351318359375,22255500
2015-02-27,108.83999633789062,108.91000366210938,108.2300033569336,108.4000015258789,99.47307586669922,27757600
2015-03-02,108.61000061035156,109.41999816894531,108.58999633789062,109.37999725341797,100.37236022949219,22988600
2015-03-03,109.05000305175781,109.16000366210938,108.18000030517578,108.87000274658203,99.90436553955078,20788900
2015-03-04,108.51000213623047,108.66999816894531,107.86000061035156,108.44999694824219,99.51895141601562,21007400
2015-03-05,108.7300033569336,108.97000122070312,108.19000244140625,108.63999938964844,99.69331359863281,15381000
2015-03-06,108.5,108.70999908447266,107.13999938964844,107.41000366210938,98.56461334228516,30990400
2015-03-09,107.62999725341797,107.98999786376953,107.19000244140625,107.72000122070312,98.8490982055664,26237100
2015-03-10,106.94999694824219,106.9800033569336,105.72000122070312,105.72000122070312,97.01380157470703,34234500
2015-03-11,105.87999725341797,106.01000213623047,105.06999969482422,105.11000061035156,96.45398712158203,25459700
2015-03-12,105.02999877929688,105.91999816894531,104.95999908447266,105.80000305175781,97.0871810913086,21473200
2015-03-13,105.69999694824219,106.12000274658203,104.68000030517578,105.33999633789062,96.66506958007812,42021100
2015-03-16,105.7300033569336,106.73999786376953,105.62000274658203,106.69999694824219,97.91304779052734,25674100
2015-03-17,106.41000366210938,107.04000091552734,106.16000366210938,106.87000274658203,98.06908416748047,19603800
2015-03-18,106.58000183105469,108.41000366210938,106.02999877929688,107.91999816894531,99.03258514404297,40622200
2015-03-19,108.02999877929688,108.37999725341797,107.87000274658203,108.08000183105469,99.17943572998047,31314000
2015-03-20,108.72000122070312,109.06999969482422,108.51000213623047,108.52999877929688,99.82144927978516,31761400
2015-03-23,108.47000122070312,108.7699966430664,108.27999877929688,108.31999969482422,99.6282730102539,17268500
2015-03-24,108.30999755859375,108.80999755859375,107.91000366210938,107.93000030517578,99.26958465576172,22445300
2015-03-25,108.0999984741211,108.19999694824219,105.41999816894531,105.45999908447266,96.99774169921875,41581400
2015-03-26,104.58999633789062,105.69999694824219,104.23999786376953,105.0999984741211,96.66666412353516,47846300
2015-03-27,105.08000183105469,105.7699966430664,104.91999816894531,105.5199966430664,97.05292510986328,33878400
2015-03-30,106.16000366210938,106.81999969482422,106.16000366210938,106.7300033569336,98.16584014892578,30570200
2015-03-31,106.43000030517578,106.6500015258789,105.56999969482422,105.5999984741211,97.12651824951172,30488100
2015-04-01,105.5999984741211,105.62000274658203,104.37000274658203,105.05000305175781,96.62069702148438,32970500
2015-04-02,105.1500015258789,105.45999908447266,104.77999877929688,105.12000274658203,96.6850357055664,19164200
2015-04-06,104.5,106.2699966430664,104.33999633789062,105.9800033569336,97.47603607177734,24451100
2015-04-07,105.91999816894531,106.69999694824219,105.80000305175781,105.80000305175781,97.31046295166016,19379400
2015-04-08,105.83999633789062,106.79000091552734,105.83000183105469,106.63999938964844,98.08308410644531,25866900
2015-04-09,106.58999633789062,107.3499984741211,106.2300033569336,107.30999755859375,98.69930267333984,23114700
2015-04-10,107.2699966430664,107.76000213623047,107.02999877929688,107.75,99.10400390625,17164300
2015-04-13,107.83000183105469,108.37999725341797,107.36000061035156,107.4800033569336,98.85569763183594,17783500
2015-04-14,107.37000274658203,107.68000030517578,106.55999755859375,107.16999816894531,98.57056427001953,23755700
2015-04-15,107.44999694824219,108.06999969482422,107.31999969482422,107.83999633789062,99.18681335449219,21128600
2015-04-16,107.55000305175781,107.87999725341797,107.4000015258789,107.69000244140625,99.04883575439453,16195300
2015-04-17,106.66000366210938,106.94999694824219,105.55000305175781,106.01000213623047,97.50362396240234,46514000
2015-04-20,106.54000091552734,107.79000091552734,106.5,107.5999984741211,98.96603393554688,28945900
2015-04-21,108.22000122070312,108.41000366210938,107.93000030517578,108.05999755859375,99.38912200927734,22759800
2015-04-22,108.33999633789062,108.83000183105469,107.63999938964844,108.6500015258789,99.93179321289062,21429200
2015-04-23,108.27999877929688,109.55000305175781,108.26000213623047,109.05999755859375,100.30891418457031,29473200
2015-04-24,110.20999908447266,110.69000244140625,110.02999877929688,110.54000091552734,101.6701431274414,32508100
2015-04-27,110.94999694824219,111.16000366210938,110.0199966430664,110.26000213623047,101.41260528564453,31121300
2015-04-28,110.33999633789062,110.55000305175781,109.11000061035156,110.04000091552734,101.21027374267578,36849200
2015-04-29,109.43000030517578,110.06999969482422,108.75,109.3499984741211,100.57560729980469,34043900
2015-04-30,108.7300033569336,109.16999816894531,107.05999755859375,107.62999725341797,98.99361419677734,44080500
2015-05-01,108.05000305175781,109.12000274658203,108.02999877929688,109.05000305175781,100.29969787597656,32874300
2015-05-04,109.4000015258789,109.91000366210938,109.16999816894531,109.2300033569336,100.46524047851562,23507300
2015-05-05,108.80000305175781,109.0,107.4000015258789,107.44999694824219,98.82807922363281,47843300
2015-05-06,107.63999938964844,107.94999694824219,106.0,106.70999908447266,98.14746856689453,42687200
2015-05-07,106.68000030517578,107.6500015258789,106.5999984741211,107.3499984741211,98.73609161376953,29335800
2015-05-08,108.45999908447266,108.91999816894531,108.30000305175781,108.69000244140625,99.96857452392578,33023300
2015-05-11,108.76000213623047,108.9800033569336,108.19000244140625,108.2699966430664,99.58229064941406,19679300
2015-05-12,107.62999725341797,108.33000183105469,106.80000305175781,107.77999877929688,99.13159942626953,33665000
2015-05-13,108.25,108.80999755859375,107.83999633789062,108.0,99.3339614868164,20738400
2015-05-14,108.87999725341797,109.66999816894531,108.4800033569336,109.58000183105469,100.78715515136719,23904200
2015-05-15,109.86000061035156,110.01000213623047,109.30999755859375,109.58000183105469,100.78715515136719,23937400
2015-05-18,109.4000015258789,110.27999877929688,109.31999969482422,110.05999755859375,101.22865295410156,17631100
2015-05-19,110.18000030517578,110.3499984741211,109.76000213623047,109.94000244140625,101.1182861328125,14212900
2015-05-20,110.0199966430664,110.66999816894531,109.43000030517578,110.01000213623047,101.18268585205078,21131900
2015-05-21,109.81999969482422,110.7300033569336,109.66000366210938,110.58000183105469,101.70693969726562,16771800
2015-05-22,110.44999694824219,110.87000274658203,110.37999725341797,110.47000122070312,101.60575103759766,13543800
2015-05-26,110.2300033569336,110.37999725341797,108.76000213623047,109.19999694824219,100.43765258789062,25488400
2015-05-27,109.52999877929688,111.08000183105469,109.29000091552734,110.95999908447266,102.05642700195312,30572700
2015-05-28,110.75,111.01000213623047,110.37000274658203,110.70999908447266,101.82652282714844,17302400
2015-05-29,110.63999938964844,110.79000091552734,109.79000091552734,110.05000305175781,101.21944427490234,30383000
2015-06-01,110.63999938964844,110.72000122070312,109.5199966430664,110.41999816894531,101.55978393554688,24570200
2015-06-02,110.01000213623047,110.61000061035156,109.47000122070312,110.06999969482422,101.23784637451172,19449600
2015-06-03,110.56999969482422,110.80999755859375,110.12999725341797,110.4000015258789,101.54137420654297,20507200
2015-06-04,109.77999877929688,110.4800033569336,109.20999908447266,109.55999755859375,100.76876068115234,31374600
2015-06-05,109.43000030517578,109.69000244140625,108.62999725341797,109.30000305175781,100.52960968017578,22641700
2015-06-08,109.25,109.33000183105469,107.97000122070312,108.19000244140625,99.50870513916016,24549200
2015-06-09,107.93000030517578,108.4000015258789,107.19999694824219,108.01000213623047,99.3431625366211,27554600
2015-06-10,108.37999725341797,109.80999755859375,108.26000213623047,109.48999786376953,100.70441436767578,30297900
2015-06-11,109.86000061035156,110.1500015258789,109.45999908447266,109.6500015258789,100.8515625,17593500
2015-06-12,109.06999969482422,109.30000305175781,108.5999984741211,108.75,100.02376556396484,27201800
2015-06-15,107.94000244140625,108.37999725341797,107.30999755859375,108.20999908447266,99.52709197998047,31238800
2015-06-16,108.0999984741211,108.9800033569336,108.05000305175781,108.80000305175781,100.06974029541016,16456900
2015-06-17,108.9800033569336,109.44999694824219,108.43000030517578,109.0999984741211,100.34568786621094,23296700
2015-06-18,109.5,110.87999725341797,109.44000244140625,110.69000244140625,101.8080825805664,43032400
2015-06-19,110.48999786376953,110.58000183105469,109.80999755859375,109.88999938964844,101.30477142333984,27877600
2015-06-22,110.69999694824219,111.02999877929688,110.44999694824219,110.69999694824219,102.05149841308594,19120900
2015-06-23,110.81999969482422,110.88999938964844,110.33000183105469,110.79000091552734,102.13443756103516,18127900
2015-06-24,110.66000366210938,111.12999725341797,110.19000244140625,110.22000122070312,101.60897064208984,15815900
2015-06-25,110.6500015258789,110.76000213623047,109.81999969482422,110.0,101.40615844726562,18326700
2015-06-26,109.9800033569336,110.2300033569336,108.86000061035156,109.2699966430664,100.73318481445312,32311700
2015-06-29,108.05999755859375,108.66000366210938,106.63999938964844,106.69000244140625,98.3547592163086,50874900
2015-06-30,107.48999786376953,107.72000122070312,106.73999786376953,107.06999969482422,98.70507049560547,34809900
2015-07-01,108.12999725341797,108.3499984741211,107.41999816894531,107.91999816894531,99.48867797851562,21293000
2015-07-02,108.2300033569336,108.31999969482422,107.62000274658203,107.94999694824219,99.51630401611328,20499400
2015-07-06,107.2699966430664,108.31999969482422,107.04000091552734,107.69999694824219,99.28583526611328,24311000
2015-07-07,107.81999969482422,108.06999969482422,105.83000183105469,107.97000122070312,99.53474426269531,44230800
2015-07-08,107.19999694824219,107.33000183105469,105.88999938964844,106.08999633789062,97.8016357421875,39691500
2015-07-09,107.5,107.5999984741211,106.0199966430664,106.02999877929688,97.74632263183594,28381000
2015-07-10,107.44000244140625,108.05000305175781,107.05000305175781,107.6500015258789,99.23974609375,26415800
2015-07-13,108.58000183105469,109.62999725341797,108.56999969482422,109.54000091552734,100.98212432861328,25780700
2015-07-14,109.69000244140625,110.55999755859375,109.62999725341797,110.26000213623047,101.6458511352539,21977200
2015-07-15,110.47000122070312,110.80999755859375,110.06999969482422,110.37999725341797,101.75648498535156,28631500
2015-07-16,111.29000091552734,111.95999908447266,111.06999969482422,111.94000244140625,103.19461059570312,29838900
2015-07-17,112.83999633789062,113.58999633789062,112.6500015258789,113.58999633789062,104.71569061279297,35926800
2015-07-20,113.83000183105469,114.38999938964844,113.4800033569336,113.9800033569336,105.0752182006836,26539000
2015-07-21,114.0199966430664,114.19999694824219,113.58000183105469,113.91000366210938,105.01069641113281,35468900
2015-07-22,112.16999816894531,113.16999816894531,112.16999816894531,112.62000274658203,103.82148742675781,35575000
2015-07-23,112.7300033569336,113.0999984741211,111.91000366210938,112.19999694824219,103.43428802490234,25698300
2015-07-24,112.80000305175781,113.0,110.93000030517578,111.0999984741211,102.42025756835938,30844700
2015-07-27,110.47000122070312,110.94999694824219,109.94000244140625,110.18000030517578,101.57209014892578,35994800
2015-07-28,110.66999816894531,111.3499984741211,109.79000091552734,111.12999725341797,102.44789123535156,33553500
2015-07-29,111.37000274658203,111.79000091552734,110.94000244140625,111.55000305175781,102.83507537841797,26714100
2015-07-30,111.29000091552734,112.2699966430664,110.62000274658203,112.08000183105469,103.3236312866211,25438100
2015-07-31,112.43000030517578,112.48999786376953,111.72000122070312,111.94999694824219,103.20379638671875,22081700
2015-08-03,111.97000122070312,112.27999877929688,110.86000061035156,111.5999984741211,102.88117218017578,25001800
2015-08-04,111.55000305175781,111.75,110.93000030517578,111.38999938964844,102.68756103515625,22132300
2015-08-05,112.01000213623047,113.0,111.87999725341797,112.25,103.48039245605469,28989900
2015-08-06,112.3499984741211,112.5,109.94999694824219,110.44999694824219,101.8210220336914,42125400
2015-08-07,110.18000030517578,110.56999969482422,109.4000015258789,110.30999755859375,101.69194030761719,30006800
2015-08-10,111.01000213623047,111.80999755859375,111.0,111.56999969482422,102.85347747802734,21500800
2015-08-11,110.9800033569336,111.41000366210938,109.52999877929688,110.13999938964844,101.53520965576172,36123300
2015-08-12,109.37999725341797,110.73999786376953,108.22000122070312,110.5199966430664,101.88552856445312,41889000
2015-08-13,110.62999725341797,111.16000366210938,110.0999984741211,110.33999633789062,101.7195816040039,22510500
2015-08-14,110.08000183105469,110.66999816894531,109.86000061035156,110.51000213623047,101.87629699707031,17924900
2015-08-17,110.23999786376953,111.45999908447266,109.95999908447266,111.43000030517578,102.72443389892578,21224900
2015-08-18,111.27999877929688,111.37000274658203,110.70999908447266,110.86000061035156,102.19898986816406,13984400
2015-08-19,110.5199966430664,111.11000061035156,109.48999786376953,110.12999725341797,101.52599334716797,42511400
2015-08-20,109.11000061035156,109.45999908447266,107.06999969482422,107.08000183105469,98.71427917480469,57747300
2015-08-21,105.56999969482422,106.47000122070312,102.4000015258789,102.4000015258789,94.39990234375,97763400
2015-08-24,94.2300033569336,102.52999877929688,84.73999786376953,98.45999908447266,90.76774597167969,150829900
2015-08-25,102.06999969482422,102.73999786376953,98.01000213623047,98.08999633789062,90.4266128540039,75088300
2015-08-26,100.95999908447266,103.2300033569336,98.93000030517578,103.02999877929688,94.9806900024414,104103800
2015-08-27,104.5199966430664,105.70999908447266,103.27999877929688,105.63999938964844,97.38680267333984,69377700
2015-08-28,105.08000183105469,106.0,104.8499984741211,105.62000274658203,97.36837005615234,49919600
2015-08-31,105.02999877929688,105.61000061035156,104.05000305175781,104.30999755859375,96.16069793701172,39549400
2015-09-01,101.70999908447266,103.29000091552734,100.62999725341797,101.05000305175781,93.15538787841797,73155500
2015-09-02,102.87999725341797,103.91999816894531,101.69999694824219,103.9000015258789,95.78274536132812,43963600
2015-09-03,104.30999755859375,105.0199966430664,103.0999984741211,103.38999938964844,95.31256103515625,45131800
2015-09-04,101.97000122070312,102.8499984741211,101.58999633789062,102.16000366210938,94.17869567871094,49379600
2015-09-08,104.12000274658203,105.16999816894531,103.69000244140625,105.04000091552734,96.83366394042969,37343500
2015-09-09,106.27999877929688,106.30999755859375,103.58999633789062,103.86000061035156,95.74586486816406,47146700
2015-09-10,103.73999786376953,105.68000030517578,103.62000274658203,104.98999786376953,96.7875747680664,47686700
2015-09-11,104.51000213623047,105.56999969482422,104.20999908447266,105.56999969482422,97.32225799560547,29106100
2015-09-14,105.95999908447266,105.9800033569336,104.8499984741211,105.25,97.02728271484375,19718800
2015-09-15,105.5,106.81999969482422,105.11000061035156,106.48999786376953,98.17040252685547,30020200
2015-09-16,106.51000213623047,107.19000244140625,106.13999938964844,107.08999633789062,98.72349548339844,31329100
2015-09-17,106.9800033569336,108.7300033569336,106.63999938964844,107.12999725341797,98.7603988647461,56139800
2015-09-18,105.2300033569336,106.5999984741211,105.16999816894531,105.3499984741211,97.35572814941406,48384000
2015-09-21,105.93000030517578,106.55000305175781,104.7300033569336,105.68000030517578,97.66067504882812,35772600
2015-09-22,104.05999755859375,104.41999816894531,103.12999725341797,104.0999984741211,96.20056915283203,47359700
2015-09-23,104.37999725341797,104.66000366210938,103.63999938964844,104.18000030517578,96.27452850341797,21775100
2015-09-24,103.16999816894531,104.19000244140625,102.2699966430664,103.80000305175781,95.92335510253906,38284300
2015-09-25,104.91000366210938,105.01000213623047,102.27999877929688,102.91999816894531,95.11012268066406,44700000
2015-09-28,102.4800033569336,102.55000305175781,99.69000244140625,99.98999786376953,92.40248107910156,44077500
2015-09-29,100.23999786376953,101.26000213623047,98.75,99.47000122070312,91.92194366455078,49315500
2015-09-30,100.88999938964844,101.87000274658203,100.5,101.76000213623047,94.03816223144531,41411400
2015-10-01,101.94000244140625,102.2300033569336,100.58999633789062,102.22000122070312,94.46326446533203,39339100
2015-10-02,100.80000305175781,104.01000213623047,100.4800033569336,104.01000213623047,96.11743927001953,59370900
2015-10-05,104.77999877929688,105.77999877929688,104.55000305175781,105.5,97.49433135986328,32853500
2015-10-06,105.25,105.5999984741211,104.18000030517578,105.0,97.03226470947266,33051500
2015-10-07,105.66000366210938,105.86000061035156,104.29000091552734,105.62999725341797,97.61445617675781,37389300
2015-10-08,105.2300033569336,106.2300033569336,104.20999908447266,106.05000305175781,98.00263977050781,50188900
2015-10-09,106.0999984741211,106.7300033569336,105.80999755859375,106.52999877929688,98.44618225097656,23916200
2015-10-12,106.7300033569336,106.98999786376953,106.3499984741211,106.79000091552734,98.68646240234375,16162000
2015-10-13,106.18000030517578,107.26000213623047,106.0,106.0999984741211,98.0488052368164,26999600
2015-10-14,106.0999984741211,106.62999725341797,105.48999786376953,105.93000030517578,97.8917465209961,30902600
2015-10-15,106.31999969482422,107.68000030517578,106.18000030517578,107.66999816894531,99.49966430664062,38393800
2015-10-16,107.9000015258789,108.18000030517578,107.37999725341797,108.12000274658203,99.91551971435547,27091100
2015-10-19,107.9800033569336,108.80999755859375,107.73999786376953,108.73999786376953,100.4885025024414,23776300
2015-10-20,108.55000305175781,108.77999877929688,107.80999755859375,108.18000030517578,99.9709701538086,23404700
2015-10-21,108.7300033569336,108.83999633789062,107.4800033569336,107.5199966430664,99.36106872558594,30195200
2015-10-22,108.4800033569336,109.80000305175781,108.16999816894531,109.70999908447266,101.38488006591797,42778700
2015-10-23,112.66000366210938,113.23999786376953,112.06999969482422,112.77999877929688,104.221923828125,53170900
2015-10-26,112.69999694824219,113.06999969482422,112.2699966430664,112.8499984741211,104.2865982055664,25918000
2015-10-27,112.55000305175781,113.23999786376953,112.5199966430664,113.08000183105469,104.49917602539062,31390500
2015-10-28,113.25,114.0199966430664,112.33999633789062,114.0199966430664,105.36781311035156,42221900
2015-10-29,113.5,114.02999877929688,113.37999725341797,113.83999633789062,105.20146179199219,24913300
2015-10-30,113.88999938964844,114.08000183105469,113.30000305175781,113.33000183105469,104.73019409179688,27199200
2015-11-02,113.62999725341797,114.75,113.38999938964844,114.61000061035156,105.9130630493164,22176900
2015-11-03,114.37999725341797,115.41999816894531,114.20999908447266,115.01000213623047,106.28272247314453,20418400
2015-11-04,115.38999938964844,115.47000122070312,114.54000091552734,115.0199966430664,106.29193878173828,28633000
2015-11-05,115.12000274658203,115.4000015258789,114.11000061035156,114.70999908447266,106.00547790527344,25004100
2015-11-06,114.48999786376953,114.91999816894531,113.76000213623047,114.79000091552734,106.07942199707031,29924900
2015-11-09,114.36000061035156,114.51000213623047,112.87000274658203,113.56999969482422,104.95198059082031,33479800
2015-11-10,112.97000122070312,113.38999938964844,112.62999725341797,113.27999877929688,104.68399047851562,35452100
2015-11-11,113.58999633789062,114.13999938964844,112.94999694824219,113.13999938964844,104.55458068847656,22748800
2015-11-12,112.68000030517578,113.2300033569336,111.95999908447266,112.04000091552734,103.5380630493164,31196900
2015-11-13,111.56999969482422,111.69000244140625,109.77999877929688,109.83999633789062,101.50503540039062,52836000
2015-11-16,109.7300033569336,111.44000244140625,109.4800033569336,111.41999816894531,102.96511840820312,33980600
2015-11-17,111.61000061035156,112.29000091552734,111.20999908447266,111.48999786376953,103.02979278564453,30579500
2015-11-18,111.94000244140625,113.73999786376953,111.83000183105469,113.62999725341797,105.00740814208984,32966500
2015-11-19,113.69000244140625,114.2300033569336,113.48999786376953,113.70999908447266,105.08133697509766,26188100
2015-11-20,114.25,114.56999969482422,114.13999938964844,114.4800033569336,105.79290008544922,22727600
2015-11-23,114.5199966430664,114.94000244140625,113.66000366210938,114.1500015258789,105.48795318603516,20696200
2015-11-24,113.41000366210938,114.31999969482422,112.83999633789062,114.05000305175781,105.39555358886719,26374400
2015-11-25,114.22000122070312,114.36000061035156,113.91000366210938,114.1500015258789,105.48795318603516,14159900
2015-11-27,114.4000015258789,114.54000091552734,113.91999816894531,114.30999755859375,105.63581085205078,8828000
2015-11-30,114.6500015258789,114.6500015258789,113.6500015258789,114.0199966430664,105.36781311035156,25041600
2015-12-01,114.4800033569336,115.16000366210938,114.33999633789062,115.16000366210938,106.42132568359375,28639400
2015-12-02,115.25,115.75,114.27999877929688,114.44999694824219,105.76519012451172,22395500
2015-12-03,114.76000213623047,114.95999908447266,111.83999633789062,112.51000213623047,103.9723892211914,42754300
2015-12-04,112.8499984741211,115.33000183105469,112.62000274658203,115.13999938964844,106.40282440185547,40037300
2015-12-07,115.22000122070312,115.29000091552734,114.06999969482422,114.62000274658203,105.92230224609375,25892100
2015-12-08,113.41999816894531,115.0,113.37999725341797,114.62999725341797,105.93153381347656,30792600
2015-12-09,114.12999725341797,114.76000213623047,112.19999694824219,112.88999938964844,104.3235855102539,48509200
2015-12-10,113.1500015258789,114.16000366210938,112.80999755859375,113.4000015258789,104.79485321044922,30154600
2015-12-11,112.08999633789062,112.38999938964844,110.72000122070312,110.79000091552734,102.38290405273438,56022200
2015-12-14,110.94000244140625,111.68000030517578,109.37999725341797,111.62999725341797,103.15916442871094,53098500
2015-12-15,112.66000366210938,113.27999877929688,112.16999816894531,112.30999755859375,103.7875747680664,48428000
2015-12-16,113.06999969482422,114.16999816894531,111.88999938964844,113.9800033569336,105.33085632324219,44944100
2015-12-17,114.4800033569336,114.4800033569336,112.30000305175781,112.31999969482422,103.79682159423828,45668800
2015-12-18,111.62999725341797,111.87999725341797,109.83000183105469,109.83000183105469,101.8057861328125,53746100
2015-12-21,110.87000274658203,111.06999969482422,110.05000305175781,111.05000305175781,102.93663787841797,26432800
2015-12-22,111.63999938964844,111.94000244140625,111.05000305175781,111.77999877929688,103.61326599121094,26540300
2015-12-23,112.36000061035156,112.69000244140625,112.16000366210938,112.61000061035156,104.3826675415039,25656900
2015-12-24,112.61000061035156,112.9000015258789,112.54000091552734,112.58999633789062,104.36410522460938,11468600
2015-12-28,112.31999969482422,112.55000305175781,111.51000213623047,112.52999877929688,104.3084945678711,19183600
2015-12-29,113.19999694824219,114.55000305175781,113.12999725341797,114.30000305175781,105.94918823242188,27725700
2015-12-30,114.19999694824219,114.23999786376953,113.25,113.2699966430664,104.99444580078125,19520100
2015-12-31,112.87000274658203,113.08000183105469,111.83999633789062,111.86000061035156,103.68744659423828,29886800
2016-01-04,109.44999694824219,109.5999984741211,108.12000274658203,109.5,101.49988555908203,50807600
2016-01-05,110.04000091552734,110.18000030517578,108.80000305175781,109.30999755859375,101.32374572753906,38795200
2016-01-06,107.41000366210938,108.88999938964844,107.41000366210938,108.26000213623047,100.3504638671875,41891100
2016-01-07,105.94999694824219,107.29000091552734,104.80999755859375,104.87000274658203,97.2081527709961,61386300
2016-01-08,105.62999725341797,106.29000091552734,103.9000015258789,104.01000213623047,96.41096496582031,69344000
2016-01-11,104.75,105.05999755859375,102.7300033569336,104.33000183105469,96.70758819580078,50024100
2016-01-12,105.33000183105469,106.08000183105469,104.08000183105469,105.54000091552734,97.82919311523438,46734200
2016-01-13,105.97000122070312,106.2300033569336,101.73999786376953,101.9000015258789,94.45513153076172,69870700
2016-01-14,102.30000305175781,104.9800033569336,100.66999816894531,104.06999969482422,96.46659088134766,78445700
2016-01-15,100.62000274658203,101.94000244140625,99.51000213623047,100.83999633789062,93.4725570678711,91443900
2016-01-19,102.20999908447266,102.37000274658203,99.87999725341797,101.05999755859375,93.67650604248047,56563800
2016-01-20,99.47000122070312,101.83000183105469,97.25,100.75,93.38916015625,86675000
2016-01-21,101.18000030517578,102.3499984741211,99.81999969482422,100.8499984741211,93.48185729980469,61660100
2016-01-22,102.87999725341797,103.80999755859375,102.52999877929688,103.7699966430664,96.1884994506836,42229800
2016-01-25,103.4000015258789,103.98999786376953,102.13999938964844,102.2300033569336,94.7610092163086,38881500
2016-01-26,102.66000366210938,103.58999633789062,101.76000213623047,103.1500015258789,95.61378479003906,36143900
2016-01-27,102.55000305175781,102.98999786376953,100.1500015258789,100.58000183105469,93.23155212402344,54524700
2016-01-28,102.25,102.29000091552734,100.26000213623047,102.0,94.54782104492188,47641500
2016-01-29,101.97000122070312,104.16999816894531,101.94000244140625,104.12999725341797,96.52220153808594,54245100
2016-02-01,103.62999725341797,104.80000305175781,103.2300033569336,104.41000366210938,96.78176879882812,32750300
2016-02-02,103.93000030517578,103.97000122070312,101.83999633789062,102.1500015258789,94.68684387207031,44928100
2016-02-03,102.83000183105469,102.83000183105469,99.87999725341797,101.66000366210938,94.23265838623047,61572900
2016-02-04,101.38999938964844,102.45999908447266,100.44000244140625,101.6500015258789,94.22341918945312,49321600
2016-02-05,101.29000091552734,101.33000183105469,97.72000122070312,98.12000274658203,90.95130157470703,70749900
2016-02-08,96.29000091552734,97.05000305175781,94.83999633789062,96.62000274658203,89.56087493896484,91673100
2016-02-09,95.33000183105469,97.77999877929688,95.18000030517578,96.31999969482422,89.28279876708984,73778400
2016-02-10,97.43000030517578,98.69000244140625,96.62000274658203,96.69000244140625,89.62577056884766,59421700
2016-02-11,95.45999908447266,97.31999969482422,95.19000244140625,96.55000305175781,89.49602508544922,76839200
2016-02-12,97.63999938964844,98.12000274658203,96.7300033569336,98.0199966430664,90.85860443115234,49186500
2016-02-16,99.47000122070312,100.2300033569336,98.8499984741211,100.2300033569336,92.90714263916016,40565900
2016-02-17,100.95999908447266,102.63999938964844,100.69999694824219,102.5,95.01130676269531,41766500
2016-02-18,102.81999969482422,102.83999633789062,101.19999694824219,101.33000183105469,93.92676544189453,38991500
2016-02-19,100.83999633789062,101.94000244140625,100.62000274658203,101.62999725341797,94.20484924316406,28257900
2016-02-22,102.58000183105469,103.37999725341797,102.4800033569336,103.27999877929688,95.73431396484375,23979100
2016-02-23,102.68000030517578,102.95999908447266,101.51000213623047,101.58000183105469,94.15852355957031,29869700
2016-02-24,100.38999938964844,102.68000030517578,99.7699966430664,102.55000305175781,95.05762481689453,40739100
2016-02-25,102.76000213623047,103.55999755859375,101.83999633789062,103.55999755859375,95.99384307861328,29389300
2016-02-26,104.3499984741211,104.37000274658203,103.18000030517578,103.43000030517578,95.87334442138672,30925000
2016-02-29,103.33000183105469,104.0999984741211,102.5,102.5,95.01130676269531,27553900
2016-03-01,103.4800033569336,105.79000091552734,103.16000366210938,105.79000091552734,98.0609130859375,37699800
2016-03-02,105.66000366210938,105.8499984741211,105.01000213623047,105.83000183105469,98.0979995727539,29209800
2016-03-03,105.72000122070312,105.75,104.87000274658203,105.62999725341797,97.91259002685547,25474600
2016-03-04,105.75,106.3499984741211,104.97000122070312,105.66999816894531,97.94969177246094,31655400
2016-03-07,105.12999725341797,105.73999786376953,104.2699966430664,105.0199966430664,97.34716033935547,25861200
2016-03-08,104.30000305175781,105.20999908447266,103.97000122070312,104.1500015258789,96.54075622558594,28898500
2016-03-09,104.54000091552734,104.83999633789062,103.95999908447266,104.81999969482422,97.16178131103516,31047400
2016-03-10,105.26000213623047,105.86000061035156,103.30999755859375,104.66000366210938,97.01348114013672,44236100
2016-03-11,105.79000091552734,106.48999786376953,105.45999908447266,106.48999786376953,98.70980072021484,31454000
2016-03-14,106.08999633789062,106.91999816894531,106.05999755859375,106.66999816894531,98.87664794921875,25374900
2016-03-15,106.29000091552734,106.75,105.94999694824219,106.62999725341797,98.83954620361328,26524600
2016-03-16,106.37000274658203,107.86000061035156,106.33999633789062,107.58000183105469,99.72015380859375,31693100
2016-03-17,107.2699966430664,107.7699966430664,106.87000274658203,107.5199966430664,99.66451263427734,29623700
2016-03-18,107.45999908447266,107.63999938964844,106.80000305175781,107.37000274658203,99.82073211669922,37682300
2016-03-21,107.18000030517578,107.88999938964844,107.12000274658203,107.79000091552734,100.21116638183594,17288600
2016-03-22,107.18000030517578,108.37000274658203,107.16000366210938,108.12000274658203,100.5179672241211,18840300
2016-03-23,107.91000366210938,107.98999786376953,106.98999786376953,107.2300033569336,99.69054412841797,20912900
2016-03-24,106.70999908447266,107.29000091552734,106.52999877929688,107.26000213623047,99.71845245361328,19017300
2016-03-28,107.55999755859375,107.58000183105469,106.91999816894531,107.11000061035156,99.57901763916016,13892300
2016-03-29,106.91000366210938,108.9000015258789,106.7300033569336,108.83000183105469,101.17807006835938,29963900
2016-03-30,109.4800033569336,110.04000091552734,109.12999725341797,109.36000061035156,101.67082214355469,23807200
2016-03-31,109.27999877929688,109.69000244140625,109.02999877929688,109.19999694824219,101.52203369140625,21447200
2016-04-01,108.54000091552734,110.4000015258789,108.38999938964844,110.36000061035156,102.6004867553711,26389000
2016-04-04,110.36000061035156,110.44000244140625,109.68000030517578,109.94000244140625,102.21002960205078,17163000
2016-04-05,109.08999633789062,109.5,108.73999786376953,108.87999725341797,101.22454833984375,20107900
2016-04-06,108.98999786376953,110.70999908447266,108.98999786376953,110.66999816894531,102.888671875,25056000
2016-04-07,110.02999877929688,110.2300033569336,108.61000061035156,109.08000183105469,101.41047668457031,28567200
2016-04-08,109.76000213623047,110.0199966430664,108.62000274658203,109.0,101.33609771728516,22898000
2016-04-11,109.47000122070312,110.0199966430664,108.58999633789062,108.5999984741211,100.96421813964844,25772100
2016-04-12,108.68000030517578,109.72000122070312,108.0199966430664,109.51000213623047,101.81024932861328,28564100
2016-04-13,110.3499984741211,111.08000183105469,110.20999908447266,110.91000366210938,103.1118392944336,25356700
2016-04-14,110.93000030517578,111.33000183105469,110.0,110.91999816894531,103.1211166381836,17199700
2016-04-15,110.83000183105469,111.05999755859375,110.36000061035156,110.63999938964844,102.86080169677734,21353300
2016-04-18,110.31999969482422,111.2699966430664,110.25,111.2300033569336,103.4093017578125,17126100
2016-04-19,111.44000244140625,111.44000244140625,109.87999725341797,110.55000305175781,102.77713012695312,42481400
2016-04-20,110.55000305175781,111.1500015258789,110.16999816894531,110.63999938964844,102.86080169677734,18078300
2016-04-21,110.58000183105469,111.05000305175781,110.1500015258789,110.6500015258789,102.8700942993164,20216000
2016-04-22,109.20999908447266,109.72000122070312,108.12000274658203,108.9800033569336,101.3175048828125,39074000
2016-04-25,108.6500015258789,108.98999786376953,108.44999694824219,108.9800033569336,101.3175048828125,14351900
2016-04-26,109.20999908447266,109.38999938964844,108.12000274658203,108.44999694824219,100.8248062133789,19118300
2016-04-27,107.33999633789062,107.83000183105469,106.69000244140625,107.58000183105469,100.0159683227539,33059800
2016-04-28,107.69999694824219,108.33000183105469,106.06999969482422,106.27999877929688,98.80736541748047,29818200
2016-04-29,106.27999877929688,106.5,104.87999725341797,105.72000122070312,98.28675079345703,67502800
2016-05-02,105.98999786376953,106.87000274658203,105.55000305175781,106.72000122070312,99.21643829345703,24813800
2016-05-03,105.95999908447266,106.44000244140625,105.44999694824219,105.7300033569336,98.29602813720703,38569400
2016-05-04,105.08999633789062,105.4800033569336,104.79000091552734,105.05000305175781,97.6638412475586,27474500
2016-05-05,105.43000030517578,105.66000366210938,104.80999755859375,105.0199966430664,97.63593292236328,20788100
2016-05-06,104.5,105.5999984741211,104.4000015258789,105.58000183105469,98.15656280517578,30758500
2016-05-09,105.58999633789062,106.37000274658203,105.54000091552734,105.87999725341797,98.43544006347656,19289600
2016-05-10,106.26000213623047,107.37999725341797,106.06999969482422,107.33000183105469,99.78352355957031,21178900
2016-05-11,107.16999816894531,107.48999786376953,106.33000183105469,106.36000061035156,98.88174438476562,20966300
2016-05-12,106.61000061035156,106.73999786376953,105.13999938964844,105.88999938964844,98.44477081298828,29196300
2016-05-13,105.80000305175781,106.44999694824219,105.29000091552734,105.5,98.0821762084961,21059300
2016-05-16,105.66000366210938,107.20999908447266,105.55999755859375,106.81999969482422,99.30937194824219,18311900
2016-05-17,106.7300033569336,107.04000091552734,105.19999694824219,105.4800033569336,98.06360626220703,29932700
2016-05-18,105.23999786376953,106.43000030517578,105.04000091552734,105.86000061035156,98.41687774658203,27524400
2016-05-19,105.44999694824219,105.70999908447266,104.54000091552734,105.30999755859375,97.9055404663086,27334600
2016-05-20,105.7300033569336,106.9000015258789,105.66999816894531,106.47000122070312,98.98400115966797,29549600
2016-05-23,106.58999633789062,106.97000122070312,106.2300033569336,106.33000183105469,98.85385131835938,15729800
2016-05-24,106.91999816894531,108.58999633789062,106.88999938964844,108.45999908447266,100.83405303955078,29931300
2016-05-25,108.87000274658203,109.56999969482422,108.68000030517578,109.23999786376953,101.55924224853516,37951700
2016-05-26,109.3499984741211,109.69999694824219,109.08999633789062,109.55999755859375,101.85670471191406,21885900
2016-05-27,109.62999725341797,110.13999938964844,109.61000061035156,110.12999725341797,102.38666534423828,19870000
2016-05-31,110.27999877929688,110.51000213623047,109.77999877929688,110.33999633789062,102.58187103271484,24366100
2016-06-01,110.0,110.5999984741211,109.91000366210938,110.3499984741211,102.59119415283203,19571500
2016-06-02,110.12999725341797,110.58999633789062,109.52999877929688,110.58000183105469,102.80503845214844,15696600
2016-06-03,110.37000274658203,110.41999816894531,109.33999633789062,110.05999755859375,102.32157897949219,20269900
2016-06-06,110.26000213623047,110.75,110.06999969482422,110.45999908447266,102.69344329833984,12502400
2016-06-07,110.5199966430664,110.62999725341797,110.12999725341797,110.18000030517578,102.43310546875,12184300
2016-06-08,110.37000274658203,110.5999984741211,109.95999908447266,110.37000274658203,102.60977935791016,14568700
2016-06-09,109.91999816894531,110.30999755859375,109.70999908447266,110.19000244140625,102.44243621826172,17571600
2016-06-10,109.19000244140625,109.4000015258789,108.55999755859375,108.94000244140625,101.28031921386719,32965000
2016-06-13,108.31999969482422,108.93000030517578,107.88999938964844,108.02999877929688,100.43431091308594,25154700
2016-06-14,107.73999786376953,108.41999816894531,107.23999786376953,108.02999877929688,100.43431091308594,24588500
2016-06-15,108.29000091552734,108.44000244140625,107.54000091552734,107.72000122070312,100.1460952758789,24605700
2016-06-16,107.19000244140625,108.13999938964844,106.5,108.04000091552734,100.44359588623047,32079900
2016-06-17,107.52999877929688,107.68000030517578,106.23999786376953,106.48999786376953,99.26628875732422,29208800
2016-06-20,107.7300033569336,108.23999786376953,107.08000183105469,107.16000366210938,99.89085388183594,20562800
2016-06-21,107.30000305175781,107.72000122070312,107.0999984741211,107.5,100.207763671875,22804100
2016-06-22,107.55999755859375,108.19000244140625,107.1500015258789,107.23999786376953,99.96540832519531,22724200
2016-06-23,108.06999969482422,108.79000091552734,107.62000274658203,108.7699966430664,101.39160919189453,18714200
2016-06-24,104.9000015258789,106.5,104.05999755859375,104.29000091552734,97.21553039550781,68012700
2016-06-27,103.5999984741211,103.5999984741211,101.75,102.22000122070312,95.28592681884766,48222600
2016-06-28,103.3499984741211,104.51000213623047,103.30000305175781,104.45999908447266,97.37399291992188,28260600
2016-06-29,105.27999877929688,106.52999877929688,105.2300033569336,106.30999755859375,99.09848022460938,31356700
2016-06-30,106.48999786376953,107.61000061035156,106.12999725341797,107.54000091552734,100.24504089355469,36300800
2016-07-01,107.48999786376953,108.4800033569336,107.44999694824219,108.08000183105469,100.74839782714844,19902800
2016-07-05,107.51000213623047,107.66000366210938,106.83999633789062,107.41999816894531,100.13318634033203,21167900
2016-07-06,106.91000366210938,108.3499984741211,106.56999969482422,108.30000305175781,100.95349884033203,24579300
2016-07-07,108.4000015258789,108.86000061035156,108.11000061035156,108.62000274658203,101.25177764892578,19161700
2016-07-08,109.19999694824219,110.36000061035156,109.0199966430664,110.30000305175781,102.81782531738281,29457900
2016-07-11,110.66999816894531,111.33999633789062,110.66000366210938,110.93000030517578,103.40506744384766,20218500
2016-07-12,111.61000061035156,111.79000091552734,111.33999633789062,111.48999786376953,103.92707824707031,21906100
2016-07-13,111.75,111.81999969482422,111.20999908447266,111.22000122070312,103.67542266845703,21107800
2016-07-14,111.95999908447266,112.19000244140625,111.69999694824219,111.9800033569336,104.38387298583984,20871000
2016-07-15,112.23999786376953,112.30000305175781,111.55000305175781,111.80000305175781,104.2160873413086,17999300
2016-07-18,111.87000274658203,112.73999786376953,111.8499984741211,112.54000091552734,104.9058837890625,20713900
2016-07-19,112.1500015258789,112.4800033569336,111.93000030517578,112.12999725341797,104.52369689941406,18936700
2016-07-20,112.73999786376953,113.6500015258789,112.5999984741211,113.44000244140625,105.74483489990234,24997900
2016-07-21,113.5199966430664,113.73999786376953,112.87000274658203,113.18000030517578,105.50247955322266,18885400
2016-07-22,113.26000213623047,113.77999877929688,112.91000366210938,113.6500015258789,105.94055938720703,20003400
2016-07-25,113.55999755859375,113.69000244140625,113.27999877929688,113.66000366210938,105.9499282836914,12968100
2016-07-26,113.62000274658203,114.19999694824219,113.22000122070312,113.79000091552734,106.07109069824219,21223800
2016-07-27,114.75,114.87999725341797,114.0999984741211,114.58000183105469,106.80751037597656,27646100
2016-07-28,114.76000213623047,115.11000061035156,114.4000015258789,114.9800033569336,107.18035888671875,16939700
2016-07-29,115.23999786376953,115.54000091552734,114.87000274658203,115.2300033569336,107.41343688964844,22385300
2016-08-01,115.30999755859375,116.12999725341797,115.16999816894531,115.83999633789062,107.98204040527344,13990100
2016-08-02,115.66999816894531,115.7699966430664,114.22000122070312,114.95999908447266,107.16170501708984,21278400
2016-08-03,114.87000274658203,115.3499984741211,114.80000305175781,115.33999633789062,107.51594543457031,15011300
2016-08-04,115.30000305175781,115.77999877929688,115.02999877929688,115.66999816894531,107.82353973388672,12835300
2016-08-05,116.26000213623047,117.04000091552734,116.12999725341797,116.77999877929688,108.8582534790039,23196600
2016-08-08,116.83999633789062,116.87000274658203,116.27999877929688,116.6500015258789,108.73707580566406,12358200
2016-08-09,116.73999786376953,117.29000091552734,116.66999816894531,116.91999816894531,108.98875427246094,13276500
2016-08-10,116.98999786376953,117.0199966430664,116.30999755859375,116.62000274658203,108.70911407470703,14688400
2016-08-11,117.0199966430664,117.37000274658203,116.77999877929688,117.12000274658203,109.17520904541016,12969800
2016-08-12,116.91999816894531,117.20999908447266,116.79000091552734,117.19999694824219,109.24979400634766,19379000
2016-08-15,117.3499984741211,117.97000122070312,117.30999755859375,117.69999694824219,109.7158432006836,11777800
2016-08-16,117.4800033569336,117.48999786376953,117.02999877929688,117.05000305175781,109.10993194580078,14161400
2016-08-17,117.08000183105469,117.30000305175781,116.43000030517578,117.26000213623047,109.30570220947266,15980300
2016-08-18,117.1500015258789,117.45999908447266,116.94999694824219,117.29000091552734,109.33369445800781,10036300
2016-08-19,117.08000183105469,117.5199966430664,116.76000213623047,117.26000213623047,109.30570220947266,18743000
2016-08-22,117.08999633789062,117.55000305175781,116.87000274658203,117.3499984741211,109.38956451416016,14500600
2016-08-23,117.80999755859375,118.01000213623047,117.51000213623047,117.55999755859375,109.58533477783203,11997900
2016-08-24,117.4800033569336,117.63999938964844,116.41000366210938,116.80000305175781,108.87689971923828,17728700
2016-08-25,116.5,116.97000122070312,116.36000061035156,116.61000061035156,108.69979095458984,24266300
2016-08-26,116.6500015258789,117.54000091552734,116.08000183105469,116.77999877929688,108.8582534790039,23896000
2016-08-29,116.80999755859375,117.25,116.79000091552734,116.94000244140625,109.00740814208984,11184900
2016-08-30,116.75,117.08999633789062,116.16000366210938,116.55999755859375,108.65318298339844,19843300
2016-08-31,116.37999725341797,116.55999755859375,115.94999694824219,116.44000244140625,108.54132843017578,16169800
2016-09-01,116.4800033569336,116.87999725341797,115.91000366210938,116.73999786376953,108.82098388671875,20944700
2016-09-02,117.31999969482422,117.55999755859375,116.68000030517578,117.12000274658203,109.17520904541016,18088200
2016-09-06,117.31999969482422,117.8499984741211,117.05999755859375,117.8499984741211,109.85567474365234,18525200
2016-09-07,117.95999908447266,118.12000274658203,117.47000122070312,117.91999816894531,109.92094421386719,17546900
2016-09-08,117.56999969482422,117.5999984741211,116.91999816894531,117.2300033569336,109.27772521972656,20125300
2016-09-09,116.25,116.51000213623047,114.26000213623047,114.27999877929688,106.52783203125,50813300
2016-09-12,113.63999938964844,116.48999786376953,113.62999725341797,116.33000183105469,108.43877410888672,39646000
2016-09-13,115.75,116.08999633789062,114.7300033569336,115.29000091552734,107.46932983398438,45863900
2016-09-14,115.41000366210938,116.47000122070312,115.37999725341797,115.83999633789062,107.98204040527344,28221800
2016-09-15,115.87000274658203,117.81999969482422,115.86000061035156,117.63999938964844,109.65992736816406,38521400
2016-09-16,117.22000122070312,117.41000366210938,116.70999908447266,117.29000091552734,109.60760498046875,27596500
2016-09-19,117.58999633789062,117.94999694824219,116.55000305175781,116.77999877929688,109.13098907470703,16222900
2016-09-20,117.19999694824219,117.4800033569336,116.80000305175781,117.0,109.33659362792969,18078600
2016-09-21,117.5,118.31999969482422,116.80999755859375,118.1500015258789,110.4112777709961,31546800
2016-09-22,118.83999633789062,119.22000122070312,118.72000122070312,119.08999633789062,111.28968811035156,22614400
2016-09-23,119.0,119.0,118.16000366210938,118.33000183105469,110.57947540283203,22213400
2016-09-26,117.66000366210938,117.80000305175781,117.16999816894531,117.33999633789062,109.65433502197266,16403900
2016-09-27,117.26000213623047,118.55999755859375,117.1500015258789,118.5,110.73834228515625,20238400
2016-09-28,118.6500015258789,118.7699966430664,118.08999633789062,118.69999694824219,110.92522430419922,14794300
2016-09-29,118.5,118.72000122070312,117.33000183105469,117.83999633789062,110.12157440185547,27207500
2016-09-30,118.1500015258789,119.06999969482422,118.02999877929688,118.72000122070312,110.94393157958984,25543200
2016-10-03,118.56999969482422,118.69999694824219,118.08999633789062,118.55000305175781,110.7850570678711,19216400
2016-10-04,118.9000015258789,119.16000366210938,117.91999816894531,118.37000274658203,110.61687469482422,21239700
2016-10-05,118.72000122070312,119.16999816894531,118.66999816894531,118.79000091552734,111.00934600830078,14481300
2016-10-06,118.63999938964844,118.9800033569336,118.1500015258789,118.7300033569336,110.95328521728516,11987100
2016-10-07,118.83999633789062,119.01000213623047,117.88999938964844,118.47000122070312,110.71027374267578,19984200
2016-10-10,119.08000183105469,119.4800033569336,119.02999877929688,119.22000122070312,111.4111557006836,19687300
2016-10-11,119.12000274658203,119.13999938964844,117.0,117.5199966430664,109.82251739501953,27774400
2016-10-12,117.62999725341797,117.81999969482422,117.05999755859375,117.41999816894531,109.72909545898438,14267800
2016-10-13,116.62000274658203,117.31999969482422,115.94000244140625,117.0,109.33659362792969,22821000
2016-10-14,117.58000183105469,118.05000305175781,117.06999969482422,117.13999938964844,109.46741485595703,21313300
2016-10-17,117.04000091552734,117.30000305175781,116.66999816894531,116.81999969482422,109.16836547851562,14182700
2016-10-18,118.20999908447266,118.41000366210938,117.80000305175781,117.86000061035156,110.14024353027344,19276700
2016-10-19,117.7699966430664,118.0199966430664,117.63999938964844,117.8499984741211,110.13091278076172,13702900
2016-10-20,117.7300033569336,117.97000122070312,117.02999877929688,117.70999908447266,110.00007629394531,18132200
2016-10-21,117.80000305175781,118.22000122070312,117.41000366210938,118.1500015258789,110.4112777709961,15707800
2016-10-24,118.91000366210938,119.6500015258789,118.88999938964844,119.56999969482422,111.73824310302734,19143000
2016-10-25,119.63999938964844,119.66000366210938,119.01000213623047,119.19000244140625,111.38314056396484,20341800
2016-10-26,118.41999816894531,119.02999877929688,118.02999877929688,118.37999725341797,110.62616729736328,20463700
2016-10-27,118.88999938964844,118.98999786376953,117.66999816894531,117.83999633789062,110.12157440185547,19099800
2016-10-28,117.5,118.11000061035156,116.73999786376953,117.0999984741211,109.43002319335938,35369300
2016-10-31,117.52999877929688,117.52999877929688,116.93000030517578,116.98999786376953,109.32723999023438,18749400
2016-11-01,117.19000244140625,117.20999908447266,115.0999984741211,116.11000061035156,108.50489044189453,23498700
2016-11-02,116.02999877929688,116.30000305175781,114.88999938964844,115.18000030517578,107.63578033447266,26960100
2016-11-03,114.98999786376953,115.37000274658203,113.91999816894531,114.05000305175781,106.57980346679688,36205200
2016-11-04,113.7699966430664,114.54000091552734,113.44999694824219,113.6500015258789,106.20600128173828,26997500
2016-11-07,115.48999786376953,116.47000122070312,115.30000305175781,116.3499984741211,108.72917175292969,26591200
2016-11-08,116.2300033569336,117.63999938964844,115.95999908447266,117.11000061035156,109.43939208984375,20777900
2016-11-09,115.73999786376953,117.83999633789062,115.5999984741211,117.6500015258789,109.94402313232422,70234400
2016-11-10,118.22000122070312,118.37999725341797,114.19999694824219,115.75,108.16844940185547,72825400
2016-11-11,115.25,116.05000305175781,114.83999633789062,115.80000305175781,108.21519470214844,41115200
2016-11-14,115.83000183105469,115.94000244140625,114.02999877929688,114.62999725341797,107.12179565429688,35906000
2016-11-15,115.5,116.62000274658203,115.33000183105469,116.22000122070312,108.607666015625,31796600
2016-11-16,115.66999816894531,116.98999786376953,115.66999816894531,116.91000366210938,109.25247955322266,16538100
2016-11-17,116.8499984741211,117.77999877929688,116.61000061035156,117.76000213623047,110.04682159423828,20598600
2016-11-18,117.9000015258789,118.0999984741211,117.20999908447266,117.31999969482422,109.63560485839844,16428700
2016-11-21,117.61000061035156,118.6500015258789,117.56999969482422,118.54000091552734,110.77571105957031,20268500
2016-11-22,119.01000213623047,119.19000244140625,118.61000061035156,118.9000015258789,111.11216735839844,18850600
2016-11-23,118.51000213623047,118.63999938964844,117.9000015258789,118.41999816894531,110.66353607177734,22926000
2016-11-25,118.55999755859375,118.8499984741211,118.41999816894531,118.80000305175781,111.01869201660156,7162800
2016-11-28,118.6500015258789,119.08000183105469,118.41000366210938,118.52999877929688,110.76636505126953,13479000
2016-11-29,118.63999938964844,119.51000213623047,118.30000305175781,118.94000244140625,111.1495361328125,18553000
2016-11-30,119.08999633789062,119.12999725341797,117.45999908447266,117.5,109.80384063720703,30405300
2016-12-01,117.45999908447266,117.47000122070312,115.29000091552734,115.47000122070312,107.90677642822266,39796600
2016-12-02,115.54000091552734,116.16000366210938,115.22000122070312,115.69999694824219,108.12174987792969,32876800
2016-12-05,116.30000305175781,117.05999755859375,115.7699966430664,116.5999984741211,108.96282958984375,21419700
2016-12-06,116.93000030517578,117.08000183105469,116.38999938964844,116.87999725341797,109.22442626953125,27293300
2016-12-07,116.63999938964844,118.51000213623047,116.29000091552734,118.36000061035156,110.60750579833984,26622400
2016-12-08,118.41000366210938,118.87000274658203,118.18000030517578,118.56999969482422,110.80374908447266,18578400
2016-12-09,119.01000213623047,119.54000091552734,119.0,119.5,111.67282104492188,21863100
2016-12-12,118.97000122070312,119.20999908447266,118.47000122070312,118.95999908447266,111.168212890625,23259300
2016-12-13,119.31999969482422,121.11000061035156,119.31999969482422,120.45999908447266,112.56995391845703,54477900
2016-12-14,120.61000061035156,121.0,119.86000061035156,120.20999908447266,112.33633422851562,28746000
2016-12-15,120.37000274658203,121.11000061035156,120.08000183105469,120.4000015258789,112.51388549804688,22762300
2016-12-16,120.33999633789062,120.58000183105469,119.36000061035156,119.5999984741211,112.09678649902344,26283900
2016-12-19,119.72000122070312,120.83000183105469,119.55000305175781,120.08999633789062,112.55606079101562,21138700
2016-12-20,120.47000122070312,120.7699966430664,120.33000183105469,120.55000305175781,112.98721313476562,11461800
2016-12-21,120.5999984741211,120.68000030517578,120.19000244140625,120.45999908447266,112.9028549194336,7079300
2016-12-22,120.47000122070312,120.5,119.6500015258789,120.12000274658203,112.58417510986328,16645000
2016-12-23,119.91999816894531,120.25,119.80999755859375,120.19999694824219,112.65914916992188,9007500
2016-12-27,120.45999908447266,121.5199966430664,120.41000366210938,120.81999969482422,113.24029541015625,16110600
2016-12-28,121.08000183105469,121.19000244140625,119.80000305175781,119.87999725341797,112.35923767089844,17975200
2016-12-29,119.8499984741211,120.12999725341797,119.33000183105469,119.70999908447266,112.19992065429688,13267500
2016-12-30,119.94000244140625,119.94999694824219,118.13999938964844,118.4800033569336,111.04708099365234,41749000
2017-01-03,119.2699966430664,119.98999786376953,118.88999938964844,119.54000091552734,112.04055786132812,22307600
2017-01-04,119.66999816894531,120.41000366210938,119.66000366210938,120.19000244140625,112.64978790283203,19749100
2017-01-05,120.0999984741211,120.94999694824219,120.0999984741211,120.87000274658203,113.28715515136719,20644300
2017-01-06,121.0,122.25,120.69000244140625,121.93000030517578,114.28063201904297,24074300
2017-01-09,122.02999877929688,122.55000305175781,121.94999694824219,122.33000183105469,114.65557098388672,18909200
2017-01-10,122.37999725341797,122.97000122070312,122.0999984741211,122.5999984741211,114.90859985351562,16176600
2017-01-11,122.6500015258789,122.93000030517578,122.0199966430664,122.93000030517578,115.21791076660156,20686000
2017-01-12,122.48999786376953,122.81999969482422,121.5999984741211,122.73999786376953,115.03980255126953,19622500
2017-01-13,122.80000305175781,123.37000274658203,122.80000305175781,123.16000366210938,115.4334716796875,16930800
2017-01-17,122.83999633789062,123.02999877929688,122.43000030517578,122.79000091552734,115.08668518066406,14538500
2017-01-18,122.97000122070312,123.16000366210938,122.66000366210938,123.04000091552734,115.32100677490234,12499700
2017-01-19,123.22000122070312,123.6500015258789,122.72000122070312,122.9800033569336,115.2647705078125,12710700
2017-01-20,123.5199966430664,123.83000183105469,122.91999816894531,123.25,115.51780700683594,22091000
2017-01-23,123.16999816894531,123.52999877929688,122.56999969482422,123.3499984741211,115.6115493774414,17434200
2017-01-24,123.58999633789062,124.37000274658203,123.37999725341797,124.18000030517578,116.38947296142578,17640900
2017-01-25,124.95999908447266,125.45999908447266,124.8499984741211,125.43000030517578,117.56108856201172,15036200
2017-01-26,125.5999984741211,125.81999969482422,125.33999633789062,125.55999755859375,117.68291473388672,16052200
2017-01-27,125.83000183105469,125.91999816894531,125.38999938964844,125.80000305175781,117.9078369140625,15053000
2017-01-30,125.37999725341797,125.37999725341797,124.12999725341797,124.81999969482422,116.98931884765625,25006700
2017-01-31,124.37999725341797,124.5999984741211,123.8499984741211,124.56999969482422,116.75505065917969,19091100
2017-02-01,125.44999694824219,125.68000030517578,124.86000061035156,125.43000030517578,117.56108856201172,22861900
2017-02-02,125.20999908447266,125.69999694824219,124.86000061035156,125.31999969482422,117.45797729492188,15101400
2017-02-03,125.44999694824219,125.80999755859375,125.33000183105469,125.68000030517578,117.79535675048828,16957200
2017-02-06,125.47000122070312,125.8499984741211,125.3499984741211,125.83000183105469,117.93596649169922,11630100
2017-02-07,126.08999633789062,126.55000305175781,125.97000122070312,126.29000091552734,118.36709594726562,17541100
2017-02-08,126.12000274658203,126.68000030517578,125.87999725341797,126.5,118.5639419555664,12569100
2017-02-09,126.62999725341797,127.23999786376953,126.55999755859375,126.95999908447266,118.99507141113281,17542700
2017-02-10,127.23999786376953,127.55999755859375,127.0199966430664,127.37999725341797,119.38874053955078,13915700
2017-02-13,127.7699966430664,128.25999450683594,127.72000122070312,128.10000610351562,120.06355285644531,19120200
2017-02-14,128.14999389648438,128.5399932861328,127.73999786376953,128.52999877929688,120.46656799316406,16333500
2017-02-15,128.44000244140625,129.35000610351562,128.3699951171875,129.2899932861328,121.17888641357422,17891400
2017-02-16,129.3699951171875,129.6300048828125,128.9199981689453,129.25,121.14141845703125,15098300
2017-02-17,129.05999755859375,129.82000732421875,129.0399932861328,129.80999755859375,121.666259765625,15563700
2017-02-21,130.05999755859375,130.52999877929688,129.99000549316406,130.4499969482422,122.2661361694336,18479600
2017-02-22,130.3300018310547,130.58999633789062,130.11000061035156,130.5,122.31298065185547,12110900
2017-02-23,130.6999969482422,130.6999969482422,129.49000549316406,130.00999450683594,121.8537368774414,17489000
2017-02-24,129.4199981689453,130.25999450683594,129.3800048828125,130.25999450683594,122.08802032470703,18624500
2017-02-27,130.02000427246094,130.42999267578125,129.8000030517578,130.4199981689453,122.23799896240234,12008700
2017-02-28,130.38999938964844,130.4499969482422,129.66000366210938,130.02000427246094,121.86307525634766,16598600
2017-03-01,130.85000610351562,131.67999267578125,130.60000610351562,131.44000244140625,123.19400787353516,25813800
2017-03-02,131.41000366210938,131.42999267578125,130.6199951171875,130.77999877929688,122.575439453125,19951400
2017-03-03,130.69000244140625,131.05999755859375,130.33999633789062,131.02000427246094,122.80036926269531,13722700
2017-03-06,130.58999633789062,130.9499969482422,130.2100067138672,130.72999572753906,122.52857971191406,12026200
2017-03-07,130.47000122070312,131.0800018310547,130.27999877929688,130.50999450683594,122.32234954833984,15500900
2017-03-08,130.58999633789062,131.14999389648438,130.4600067138672,130.74000549316406,122.53793334960938,15776000
2017-03-09,130.7100067138672,131.02000427246094,130.13999938964844,130.83999633789062,122.63168334960938,20855300
2017-03-10,131.44000244140625,131.60000610351562,130.82000732421875,131.38999938964844,123.14714813232422,21922600
2017-03-13,131.33999633789062,131.63999938964844,131.27000427246094,131.61000061035156,123.3533706665039,10731600
2017-03-14,131.30999755859375,131.36000061035156,130.75999450683594,131.2899932861328,123.0534439086914,14019700
2017-03-15,131.55999755859375,132.41000366210938,131.13999938964844,132.10000610351562,123.81260681152344,22709100
2017-03-16,132.35000610351562,132.35000610351562,131.7100067138672,132.00999450683594,123.72822570800781,18457300
2017-03-17,131.89999389648438,132.0399932861328,131.6199951171875,131.69000244140625,123.68506622314453,21234500
2017-03-20,131.64999389648438,132.11000061035156,131.4600067138672,131.80999755859375,123.79773712158203,10105200
2017-03-21,132.30999755859375,132.42999267578125,129.72999572753906,129.80999755859375,121.9193115234375,35841900
2017-03-22,129.85000610351562,130.82000732421875,129.67999267578125,130.69000244140625,122.74584197998047,29177900
2017-03-23,130.52000427246094,130.8800048828125,130.13999938964844,130.36000061035156,122.43587493896484,20311700
2017-03-24,130.77999877929688,131.2899932861328,130.1300048828125,130.6300048828125,122.68948364257812,22967600
2017-03-27,129.6999969482422,131.07000732421875,129.39999389648438,130.83999633789062,122.88674926757812,18472400
2017-03-28,130.83999633789062,132.02999877929688,130.5500030517578,131.63999938964844,123.6380844116211,23721900
2017-03-29,131.72999572753906,132.3000030517578,131.58999633789062,132.25,124.21102142333984,13710000
2017-03-30,132.1999969482422,132.61000061035156,132.0800018310547,132.47000122070312,124.41761779785156,16092400
2017-03-31,132.27999877929688,132.74000549316406,132.1300048828125,132.3800048828125,124.33313751220703,19841400
2017-04-03,132.49000549316406,132.80999755859375,131.55999755859375,132.3000030517578,124.25796508789062,23700300
2017-04-04,131.9199981689453,132.52999877929688,131.8699951171875,132.50999450683594,124.45523071289062,13400000
2017-04-05,132.6999969482422,133.47999572753906,131.72000122070312,131.97000122070312,123.9480209350586,32011200
2017-04-06,132.10000610351562,132.38999938964844,131.6999969482422,132.0399932861328,124.01373291015625,18832200
2017-04-07,132.0,132.3699951171875,131.5,131.97000122070312,123.9480209350586,16743100
2017-04-10,132.10000610351562,132.57000732421875,131.66000366210938,132.02000427246094,123.99497985839844,15619300
2017-04-11,131.89999389648438,132.10000610351562,130.5,131.4499969482422,123.45960998535156,33778400
2017-04-12,131.42999267578125,131.5399932861328,130.77999877929688,130.9199981689453,122.96186828613281,15955200
2017-04-13,130.74000549316406,131.50999450683594,130.3800048828125,130.39999389648438,122.47348022460938,23683000
2017-04-17,130.77000427246094,131.5,130.72000122070312,131.47999572753906,123.48783111572266,13325500
2017-04-18,131.0399932861328,131.66000366210938,130.9499969482422,131.27999877929688,123.29997253417969,12841100
2017-04-19,131.85000610351562,132.2899932861328,131.30999755859375,131.49000549316406,123.49722290039062,17764800
2017-04-20,132.02000427246094,132.8800048828125,131.82000732421875,132.58999633789062,124.53036499023438,21977900
2017-04-21,132.7100067138672,132.75999450683594,132.22000122070312,132.55999755859375,124.5021743774414,22454900
2017-04-24,134.02999877929688,134.2899932861328,133.8000030517578,134.16000366210938,126.00489044189453,22469900
2017-04-25,134.60000610351562,135.3699951171875,134.47999572753906,135.1300048828125,126.91593933105469,19384400
2017-04-26,135.17999267578125,135.50999450683594,134.86000061035156,134.94000244140625,126.73746490478516,25398500
2017-04-27,135.27000427246094,135.75,135.19000244140625,135.75,127.49830627441406,16136500
2017-04-28,136.2899932861328,136.33999633789062,135.77000427246094,135.99000549316406,127.72370910644531,22771900
2017-05-01,136.44000244140625,137.3800048828125,136.3800048828125,137.1999969482422,128.86013793945312,24815500
2017-05-02,137.3699951171875,137.49000549316406,137.02000427246094,137.42999267578125,129.07611083984375,18345100
2017-05-03,137.1199951171875,137.1699981689453,136.6199951171875,136.99000549316406,128.6629180908203,23827600
2017-05-04,136.97000122070312,137.42999267578125,136.55999755859375,137.0399932861328,128.70982360839844,14630100
2017-05-05,137.38999938964844,137.5399932861328,136.8800048828125,137.5399932861328,129.17947387695312,19330700
2017-05-08,137.61000061035156,137.83999633789062,137.3300018310547,137.83999633789062,129.46121215820312,13279900
2017-05-09,138.0500030517578,138.6300048828125,137.92999267578125,138.32000732421875,129.91204833984375,28426100
2017-05-10,138.39999389648438,138.4499969482422,137.91000366210938,138.39999389648438,129.98716735839844,20499400
2017-05-11,138.02000427246094,138.3300018310547,137.3800048828125,138.2899932861328,129.88380432128906,27232100
2017-05-12,138.35000610351562,138.6300048828125,138.22999572753906,138.60000610351562,130.17501831054688,19738600
2017-05-15,138.66000366210938,139.1199951171875,138.52999877929688,139.0399932861328,130.5882568359375,20481300
2017-05-16,139.39999389648438,139.63999938964844,138.99000549316406,139.6199951171875,131.1330108642578,21786000
2017-05-17,138.50999450683594,138.77000427246094,136.0500030517578,136.07000732421875,127.79878234863281,55642200
2017-05-18,136.02000427246094,137.72000122070312,135.8699951171875,137.25999450683594,128.91653442382812,41319900
2017-05-19,137.75,138.4199981689453,137.66000366210938,137.83999633789062,129.46121215820312,36730100
2017-05-22,138.14999389648438,139.07000732421875,138.10000610351562,139.0,130.5507049560547,19509700
2017-05-23,139.41000366210938,139.4199981689453,138.77999877929688,139.13999938964844,130.68222045898438,19687500
2017-05-24,139.55999755859375,139.85000610351562,139.1699981689453,139.77999877929688,131.28330993652344,15891900
2017-05-25,140.30999755859375,141.3300018310547,140.00999450683594,140.97000122070312,132.4009552001953,23928600
2017-05-26,141.0,141.27999877929688,140.80999755859375,141.22000122070312,132.6357421875,13851600
2017-05-30,141.14999389648438,141.50999450683594,141.05999755859375,141.33999633789062,132.7484588623047,20306400
2017-05-31,141.83999633789062,141.83999633789062,140.57000732421875,141.2899932861328,132.70150756835938,33229400
2017-06-01,141.5800018310547,141.89999389648438,140.97999572753906,141.83999633789062,133.21804809570312,20120700
2017-06-02,142.33999633789062,143.49000549316406,142.11000061035156,143.4600067138672,134.7396697998047,37222900
2017-06-05,143.4499969482422,143.67999267578125,143.22999572753906,143.42999267578125,134.71139526367188,15727500
2017-06-06,143.25999450683594,143.72999572753906,142.64999389648438,142.86000061035156,134.1761016845703,22393000
2017-06-07,143.25999450683594,143.5399932861328,142.60000610351562,143.4199981689453,134.7020721435547,18842400
2017-06-08,143.74000549316406,143.8000030517578,142.7899932861328,143.57000732421875,134.84288024902344,25417400
2017-06-09,143.74000549316406,143.89999389648438,138.11000061035156,139.97999572753906,131.4711456298828,109783700
2017-06-12,138.8000030517578,139.47999572753906,137.47000122070312,139.22999572753906,130.76669311523438,104454000
2017-06-13,140.00999450683594,140.55999755859375,139.27999877929688,140.36000061035156,131.82803344726562,51193000
2017-06-14,140.92999267578125,140.92999267578125,138.6199951171875,139.75,131.25511169433594,60093800
2017-06-15,138.33999633789062,139.27999877929688,137.49000549316406,139.1300048828125,130.67279052734375,55145200
2017-06-16,138.67999267578125,138.77999877929688,137.63999938964844,138.14999389648438,130.10585021972656,48087400
2017-06-19,139.49000549316406,140.58999633789062,139.27999877929688,140.4600067138672,132.28135681152344,39626500
2017-06-20,140.32000732421875,140.5,139.30999755859375,139.36000061035156,131.24539184570312,40935100
2017-06-21,139.67999267578125,140.80999755859375,139.58999633789062,140.74000549316406,132.54501342773438,35743400
2017-06-22,140.9600067138672,141.22000122070312,140.33999633789062,140.6999969482422,132.50738525390625,24099100
2017-06-23,140.5399932861328,141.4199981689453,140.14999389648438,141.24000549316406,133.01593017578125,21654300
2017-06-26,142.0500030517578,142.2899932861328,140.27000427246094,140.5800018310547,132.39434814453125,34411100
2017-06-27,140.0500030517578,140.22000122070312,138.02000427246094,138.02999877929688,129.9928436279297,65957800
2017-06-28,138.5399932861328,140.13999938964844,137.74000549316406,140.02000427246094,131.86700439453125,57427200
2017-06-29,139.44000244140625,139.44000244140625,136.25,137.58999633789062,129.5784454345703,88769400
2017-06-30,137.97999572753906,138.6699981689453,137.19000244140625,137.63999938964844,129.6255645751953,68898300
2017-07-03,138.27000427246094,138.42999267578125,136.10000610351562,136.19000244140625,128.25997924804688,32797000
2017-07-05,136.6199951171875,137.89999389648438,136.16000366210938,137.52999877929688,129.52195739746094,42116600
2017-07-06,136.47999572753906,137.05999755859375,135.8000030517578,136.2899932861328,128.35411071777344,48430500
2017-07-07,136.75,138.1300048828125,136.74000549316406,137.75999450683594,129.73855590820312,36970400
2017-07-10,137.85000610351562,138.99000549316406,137.5,138.66000366210938,130.58615112304688,24853500
2017-07-11,138.4600067138672,139.22000122070312,137.94000244140625,139.0500030517578,130.95346069335938,31517700
2017-07-12,140.24000549316406,140.86000061035156,139.9600067138672,140.6999969482422,132.50738525390625,36045800
2017-07-13,140.8699951171875,141.35000610351562,140.60000610351562,141.00999450683594,132.79930114746094,31073600
2017-07-14,141.63999938964844,142.3000030517578,141.19000244140625,142.1199951171875,133.84466552734375,34544800
2017-07-17,142.27000427246094,142.69000244140625,141.9199981689453,142.19000244140625,133.91061401367188,25343200
2017-07-18,142.08999633789062,143.1699981689453,141.63999938964844,143.13999938964844,134.80528259277344,25748500
2017-07-19,143.55999755859375,144.19000244140625,143.5,143.97999572753906,135.59642028808594,33752300
2017-07-20,144.35000610351562,144.44000244140625,143.52000427246094,144.1699981689453,135.7753448486328,36139400
2017-07-21,143.63999938964844,144.11000061035156,143.35000610351562,144.11000061035156,135.71884155273438,39697100
2017-07-24,144.08999633789062,144.8699951171875,143.9199981689453,144.77000427246094,136.34036254882812,26712700
2017-07-25,144.2899932861328,144.74000549316406,144.00999450683594,144.39999389648438,135.99192810058594,28120900
2017-07-26,144.75999450683594,144.9499969482422,144.52999877929688,144.8699951171875,136.43453979492188,18610600
2017-07-27,145.82000732421875,145.9600067138672,142.3000030517578,143.9600067138672,135.57757568359375,80665900
2017-07-28,143.10000610351562,144.0800018310547,142.8699951171875,143.83999633789062,135.46453857421875,38013200
2017-07-31,144.25,144.42999267578125,142.9199981689453,143.22999572753906,134.89002990722656,33848600
2017-08-01,143.72000122070312,143.75999450683594,143.1199951171875,143.55999755859375,135.20089721679688,20149400
2017-08-02,144.49000549316406,144.52000427246094,142.61000061035156,143.9499969482422,135.56813049316406,41769700
2017-08-03,144.08999633789062,144.1699981689453,143.1300048828125,143.38999938964844,135.04074096679688,27112800
2017-08-04,143.7100067138672,143.97000122070312,143.05999755859375,143.64999389648438,135.28564453125,29472900
2017-08-07,143.91000366210938,144.55999755859375,143.7100067138672,144.55999755859375,136.1426239013672,17933900
2017-08-08,144.27999877929688,145.47000122070312,143.89999389648438,144.30999755859375,135.9071502685547,30810400
2017-08-09,143.1199951171875,144.19000244140625,142.7899932861328,144.1199951171875,135.7282257080078,36169500
2017-08-10,143.3000030517578,143.39999389648438,140.88999938964844,141.02999877929688,132.81814575195312,63331700
2017-08-11,141.22000122070312,142.41000366210938,140.89999389648438,142.10000610351562,133.82583618164062,45862500
2017-08-14,143.22999572753906,144.14999389648438,143.19000244140625,143.92999267578125,135.54928588867188,34161000
2017-08-15,144.2899932861328,144.3000030517578,143.63999938964844,144.02999877929688,135.64349365234375,25509200
2017-08-16,144.38999938964844,144.9600067138672,143.8000030517578,144.27999877929688,135.87892150878906,31913000
2017-08-17,143.72000122070312,143.94000244140625,141.3300018310547,141.3300018310547,133.1007537841797,70191000
2017-08-18,141.41000366210938,142.1999969482422,140.64999389648438,141.22999572753906,133.00653076171875,60751900
2017-08-21,141.22000122070312,141.52999877929688,140.17999267578125,141.0500030517578,132.8370361328125,37111500
2017-08-22,141.80999755859375,143.35000610351562,141.75999450683594,143.1999969482422,134.86180114746094,36294200
2017-08-23,142.47999572753906,143.00999450683594,142.3800048828125,142.69000244140625,134.38148498535156,25702300
2017-08-24,143.00999450683594,143.1699981689453,141.47000122070312,142.27000427246094,133.98599243164062,38160800
2017-08-25,142.82000732421875,143.17999267578125,141.77999877929688,141.97000122070312,133.70339965820312,26380400
2017-08-28,142.39999389648438,142.74000549316406,141.9499969482422,142.41000366210938,134.11776733398438,15362100
2017-08-29,141.19000244140625,143.2100067138672,141.05999755859375,142.97000122070312,134.64520263671875,24498300
2017-08-30,143.08999633789062,144.88999938964844,143.0,144.64999389648438,136.2273712158203,33642700
2017-08-31,145.05999755859375,146.2100067138672,144.97999572753906,146.1999969482422,137.6871337890625,38480700
2017-09-01,146.38999938964844,146.58999633789062,145.61000061035156,146.0,137.49874877929688,22293600
2017-09-05,145.57000732421875,145.8800048828125,143.60000610351562,144.69000244140625,136.2650909423828,44794300
2017-09-06,145.05999755859375,145.4600067138672,144.0800018310547,145.1300048828125,136.6793975830078,30722700
2017-09-07,145.39999389648438,145.83999633789062,144.94000244140625,145.47000122070312,136.99960327148438,22721100
2017-09-08,145.27999877929688,145.35000610351562,144.05999755859375,144.2100067138672,135.81300354003906,27890100
2017-09-11,145.33999633789062,146.1199951171875,145.3000030517578,145.8699951171875,137.37635803222656,27126300
2017-09-12,146.27999877929688,146.41000366210938,145.52999877929688,146.22000122070312,137.7060089111328,30256700
2017-09-13,145.97000122070312,146.44000244140625,145.72999572753906,146.4199981689453,137.89430236816406,28450900
2017-09-14,145.85000610351562,146.2899932861328,145.47000122070312,145.55999755859375,137.08438110351562,35296400
2017-09-15,145.52999877929688,146.58999633789062,145.2899932861328,146.05999755859375,137.55531311035156,46422400
2017-09-18,145.91000366210938,146.3699951171875,145.11000061035156,145.5500030517578,137.37496948242188,24858200
2017-09-19,145.80999755859375,146.00999450683594,145.30999755859375,145.8000030517578,137.6110076904297,20871200
2017-09-20,145.75,145.91000366210938,144.22999572753906,145.35000610351562,137.186279296875,34236200
2017-09-21,145.25,145.25999450683594,143.9499969482422,144.4600067138672,136.3462677001953,28841800
2017-09-22,144.0,144.52999877929688,143.85000610351562,144.32000732421875,136.21408081054688,21702400
2017-09-25,143.75,143.8300018310547,142.10000610351562,142.8000030517578,134.77947998046875,54947700
2017-09-26,143.52999877929688,143.8000030517578,142.6699981689453,143.1699981689453,135.12867736816406,29628800
2017-09-27,143.92999267578125,145.0,143.57000732421875,144.4600067138672,136.3462677001953,33249400
2017-09-28,144.11000061035156,144.55999755859375,143.77999877929688,144.41000366210938,136.29901123046875,24149400
2017-09-29,144.6999969482422,145.55999755859375,144.32000732421875,145.4499969482422,137.28060913085938,43102400
2017-10-02,145.6699981689453,146.1699981689453,144.92999267578125,145.5800018310547,137.4033203125,27351300
2017-10-03,145.77000427246094,146.05999755859375,145.4499969482422,145.88999938964844,137.69586181640625,19715200
2017-10-04,145.61000061035156,146.33999633789062,145.47000122070312,146.02999877929688,137.8280487060547,26381100
2017-10-05,146.55999755859375,147.5399932861328,146.41000366210938,147.4600067138672,139.1776885986328,31562400
2017-10-06,146.9600067138672,147.66000366210938,146.9600067138672,147.66000366210938,139.36647033691406,23561100
2017-10-09,147.85000610351562,148.00999450683594,147.3000030517578,147.49000549316406,139.2060546875,13704800
2017-10-10,147.99000549316406,148.13999938964844,146.9499969482422,147.60000610351562,139.3098602294922,19223100
2017-10-11,147.52999877929688,148.07000732421875,147.33999633789062,148.0399932861328,139.72509765625,12439100
2017-10-12,147.82000732421875,148.35000610351562,147.6199951171875,147.77000427246094,139.4702911376953,14513500
2017-10-13,148.3699951171875,148.50999450683594,147.77999877929688,148.33999633789062,140.00827026367188,18409900
2017-10-16,148.7100067138672,148.88999938964844,148.38999938964844,148.85000610351562,140.48965454101562,21809400
2017-10-17,148.8000030517578,149.05999755859375,148.57000732421875,149.0399932861328,140.6690216064453,13138200
2017-10-18,149.19000244140625,149.2100067138672,148.63999938964844,148.86000061035156,140.49913024902344,17218200
2017-10-19,147.99000549316406,148.3300018310547,147.27000427246094,148.30999755859375,139.98001098632812,27680300
2017-10-20,148.91000366210938,149.0399932861328,148.52999877929688,148.7100067138672,140.35755920410156,30173300
2017-10-23,149.02000427246094,149.02999877929688,147.52999877929688,147.74000549316406,139.4419708251953,29297100
2017-10-24,148.02999877929688,148.3000030517578,147.44000244140625,147.99000549316406,139.67796325683594,20289500
2017-10-25,147.6999969482422,148.17999267578125,146.3300018310547,147.42999267578125,139.1494140625,36179100
2017-10-26,147.33999633789062,147.7100067138672,146.9199981689453,146.9600067138672,138.705810546875,28230200
2017-10-27,149.42999267578125,151.52000427246094,149.1999969482422,151.24000549316406,142.74546813964844,60165100
2017-10-30,151.1300048828125,152.19000244140625,150.99000549316406,151.5800018310547,143.06631469726562,31733400
2017-10-31,152.07000732421875,152.3699951171875,151.6300048828125,152.14999389648438,143.6043243408203,26319300
2017-11-01,152.75999450683594,152.8300018310547,151.5,152.10000610351562,143.55715942382812,29481600
2017-11-02,151.92999267578125,151.99000549316406,150.77000427246094,151.80999755859375,143.28341674804688,31017400
2017-11-03,152.36000061035156,153.2899932861328,151.83999633789062,153.27000427246094,144.6614227294922,26199200
2017-11-06,153.14999389648438,153.85000610351562,153.10000610351562,153.7899932861328,145.15216064453125,28693900
2017-11-07,153.6699981689453,154.0800018310547,153.33999633789062,153.8800048828125,145.23716735839844,21333100
2017-11-08,153.8000030517578,154.5399932861328,153.6199951171875,154.5,145.82229614257812,17373500
2017-11-09,153.22999572753906,153.77000427246094,152.11000061035156,153.69000244140625,145.05780029296875,40594500
2017-11-10,153.3300018310547,153.8000030517578,153.05999755859375,153.67999267578125,145.04840087890625,20150800
2017-11-13,153.10000610351562,154.07000732421875,153.10000610351562,153.8699951171875,145.2276611328125,12522400
2017-11-14,153.3300018310547,153.5,152.57000732421875,153.30999755859375,144.69915771484375,25173800
2017-11-15,152.64999389648438,153.0,151.77999877929688,152.58999633789062,144.0196075439453,24808000
2017-11-16,153.36000061035156,154.88999938964844,153.3300018310547,154.5399932861328,145.860107421875,34790600
2017-11-17,154.5800018310547,154.69000244140625,153.8000030517578,153.9499969482422,145.30320739746094,28725800
2017-11-20,154.05999755859375,154.1999969482422,153.61000061035156,153.8300018310547,145.18992614746094,21143900
2017-11-21,154.55999755859375,155.57000732421875,154.49000549316406,155.5,146.76614379882812,20147800
2017-11-22,155.63999938964844,155.83999633789062,155.33999633789062,155.69000244140625,146.94549560546875,17299000
2017-11-24,155.85000610351562,156.30999755859375,155.75999450683594,156.25999450683594,147.48345947265625,8280600
2017-11-27,156.2100067138672,156.55999755859375,155.8300018310547,156.19000244140625,147.41746520996094,22653400
2017-11-28,156.5399932861328,156.69000244140625,155.6999969482422,156.58999633789062,147.79490661621094,25227300
2017-11-29,156.41000366210938,156.4499969482422,153.1199951171875,153.86000061035156,145.2183074951172,71986300
2017-11-30,154.50999450683594,155.4499969482422,154.14999389648438,155.14999389648438,146.43585205078125,56595500
2017-12-01,154.1999969482422,155.24000549316406,152.25999450683594,154.49000549316406,145.8128662109375,59015800
2017-12-04,155.4600067138672,155.6300048828125,152.55999755859375,152.7100067138672,144.13282775878906,51319100
2017-12-05,152.67999267578125,154.5500030517578,152.10000610351562,152.80999755859375,144.22726440429688,40604200
2017-12-06,152.24000549316406,153.74000549316406,152.05999755859375,153.5,144.8784942626953,28647800
2017-12-07,153.49000549316406,154.4600067138672,153.3300018310547,154.02000427246094,145.3692626953125,32666200
2017-12-08,155.14999389648438,155.52999877929688,154.4600067138672,154.6999969482422,146.01109313964844,28081700
2017-12-11,154.77000427246094,155.9499969482422,154.75999450683594,155.89999389648438,147.14364624023438,20821500
2017-12-12,155.8300018310547,156.14999389648438,155.36000061035156,155.69000244140625,146.94549560546875,20310300
2017-12-13,156.32000732421875,156.49000549316406,155.75999450683594,155.99000549316406,147.2286376953125,24418500
2017-12-14,156.25999450683594,156.66000366210938,155.7100067138672,155.8800048828125,147.12478637695312,24594700
2017-12-15,156.49000549316406,157.82000732421875,156.22999572753906,157.64999389648438,148.79539489746094,49816200
2017-12-18,158.36000061035156,158.77000427246094,158.07000732421875,158.63999938964844,150.04293823242188,26844500
2017-12-19,158.33999633789062,158.5,157.25999450683594,157.6999969482422,149.15383911132812,31415000
2017-12-20,158.25,158.27999877929688,156.91000366210938,157.52999877929688,148.99301147460938,38972600
2017-12-21,157.75,158.25,157.3699951171875,157.5500030517578,149.0120086669922,18638700
2017-12-22,157.30999755859375,157.42999267578125,156.9499969482422,157.3699951171875,148.84173583984375,23330400
2017-12-26,156.49000549316406,156.72000122070312,155.9499969482422,156.52000427246094,148.0377960205078,21918700
2017-12-27,156.52999877929688,156.9600067138672,156.38999938964844,156.5399932861328,148.0567169189453,22388200
2017-12-28,157.0399932861328,157.07000732421875,156.5399932861328,156.72999572753906,148.23643493652344,25393800
2017-12-29,156.8699951171875,156.89999389648438,155.6999969482422,155.75999450683594,147.3189697265625,33186000
2018-01-02,156.55999755859375,158.52999877929688,156.1699981689453,158.49000549316406,149.90101623535156,32573300
2018-01-03,158.63999938964844,160.1699981689453,158.61000061035156,160.02999877929688,151.35765075683594,29383600
2018-01-04,160.5800018310547,160.7899932861328,160.0800018310547,160.30999755859375,151.6223907470703,24776100
2018-01-05,161.07000732421875,162.02999877929688,160.77000427246094,161.9199981689453,153.14517211914062,26992300
2018-01-08,161.9199981689453,162.6300048828125,161.86000061035156,162.5500030517578,153.7410125732422,23159100
2018-01-09,162.8699951171875,163.0399932861328,162.07000732421875,162.55999755859375,153.75045776367188,24782400
2018-01-10,161.83999633789062,162.2100067138672,161.1199951171875,162.17999267578125,153.3910369873047,34004000
2018-01-11,162.4600067138672,163.3000030517578,162.2100067138672,163.2899932861328,154.44088745117188,20473500
2018-01-12,163.14999389648438,164.66000366210938,162.94000244140625,164.49000549316406,155.57586669921875,37762700
2018-01-16,165.5800018310547,166.4199981689453,163.52999877929688,164.02000427246094,155.13133239746094,41231800
2018-01-17,164.8000030517578,166.0399932861328,164.0,165.7899932861328,156.80543518066406,33849900
2018-01-18,165.52999877929688,166.1999969482422,165.13999938964844,165.82000732421875,156.83375549316406,26432200
2018-01-19,166.30999755859375,166.61000061035156,165.5399932861328,166.33999633789062,157.32559204101562,38937600
2018-01-22,166.27999877929688,168.1199951171875,166.08999633789062,168.1199951171875,159.0092010498047,26081400
2018-01-23,168.63999938964844,169.66000366210938,168.55999755859375,169.50999450683594,160.3238067626953,37989700
2018-01-24,169.8699951171875,170.24000549316406,167.44000244140625,168.41000366210938,159.28343200683594,54287400
2018-01-25,169.57000732421875,169.6300048828125,167.80999755859375,168.35000610351562,159.2267303466797,28925000
2018-01-26,169.2899932861328,170.9499969482422,168.9600067138672,170.92999267578125,161.66688537597656,32038200
2018-01-29,170.57000732421875,170.91000366210938,169.74000549316406,170.10000610351562,160.8818817138672,37277800
2018-01-30,168.5500030517578,169.4199981689453,167.82000732421875,168.6999969482422,159.55775451660156,44987700
2018-01-31,169.64999389648438,169.99000549316406,168.33999633789062,169.39999389648438,160.21978759765625,42449200
2018-02-01,168.10000610351562,169.72999572753906,167.4199981689453,167.9600067138672,158.85784912109375,38037900
2018-02-02,167.3000030517578,167.6999969482422,164.47000122070312,164.61000061035156,155.6893768310547,68478100
2018-02-05,163.07000732421875,165.75,158.0,158.1199951171875,149.5511016845703,105372200
2018-02-06,155.80999755859375,162.50999450683594,155.10000610351562,162.30999755859375,153.5139923095703,118537900
2018-02-07,161.7899932861328,163.5500030517578,160.1999969482422,160.2100067138672,151.52784729003906,91028300
2018-02-08,160.6199951171875,160.8000030517578,153.4499969482422,153.4499969482422,145.13418579101562,94184800
2018-02-09,155.6199951171875,157.24000549316406,150.1300048828125,156.10000610351562,147.64056396484375,113836600
2018-02-12,157.6999969482422,159.9499969482422,156.4600067138672,158.8699951171875,150.2604522705078,63050600
2018-02-13,157.9600067138672,160.00999450683594,157.72000122070312,159.69000244140625,151.03598022460938,31785600
2018-02-14,158.75,162.92999267578125,158.0,162.67999267578125,153.86398315429688,52107400
2018-02-15,164.13999938964844,165.6999969482422,162.44000244140625,165.6999969482422,156.72032165527344,51633900
2018-02-16,165.16000366210938,166.75999450683594,164.67999267578125,164.9600067138672,156.0204315185547,62256300
2018-02-20,164.3800048828125,166.67999267578125,164.30999755859375,165.2899932861328,156.33251953125,36785600
2018-02-21,166.10000610351562,167.72000122070312,164.72000122070312,164.82000732421875,155.8880157470703,41161800
2018-02-22,165.5399932861328,166.4199981689453,164.3800048828125,164.8000030517578,155.86912536621094,37074400
2018-02-23,166.1300048828125,168.1699981689453,165.4499969482422,168.1699981689453,159.0564727783203,50096900
2018-02-26,168.9600067138672,170.39999389648438,168.82000732421875,170.39999389648438,161.1656036376953,39266700
2018-02-27,170.4499969482422,170.72999572753906,168.2100067138672,168.2899932861328,159.16993713378906,42209900
2018-02-28,169.25,169.8000030517578,167.10000610351562,167.2100067138672,158.1484832763672,42936300
2018-03-01,167.3000030517578,168.07000732421875,163.0,164.47999572753906,155.56640625,76809900
2018-03-02,162.5,166.27999877929688,161.9600067138672,165.99000549316406,156.99456787109375,57445100
2018-03-05,165.2100067138672,168.25999450683594,164.58999633789062,167.8300018310547,158.7349090576172,38540200
2018-03-06,168.64999389648438,169.11000061035156,167.47999572753906,168.5399932861328,159.40640258789062,29480900
2018-03-07,167.25,169.07000732421875,166.9600067138672,168.92999267578125,159.77528381347656,34609400
2018-03-08,169.6300048828125,169.97999572753906,168.9499969482422,169.86000061035156,160.65489196777344,25828400
2018-03-09,171.07000732421875,173.16000366210938,170.82000732421875,173.16000366210938,163.7760467529297,38310500
2018-03-12,173.6699981689453,174.47999572753906,173.27999877929688,174.0800018310547,164.64613342285156,37635000
2018-03-13,174.47999572753906,175.2100067138672,171.27000427246094,171.7100067138672,162.40457153320312,55638900
2018-03-14,172.61000061035156,172.74000549316406,170.92999267578125,171.67999267578125,162.37625122070312,40536400
2018-03-15,171.8000030517578,172.52999877929688,170.89999389648438,171.52999877929688,162.234375,28810400
2018-03-16,171.82000732421875,172.1999969482422,170.94000244140625,171.02000427246094,161.7520294189453,31176700
2018-03-19,169.10000610351562,169.22000122070312,165.63999938964844,167.10000610351562,158.30081176757812,71395100
2018-03-20,167.1699981689453,168.0399932861328,166.61000061035156,167.64999389648438,158.82186889648438,34075700
2018-03-21,167.2100067138672,168.75999450683594,166.19000244140625,166.9199981689453,158.13026428222656,43863500
2018-03-22,164.61000061035156,165.77000427246094,162.58999633789062,162.8000030517578,154.22726440429688,66607300
2018-03-23,162.61000061035156,163.3000030517578,158.42999267578125,158.50999450683594,150.16317749023438,80110400
2018-03-26,161.72000122070312,164.60000610351562,159.16000366210938,164.39999389648438,155.7429962158203,57481500
2018-03-27,165.6199951171875,165.6199951171875,157.67999267578125,159.0800018310547,150.70318603515625,78889100
2018-03-28,158.1699981689453,159.77999877929688,156.0399932861328,157.25,148.96951293945312,89369700
2018-03-29,158.10000610351562,161.7100067138672,156.6300048828125,160.1300048828125,151.69784545898438,68692600
2018-04-02,158.99000549316406,159.74000549316406,153.8800048828125,155.50999450683594,147.3211212158203,85549400
2018-04-03,156.8699951171875,157.9199981689453,154.44000244140625,157.25999450683594,148.9789581298828,64090000
2018-04-04,154.22000122070312,160.22999572753906,154.0399932861328,159.74000549316406,151.3284149169922,65768700
2018-04-05,161.3300018310547,161.5800018310547,159.47999572753906,160.64999389648438,152.1904754638672,43054900
2018-04-06,158.8800048828125,160.4600067138672,155.8800048828125,156.6300048828125,148.38217163085938,59870900
2018-04-09,157.97999572753906,160.8800048828125,157.4600067138672,157.72999572753906,149.42425537109375,41810400
2018-04-10,160.2100067138672,161.72999572753906,159.07000732421875,161.2100067138672,152.72100830078125,48296800
2018-04-11,160.1999969482422,162.0,160.10000610351562,160.27999877929688,151.83998107910156,41622100
2018-04-12,161.25,162.77000427246094,161.16000366210938,162.2100067138672,153.66836547851562,30467900
2018-04-13,163.02000427246094,163.25999450683594,160.6699981689453,161.3699951171875,152.87257385253906,44604900
2018-04-16,162.5,163.19000244140625,161.47999572753906,162.60000610351562,154.03782653808594,28180800
2018-04-17,164.24000549316406,166.4600067138672,163.91000366210938,166.10000610351562,157.35350036621094,35536100
2018-04-18,166.10000610351562,167.0,165.30999755859375,166.44000244140625,157.67556762695312,29573900
2018-04-19,165.60000610351562,165.99000549316406,164.33999633789062,164.91000366210938,156.22618103027344,34705700
2018-04-20,164.49000549316406,164.61000061035156,161.72999572753906,162.3000030517578,153.75357055664062,49197100
2018-04-23,163.08999633789062,163.72999572753906,161.02000427246094,161.88999938964844,153.3651580810547,33040600
2018-04-24,162.66000366210938,162.91000366210938,157.38999938964844,158.4600067138672,150.1157989501953,70256800
2018-04-25,158.74000549316406,159.30999755859375,156.47000122070312,158.64999389648438,150.29579162597656,52089300
2018-04-26,160.6999969482422,162.52999877929688,160.17999267578125,161.99000549316406,153.45993041992188,43005500
2018-04-27,164.3699951171875,164.41000366210938,161.1699981689453,162.08999633789062,153.5546417236328,51043400
2018-04-30,162.47000122070312,163.47999572753906,160.5399932861328,160.94000244140625,152.4651641845703,35615300
2018-05-01,160.52000427246094,162.8000030517578,160.13999938964844,162.77999877929688,154.2083282470703,36513500
2018-05-02,163.05999755859375,163.57000732421875,161.6300048828125,161.82000732421875,153.29891967773438,38646800
2018-05-03,161.0,162.39999389648438,159.22000122070312,161.8000030517578,153.2799072265625,60337100
2018-05-04,161.10000610351562,165.25,160.97999572753906,164.8699951171875,156.1882781982422,41543200
2018-05-07,165.63999938964844,166.77999877929688,165.50999450683594,166.24000549316406,157.48611450195312,32500200
2018-05-08,165.88999938964844,166.42999267578125,164.86000061035156,166.07000732421875,157.3250732421875,26040200
2018-05-09,166.3699951171875,168.0,165.77999877929688,167.8800048828125,159.03977966308594,29122700
2018-05-10,168.4199981689453,169.74000549316406,168.2899932861328,169.6199951171875,160.68812561035156,27067600
2018-05-11,169.4199981689453,169.86000061035156,168.72000122070312,169.4600067138672,160.53656005859375,24688800
2018-05-14,169.85000610351562,170.82000732421875,169.47000122070312,169.75,160.8113250732422,21821700
2018-05-15,168.41000366210938,168.5,166.97999572753906,167.8699951171875,159.03030395507812,49361600
2018-05-16,168.08999633789062,169.3699951171875,168.00999450683594,168.97999572753906,160.08187866210938,22941200
2018-05-17,168.38999938964844,169.61000061035156,167.50999450683594,168.3300018310547,159.466064453125,27480200
2018-05-18,167.67999267578125,168.25999450683594,167.2100067138672,167.4600067138672,158.6418914794922,26217900
2018-05-21,168.75999450683594,169.5,167.67999267578125,168.39999389648438,159.53237915039062,22954600
2018-05-22,169.1699981689453,169.4499969482422,167.8800048828125,168.17999267578125,159.32395935058594,19477700
2018-05-23,166.89999389648438,169.6199951171875,166.8800048828125,169.60000610351562,160.66920471191406,26557800
2018-05-24,169.5500030517578,169.85000610351562,167.83999633789062,169.5500030517578,160.62184143066406,27696500
2018-05-25,169.52999877929688,170.3300018310547,169.2100067138672,169.72000122070312,160.78289794921875,27460500
2018-05-29,168.9499969482422,169.9199981689453,167.9600067138672,168.97000122070312,160.07241821289062,41220500
2018-05-30,169.5800018310547,170.47999572753906,169.22000122070312,170.17999267578125,161.2186279296875,22665800
2018-05-31,170.17999267578125,171.1999969482422,169.6300048828125,170.07000732421875,161.11444091796875,35670900
2018-06-01,170.9199981689453,172.83999633789062,170.8699951171875,172.74000549316406,163.64385986328125,45543300
2018-06-04,173.17999267578125,174.33999633789062,173.07000732421875,174.3000030517578,165.12171936035156,20459600
2018-06-05,174.7100067138672,175.1300048828125,174.07000732421875,174.83999633789062,165.6332550048828,24779300
2018-06-06,175.02000427246094,175.88999938964844,174.13999938964844,175.86000061035156,166.59957885742188,25036600
2018-06-07,175.88999938964844,175.92999267578125,173.5500030517578,174.42999267578125,165.2448272705078,39600300
2018-06-08,173.61000061035156,174.8800048828125,173.17999267578125,174.44000244140625,165.2543487548828,31780300
2018-06-11,174.30999755859375,175.33999633789062,174.27999877929688,174.91000366210938,165.6996307373047,22319700
2018-06-12,175.14999389648438,176.0,174.9600067138672,175.8300018310547,166.57115173339844,22511800
2018-06-13,176.10000610351562,177.13999938964844,175.42999267578125,175.82000732421875,166.56166076660156,37858600
2018-06-14,176.6300048828125,177.88999938964844,176.5,177.60000610351562,168.2479705810547,35916000
2018-06-15,176.92999267578125,177.3300018310547,176.11000061035156,176.97999572753906,167.6605987548828,49615700
2018-06-18,175.49000549316406,176.64999389648438,174.94000244140625,176.5,167.563720703125,31633200
2018-06-19,174.27000427246094,176.0399932861328,173.7100067138672,176.0,167.08905029296875,38236000
2018-06-20,176.80999755859375,177.97999572753906,176.64999389648438,177.25,168.27577209472656,33038000
2018-06-21,177.6999969482422,177.8800048828125,175.3699951171875,175.7100067138672,166.81370544433594,43469400
2018-06-22,176.3000030517578,176.3699951171875,174.69000244140625,175.32000732421875,166.4434356689453,30073200
2018-06-25,173.72999572753906,173.99000549316406,169.80999755859375,171.3699951171875,162.69346618652344,77799700
2018-06-26,172.0,173.05999755859375,171.3699951171875,172.07000732421875,163.35801696777344,39008100
2018-06-27,172.8000030517578,173.5800018310547,169.61000061035156,169.72999572753906,161.136474609375,52843500
2018-06-28,169.52000427246094,171.77000427246094,169.1699981689453,171.19000244140625,162.52256774902344,46407700
2018-06-29,172.00999450683594,172.9199981689453,171.39999389648438,171.64999389648438,162.95928955078125,36408500
2018-07-02,170.0399932861328,172.85000610351562,169.6699981689453,172.8000030517578,164.0511016845703,31770000
2018-07-03,173.4499969482422,173.4499969482422,170.6300048828125,170.8000030517578,162.15237426757812,25512700
2018-07-05,171.91000366210938,173.05999755859375,171.02999877929688,172.9199981689453,164.1649932861328,31626200
2018-07-06,173.32000732421875,175.74000549316406,173.0,175.61000061035156,166.7187957763672,37005600
2018-07-09,176.52000427246094,177.22999572753906,175.82000732421875,177.19000244140625,168.21884155273438,27362100
2018-07-10,177.52000427246094,177.72000122070312,176.7100067138672,177.32000732421875,168.3422393798828,23902500
2018-07-11,175.92999267578125,177.07000732421875,175.8000030517578,176.4199981689453,167.48777770996094,30280600
2018-07-12,177.1999969482422,179.4600067138672,177.0800018310547,179.4600067138672,170.37387084960938,27930100
2018-07-13,179.4499969482422,179.89999389648438,178.9499969482422,179.61000061035156,170.5162811279297,28049800
2018-07-16,179.64999389648438,179.9499969482422,178.8800048828125,179.17999267578125,170.10801696777344,21405300
2018-07-17,177.27999877929688,180.64999389648438,177.27999877929688,180.27000427246094,171.1428680419922,31034100
2018-07-18,180.2899932861328,180.44000244140625,179.3800048828125,179.92999267578125,170.82009887695312,23220800
2018-07-19,179.27999877929688,179.8800048828125,178.82000732421875,179.02999877929688,169.9656524658203,31094100
2018-07-20,179.57000732421875,180.1699981689453,178.7899932861328,178.99000549316406,169.92771911621094,35897300
2018-07-23,178.4600067138672,179.63999938964844,177.74000549316406,179.55999755859375,170.46881103515625,22184700
2018-07-24,181.41000366210938,182.0500030517578,179.55999755859375,180.3000030517578,171.1713409423828,36900300
2018-07-25,180.3800048828125,182.92999267578125,180.2899932861328,182.82000732421875,173.56375122070312,35026600
2018-07-26,180.33999633789062,180.9199981689453,179.80999755859375,180.0500030517578,170.93402099609375,40873500
2018-07-27,181.19000244140625,181.30999755859375,176.60000610351562,177.6199951171875,168.6269989013672,59456100
2018-07-30,177.6300048828125,177.72999572753906,174.27000427246094,175.11000061035156,166.24417114257812,60193000
2018-07-31,175.8000030517578,177.1300048828125,174.82000732421875,176.4499969482422,167.51629638671875,47285100
2018-08-01,176.86000061035156,177.64999389648438,176.10000610351562,177.1199951171875,168.15234375,37101900
2018-08-02,175.8699951171875,179.74000549316406,175.7899932861328,179.52999877929688,170.44033813476562,47178200
2018-08-03,179.8699951171875,180.08999633789062,179.0800018310547,180.0800018310547,170.96250915527344,28934400
2018-08-06,179.9600067138672,181.19000244140625,179.74000549316406,181.13999938964844,171.96878051757812,24808800
2018-08-07,181.64999389648438,182.13999938964844,181.25999450683594,181.8000030517578,172.5953826904297,29895700
2018-08-08,181.5500030517578,182.35000610351562,181.05999755859375,182.02000427246094,172.8042755126953,22680700
2018-08-09,181.91000366210938,182.6300048828125,181.63999938964844,181.91000366210938,172.69985961914062,18852900
2018-08-10,180.67999267578125,181.22000122070312,179.83999633789062,180.52000427246094,171.3802032470703,33818500
2018-08-13,180.85000610351562,182.00999450683594,180.24000549316406,180.32000732421875,171.19032287597656,26089200
2018-08-14,181.00999450683594,181.66000366210938,180.0399932861328,181.4499969482422,172.26309204101562,20913000
2018-08-15,180.00999450683594,180.5800018310547,178.1199951171875,179.22999572753906,170.155517578125,58528000
2018-08-16,180.61000061035156,180.99000549316406,179.47000122070312,179.82000732421875,170.71563720703125,27711800
2018-08-17,179.35000610351562,180.30999755859375,178.27000427246094,179.86000061035156,170.75364685058594,36092600
2018-08-20,180.25999450683594,180.3300018310547,179.0,179.6999969482422,170.60174560546875,24939000
2018-08-21,180.24000549316406,181.44000244140625,180.1300048828125,180.36000061035156,171.2283172607422,26258700
2018-08-22,179.97999572753906,181.27000427246094,179.75,181.05999755859375,171.8928680419922,18042400
2018-08-23,180.74000549316406,182.0500030517578,180.5,180.8000030517578,171.64602661132812,25776200
2018-08-24,181.39999389648438,182.6300048828125,181.36000061035156,182.47999572753906,173.2409210205078,23136100
2018-08-27,183.39999389648438,184.33999633789062,183.11000061035156,184.33999633789062,175.0067901611328,29343600
2018-08-28,184.8300018310547,185.02000427246094,184.22000122070312,184.61000061035156,175.2631072998047,20277000
2018-08-29,184.92999267578125,186.83999633789062,184.86000061035156,186.74000549316406,177.28529357910156,29175600
2018-08-30,186.3800048828125,187.52000427246094,185.7899932861328,186.41000366210938,176.9719696044922,29315500
2018-08-31,186.17999267578125,187.17999267578125,185.97999572753906,186.64999389648438,177.1998291015625,28653200
2018-09-04,186.0800018310547,186.39999389648438,184.85000610351562,185.85000610351562,176.44036865234375,29063500
2018-09-05,185.52000427246094,185.5500030517578,182.82000732421875,183.4499969482422,174.161865234375,42623300
2018-09-06,183.52999877929688,183.75,180.5800018310547,181.80999755859375,172.60487365722656,46091400
2018-09-07,180.5,182.6699981689453,180.44000244140625,181.11000061035156,171.94033813476562,46629500
2018-09-10,182.14999389648438,182.25,180.72999572753906,181.72000122070312,172.51943969726562,26132000
2018-09-11,180.99000549316406,183.4199981689453,180.52000427246094,183.1199951171875,173.8485565185547,30116500
2018-09-12,182.85000610351562,182.97999572753906,181.00999450683594,182.5800018310547,173.33595275878906,36204000
2018-09-13,183.72000122070312,184.8800048828125,183.63999938964844,184.52999877929688,175.18719482421875,31133200
2018-09-14,184.66000366210938,184.9499969482422,183.25999450683594,183.99000549316406,174.67453002929688,31224100
2018-09-17,183.67999267578125,183.80999755859375,181.1699981689453,181.33999633789062,172.15867614746094,33071200
2018-09-18,181.49000549316406,183.72999572753906,181.39999389648438,182.83999633789062,173.58279418945312,31877300
2018-09-19,182.8699951171875,183.3000030517578,181.50999450683594,182.6999969482422,173.44984436035156,31843400
2018-09-20,183.9600067138672,184.97000122070312,183.52000427246094,184.72000122070312,175.36756896972656,33295800
2018-09-21,185.22000122070312,185.47999572753906,183.47999572753906,183.7100067138672,174.40872192382812,38605400
2018-09-24,182.0500030517578,183.9600067138672,181.3000030517578,183.88999938964844,174.8937225341797,34945600
2018-09-25,183.80999755859375,184.27999877929688,183.17999267578125,184.13999938964844,175.13150024414062,25277500
2018-09-26,184.3000030517578,185.99000549316406,183.91000366210938,184.27000427246094,175.2551727294922,36210600
2018-09-27,185.02000427246094,186.49000549316406,184.9199981689453,185.8300018310547,176.73886108398438,33113300
2018-09-28,185.30999755859375,186.27999877929688,184.97000122070312,185.7899932861328,176.70082092285156,28076800
2018-10-01,186.8699951171875,187.52999877929688,185.6999969482422,186.1699981689453,177.06216430664062,27371300
2018-10-02,186.00999450683594,187.17999267578125,185.32000732421875,185.75,176.66278076171875,25618600
2018-10-03,186.52999877929688,186.97000122070312,185.66000366210938,185.9499969482422,176.85299682617188,29128700
2018-10-04,185.1999969482422,185.32000732421875,181.05999755859375,182.3800048828125,173.4576416015625,80557300
2018-10-05,182.36000061035156,182.97000122070312,178.42999267578125,180.14999389648438,171.3367156982422,83325600
2018-10-08,179.52000427246094,180.63999938964844,176.92999267578125,179.0500030517578,170.29052734375,66864500
2018-10-09,179.17999267578125,181.02000427246094,178.75,179.6300048828125,170.84213256835938,49097900
2018-10-10,178.50999450683594,178.6199951171875,171.5,171.72999572753906,163.32861328125,114471100
2018-10-11,171.02000427246094,173.39999389648438,167.80999755859375,169.60000610351562,161.30282592773438,143084500
2018-10-12,174.1699981689453,174.86000061035156,170.92999267578125,174.32000732421875,165.7919158935547,102078400
2018-10-15,173.7100067138672,174.0399932861328,171.55999755859375,172.2100067138672,163.7852020263672,64885300
2018-10-16,174.02000427246094,177.64999389648438,173.6999969482422,177.22000122070312,168.55001831054688,71979700
2018-10-17,178.0800018310547,178.25999450683594,175.47000122070312,177.2899932861328,168.6166229248047,66987600
2018-10-18,176.6199951171875,176.67999267578125,172.44000244140625,173.17999267578125,164.70773315429688,82486200
2018-10-19,174.5800018310547,176.07000732421875,172.38999938964844,173.02000427246094,164.5555419921875,82923700
2018-10-22,174.05999755859375,175.25,172.58999633789062,173.91000366210938,165.40194702148438,52909300
2018-10-23,170.63999938964844,174.1300048828125,168.82000732421875,173.27000427246094,164.79331970214844,77567000
2018-10-24,173.07000732421875,173.36000061035156,165.0399932861328,165.33999633789062,157.25123596191406,102997400
2018-10-25,167.91000366210938,172.0800018310547,167.16000366210938,171.05999755859375,162.69143676757812,83481100
2018-10-26,165.1999969482422,169.9600067138672,164.22999572753906,166.66000366210938,158.5066680908203,130970900
2018-10-29,169.2100067138672,169.86000061035156,160.08999633789062,163.22999572753906,155.24449157714844,111871900
2018-10-30,162.75,166.0399932861328,162.00999450683594,165.9199981689453,157.80284118652344,92584000
2018-10-31,168.6199951171875,171.25,168.5399932861328,169.82000732421875,161.51206970214844,73828600
2018-11-01,170.07000732421875,172.24000549316406,168.77999877929688,172.05999755859375,163.64251708984375,52706800
2018-11-02,171.52999877929688,172.5500030517578,168.22000122070312,169.3800048828125,161.09359741210938,75966800
2018-11-05,169.60000610351562,169.66000366210938,167.0800018310547,168.9600067138672,160.6941680908203,39573500
2018-11-06,168.97000122070312,171.19000244140625,168.72000122070312,170.24000549316406,161.9115753173828,34410400
2018-11-07,172.27999877929688,175.5800018310547,171.8699951171875,175.5800018310547,166.9902801513672,51169600
2018-11-08,174.75999450683594,175.3000030517578,173.6300048828125,174.4600067138672,165.9250946044922,40296500
2018-11-09,172.8300018310547,173.25,170.16000366210938,171.52000427246094,163.12889099121094,50602700
2018-11-12,170.32000732421875,170.63999938964844,166.17999267578125,166.3300018310547,158.19284057617188,62578400
2018-11-13,167.11000061035156,169.47999572753906,166.0,166.47000122070312,158.32598876953125,64128100
2018-11-14,168.1199951171875,168.6999969482422,164.25,165.1999969482422,157.11810302734375,75270700
2018-11-15,164.89999389648438,168.5399932861328,163.4600067138672,168.08999633789062,159.86666870117188,73254300
2018-11-16,166.4499969482422,168.30999755859375,165.77999877929688,167.5,159.30555725097656,65390700
2018-11-19,166.6999969482422,166.89999389648438,161.5399932861328,162.05999755859375,154.13168334960938,67280500
2018-11-20,158.3699951171875,161.3800048828125,157.1300048828125,159.16000366210938,151.37355041503906,102652800
2018-11-21,161.35000610351562,161.97000122070312,159.22999572753906,160.3699951171875,152.5243377685547,42965800
2018-11-23,159.08999633789062,160.83999633789062,159.08999633789062,159.2100067138672,151.42115783691406,23503700
2018-11-26,161.44000244140625,162.97000122070312,160.75999450683594,162.88999938964844,154.92108154296875,42012600
2018-11-27,162.0,163.85000610351562,161.17999267578125,163.44000244140625,155.4442138671875,36608100
2018-11-28,164.6199951171875,168.6999969482422,163.47000122070312,168.6999969482422,160.44686889648438,70141000
2018-11-29,167.99000549316406,169.25999450683594,166.82000732421875,168.14999389648438,159.92376708984375,44885700
2018-11-30,168.3800048828125,169.47000122070312,167.5399932861328,169.3699951171875,161.0841064453125,36722800
2018-12-03,173.11000061035156,173.30999755859375,169.50999450683594,172.3300018310547,163.89927673339844,50771700
2018-12-04,171.42999267578125,171.91000366210938,165.52000427246094,165.72000122070312,157.61265563964844,70594700
2018-12-06,162.3800048828125,166.91000366210938,161.77000427246094,166.88999938964844,158.72540283203125,71715500
2018-12-07,166.16000366210938,167.1199951171875,160.86000061035156,161.3800048828125,153.48495483398438,80432200
2018-12-10,161.0800018310547,163.77999877929688,159.41000366210938,163.07000732421875,155.09234619140625,73960800
2018-12-11,165.72999572753906,165.77000427246094,162.22999572753906,163.61000061035156,155.60585021972656,59058300
2018-12-12,166.0,167.60000610351562,164.9600067138672,165.0500030517578,156.9754638671875,53780000
2018-12-13,166.1300048828125,166.82000732421875,164.02999877929688,165.10000610351562,157.0229949951172,46378500
2018-12-14,163.2100067138672,163.80999755859375,160.6999969482422,161.0800018310547,153.1996612548828,56547400
2018-12-17,160.38999938964844,161.6699981689453,156.1699981689453,157.42999267578125,149.72824096679688,74834100
2018-12-18,158.64999389648438,159.9499969482422,157.0399932861328,158.4199981689453,150.66973876953125,63642100
2018-12-19,158.17999267578125,160.72000122070312,153.33999633789062,154.52999877929688,146.97007751464844,81856500
2018-12-20,154.14999389648438,155.8699951171875,150.38999938964844,152.2899932861328,144.83969116210938,99002100
2018-12-21,153.0500030517578,154.08999633789062,146.72000122070312,147.57000732421875,140.35061645507812,141129400
2018-12-24,146.0800018310547,147.97999572753906,143.4600067138672,143.5,136.87017822265625,56163300
2018-12-26,145.0800018310547,152.5399932861328,144.08999633789062,152.4600067138672,145.4162139892578,98982100
2018-12-27,150.3699951171875,153.17999267578125,147.0800018310547,153.0500030517578,145.9789276123047,85824300
2018-12-28,154.14999389648438,155.58999633789062,151.72000122070312,152.97000122070312,145.90264892578125,77856600
2018-12-31,154.47000122070312,154.97999572753906,152.7100067138672,154.25999450683594,147.13302612304688,53015300
2019-01-02,150.99000549316406,155.75,150.8800048828125,154.8800048828125,147.7244110107422,58576700
2019-01-03,152.60000610351562,153.25999450683594,149.49000549316406,149.82000732421875,142.89820861816406,74820200
2019-01-04,152.33999633789062,157.0,151.74000549316406,156.22999572753906,149.01206970214844,74709300
2019-01-07,156.6199951171875,158.86000061035156,156.11000061035156,158.08999633789062,150.78611755371094,52059300
2019-01-08,159.5399932861328,160.11000061035156,157.1999969482422,159.52000427246094,152.15000915527344,49388700
2019-01-09,160.13999938964844,161.52000427246094,159.47000122070312,160.82000732421875,153.38999938964844,46491700
2019-01-10,159.60000610351562,161.3699951171875,158.6999969482422,161.27999877929688,153.82867431640625,38943400
2019-01-11,160.3300018310547,160.86000061035156,159.7899932861328,160.69000244140625,153.2659149169922,30176600
2019-01-14,159.3300018310547,159.9600067138672,158.58999633789062,159.27000427246094,151.91156005859375,30710200
2019-01-15,160.0,162.60000610351562,159.91000366210938,162.3800048828125,154.87789916992188,40874200
2019-01-16,162.64999389648438,163.77999877929688,162.2899932861328,162.35000610351562,154.84925842285156,33812200
2019-01-17,161.8300018310547,164.36000061035156,161.57000732421875,163.6300048828125,156.07015991210938,39329000
2019-01-18,164.77999877929688,166.02000427246094,163.82000732421875,165.25,157.6152801513672,57183200
2019-01-22,164.05999755859375,164.13999938964844,160.75999450683594,161.94000244140625,154.4582977294922,56711700
2019-01-23,162.77000427246094,163.50999450683594,160.32000732421875,162.14999389648438,154.6585235595703,38106100
2019-01-24,162.67999267578125,163.44000244140625,162.05999755859375,163.1999969482422,155.66001892089844,32417800
2019-01-25,164.50999450683594,165.64999389648438,163.9499969482422,165.14999389648438,157.51986694335938,36515900
2019-01-28,163.02000427246094,163.1199951171875,161.75,163.11000061035156,155.5740966796875,33491200
2019-01-29,163.1999969482422,163.24000549316406,160.99000549316406,161.57000732421875,154.10533142089844,30784200
2019-01-30,163.39999389648438,166.27999877929688,162.88999938964844,165.67999267578125,158.02537536621094,41346500
2019-01-31,166.6999969482422,168.99000549316406,166.47000122070312,168.16000366210938,160.39085388183594,37258400
2019-02-01,167.3300018310547,168.60000610351562,166.99000549316406,167.4499969482422,159.71371459960938,32143700
2019-02-04,167.47999572753906,169.52999877929688,167.3300018310547,169.52999877929688,161.6975555419922,26718800
2019-02-05,169.75999450683594,171.22999572753906,169.69000244140625,171.02999877929688,163.1282501220703,28156400
2019-02-06,171.07000732421875,171.3699951171875,169.75,170.52000427246094,162.64186096191406,27970000
2019-02-07,169.02999877929688,169.4499969482422,166.9499969482422,168.22999572753906,160.4575958251953,42036200
2019-02-08,166.75999450683594,168.58999633789062,166.57000732421875,168.55999755859375,160.77239990234375,29020700
2019-02-11,169.1699981689453,169.5800018310547,167.97999572753906,168.39999389648438,160.61968994140625,21434100
2019-02-12,169.6300048828125,171.13999938964844,169.3300018310547,170.88999938964844,162.99468994140625,29722100
2019-02-13,171.64999389648438,172.16000366210938,170.82000732421875,171.00999450683594,163.10922241210938,26094100
2019-02-14,170.39999389648438,171.8300018310547,169.8300018310547,171.22000122070312,163.30950927734375,30326800
2019-02-15,172.52000427246094,172.55999755859375,171.13999938964844,171.94000244140625,163.99623107910156,32521700
2019-02-19,171.41000366210938,172.8000030517578,171.3800048828125,172.27999877929688,164.3204803466797,19487700
2019-02-20,172.39999389648438,173.0800018310547,171.32000732421875,172.25,164.29197692871094,32593000
2019-02-21,171.7899932861328,172.25999450683594,170.7100067138672,171.6199951171875,163.6909942626953,25207400
2019-02-22,171.99000549316406,173.00999450683594,171.89999389648438,172.88999938964844,164.90237426757812,27735400
2019-02-25,174.2100067138672,174.66000366210938,173.39999389648438,173.52000427246094,165.5032501220703,32608800
2019-02-26,173.10000610351562,174.25,172.80999755859375,173.6999969482422,165.6748809814453,21939700
2019-02-27,172.89999389648438,173.8000030517578,171.75999450683594,173.58999633789062,165.57000732421875,25162000
2019-02-28,173.0500030517578,173.80999755859375,172.6999969482422,173.19000244140625,165.18849182128906,25085500
2019-03-01,174.44000244140625,174.64999389648438,173.17999267578125,174.38999938964844,166.33303833007812,31431200
2019-03-04,175.5399932861328,175.7899932861328,172.47000122070312,174.4199981689453,166.3616180419922,38063500
2019-03-05,174.5500030517578,175.08999633789062,173.69000244140625,174.5500030517578,166.48562622070312,22319900
2019-03-06,174.72000122070312,174.75,173.27999877929688,173.55999755859375,165.54136657714844,27194600
2019-03-07,173.1199951171875,173.17999267578125,170.7899932861328,171.42999267578125,163.50979614257812,39407400
2019-03-08,169.50999450683594,171.25999450683594,169.33999633789062,171.1699981689453,163.26177978515625,39303200
2019-03-11,171.8800048828125,174.85000610351562,171.85000610351562,174.72999572753906,166.65731811523438,30518400
2019-03-12,175.19000244140625,176.13999938964844,174.77000427246094,175.69000244140625,167.57301330566406,33953500
2019-03-13,176.60000610351562,177.92999267578125,176.35000610351562,177.00999450683594,168.8319549560547,42426100
2019-03-14,177.1300048828125,177.33999633789062,176.66000366210938,176.7100067138672,168.5458221435547,23751500
2019-03-15,177.39999389648438,178.8800048828125,177.27999877929688,178.35000610351562,170.1100616455078,38192000
2019-03-18,177.9499969482422,178.99000549316406,177.58999633789062,178.4499969482422,170.5152130126953,32935100
2019-03-19,179.17999267578125,180.0,178.2899932861328,179.0500030517578,171.08853149414062,36893300
2019-03-20,179.05999755859375,180.86000061035156,178.24000549316406,179.75999450683594,171.76695251464844,50105000
2019-03-21,179.22000122070312,182.8300018310547,179.1999969482422,182.57000732421875,174.45204162597656,42428500
2019-03-22,181.77999877929688,182.27000427246094,178.3699951171875,178.55999755859375,170.62037658691406,70794500
2019-03-25,177.91000366210938,178.83999633789062,176.92999267578125,178.22000122070312,170.29544067382812,46336500
2019-03-26,179.60000610351562,180.69000244140625,178.13999938964844,179.0500030517578,171.08853149414062,33248100
2019-03-27,179.32000732421875,179.72000122070312,176.60000610351562,177.89999389648438,169.98971557617188,37096700
2019-03-28,178.36000061035156,178.97999572753906,177.24000549316406,178.30999755859375,170.38143920898438,30368200
2019-03-29,179.69000244140625,179.8300018310547,178.58999633789062,179.66000366210938,171.67141723632812,35205500
2019-04-01,181.50999450683594,182.25999450683594,180.77000427246094,182.0399932861328,173.94558715820312,30969500
2019-04-02,182.24000549316406,182.91000366210938,181.77999877929688,182.72999572753906,174.6049041748047,22645200
2019-04-03,183.75999450683594,184.9199981689453,183.2100067138672,183.77999877929688,175.60824584960938,31633500
2019-04-04,183.8300018310547,184.5,182.64999389648438,183.7100067138672,175.5413360595703,28530800
2019-04-05,184.24000549316406,184.77000427246094,184.02000427246094,184.66000366210938,176.44912719726562,25674700
2019-04-08,184.36000061035156,185.27999877929688,183.6300048828125,185.1300048828125,176.89820861816406,22697500
2019-04-09,184.5,185.11000061035156,184.08999633789062,184.47999572753906,176.27708435058594,25631900
2019-04-10,184.72000122070312,185.52999877929688,184.52000427246094,185.47000122070312,177.22311401367188,24563000
2019-04-11,185.77999877929688,185.77999877929688,184.69000244140625,185.02999877929688,176.8026123046875,20654100
2019-04-12,185.85000610351562,185.9499969482422,185.05999755859375,185.8300018310547,177.56707763671875,24989100
2019-04-15,185.83999633789062,186.07000732421875,184.6199951171875,185.86000061035156,177.595703125,21073000
2019-04-16,186.5399932861328,186.91000366210938,185.92999267578125,186.5,178.20730590820312,27195700
2019-04-17,187.75,187.92999267578125,186.60000610351562,187.14999389648438,178.82838439941406,29651600
2019-04-18,187.4600067138672,187.7899932861328,186.2899932861328,187.38999938964844,179.0576629638672,28580900
2019-04-22,186.57000732421875,187.99000549316406,186.42999267578125,187.9199981689453,179.5641326904297,17936000
2019-04-23,188.39999389648438,190.5399932861328,188.1300048828125,190.30999755859375,181.8478546142578,33665600
2019-04-24,190.47000122070312,190.7100067138672,189.64999389648438,189.7100067138672,181.2745361328125,24977100
2019-04-25,191.1300048828125,191.22000122070312,189.4499969482422,190.47999572753906,182.01031494140625,29517500
2019-04-26,190.17999267578125,190.69000244140625,188.58999633789062,190.64999389648438,182.17274475097656,26359500
2019-04-29,190.64999389648438,191.32000732421875,190.33999633789062,191.02000427246094,182.5262908935547,21716200
2019-04-30,189.47999572753906,189.85000610351562,188.2100067138672,189.5399932861328,181.11207580566406,31495300
2019-05-01,190.77999877929688,191.32000732421875,188.8000030517578,188.92999267578125,180.5292510986328,34797100
2019-05-02,188.8699951171875,189.85000610351562,186.8699951171875,188.11000061035156,179.74566650390625,44110100
2019-05-03,189.6699981689453,191.25,189.3300018310547,191.11000061035156,182.6122283935547,30386200
2019-05-06,187.0500030517578,190.1999969482422,186.75999450683594,189.94000244140625,181.49429321289062,38371800
2019-05-07,187.8699951171875,188.6699981689453,184.50999450683594,186.24000549316406,177.9588165283203,58818100
2019-05-08,185.6300048828125,187.1699981689453,184.9600067138672,185.77000427246094,177.509765625,37165300
2019-05-09,183.6999969482422,185.41000366210938,182.08999633789062,184.77000427246094,176.55416870117188,55351700
2019-05-10,184.11000061035156,185.88999938964844,181.02999877929688,185.0,176.7740020751953,58526400
2019-05-13,180.2899932861328,181.25999450683594,178.05999755859375,178.5800018310547,170.6394500732422,67185800
2019-05-14,179.52000427246094,181.6300048828125,178.86000061035156,180.5399932861328,172.51226806640625,43360600
2019-05-15,179.35000610351562,183.5500030517578,179.30999755859375,183.08999633789062,174.9488525390625,40944500
2019-05-16,183.1699981689453,186.07000732421875,182.9499969482422,184.92999267578125,176.70712280273438,39281200
2019-05-17,183.10000610351562,185.5800018310547,182.8800048828125,183.0399932861328,174.90113830566406,44702300
2019-05-20,180.49000549316406,181.17999267578125,179.33999633789062,179.9499969482422,171.94851684570312,38608300
2019-05-21,181.5,182.3300018310547,180.9199981689453,181.8300018310547,173.74493408203125,31613800
2019-05-22,180.82000732421875,182.07000732421875,180.75,181.02000427246094,172.97100830078125,24332600
2019-05-23,178.94000244140625,179.02000427246094,177.13999938964844,178.25,170.3241424560547,45351300
2019-05-24,179.2100067138672,179.85000610351562,177.94000244140625,178.16000366210938,170.23809814453125,25903300
2019-05-28,178.66000366210938,179.66000366210938,177.47000122070312,177.49000549316406,169.597900390625,24763800
2019-05-29,176.38999938964844,177.0,175.08999633789062,176.02999877929688,168.20285034179688,42178800
2019-05-30,176.5,177.27000427246094,175.77000427246094,176.77000427246094,168.90992736816406,30354800
2019-05-31,174.69000244140625,175.2899932861328,173.8699951171875,173.9499969482422,166.21530151367188,45446200
2019-06-03,173.47999572753906,173.9499969482422,169.27000427246094,170.1199951171875,162.55560302734375,75842300
2019-06-04,172.02999877929688,174.97000122070312,171.3699951171875,174.91000366210938,167.1326446533203,47797800
2019-06-05,176.5800018310547,176.61000061035156,174.3800048828125,176.2100067138672,168.37481689453125,34412700
2019-06-06,176.50999450683594,178.0399932861328,175.72999572753906,177.61000061035156,169.71258544921875,29913200
2019-06-07,178.55999755859375,181.77000427246094,178.3300018310547,181.0399932861328,172.9900360107422,45888300
2019-06-10,182.25,184.85000610351562,182.2100067138672,183.14999389648438,175.00624084472656,41385300
2019-06-11,185.05999755859375,185.39999389648438,182.77999877929688,183.39999389648438,175.24508666992188,41260300
2019-06-12,182.89999389648438,183.27999877929688,182.0,182.33999633789062,174.23228454589844,27758100
2019-06-13,183.10000610351562,183.8699951171875,182.74000549316406,183.4199981689453,175.2642059326172,23715800
2019-06-14,182.47999572753906,183.11000061035156,181.94000244140625,182.63999938964844,174.51889038085938,22844100
2019-06-17,183.0399932861328,184.25,182.83999633789062,183.74000549316406,175.57000732421875,20379500
2019-06-18,185.91000366210938,187.72000122070312,185.42999267578125,186.41000366210938,178.12127685546875,48177300
2019-06-19,186.66000366210938,187.52999877929688,185.57000732421875,187.11000061035156,178.79014587402344,31672900
2019-06-20,189.72000122070312,189.75999450683594,187.16000366210938,188.85000610351562,180.45277404785156,40922000
2019-06-21,188.6300048828125,189.77000427246094,188.1699981689453,188.57000732421875,180.1852569580078,39980400
2019-06-24,188.52999877929688,188.72000122070312,188.05999755859375,188.16000366210938,180.19094848632812,19375200
2019-06-25,188.02999877929688,188.13999938964844,184.64999389648438,184.92999267578125,177.09780883789062,33921100
2019-06-26,186.16000366210938,187.3300018310547,185.49000549316406,185.7899932861328,177.9213104248047,22595700
2019-06-27,186.4600067138672,186.94000244140625,185.99000549316406,186.5,178.60130310058594,19709200
2019-06-28,186.9499969482422,187.14999389648438,186.07000732421875,186.74000549316406,178.83108520507812,21179200
2019-07-01,190.32000732421875,190.57000732421875,188.3800048828125,189.25999450683594,181.24440002441406,31025600
2019-07-02,189.1999969482422,190.02999877929688,188.66000366210938,190.00999450683594,181.96263122558594,18035800
2019-07-03,190.49000549316406,191.44000244140625,190.2899932861328,191.44000244140625,183.33206176757812,15792100
2019-07-05,190.1300048828125,191.39999389648438,189.38999938964844,191.0500030517578,182.95855712890625,21415600
2019-07-08,189.80999755859375,189.8699951171875,188.92999267578125,189.7100067138672,181.6753387451172,17598800
2019-07-09,188.80999755859375,190.89999389648438,188.64999389648438,190.66000366210938,182.58511352539062,19193500
2019-07-10,191.82000732421875,193.08999633789062,191.47000122070312,192.55999755859375,184.4046630859375,28374500
2019-07-11,192.85000610351562,193.33999633789062,191.80999755859375,192.4199981689453,184.2705535888672,23736100
2019-07-12,192.6300048828125,193.5399932861328,192.4499969482422,193.52999877929688,185.33355712890625,20211900
2019-07-15,193.97999572753906,194.19000244140625,193.44000244140625,194.14999389648438,185.92727661132812,15606100
2019-07-16,193.91000366210938,194.08999633789062,192.55999755859375,193.14999389648438,184.9696502685547,20190900
2019-07-17,193.14999389648438,193.49000549316406,192.17999267578125,192.1999969482422,184.05984497070312,16765100
2019-07-18,191.2899932861328,192.7899932861328,190.69000244140625,192.4199981689453,184.2705535888672,28877000
2019-07-19,193.74000549316406,193.8300018310547,190.80999755859375,191.00999450683594,182.92027282714844,29387900
2019-07-22,191.44000244140625,192.94000244140625,191.44000244140625,192.52999877929688,184.37588500976562,18954900
2019-07-23,193.5800018310547,193.80999755859375,192.2899932861328,193.7899932861328,185.58250427246094,23786700
2019-07-24,193.0500030517578,195.16000366210938,193.02999877929688,195.14999389648438,186.88491821289062,20422900
2019-07-25,194.49000549316406,194.52000427246094,192.92999267578125,193.3000030517578,185.11328125,23434700
2019-07-26,194.52999877929688,195.5500030517578,194.42999267578125,195.2899932861328,187.01898193359375,20431200
2019-07-29,195.11000061035156,195.17999267578125,193.38999938964844,194.6199951171875,186.37738037109375,20451700
2019-07-30,193.1300048828125,194.5399932861328,192.99000549316406,193.77999877929688,185.57298278808594,18705000
2019-07-31,194.3000030517578,194.42999267578125,189.32000732421875,191.10000610351562,183.0064697265625,41627500
2019-08-01,191.42999267578125,194.97999572753906,189.22999572753906,190.14999389648438,182.09669494628906,63251600
2019-08-02,188.72000122070312,188.99000549316406,186.2100067138672,187.35000610351562,179.415283203125,55214000
2019-08-05,183.42999267578125,183.50999450683594,179.1999969482422,180.72999572753906,173.07565307617188,75040000
2019-08-06,182.39999389648438,183.8000030517578,181.07000732421875,183.25999450683594,175.49850463867188,41897200
2019-08-07,181.27000427246094,184.50999450683594,179.88999938964844,184.25,176.44654846191406,49990600
2019-08-08,185.0800018310547,188.32000732421875,184.57000732421875,188.25999450683594,180.28671264648438,38418100
2019-08-09,187.36000061035156,188.0,185.02999877929688,186.49000549316406,178.59169006347656,33608900
2019-08-12,185.33999633789062,185.89999389648438,183.5,184.35000610351562,176.54232788085938,24642900
2019-08-13,184.19000244140625,189.67999267578125,184.02000427246094,188.38999938964844,180.4112548828125,40241900
2019-08-14,185.36000061035156,185.9499969482422,182.4199981689453,182.75999450683594,175.01968383789062,51000500
2019-08-15,183.0,183.58999633789062,181.16000366210938,182.5500030517578,174.81858825683594,36685000
2019-08-16,184.2100067138672,185.9499969482422,184.10000610351562,185.47999572753906,177.62448120117188,32781400
2019-08-19,188.16000366210938,188.8300018310547,187.5,188.42999267578125,180.44952392578125,22494100
2019-08-20,187.9600067138672,188.63999938964844,186.9199981689453,186.97000122070312,179.0513916015625,19902900
2019-08-21,188.61000061035156,189.22999572753906,187.9600067138672,188.6300048828125,180.64108276367188,20418500
2019-08-22,188.97999572753906,189.4600067138672,186.5399932861328,188.02000427246094,180.05685424804688,24243700
2019-08-23,186.74000549316406,188.4499969482422,181.55999755859375,182.07000732421875,174.35891723632812,55372400
2019-08-26,184.13999938964844,184.8699951171875,183.0800018310547,184.82000732421875,176.992431640625,27598900
2019-08-27,186.11000061035156,186.4199981689453,183.7100067138672,184.42999267578125,176.61895751953125,28012800
2019-08-28,183.8300018310547,185.39999389648438,182.91000366210938,185.08999633789062,177.25099182128906,21792400
2019-08-29,187.38999938964844,188.4600067138672,186.67999267578125,187.9199981689453,179.9611358642578,25358900
2019-08-30,188.92999267578125,188.97000122070312,186.41000366210938,187.47000122070312,179.53016662597656,26319800
2019-09-03,186.22000122070312,187.17999267578125,185.02999877929688,185.64999389648438,177.78726196289062,27964200
2019-09-04,187.44000244140625,188.49000549316406,186.89999389648438,188.3300018310547,180.35379028320312,21592100
2019-09-05,190.41000366210938,192.3300018310547,190.33999633789062,191.77999877929688,183.65768432617188,33932600
2019-09-06,192.10000610351562,192.1699981689453,191.1699981689453,191.58999633789062,183.47573852539062,19487800
2019-09-09,192.19000244140625,192.27000427246094,190.22000122070312,191.19000244140625,183.09263610839844,24407600
2019-09-10,190.16000366210938,190.74000549316406,188.91000366210938,190.63999938964844,182.56597900390625,23744700
2019-09-11,191.0,192.52999877929688,190.55999755859375,192.42999267578125,184.2801513671875,25063600
2019-09-12,193.61000061035156,194.7100067138672,192.97000122070312,193.22999572753906,185.04627990722656,28689900
2019-09-13,192.9499969482422,193.39999389648438,192.2899932861328,192.5399932861328,184.385498046875,27669800
2019-09-16,191.3000030517578,192.0800018310547,191.11000061035156,191.67999267578125,183.5618896484375,20319000
2019-09-17,191.6999969482422,192.60000610351562,191.2899932861328,192.60000610351562,184.44296264648438,20953400
2019-09-18,192.1999969482422,192.60000610351562,190.11000061035156,192.52000427246094,184.36631774902344,29781300
2019-09-19,192.86000061035156,194.0399932861328,192.47000122070312,192.83999633789062,184.67279052734375,26039400
2019-09-20,193.11000061035156,193.30999755859375,190.16000366210938,190.8000030517578,182.71914672851562,29086100
2019-09-23,190.36000061035156,191.07000732421875,189.72000122070312,190.5,182.79977416992188,22485900
2019-09-24,191.3699951171875,191.7899932861328,187.14999389648438,187.97000122070312,180.37205505371094,40820700
2019-09-25,187.77999877929688,190.5800018310547,186.2100067138672,190.0800018310547,182.396728515625,34704900
2019-09-26,189.8300018310547,190.0,187.97999572753906,189.3800048828125,181.72508239746094,26826000
2019-09-27,189.72999572753906,189.8300018310547,185.75,187.02999877929688,179.4700469970703,40773500
2019-09-30,187.7899932861328,189.11000061035156,187.39999389648438,188.80999755859375,181.1780548095703,26307700
2019-10-01,189.5,190.58999633789062,186.9600067138672,187.27000427246094,179.7003173828125,32367600
2019-10-02,186.0,186.02999877929688,183.02000427246094,184.0500030517578,176.61048889160156,48544300
2019-10-03,184.02999877929688,186.2100067138672,181.82000732421875,186.07000732421875,178.54884338378906,39392500
2019-10-04,187.0800018310547,189.0800018310547,186.8800048828125,188.80999755859375,181.1780548095703,31887600
2019-10-07,188.27000427246094,189.74000549316406,187.91000366210938,188.24000549316406,180.63111877441406,21216000
2019-10-08,187.05999755859375,187.86000061035156,185.27000427246094,185.4199981689453,177.9250946044922,32379300
2019-10-09,186.99000549316406,188.0800018310547,186.42999267578125,187.22999572753906,179.66192626953125,20147400
2019-10-10,187.27999877929688,189.42999267578125,187.1199951171875,188.67999267578125,181.0532684326172,25177700
2019-10-11,190.8300018310547,192.6300048828125,190.72000122070312,191.11000061035156,183.3850860595703,40976700
2019-10-14,190.83999633789062,191.6999969482422,190.64999389648438,191.08999633789062,183.3658905029297,14975000
2019-10-15,191.67999267578125,193.97000122070312,191.55999755859375,193.52000427246094,185.6976776123047,23234200
2019-10-16,192.86000061035156,193.52999877929688,192.42999267578125,193.0399932861328,185.23707580566406,20457100
2019-10-17,194.1999969482422,194.5,192.80999755859375,193.5500030517578,185.72647094726562,19045200
2019-10-18,193.1999969482422,193.6699981689453,190.7100067138672,191.69000244140625,183.94166564941406,27700800
2019-10-21,192.7100067138672,193.52000427246094,192.13999938964844,193.38999938964844,185.57296752929688,15801200
2019-10-22,194.14999389648438,194.4199981689453,191.7899932861328,191.85000610351562,184.09521484375,22392300
2019-10-23,191.4600067138672,192.25999450683594,191.14999389648438,192.22000122070312,184.4502410888672,14828400
2019-10-24,193.58999633789062,194.2100067138672,192.74000549316406,194.08999633789062,186.24462890625,18998500
2019-10-25,193.08999633789062,195.74000549316406,193.0500030517578,195.63999938964844,187.7320098876953,21507100
2019-10-28,196.5500030517578,197.8300018310547,196.5500030517578,197.57000732421875,189.58404541015625,18818700
2019-10-29,197.24000549316406,197.5399932861328,196.00999450683594,196.0399932861328,188.11581420898438,18569700
2019-10-30,196.4199981689453,197.32000732421875,195.2899932861328,196.99000549316406,189.02743530273438,21764300
2019-10-31,197.55999755859375,197.64999389648438,195.94000244140625,197.0800018310547,189.11380004882812,26801800
2019-11-01,197.92999267578125,198.8800048828125,197.6300048828125,198.8699951171875,190.8314208984375,22131900
2019-11-04,200.19000244140625,200.52999877929688,198.8699951171875,200.10000610351562,192.01173400878906,19015900
2019-11-05,200.35000610351562,200.5500030517578,199.5500030517578,200.2100067138672,192.11729431152344,15048900
2019-11-06,199.97999572753906,200.0,198.7899932861328,199.75999450683594,191.6854705810547,19725500
2019-11-07,200.75999450683594,201.72000122070312,199.85000610351562,200.42999267578125,192.32835388183594,17832400
2019-11-08,200.07000732421875,201.25,199.5399932861328,201.22999572753906,193.09600830078125,15258800
2019-11-11,200.2100067138672,201.0399932861328,199.94000244140625,200.9600067138672,192.83692932128906,10147600
2019-11-12,201.1300048828125,202.2100067138672,200.82000732421875,201.5399932861328,193.3935089111328,14778300
2019-11-13,200.83999633789062,201.77999877929688,200.7100067138672,201.58999633789062,193.44146728515625,15774600
2019-11-14,200.8300018310547,201.55999755859375,200.22000122070312,201.42999267578125,193.28793334960938,16945400
2019-11-15,202.64999389648438,202.91000366210938,202.0,202.91000366210938,194.70811462402344,18427900
2019-11-18,202.58999633789062,203.38999938964844,201.77000427246094,203.07000732421875,194.86167907714844,18365900
2019-11-19,203.83999633789062,203.83999633789062,202.58999633789062,203.3699951171875,195.1495361328125,16923300
2019-11-20,202.83999633789062,203.4499969482422,200.6199951171875,202.14999389648438,193.9788360595703,36629000
2019-11-21,201.92999267578125,202.07000732421875,201.07000732421875,201.6999969482422,193.54701232910156,17883600
2019-11-22,202.1999969482422,202.32000732421875,200.74000549316406,201.8300018310547,193.67176818847656,17189600
2019-11-25,202.6999969482422,204.25999450683594,202.6699981689453,204.22000122070312,195.96517944335938,17752800
2019-11-26,204.35000610351562,204.8699951171875,204.0500030517578,204.61000061035156,196.33941650390625,14780600
2019-11-27,205.13999938964844,206.0500030517578,204.88999938964844,206.0399932861328,197.7116241455078,16963100
2019-11-29,205.52000427246094,205.8300018310547,205.0,205.10000610351562,196.80963134765625,9854600
2019-12-02,205.11000061035156,205.17999267578125,201.77999877929688,203.0,194.79449462890625,28007000
2019-12-03,200.2100067138672,201.49000549316406,199.22999572753906,201.41000366210938,193.26876831054688,31104100
2019-12-04,202.44000244140625,202.91000366210938,202.13999938964844,202.42999267578125,194.24754333496094,15300100
2019-12-05,203.14999389648438,203.14999389648438,201.83999633789062,202.8300018310547,194.63140869140625,14962300
2019-12-06,204.30999755859375,205.14999389648438,204.14999389648438,205.0,196.7136993408203,16555300
2019-12-09,204.6300048828125,205.58999633789062,203.97999572753906,204.07000732421875,195.82125854492188,13984100
2019-12-10,204.1699981689453,204.8800048828125,203.44000244140625,203.89999389648438,195.65811157226562,21799800
2019-12-11,204.36000061035156,205.19000244140625,204.0399932861328,204.97999572753906,196.69442749023438,18780800
2019-12-12,204.77000427246094,207.32000732421875,204.49000549316406,206.50999450683594,198.16265869140625,32612000
2019-12-13,206.39999389648438,207.91000366210938,205.9600067138672,207.19000244140625,198.815185546875,32519400
2019-12-16,208.5500030517578,209.52999877929688,208.47999572753906,209.27000427246094,200.81106567382812,21296600
2019-12-17,209.5399932861328,209.7100067138672,209.0399932861328,209.38999938964844,200.9262237548828,15996100
2019-12-18,209.57000732421875,210.1300048828125,209.3300018310547,209.5500030517578,201.0797576904297,15443300
2019-12-19,209.63999938964844,210.92999267578125,209.6199951171875,210.86000061035156,202.3367919921875,17865900
2019-12-20,211.86000061035156,212.52000427246094,211.27000427246094,211.7100067138672,203.15248107910156,27672600
2019-12-23,212.0,212.14999389648438,211.6300048828125,211.80999755859375,203.6890411376953,23774700
2019-12-24,212.0,212.08999633789062,211.44000244140625,211.9199981689453,203.79481506347656,7089000
2019-12-26,212.25999450683594,213.80999755859375,212.22999572753906,213.7899932861328,205.59315490722656,17067500
2019-12-27,214.5399932861328,214.55999755859375,213.0399932861328,213.61000061035156,205.4200439453125,18134100
2019-12-30,213.5,213.6300048828125,211.16000366210938,212.2100067138672,204.07366943359375,21815500
2019-12-31,211.52999877929688,212.75999450683594,211.1999969482422,212.61000061035156,204.45840454101562,18170900
2020-01-02,214.39999389648438,216.16000366210938,213.97999572753906,216.16000366210938,207.8722381591797,30969400
2020-01-03,213.3000030517578,215.47000122070312,213.27999877929688,214.17999267578125,205.96815490722656,27518900
2020-01-06,212.5,215.58999633789062,212.24000549316406,215.55999755859375,207.29527282714844,21655300
2020-01-07,215.63999938964844,216.13999938964844,214.85000610351562,215.52999877929688,207.2664337158203,22139300
2020-01-08,215.5,218.13999938964844,215.16000366210938,217.14999389648438,208.8242645263672,26397300
2020-01-09,218.94000244140625,219.41000366210938,217.7100067138672,218.99000549316406,210.59376525878906,23547000
2020-01-10,219.85000610351562,219.8699951171875,218.0399932861328,218.42999267578125,210.05520629882812,21898500
2020-01-13,219.3300018310547,220.97999572753906,218.97999572753906,220.9499969482422,212.4786376953125,22756900
2020-01-14,220.83999633789062,221.2100067138672,219.74000549316406,220.0800018310547,211.64198303222656,24418100
2020-01-15,220.1999969482422,221.1999969482422,219.4499969482422,220.1699981689453,211.728515625,25742100
2020-01-16,221.27000427246094,222.32000732421875,220.8000030517578,222.27999877929688,213.75759887695312,18805000
2020-01-17,223.27999877929688,223.55999755859375,222.1199951171875,223.3800048828125,214.8154296875,24325200
2020-01-21,222.75999450683594,223.83999633789062,222.66000366210938,223.27999877929688,214.71925354003906,21146300
2020-01-22,224.41000366210938,225.14999389648438,223.58999633789062,223.8699951171875,215.2866668701172,20736400
2020-01-23,223.74000549316406,224.69000244140625,222.6999969482422,224.58999633789062,215.9790496826172,26496100
2020-01-24,225.63999938964844,225.8800048828125,221.6699981689453,222.6999969482422,214.1615447998047,37436500
2020-01-27,217.6699981689453,219.27999877929688,217.17999267578125,218.10000610351562,209.73788452148438,42264400
2020-01-28,219.63999938964844,221.9600067138672,219.05999755859375,221.4499969482422,212.95941162109375,26731900
2020-01-29,222.67999267578125,222.92999267578125,220.8300018310547,221.80999755859375,213.30563354492188,28924500
2020-01-30,220.3800048828125,222.6999969482422,219.69000244140625,222.60000610351562,214.06536865234375,39568100
2020-01-31,223.52999877929688,223.55999755859375,218.2899932861328,219.07000732421875,210.6707000732422,52015800
2020-02-03,220.13999938964844,222.88999938964844,219.99000549316406,222.3800048828125,213.85377502441406,25408600
2020-02-04,225.4199981689453,227.86000061035156,224.64999389648438,227.47000122070312,218.7486114501953,30691200
2020-02-05,230.2100067138672,230.25,226.85000610351562,228.22000122070312,219.46987915039062,38534800
2020-02-06,228.7899932861328,230.25,227.97999572753906,230.19000244140625,221.3643341064453,22467100
2020-02-07,229.16000366210938,230.44000244140625,228.5399932861328,229.1999969482422,220.41232299804688,25884900
2020-02-10,228.44000244140625,231.97999572753906,228.3800048828125,231.97000122070312,223.07606506347656,21478900
2020-02-11,233.25,234.02000427246094,231.39999389648438,232.00999450683594,223.11451721191406,30198000
2020-02-12,233.3800048828125,234.3800048828125,232.8000030517578,234.27000427246094,225.2878875732422,24471300
2020-02-13,232.63999938964844,234.92999267578125,232.36000061035156,233.97000122070312,224.99937438964844,22773200
2020-02-14,234.33999633789062,234.86000061035156,233.5500030517578,234.63999938964844,225.64373779296875,23438500
2020-02-18,233.5,235.1699981689453,233.25,234.72999572753906,225.73025512695312,24394500
2020-02-19,236.1300048828125,237.47000122070312,235.85000610351562,236.97999572753906,227.89398193359375,22230500
2020-02-20,236.4600067138672,236.9499969482422,231.8800048828125,234.77999877929688,225.7783660888672,42604000
2020-02-21,233.61000061035156,234.00999450683594,229.32000732421875,230.27000427246094,221.44126892089844,66017200
2020-02-24,221.67999267578125,224.25,220.25999450683594,221.38999938964844,212.9017333984375,84522600
2020-02-25,223.25,223.99000549316406,214.74000549316406,215.3699951171875,207.112548828125,97743000
2020-02-26,216.7100067138672,220.27999877929688,214.89999389648438,216.47999572753906,208.17999267578125,79537700
2020-02-27,210.89999389648438,216.4199981689453,205.5,205.63999938964844,197.75563049316406,121822600
2020-02-28,198.63999938964844,207.1699981689453,198.1699981689453,205.8000030517578,197.90943908691406,148173700
2020-03-02,208.8800048828125,216.57000732421875,205.94000244140625,216.4199981689453,208.12232971191406,112933900
2020-03-03,217.11000061035156,219.61000061035156,207.6199951171875,209.47999572753906,201.4483642578125,131953500
2020-03-04,213.32000732421875,218.3300018310547,211.3699951171875,218.22000122070312,209.85330200195312,73086200
2020-03-05,212.69000244140625,216.36000061035156,210.10000610351562,211.58999633789062,203.47747802734375,78705500
2020-03-06,204.6699981689453,209.14999389648438,202.91000366210938,208.02000427246094,200.04441833496094,89828400
2020-03-09,193.47999572753906,201.16000366210938,192.11000061035156,193.57000732421875,186.14837646484375,116424000
2020-03-10,201.11000061035156,204.3000030517578,193.67999267578125,204.11000061035156,196.28424072265625,100599200
2020-03-11,199.35000610351562,200.75,192.72999572753906,195.22000122070312,187.735107421875,89168800
2020-03-12,182.08999633789062,190.77999877929688,176.94000244140625,177.32000732421875,170.5214385986328,137820700
2020-03-13,187.07000732421875,194.47999572753906,178.1300048828125,192.33999633789062,184.9654998779297,134882000
2020-03-16,174.14999389648438,184.67999267578125,169.16000366210938,169.3000030517578,162.8089141845703,92054400
2020-03-17,175.47000122070312,184.38999938964844,169.77999877929688,182.13999938964844,175.15658569335938,121257100
2020-03-18,171.61000061035156,179.22000122070312,166.8000030517578,176.60000610351562,169.82901000976562,114156300
2020-03-19,175.69000244140625,183.49000549316406,171.6300048828125,177.66000366210938,170.84841918945312,120896500
2020-03-20,181.74000549316406,182.8699951171875,170.10000610351562,170.6999969482422,164.15528869628906,118983900
2020-03-23,170.9199981689453,174.2100067138672,164.92999267578125,170.4600067138672,164.27377319335938,124639800
2020-03-24,179.91000366210938,183.8300018310547,177.9499969482422,183.66000366210938,176.9947052001953,94881800
2020-03-25,184.4199981689453,189.50999450683594,179.97999572753906,182.3000030517578,175.68408203125,88754900
2020-03-26,183.8699951171875,192.72000122070312,183.61000061035156,191.89999389648438,184.93565368652344,79887600
2020-03-27,186.92999267578125,190.50999450683594,184.66000366210938,185.3000030517578,178.57518005371094,58845000
2020-03-30,187.05999755859375,192.49000549316406,186.33999633789062,192.0399932861328,185.0706024169922,49356900
2020-03-31,191.72000122070312,195.25,189.1999969482422,190.39999389648438,183.4901123046875,62659300
2020-04-01,184.77000427246094,187.66000366210938,180.86000061035156,182.30999755859375,175.69374084472656,53715400
2020-04-02,181.24000549316406,190.10000610351562,180.97000122070312,186.00999450683594,179.2594451904297,56465300
2020-04-03,185.5500030517578,187.07000732421875,181.2899932861328,183.3699951171875,176.71527099609375,47487600
2020-04-06,190.47999572753906,197.64999389648438,189.19000244140625,196.47999572753906,189.3494415283203,64763500
2020-04-07,202.3699951171875,202.66000366210938,196.0,196.39999389648438,189.27235412597656,69904500
2020-04-08,198.14999389648438,201.1699981689453,196.1699981689453,200.57000732421875,193.29103088378906,45940400
2020-04-09,202.35000610351562,203.22000122070312,199.02999877929688,200.86000061035156,193.5705108642578,68252600
2020-04-13,200.0,203.4199981689453,198.75,203.02999877929688,195.66171264648438,42853900
2020-04-14,207.22999572753906,212.5,206.4199981689453,211.86000061035156,204.1713104248047,63959600
2020-04-15,208.47999572753906,211.8300018310547,207.1199951171875,209.42999267578125,201.8294677734375,47036000
2020-04-16,211.69000244140625,214.3699951171875,209.69000244140625,213.25,205.51083374023438,64657400
2020-04-17,216.1699981689453,216.50999450683594,212.0800018310547,215.2899932861328,207.47682189941406,62863200
2020-04-20,213.36000061035156,215.8800048828125,212.57000732421875,212.74000549316406,205.0193634033203,38249100
2020-04-21,210.60000610351562,211.16000366210938,203.6300048828125,204.88999938964844,197.45423889160156,72932800
2020-04-22,209.10000610351562,212.35000610351562,208.3300018310547,210.97000122070312,203.31361389160156,40089100
2020-04-23,211.7899932861328,214.44000244140625,210.10000610351562,210.52000427246094,202.87994384765625,43278500
2020-04-24,210.97000122070312,214.3000030517578,209.5,213.83999633789062,206.07945251464844,34231900
2020-04-27,216.19000244140625,216.6300048828125,214.5,215.55999755859375,207.73703002929688,36451700
2020-04-28,217.32000732421875,217.32000732421875,211.2100067138672,211.5,203.82437133789062,46862800
2020-04-29,216.19000244140625,219.97000122070312,215.13999938964844,219.0,211.05218505859375,48716400
2020-04-30,219.9499969482422,220.0399932861328,217.35000610351562,218.91000366210938,210.96548461914062,43359500
2020-05-01,214.5,216.6699981689453,211.67999267578125,212.74000549316406,205.0193634033203,48795000
2020-05-04,211.4600067138672,215.4499969482422,211.1199951171875,215.22000122070312,207.40939331054688,32841000
2020-05-05,217.44000244140625,220.13999938964844,216.85000610351562,217.66000366210938,209.7608184814453,37783100
2020-05-06,219.39999389648438,221.0399932861328,218.11000061035156,219.0,211.05218505859375,36455200
2020-05-07,221.82000732421875,222.72999572753906,220.4199981689453,221.82000732421875,213.76983642578125,38624800
2020-05-08,223.5500030517578,225.0,222.47999572753906,224.86000061035156,216.69952392578125,31852300
2020-05-11,223.49000549316406,227.92999267578125,223.25,226.8699951171875,218.6365509033203,35714100
2020-05-12,227.49000549316406,228.10000610351562,222.08999633789062,222.1199951171875,214.05897521972656,41054100
2020-05-13,222.66000366210938,224.61000061035156,216.7100067138672,219.33999633789062,211.37982177734375,65521200
2020-05-14,217.97000122070312,221.8699951171875,215.99000549316406,221.8300018310547,213.77947998046875,51549300
2020-05-15,218.77999877929688,223.3300018310547,218.3300018310547,223.27000427246094,215.16722106933594,55747200
2020-05-18,226.27999877929688,228.67999267578125,225.47000122070312,227.42999267578125,219.1762237548828,42398100
2020-05-19,227.6999969482422,229.85000610351562,226.7100067138672,226.86000061035156,218.6269073486328,36237300
2020-05-20,229.5,231.75999450683594,229.47999572753906,231.38999938964844,222.99256896972656,37417000
2020-05-21,231.44000244140625,232.13999938964844,228.33999633789062,228.8699951171875,220.56396484375,43642900
2020-05-22,228.4499969482422,229.8699951171875,227.5,229.66000366210938,221.32528686523438,28762400
2020-05-26,233.36000061035156,233.57000732421875,228.7899932861328,229.0399932861328,220.72779846191406,33055300
2020-05-27,228.69000244140625,230.41000366210938,223.94000244140625,230.2899932861328,221.9324188232422,55665600
2020-05-28,229.11000061035156,233.47000122070312,229.0500030517578,229.99000549316406,221.64332580566406,42784300
2020-05-29,230.3800048828125,233.60000610351562,228.75999450683594,233.36000061035156,224.8910675048828,50691800
2020-06-01,232.4600067138672,234.4499969482422,232.0,234.05999755859375,225.56565856933594,25776000
2020-06-02,234.5,235.69000244140625,232.00999450683594,235.6300048828125,227.07864379882812,33383400
2020-06-03,236.25999450683594,237.47000122070312,235.35000610351562,236.69000244140625,228.10020446777344,37228700
2020-06-04,236.3300018310547,237.7899932861328,233.67999267578125,235.02999877929688,226.5004425048828,38716100
2020-06-05,236.22000122070312,240.3000030517578,235.6300048828125,239.69000244140625,230.99134826660156,47365600
2020-06-08,239.5399932861328,241.67999267578125,237.91000366210938,241.5500030517578,232.78384399414062,32937300
2020-06-09,240.66000366210938,244.17999267578125,240.47000122070312,243.3000030517578,234.47027587890625,35046300
2020-06-10,245.0500030517578,247.82000732421875,244.50999450683594,246.22000122070312,237.28433227539062,58084400
2020-06-11,242.16000366210938,243.58999633789062,233.9600067138672,234.02000427246094,225.52706909179688,72919400
2020-06-12,239.08999633789062,240.39999389648438,231.74000549316406,235.8800048828125,227.319580078125,72034800
2020-06-15,232.44000244140625,239.4499969482422,231.47000122070312,238.75,230.08543395996094,45307400
2020-06-16,243.77999877929688,244.38999938964844,239.10000610351562,242.85000610351562,234.03663635253906,48890100
2020-06-17,244.39999389648438,245.5,242.72999572753906,243.6199951171875,234.77870178222656,34749300
2020-06-18,243.2899932861328,244.52999877929688,242.49000549316406,244.27999877929688,235.41476440429688,30578600
2020-06-19,246.72999572753906,247.0,242.4499969482422,244.24000549316406,235.3761749267578,49422100
2020-06-22,243.67999267578125,246.8699951171875,243.3800048828125,246.74000549316406,238.19898986816406,24068700
2020-06-23,248.38999938964844,251.14999389648438,247.82000732421875,248.83999633789062,240.22630310058594,32767400
2020-06-24,248.05999755859375,249.3300018310547,242.16000366210938,243.7100067138672,235.27386474609375,46032400
2020-06-25,243.8000030517578,246.33999633789062,241.13999938964844,246.02999877929688,237.51356506347656,36940800
2020-06-26,245.77999877929688,245.9600067138672,239.67999267578125,240.22000122070312,231.9046630859375,52824600
2020-06-29,239.97000122070312,242.85000610351562,237.35000610351562,242.83999633789062,234.43397521972656,34377800
2020-06-30,242.77000427246094,248.16000366210938,242.5800018310547,247.60000610351562,239.02915954589844,38909200
2020-07-01,247.63999938964844,251.52000427246094,247.0800018310547,250.49000549316406,241.81918334960938,34689200
2020-07-02,253.02000427246094,254.27000427246094,251.7100067138672,252.19000244140625,243.46029663085938,31956500
2020-07-06,255.4499969482422,258.92999267578125,255.42999267578125,258.3900146484375,249.44569396972656,34589000
2020-07-07,258.1300048828125,260.8800048828125,256.29998779296875,256.6099853515625,247.72731018066406,36578200
2020-07-08,257.9800109863281,260.0199890136719,256.5,259.989990234375,250.99034118652344,30426300
2020-07-09,261.9700012207031,262.8699951171875,257.6300048828125,262.17999267578125,253.1044921875,40312900
2020-07-10,262.0299987792969,264.2300109863281,259.260009765625,263.9700012207031,254.8325653076172,32885300
2020-07-13,266.9100036621094,269.7900085449219,257.69000244140625,258.5400085449219,249.5905303955078,64108100
2020-07-14,255.92999267578125,260.7900085449219,252.75999450683594,260.3699951171875,251.3571319580078,72230500
2020-07-15,261.8299865722656,262.69000244140625,257.489990234375,260.8999938964844,251.86878967285156,54523900
2020-07-16,258.0199890136719,259.7799987792969,255.6199951171875,259.1199951171875,250.15042114257812,47594100
2020-07-17,259.5899963378906,260.30999755859375,257.1700134277344,259.4200134277344,250.4400177001953,35137900
2020-07-20,260.0799865722656,267.42999267578125,258.7900085449219,266.7799987792969,257.54522705078125,40610100
2020-07-21,268.3999938964844,268.4100036621094,263.1300048828125,264.0,254.86154174804688,43243800
2020-07-22,264.510009765625,265.8900146484375,262.54998779296875,264.92999267578125,255.75933837890625,29865500
2020-07-23,264.510009765625,265.239990234375,256.54998779296875,258.010009765625,249.07888793945312,51363500
2020-07-24,254.0399932861328,256.92999267578125,251.32000732421875,255.55999755859375,246.71365356445312,54054500
2020-07-27,257.260009765625,260.5199890136719,256.45001220703125,260.1199951171875,251.11578369140625,36445700
2020-07-28,259.30999755859375,259.8500061035156,256.510009765625,256.80999755859375,247.92037963867188,31302400
2020-07-29,258.3999938964844,260.6600036621094,257.9100036621094,259.7699890136719,250.7778778076172,27556900
2020-07-30,257.739990234375,261.7099914550781,256.54998779296875,261.1300048828125,252.09085083007812,41774500
2020-07-31,265.9100036621094,265.95001220703125,260.8500061035156,265.7900085449219,256.5895080566406,53686300
2020-08-03,268.0,270.1499938964844,267.8699951171875,269.3800048828125,260.0552673339844,32081600
2020-08-04,268.8599853515625,270.4800109863281,268.0899963378906,270.3800048828125,261.0206298828125,24911300
2020-08-05,270.8800048828125,271.5199890136719,269.9599914550781,271.04998779296875,261.66748046875,21612100
2020-08-06,270.8500061035156,274.9800109863281,270.19000244140625,274.6400146484375,265.1332092285156,28048200
2020-08-07,274.0799865722656,274.8800048828125,269.25,271.4700012207031,262.0729064941406,44969400
2020-08-10,271.7699890136719,271.9800109863281,266.6700134277344,270.30999755859375,260.9530029296875,35088400
2020-08-11,269.1099853515625,270.44000244140625,264.6300048828125,265.19000244140625,256.0103759765625,43104300
2020-08-12,267.4200134277344,272.8399963378906,267.3699951171875,271.8599853515625,262.4493713378906,38773400
2020-08-13,272.6600036621094,274.8299865722656,271.510009765625,272.4800109863281,263.0479431152344,31895700
2020-08-14,273.1199951171875,273.3999938964844,270.7200012207031,272.1600036621094,262.73907470703125,30799500
2020-08-17,273.92999267578125,275.8399963378906,272.20001220703125,275.32000732421875,265.78961181640625,24803000
2020-08-18,276.4200134277344,278.4599914550781,274.9100036621094,277.9700012207031,268.3479309082031,23529500
2020-08-19,277.92999267578125,279.0199890136719,275.57000732421875,276.1000061035156,266.5426025390625,31999400
2020-08-20,275.2799987792969,280.42999267578125,274.8599853515625,279.92999267578125,270.2400817871094,27723400
2020-08-21,280.1300048828125,282.3399963378906,279.4599914550781,281.8699951171875,272.1129150390625,34748900
2020-08-24,285.25,286.0,281.2699890136719,283.6300048828125,273.81201171875,36418500
2020-08-25,282.8299865722656,286.05999755859375,282.3699951171875,285.8599853515625,275.9648132324219,34866600
2020-08-26,287.1499938964844,292.2200012207031,285.8299865722656,291.9599914550781,281.85357666015625,42216700
2020-08-27,292.9700012207031,293.8500061035156,288.7099914550781,291.04998779296875,280.9751892089844,49482700
2020-08-28,292.3299865722656,293.17999267578125,290.92999267578125,292.5299987792969,282.4039001464844,28021000
2020-08-31,293.07000732421875,296.75,292.6199951171875,294.8800048828125,284.67254638671875,36321000
2020-09-01,297.6199951171875,300.0400085449219,295.7900085449219,299.9200134277344,289.5382080078125,36216200
2020-09-02,303.2799987792969,303.5,296.8900146484375,302.760009765625,292.2798767089844,50836800
2020-09-03,298.1000061035156,298.6199951171875,284.4100036621094,287.4100036621094,277.4612121582031,110083300
2020-09-04,285.55999755859375,288.92999267578125,271.79998779296875,283.5799865722656,273.76373291015625,123959000
2020-09-08,272.2200012207031,278.2200012207031,269.6600036621094,269.95001220703125,260.6055908203125,99568600
2020-09-09,275.6400146484375,280.04998779296875,273.0,277.8800048828125,268.2609558105469,64837900
2020-09-10,280.94000244140625,282.20001220703125,270.55999755859375,272.3399963378906,262.91278076171875,69667500
2020-09-11,274.1499938964844,275.2200012207031,266.8999938964844,270.45001220703125,261.0882873535156,71809000
2020-09-14,274.3599853515625,277.2200012207031,272.9599914550781,275.1600036621094,265.6351623535156,38525200
2020-09-15,279.0299987792969,280.45001220703125,275.1300048828125,279.05999755859375,269.4001770019531,41849900
2020-09-16,279.8800048828125,280.3599853515625,274.25,274.6099853515625,265.10418701171875,42321000
2020-09-17,267.54998779296875,274.3999938964844,266.67999267578125,270.32000732421875,260.9627380371094,81570800
2020-09-18,271.7900085449219,272.0899963378906,262.6300048828125,266.8699951171875,257.6322021484375,86251100
2020-09-21,262.4700012207031,267.6499938964844,260.1099853515625,267.510009765625,258.2500305175781,57168600
2020-09-22,269.989990234375,273.0799865722656,266.5400085449219,272.4800109863281,263.0479431152344,41128900
2020-09-23,272.1499938964844,272.3399963378906,263.25,264.1600036621094,255.01600646972656,48837300
2020-09-24,261.3900146484375,268.70001220703125,261.2200012207031,265.3900146484375,256.2034606933594,70631700
2020-09-25,265.9100036621094,272.3999938964844,264.29998779296875,271.55999755859375,262.15985107421875,55242400
2020-09-28,276.5799865722656,277.20001220703125,271.6700134277344,277.20001220703125,267.60455322265625,58438300
2020-09-29,276.6199951171875,277.7099914550781,275.3699951171875,275.95001220703125,266.39788818359375,27050000
2020-09-30,276.1499938964844,281.0899963378906,275.8699951171875,277.8399963378906,268.22247314453125,49380800
2020-10-01,281.7900085449219,282.8800048828125,279.8399963378906,282.25,272.4797668457031,50020200
2020-10-02,276.0199890136719,282.239990234375,273.44000244140625,274.30999755859375,264.81463623046875,75497400
2020-10-05,276.3399963378906,280.489990234375,276.2300109863281,280.1600036621094,270.46209716796875,28184600
2020-10-06,279.45001220703125,281.19000244140625,274.25,275.1600036621094,265.6351623535156,49704200
2020-10-07,277.8900146484375,280.739990234375,277.2799987792969,279.9200134277344,270.23040771484375,27539700
2020-10-08,282.3999938964844,282.4700012207031,280.30999755859375,281.4100036621094,271.6689147949219,25443300
2020-10-09,283.1099853515625,285.7900085449219,282.7099914550781,285.7099914550781,275.8199768066406,30201100
2020-10-12,290.54998779296875,297.4599914550781,289.4700012207031,294.5299987792969,284.33465576171875,79370700
2020-10-13,296.3900146484375,297.04998779296875,293.1099853515625,294.5199890136719,284.3250427246094,64240000
2020-10-14,295.3500061035156,296.3500061035156,290.260009765625,292.05999755859375,281.95013427734375,36949100
2020-10-15,287.20001220703125,290.7099914550781,286.5400085449219,290.1000061035156,280.05810546875,42514200
2020-10-16,291.79998779296875,293.2699890136719,288.1499938964844,288.510009765625,278.52313232421875,40570700
2020-10-19,290.489990234375,291.4800109863281,282.7900085449219,283.79998779296875,273.9761047363281,36756800
2020-10-20,284.55999755859375,287.6199951171875,282.95001220703125,284.4100036621094,274.5650939941406,32195400
2020-10-21,284.6700134277344,287.32000732421875,283.69000244140625,284.19000244140625,274.35260009765625,29306100
2020-10-22,285.04998779296875,285.9800109863281,280.82000732421875,284.17999267578125,274.3429260253906,32196200
2020-10-23,284.7699890136719,284.9100036621094,281.7799987792969,284.739990234375,274.88360595703125,24658500
2020-10-26,282.3800048828125,285.29998779296875,276.760009765625,280.4700012207031,270.761474609375,38421100
2020-10-27,281.5,283.510009765625,280.20001220703125,282.6600036621094,272.87554931640625,30559100
2020-10-28,278.010009765625,278.6400146484375,271.3800048828125,271.6400146484375,262.23712158203125,53413500
2020-10-29,273.0,279.489990234375,272.5199890136719,276.3900146484375,266.82257080078125,43246300
2020-10-30,274.3399963378906,275.239990234375,267.07000732421875,269.3800048828125,260.0552673339844,65838300
2020-11-02,271.8500061035156,273.5199890136719,266.9700012207031,269.9800109863281,260.6344909667969,39987400
2020-11-03,271.9599914550781,276.82000732421875,270.8399963378906,274.6499938964844,265.1429138183594,43604100
2020-11-04,283.5899963378906,288.7699890136719,281.8699951171875,286.9100036621094,276.97845458984375,75728200
2020-11-05,293.5299987792969,295.3900146484375,292.0,294.3900146484375,284.19952392578125,52054200
2020-11-06,293.7099914550781,295.3599853515625,289.8299865722656,294.6099853515625,284.41192626953125,40959800
2020-11-09,297.6499938964844,299.1400146484375,288.1199951171875,288.5899963378906,278.6003112792969,86537100
2020-11-10,285.1700134277344,286.6600036621094,280.6199951171875,283.4200134277344,273.6092529296875,69024900
2020-11-11,286.0299987792969,290.25,283.3800048828125,289.760009765625,279.7298583984375,36102900
2020-11-12,290.760009765625,292.07000732421875,287.25,288.3999938964844,278.4168701171875,34414600
2020-11-13,290.1700134277344,291.57000732421875,287.8699951171875,290.92999267578125,280.859375,24806900
2020-11-16,290.6199951171875,293.510009765625,289.989990234375,293.20001220703125,283.05078125,30168400
2020-11-17,293.3999938964844,293.739990234375,291.6099853515625,292.2699890136719,282.1529235839844,21843500
2020-11-18,291.70001220703125,293.3699951171875,290.0199890136719,290.1099853515625,280.06768798828125,28069600
2020-11-19,289.5400085449219,292.70001220703125,288.8500061035156,292.3800048828125,282.25909423828125,22718400
2020-11-20,292.29998779296875,293.07000732421875,290.2900085449219,290.3800048828125,280.3283386230469,25907300
2020-11-23,291.4100036621094,292.75,288.07000732421875,290.3900146484375,280.3380126953125,26875600
2020-11-24,291.489990234375,294.9800109863281,289.6300048828125,294.4700012207031,284.2767333984375,24516800
2020-11-25,295.57000732421875,296.94000244140625,294.5899963378906,296.2799987792969,286.02410888671875,23326800
2020-11-27,298.30999755859375,300.1700134277344,297.8999938964844,299.010009765625,288.6596984863281,17163100
2020-11-30,299.3399963378906,299.9700012207031,294.7799987792969,299.6199951171875,289.2485046386719,27836200
2020-12-01,301.9700012207031,305.1400146484375,300.8299865722656,303.4599914550781,292.95556640625,27521300
2020-12-02,302.25,304.20001220703125,300.3500061035156,303.8500061035156,293.3320617675781,23620000
2020-12-03,304.1700134277344,305.8800048828125,303.5299987792969,304.2799987792969,293.7471923828125,22828700
2020-12-04,304.3299865722656,305.6700134277344,303.6300048828125,305.5199890136719,294.94427490234375,19332100
2020-12-07,305.7099914550781,307.6300048828125,305.5199890136719,307.25,296.6143493652344,20851000
2020-12-08,306.760009765625,308.6000061035156,304.95001220703125,308.2900085449219,297.6184387207031,18341500
2020-12-09,308.07000732421875,308.3599853515625,300.2099914550781,301.30999755859375,290.8799743652344,48839300
2020-12-10,299.2099914550781,303.67999267578125,298.0899963378906,302.5199890136719,292.0481262207031,27519500
2020-12-11,300.80999755859375,301.9800109863281,298.4700012207031,301.8500061035156,291.4013671875,26760400
2020-12-14,303.0799865722656,306.04998779296875,303.010009765625,304.0400085449219,293.5155334472656,28804800
2020-12-15,306.3699951171875,307.2900085449219,304.1099853515625,307.2900085449219,296.65301513671875,25709000
2020-12-16,307.70001220703125,309.7900085449219,306.6199951171875,308.9800109863281,298.2845153808594,25461900
2020-12-17,310.6300048828125,311.239990234375,309.3900146484375,311.0,300.23455810546875,23730500
2020-12-18,311.6600036621094,311.9800109863281,307.6099853515625,310.05999755859375,299.32708740234375,41173400
2020-12-21,306.4599914550781,309.4700012207031,303.6000061035156,308.9200134277344,298.7671203613281,37095500
2020-12-22,309.8500061035156,310.7099914550781,306.8500061035156,309.760009765625,299.5795593261719,26176300
2020-12-23,309.80999755859375,310.17999267578125,308.0400085449219,308.20001220703125,298.0707702636719,21201300
2020-12-24,308.4700012207031,310.0199890136719,308.3900146484375,309.55999755859375,299.38604736328125,16785000
2020-12-28,312.25,313.1700134277344,310.3599853515625,312.67999267578125,302.4035339355469,22497700
2020-12-29,314.04998779296875,314.69000244140625,312.0299987792969,312.9599914550781,302.6742858886719,25871900
2020-12-30,314.1600036621094,314.489990234375,312.3299865722656,312.9700012207031,302.6840515136719,18138100
2020-12-31,312.8699951171875,314.239990234375,311.760009765625,313.739990234375,303.4286804199219,21611400
2021-01-04,315.1099853515625,315.2900085449219,305.17999267578125,309.30999755859375,299.1442565917969,45305900
2021-01-05,308.2900085449219,312.1400146484375,308.2900085449219,311.8599853515625,301.6105041503906,29323400
2021-01-06,307.0,311.8800048828125,305.9800109863281,307.5400085449219,297.4324951171875,52809600
2021-01-07,310.2799987792969,315.8399963378906,310.25,314.9800109863281,304.6279602050781,30394800
2021-01-08,317.3399963378906,319.3900146484375,315.0799865722656,319.0299987792969,308.5447692871094,33955800
2021-01-11,315.9800109863281,317.19000244140625,313.75,314.4200134277344,304.08642578125,32746400
2021-01-12,314.4599914550781,315.5799865722656,311.20001220703125,313.9200134277344,303.6028747558594,29266800
2021-01-13,314.19000244140625,316.8599853515625,313.57000732421875,316.0400085449219,305.6531066894531,22898400
2021-01-14,316.5,317.5299987792969,313.8599853515625,314.3500061035156,304.0186462402344,23500100
2021-01-15,314.1300048828125,315.1199951171875,310.5799865722656,311.8599853515625,301.6105041503906,35118700
2021-01-19,314.25,316.92999267578125,313.1199951171875,316.4100036621094,306.010986328125,24537000
2021-01-20,320.1400146484375,324.739990234375,316.510009765625,323.7699890136719,313.1289978027344,30728100
2021-01-21,325.1499938964844,327.1300048828125,323.7300109863281,326.3599853515625,315.6339111328125,25130600
2021-01-22,325.2900085449219,326.4599914550781,324.7099914550781,325.4200134277344,314.72491455078125,21609400
2021-01-25,328.9100036621094,330.32000732421875,321.4100036621094,328.1099853515625,317.32647705078125,39080600
2021-01-26,328.8500061035156,329.760009765625,327.2200012207031,328.5899963378906,317.7906799316406,25498100
2021-01-27,326.260009765625,326.2699890136719,317.3599853515625,319.42999267578125,308.9317626953125,55264000
2021-01-28,320.6700134277344,326.4200134277344,320.0299987792969,321.32000732421875,310.7596740722656,42836300
2021-01-29,319.5799865722656,320.7200012207031,312.760009765625,314.55999755859375,304.2217712402344,55259000
2021-02-01,318.1099853515625,323.5400085449219,316.0199890136719,322.4200134277344,311.823486328125,35646000
2021-02-02,325.4800109863281,328.8699951171875,325.30999755859375,327.67999267578125,316.9105224609375,33930800
2021-02-03,329.82000732421875,330.20001220703125,326.32000732421875,326.3800048828125,315.6531982421875,24824500
2021-02-04,327.82000732421875,330.3299865722656,326.4599914550781,330.239990234375,319.3863830566406,22350900
2021-02-05,331.2200012207031,332.3999938964844,329.5299987792969,331.3599853515625,320.4696044921875,22732000
2021-02-08,333.1000061035156,333.739990234375,331.4100036621094,333.5799865722656,322.6166076660156,20462800
2021-02-09,332.6199951171875,334.80999755859375,332.6099853515625,333.510009765625,322.5489501953125,17597500
2021-02-10,334.989990234375,335.4599914550781,329.5,332.75,321.81396484375,28068700
2021-02-11,334.3299865722656,335.0,332.1199951171875,334.5799865722656,323.5837707519531,22046100
2021-02-12,333.7099914550781,336.6199951171875,332.6300048828125,336.45001220703125,325.3923034667969,20346800
2021-02-16,337.2699890136719,338.19000244140625,334.3399963378906,335.5400085449219,324.51226806640625,27080800
2021-02-17,332.4700012207031,335.6600036621094,330.1700134277344,333.92999267578125,322.9551086425781,31360300
2021-02-18,330.2300109863281,333.8699951171875,328.3599853515625,332.4700012207031,321.5431823730469,32236200
2021-02-19,333.8599853515625,333.989990234375,329.9700012207031,331.0199890136719,320.1408386230469,39157700
2021-02-22,326.5,327.79998779296875,322.2300109863281,322.44000244140625,311.84283447265625,47256900
2021-02-23,317.0,323.20001220703125,311.0,321.4800109863281,310.9142761230469,97241900
2021-02-24,318.739990234375,324.45001220703125,315.9599914550781,324.1300048828125,313.477294921875,58206300
2021-02-25,321.3900146484375,324.0299987792969,311.239990234375,312.8299865722656,302.54864501953125,110182600
2021-02-26,315.8500061035156,319.1099853515625,310.8800048828125,314.1400146484375,303.8155212402344,104739800
2021-03-01,319.2699890136719,323.94000244140625,317.94000244140625,323.5899963378906,312.9550476074219,49164500
2021-03-02,324.25,324.3299865722656,318.1400146484375,318.3999938964844,307.93560791015625,48370000
2021-03-03,317.2699890136719,318.239990234375,309.1000061035156,309.1600036621094,298.99920654296875,86301100
2021-03-04,308.7799987792969,312.0400085449219,300.1099853515625,304.1000061035156,294.1054992675781,139131600
2021-03-05,306.79998779296875,309.6099853515625,297.45001220703125,308.67999267578125,298.5350036621094,121523700
2021-03-08,308.1199951171875,310.05999755859375,299.510009765625,299.94000244140625,290.0823669433594,88409800
2021-03-09,307.4700012207031,313.7300109863281,306.9200134277344,311.7699890136719,301.52349853515625,80391100
2021-03-10,316.1600036621094,316.4700012207031,310.1700134277344,310.8800048828125,300.6627502441406,76798100
2021-03-11,315.7699890136719,319.8599853515625,314.8500061035156,318.0400085449219,307.58746337890625,53484800
2021-03-12,313.8599853515625,318.2300109863281,311.3900146484375,315.4599914550781,305.0921936035156,69315600
2021-03-15,315.7900085449219,319.0,314.1000061035156,318.8299865722656,308.3514404296875,42955700
2021-03-16,321.0899963378906,324.20001220703125,319.1000061035156,320.5799865722656,310.04388427734375,54925900
2021-03-17,317.45001220703125,323.8500061035156,315.67999267578125,321.8999938964844,311.32049560546875,78258700
2021-03-18,316.8699951171875,317.8800048828125,311.57000732421875,312.0400085449219,301.7846374511719,82718100
2021-03-19,311.8699951171875,314.7300109863281,309.6600036621094,313.1400146484375,302.8484802246094,78446200
2021-03-22,315.2099914550781,320.739990234375,315.2099914550781,318.6099853515625,308.5278625488281,56194800
2021-03-23,319.7300109863281,321.0899963378906,316.3800048828125,317.2200012207031,307.181884765625,53455400
2021-03-24,318.6300048828125,318.6700134277344,311.7200012207031,311.8699951171875,302.0010681152344,64803700
2021-03-25,309.9700012207031,312.8900146484375,307.3900146484375,311.3299865722656,301.4781799316406,78729000
2021-03-26,311.1099853515625,316.3299865722656,309.6700134277344,316.0,306.00048828125,63519600
2021-03-29,315.45001220703125,316.989990234375,312.4700012207031,315.9100036621094,305.91326904296875,54608000
2021-03-30,313.8900146484375,314.9100036621094,311.5400085449219,314.32000732421875,304.37359619140625,44635700
2021-03-31,316.1600036621094,320.739990234375,315.80999755859375,319.1300048828125,309.03131103515625,55032500
2021-04-01,323.07000732421875,324.7099914550781,322.80999755859375,324.57000732421875,314.29925537109375,55685600
2021-04-05,327.1300048828125,331.8399963378906,326.8800048828125,331.04998779296875,320.5741882324219,42172500
2021-04-06,330.7300109863281,332.8299865722656,330.0199890136719,330.82000732421875,320.3514709472656,33537200
2021-04-07,330.3299865722656,332.4800109863281,329.3699951171875,331.6199951171875,321.1261291503906,32046400
2021-04-08,334.55999755859375,335.2699890136719,333.739990234375,335.0799865722656,324.47662353515625,29940800
2021-04-09,333.67999267578125,337.32000732421875,332.9200134277344,337.1099853515625,326.44244384765625,36664900
2021-04-12,336.0400085449219,337.1000061035156,334.7300109863281,336.6700134277344,326.01641845703125,25833000
2021-04-13,338.239990234375,341.0799865722656,338.0199890136719,340.6000061035156,329.8219909667969,30374000
2021-04-14,340.8500061035156,340.9800109863281,335.6700134277344,336.510009765625,325.8614196777344,42564300
2021-04-15,339.4700012207031,342.010009765625,336.2200012207031,341.6099853515625,330.79998779296875,36342800
2021-04-16,342.1499938964844,342.2300109863281,340.0799865722656,342.010009765625,331.1874084472656,40860100
2021-04-19,340.3900146484375,341.5799865722656,336.8999938964844,338.8800048828125,328.1564636230469,34533100
2021-04-20,338.20001220703125,339.5199890136719,334.3800048828125,336.4100036621094,325.76458740234375,38081800
2021-04-21,335.0899963378906,339.4800109863281,333.9700012207031,339.2900085449219,328.5534973144531,36598100
2021-04-22,338.8900146484375,339.8999938964844,334.010009765625,335.20001220703125,324.5927734375,45936100
2021-04-23,335.8500061035156,340.7699890136719,335.8500061035156,339.4200134277344,328.679443359375,36381900
2021-04-26,339.6700134277344,341.9200134277344,338.8999938964844,341.6300048828125,330.81939697265625,30812000
2021-04-27,341.92999267578125,342.1499938964844,339.1700134277344,340.1499938964844,329.38623046875,33187200
2021-04-28,339.80999755859375,340.8500061035156,338.3299865722656,339.0,328.2725524902344,33615700
2021-04-29,342.3699951171875,342.79998779296875,336.8999938964844,340.2200012207031,329.4540100097656,37708900
2021-04-30,337.70001220703125,340.260009765625,337.04998779296875,337.989990234375,327.294677734375,38263400
2021-05-03,339.2300109863281,340.0,335.7300109863281,336.19000244140625,325.5515441894531,29729700
2021-05-04,333.55999755859375,333.8900146484375,326.2099914550781,330.1400146484375,319.6930236816406,65147000
2021-05-05,332.25,333.1400146484375,328.2300109863281,329.0299987792969,318.61810302734375,46219300
2021-05-06,328.760009765625,331.6700134277344,326.45001220703125,331.510009765625,321.0196533203125,46814300
2021-05-07,334.3699951171875,336.6499938964844,331.69000244140625,334.20001220703125,323.6245422363281,53324500
2021-05-10,332.7799987792969,332.9599914550781,325.54998779296875,325.760009765625,315.45159912109375,60700500
2021-05-11,319.70001220703125,326.1300048828125,319.0199890136719,325.30999755859375,315.0158386230469,71963600
2021-05-12,320.2300109863281,322.6199951171875,316.0,316.8900146484375,306.8622741699219,91164900
2021-05-13,319.9200134277344,322.3999938964844,316.8999938964844,319.3399963378906,309.2347717285156,69877800
2021-05-14,322.6000061035156,327.3299865722656,322.0799865722656,326.3900146484375,316.0617370605469,44370000
2021-05-17,324.6300048828125,326.3699951171875,321.45001220703125,324.4100036621094,314.1443176269531,39395000
2021-05-18,325.3900146484375,326.6499938964844,321.94000244140625,322.2200012207031,312.02362060546875,36528500
2021-05-19,316.6600036621094,322.8999938964844,316.29998779296875,322.5899963378906,312.3819274902344,66319100
2021-05-20,324.1199951171875,329.7099914550781,323.8900146484375,328.8299865722656,318.4244384765625,46466100
2021-05-21,330.42999267578125,330.8599853515625,326.6400146484375,327.010009765625,316.6620788574219,50330400
2021-05-24,329.3699951171875,333.6700134277344,326.8999938964844,332.510009765625,321.9880065917969,32475800
2021-05-25,334.07000732421875,334.80999755859375,331.760009765625,332.9700012207031,322.4334411621094,31280300
2021-05-26,333.6600036621094,334.6099853515625,332.95001220703125,334.1300048828125,323.55670166015625,25444900
2021-05-27,333.6700134277344,334.5400085449219,332.6700134277344,332.8800048828125,322.34619140625,27931700
2021-05-28,334.1199951171875,335.57000732421875,333.6000061035156,333.92999267578125,323.3630065917969,29927400
2021-06-01,335.29998779296875,335.7900085449219,331.42999267578125,332.82000732421875,322.2881774902344,31145400
2021-06-02,333.25,334.3399963378906,331.70001220703125,333.4700012207031,322.9175720214844,22047900
2021-06-03,330.54998779296875,331.8599853515625,328.2799987792969,330.0,319.55743408203125,37057800
2021-06-04,331.8500061035156,336.05999755859375,331.7799987792969,335.6000061035156,324.98028564453125,38736500
2021-06-07,335.04998779296875,336.6600036621094,334.3399963378906,336.6000061035156,325.9485778808594,32611900
2021-06-08,338.3999938964844,339.2900085449219,335.0299987792969,336.760009765625,326.10345458984375,27282800
2021-06-09,338.1700134277344,338.9700012207031,336.6499938964844,336.8399963378906,326.1809387207031,21485300
2021-06-10,337.19000244140625,340.4599914550781,336.7300109863281,340.3500061035156,329.579833984375,33702100
2021-06-11,340.3599853515625,341.25,339.69000244140625,341.239990234375,330.4417419433594,21222800
2021-06-14,341.67999267578125,344.5199890136719,340.4599914550781,344.510009765625,333.6082458496094,27827700
2021-06-15,344.1499938964844,344.4700012207031,341.5199890136719,342.260009765625,331.429443359375,35963800
2021-06-16,342.739990234375,343.8399963378906,337.45001220703125,341.010009765625,330.2190246582031,55399500
2021-06-17,339.9700012207031,346.3800048828125,339.9200134277344,345.3399963378906,334.4119873046875,59722700
2021-06-18,343.6300048828125,344.80999755859375,341.8599853515625,342.6300048828125,331.78778076171875,55414900
2021-06-21,342.42999267578125,344.69000244140625,340.1499938964844,344.3599853515625,333.84979248046875,32992600
2021-06-22,344.1499938964844,348.0299987792969,343.8399963378906,347.57000732421875,336.96185302734375,28941600
2021-06-23,347.510009765625,348.9200134277344,346.8800048828125,347.739990234375,337.1267395019531,27188500
2021-06-24,349.7300109863281,351.4599914550781,349.1700134277344,349.8900146484375,339.21099853515625,32581600
2021-06-25,350.4700012207031,350.7200012207031,348.8399963378906,349.4599914550781,338.79412841796875,28682800
2021-06-28,350.7799987792969,353.8500061035156,350.7200012207031,353.7099914550781,342.9143981933594,39130300
2021-06-29,353.5299987792969,355.0199890136719,352.6700134277344,354.989990234375,344.1553649902344,29426000
2021-06-30,354.8299865722656,355.2300109863281,353.8299865722656,354.42999267578125,343.61248779296875,32724000
2021-07-01,354.07000732421875,355.0899963378906,352.67999267578125,354.57000732421875,343.74810791015625,29290000
2021-07-02,356.5199890136719,358.9700012207031,356.2799987792969,358.6400146484375,347.69403076171875,32727200
2021-07-06,359.260009765625,360.4800109863281,356.489990234375,360.19000244140625,349.1966247558594,38842400
2021-07-07,362.45001220703125,362.760009765625,358.94000244140625,360.95001220703125,349.9334411621094,35265200
2021-07-08,355.739990234375,359.6499938964844,354.4200134277344,358.7699890136719,347.82000732421875,50890000
2021-07-09,358.1700134277344,361.5,357.57000732421875,361.010009765625,349.9916687011719,35184500
2021-07-12,362.45001220703125,362.8900146484375,360.8299865722656,362.4200134277344,351.3586120605469,25717700
2021-07-13,362.0299987792969,365.4700012207031,361.5400085449219,362.4200134277344,351.3586120605469,39723000
2021-07-14,364.8299865722656,365.489990234375,362.2200012207031,363.07000732421875,351.98870849609375,35336400
2021-07-15,362.9800109863281,363.19000244140625,358.4599914550781,360.5199890136719,349.5166320800781,53391600
2021-07-16,361.3999938964844,362.4100036621094,357.239990234375,357.6000061035156,346.685791015625,47262000
2021-07-19,354.04998779296875,355.17999267578125,352.0400085449219,354.6700134277344,343.8451843261719,64404600
2021-07-20,355.6300048828125,360.2799987792969,353.79998779296875,358.7900085449219,347.83941650390625,42183700
2021-07-21,358.3500061035156,361.55999755859375,358.1199951171875,361.55999755859375,350.5248718261719,30259900
2021-07-22,361.7699890136719,363.9599914550781,361.7699890136719,363.95001220703125,352.8419189453125,30252200
2021-07-23,365.30999755859375,368.489990234375,363.9200134277344,368.20001220703125,356.96221923828125,31960800
2021-07-26,367.489990234375,368.8900146484375,366.6000061035156,368.489990234375,357.2433776855469,28438100
2021-07-27,368.2200012207031,368.2200012207031,360.1600036621094,364.42999267578125,353.3072204589844,57933100
2021-07-28,365.6000061035156,367.45001220703125,363.239990234375,365.8299865722656,354.6644592285156,42066200
2021-07-29,365.25,367.67999267578125,365.25,366.4800109863281,355.2947998046875,25672500
2021-07-30,362.44000244140625,365.1700134277344,362.4100036621094,364.57000732421875,353.4430847167969,36484600
2021-08-02,366.2799987792969,366.8800048828125,363.8699951171875,364.6000061035156,353.47210693359375,27334100
2021-08-03,365.2799987792969,366.92999267578125,362.0,366.80999755859375,355.61468505859375,35558500
2021-08-04,366.7699890136719,368.32000732421875,365.6300048828125,367.3399963378906,356.12847900390625,29602200
2021-08-05,368.17999267578125,369.9100036621094,367.45001220703125,369.6700134277344,358.3873596191406,21443900
2021-08-06,368.3699951171875,369.3699951171875,366.9100036621094,368.04998779296875,356.8167724609375,33332100
2021-08-09,368.5199890136719,369.2699890136719,367.3900146484375,368.7300109863281,357.4759826660156,25960200
2021-08-10,369.260009765625,369.55999755859375,365.6199951171875,366.8399963378906,355.64373779296875,35130800
2021-08-11,368.1400146484375,368.6499938964844,364.8399963378906,366.2099914550781,355.03289794921875,34249800
2021-08-12,365.69000244140625,367.8999938964844,364.29998779296875,367.5299987792969,356.3126220703125,25969200
2021-08-13,367.8900146484375,369.1600036621094,367.3800048828125,368.82000732421875,357.56329345703125,19336200
2021-08-16,367.6700134277344,369.0199890136719,363.70001220703125,368.9800109863281,357.7184143066406,34856900
2021-08-17,366.1499938964844,367.1499938964844,363.2300109863281,365.7300109863281,354.56768798828125,44793900
2021-08-18,365.17999267578125,366.6199951171875,361.8699951171875,362.2099914550781,351.1550598144531,38541900
2021-08-19,360.2200012207031,365.67999267578125,359.9599914550781,363.9599914550781,352.85162353515625,48499400
2021-08-20,365.05999755859375,368.1400146484375,364.739990234375,367.7300109863281,356.5065612792969,39486000
2021-08-23,368.79998779296875,373.94000244140625,368.7900085449219,373.2300109863281,361.83868408203125,34034700
2021-08-24,373.8399963378906,374.989990234375,373.3599853515625,374.3699951171875,362.9438781738281,21732900
2021-08-25,374.6300048828125,375.3900146484375,373.8599853515625,374.79998779296875,363.3607482910156,20441900
2021-08-26,373.9200134277344,374.6199951171875,371.9700012207031,372.4200134277344,361.0533752441406,29133300
2021-08-27,373.07000732421875,376.55999755859375,372.57000732421875,376.0400085449219,364.5628662109375,27104700
2021-08-30,376.8500061035156,380.760009765625,376.8299865722656,380.260009765625,368.6540832519531,27295700
2021-08-31,380.510009765625,380.5799865722656,378.3599853515625,379.95001220703125,368.35357666015625,29628200
2021-09-01,381.0400085449219,382.7099914550781,380.3699951171875,380.5799865722656,368.9643859863281,28138300
2021-09-02,381.9700012207031,382.30999755859375,379.1499938964844,380.3999938964844,368.7898864746094,25453400
2021-09-03,379.2200012207031,381.9800109863281,379.20001220703125,381.57000732421875,369.9241943359375,24605400
2021-09-07,381.67999267578125,382.7799987792969,380.489990234375,382.1099853515625,370.44775390625,23970200
2021-09-08,381.92999267578125,381.92999267578125,378.45001220703125,380.7799987792969,369.1582946777344,32949200
2021-09-09,381.010009765625,382.1499938964844,379.2200012207031,379.4700012207031,367.8882141113281,29399000
2021-09-10,381.2300109863281,381.9700012207031,376.25,376.5899963378906,365.0960998535156,40249400
2021-09-13,378.989990234375,379.42999267578125,374.2200012207031,376.3299865722656,364.843994140625,48741800
2021-09-14,377.8599853515625,378.6099853515625,374.2799987792969,375.260009765625,363.806640625,41826600
2021-09-15,375.7300109863281,378.4100036621094,373.3699951171875,378.04998779296875,366.51153564453125,34097900
2021-09-16,376.67999267578125,378.8999938964844,374.70001220703125,378.30999755859375,366.7636413574219,35193100
2021-09-17,377.82000732421875,377.8699951171875,372.760009765625,373.8299865722656,362.4203796386719,60912300
2021-09-20,367.4599914550781,369.25,360.92999267578125,365.70001220703125,354.93157958984375,76203200
2021-09-21,367.5799865722656,368.80999755859375,364.989990234375,366.1499938964844,355.3683776855469,41927500
2021-09-22,367.0899963378906,371.07000732421875,365.9599914550781,369.57000732421875,358.6876525878906,46972900
2021-09-23,370.760009765625,374.0400085449219,370.1000061035156,372.9800109863281,361.9971923828125,44652000
2021-09-24,370.6499938964844,373.760009765625,370.2699890136719,373.3299865722656,362.3369140625,36056800
2021-09-27,370.20001220703125,371.25,367.7300109863281,370.3500061035156,359.4446105957031,43338100
2021-09-28,365.6700134277344,370.29998779296875,359.3500061035156,359.8699951171875,349.27325439453125,97701600
2021-09-29,361.1700134277344,363.3699951171875,358.6400146484375,359.2799987792969,348.7006530761719,58076600
2021-09-30,360.9700012207031,362.67999267578125,357.1000061035156,357.9599914550781,347.4194641113281,61384600
2021-10-01,358.6000061035156,361.25,354.3800048828125,360.17999267578125,349.5741271972656,56375500
2021-10-04,358.5199890136719,358.8599853515625,350.32000732421875,352.6199951171875,342.2367248535156,76766000
2021-10-05,353.7099914550781,359.69000244140625,353.4800109863281,357.3800048828125,346.8566589355469,47232900
2021-10-06,354.0799865722656,359.95001220703125,353.1499938964844,359.6700134277344,349.0791320800781,56806500
2021-10-07,362.79998779296875,365.69000244140625,362.25,362.9700012207031,352.2819519042969,39411200
2021-10-08,364.0799865722656,364.32000732421875,360.6099853515625,361.1600036621094,350.5252685546875,41822300
2021-10-11,359.5799865722656,363.20001220703125,358.29998779296875,358.3900146484375,347.83685302734375,34847200
2021-10-12,359.8800048828125,360.3299865722656,356.4800109863281,357.1400146484375,346.6236877441406,43905100
2021-10-13,359.510009765625,360.69000244140625,357.42999267578125,360.0,349.39935302734375,40120800
2021-10-14,363.69000244140625,366.8500061035156,363.010009765625,366.6300048828125,355.83416748046875,43433900
2021-10-15,367.8800048828125,369.05999755859375,366.82000732421875,368.94000244140625,358.0761413574219,40419900
2021-10-18,367.6099853515625,372.8699951171875,366.989990234375,372.6499938964844,361.6769104003906,34513500
2021-10-19,373.75,375.5199890136719,372.70001220703125,375.4700012207031,364.4139099121094,29091000
2021-10-20,375.94000244140625,376.57000732421875,373.4599914550781,374.9800109863281,363.9383239746094,31390300
2021-10-21,374.1600036621094,377.4700012207031,373.8500061035156,377.2699890136719,366.160888671875,25469300
2021-10-22,375.9800109863281,376.9700012207031,372.3900146484375,374.1000061035156,363.084228515625,36275800
2021-10-25,375.55999755859375,378.8699951171875,373.55999755859375,377.92999267578125,366.80145263671875,32597800
2021-10-26,380.2300109863281,382.7099914550781,377.9100036621094,379.1199951171875,367.9564514160156,47191300
2021-10-27,379.5799865722656,383.1499938964844,379.30999755859375,380.0,368.81048583984375,45760500
2021-10-28,381.95001220703125,384.4800109863281,381.1600036621094,384.2200012207031,372.9062194824219,38007000
2021-10-29,381.05999755859375,386.2799987792969,380.70001220703125,386.1099853515625,374.7405700683594,37310100
2021-11-01,386.55999755859375,387.55999755859375,384.4200134277344,387.42999267578125,376.0216369628906,30765300
2021-11-02,386.79998779296875,389.5400085449219,386.75,389.04998779296875,377.5939636230469,25135300
2021-11-03,389.54998779296875,393.6099853515625,388.4800109863281,393.17999267578125,381.6023864746094,33748900
2021-11-04,394.4800109863281,399.20001220703125,393.9200134277344,398.2200012207031,386.4940185546875,40265300
2021-11-05,400.0400085449219,400.989990234375,397.1600036621094,398.6000061035156,386.8628234863281,43383800
2021-11-08,398.57000732421875,399.6199951171875,397.3999938964844,398.05999755859375,386.33868408203125,29256300
2021-11-09,399.1600036621094,399.57000732421875,393.9200134277344,395.32000732421875,383.67938232421875,50490700
2021-11-10,392.4700012207031,395.3599853515625,387.5299987792969,389.510009765625,378.0405578613281,54937400
2021-11-11,392.57000732421875,392.75,390.239990234375,390.5899963378906,379.0886535644531,32243000
2021-11-12,391.7699890136719,395.25,390.1300048828125,394.70001220703125,383.07769775390625,34730600
2021-11-15,395.9100036621094,396.239990234375,392.1000061035156,394.6099853515625,382.9903259277344,33716900
2021-11-16,393.8599853515625,397.92999267578125,393.6600036621094,397.4200134277344,385.7175598144531,27872900
2021-11-17,397.75,399.7200012207031,396.6400146484375,397.6300048828125,385.9213562011719,28703300
2021-11-18,399.7300109863281,402.2699890136719,397.45001220703125,401.75,389.9199523925781,45721500
2021-11-19,403.42999267578125,405.29998779296875,402.5799865722656,403.989990234375,392.0941162109375,45191700
2021-11-22,405.57000732421875,408.7099914550781,399.19000244140625,399.29998779296875,387.54217529296875,61715400
2021-11-23,398.1099853515625,400.2300109863281,392.9200134277344,397.4800109863281,385.77581787109375,70098700
2021-11-24,394.92999267578125,399.04998779296875,392.5400085449219,398.760009765625,387.0180358886719,46954400
2021-11-26,396.1099853515625,397.5400085449219,389.7699890136719,391.20001220703125,379.68072509765625,51533300
2021-11-29,395.8900146484375,400.7300109863281,395.1400146484375,399.69000244140625,387.92071533203125,54447100
2021-11-30,398.7799987792969,401.19000244140625,391.75,393.82000732421875,382.2235412597656,81332700
2021-12-01,398.2799987792969,400.4800109863281,386.6400146484375,387.1199951171875,375.72076416015625,77766500
2021-12-02,385.79998779296875,391.739990234375,384.3399963378906,389.9100036621094,378.42864990234375,84416600
2021-12-03,391.30999755859375,392.3399963378906,378.8999938964844,383.1300048828125,371.84832763671875,105349100
2021-12-06,383.6300048828125,387.6000061035156,379.29998779296875,386.20001220703125,374.8280029296875,67588800
2021-12-07,393.0299987792969,398.4599914550781,392.989990234375,397.8299865722656,386.1155090332031,56005300
2021-12-08,398.1700134277344,399.82000732421875,396.2200012207031,399.6099853515625,387.8429870605469,39204000
2021-12-09,398.3500061035156,400.20001220703125,393.5299987792969,393.7300109863281,382.13623046875,49973700
2021-12-10,396.6199951171875,398.2799987792969,393.3599853515625,398.010009765625,386.2901611328125,52545800
2021-12-13,398.0,398.3299865722656,391.8800048828125,392.260009765625,380.7095031738281,50166400
2021-12-14,387.29998779296875,390.0899963378906,383.6300048828125,388.20001220703125,376.7690124511719,75199200
2021-12-15,387.94000244140625,397.4200134277344,383.8800048828125,397.04998779296875,385.35845947265625,73858000
2021-12-16,398.0400085449219,398.4800109863281,385.2099914550781,386.8399963378906,375.4490661621094,82591400
2021-12-17,383.3299865722656,389.19000244140625,381.7699890136719,384.9100036621094,373.5759582519531,80492500
2021-12-20,379.57000732421875,381.5,377.4700012207031,380.69000244140625,369.95208740234375,65336800
2021-12-21,384.04998779296875,389.5299987792969,380.20001220703125,389.2099914550781,378.231689453125,48899500
2021-12-22,388.9100036621094,394.1600036621094,388.2300109863281,393.95001220703125,382.83807373046875,37042200
2021-12-23,394.30999755859375,398.42999267578125,394.1400146484375,396.9200134277344,385.72430419921875,29595500
2021-12-27,398.25,403.4800109863281,398.2200012207031,403.4800109863281,392.0992736816406,32820700
2021-12-28,404.3999938964844,404.5799865722656,400.7099914550781,401.6099853515625,390.281982421875,33113700
2021-12-29,401.75,403.04998779296875,399.1099853515625,401.54998779296875,390.22369384765625,32248500
2021-12-30,401.3299865722656,403.57000732421875,399.75,400.3500061035156,389.0574951171875,23850100
2021-12-31,399.6600036621094,401.05999755859375,397.3399963378906,397.8500061035156,386.6280517578125,34752900
2022-01-03,399.04998779296875,401.94000244140625,396.8800048828125,401.67999267578125,390.35003662109375,40575900
2022-01-04,402.239990234375,402.2799987792969,393.2900085449219,396.4700012207031,385.2869873046875,58027200
2022-01-05,394.739990234375,395.8900146484375,384.0299987792969,384.2900085449219,373.4505920410156,75739800
2022-01-06,382.4200134277344,387.3500061035156,380.1300048828125,384.0199890136719,373.1881408691406,70814300
2022-01-07,384.0299987792969,385.760009765625,378.0400085449219,379.8599853515625,369.14556884765625,72652300
2022-01-10,374.82000732421875,380.6400146484375,369.30999755859375,380.1099853515625,369.38848876953125,91770500
2022-01-11,379.3599853515625,385.989990234375,377.2200012207031,385.82000732421875,374.93743896484375,68295700
2022-01-12,388.4599914550781,390.20001220703125,385.010009765625,387.3500061035156,376.4242858886719,54576400
2022-01-13,388.7699890136719,389.4700012207031,376.70001220703125,377.6600036621094,367.00762939453125,77994000
2022-01-14,375.07000732421875,380.3500061035156,374.8599853515625,380.010009765625,369.29132080078125,80121200
2022-01-18,374.0400085449219,376.2200012207031,369.7699890136719,370.54998779296875,360.0981140136719,75450900
2022-01-19,372.1499938964844,374.69000244140625,366.2099914550781,366.4800109863281,356.1429748535156,81791500
2022-01-20,369.7900085449219,373.8699951171875,361.1700134277344,361.7200012207031,351.5171203613281,88610700
2022-01-21,359.4700012207031,362.17999267578125,351.3999938964844,351.69000244140625,341.77008056640625,143388900
2022-01-24,345.9100036621094,353.9800109863281,334.1499938964844,353.29998779296875,343.33465576171875,198685800
2022-01-25,346.6700134277344,351.0299987792969,341.67999267578125,345.1099853515625,335.3757019042969,124398400
2022-01-26,352.9100036621094,356.8800048828125,340.7799987792969,344.57000732421875,334.8509521484375,146559500
2022-01-27,349.3999938964844,351.2699890136719,340.04998779296875,341.1000061035156,331.478759765625,95255700
2022-01-28,343.0299987792969,352.0199890136719,337.95001220703125,351.79998779296875,341.8769836425781,108167900
2022-01-31,353.20001220703125,363.6499938964844,351.5199890136719,363.04998779296875,352.80963134765625,94326400
2022-02-01,364.42999267578125,366.19000244140625,359.1400146484375,365.5199890136719,355.20989990234375,74433000
2022-02-02,369.760009765625,370.1000061035156,364.2900085449219,368.489990234375,358.09619140625,78777100
2022-02-03,358.5299987792969,361.92999267578125,352.4599914550781,353.54998779296875,343.5776062011719,95384800
2022-02-04,354.0799865722656,361.3999938964844,351.9700012207031,358.010009765625,347.9118347167969,86318300
2022-02-07,358.6199951171875,361.04998779296875,353.8399963378906,355.1300048828125,345.1130676269531,58198100
2022-02-08,353.9599914550781,360.239990234375,352.79998779296875,359.1199951171875,348.99053955078125,64720900
2022-02-09,363.760009765625,366.80999755859375,362.1199951171875,366.7300109863281,356.3858642578125,55766400
2022-02-10,359.5199890136719,366.489990234375,356.5400085449219,358.42999267578125,348.32000732421875,112468500
2022-02-11,358.42999267578125,360.07000732421875,345.79998779296875,347.05999755859375,337.2706604003906,101569100
2022-02-14,346.489990234375,350.9800109863281,343.8900146484375,347.489990234375,337.6885070800781,80254400
2022-02-15,352.9100036621094,356.3699951171875,351.82000732421875,356.1300048828125,346.08477783203125,55128800
2022-02-16,353.82000732421875,357.0899963378906,350.7099914550781,356.0400085449219,345.99749755859375,58947100
2022-02-17,352.739990234375,353.4599914550781,345.0199890136719,345.45001220703125,335.7060241699219,61801400
2022-02-18,346.4100036621094,346.80999755859375,339.1400146484375,341.510009765625,331.8773193359375,80001500
2022-02-22,338.489990234375,344.0400085449219,334.3500061035156,338.0799865722656,328.5439453125,85967100
2022-02-23,341.32000732421875,342.17999267578125,329.1000061035156,329.4200134277344,320.128173828125,86215400
2022-02-24,318.8399963378906,341.0400085449219,318.260009765625,340.489990234375,330.885986328125,130614100
2022-02-25,341.30999755859375,345.9800109863281,337.3900146484375,345.7699890136719,336.01702880859375,78842100
2022-02-28,342.510009765625,348.5400085449219,341.32000732421875,346.79998779296875,337.0180358886719,77515500
2022-03-01,345.75,348.0799865722656,338.8999938964844,341.489990234375,331.8577575683594,67407000
2022-03-02,343.0799865722656,348.5899963378906,340.239990234375,347.2200012207031,337.4261474609375,70609000
2022-03-03,349.92999267578125,350.0400085449219,340.3500061035156,342.260009765625,332.60601806640625,71089400
2022-03-04,339.8399963378906,341.30999755859375,334.9200134277344,337.29998779296875,327.785888671875,76936300
2022-03-07,337.2900085449219,338.4800109863281,324.6499938964844,324.8599853515625,315.69683837890625,89933800
2022-03-08,324.04998779296875,333.2099914550781,319.94000244140625,323.3500061035156,314.2294616699219,116153900
2022-03-09,331.75,336.3800048828125,329.0899963378906,334.989990234375,325.5411071777344,64723400
2022-03-10,330.82000732421875,332.510009765625,326.7099914550781,331.2699890136719,321.92608642578125,69362700
2022-03-11,334.32000732421875,334.6400146484375,323.8999938964844,324.3999938964844,315.2498474121094,66228400
2022-03-14,323.1300048828125,326.5899963378906,317.45001220703125,318.1700134277344,309.1956481933594,79802600
2022-03-15,320.8800048828125,328.95001220703125,319.2300109863281,328.1499938964844,318.8940124511719,76471000
2022-03-16,332.1700134277344,340.44000244140625,328.3999938964844,340.32000732421875,330.72076416015625,105243000
2022-03-17,338.3699951171875,344.5,337.0400085449219,344.44000244140625,334.7245788574219,67810000
2022-03-18,342.739990234375,351.7900085449219,341.54998779296875,351.489990234375,341.5757141113281,85446300
2022-03-21,350.20001220703125,352.4800109863281,345.5799865722656,350.0799865722656,340.6259765625,73799100
2022-03-22,350.5899963378906,357.8500061035156,350.20001220703125,356.9599914550781,347.3202819824219,63345900
2022-03-23,354.010009765625,357.6600036621094,351.7699890136719,351.8299865722656,342.3288269042969,70615500
2022-03-24,353.79998779296875,359.70001220703125,351.5899963378906,359.6499938964844,349.9377136230469,53555300
2022-03-25,359.5899963378906,360.6700134277344,354.94000244140625,359.3500061035156,349.6457824707031,57584200
2022-03-28,359.3399963378906,365.010009765625,358.07000732421875,364.9100036621094,355.0555725097656,56833900
2022-03-29,368.8999938964844,371.8299865722656,366.05999755859375,371.19000244140625,361.16607666015625,68073000
2022-03-30,369.2799987792969,370.9800109863281,365.57000732421875,367.0899963378906,357.1767578125,68757700
2022-03-31,367.239990234375,367.6000061035156,361.67999267578125,362.5400085449219,352.7496337890625,67011400
2022-04-01,362.80999755859375,363.6099853515625,358.5899963378906,361.8500061035156,352.0782775878906,54527800
2022-04-04,362.7099914550781,369.30999755859375,362.44000244140625,369.29998779296875,359.32708740234375,45950200
2022-04-05,367.80999755859375,368.5400085449219,359.92999267578125,361.1000061035156,351.3484802246094,62738700
2022-04-06,355.6499938964844,356.7799987792969,350.55999755859375,353.260009765625,343.7202453613281,90077100
2022-04-07,352.239990234375,356.3500061035156,348.69000244140625,354.1000061035156,344.5375061035156,63777400
2022-04-08,352.32000732421875,353.0899963378906,348.5,349.1499938964844,339.72119140625,61956100
2022-04-11,344.80999755859375,345.75,340.5400085449219,340.8900146484375,331.68426513671875,66107400
2022-04-12,345.760009765625,347.69000244140625,338.0400085449219,339.45001220703125,330.2831726074219,72790200
2022-04-13,339.79998779296875,347.42999267578125,339.05999755859375,346.3500061035156,336.996826171875,61367800
2022-04-14,346.44000244140625,346.9700012207031,338.2099914550781,338.42999267578125,329.29071044921875,73519400
2022-04-18,337.3500061035156,341.0400085449219,335.7900085449219,338.69000244140625,329.543701171875,58560600
2022-04-19,338.0299987792969,346.8500061035156,336.9800109863281,346.260009765625,336.9092102050781,56515700
2022-04-20,347.0899963378906,347.55999755859375,339.9599914550781,341.2099914550781,331.99560546875,65500000
2022-04-21,345.19000244140625,347.8699951171875,333.20001220703125,334.1499938964844,325.12628173828125,75801000
2022-04-22,334.30999755859375,335.55999755859375,324.9599914550781,325.3999938964844,316.6125793457031,82562100
2022-04-25,323.7300109863281,329.8999938964844,322.42999267578125,329.5799865722656,320.67962646484375,101755900
2022-04-26,327.4700012207031,327.6600036621094,316.8599853515625,317.1400146484375,308.5756530761719,105819600
2022-04-27,317.239990234375,322.8800048828125,315.0,316.760009765625,308.20587158203125,111204200
2022-04-28,321.8500061035156,329.8900146484375,317.5199890136719,328.010009765625,319.152099609375,99450000
2022-04-29,323.70001220703125,327.2300109863281,312.6000061035156,313.25,304.7906494140625,91977900
2022-05-02,312.8299865722656,318.7200012207031,309.6499938964844,318.4800109863281,309.8794860839844,115511800
2022-05-03,318.5,321.1700134277344,315.9800109863281,318.82000732421875,310.210205078125,78185500
2022-05-04,319.30999755859375,330.2900085449219,313.8900146484375,329.6000061035156,320.6991271972656,116083400
2022-05-05,325.1700134277344,325.25,309.6199951171875,313.0,304.5473937988281,154607400
2022-05-06,310.95001220703125,315.0899963378906,305.1099853515625,309.25,300.8986511230469,139572800
2022-05-09,303.4800109863281,309.3500061035156,295.7200012207031,297.1499938964844,289.1254577636719,113387300
2022-05-10,304.510009765625,305.760009765625,296.57000732421875,300.760009765625,292.6379699707031,124124600
2022-05-11,298.44000244140625,304.0899963378906,290.95001220703125,291.8399963378906,283.9588317871094,140326100
2022-05-12,287.45001220703125,295.75,284.94000244140625,291.1499938964844,283.2874755859375,120910900
2022-05-13,295.7200012207031,303.0,294.0799865722656,301.94000244140625,293.7861022949219,83684900
2022-05-16,300.1499938964844,302.260009765625,297.1300048828125,298.44000244140625,290.38067626953125,59190400
2022-05-17,304.45001220703125,306.55999755859375,300.54998779296875,306.1700134277344,297.9018249511719,62715300
2022-05-18,301.5400085449219,302.25,289.8500061035156,291.1400146484375,283.2777404785156,79477100
2022-05-19,289.2900085449219,294.3900146484375,287.5799865722656,289.5799865722656,281.7598571777344,79920700
2022-05-20,293.1300048828125,293.79998779296875,280.2099914550781,288.67999267578125,280.8841857910156,91764200
2022-05-23,289.75,293.8699951171875,287.2900085449219,293.4800109863281,285.5546569824219,63648400
2022-05-24,288.1300048828125,288.8599853515625,282.25,287.239990234375,279.48309326171875,73491100
2022-05-25,285.7099914550781,293.3900146484375,285.5,291.260009765625,283.3945617675781,67144500
2022-05-26,290.44000244140625,300.9200134277344,290.1499938964844,299.3299865722656,291.24664306640625,59462200
2022-05-27,302.5400085449219,309.25,302.4200134277344,309.1000061035156,300.75274658203125,66985600
2022-05-31,309.07000732421875,311.3299865722656,304.3299865722656,308.2799987792969,299.9548645019531,60968300
2022-06-01,310.4700012207031,312.6499938964844,303.7300109863281,306.0,297.73651123046875,65341700
2022-06-02,304.8500061035156,314.55999755859375,303.3999938964844,314.3800048828125,305.8902587890625,59291300
2022-06-03,309.0299987792969,310.4700012207031,304.9200134277344,306.20001220703125,297.9310302734375,60914700
2022-06-06,310.75,312.3500061035156,305.6199951171875,307.2200012207031,298.92352294921875,51785000
2022-06-07,303.80999755859375,310.6700134277344,302.69000244140625,309.8699951171875,301.5019226074219,44900300
2022-06-08,309.04998779296875,311.7200012207031,306.7699890136719,307.6400146484375,299.3321838378906,38342100
2022-06-09,305.9100036621094,309.04998779296875,299.2300109863281,299.3999938964844,291.31475830078125,55900500
2022-06-10,293.6499938964844,294.8699951171875,288.3800048828125,288.8399963378906,281.0398864746094,85963500
2022-06-13,279.75,282.3399963378906,274.5299987792969,275.4100036621094,267.9725646972656,94442000
2022-06-14,277.6600036621094,278.6600036621094,273.3399963378906,275.9100036621094,268.4590759277344,64697500
2022-06-15,279.4200134277344,286.8299865722656,276.6099853515625,282.79998779296875,275.16302490234375,86051400
2022-06-16,275.5899963378906,276.05999755859375,269.2799987792969,271.3900146484375,264.0610656738281,81910300
2022-06-17,272.17999267578125,277.19000244140625,270.510009765625,274.69000244140625,267.2720031738281,82703400
2022-06-21,278.75,283.45001220703125,278.6400146484375,281.0799865722656,274.0151672363281,51633700
2022-06-22,278.5199890136719,285.17999267578125,277.9100036621094,280.6700134277344,273.61541748046875,67472900
2022-06-23,283.2099914550781,285.7200012207031,280.30999755859375,284.8500061035156,277.69036865234375,57457800
2022-06-24,287.739990234375,295.0400085449219,287.5,294.6099853515625,287.2049865722656,58422300
2022-06-27,296.0,296.5799865722656,291.2900085449219,292.45001220703125,285.099365234375,54151500
2022-06-28,293.0,295.6499938964844,283.3500061035156,283.5400085449219,276.4132995605469,61609800
2022-06-29,283.3999938964844,285.3399963378906,280.8399963378906,283.79998779296875,276.666748046875,57302700
2022-06-30,280.75,283.94000244140625,275.7799987792969,280.2799987792969,273.23529052734375,79313600
2022-07-01,278.95001220703125,282.5299987792969,277.0299987792969,282.1300048828125,275.0387268066406,56675100
2022-07-05,278.30999755859375,287.0799865722656,276.75,286.9599914550781,279.7473449707031,61829300
2022-07-06,287.3500061035156,290.95001220703125,285.5899963378906,288.79998779296875,281.5410461425781,63194700
2022-07-07,289.6300048828125,295.70001220703125,289.6300048828125,294.9800109863281,287.5657958984375,56620100
2022-07-08,292.0799865722656,296.75,291.1199951171875,295.3500061035156,287.926513671875,59895500
2022-07-11,292.8800048828125,293.1099853515625,288.1400146484375,289.0400085449219,281.7750549316406,55273900
2022-07-12,290.32000732421875,292.2799987792969,284.6099853515625,286.239990234375,279.0454406738281,55797100
2022-07-13,280.6000061035156,288.04998779296875,280.0199890136719,285.6499938964844,278.4702453613281,73939400
2022-07-14,282.989990234375,287.55999755859375,279.79998779296875,286.6700134277344,279.4646911621094,63741800
2022-07-15,289.7300109863281,291.9800109863281,288.0799865722656,291.8699951171875,284.533935546875,63818100
2022-07-18,294.7200012207031,296.1600036621094,288.20001220703125,289.3999938964844,282.1260070800781,59519600
2022-07-19,293.1099853515625,298.6000061035156,291.4700012207031,298.29998779296875,290.80230712890625,55172600
2022-07-20,298.7300109863281,304.239990234375,297.92999267578125,303.0299987792969,295.41351318359375,67769400
2022-07-21,303.5,307.44000244140625,300.7799987792969,307.3800048828125,299.6541442871094,55049400
2022-07-22,306.42999267578125,308.54998779296875,300.1199951171875,301.989990234375,294.3995361328125,57127700
2022-07-25,302.0199890136719,302.5,298.2200012207031,300.2699890136719,292.72283935546875,40582400
2022-07-26,298.5299987792969,298.7900085449219,293.5400085449219,294.3699951171875,286.97113037109375,50074100
2022-07-27,299.0400085449219,308.5400085449219,298.4599914550781,306.80999755859375,299.0984191894531,69304400
2022-07-28,306.5899963378906,310.3999938964844,302.75,309.80999755859375,302.0230712890625,55139900
2022-07-29,311.3900146484375,316.3900146484375,309.92999267578125,315.4599914550781,307.5310363769531,57501000
2022-08-01,313.6499938964844,318.80999755859375,312.5299987792969,315.2699890136719,307.3458251953125,46358800
2022-08-02,312.9200134277344,318.54998779296875,311.8399963378906,314.3299865722656,306.42938232421875,48676500
2022-08-03,316.04998779296875,323.7300109863281,315.989990234375,322.8900146484375,314.7742614746094,53735700
2022-08-04,322.9700012207031,324.7200012207031,320.7699890136719,324.3999938964844,316.2463073730469,38973700
2022-08-05,319.19000244140625,323.8299865722656,318.3900146484375,321.75,313.6629638671875,53894000
2022-08-08,322.69000244140625,326.4700012207031,319.2099914550781,320.7099914550781,312.6490173339844,43878500
2022-08-09,318.7699890136719,319.0299987792969,315.4200134277344,317.0799865722656,309.1102600097656,39764200
2022-08-10,324.5899963378906,326.2300109863281,322.05999755859375,325.92999267578125,317.73779296875,51459600
2022-08-11,328.30999755859375,330.3599853515625,323.3599853515625,324.0799865722656,315.9343566894531,45897700
2022-08-12,326.17999267578125,330.5899963378906,325.1000061035156,330.3900146484375,322.0857238769531,40928400
2022-08-15,329.4200134277344,333.57000732421875,329.3999938964844,333.05999755859375,324.68865966796875,38266600
2022-08-16,332.05999755859375,334.4200134277344,329.1600036621094,332.2799987792969,323.92828369140625,41186900
2022-08-17,329.07000732421875,331.42999267578125,326.3599853515625,328.489990234375,320.23345947265625,47842200
2022-08-18,328.44000244140625,330.489990234375,326.7900085449219,329.2799987792969,321.003662109375,41937200
2022-08-19,326.1700134277344,326.8399963378906,322.0799865722656,322.8599853515625,314.7449951171875,51770600
2022-08-22,318.5,318.739990234375,313.5299987792969,314.3599853515625,306.45867919921875,51098900
2022-08-23,314.1199951171875,317.0,313.3299865722656,314.1000061035156,306.2051696777344,39497100
2022-08-24,313.6099853515625,316.8699951171875,312.989990234375,315.010009765625,307.09228515625,38057100
2022-08-25,316.8299865722656,320.6000061035156,315.760009765625,320.5799865722656,312.5223083496094,38098300
2022-08-26,320.2799987792969,321.510009765625,307.3500061035156,307.44000244140625,299.712646484375,69047700
2022-08-29,304.6199951171875,307.2200012207031,303.2799987792969,304.4100036621094,296.7587585449219,48321900
2022-08-30,306.1000061035156,306.7300109863281,298.44000244140625,301.0199890136719,293.45391845703125,51184500
2022-08-31,303.989990234375,304.9100036621094,299.1600036621094,299.2699890136719,291.7479553222656,50044000
2022-09-01,296.7200012207031,299.7799987792969,292.95001220703125,299.3999938964844,291.8746032714844,57990700
2022-09-02,302.3399963378906,303.75,293.5199890136719,295.1700134277344,287.7510070800781,64666800
2022-09-06,295.6600036621094,296.6000061035156,290.8699951171875,293.04998779296875,285.68426513671875,57005400
2022-09-07,293.5400085449219,299.989990234375,293.2699890136719,298.9700012207031,291.45550537109375,49260400
2022-09-08,296.8500061035156,301.8699951171875,295.45001220703125,300.5199890136719,292.96649169921875,55649800
2022-09-09,302.8299865722656,307.6000061035156,300.5199890136719,307.0899963378906,299.3714294433594,56125200
2022-09-12,308.5,311.0799865722656,308.17999267578125,310.739990234375,302.92962646484375,45905700
2022-09-13,301.79998779296875,303.0199890136719,292.7900085449219,293.70001220703125,286.3179016113281,79562200
2022-09-14,294.8699951171875,296.92999267578125,293.05999755859375,296.0299987792969,288.5893859863281,54907200
2022-09-15,294.07000732421875,296.5299987792969,289.4599914550781,291.1000061035156,283.7833557128906,65299400
2022-09-16,287.7200012207031,289.7200012207031,285.6199951171875,289.32000732421875,282.0480041503906,79920400
2022-09-19,286.1000061035156,291.2099914550781,286.0400085449219,291.04998779296875,284.2444152832031,52613800
2022-09-20,288.489990234375,291.07000732421875,286.3800048828125,288.7300109863281,281.9787902832031,51271100
2022-09-21,289.5899963378906,293.95001220703125,283.4200134277344,283.55999755859375,276.92962646484375,82931000
2022-09-22,282.0,283.0299987792969,278.82000732421875,280.07000732421875,273.52117919921875,62757100
2022-09-23,277.54998779296875,277.8500061035156,272.0199890136719,275.510009765625,269.06781005859375,74815200
2022-09-26,275.0299987792969,279.489990234375,273.55999755859375,274.3699951171875,267.95452880859375,71176700
2022-09-27,277.80999755859375,280.2099914550781,272.1099853515625,274.4800109863281,268.0618896484375,69780100
2022-09-28,274.4599914550781,281.25,272.95001220703125,279.94000244140625,273.3942565917969,79652100
2022-09-29,275.8599853515625,276.25,268.8399963378906,271.8699951171875,265.5129089355469,81216000
2022-09-30,271.0299987792969,275.19000244140625,267.1000061035156,267.260009765625,261.0107421875,78482400
2022-10-03,269.07000732421875,275.1600036621094,267.5299987792969,273.5299987792969,267.1340637207031,61267400
2022-10-04,278.989990234375,282.8500061035156,278.989990234375,282.1300048828125,275.5330505371094,66696900
2022-10-05,278.2799987792969,283.80999755859375,275.4200134277344,281.9800109863281,275.3864440917969,55766300
2022-10-06,280.9599914550781,284.17999267578125,279.42999267578125,279.760009765625,273.21844482421875,53489400
2022-10-07,275.0199890136719,275.1499938964844,267.739990234375,269.1000061035156,262.8077697753906,71354700
2022-10-10,269.29998779296875,269.70001220703125,263.6400146484375,266.4100036621094,260.1805725097656,60393000
2022-10-11,264.70001220703125,267.6300048828125,261.0299987792969,262.75,256.6062316894531,66522500
2022-10-12,263.3999938964844,265.3599853515625,261.95001220703125,262.6600036621094,256.518310546875,50580200
2022-10-13,255.16000366210938,270.1700134277344,254.25999450683594,268.82000732421875,262.5342712402344,112894100
2022-10-14,271.20001220703125,271.80999755859375,260.1400146484375,260.739990234375,254.64315795898438,77244300
2022-10-17,266.8399963378906,270.239990234375,266.739990234375,269.3500061035156,263.05181884765625,64576500
2022-10-18,276.5299987792969,277.2099914550781,268.739990234375,271.4800109863281,265.13201904296875,69781000
2022-10-19,269.92999267578125,273.67999267578125,268.07000732421875,270.489990234375,264.1651916503906,53115400
2022-10-20,269.5799865722656,274.8399963378906,267.9200134277344,269.1099853515625,262.8173522949219,60605500
2022-10-21,267.9800109863281,275.9700012207031,266.82000732421875,275.4200134277344,268.9799499511719,77897700
2022-10-24,275.69000244140625,279.3999938964844,271.9700012207031,278.45001220703125,271.93914794921875,63963600
2022-10-25,279.4100036621094,284.6000061035156,277.8999938964844,284.2099914550781,277.5643615722656,59014500
2022-10-26,278.4599914550781,283.9800109863281,277.42999267578125,277.92999267578125,271.43121337890625,63492400
2022-10-27,276.7900085449219,278.2799987792969,272.3399963378906,272.8699951171875,266.4895935058594,57760300
2022-10-28,272.2300109863281,281.70001220703125,272.05999755859375,281.2200012207031,274.644287109375,62651300
2022-10-31,278.9200134277344,279.760009765625,275.989990234375,277.95001220703125,271.4507751464844,47742000
2022-11-01,281.5,282.07000732421875,274.739990234375,275.1099853515625,268.67718505859375,45895900
2022-11-02,275.0799865722656,278.2099914550781,265.6099853515625,265.67999267578125,259.4676513671875,79803100
2022-11-03,263.010009765625,264.5,260.1000061035156,260.489990234375,254.3990478515625,70038900
2022-11-04,265.5299987792969,266.6099853515625,259.0799865722656,264.67999267578125,258.49102783203125,78313200
2022-11-07,265.75,268.1400146484375,263.57000732421875,267.5899963378906,261.3330078125,47333800
2022-11-08,269.1400146484375,272.8500061035156,265.5199890136719,269.5400085449219,263.2374572753906,63213800
2022-11-09,267.760009765625,268.55999755859375,263.0299987792969,263.32000732421875,257.1628112792969,64862100
2022-11-10,276.010009765625,283.04998779296875,273.8500061035156,282.75,276.13848876953125,99256700
2022-11-11,282.55999755859375,288.6400146484375,281.19000244140625,287.9599914550781,281.22674560546875,66961800
2022-11-14,285.8599853515625,289.2099914550781,284.44000244140625,285.44000244140625,278.7655944824219,55290700
2022-11-15,292.2099914550781,293.260009765625,285.9700012207031,289.3900146484375,282.6233215332031,73985400
2022-11-16,287.3900146484375,289.4800109863281,284.6000061035156,285.44000244140625,278.7655944824219,48859800
2022-11-17,280.8800048828125,286.32000732421875,280.7200012207031,284.80999755859375,278.150390625,55462100
2022-11-18,287.8900146484375,287.989990234375,282.32000732421875,284.82000732421875,278.16015625,53588600
2022-11-21,283.3999938964844,284.5799865722656,281.0400085449219,281.8900146484375,275.2986755371094,40083500
2022-11-22,282.6400146484375,286.1099853515625,280.4599914550781,285.95001220703125,279.26373291015625,41873400
2022-11-23,285.9700012207031,289.4599914550781,285.7900085449219,288.82000732421875,282.06658935546875,46390000
2022-11-25,287.19000244140625,287.9100036621094,286.4200134277344,286.9200134277344,280.21099853515625,15498800
2022-11-28,284.8999938964844,286.9599914550781,281.760009765625,282.7099914550781,276.09942626953125,38714200
2022-11-29,282.94000244140625,283.3500061035156,279.1700134277344,280.57000732421875,274.0094299316406,35618900
2022-11-30,280.8399963378906,293.4700012207031,279.9700012207031,293.3599853515625,286.50042724609375,74718100
2022-12-01,293.69000244140625,295.75,290.8800048828125,293.7200012207031,286.8520202636719,51547300
2022-12-02,288.5400085449219,293.45001220703125,288.3599853515625,292.54998779296875,285.7093505859375,53583200
2022-12-05,290.3800048828125,291.67999267578125,286.1499938964844,287.6400146484375,280.9142150878906,41482100
2022-12-06,287.4800109863281,287.6199951171875,280.260009765625,281.67999267578125,275.0935363769531,53937600
2022-12-07,280.4700012207031,282.57000732421875,278.7799987792969,280.5299987792969,273.97039794921875,45614300
2022-12-08,281.9100036621094,284.8399963378906,279.7900085449219,283.8500061035156,277.2128601074219,42594900
2022-12-09,282.80999755859375,285.6400146484375,281.5899963378906,282.0400085449219,275.44512939453125,47860500
2022-12-12,282.2200012207031,285.6400146484375,281.1600036621094,285.5799865722656,278.90234375,35732500
2022-12-13,296.6499938964844,296.8800048828125,285.9100036621094,288.6499938964844,281.9005432128906,80667700
2022-12-14,288.04998779296875,291.4100036621094,283.19000244140625,286.510009765625,279.810546875,64984400
2022-12-15,282.3299865722656,283.010009765625,275.6700134277344,276.8900146484375,270.41558837890625,60554100
2022-12-16,276.20001220703125,277.7699890136719,272.6099853515625,274.25,267.8373107910156,68300400
2022-12-19,273.8699951171875,273.9599914550781,268.489990234375,269.75,264.0732421875,44167900
2022-12-20,268.55999755859375,271.32000732421875,266.95001220703125,269.5400085449219,263.86767578125,51064200
2022-12-21,270.6000061035156,274.7799987792969,269.739990234375,273.45001220703125,267.6953125,46394700
2022-12-22,270.3800048828125,270.510009765625,262.4599914550781,266.760009765625,261.1460876464844,60278400
2022-12-23,265.4700012207031,268.0400085449219,263.5299987792969,267.3599853515625,261.73345947265625,39373600
2022-12-27,266.739990234375,266.8500061035156,263.0299987792969,263.5799865722656,258.03302001953125,38009000
2022-12-28,263.1700134277344,265.4700012207031,259.7300109863281,260.1000061035156,254.62632751464844,47139000
2022-12-29,262.9599914550781,267.3999938964844,262.25,266.44000244140625,260.8328857421875,45893600
2022-12-30,263.6199951171875,266.4100036621094,262.2900085449219,266.2799987792969,260.6762390136719,37858300
2023-01-03,268.6499938964844,270.1499938964844,262.1300048828125,264.4800109863281,258.9141845703125,42335300
2023-01-04,266.6400146484375,267.45001220703125,262.5299987792969,265.739990234375,260.1476135253906,47754900
2023-01-05,264.0400085449219,264.2099914550781,261.260009765625,261.5799865722656,256.07513427734375,45396700
2023-01-06,263.3500061035156,269.94000244140625,260.3399963378906,268.79998779296875,263.1431884765625,54659700
2023-01-09,270.8299865722656,275.2900085449219,269.9200134277344,270.5400085449219,264.84661865234375,45568700
2023-01-10,269.489990234375,272.94000244140625,268.9700012207031,272.8299865722656,267.08837890625,35247800
2023-01-11,273.9200134277344,277.6600036621094,273.1199951171875,277.54998779296875,271.708984375,44077000
2023-01-12,278.1199951171875,280.1000061035156,273.739990234375,279.04998779296875,273.177490234375,60600000
2023-01-13,276.5,281.2200012207031,276.1600036621094,280.9700012207031,275.05712890625,44802900
2023-01-17,280.7699890136719,282.8500061035156,279.5799865722656,281.5400085449219,275.61517333984375,36269700
2023-01-18,283.1099853515625,284.69000244140625,277.6700134277344,277.8800048828125,272.0320739746094,47754500
2023-01-19,276.2200012207031,277.3800048828125,273.8900146484375,275.1499938964844,269.3594970703125,44150400
2023-01-20,276.7900085449219,283.0199890136719,275.7099914550781,282.67999267578125,276.7310485839844,60613600
2023-01-23,283.5400085449219,290.2099914550781,282.7300109863281,288.9599914550781,282.87896728515625,52799900
2023-01-24,287.30999755859375,289.54998779296875,286.7799987792969,288.3699951171875,282.30133056640625,44875100
2023-01-25,283.7699890136719,288.3599853515625,281.17999267578125,287.7300109863281,281.6748046875,50872000
2023-01-26,291.2200012207031,293.5199890136719,288.5199890136719,293.3399963378906,287.1667175292969,51596300
2023-01-27,292.0,298.260009765625,291.8800048828125,296.260009765625,290.0252990722656,56441900
2023-01-30,292.92999267578125,294.3800048828125,289.8900146484375,290.2699890136719,284.161376953125,49405800
2023-01-31,290.30999755859375,294.7200012207031,290.20001220703125,294.6199951171875,288.4197998046875,46705100
2023-02-01,294.4100036621094,303.42999267578125,292.29998779296875,300.9200134277344,294.5872497558594,67562200
2023-02-02,307.57000732421875,313.67999267578125,306.7300109863281,311.7200012207031,305.1600036621094,83070600
2023-02-03,304.94000244140625,312.3900146484375,304.5400085449219,306.17999267578125,299.7364807128906,76170800
2023-02-06,303.510009765625,305.9100036621094,302.2200012207031,303.5899963378906,297.2010498046875,40802300
2023-02-07,303.4599914550781,311.0299987792969,302.32000732421875,309.8800048828125,303.3587341308594,67584000
2023-02-08,308.5400085449219,309.5,303.6700134277344,304.3699951171875,297.96466064453125,56720900
2023-02-09,308.8399963378906,308.989990234375,300.20001220703125,301.67999267578125,295.3312072753906,49137800
2023-02-10,299.4800109863281,301.57000732421875,297.25,299.70001220703125,293.3929138183594,50050100
2023-02-13,301.1300048828125,305.1000061035156,299.92999267578125,304.5,298.0919494628906,39636700
2023-02-14,302.8900146484375,307.7200012207031,300.9100036621094,306.75,300.2945861816406,64079100
2023-02-15,304.8999938964844,309.2699890136719,304.20001220703125,309.1000061035156,302.5951232910156,43100600
2023-02-16,304.3800048828125,308.42999267578125,303.1499938964844,303.29998779296875,296.9171447753906,59498600
2023-02-17,301.07000732421875,301.92999267578125,298.1000061035156,301.1600036621094,294.82220458984375,58230700
2023-02-21,297.260009765625,298.7300109863281,293.8900146484375,294.0299987792969,287.8421630859375,46526700
2023-02-22,294.6199951171875,296.3599853515625,292.55999755859375,294.25,288.0575866699219,51389200
2023-02-23,297.9700012207031,298.1300048828125,292.54998779296875,296.82000732421875,290.573486328125,69294400
2023-02-24,291.760009765625,292.9700012207031,290.04998779296875,291.8500061035156,285.70806884765625,74332000
2023-02-27,295.07000732421875,296.489990234375,293.3399963378906,293.94000244140625,287.7541198730469,48995000
2023-02-28,293.29998779296875,296.1199951171875,292.9599914550781,293.55999755859375,287.38214111328125,48243100
2023-03-01,293.260009765625,293.92999267578125,290.20001220703125,291.20001220703125,285.0718688964844,58287000
2023-03-02,288.6600036621094,294.42999267578125,288.3699951171875,293.6099853515625,287.43109130859375,53565900
2023-03-03,295.3900146484375,299.9200134277344,294.8699951171875,299.67999267578125,293.37335205078125,60511500
2023-03-06,300.94000244140625,304.0,299.82000732421875,300.0199890136719,293.70611572265625,56736300
2023-03-07,300.07000732421875,301.010009765625,295.7200012207031,296.3399963378906,290.1035461425781,65955800
2023-03-08,296.7699890136719,298.42999267578125,294.8800048828125,297.82000732421875,291.55242919921875,50876300
2023-03-09,298.3299865722656,300.9800109863281,291.8299865722656,292.6600036621094,286.5010681152344,71456700
2023-03-10,292.8299865722656,294.3500061035156,287.3800048828125,288.54998779296875,282.4775695800781,98593600
2023-03-13,286.7300109863281,294.4700012207031,285.19000244140625,290.69000244140625,284.5724792480469,97123600
2023-03-14,294.30999755859375,297.92999267578125,293.45001220703125,297.3699951171875,291.1119689941406,73602500
2023-03-15,294.7099914550781,299.2699890136719,293.239990234375,298.92999267578125,292.63909912109375,83631500
2023-03-16,298.0,307.17999267578125,297.19000244140625,306.80999755859375,300.35333251953125,98198100
2023-03-17,306.7200012207031,309.1499938964844,303.3699951171875,305.3599853515625,298.9338073730469,89923700
2023-03-20,304.260009765625,306.29998779296875,302.010009765625,305.9700012207031,299.9947204589844,56359500
2023-03-21,307.94000244140625,310.79998779296875,306.3999938964844,310.3399963378906,304.2792663574219,49757000
2023-03-22,310.2699890136719,315.25,305.95001220703125,306.1199951171875,300.1417236328125,75791900
2023-03-23,309.9200134277344,314.1499938964844,307.010009765625,309.75,303.7008056640625,74576000
2023-03-24,309.32000732421875,310.989990234375,306.95001220703125,310.8900146484375,304.8185729980469,57195200
2023-03-27,311.6000061035156,312.70001220703125,307.8900146484375,308.760009765625,302.73016357421875,50287400
2023-03-28,308.1700134277344,308.20001220703125,304.7699890136719,307.1199951171875,301.1221923828125,48585900
2023-03-29,310.8800048828125,313.3500061035156,310.04998779296875,312.7200012207031,306.6128234863281,53274300
2023-03-30,315.239990234375,316.32000732421875,312.80999755859375,315.67999267578125,309.5150451660156,58354800
2023-03-31,315.9100036621094,321.1700134277344,315.6000061035156,320.92999267578125,314.6625061035156,62138100
2023-04-03,318.7699890136719,320.4200134277344,317.4200134277344,320.1499938964844,313.89776611328125,47126800
2023-04-04,320.6000061035156,321.6300048828125,317.8299865722656,319.07000732421875,312.83880615234375,45875400
2023-04-05,318.1000061035156,319.05999755859375,314.07000732421875,315.9200134277344,309.7503356933594,62795700
2023-04-06,314.239990234375,318.54998779296875,312.82000732421875,318.04998779296875,311.8387145996094,46916500
2023-04-10,315.07000732421875,317.9200134277344,313.25,317.8699951171875,311.6622314453125,45134700
2023-04-11,317.8299865722656,317.8900146484375,315.30999755859375,315.8299865722656,309.6620788574219,40113600
2023-04-12,317.82000732421875,318.4200134277344,312.57000732421875,313.0400085449219,306.9266052246094,62813300
2023-04-13,314.8299865722656,319.6499938964844,313.6300048828125,319.1700134277344,312.9369201660156,54613800
2023-04-14,317.5899963378906,320.3599853515625,315.6099853515625,318.57000732421875,312.3486022949219,56278300
2023-04-17,318.1499938964844,319.20001220703125,316.0400085449219,318.8399963378906,312.6133117675781,43007000
2023-04-18,320.989990234375,321.4200134277344,317.6400146484375,318.8599853515625,312.6329345703125,46746900
2023-04-19,316.4100036621094,319.7900085449219,316.2799987792969,318.7099914550781,312.4858703613281,38960100
2023-04-20,315.69000244140625,319.2699890136719,314.9700012207031,316.2799987792969,310.1033020019531,62462100
2023-04-21,315.9100036621094,317.3999938964844,314.1000061035156,316.6099853515625,310.4268798828125,59002300
2023-04-24,316.3800048828125,317.739990234375,313.739990234375,315.95001220703125,309.7797546386719,44043100
2023-04-25,314.2900085449219,314.9700012207031,309.8900146484375,309.989990234375,303.9361267089844,57121600
2023-04-26,313.44000244140625,314.94000244140625,311.3399963378906,311.8699951171875,305.7794494628906,55400500
2023-04-27,315.70001220703125,320.8599853515625,315.04998779296875,320.3500061035156,314.09381103515625,65430400
2023-04-28,320.1099853515625,322.6499938964844,318.9599914550781,322.55999755859375,316.26068115234375,59712600
2023-05-01,322.0899963378906,323.6300048828125,321.0899963378906,322.19000244140625,315.89788818359375,41013400
2023-05-02,322.1199951171875,322.45001220703125,317.6099853515625,319.3800048828125,313.14276123046875,56519400
2023-05-03,319.75,322.4700012207031,317.17999267578125,317.2900085449219,311.0935974121094,59882100
2023-05-04,317.05999755859375,318.2300109863281,315.1199951171875,316.1700134277344,309.9954528808594,50224500
2023-05-05,318.4700012207031,323.760009765625,316.2099914550781,322.8900146484375,316.584228515625,51806100
2023-05-08,322.4200134277344,324.0400085449219,321.32000732421875,323.69000244140625,317.3686218261719,36465800
2023-05-09,322.0,322.8800048828125,321.32000732421875,321.6400146484375,315.358642578125,31768800
2023-05-10,324.1199951171875,326.010009765625,321.6000061035156,325.1400146484375,318.790283203125,60446600
2023-05-11,325.70001220703125,326.75,324.1199951171875,326.20001220703125,319.8295593261719,44278500
2023-05-12,326.739990234375,327.1700134277344,322.94000244140625,325.0299987792969,318.682373046875,48432800
2023-05-15,325.510009765625,327.0299987792969,323.9599914550781,326.7900085449219,320.4080810546875,33375600
2023-05-16,326.05999755859375,328.8999938964844,326.0199890136719,327.1600036621094,320.7708740234375,40019200
2023-05-17,328.239990234375,331.7099914550781,327.0400085449219,331.1199951171875,324.6535339355469,47486100
2023-05-18,331.5199890136719,337.489990234375,331.5,337.2699890136719,330.68341064453125,64213500
2023-05-19,337.489990234375,338.2099914550781,335.42999267578125,336.510009765625,329.938232421875,61554900
2023-05-22,336.25,338.6700134277344,336.239990234375,337.6400146484375,331.0462646484375,43015900
2023-05-23,335.8900146484375,337.05999755859375,333.0,333.3599853515625,326.8497314453125,48216700
2023-05-24,331.3699951171875,332.9100036621094,329.55999755859375,331.6499938964844,325.1731872558594,62891200
2023-05-25,339.1400146484375,341.010009765625,336.6700134277344,339.7200012207031,333.0856628417969,66862800
2023-05-26,340.760009765625,349.25,340.6600036621094,348.3999938964844,341.5960693359375,63007000
2023-05-30,352.7099914550781,353.92999267578125,348.5299987792969,349.9800109863281,343.14520263671875,72652200
2023-05-31,348.3699951171875,350.6000061035156,346.510009765625,347.989990234375,341.19403076171875,65105400
2023-06-01,347.7300109863281,353.3599853515625,346.6600036621094,352.010009765625,345.1355285644531,50488600
2023-06-02,353.79998779296875,355.8299865722656,352.010009765625,354.6499938964844,347.7240295410156,53372100
2023-06-05,354.42999267578125,357.5,353.8500061035156,354.8999938964844,347.9691162109375,47266200
2023-06-06,354.2799987792969,355.82000732421875,352.92999267578125,354.8399963378906,347.9102478027344,41390400
2023-06-07,355.1300048828125,357.1199951171875,348.17999267578125,348.82000732421875,342.00787353515625,69225900
2023-06-08,349.1199951171875,353.6199951171875,348.8900146484375,353.1499938964844,346.2532653808594,47153900
2023-06-09,354.6300048828125,357.6600036621094,353.0299987792969,354.5,347.576904296875,53196900
2023-06-12,356.19000244140625,360.5899963378906,355.20001220703125,360.489990234375,353.449951171875,44606500
2023-06-13,363.2900085449219,364.1099853515625,360.0299987792969,363.260009765625,356.1658020019531,57097800
2023-06-14,363.2699890136719,366.19000244140625,360.4200134277344,365.8999938964844,358.75433349609375,69525600
2023-06-15,364.6099853515625,371.7699890136719,363.9800109863281,370.260009765625,363.02911376953125,71138800
2023-06-16,372.7200012207031,372.8500061035156,367.4800109863281,367.92999267578125,360.74468994140625,80932000
2023-06-20,365.95001220703125,368.32000732421875,363.8900146484375,366.8999938964844,360.22821044921875,49204700
2023-06-21,365.739990234375,366.17999267578125,360.9599914550781,361.8999938964844,355.31915283203125,53378300
2023-06-22,360.6300048828125,366.3299865722656,360.2200012207031,366.1700134277344,359.5114440917969,47603000
2023-06-23,362.2099914550781,364.8800048828125,360.82000732421875,362.5400085449219,355.947509765625,48922900
2023-06-26,362.0,364.8399963378906,357.5899963378906,357.67999267578125,351.1759033203125,52685500
2023-06-27,359.25,364.57000732421875,358.510009765625,363.8299865722656,357.21405029296875,49428100
2023-06-28,361.9800109863281,366.5199890136719,361.8999938964844,364.5400085449219,357.91107177734375,46498000
2023-06-29,364.239990234375,364.8900146484375,362.1400146484375,363.80999755859375,357.1944274902344,46151000
2023-06-30,367.54998779296875,370.489990234375,367.2300109863281,369.4200134277344,362.702392578125,58712500
2023-07-03,370.07000732421875,370.92999267578125,368.9700012207031,370.2900085449219,363.55657958984375,19432900
2023-07-05,368.70001220703125,372.010009765625,368.6600036621094,370.2799987792969,363.54681396484375,34460900
2023-07-06,366.510009765625,367.9100036621094,364.5199890136719,367.4599914550781,360.7779541015625,49374700
2023-07-07,367.2300109863281,370.4800109863281,366.010009765625,366.239990234375,359.5802001953125,47133700
2023-07-10,365.9599914550781,367.04998779296875,363.4100036621094,366.3599853515625,359.69805908203125,48498800
2023-07-11,366.7900085449219,368.6300048828125,364.6199951171875,368.1700134277344,361.4750671386719,38214100
2023-07-12,372.3399963378906,374.19000244140625,370.29998779296875,372.82000732421875,366.0405578613281,61975400
2023-07-13,376.04998779296875,379.989990234375,375.4599914550781,379.1499938964844,372.25537109375,46960000
2023-07-14,379.5899963378906,382.8599853515625,378.17999267578125,379.07000732421875,372.1768798828125,55148500
2023-07-17,379.79998779296875,383.5,379.30999755859375,382.6099853515625,375.65252685546875,40868900
2023-07-18,381.9599914550781,387.1300048828125,380.0,385.739990234375,378.72564697265625,55262000
2023-07-19,386.82000732421875,387.9800109863281,384.29998779296875,385.6499938964844,378.6372375488281,54093000
2023-07-20,382.6099853515625,384.1000061035156,375.7200012207031,376.760009765625,369.90887451171875,71941700
2023-07-21,379.17999267578125,379.9200134277344,375.19000244140625,375.6300048828125,368.79949951171875,60499600
2023-07-24,376.6199951171875,377.5799865722656,374.3399963378906,376.2300109863281,369.3885803222656,40380100
2023-07-25,376.95001220703125,380.4700012207031,376.92999267578125,378.7799987792969,371.8921813964844,38894400
2023-07-26,377.7200012207031,379.239990234375,375.17999267578125,377.5199890136719,370.6551208496094,47075700
2023-07-27,383.07000732421875,384.7099914550781,375.30999755859375,376.6199951171875,369.7714538574219,63940200
2023-07-28,380.739990234375,384.5199890136719,380.2200012207031,383.4800109863281,376.5067443847656,56902900
2023-07-31,383.7900085449219,384.8800048828125,382.3399963378906,383.67999267578125,376.7030944824219,44019900
2023-08-01,382.30999755859375,383.55999755859375,380.69000244140625,382.7900085449219,375.8292541503906,41060600
2023-08-02,379.260009765625,379.260009765625,373.1300048828125,374.3900146484375,367.58203125,72687100
2023-08-03,371.94000244140625,375.95001220703125,371.7699890136719,373.7900085449219,366.9929504394531,47666400
2023-08-04,375.75,378.1000061035156,371.5299987792969,372.0400085449219,365.2747802734375,61702800
2023-08-07,373.8800048828125,375.2900085449219,371.510009765625,375.19000244140625,368.367431640625,37230400
2023-08-08,372.6400146484375,372.6600036621094,368.82000732421875,372.0,365.23553466796875,44726500
2023-08-09,372.2900085449219,372.45001220703125,367.1400146484375,367.9100036621094,361.21990966796875,51150900
2023-08-10,370.9700012207031,374.3599853515625,367.0400085449219,368.5899963378906,361.887451171875,72035300
2023-08-11,365.989990234375,368.0,364.69000244140625,366.239990234375,359.5802001953125,48707200
2023-08-14,365.42999267578125,370.4700012207031,364.70001220703125,370.3500061035156,363.61553955078125,42130800
2023-08-15,369.3599853515625,370.1700134277344,365.739990234375,366.4200134277344,359.7569885253906,45539900
2023-08-16,365.8699951171875,367.42999267578125,362.44000244140625,362.5400085449219,355.947509765625,53190500
2023-08-17,363.9599914550781,364.30999755859375,358.1600036621094,358.5799865722656,352.0594482421875,62604300
2023-08-18,355.260009765625,359.4100036621094,354.7099914550781,358.1300048828125,351.6177062988281,61191400
2023-08-21,359.6199951171875,364.5899963378906,359.1499938964844,363.8999938964844,357.2828063964844,50696500
2023-08-22,366.54998779296875,366.55999755859375,362.67999267578125,363.3800048828125,356.7722473144531,44530200
2023-08-23,364.5799865722656,370.2200012207031,364.3599853515625,369.1099853515625,362.3979797363281,51770600
2023-08-24,372.6400146484375,372.739990234375,361.010009765625,361.2200012207031,354.6515197753906,66842500
2023-08-25,362.07000732421875,365.739990234375,358.5799865722656,364.0199890136719,357.400634765625,69960500
2023-08-28,366.989990234375,367.7099914550781,364.25,366.760009765625,360.0907287597656,40910000
2023-08-29,366.55999755859375,375.1300048828125,366.2300109863281,374.7699890136719,367.9551696777344,58492400
2023-08-30,374.8800048828125,377.45001220703125,373.8599853515625,376.8599853515625,370.007080078125,41731500
2023-08-31,376.94000244140625,379.7200012207031,376.8699951171875,377.989990234375,371.1165466308594,35730700
2023-09-01,380.3999938964844,380.8299865722656,376.0799865722656,377.5899963378906,370.72381591796875,39801200
2023-09-05,376.7699890136719,379.30999755859375,375.8299865722656,378.07000732421875,371.195068359375,32344200
2023-09-06,377.2799987792969,377.6300048828125,372.70001220703125,374.739990234375,367.9256591796875,42998700
2023-09-07,370.2099914550781,372.8500061035156,369.1499938964844,372.05999755859375,365.2944641113281,52060700
2023-09-08,372.010009765625,374.8500061035156,371.6000061035156,372.5799865722656,365.8049011230469,35800100
2023-09-11,375.6600036621094,377.489990234375,373.6600036621094,376.9700012207031,370.11517333984375,39936600
2023-09-12,375.2699890136719,376.95001220703125,372.5,372.7900085449219,366.0111083984375,41391000
2023-09-13,373.0299987792969,375.8399963378906,371.8800048828125,374.2099914550781,367.4052429199219,46300700
2023-09-14,375.989990234375,378.2699890136719,373.8900146484375,377.2699890136719,370.4096374511719,48039400
2023-09-15,375.9100036621094,376.32000732421875,369.8599853515625,370.80999755859375,364.0671691894531,69811200
2023-09-18,369.32000732421875,371.7900085449219,369.0299987792969,370.6600036621094,364.4466247558594,36903500
2023-09-19,369.32000732421875,370.67999267578125,366.79998779296875,369.8699951171875,363.66986083984375,37621700
2023-09-20,370.95001220703125,371.30999755859375,364.4599914550781,364.5400085449219,358.4291687011719,45514200
2023-09-21,360.79998779296875,361.6000061035156,357.69000244140625,357.8599853515625,351.8611755371094,69734800
2023-09-22,359.6300048828125,361.79998779296875,357.5899963378906,357.9100036621094,351.910400390625,51589700
2023-09-25,356.92999267578125,359.70001220703125,355.92999267578125,359.6099853515625,353.58184814453125,39168000
2023-09-26,356.989990234375,357.5400085449219,353.2099914550781,354.2099914550781,348.2723388671875,53657700
2023-09-27,355.3800048828125,356.9800109863281,351.3599853515625,355.0400085449219,349.0884704589844,56066000
2023-09-28,354.1099853515625,360.1700134277344,353.239990234375,358.010009765625,352.0086975097656,56453300
2023-09-29,361.5400085449219,362.95001220703125,357.0199890136719,358.2699890136719,352.2643127441406,64829600
2023-10-02,358.5400085449219,362.67999267578125,357.9200134277344,361.260009765625,355.2041931152344,51625100
2023-10-03,358.7799987792969,361.010009765625,353.2799987792969,354.9200134277344,348.9704895019531,60478500
2023-10-04,355.7699890136719,360.6099853515625,355.29998779296875,359.75,353.7194519042969,54786700
2023-10-05,359.739990234375,360.1499938964844,355.1400146484375,358.69000244140625,352.67730712890625,45897400
2023-10-06,355.6499938964844,365.9100036621094,354.8500061035156,364.70001220703125,358.5865478515625,75049100
2023-10-09,362.29998779296875,367.1099853515625,360.7799987792969,366.55999755859375,360.4153747558594,45304800
2023-10-10,366.8999938964844,371.2799987792969,366.3900146484375,368.5899963378906,362.41131591796875,46968800
2023-10-11,369.94000244140625,371.4100036621094,368.19000244140625,371.2200012207031,364.99725341796875,38215100
2023-10-12,371.7300109863281,373.739990234375,367.5,369.92999267578125,363.7289123535156,49587900
2023-10-13,370.57000732421875,371.1600036621094,363.8599853515625,365.2799987792969,359.1567687988281,52469900
2023-10-16,366.6199951171875,370.4800109863281,366.4700012207031,369.4100036621094,363.2176208496094,44201100
2023-10-17,365.80999755859375,369.9200134277344,363.6600036621094,368.20001220703125,362.02789306640625,50999100
2023-10-18,365.6700134277344,367.9100036621094,362.0199890136719,363.3699951171875,357.2788391113281,54280500
2023-10-19,364.80999755859375,366.0199890136719,359.1600036621094,359.9700012207031,353.9358825683594,72274200
2023-10-20,359.4599914550781,360.0400085449219,354.3699951171875,354.6000061035156,348.6558837890625,72559700
2023-10-23,353.260009765625,359.260009765625,351.1199951171875,355.6700134277344,349.7079162597656,60665200
2023-10-24,357.510009765625,359.9100036621094,355.7900085449219,359.1300048828125,353.10992431640625,47082100
2023-10-25,356.70001220703125,356.8800048828125,349.75,350.3399963378906,344.4672546386719,71190500
2023-10-26,349.1199951171875,350.07000732421875,342.3500061035156,343.6600036621094,337.8992919921875,78621400
2023-10-27,346.42999267578125,348.8399963378906,344.0799865722656,345.30999755859375,339.5216064453125,63476700
2023-10-30,347.8299865722656,350.5400085449219,346.45001220703125,349.20001220703125,343.34637451171875,55298500
2023-10-31,349.2300109863281,351.25,346.6199951171875,350.8699951171875,344.9883728027344,47671900
2023-11-01,351.7200012207031,357.5299987792969,351.6199951171875,356.9599914550781,350.9762878417969,58992700
2023-11-02,361.5400085449219,363.67999267578125,360.29998779296875,363.44000244140625,357.34771728515625,58162400
2023-11-03,364.75,369.0199890136719,364.5199890136719,367.7099914550781,361.54608154296875,53280500
2023-11-06,368.489990234375,369.7799987792969,366.9100036621094,369.2099914550781,363.02099609375,38848700
2023-11-07,370.2699890136719,373.5799865722656,369.04998779296875,372.70001220703125,366.4525146484375,50777400
2023-11-08,373.0799865722656,373.7900085449219,370.6199951171875,372.94000244140625,366.68841552734375,35663400
2023-11-09,373.6400146484375,374.79998779296875,369.57000732421875,370.07000732421875,363.8664855957031,53859400
2023-11-10,371.82000732421875,378.5400085449219,371.2799987792969,378.3900146484375,372.0470886230469,58309800
2023-11-13,376.7900085449219,378.2799987792969,375.239990234375,377.2099914550781,370.8868103027344,40733500
2023-11-14,383.7099914550781,386.260009765625,383.17999267578125,385.3299865722656,378.8706970214844,67792600
2023-11-15,387.25,387.75,384.239990234375,385.6199951171875,379.1558532714844,54141400
2023-11-16,384.8399963378906,386.19000244140625,383.55999755859375,385.95001220703125,379.48040771484375,45343500
2023-11-17,385.2099914550781,387.07000732421875,384.2900085449219,386.0400085449219,379.56878662109375,46571900
2023-11-20,386.04998779296875,391.4100036621094,386.04998779296875,390.739990234375,384.1900329589844,44429600
2023-11-21,389.010009765625,389.2300109863281,386.70001220703125,388.4700012207031,381.95806884765625,43337000
2023-11-22,390.57000732421875,393.07000732421875,389.0400085449219,390.05999755859375,383.52142333984375,44121000
2023-11-24,389.6499938964844,390.25,388.5,389.510009765625,382.9806213378906,15718800
2023-11-27,389.010009765625,391.1499938964844,388.2799987792969,389.1700134277344,382.6463623046875,34139700
2023-11-28,388.4100036621094,390.7799987792969,388.04998779296875,390.19000244140625,383.6493225097656,35491100
2023-11-29,392.69000244140625,394.1400146484375,389.4599914550781,389.80999755859375,383.275634765625,38811700
2023-11-30,390.0799865722656,390.54998779296875,385.82000732421875,388.8299865722656,382.31207275390625,52834400
2023-12-01,387.75,390.5400085449219,386.07000732421875,389.94000244140625,383.4034423828125,40490100
2023-12-04,386.0899963378906,386.6000061035156,382.6600036621094,386.32000732421875,379.8441162109375,51186900
2023-12-05,384.3900146484375,388.5,384.2099914550781,387.2900085449219,380.7978820800781,42933000
2023-12-06,390.2699890136719,390.3699951171875,384.70001220703125,385.04998779296875,378.595458984375,41994100
2023-12-07,388.07000732421875,391.2699890136719,386.9599914550781,390.42999267578125,383.88525390625,49593500
2023-12-08,388.6700134277344,392.6199951171875,388.4800109863281,392.1700134277344,385.5960693359375,46687500
2023-12-11,391.739990234375,395.7900085449219,391.5299987792969,395.5199890136719,388.889892578125,41198000
2023-12-12,395.55999755859375,398.7900085449219,394.4100036621094,398.6700134277344,391.98712158203125,39221200
2023-12-13,399.6199951171875,404.3599853515625,398.8399963378906,403.739990234375,396.9721374511719,55408100
2023-12-14,404.9800109863281,406.29998779296875,400.3399963378906,403.3900146484375,396.6280212402344,55447800
2023-12-15,404.17999267578125,406.5400085449219,403.57000732421875,405.3399963378906,398.5453186035156,62896600
2023-12-18,404.92999267578125,407.989990234375,404.6000061035156,407.0799865722656,401.0555725097656,46610000
2023-12-19,407.5400085449219,409.2799987792969,407.3500061035156,409.1600036621094,403.1048278808594,35711900
2023-12-20,408.3500061035156,410.4700012207031,402.8999938964844,403.0799865722656,397.11480712890625,54042400
2023-12-21,407.05999755859375,408.1400146484375,404.4700012207031,407.7699890136719,401.73541259765625,45568900
2023-12-22,409.0,409.9700012207031,406.4800109863281,408.3800048828125,402.3363952636719,34314000
2023-12-26,409.25,411.55999755859375,409.1499938964844,410.8800048828125,404.79937744140625,22722500
2023-12-27,410.95001220703125,411.7900085449219,410.0799865722656,411.5,405.6234130859375,31980500
2023-12-28,412.6700134277344,412.9200134277344,410.94000244140625,411.29998779296875,405.42626953125,27029200
2023-12-29,411.2799987792969,411.6400146484375,407.5799865722656,409.5199890136719,403.67169189453125,42662100
2024-01-02,405.8399963378906,406.0899963378906,400.239990234375,402.5899963378906,396.84063720703125,58026900
2024-01-03,399.92999267578125,401.0,397.8900146484375,398.3299865722656,392.64154052734375,47002800
2024-01-04,396.44000244140625,399.5899963378906,396.05999755859375,396.2799987792969,390.6207580566406,39432800
2024-01-05,396.45001220703125,399.55999755859375,395.3399963378906,396.75,391.08404541015625,44922800
2024-01-08,397.989990234375,405.239990234375,397.8399963378906,404.95001220703125,399.1669921875,42473800
2024-01-09,401.9100036621094,406.69000244140625,401.7099914550781,405.75,399.9555358886719,39132900
2024-01-10,406.07000732421875,409.5199890136719,405.1700134277344,408.5,402.6662902832031,33962800
2024-01-11,409.7900085449219,411.20001220703125,404.239990234375,409.3500061035156,403.50408935546875,54536200
2024-01-12,410.3999938964844,411.25,408.1499938964844,409.55999755859375,403.71112060546875,39595000
2024-01-16,408.30999755859375,411.1199951171875,406.8299865722656,409.5199890136719,403.67169189453125,43903000
2024-01-17,406.1700134277344,407.5899963378906,402.9200134277344,407.2099914550781,401.3946838378906,54386000
2024-01-18,410.5199890136719,413.5799865722656,409.1600036621094,412.989990234375,407.0921325683594,59562500
2024-01-19,415.2200012207031,421.3399963378906,414.6300048828125,421.17999267578125,415.16522216796875,70325100
2024-01-22,423.4100036621094,424.7300109863281,421.1199951171875,421.7300109863281,415.7073669433594,44880600
2024-01-23,422.42999267578125,423.70001220703125,420.57000732421875,423.4800109863281,417.4323425292969,33003800
2024-01-24,427.44000244140625,429.8500061035156,425.3299865722656,425.8299865722656,419.7488098144531,46948000
2024-01-25,428.3599853515625,429.0400085449219,423.9800109863281,426.3500061035156,420.26141357421875,44367200
2024-01-26,424.44000244140625,426.2099914550781,423.1499938964844,423.80999755859375,417.75762939453125,37137000
2024-01-29,424.2699890136719,428.3500061035156,423.6099853515625,428.1499938964844,422.03564453125,38694700
2024-01-30,427.1000061035156,427.67999267578125,424.3800048828125,425.29998779296875,419.2263488769531,36739000
2024-01-31,420.8500061035156,422.8699951171875,416.7900085449219,416.9700012207031,411.0153503417969,64010600
2024-02-01,418.7900085449219,422.3800048828125,417.80999755859375,421.8800048828125,415.8551940917969,51008600
2024-02-02,423.79998779296875,430.239990234375,422.7900085449219,429.010009765625,422.8833312988281,59602400
2024-02-05,429.07000732421875,429.6099853515625,425.0,428.45001220703125,422.33135986328125,39889200
2024-02-06,429.6099853515625,430.2200012207031,425.2200012207031,427.5899963378906,421.483642578125,35846100
2024-02-07,430.4100036621094,432.8299865722656,429.0899963378906,431.989990234375,425.8208312988281,37712700
2024-02-08,432.1099853515625,433.55999755859375,431.4200134277344,432.7900085449219,426.6094055175781,29889900
2024-02-09,433.94000244140625,437.8500061035156,433.1400146484375,437.04998779296875,430.8085021972656,36943900
2024-02-12,436.94000244140625,439.1400146484375,434.6499938964844,435.3399963378906,429.12298583984375,33203300
2024-02-13,427.2799987792969,431.2699890136719,425.3299865722656,428.54998779296875,422.4299621582031,64491700
2024-02-14,431.260009765625,433.6499938964844,428.8800048828125,433.2200012207031,427.03326416015625,45092700
2024-02-15,433.9200134277344,434.9800109863281,431.3299865722656,434.510009765625,428.3048400878906,38796100
2024-02-16,434.8900146484375,434.989990234375,429.8500061035156,430.57000732421875,424.42108154296875,53716500
2024-02-20,428.54998779296875,430.0799865722656,423.5,427.32000732421875,421.217529296875,53999500
2024-02-21,424.54998779296875,425.70001220703125,421.6300048828125,425.6099853515625,419.5318908691406,49779000
2024-02-22,434.489990234375,439.1199951171875,433.7099914550781,438.07000732421875,431.81396484375,53887800
2024-02-23,439.6499938964844,440.5899963378906,435.7900085449219,436.7799987792969,430.54241943359375,39853900
2024-02-26,437.6000061035156,438.6000061035156,436.3599853515625,436.54998779296875,430.315673828125,33043200
2024-02-27,437.6700134277344,437.989990234375,435.0299987792969,437.6000061035156,431.3507080078125,33713200
2024-02-28,435.42999267578125,436.6700134277344,434.29998779296875,435.2699890136719,429.0539855957031,32938800
2024-02-29,438.2300109863281,440.0899963378906,435.0199890136719,439.0,432.7306823730469,42495200
2024-03-01,439.8999938964844,446.5799865722656,439.8399963378906,445.6099853515625,439.24627685546875,43853000
2024-03-04,445.6099853515625,446.0400085449219,443.7699890136719,444.0199890136719,437.6789855957031,34325700
2024-03-05,440.94000244140625,440.95001220703125,433.6499938964844,436.04998779296875,429.82281494140625,57917100
2024-03-06,440.32000732421875,441.989990234375,436.8900146484375,438.7900085449219,432.5237121582031,46234500
2024-03-07,442.4200134277344,446.7200012207031,440.8599853515625,445.45001220703125,439.0886535644531,44526700
2024-03-08,445.80999755859375,448.6400146484375,438.3399963378906,439.0199890136719,432.7503967285156,72096000
2024-03-11,437.510009765625,438.6600036621094,435.44000244140625,437.3900146484375,431.1437683105469,45860000
2024-03-12,439.7300109863281,444.0199890136719,436.4599914550781,443.6600036621094,437.32421875,55300900
2024-03-13,442.6499938964844,442.6700134277344,439.1199951171875,440.25,433.9628601074219,37928700
2024-03-14,441.5,442.0299987792969,436.3900146484375,439.1400146484375,432.8687438964844,52195200
2024-03-15,436.07000732421875,438.8699951171875,432.739990234375,433.9200134277344,427.7232666015625,73069800
2024-03-18,438.7300109863281,441.0400085449219,437.239990234375,437.4800109863281,431.8027038574219,47323800
2024-03-19,435.45001220703125,438.9800109863281,433.3299865722656,438.57000732421875,432.8784484863281,43004100
2024-03-20,439.7799987792969,444.1099853515625,438.05999755859375,443.7699890136719,438.010986328125,43653500
2024-03-21,448.8800048828125,449.3399963378906,445.6700134277344,445.8699951171875,440.0837707519531,39345700
2024-03-22,445.3500061035156,447.489990234375,444.489990234375,446.3800048828125,440.5871276855469,28253900
2024-03-25,443.54998779296875,446.260009765625,442.5400085449219,444.760009765625,438.9881591796875,27789200
2024-03-26,446.29998779296875,447.2300109863281,443.0899963378906,443.32000732421875,437.56683349609375,34142000
2024-03-27,446.44000244140625,446.5400085449219,441.92999267578125,444.8299865722656,439.0572204589844,41359200
2024-03-28,444.7799987792969,445.6400146484375,443.6499938964844,444.010009765625,438.2478942871094,36839600
2024-04-01,444.9700012207031,447.5299987792969,443.0199890136719,444.95001220703125,439.1757507324219,38729000
2024-04-02,440.0799865722656,441.42999267578125,438.0299987792969,441.1099853515625,435.385498046875,44259700
2024-04-03,438.9599914550781,444.0,438.95001220703125,442.1000061035156,436.3626708984375,39949800
2024-04-04,446.3299865722656,446.95001220703125,435.1099853515625,435.3399963378906,429.69036865234375,57267700
2024-04-05,436.7799987792969,443.1700134277344,435.9599914550781,440.4700012207031,434.75384521484375,54744600
2024-04-08,441.4100036621094,442.5,439.20001220703125,440.6000061035156,434.8821716308594,28144900
2024-04-09,442.9599914550781,443.239990234375,437.44000244140625,442.2300109863281,436.4909973144531,39443600
2024-04-10,437.0,439.239990234375,436.2799987792969,438.3699951171875,432.6811218261719,61502200
2024-04-11,440.260009765625,446.3299865722656,437.9599914550781,445.3699951171875,439.59027099609375,45474600
2024-04-12,441.1000061035156,442.239990234375,436.8800048828125,438.2699890136719,432.5823669433594,53665000
2024-04-15,442.05999755859375,442.1499938964844,430.2099914550781,431.05999755859375,425.4659423828125,63453600
2024-04-16,430.8999938964844,433.760009765625,429.70001220703125,431.1000061035156,425.50543212890625,47619000
2024-04-17,433.1000061035156,433.1199951171875,424.8999938964844,425.8399963378906,420.3136901855469,56880500
2024-04-18,426.489990234375,428.239990234375,422.8299865722656,423.4100036621094,417.91522216796875,46549400
2024-04-19,422.2200012207031,422.75,413.07000732421875,414.6499938964844,409.2688903808594,75231000
2024-04-22,417.30999755859375,421.17999267578125,413.94000244140625,418.82000732421875,413.3847961425781,47807700
2024-04-23,420.7699890136719,426.2799987792969,418.8699951171875,425.07000732421875,419.5536804199219,44384700
2024-04-24,428.20001220703125,429.7300109863281,424.20001220703125,426.510009765625,420.97503662109375,48440300
2024-04-25,419.239990234375,425.32000732421875,418.1400146484375,424.45001220703125,418.9417724609375,57392200
2024-04-26,427.6199951171875,432.54998779296875,426.9200134277344,431.0,425.4067077636719,41874900
2024-04-29,433.1300048828125,433.760009765625,429.9800109863281,432.75,427.1340637207031,30022200
2024-04-30,431.1499938964844,432.55999755859375,424.510009765625,424.5899963378906,419.0798645019531,43665900
2024-05-01,423.1499938964844,430.1400146484375,420.6600036621094,421.5199890136719,416.04974365234375,52251700
2024-05-02,425.29998779296875,427.80999755859375,420.6300048828125,426.8999938964844,421.35992431640625,36559000
2024-05-03,434.44000244140625,436.4800109863281,432.6199951171875,435.4800109863281,429.82855224609375,48515300
2024-05-06,437.29998779296875,440.3399963378906,436.5199890136719,440.25,434.5366516113281,30227200
2024-05-07,440.70001220703125,441.9700012207031,439.5799865722656,440.32000732421875,434.60577392578125,30996100
2024-05-08,437.6700134277344,441.4800109863281,437.54998779296875,440.05999755859375,434.34912109375,24896700
2024-05-09,440.3299865722656,441.6000061035156,438.4599914550781,441.0199890136719,435.29669189453125,24580100
2024-05-10,442.5400085449219,444.30999755859375,440.5,442.05999755859375,436.3232116699219,27116600
2024-05-13,443.989990234375,444.0899963378906,441.6499938964844,443.0799865722656,437.3299560546875,22994200
2024-05-14,442.6499938964844,446.4700012207031,442.4599914550781,445.92999267578125,440.14300537109375,34478300
2024-05-15,448.42999267578125,453.1499938964844,446.8999938964844,452.8999938964844,447.0225524902344,41464700
2024-05-16,452.7099914550781,454.69000244140625,451.80999755859375,451.9800109863281,446.1144714355469,34780400
2024-05-17,452.1099853515625,452.7200012207031,449.5400085449219,451.760009765625,445.8973083496094,35803700
2024-05-20,451.9800109863281,455.5799865722656,451.7900085449219,454.9100036621094,449.00640869140625,24474200
2024-05-21,453.0400085449219,455.989990234375,452.8399963378906,455.79998779296875,449.8848571777344,23167700
2024-05-22,456.05999755859375,456.82000732421875,453.0799865722656,455.7099914550781,449.7960510253906,25120000
2024-05-23,460.54998779296875,460.5799865722656,451.8500061035156,453.6600036621094,447.7726745605469,40899200
2024-05-24,455.2900085449219,459.2300109863281,453.57000732421875,457.95001220703125,452.00701904296875,29669500
2024-05-28,459.17999267578125,459.739990234375,456.69000244140625,459.67999267578125,453.7144775390625,26216800
2024-05-29,455.4800109863281,458.239990234375,455.3399963378906,456.44000244140625,450.5166015625,29739200
2024-05-30,455.5,455.6400146484375,450.2099914550781,451.54998779296875,445.6900634765625,30536800
2024-05-31,451.7799987792969,452.4800109863281,443.05999755859375,450.7099914550781,444.8609619140625,55941300
2024-06-03,454.57000732421875,455.5799865722656,447.8999938964844,453.1300048828125,447.24951171875,32997500
2024-06-04,452.8699951171875,455.5799865722656,451.1300048828125,454.3699951171875,448.47344970703125,23767400
2024-06-05,457.9800109863281,463.6099853515625,454.4100036621094,463.5299987792969,457.5145263671875,33817400
2024-06-06,464.2200012207031,464.5400085449219,462.19000244140625,463.3699951171875,457.356689453125,21966800
2024-06-07,463.0,465.739990234375,461.8399963378906,462.9599914550781,456.9519958496094,25829700
2024-06-10,461.82000732421875,465.19000244140625,461.5299987792969,464.8299865722656,458.7976989746094,20660800
2024-06-11,463.5400085449219,468.1400146484375,462.0299987792969,468.0199890136719,461.9462890625,22053300
2024-06-12,471.989990234375,476.5,471.2900085449219,474.1499938964844,467.99676513671875,34532600
2024-06-13,477.7200012207031,478.3900146484375,474.4200134277344,476.7200012207031,470.53338623046875,25859000
2024-06-14,476.5199890136719,479.260009765625,476.04998779296875,479.19000244140625,472.9713439941406,23372600
2024-06-17,479.4599914550781,486.8599853515625,478.1400146484375,485.05999755859375,478.76513671875,37054500
2024-06-18,485.010009765625,485.8999938964844,483.42999267578125,485.2099914550781,478.9132080078125,24438600
2024-06-20,486.4200134277344,486.8399963378906,479.6199951171875,481.4700012207031,475.2217712402344,33918700
2024-06-21,481.19000244140625,482.5400085449219,478.6700134277344,480.17999267578125,473.9485168457031,37456800
2024-06-24,478.17999267578125,479.92999267578125,473.82000732421875,473.9599914550781,468.5527648925781,37751000
2024-06-25,476.07000732421875,479.67999267578125,475.1199951171875,479.3800048828125,473.9109802246094,29014700
2024-06-26,478.54998779296875,480.9200134277344,478.1300048828125,480.3699951171875,474.8896484375,22737100
2024-06-27,480.1199951171875,483.1000061035156,479.29998779296875,481.6099853515625,476.1154479980469,26222100
2024-06-28,482.4100036621094,487.20001220703125,478.4599914550781,479.1099853515625,473.6440124511719,34881600
2024-07-01,480.0400085449219,482.489990234375,476.260009765625,481.9200134277344,476.42193603515625,24898300
2024-07-02,480.4100036621094,487.0400085449219,480.2799987792969,486.9800109863281,481.4242248535156,26723600
2024-07-03,486.2200012207031,491.1700134277344,486.2200012207031,491.0400085449219,485.43798828125,18064900
2024-07-05,491.8900146484375,496.6000061035156,491.5899963378906,496.1600036621094,490.4994812011719,28495900
2024-07-08,496.5299987792969,497.8999938964844,495.5,497.3399963378906,491.6659851074219,22109400
2024-07-09,498.8699951171875,500.0,496.239990234375,497.7699890136719,492.09112548828125,25614500
2024-07-10,499.7099914550781,503.5199890136719,498.3900146484375,502.9599914550781,497.2219543457031,28046900
2024-07-11,503.07000732421875,503.2799987792969,490.7300109863281,491.92999267578125,486.3177490234375,49966600
2024-07-12,492.510009765625,499.6199951171875,492.0400085449219,494.82000732421875,489.1747741699219,37109400
2024-07-15,496.6099853515625,501.010009765625,494.0899963378906,496.1499938964844,490.4895935058594,31151400
2024-07-16,497.6199951171875,498.44000244140625,493.1499938964844,496.3399963378906,490.67742919921875,25950600
2024-07-17,488.2799987792969,488.79998779296875,481.70001220703125,481.7699890136719,476.2736511230469,56268800
2024-07-18,485.5299987792969,485.7099914550781,476.2699890136719,479.489990234375,474.01971435546875,49347400
2024-07-19,479.1499938964844,481.69000244140625,473.94000244140625,475.239990234375,469.818115234375,42042900
2024-07-22,481.1600036621094,483.3500061035156,477.7099914550781,482.32000732421875,476.8174133300781,40300000
2024-07-23,481.4100036621094,484.42999267578125,480.1400146484375,480.6199951171875,475.13677978515625,23282500
2024-07-24,473.82000732421875,474.19000244140625,462.510009765625,463.3800048828125,458.09344482421875,58818600
2024-07-25,463.7200012207031,467.94000244140625,455.6300048828125,458.2699890136719,453.041748046875,59256800
2024-07-26,462.6499938964844,465.92999267578125,459.7699890136719,462.9700012207031,457.68817138671875,39992100
2024-07-29,465.7099914550781,467.9100036621094,461.6199951171875,463.8999938964844,458.60760498046875,28218500
2024-07-30,465.8500061035156,466.55999755859375,454.1499938964844,457.5299987792969,452.31024169921875,41317200
2024-07-31,467.8699951171875,472.7900085449219,466.4100036621094,471.07000732421875,465.69573974609375,44552100
2024-08-01,471.760009765625,475.54998779296875,455.9800109863281,459.6600036621094,454.4159240722656,56653900
2024-08-02,450.8900146484375,453.57000732421875,444.4700012207031,448.75,443.6304016113281,66323200
2024-08-05,424.7099914550781,442.2900085449219,423.45001220703125,435.3699951171875,430.40301513671875,87483500
2024-08-06,437.2300109863281,447.07000732421875,434.55999755859375,439.5299987792969,434.5155944824219,63164400
2024-08-07,446.489990234375,449.0,434.3699951171875,434.7699890136719,429.8098449707031,54929200
2024-08-08,441.05999755859375,448.989990234375,437.1499938964844,448.07000732421875,442.9581298828125,47890100
2024-08-09,446.739990234375,452.05999755859375,445.6099853515625,450.4100036621094,445.27142333984375,33574000
2024-08-12,451.3900146484375,454.3699951171875,448.54998779296875,451.3800048828125,446.2303466796875,27795000
2024-08-13,455.82000732421875,462.8500061035156,455.67999267578125,462.5799865722656,457.3025817871094,40084500
2024-08-14,463.510009765625,465.1099853515625,458.3999938964844,462.7300109863281,457.450927734375,34733700
2024-08-15,468.760009765625,474.82000732421875,468.3800048828125,474.4200134277344,469.007568359375,38280600
2024-08-16,472.6199951171875,476.4100036621094,471.6499938964844,475.0299987792969,469.6105651855469,38383600
2024-08-19,475.1700134277344,481.30999755859375,473.3699951171875,481.2699890136719,475.7794189453125,23737700
2024-08-20,480.3500061035156,482.94000244140625,478.54998779296875,480.260009765625,474.7808532714844,29209300
2024-08-21,481.04998779296875,484.3699951171875,479.32000732421875,482.5,476.99530029296875,25658800
2024-08-22,484.8399963378906,485.5400085449219,473.80999755859375,474.8500061035156,469.4326171875,37739600
2024-08-23,479.239990234375,482.739990234375,475.2799987792969,480.0,474.5238342285156,36061500
2024-08-26,479.45001220703125,480.3800048828125,473.239990234375,475.3399963378906,469.91705322265625,27452600
2024-08-27,473.69000244140625,477.8399963378906,471.7099914550781,476.760009765625,471.3208312988281,27510000
2024-08-28,476.2900085449219,477.0199890136719,467.8900146484375,471.3500061035156,465.9725341796875,37372400
2024-08-29,473.2799987792969,477.92999267578125,469.3699951171875,470.6600036621094,465.2904052734375,41081500
2024-08-30,475.0400085449219,476.8999938964844,470.510009765625,476.2699890136719,470.8363952636719,33466500
2024-09-03,473.20001220703125,473.3299865722656,459.4100036621094,461.80999755859375,456.5414123535156,44985200
2024-09-04,458.6700134277344,464.45001220703125,457.7300109863281,460.6099853515625,455.3550720214844,32505100
2024-09-05,458.9700012207031,465.3599853515625,457.94000244140625,461.0400085449219,455.7801818847656,34452400
2024-09-06,460.3299865722656,461.2200012207031,448.19000244140625,448.69000244140625,443.5710754394531,50624400
2024-09-09,453.05999755859375,455.4599914550781,449.82000732421875,454.4599914550781,449.2752685546875,32981200
2024-09-10,456.239990234375,459.1700134277344,452.2300109863281,458.6600036621094,453.4273681640625,29680300
2024-09-11,459.9100036621094,469.3699951171875,451.2799987792969,468.6199951171875,463.2737121582031,57843000
2024-09-12,468.6499938964844,474.0400085449219,466.8500061035156,473.2200012207031,467.82122802734375,40067800
2024-09-13,472.4800109863281,476.5299987792969,472.25,475.3399963378906,469.91705322265625,29111800
2024-09-16,473.19000244140625,473.8599853515625,469.8900146484375,473.239990234375,467.8409423828125,22585600
2024-09-17,476.2900085449219,477.6000061035156,470.9700012207031,473.489990234375,468.0881652832031,30084400
2024-09-18,474.70001220703125,478.8299865722656,470.8299865722656,471.44000244140625,466.0615234375,39909200
2024-09-19,482.6099853515625,486.2300109863281,480.489990234375,483.3599853515625,477.8455505371094,52782500
2024-09-20,482.489990234375,483.69000244140625,478.29998779296875,482.44000244140625,476.93603515625,34577700
2024-09-23,482.95001220703125,484.1400146484375,481.6000061035156,483.0400085449219,478.2002258300781,24843000
2024-09-24,484.4599914550781,486.3299865722656,480.1700134277344,485.3699951171875,480.5068664550781,25952600
2024-09-25,484.739990234375,487.7900085449219,484.55999755859375,485.82000732421875,480.95233154296875,26549900
2024-09-26,493.3699951171875,493.70001220703125,485.79998779296875,489.4700012207031,484.5657958984375,32020200
2024-09-27,490.5,490.6400146484375,485.55999755859375,486.75,481.873046875,22851100
2024-09-30,485.7799987792969,488.4100036621094,482.9200134277344,488.07000732421875,483.1798095703125,30281100
2024-10-01,487.70001220703125,488.0,477.3999938964844,481.2699890136719,476.44793701171875,42735400
2024-10-02,480.3599853515625,483.8800048828125,477.7200012207031,481.95001220703125,477.12115478515625,23744000
2024-10-03,479.739990234375,484.54998779296875,478.989990234375,481.5899963378906,476.7647399902344,25337200
2024-10-04,487.45001220703125,487.8800048828125,482.3900146484375,487.32000732421875,482.4373474121094,30686600
2024-10-07,485.3900146484375,486.57000732421875,480.8699951171875,482.1000061035156,477.26971435546875,24975100
2024-10-08,484.6600036621094,489.989990234375,483.8500061035156,489.29998779296875,484.39752197265625,28272000
2024-10-09,489.0,493.7300109863281,487.95001220703125,493.1499938964844,488.20892333984375,24995000
2024-10-10,490.8500061035156,494.4700012207031,489.5299987792969,492.5899963378906,487.6545104980469,25750400
2024-10-11,490.739990234375,494.3900146484375,490.1700134277344,493.3599853515625,488.4167785644531,20644500
2024-10-14,495.7699890136719,498.8299865722656,495.260009765625,497.5,492.515380859375,26060100
2024-10-15,497.8299865722656,498.5,488.67999267578125,490.8500061035156,485.9320373535156,34784500
2024-10-16,491.17999267578125,491.69000244140625,487.57000732421875,490.9100036621094,485.9914245605469,22996800
2024-10-17,496.44000244140625,496.489990234375,491.19000244140625,491.25,486.3279724121094,27210700
2024-10-18,494.05999755859375,495.57000732421875,493.29998779296875,494.4700012207031,489.51568603515625,25335000
2024-10-21,493.25,496.2300109863281,491.30999755859375,495.4200134277344,490.4562072753906,30336500
2024-10-22,492.7300109863281,497.45001220703125,491.9700012207031,495.9599914550781,490.9907531738281,26685800
2024-10-23,493.5899963378906,494.25,485.04998779296875,488.3599853515625,483.46685791015625,39346600
2024-10-24,492.1099853515625,493.0,489.44000244140625,492.32000732421875,487.38726806640625,22024900
2024-10-25,495.1400146484375,500.2799987792969,494.42999267578125,495.32000732421875,490.3571472167969,38762100
2024-10-28,498.4599914550781,498.5199890136719,495.1000061035156,495.3999938964844,490.43634033203125,20477800
2024-10-29,495.7200012207031,501.3500061035156,493.8500061035156,500.1600036621094,495.148681640625,28014100
2024-10-30,499.3900146484375,500.3500061035156,495.8900146484375,496.3800048828125,491.4065856933594,29756000
2024-10-31,492.3800048828125,492.42999267578125,483.75,483.8500061035156,479.00213623046875,41245200
2024-11-01,485.5,490.75,485.20001220703125,487.42999267578125,482.5462341308594,33655800
2024-11-04,486.82000732421875,489.3800048828125,484.25,486.010009765625,481.1405029296875,23291600
2024-11-05,487.6099853515625,492.8800048828125,487.5199890136719,492.2099914550781,487.2783203125,24353600
2024-11-06,500.55999755859375,506.4100036621094,499.6000061035156,505.5799865722656,500.5143737792969,43082200
2024-11-07,508.3999938964844,514.3300170898438,508.3399963378906,513.5399780273438,508.3946228027344,32853100
2024-11-08,513.0399780273438,514.9199829101562,512.4099731445312,514.1400146484375,508.98858642578125,22924500
2024-11-11,515.3699951171875,515.5800170898438,510.9200134277344,513.8400268554688,508.6916198730469,24167500
2024-11-12,513.77001953125,514.6599731445312,509.8299865722656,512.9099731445312,507.77093505859375,25835300
2024-11-13,512.4000244140625,514.97998046875,509.95001220703125,512.25,507.1175231933594,24567400
2024-11-14,511.9100036621094,512.7899780273438,507.7699890136719,508.69000244140625,503.59326171875,28679500
2024-11-15,502.94000244140625,503.3299865722656,494.489990234375,496.57000732421875,491.59466552734375,51461100
2024-11-18,498.1300048828125,502.1400146484375,496.7300109863281,500.0199890136719,495.0101013183594,27080800
2024-11-19,497.4200134277344,503.95001220703125,497.0799865722656,503.4599914550781,498.4156188964844,24523000
2024-11-20,503.1600036621094,503.4800109863281,496.55999755859375,503.1700134277344,498.1285705566406,29565500
2024-11-21,506.239990234375,506.9599914550781,497.55999755859375,504.9800109863281,499.9204406738281,34526700
2024-11-22,504.4200134277344,506.5299987792969,502.7799987792969,505.7900085449219,500.7222595214844,23826600
2024-11-25,509.8999938964844,511.45001220703125,504.260009765625,506.5899963378906,501.51422119140625,26375200
2024-11-26,508.0799865722656,510.1400146484375,507.2300109863281,509.30999755859375,504.20703125,26557100
2024-11-27,508.1700134277344,508.239990234375,501.92999267578125,505.29998779296875,500.2371826171875,24957400
2024-11-29,505.92999267578125,510.3399963378906,505.30999755859375,509.739990234375,504.6326599121094,15334000
2024-12-02,511.010009765625,516.260009765625,510.6199951171875,515.2899780273438,510.1270751953125,25147200
2024-12-03,513.9500122070312,517.1500244140625,513.3699951171875,516.8699951171875,511.6912841796875,18597900
2024-12-04,520.3200073242188,523.52001953125,519.5999755859375,523.260009765625,518.0172729492188,26086200
2024-12-05,523.3099975585938,524.0399780273438,521.4199829101562,521.8099975585938,516.5816040039062,18169600
2024-12-06,522.47998046875,526.719970703125,522.3499755859375,526.47998046875,521.2048950195312,23762600
2024-12-09,525.5499877929688,526.3499755859375,521.219970703125,522.3800048828125,517.1461791992188,20674400
2024-12-10,523.6199951171875,525.3800048828125,519.1599731445312,520.5999755859375,515.3839111328125,24350000
2024-12-11,525.0,530.6099853515625,524.5900268554688,529.9199829101562,524.6104736328125,32168600
2024-12-12,527.6799926757812,528.9600219726562,526.02001953125,526.5,521.2247924804688,23577500
2024-12-13,530.4600219726562,533.1699829101562,527.2999877929688,530.530029296875,525.2144775390625,28780400
2024-12-16,533.0800170898438,539.1500244140625,533.0,538.1699829101562,532.77783203125,31979900
2024-12-17,536.3599853515625,537.47998046875,534.1300048828125,535.7999877929688,530.4315795898438,28579100
2024-12-18,535.1500244140625,536.8800048828125,515.010009765625,516.469970703125,511.2951965332031,54703200
2024-12-19,521.1900024414062,521.760009765625,513.8300170898438,514.1699829101562,509.018310546875,46441800
2024-12-20,510.44000244140625,524.8200073242188,509.2900085449219,518.6599731445312,513.4633178710938,60530000
2024-12-23,519.5499877929688,523.25,516.1300048828125,522.8699951171875,518.4658203125,29672800
2024-12-24,524.8300170898438,530.0499877929688,524.1900024414062,529.9600219726562,525.49609375,17558200
2024-12-26,528.3200073242188,531.239990234375,526.3099975585938,529.5999755859375,525.1390991210938,19090500
2024-12-27,526.010009765625,526.4500122070312,517.8599853515625,522.5599975585938,518.158447265625,33839600
2024-12-30,515.510009765625,519.3599853515625,511.8299865722656,515.6099853515625,511.2670593261719,34584000
2024-12-31,516.9000244140625,517.6599731445312,510.260009765625,511.2300109863281,506.9239196777344,29117000
2025-01-02,514.2999877929688,516.6400146484375,505.7099914550781,510.2300109863281,505.93231201171875,36389800
2025-01-03,513.3499755859375,519.6500244140625,512.530029296875,518.5800170898438,514.2119140625,29059500
2025-01-06,524.02001953125,527.9199829101562,522.030029296875,524.5399780273438,520.1217651367188,36109700
2025-01-07,525.5900268554688,525.989990234375,513.280029296875,515.1799926757812,510.8406066894531,36690300
2025-01-08,515.0800170898438,516.9199829101562,510.57000732421875,515.27001953125,510.92987060546875,30777800
2025-01-10,511.4800109863281,511.5799865722656,503.9200134277344,507.19000244140625,502.91790771484375,40532500
2025-01-13,501.20001220703125,506.0199890136719,499.70001220703125,505.55999755859375,501.3016662597656,31694200
2025-01-14,508.739990234375,510.1600036621094,501.5899963378906,505.0799865722656,500.82568359375,33737200
2025-01-15,513.030029296875,517.8499755859375,511.4599914550781,516.7000122070312,512.3478393554688,34957600
2025-01-16,518.97998046875,519.0599975585938,512.9500122070312,513.0800170898438,508.75830078125,28229000
2025-01-17,522.8499755859375,524.0700073242188,513.1099853515625,521.739990234375,517.3453979492188,51837900
2025-01-21,524.47998046875,525.969970703125,520.0599975585938,524.7999877929688,520.3795776367188,23628000
2025-01-22,529.5700073242188,533.8200073242188,529.260009765625,531.510009765625,527.0330810546875,33593000
2025-01-23,529.0399780273438,532.760009765625,528.4500122070312,532.6400146484375,528.153564453125,23096600
2025-01-24,533.02001953125,533.7899780273438,528.1500244140625,529.6300048828125,525.1689453125,19878300
2025-01-27,511.0,517.989990234375,510.1499938964844,514.2100219726562,509.8788146972656,60771700
2025-01-28,515.219970703125,523.0,511.7799987792969,521.8099975585938,517.4146728515625,33194200
2025-01-29,522.4600219726562,522.5900268554688,516.9000244140625,520.8300170898438,516.443115234375,26649000
2025-01-30,523.7100219726562,526.0999755859375,518.2100219726562,523.0499877929688,518.644287109375,27431300
2025-01-31,526.9199829101562,531.52001953125,521.1900024414062,522.2899780273438,517.890625,38755200
2025-02-03,513.469970703125,520.8499755859375,511.04998779296875,518.1099853515625,513.7459716796875,40580800
2025-02-04,518.6300048828125,525.1099853515625,518.22998046875,524.469970703125,520.0523071289062,26046800
2025-02-05,521.8200073242188,527.010009765625,520.6199951171875,526.8499755859375,522.4122924804688,21134100
2025-02-06,527.3599853515625,529.8099975585938,525.739990234375,529.5999755859375,525.1390991210938,19434500
2025-02-07,530.1400146484375,532.0999755859375,522.1900024414062,522.9199829101562,518.5154418945312,29605500
2025-02-10,527.219970703125,530.3599853515625,526.75,529.25,524.7921142578125,20852800
2025-02-11,525.9600219726562,529.9199829101562,525.8300170898438,527.989990234375,523.5426635742188,19325500
2025-02-12,522.2999877929688,529.1900024414062,521.9500122070312,528.2999877929688,523.8501586914062,25009400
2025-02-13,529.97998046875,536.219970703125,529.1900024414062,535.9000244140625,531.3861694335938,28714800
2025-02-14,536.010009765625,538.8400268554688,535.6699829101562,538.1500244140625,533.6171875,17862600
2025-02-18,539.72998046875,540.0,536.0399780273438,539.3699951171875,534.8267822265625,20565000
2025-02-19,538.5700073242188,540.8099975585938,536.4600219726562,539.52001953125,534.9756469726562,19666900
2025-02-20,538.72998046875,539.0999755859375,532.4600219726562,537.22998046875,532.7048950195312,26550800
2025-02-21,538.3800048828125,538.4000244140625,525.7100219726562,526.0800170898438,521.6488037109375,47093800
2025-02-24,527.8800048828125,529.0700073242188,519.530029296875,519.8699951171875,515.4910888671875,39268400
2025-02-25,519.239990234375,519.3200073242188,509.44000244140625,513.3200073242188,508.99627685546875,48940000
2025-02-26,515.530029296875,519.6599731445312,511.3699951171875,514.5599975585938,510.2257995605469,34457600
2025-02-27,518.1300048828125,519.0700073242188,500.04998779296875,500.2699890136719,496.0561828613281,52448000
2025-02-28,500.1300048828125,508.7799987792969,496.92999267578125,508.1700134277344,503.8896789550781,47654000
2025-03-03,511.5199890136719,513.0399780273438,493.5799865722656,497.04998779296875,492.8633117675781,44587200
2025-03-04,494.17999267578125,503.739990234375,487.739990234375,495.54998779296875,491.3759765625,67875400
2025-03-05,496.20001220703125,503.6300048828125,491.260009765625,502.010009765625,497.78155517578125,46323700
2025-03-06,493.69000244140625,498.5799865722656,486.20001220703125,488.20001220703125,484.0878601074219,57574300
2025-03-07,487.1600036621094,493.2799987792969,480.5299987792969,491.7900085449219,487.64764404296875,54714700
2025-03-10,483.45001220703125,483.9700012207031,468.6600036621094,472.7300109863281,468.7481994628906,76668000
2025-03-11,472.3500061035156,478.80999755859375,467.010009765625,471.6000061035156,467.6276550292969,68760800
2025-03-12,479.1600036621094,481.05999755859375,471.7900085449219,476.9200134277344,472.90289306640625,46971100
2025-03-13,476.25,476.2799987792969,466.42999267578125,468.3399963378906,464.3951110839844,46563300
2025-03-14,473.7300109863281,480.55999755859375,473.1199951171875,479.6600036621094,475.6197814941406,43563000
2025-03-17,479.6099853515625,485.8399963378906,477.79998779296875,482.7699890136719,478.7035827636719,41744400
2025-03-18,479.4100036621094,479.6099853515625,472.4100036621094,474.5400085449219,470.5429382324219,39072300
2025-03-19,476.80999755859375,485.3299865722656,474.8699951171875,480.8900146484375,476.8394775390625,40430300
2025-03-20,476.8800048828125,484.54998779296875,476.17999267578125,479.260009765625,475.2231750488281,36780500
2025-03-21,474.0799865722656,481.6099853515625,472.9100036621094,480.8399963378906,476.78985595703125,42234900
2025-03-24,487.739990234375,491.510009765625,484.3999938964844,490.6600036621094,487.2527160644531,34567200
2025-03-25,491.3900146484375,493.6199951171875,490.4200134277344,493.4599914550781,490.0332336425781,26035200
2025-03-26,492.29998779296875,493.1600036621094,482.82000732421875,484.3800048828125,481.0163269042969,34627100
2025-03-27,482.4100036621094,486.5799865722656,480.25,481.6199951171875,478.27545166015625,33469800
2025-03-28,479.80999755859375,480.5199890136719,468.04998779296875,468.94000244140625,465.6835021972656,46363800
2025-03-31,461.9200134277344,469.8599853515625,457.3299865722656,468.9200134277344,465.6636657714844,53000300
2025-04-01,467.29998779296875,473.6300048828125,464.4200134277344,472.70001220703125,469.41741943359375,41156200
2025-04-02,466.1199951171875,479.55999755859375,465.8599853515625,476.1499938964844,472.8434753417969,49894500
2025-04-03,456.44000244140625,460.07000732421875,450.1400146484375,450.6600036621094,447.53045654296875,70456300
2025-04-04,438.1400146484375,440.3699951171875,422.6700134277344,422.6700134277344,419.73480224609375,117088400
2025-04-07,408.6600036621094,443.1400146484375,402.3900146484375,423.69000244140625,420.74774169921875,161557000
2025-04-08,438.1600036621094,443.1400146484375,409.7900085449219,416.05999755859375,413.1707458496094,101248100
2025-04-09,415.57000732421875,467.8299865722656,415.42999267578125,466.0,462.7639465332031,142876900
2025-04-10,453.55999755859375,455.5899963378906,432.6300048828125,446.17999267578125,443.0815734863281,108384100
2025-04-11,444.6499938964844,455.7900085449219,441.3299865722656,454.3999938964844,451.2444763183594,52483800
2025-04-14,464.4599914550781,465.04998779296875,452.6300048828125,457.4800109863281,454.3031005859375,43941200
2025-04-15,458.5400085449219,462.3800048828125,456.1499938964844,457.989990234375,454.8096008300781,35404200
2025-04-16,449.0299987792969,452.6199951171875,437.760009765625,444.17999267578125,441.0954895019531,48980600
2025-04-17,447.1700134277344,447.75,441.3599853515625,444.1000061035156,441.0160217285156,44837000
2025-04-21,438.2300109863281,439.0799865722656,427.92999267578125,433.1099853515625,430.1023254394531,44149300
2025-04-22,438.82000732421875,447.5799865722656,437.6199951171875,444.4800109863281,441.39337158203125,52304400
2025-04-23,458.1700134277344,463.3800048828125,452.8800048828125,454.55999755859375,451.40338134765625,55801100
2025-04-24,456.4800109863281,467.6600036621094,455.8299865722656,467.3500061035156,464.10455322265625,45956100
2025-04-25,466.9700012207031,473.0899963378906,465.3900146484375,472.55999755859375,469.2784118652344,38697100
2025-04-28,473.0299987792969,474.80999755859375,466.0299987792969,472.4100036621094,469.1294250488281,33550800
2025-04-29,470.1700134277344,476.4200134277344,469.5899963378906,475.5299987792969,472.2277526855469,30613100
2025-04-30,467.1300048828125,477.20001220703125,462.42999267578125,475.4700012207031,472.1681823730469,46810600
2025-05-01,483.4100036621094,487.17999267578125,480.739990234375,481.67999267578125,478.3350524902344,43316500
2025-05-02,486.5400085449219,490.9100036621094,484.8299865722656,488.8299865722656,485.4353332519531,39218100
2025-05-05,484.6000061035156,489.0299987792969,484.1000061035156,485.92999267578125,482.5555114746094,28309500
2025-05-06,479.55999755859375,485.04998779296875,478.19000244140625,481.4100036621094,478.0669250488281,32786300
2025-05-07,482.0799865722656,485.79998779296875,476.7799987792969,483.29998779296875,479.94378662109375,38006300
2025-05-08,488.5299987792969,492.70001220703125,484.1700134277344,488.2900085449219,484.899169921875,39577600
2025-05-09,490.2099914550781,491.5400085449219,486.20001220703125,487.9700012207031,484.58135986328125,27767400
2025-05-12,506.989990234375,507.8900146484375,501.4800109863281,507.8500061035156,504.32330322265625,45090600
2025-05-13,509.1600036621094,517.3900146484375,508.4200134277344,515.5900268554688,512.0096435546875,53269600
2025-05-14,516.77001953125,519.22998046875,515.75,518.6799926757812,515.0780639648438,47014500
2025-05-15,516.52001953125,521.9299926757812,515.1699829101562,519.25,515.6441650390625,50153300
2025-05-16,520.6599731445312,521.7000122070312,517.0999755859375,521.510009765625,517.888427734375,48394600
2025-05-19,514.239990234375,522.530029296875,514.239990234375,522.010009765625,518.3849487304688,52536200
2025-05-20,519.469970703125,520.9299926757812,516.6599731445312,520.27001953125,516.6570434570312,42517600
2025-05-21,516.27001953125,523.0,511.239990234375,513.0399780273438,509.47723388671875,71292800
2025-05-22,513.6599731445312,517.7100219726562,512.2999877929688,514.0,510.43060302734375,55607200
2025-05-23,506.17999267578125,511.8399963378906,505.5799865722656,509.239990234375,505.7036437988281,58368100
2025-05-27,516.1500244140625,521.7100219726562,514.5900268554688,521.219970703125,517.6005249023438,47226300
2025-05-28,522.1799926757812,523.6799926757812,518.3900146484375,518.9099731445312,515.3064575195312,46637200
2025-05-29,526.3300170898438,526.47998046875,517.3200073242188,519.9299926757812,516.3193969726562,58513300
2025-05-30,519.4400024414062,520.6799926757812,511.92999267578125,519.1099853515625,515.5050659179688,67662800
2025-06-02,517.239990234375,523.4500122070312,515.969970703125,523.2100219726562,519.5767822265625,44762800
2025-06-03,523.5599975585938,528.739990234375,522.6900024414062,527.2999877929688,523.6382446289062,44070300
2025-06-04,528.010009765625,529.8400268554688,525.969970703125,528.77001953125,525.0980834960938,41359300
2025-06-05,530.1799926757812,533.0499877929688,522.6599731445312,524.7899780273438,521.1456298828125,61031200
2025-06-06,530.0,531.7999877929688,528.2100219726562,529.9199829101562,526.2400512695312,42467000
2025-06-09,530.1400146484375,532.3499755859375,529.010009765625,530.7000122070312,527.0145874023438,33688700
2025-06-10,531.1699829101562,534.9000244140625,528.8900146484375,534.2100219726562,530.5003051757812,40664800
2025-06-11,535.6199951171875,536.780029296875,530.1099853515625,532.4099731445312,528.712646484375,53701000
2025-06-12,531.0900268554688,534.6400146484375,530.8400268554688,533.6599731445312,529.9540405273438,34104900
2025-06-13,527.6799926757812,531.8699951171875,525.72998046875,526.9600219726562,523.3005981445312,55814400
2025-06-16,530.5,535.3699951171875,530.4500122070312,534.2899780273438,530.5797729492188,37622100
2025-06-17,531.7100219726562,533.3300170898438,527.9099731445312,529.0800170898438,525.4058837890625,42180900
2025-06-18,530.0999755859375,532.5499877929688,527.4000244140625,528.989990234375,525.3164672851562,43983500
2025-06-20,532.260009765625,533.5599975585938,524.8800048828125,526.8300170898438,523.1715698242188,61643500
2025-06-23,526.8099975585938,532.1699829101562,523.6500244140625,531.6500244140625,528.5509643554688,50666100
2025-06-24,536.8900146484375,540.7000122070312,536.27001953125,539.780029296875,536.6336059570312,45442000
2025-06-25,542.0599975585938,543.3099975585938,539.3800048828125,541.1599731445312,538.0055541992188,44804200
2025-06-26,543.3499755859375,546.6699829101562,541.52001953125,546.219970703125,543.0360107421875,43811400
2025-06-27,547.260009765625,549.989990234375,544.5399780273438,548.0900268554688,544.8951416015625,57577100
2025-06-30,551.260009765625,552.7999877929688,549.010009765625,551.6400146484375,548.424560546875,45548700
2025-07-01,549.72998046875,550.7100219726562,544.6599731445312,546.989990234375,543.801513671875,56166700
2025-07-02,546.1599731445312,551.0,546.1199951171875,550.7999877929688,547.5892944335938,36538300
2025-07-03,553.1799926757812,557.2000122070312,553.1799926757812,556.219970703125,552.9776611328125,26443500
2025-07-07,553.52001953125,554.3400268554688,549.5800170898438,552.030029296875,548.8121948242188,45349300
2025-07-08,553.3800048828125,554.010009765625,551.0999755859375,552.3400268554688,549.120361328125,36153300
2025-07-09,554.47998046875,557.6300048828125,553.0999755859375,556.25,553.0076293945312,43045500
2025-07-10,556.8900146484375,557.2999877929688,552.75,555.4500122070312,552.2122802734375,34710900
2025-07-11,553.2999877929688,555.7899780273438,552.0499877929688,554.2000122070312,550.9696044921875,39618600
2025-07-14,553.989990234375,556.9500122070312,551.6300048828125,556.2100219726562,552.9677734375,36453300
2025-07-15,560.25,560.7999877929688,556.6599731445312,556.719970703125,553.474853515625,43277700
2025-07-16,557.280029296875,560.2100219726562,551.5599975585938,557.2899780273438,554.04150390625,52314700
2025-07-17,558.02001953125,562.3099975585938,557.2100219726562,561.7999877929688,558.5252685546875,40423800
2025-07-18,563.1199951171875,564.72998046875,559.97998046875,561.260009765625,557.9884033203125,50484700
2025-07-21,562.0900268554688,566.0599975585938,562.0599975585938,564.1699829101562,560.88134765625,39595200
2025-07-22,564.2999877929688,564.3499755859375,558.6099853515625,561.25,557.978515625,43270600
2025-07-23,562.3400268554688,563.8499755859375,559.5800170898438,563.8099975585938,560.5235595703125,40215300
2025-07-24,565.1300048828125,566.239990234375,563.2899780273438,565.010009765625,561.716552734375,42275500
2025-07-25,564.9299926757812,567.7000122070312,564.27001953125,566.3699951171875,563.068603515625,30630800
2025-07-28,567.739990234375,569.0399780273438,566.8699951171875,568.1400146484375,564.828369140625,31498700
2025-07-29,570.760009765625,572.1099853515625,566.530029296875,567.260009765625,563.9534301757812,45463300
2025-07-30,568.1799926757812,570.6199951171875,565.0499877929688,568.02001953125,564.708984375,43433800
2025-07-31,574.5399780273438,574.6300048828125,563.8699951171875,565.010009765625,561.716552734375,64613600
2025-08-01,558.8300170898438,559.02001953125,551.6799926757812,553.8800048828125,550.6513671875,69400800
2025-08-04,559.0499877929688,564.3200073242188,558.9500122070312,564.0999755859375,560.8118286132812,47669800
2025-08-05,565.3900146484375,566.5599975585938,559.72998046875,560.27001953125,557.004150390625,48666600
2025-08-06,561.1099853515625,567.760009765625,560.6300048828125,567.3200073242188,564.0130615234375,41823700
2025-08-07,571.6699829101562,573.3200073242188,565.1099853515625,569.239990234375,565.921875,44463000
2025-08-08,570.4500122070312,574.77001953125,570.1500244140625,574.5499877929688,571.2008666992188,35255500
2025-08-11,574.6900024414062,576.7999877929688,571.5700073242188,572.8499755859375,569.5108032226562,33112900
2025-08-12,575.1599731445312,580.3499755859375,572.489990234375,580.0499877929688,576.6688842773438,42143300
2025-08-13,582.760009765625,583.3200073242188,578.9400024414062,580.3400268554688,576.9571533203125,41209300
2025-08-14,578.280029296875,581.8800048828125,577.9099731445312,579.8900146484375,576.5098266601562,45425000
2025-08-15,579.7999877929688,579.8400268554688,575.5700073242188,577.3400268554688,573.9746704101562,49480200
2025-08-18,576.4400024414062,577.77001953125,575.239990234375,577.1099853515625,573.7459716796875,29831000
2025-08-19,576.3900146484375,576.5599975585938,568.25,569.280029296875,565.961669921875,53752600
2025-08-20,568.3300170898438,568.4500122070312,558.8400268554688,565.9000244140625,562.6013793945312,76781100
2025-08-21,564.3499755859375,566.489990234375,560.97998046875,563.280029296875,559.9966430664062,46436900
2025-08-22,564.6699829101562,573.989990234375,563.27001953125,571.969970703125,568.6359252929688,51502100
2025-08-25,570.4000244140625,573.2899780273438,569.1599731445312,570.3200073242188,566.99560546875,34044700
2025-08-26,569.8300170898438,572.9199829101562,568.7999877929688,572.6099853515625,569.2721557617188,34103000
2025-08-27,571.5900268554688,574.4099731445312,570.3699951171875,573.489990234375,570.1470947265625,36927100
2025-08-28,574.1099853515625,578.0,572.4600219726562,577.0800170898438,573.7161865234375,46787900
2025-08-29,574.6599731445312,575.030029296875,568.5399780273438,570.4000244140625,567.0751342773438,56030400
2025-09-02,561.3099975585938,565.969970703125,559.5399780273438,565.6199951171875,562.3229370117188,65876800
2025-09-03,569.22998046875,571.7000122070312,566.72998046875,570.0700073242188,566.7470092773438,54230200
2025-09-04,570.739990234375,575.5999755859375,569.030029296875,575.22998046875,571.876953125,47526300
2025-09-05,580.489990234375,581.1199951171875,571.530029296875,576.0599975585938,572.7020874023438,68342500
2025-09-08,578.3699951171875,580.8400268554688,577.77001953125,578.8699951171875,575.4957275390625,46371400
2025-09-09,579.6699829101562,580.9400024414062,577.0399780273438,580.510009765625,577.1261596679688,44007600
2025-09-10,583.739990234375,583.77001953125,578.5499877929688,580.7000122070312,577.3151245117188,49308000
2025-09-11,583.239990234375,584.8800048828125,581.6199951171875,584.0800170898438,580.67529296875,44745800
2025-09-12,585.0399780273438,587.8599853515625,584.0999755859375,586.6599731445312,583.2403564453125,50745900
2025-09-15,588.4400024414062,591.7899780273438,588.2899780273438,591.6799926757812,588.2310180664062,44360300
2025-09-16,592.6099853515625,592.8599853515625,590.489990234375,591.1799926757812,587.7339477539062,36942100
2025-09-17,591.0999755859375,591.75,584.3699951171875,590.0,586.5608520507812,69384800
2025-09-18,594.9099731445312,598.1400146484375,592.9600219726562,595.3200073242188,591.849853515625,61069300
2025-09-19,597.3300170898438,600.0499877929688,595.8499755859375,599.3499755859375,595.8562622070312,58196100
2025-09-22,597.739990234375,602.8699951171875,597.719970703125,602.2000122070312,599.3837890625,57154800
2025-09-23,602.3699951171875,602.5700073242188,596.97998046875,598.2000122070312,595.4024658203125,64635500
2025-09-24,599.5800170898438,599.9000244140625,593.3599853515625,596.0999755859375,593.3123168945312,49850300
2025-09-25,592.2000122070312,595.1199951171875,588.5,593.530029296875,590.7543334960938,70920200
2025-09-26,594.3499755859375,596.2999877929688,591.0599975585938,595.969970703125,593.182861328125,54337400
2025-09-29,599.1099853515625,602.0499877929688,597.4099731445312,598.72998046875,595.9299926757812,48332900
2025-09-30,598.4299926757812,600.7100219726562,596.0999755859375,600.3699951171875,597.5623168945312,46533800
2025-10-01,597.1699829101562,603.7899780273438,596.3400268554688,603.25,600.4288330078125,46899600
2025-10-02,607.0599975585938,607.1599731445312,602.9299926757812,605.72998046875,602.8972778320312,43765400
2025-10-03,606.510009765625,607.3300170898438,601.3900146484375,603.1799926757812,600.3591918945312,46482100
2025-10-06,608.4500122070312,609.3599853515625,605.969970703125,607.7100219726562,604.8679809570312,41962100
2025-10-07,609.02001953125,609.7100219726562,603.030029296875,604.510009765625,601.6830444335938,58209500
2025-10-08,605.4099731445312,611.75,605.260009765625,611.4400024414062,608.58056640625,50629800
2025-10-09,611.47998046875,611.6099853515625,607.47998046875,610.7000122070312,607.8440551757812,45551000
2025-10-10,611.4000244140625,613.1799926757812,589.0499877929688,589.5,586.7431640625,97614800
2025-10-13,599.6799926757812,602.9500122070312,597.22998046875,602.010009765625,599.1946411132812,65872600
2025-10-14,595.3099975585938,602.6900024414062,590.1300048828125,598.0,595.2034301757812,69203200
2025-10-15,604.010009765625,606.7000122070312,595.9299926757812,602.219970703125,599.4036865234375,62805500
2025-10-16,605.1099853515625,608.3099975585938,595.5,599.989990234375,597.1841430664062,70982000
2025-10-17,597.9500122070312,605.510009765625,596.3699951171875,603.9299926757812,601.105712890625,72024900
2025-10-20,607.1400146484375,612.7999877929688,607.0700073242188,611.5399780273438,608.6800537109375,45761700
2025-10-21,611.6400146484375,612.719970703125,609.3200073242188,611.3800048828125,608.5208129882812,44538200
2025-10-22,610.8200073242188,611.4099731445312,599.739990234375,605.489990234375,602.6583862304688,61478800
2025-10-23,604.9099731445312,611.3699951171875,604.52001953125,610.5800170898438,607.7246704101562,42844300
2025-10-24,615.989990234375,618.4199829101562,615.1300048828125,617.0999755859375,614.2140502929688,47632500
2025-10-27,624.52001953125,628.5499877929688,624.030029296875,628.0900268554688,625.1527709960938,54098600
2025-10-28,630.3599853515625,634.6799926757812,629.25,632.9199829101562,629.9600830078125,61195700
2025-10-29,635.5900268554688,637.010009765625,630.25,635.77001953125,632.7968139648438,67422800
2025-10-30,632.1699829101562,633.5,625.9400024414062,626.0499877929688,623.1222534179688,61628600
2025-10-31,634.1699829101562,634.2000122070312,626.6900024414062,629.0700073242188,626.1281127929688,66305100
2025-11-03,635.1099853515625,635.8200073242188,629.8499755859375,632.0800170898438,629.1240844726562,37154300
2025-11-04,623.280029296875,626.9500122070312,618.4600219726562,619.25,616.3540649414062,63830800
2025-11-05,618.489990234375,626.5999755859375,617.2100219726562,623.280029296875,620.365234375,48688500
2025-11-06,621.7899780273438,622.0399780273438,610.2999877929688,611.6699829101562,608.8094482421875,72115100
2025-11-07,608.3099975585938,609.9500122070312,598.6699829101562,609.739990234375,606.8885498046875,81835400
2025-11-10,618.9199829101562,624.3099975585938,616.8900146484375,623.22998046875,620.3154296875,55919900
2025-11-11,620.5700073242188,622.719970703125,617.52001953125,621.5700073242188,618.6632080078125,44868800
2025-11-12,624.8400268554688,624.8599853515625,617.8099975585938,621.0800170898438,618.1754760742188,47444400
2025-11-13,617.5399780273438,618.1199951171875,606.0800170898438,608.4000244140625,605.5548706054688,71333600
2025-11-14,599.5499877929688,613.3499755859375,597.1699829101562,608.8599853515625,606.0125732421875,80087300
2025-11-17,606.2999877929688,612.47998046875,599.8699951171875,603.6599731445312,600.8369140625,63850400
2025-11-18,599.6199951171875,602.3099975585938,591.3400268554688,596.3099975585938,593.5213012695312,83327300
2025-11-19,597.0700073242188,606.1599731445312,594.5900268554688,599.8699951171875,597.064697265625,73111500
2025-11-20,611.6199951171875,614.030029296875,584.75,585.6699829101562,582.9310913085938,117743200
2025-11-21,587.469970703125,596.97998046875,580.739990234375,590.0700073242188,587.3104858398438,103344200
2025-11-24,595.280029296875,606.6799926757812,595.1599731445312,605.1599731445312,602.3299560546875,60168100
2025-11-25,603.510009765625,610.260009765625,597.3200073242188,608.8900146484375,606.0425415039062,57560900
2025-11-26,612.510009765625,616.1900024414062,610.3900146484375,614.27001953125,611.3973388671875,42393600
2025-11-28,616.1099853515625,619.3200073242188,615.4199829101562,619.25,616.3540649414062,23034400
2025-12-01,613.6300048828125,619.4400024414062,612.52001953125,617.1699829101562,614.2837524414062,40957600
2025-12-02,619.4600219726562,623.75,617.5900268554688,622.0,619.0911865234375,54541800
2025-12-03,619.6199951171875,624.219970703125,618.030029296875,623.52001953125,620.6041259765625,47841600
2025-12-04,624.9299926757812,624.9400024414062,619.5399780273438,622.9400024414062,620.0267944335938,47067800
2025-12-05,624.3800048828125,628.9199829101562,623.7100219726562,625.47998046875,622.554931640625,53614200
2025-12-08,627.2100219726562,628.8400268554688,621.6900024414062,624.280029296875,621.3605346679688,43462400
2025-12-09,623.010009765625,625.8699951171875,621.0,625.0499877929688,622.126953125,37156000
2025-12-10,623.8499755859375,629.2100219726562,620.989990234375,627.6099853515625,624.6749267578125,55031400
2025-12-11,623.8200073242188,625.780029296875,617.719970703125,625.5800170898438,622.654541015625,58272800
2025-12-12,622.0800170898438,623.5399780273438,611.3599853515625,613.6199951171875,610.7503662109375,75158700
2025-12-15,618.3699951171875,618.4199829101562,609.3200073242188,610.5399780273438,607.6847534179688,49538200
2025-12-16,608.260009765625,613.510009765625,606.9099731445312,611.75,608.8890991210938,55152800
2025-12-17,613.0599975585938,613.6500244140625,600.280029296875,600.4099731445312,597.60205078125,70654300
2025-12-18,609.7999877929688,612.9299926757812,606.9199829101562,609.1099853515625,606.261474609375,78875800
2025-12-19,611.9500122070312,617.6199951171875,611.8699951171875,617.0499877929688,614.164306640625,60369800
2025-12-22,621.3499755859375,621.6500244140625,617.77001953125,619.2100219726562,617.1082763671875,43703100
2025-12-23,618.2000122070312,622.4099731445312,617.780029296875,622.1099853515625,619.9984130859375,41120400
2025-12-24,621.989990234375,624.280029296875,621.719970703125,623.9299926757812,621.812255859375,18468700
2025-12-26,624.6599731445312,625.52001953125,623.1400146484375,623.8900146484375,621.7724609375,28959800
2025-12-29,620.0999755859375,622.780029296875,618.72998046875,620.8699951171875,618.7626342773438,32458300
2025-12-30,619.8400268554688,622.1799926757812,619.219970703125,619.4299926757812,617.3275146484375,31226800
2025-12-31,619.6500244140625,619.9600219726562,614.0499877929688,614.3099975585938,612.2249145507812,40746500
2026-01-02,620.0599975585938,622.8499755859375,610.1500244140625,613.1199951171875,611.0389404296875,61859200
2026-01-05,619.3200073242188,620.8099975585938,616.719970703125,617.989990234375,615.8923950195312,46828400
2026-01-06,619.22998046875,624.02001953125,618.5399780273438,623.4199829101562,621.3040161132812,43137500
2026-01-07,623.0399780273438,627.9400024414062,622.5599975585938,624.02001953125,621.9020385742188,44880300
2026-01-08,623.030029296875,623.4199829101562,617.7999877929688,620.469970703125,618.364013671875,50435900
2026-01-09,621.4099731445312,627.8900146484375,619.0599975585938,626.6500244140625,624.5230712890625,49688700
2026-01-12,622.3099975585938,628.8499755859375,622.260009765625,627.1699829101562,625.041259765625,37388700
2026-01-13,627.27001953125,629.469970703125,623.7000122070312,626.239990234375,624.1144409179688,44481400
2026-01-14,622.239990234375,623.4500122070312,614.5599975585938,619.5499877929688,617.4471435546875,72598700
2026-01-15,626.5999755859375,630.0,620.75,621.780029296875,619.6696166992188,53934900
2026-01-16,625.5,626.0800170898438,618.8800048828125,621.260009765625,619.1513671875,61058100
2026-01-20,610.530029296875,615.0599975585938,607.0499877929688,608.0599975585938,605.9961547851562,81988900
2026-01-21,609.469970703125,620.4199829101562,607.8599853515625,616.280029296875,614.188232421875,79837900
2026-01-22,622.3499755859375,622.4600219726562,617.780029296875,620.760009765625,618.6530151367188,42254800
2026-01-23,619.72998046875,625.4000244140625,618.6500244140625,622.719970703125,620.6063842773438,43645800
2026-01-26,623.2100219726562,627.6099853515625,622.1199951171875,625.4600219726562,623.3370971679688,35983000
2026-01-27,628.9099731445312,632.0399780273438,627.3400268554688,631.1300048828125,628.9878540039062,38997200
2026-01-28,635.4600219726562,636.5999755859375,631.8099975585938,633.219970703125,631.0706787109375,50691700
2026-01-29,632.6500244140625,633.6699829101562,618.27001953125,629.4299926757812,627.2935791015625,79944000
2026-01-30,625.7100219726562,628.260009765625,619.2999877929688,621.8699951171875,619.7592163085938,65650700
2026-02-02,618.7000122070312,628.489990234375,618.6599731445312,626.1400146484375,624.0148315429688,49020300
2026-02-03,628.2999877929688,629.97998046875,610.9600219726562,616.52001953125,614.4274291992188,81234000
2026-02-04,615.02001953125,615.0999755859375,600.469970703125,605.75,603.6939086914062,81850700
2026-02-05,600.2100219726562,604.8099975585938,594.760009765625,597.030029296875,595.0036010742188,89354500
2026-02-06,600.1900024414062,611.4099731445312,598.77001953125,609.6500244140625,607.5807495117188,78019300
2026-02-09,607.5399780273438,616.4600219726562,605.0700073242188,614.3200073242188,612.2349243164062,56797600
2026-02-10,615.3099975585938,617.02001953125,611.010009765625,611.469970703125,609.39453125,53938900
2026-02-11,616.3800048828125,617.52001953125,607.6900024414062,613.1099853515625,611.0289916992188,58575100
2026-02-12,614.7100219726562,615.8099975585938,599.5700073242188,600.6400146484375,598.601318359375,81378900
2026-02-13,600.4299926757812,606.47998046875,596.4199829101562,601.9199829101562,599.876953125,69237500
2026-02-17,598.3800048828125,603.9500122070312,593.3400268554688,601.2999877929688,599.259033203125,69013800
2026-02-18,602.1099853515625,609.77001953125,600.719970703125,605.7899780273438,603.73388671875,64250700
2026-02-19,602.8099975585938,605.8200073242188,600.75,603.469970703125,601.421630859375,60960800
2026-02-20,600.1199951171875,610.3499755859375,599.22998046875,608.8099975585938,606.7435302734375,74127300
2026-02-23,606.6099853515625,608.010009765625,599.0499877929688,601.4099731445312,599.36865234375,63859100
2026-02-24,602.4000244140625,608.989990234375,599.72998046875,607.8699951171875,605.8067626953125,55023700
2026-02-25,611.0700073242188,616.8300170898438,611.0,616.6799926757812,614.5868530273438,55710700
2026-02-26,615.5900268554688,615.5900268554688,603.97998046875,609.239990234375,607.172119140625,96178900
2026-02-27,602.97998046875,608.3200073242188,602.1900024414062,607.2899780273438,605.228759765625,68125200
2026-03-02,598.8599853515625,609.9199829101562,597.989990234375,608.0900268554688,606.0260620117188,75264600
2026-03-03,596.3300170898438,603.9600219726562,591.8699951171875,601.5800170898438,599.5380859375,97015500
2026-03-04,604.1599731445312,612.8800048828125,603.4299926757812,610.75,608.6769409179688,70943900
2026-03-05,607.4000244140625,612.760009765625,602.260009765625,608.9099731445312,606.84326171875,89602400
2026-03-06,600.3099975585938,606.0,598.3300170898438,599.75,597.71435546875,86302300
2026-03-09,594.22998046875,609.27001953125,591.3300170898438,607.760009765625,605.6971435546875,93068200
2026-03-10,607.780029296875,613.2899780273438,605.4199829101562,607.77001953125,605.7071533203125,64078900
2026-03-11,608.9500122070312,612.4299926757812,605.030029296875,607.6900024414062,605.6273193359375,60114800
2026-03-12,602.760009765625,604.1400146484375,597.0499877929688,597.260009765625,595.2327880859375,71836600
2026-03-13,599.72998046875,603.5999755859375,592.5700073242188,593.719970703125,591.7047729492188,63145500
2026-03-16,600.0399780273438,603.8599853515625,599.1099853515625,600.3800048828125,598.3422241210938,49077200
2026-03-17,603.1400146484375,605.9000244140625,601.8699951171875,603.3099975585938,601.2622680664062,47106600
2026-03-18,601.489990234375,603.1599731445312,594.5599975585938,594.9000244140625,592.880859375,56128000
2026-03-19,589.510009765625,595.7999877929688,587.0800170898438,593.02001953125,591.0072021484375,75597600
2026-03-20,591.0599975585938,591.1699829101562,578.5399780273438,582.0599975585938,580.0844116210938,91964700
2026-03-23,590.52001953125,595.0800170898438,585.9600219726562,588.0,586.7431640625,89936100
2026-03-24,584.8099975585938,587.9299926757812,581.9299926757812,583.97998046875,582.731689453125,57750900
2026-03-25,589.1400146484375,591.3699951171875,585.6900024414062,587.8200073242188,586.5635375976562,60475500
2026-03-26,582.5999755859375,584.6300048828125,573.4299926757812,573.7899780273438,572.5634765625,81492100
2026-03-27,570.8099975585938,571.02001953125,561.5700073242188,562.5800170898438,561.3775024414062,82702200
2026-03-30,567.3800048828125,568.0499877929688,555.5999755859375,558.280029296875,557.086669921875,70602600
2026-03-31,564.2899780273438,578.6400146484375,564.2100219726562,577.1799926757812,575.9462280273438,95878000
2026-04-01,581.47998046875,587.739990234375,580.4199829101562,584.3099975585938,583.06103515625,79435100
2026-04-02,573.969970703125,586.0499877929688,571.9199829101562,584.97998046875,583.7295532226562,50941700
2026-04-06,586.22998046875,590.6099853515625,584.6900024414062,588.5,587.2420654296875,35108500
2026-04-07,585.6400146484375,588.97998046875,578.4000244140625,588.5900268554688,587.3319091796875,49948200
2026-04-08,608.7100219726562,609.9000244140625,602.1199951171875,606.0900268554688,604.7944946289062,63086000
2026-04-09,605.9299926757812,610.5,603.030029296875,610.1900024414062,608.8857421875,37837500
2026-04-10,611.8400268554688,613.6699829101562,609.5800170898438,611.0700073242188,609.7638549804688,34038500
2026-04-13,609.47998046875,626.739990234375,608.1099853515625,617.3900146484375,616.0703125,32972100
2026-04-14,620.219970703125,628.5999755859375,620.0999755859375,628.5999755859375,627.2562866210938,49921100
2026-04-15,629.0800170898438,637.8300170898438,628.2000122070312,637.4000244140625,636.0375366210938,50102400
2026-04-16,639.2100219726562,642.1799926757812,635.260009765625,640.469970703125,639.1009521484375,42320600
2026-04-17,645.5900268554688,650.0,644.0700073242188,648.8499755859375,647.4630126953125,53488900
2026-04-20,648.0399780273438,648.760009765625,642.52001953125,646.7899780273438,645.4074096679688,37138500
2026-04-21,648.4099731445312,650.2000122070312,642.2100219726562,644.3300170898438,642.9526977539062,39580500
2026-04-22,650.1500244140625,655.3300170898438,648.52001953125,655.1099853515625,653.709716796875,37368400
2026-04-23,653.5499877929688,656.9199829101562,645.52001953125,651.4199829101562,650.0275268554688,40099800
2026-04-24,658.510009765625,664.510009765625,656.530029296875,663.8800048828125,662.4609375,45563100
2026-04-27,663.4000244140625,664.4299926757812,660.6900024414062,664.22998046875,662.8101806640625,32717000
2026-04-28,657.4099731445312,659.6400146484375,653.8099975585938,657.5499877929688,656.1444702148438,34147900
2026-04-29,658.6300048828125,661.719970703125,656.5900268554688,661.5700073242188,660.1558837890625,31724900
2026-04-30,665.3499755859375,668.9000244140625,657.5599975585938,667.739990234375,666.3126220703125,40622200
2026-05-01,669.1599731445312,675.969970703125,668.7999877929688,674.1500244140625,672.708984375,39172600
2026-05-04,674.6599731445312,676.72998046875,668.9000244140625,672.8800048828125,671.4417114257812,34542000
2026-05-05,677.9600219726562,682.77001953125,677.510009765625,681.6099853515625,680.1530151367188,37101100
2026-05-06,687.780029296875,695.9299926757812,686.47998046875,695.77001953125,694.2827758789062,38778500
2026-05-07,696.5800170898438,701.239990234375,691.77001953125,694.9400024414062,693.4545288085938,43779100
2026-05-08,699.9199829101562,711.22998046875,699.5,711.22998046875,709.709716796875,44320400
2026-05-11,710.3599853515625,714.5900268554688,708.9099731445312,713.2899780273438,711.7652587890625,36019100
2026-05-12,708.219970703125,710.1799926757812,696.6400146484375,707.239990234375,705.7282104492188,45873000
2026-05-13,709.9600219726562,716.6500244140625,704.8300170898438,714.7100219726562,713.1823120117188,40012500
2026-05-14,714.6199951171875,722.030029296875,714.219970703125,719.7899780273438,718.2514038085938,33327500
2026-05-15,710.1400146484375,715.1300048828125,705.5499877929688,708.9299926757812,707.4146728515625,51792700
2026-05-18,711.5399780273438,712.0700073242188,698.8499755859375,705.8800048828125,704.3711547851562,49834500
2026-05-19,699.8099975585938,706.489990234375,695.25,701.530029296875,700.030517578125,46827500
2026-05-20,705.2899780273438,713.1500244140625,703.7899780273438,713.1500244140625,711.6256713867188,36779200
2026-05-21,708.989990234375,717.1199951171875,706.77001953125,714.510009765625,712.9827270507812,36415400
2026-05-22,718.0700073242188,722.1199951171875,715.9500122070312,717.5399780273438,716.0062255859375,33118600
2026-05-26,725.9600219726562,731.1699829101562,724.1599731445312,730.280029296875,728.7190551757812,34254700
2026-05-27,732.9600219726562,733.3200073242188,725.4400024414062,729.4500122070312,727.8908081054688,35148700
2026-05-28,729.72998046875,736.5999755859375,726.4099731445312,735.5999755859375,734.027587890625,32840000
2026-05-29,737.8400268554688,741.6300048828125,735.25,738.3099975585938,736.7318115234375,37541700
2026-06-01,737.0399780273438,745.6500244140625,735.989990234375,742.739990234375,741.1524047851562,33890600
2026-06-02,742.4000244140625,746.4400024414062,739.22998046875,746.1599731445312,744.5650024414062,30085200
2026-06-03,747.3099975585938,748.6500244140625,741.010009765625,744.2100219726562,742.6192626953125,40270200
2026-06-04,735.47998046875,743.5,732.6199951171875,740.6099853515625,739.0269165039062,40782600
2026-06-05,730.0599975585938,731.6900024414062,704.3200073242188,705.0599975585938,703.5529174804688,99606600
2026-06-08,717.8099975585938,723.030029296875,713.0700073242188,716.0700073242188,714.5393676757812,47401500
2026-06-09,722.97998046875,725.6599731445312,686.3699951171875,707.8300170898438,706.3169555664062,91932200
2026-06-10,701.6599731445312,711.280029296875,692.9299926757812,693.6900024414062,692.2072143554688,65334300
2026-06-11,699.2899780273438,718.3699951171875,695.0,717.1199951171875,715.5870971679688,71798900
2026-06-12,717.6099853515625,724.010009765625,711.280029296875,721.3400268554688,719.798095703125,51168400
2026-06-15,738.0999755859375,744.760009765625,737.3800048828125,744.0,742.40966796875,46710200
2026-06-16,742.25,744.219970703125,729.6400146484375,729.8599853515625,728.2998657226562,45348700
2026-06-17,735.1900024414062,735.6799926757812,720.8499755859375,722.510009765625,720.965576171875,51669300
2026-06-18,737.2000122070312,741.8200073242188,732.510009765625,740.6199951171875,739.0369262695312,50154600
2026-06-22,742.02001953125,745.4500122070312,734.3900146484375,737.9500122070312,737.1818237304688,43518600
2026-06-23,715.739990234375,723.6099853515625,712.1099853515625,713.6500244140625,712.9071655273438,53354200
2026-06-24,715.3699951171875,719.9299926757812,704.4500122070312,710.6199951171875,709.8803100585938,52480400
2026-06-25,725.9000244140625,726.8300170898438,705.2999877929688,716.3800048828125,715.63427734375,49668000
2026-06-26,707.1300048828125,715.5599975585938,702.8099975585938,706.52001953125,705.7846069335938,47081800
2026-06-29,713.989990234375,724.5800170898438,705.1699829101562,724.0800170898438,723.3262939453125,44939100
2026-06-30,724.1799926757812,737.6199951171875,723.9099731445312,736.4000244140625,735.6334838867188,42121800
2026-07-01,729.1900024414062,731.9199829101562,724.5999755859375,725.1699829101562,724.4151000976562,40803800
2026-07-02,725.5800170898438,730.8300170898438,707.5599975585938,712.5999755859375,711.8582153320312,50959800
2026-07-06,719.9299926757812,726.0800170898438,718.4500122070312,722.8200073242188,722.067626953125,30220400
2026-07-07,714.1699829101562,716.3499755859375,704.9000244140625,709.4299926757812,708.6915283203125,42483100
2026-07-08,704.9500122070312,712.260009765625,700.9099731445312,711.4400024414062,710.699462890625,35603200
2026-07-09,718.3300170898438,724.22998046875,715.1300048828125,723.280029296875,722.5271606445312,33654700
2026-07-10,720.7000122070312,726.3900146484375,717.0,725.510009765625,724.7548217773438,26415900
2026-07-13,717.719970703125,718.739990234375,710.0800170898438,711.739990234375,710.9990844726562,36552400
2026-07-14,720.219970703125,722.2899780273438,714.3400268554688,719.6900024414062,718.9408569335938,29448100
2026-07-15,723.8499755859375,724.3599853515625,710.22998046875,717.739990234375,716.9928588867188,32627600
2026-07-16,712.010009765625,713.5999755859375,702.6099853515625,705.9400024414062,705.2051391601562,39402000
2026-07-17,691.6500244140625,702.2999877929688,686.760009765625,695.3300170898438,694.606201171875,54109300
2026-07-20,702.1599731445312,705.7999877929688,695.510009765625,696.0599975585938,695.33544921875,29687600
2026-07-21,706.5700073242188,710.0499877929688,702.7999877929688,708.969970703125,708.2319946289062,33728300
2026-07-22,703.6199951171875,709.6500244140625,703.6199951171875,705.3499755859375,704.61572265625,23692200
2026-07-23,694.6699829101562,698.6599731445312,687.7899780273438,691.9600219726562,691.23974609375,44028600
2026-07-24,690.4099731445312,692.6300048828125,682.47998046875,684.22998046875,683.5177612304688,42876700
2026-07-27,691.6799926757812,692.2999877929688,675.9500122070312,682.1199951171875,681.4099731445312,42681500
2026-07-28,676.22998046875,679.4000244140625,667.8800048828125,675.489990234375,674.786865234375,51398700
2026-07-29,675.510009765625,680.0499877929688,661.1400146484375,661.72998046875,661.0411376953125,57233300
2026-07-30,674.760009765625,685.1199951171875,673.2999877929688,683.5499877929688,682.8384399414062,66753700
2026-07-31,692.1099853515625,695.77001953125,680.0499877929688,687.989990234375,687.2738647460938,50540500
2026-08-03,688.2999877929688,701.5900268554688,685.8200073242188,700.0700073242188,699.34130859375,44965100
2026-08-04,708.1599731445312,725.6599731445312,707.530029296875,723.8499755859375,723.0964965820312,59778600
2026-08-05,726.25,728.5399780273438,716.9199829101562,717.2999877929688,716.5533447265625,33540200
2026-08-06,710.8200073242188,719.3200073242188,708.5,714.6500244140625,713.9061279296875,33035900
2026-08-07,720.1500244140625,723.6300048828125,716.510009765625,723.030029296875,722.2774047851562,31070400
2026-08-10,722.3900146484375,724.6699829101562,720.3300170898438,720.8699951171875,720.11962890625,26243200
2026-08-11,723.2899780273438,723.3499755859375,715.5,718.4500122070312,717.7021484375,29286100
2026-08-12,727.0800170898438,727.25,722.9199829101562,723.7000122070312,722.9467163085938,29066000
2026-08-13,725.1500244140625,733.9600219726562,724.030029296875,732.0700073242188,731.3079833984375,31599700
2026-08-14,733.4099731445312,734.3900146484375,728.3200073242188,731.0700073242188,730.3090209960938,23790600
2026-08-17,732.9500122070312,734.5800170898438,729.27001953125,729.8699951171875,729.1102294921875,26452600
2026-08-18,720.2100219726562,722.1300048828125,715.9199829101562,717.510009765625,716.7631225585938,48997200
2026-08-19,720.3900146484375,721.5,712.6099853515625,716.0800170898438,715.3345947265625,35801700
2026-08-20,712.0900268554688,714.9400024414062,708.52001953125,710.9299926757812,710.18994140625,33396400
2026-08-21,715.22998046875,715.6699829101562,709.2000122070312,713.4400024414062,712.6973876953125,33399400
2026-08-24,709.6599731445312,709.7899780273438,702.7000122070312,706.3200073242188,705.5847778320312,37443100
2026-08-25,711.219970703125,714.0399780273438,707.4500122070312,710.719970703125,709.9801635742188,23869600
2026-08-26,708.4099731445312,713.02001953125,707.969970703125,711.3699951171875,710.6295166015625,20392400
2026-08-27,716.9299926757812,721.3499755859375,714.530029296875,721.1099853515625,720.359375,28723500
2026-08-28,719.739990234375,724.1300048828125,715.0900268554688,716.4299926757812,715.6842651367188,34105400
2026-08-31,715.1699829101562,717.5800170898438,713.1599731445312,716.760009765625,716.013916015625,32237200
2026-09-01,707.3900146484375,712.2999877929688,704.6599731445312,707.6400146484375,706.9033813476562,35236100
2026-09-02,707.0999755859375,709.7999877929688,705.0999755859375,709.239990234375,708.501708984375,23476200
2026-09-03,710.8499755859375,718.9199829101562,709.6900024414062,717.6699829101562,716.9229125976562,29449800
2026-09-04,719.3499755859375,721.8599853515625,716.5599975585938,718.9600219726562,718.2116088867188,32871100
2026-09-08,720.9099731445312,721.8900146484375,715.5700073242188,718.3599853515625,717.6122436523438,28341400
2026-09-09,716.4000244140625,719.7000122070312,714.02001953125,716.3099975585938,715.5643920898438,26763400
2026-09-10,707.5499877929688,712.0599975585938,706.8599853515625,708.6900024414062,707.9523315429688,31414400
2026-09-11,715.6799926757812,717.6300048828125,713.6300048828125,714.8800048828125,714.1358642578125,26649100
2026-09-14,703.3300170898438,712.9500122070312,702.739990234375,709.1799926757812,708.4417724609375,35219000
2026-09-15,708.7999877929688,709.530029296875,703.6400146484375,704.5399780273438,703.8065795898438,26631700
2026-09-16,708.0,711.8800048828125,700.0,704.719970703125,703.9863891601562,35688000
2026-09-17,715.9500122070312,718.0399780273438,713.3200073242188,716.9199829101562,716.1737060546875,37270300
2026-09-18,718.8300170898438,721.72998046875,715.0800170898438,721.4500122070312,720.6990356445312,48478700
2026-09-21,727.8900146484375,743.219970703125,727.8099975585938,741.469970703125,741.469970703125,46730600
2026-09-22,740.97998046875,748.3499755859375,740.9299926757812,747.4600219726562,747.4600219726562,40128800
2026-09-23,746.969970703125,747.1300048828125,738.1900024414062,741.2100219726562,741.2100219726562,33191800
2026-09-24,735.2899780273438,742.6599731445312,734.6199951171875,741.0999755859375,741.0999755859375,29000900
2026-09-25,742.8300170898438,745.9199829101562,739.6400146484375,744.5,744.5,30283800
2026-09-28,740.4600219726562,741.4199829101562,731.6300048828125,736.530029296875,736.530029296875,41775000
2026-09-29,740.1500244140625,740.5800170898438,735.3400268554688,737.9299926757812,737.9299926757812,27052300
2026-09-30,740.1900024414062,745.0999755859375,739.4600219726562,739.77001953125,739.77001953125,29820400
2026-10-01,742.510009765625,744.6699829101562,736.25,742.030029296875,742.030029296875,35534100
