kind,server_epoch,ny_day,side,high,low,poc,vah,val,requested_entry,stop,target,lots,planned_cash_risk,cutoff_epoch
profile,1632144600,20210920,0,1761.22,1741.858,1752.598,1757.59,1746.699,0.0,0.0,0.0,0.0,0.0,1632168000
entry,1632145200,20210920,1,1761.22,1741.858,1752.598,1757.59,1746.699,1757.976,1746.698,1761.22,0.09,101.502,1632168000
profile,1632231000,20210921,0,1775.037,1757.906,1762.323,1767.275,1759.244,0.0,0.0,0.0,0.0,0.0,1632254400
entry,1632231300,20210921,1,1775.037,1757.906,1762.323,1767.275,1759.244,1773.037,1759.243,1775.037,0.08,110.352,1632254400
profile,1632317400,20210922,0,1780.292,1771.481,1774.992,1777.539,1772.858,0.0,0.0,0.0,0.0,0.0,1632340800
entry,1632324300,20210922,1,1780.292,1771.481,1774.992,1777.539,1772.858,1778.884,1772.857,1780.292,0.17,102.45900000000002,1632340800
profile,1632403800,20210923,0,1776.566,1753.992,1763.692,1771.628,1761.046,0.0,0.0,0.0,0.0,0.0,1632427200
entry,1632404100,20210923,-1,1776.566,1753.992,1763.692,1771.628,1761.046,1754.987,1771.629,1753.992,0.06,99.852,1632427200
profile,1632490200,20210924,0,1757.598,1741.275,1754.92,1756.323,1747.906,0.0,0.0,0.0,0.0,0.0,1632513600
entry,1632490500,20210924,-1,1757.598,1741.275,1754.92,1756.323,1747.906,1744.09,1756.324,1741.275,0.09,110.10600000000001,1632513600
profile,1632749400,20210927,0,1760.832,1744.846,1749.467,1757.585,1747.094,0.0,0.0,0.0,0.0,0.0,1632772800
profile,1632835800,20210928,0,1754.448,1728.106,1743.129,1748.274,1730.987,0.0,0.0,0.0,0.0,0.0,1632859200
profile,1632922200,20210929,0,1745.51,1733.327,1738.562,1742.274,1736.563,0.0,0.0,0.0,0.0,0.0,1632945600
entry,1632924300,20210929,-1,1745.51,1733.327,1738.562,1742.274,1736.563,1735.218,1742.275,1733.327,0.15,105.855,1632945600
profile,1633008600,20210930,0,1741.531,1722.249,1732.643,1733.999,1727.07,0.0,0.0,0.0,0.0,0.0,1633032000
invalid_geometry,1633008900,20210930,1,1741.531,1722.249,1732.643,1733.999,1727.07,1742.334,1727.069,1741.531,0.0,0.0,1633032000
profile,1633095000,20211001,0,1759.792,1749.722,1754.678,1756.016,1752.239,0.0,0.0,0.0,0.0,0.0,1633118400
entry,1633095300,20211001,1,1759.792,1749.722,1754.678,1756.016,1752.239,1758.282,1752.238,1759.792,0.17,102.748,1633118400
profile,1633354200,20211004,0,1765.694,1747.713,1764.149,1765.413,1752.77,0.0,0.0,0.0,0.0,0.0,1633377600
entry,1633354500,20211004,-1,1765.694,1747.713,1764.149,1765.413,1752.77,1748.691,1765.414,1747.713,0.06,100.338,1633377600
profile,1633440600,20211005,0,1769.384,1751.337,1757.964,1761.206,1754.439,0.0,0.0,0.0,0.0,0.0,1633464000
entry,1633440900,20211005,-1,1769.384,1751.337,1757.964,1761.206,1754.439,1754.337,1761.207,1751.337,0.15,103.05,1633464000
profile,1633527000,20211006,0,1761.275,1745.897,1748.42,1756.71,1746.618,0.0,0.0,0.0,0.0,0.0,1633550400
entry,1633527300,20211006,1,1761.275,1745.897,1748.42,1756.71,1746.618,1757.859,1746.617,1761.275,0.09,101.178,1633550400
profile,1633613400,20211007,0,1766.929,1751.973,1762.839,1764.592,1758.283,0.0,0.0,0.0,0.0,0.0,1633636800
entry,1633613700,20211007,-1,1766.929,1751.973,1762.839,1764.592,1758.283,1756.023,1764.593,1751.973,0.12,102.83999999999999,1633636800
timed_exit,1633636800,20211007,0,1766.929,1751.973,1762.839,1764.592,1758.283,0.0,0.0,0.0,0.0,0.0,1633636800
profile,1633699800,20211008,0,1781.33,1753.357,1759.695,1764.284,1753.357,0.0,0.0,0.0,0.0,0.0,1633723200
entry,1633700100,20211008,1,1781.33,1753.357,1759.695,1764.284,1753.357,1777.256,1753.356,1781.33,0.05,119.5,1633723200
timed_exit,1633723200,20211008,0,1781.33,1753.357,1759.695,1764.284,1753.357,0.0,0.0,0.0,0.0,0.0,1633723200
profile,1633959000,20211011,0,1760.985,1750.166,1755.153,1757.266,1753.209,0.0,0.0,0.0,0.0,0.0,1633982400
entry,1633959600,20211011,1,1760.985,1750.166,1755.153,1757.266,1753.209,1758.032,1753.208,1760.985,0.21,101.30399999999999,1633982400
timed_exit,1633982400,20211011,0,1760.985,1750.166,1755.153,1757.266,1753.209,0.0,0.0,0.0,0.0,0.0,1633982400
profile,1634045400,20211012,0,1764.971,1750.67,1761.507,1762.96,1756.927,0.0,0.0,0.0,0.0,0.0,1634068800
invalid_geometry,1634046600,20211012,1,1764.971,1750.67,1761.507,1762.96,1756.927,1766.488,1756.926,1764.971,0.0,0.0,1634068800
profile,1634131800,20211013,0,1777.549,1757.863,1760.478,1767.706,1759.093,0.0,0.0,0.0,0.0,0.0,1634155200
entry,1634132100,20211013,1,1777.549,1757.863,1760.478,1767.706,1759.093,1772.073,1759.092,1777.549,0.08,103.848,1634155200
profile,1634218200,20211014,0,1800.463,1786.684,1798.848,1799.171,1791.205,0.0,0.0,0.0,0.0,0.0,1634241600
entry,1634221500,20211014,1,1800.463,1786.684,1798.848,1799.171,1791.205,1799.51,1791.204,1800.463,0.12,99.672,1634241600
timed_exit,1634241600,20211014,0,1800.463,1786.684,1798.848,1799.171,1791.205,0.0,0.0,0.0,0.0,0.0,1634241600
profile,1634304600,20211015,0,1796.425,1764.756,1795.188,1796.425,1777.622,0.0,0.0,0.0,0.0,0.0,1634328000
entry,1634304900,20211015,-1,1796.425,1764.756,1795.188,1796.425,1777.622,1767.4,1796.426,1764.756,0.04,116.104,1634328000
timed_exit,1634328000,20211015,0,1796.425,1764.756,1795.188,1796.425,1777.622,0.0,0.0,0.0,0.0,0.0,1634328000
profile,1634563800,20211018,0,1772.051,1760.314,1764.624,1768.016,1761.048,0.0,0.0,0.0,0.0,0.0,1634587200
entry,1634565600,20211018,1,1772.051,1760.314,1764.624,1768.016,1761.048,1769.059,1761.047,1772.051,0.13,104.156,1634587200
timed_exit,1634587200,20211018,0,1772.051,1760.314,1764.624,1768.016,1761.048,0.0,0.0,0.0,0.0,0.0,1634587200
profile,1634650200,20211019,0,1785.1,1762.923,1780.076,1783.021,1774.705,0.0,0.0,0.0,0.0,0.0,1634673600
entry,1634653200,20211019,-1,1785.1,1762.923,1780.076,1783.021,1774.705,1772.983,1783.022,1762.923,0.1,100.39,1634673600
timed_exit,1634673600,20211019,0,1785.1,1762.923,1780.076,1783.021,1774.705,0.0,0.0,0.0,0.0,0.0,1634673600
profile,1634736600,20211020,0,1788.405,1766.876,1778.818,1782.686,1770.576,0.0,0.0,0.0,0.0,0.0,1634760000
entry,1634741400,20211020,1,1788.405,1766.876,1778.818,1782.686,1770.576,1784.667,1770.575,1788.405,0.07,98.64400000000002,1634760000
timed_exit,1634760000,20211020,0,1788.405,1766.876,1778.818,1782.686,1770.576,0.0,0.0,0.0,0.0,0.0,1634760000
profile,1634823000,20211021,0,1789.41,1776.342,1782.366,1786.143,1781.243,0.0,0.0,0.0,0.0,0.0,1634846400
entry,1634824800,20211021,-1,1789.41,1776.342,1782.366,1786.143,1781.243,1779.692,1786.144,1776.342,0.16,103.23200000000001,1634846400
timed_exit,1634846400,20211021,0,1789.41,1776.342,1782.366,1786.143,1781.243,0.0,0.0,0.0,0.0,0.0,1634846400
profile,1634909400,20211022,0,1807.726,1782.943,1792.43,1807.726,1786.428,0.0,0.0,0.0,0.0,0.0,1634932800
invalid_geometry,1634911200,20211022,1,1807.726,1782.943,1792.43,1807.726,1786.428,1808.22,1786.427,1807.726,0.0,0.0,1634932800
profile,1635168600,20211025,0,1804.643,1792.238,1794.273,1800.379,1792.432,0.0,0.0,0.0,0.0,0.0,1635192000
entry,1635168900,20211025,1,1804.643,1792.238,1794.273,1800.379,1792.432,1803.812,1792.431,1804.643,0.09,102.42899999999999,1635192000
profile,1635255000,20211026,0,1808.273,1794.008,1803.035,1806.044,1800.918,0.0,0.0,0.0,0.0,0.0,1635278400
invalid_geometry,1635255300,20211026,-1,1808.273,1794.008,1803.035,1806.044,1800.918,1790.124,1806.045,1794.008,0.0,0.0,1635278400
profile,1635341400,20211027,0,1796.051,1783.485,1787.117,1792.517,1785.645,0.0,0.0,0.0,0.0,0.0,1635364800
entry,1635341700,20211027,1,1796.051,1783.485,1787.117,1792.517,1785.645,1795.241,1785.644,1796.051,0.11,105.56700000000001,1635364800
profile,1635427800,20211028,0,1807.816,1794.166,1801.524,1803.124,1798.005,0.0,0.0,0.0,0.0,0.0,1635451200
entry,1635428100,20211028,1,1807.816,1794.166,1801.524,1803.124,1798.005,1806.612,1798.004,1807.816,0.12,103.29599999999999,1635451200
profile,1635514200,20211029,0,1801.18,1775.788,1796.221,1801.18,1789.674,0.0,0.0,0.0,0.0,0.0,1635537600
entry,1635514500,20211029,-1,1801.18,1775.788,1796.221,1801.18,1789.674,1776.61,1801.181,1775.788,0.04,98.28399999999999,1635537600
profile,1635773400,20211101,0,1791.474,1779.093,1784.22,1786.638,1780.641,0.0,0.0,0.0,0.0,0.0,1635796800
entry,1635774000,20211101,1,1791.474,1779.093,1784.22,1786.638,1780.641,1787.862,1780.64,1791.474,0.14,101.10800000000002,1635796800
profile,1635859800,20211102,0,1796.387,1788.158,1791.437,1793.944,1789.572,0.0,0.0,0.0,0.0,0.0,1635883200
invalid_geometry,1635862200,20211102,-1,1796.387,1788.158,1791.437,1793.944,1789.572,1788.002,1793.945,1788.158,0.0,0.0,1635883200
profile,1635946200,20211103,0,1788.194,1768.734,1781.961,1785.153,1779.984,0.0,0.0,0.0,0.0,0.0,1635969600
entry,1635946500,20211103,-1,1788.194,1768.734,1781.961,1785.153,1779.984,1769.858,1785.154,1768.734,0.07,107.072,1635969600
profile,1636032600,20211104,0,1793.255,1770.503,1774.947,1781.168,1771.925,0.0,0.0,0.0,0.0,0.0,1636056000
entry,1636032900,20211104,1,1793.255,1770.503,1774.947,1781.168,1771.925,1792.23,1771.924,1793.255,0.05,101.53,1636056000
profile,1636119000,20211105,0,1803.543,1784.955,1794.685,1798.025,1792.216,0.0,0.0,0.0,0.0,0.0,1636142400
entry,1636119300,20211105,1,1803.543,1784.955,1794.685,1798.025,1792.216,1799.867,1792.215,1803.543,0.13,99.47600000000001,1636142400
profile,1636381800,20211108,0,1826.035,1812.441,1816.583,1820.512,1815.627,0.0,0.0,0.0,0.0,0.0,1636405200
entry,1636382100,20211108,1,1826.035,1812.441,1816.583,1820.512,1815.627,1821.103,1815.626,1826.035,0.18,98.586,1636405200
profile,1636468200,20211109,0,1830.369,1819.148,1824.846,1826.336,1822.83,0.0,0.0,0.0,0.0,0.0,1636491600
entry,1636468500,20211109,1,1830.369,1819.148,1824.846,1826.336,1822.83,1827.16,1822.829,1830.369,0.23,99.61300000000001,1636491600
profile,1636554600,20211110,0,1858.758,1822.331,1824.892,1834.284,1822.9,0.0,0.0,0.0,0.0,0.0,1636578000
invalid_geometry,1636554900,20211110,1,1858.758,1822.331,1824.892,1834.284,1822.9,1861.269,1822.899,1858.758,0.0,0.0,1636578000
profile,1636641000,20211111,0,1865.964,1842.898,1862.54,1863.802,1850.467,0.0,0.0,0.0,0.0,0.0,1636664400
profile,1636727400,20211112,0,1862.572,1845.266,1856.488,1860.679,1852.837,0.0,0.0,0.0,0.0,0.0,1636750620
entry,1636729500,20211112,1,1862.572,1845.266,1856.488,1860.679,1852.837,1861.516,1852.836,1862.572,0.12,104.16,1636750620
profile,1636986600,20211115,0,1870.38,1856.346,1857.333,1863.802,1856.785,0.0,0.0,0.0,0.0,0.0,1637010000
entry,1636993800,20211115,1,1870.38,1856.346,1857.333,1863.802,1856.785,1864.504,1856.784,1870.38,0.13,100.36,1637010000
timed_exit,1637017260,20211115,0,1870.38,1856.346,1857.333,1863.802,1856.785,0.0,0.0,0.0,0.0,0.0,1637010000
profile,1637073000,20211116,0,1877.104,1859.036,1873.01,1877.104,1865.247,0.0,0.0,0.0,0.0,0.0,1637096400
entry,1637073300,20211116,-1,1877.104,1859.036,1873.01,1877.104,1865.247,1865.041,1877.105,1859.036,0.09,108.57600000000001,1637096400
profile,1637159400,20211117,0,1865.656,1849.567,1854.721,1861.382,1852.081,0.0,0.0,0.0,0.0,0.0,1637182800
invalid_geometry,1637159700,20211117,1,1865.656,1849.567,1854.721,1861.382,1852.081,1866.37,1852.08,1865.656,0.0,0.0,1637182800
profile,1637245800,20211118,0,1870.92,1855.098,1865.358,1867.459,1861.526,0.0,0.0,0.0,0.0,0.0,1637269200
entry,1637247600,20211118,-1,1870.92,1855.098,1865.358,1867.459,1861.526,1861.456,1867.46,1855.098,0.17,102.068,1637269200
timed_exit,1637276460,20211118,0,1870.92,1855.098,1865.358,1867.459,1861.526,0.0,0.0,0.0,0.0,0.0,1637269200
profile,1637332200,20211119,0,1865.696,1851.468,1860.916,1863.695,1858.804,0.0,0.0,0.0,0.0,0.0,1637355420
entry,1637332500,20211119,-1,1865.696,1851.468,1860.916,1863.695,1858.804,1857.75,1863.696,1851.468,0.17,101.08200000000001,1637355420
profile,1637591400,20211122,0,1849.084,1815.252,1845.648,1846.97,1838.512,0.0,0.0,0.0,0.0,0.0,1637614800
invalid_geometry,1637591700,20211122,-1,1849.084,1815.252,1845.648,1846.97,1838.512,1814.262,1846.971,1815.252,0.0,0.0,1637614800
profile,1637677800,20211123,0,1812.407,1784.099,1808.205,1812.407,1795.157,0.0,0.0,0.0,0.0,0.0,1637701200
entry,1637678100,20211123,-1,1812.407,1784.099,1808.205,1812.407,1795.157,1792.491,1812.408,1784.099,0.06,119.502,1637701200
profile,1637764200,20211124,0,1796.308,1778.308,1794.199,1796.027,1786.464,0.0,0.0,0.0,0.0,0.0,1637787600
entry,1637764500,20211124,-1,1796.308,1778.308,1794.199,1796.027,1786.464,1782.127,1796.028,1778.308,0.08,111.208,1637787600
timed_exit,1637794800,20211124,0,1796.308,1778.308,1794.199,1796.027,1786.464,0.0,0.0,0.0,0.0,0.0,1637787600
profile,1637850600,20211125,0,1795.065,1786.026,1791.181,1793.511,1790.546,0.0,0.0,0.0,0.0,0.0,1637874000
entry,1637851800,20211125,-1,1795.065,1786.026,1791.181,1793.511,1790.546,1790.276,1793.512,1786.026,0.31,100.316,1637874000
timed_exit,1637881260,20211125,0,1795.065,1786.026,1791.181,1793.511,1790.546,0.0,0.0,0.0,0.0,0.0,1637874000
profile,1637937000,20211126,0,1815.542,1790.007,1792.999,1806.764,1790.406,0.0,0.0,0.0,0.0,0.0,1637960220
invalid_geometry,1637945100,20211126,-1,1815.542,1790.007,1792.999,1806.764,1790.406,1785.451,1806.765,1790.007,0.0,0.0,1637960220
profile,1638196200,20211129,0,1799.399,1780.282,1794.172,1796.711,1790.737,0.0,0.0,0.0,0.0,0.0,1638219600
entry,1638196500,20211129,-1,1799.399,1780.282,1794.172,1796.711,1790.737,1786.874,1796.712,1780.282,0.11,108.21799999999999,1638219600
timed_exit,1638226860,20211129,0,1799.399,1780.282,1794.172,1796.711,1790.737,0.0,0.0,0.0,0.0,0.0,1638219600
profile,1638282600,20211130,0,1798.499,1782.923,1793.023,1797.039,1790.711,0.0,0.0,0.0,0.0,0.0,1638306000
invalid_geometry,1638283800,20211130,1,1798.499,1782.923,1793.023,1797.039,1790.711,1802.168,1790.71,1798.499,0.0,0.0,1638306000
profile,1638369000,20211201,0,1794.447,1772.203,1786.279,1791.319,1779.154,0.0,0.0,0.0,0.0,0.0,1638392400
entry,1638389400,20211201,-1,1794.447,1772.203,1786.279,1791.319,1779.154,1779.081,1791.32,1772.203,0.09,110.15100000000001,1638392400
timed_exit,1638399660,20211201,0,1794.447,1772.203,1786.279,1791.319,1779.154,0.0,0.0,0.0,0.0,0.0,1638392400
profile,1638455400,20211202,0,1783.436,1767.272,1777.501,1780.91,1773.334,0.0,0.0,0.0,0.0,0.0,1638478800
entry,1638455700,20211202,-1,1783.436,1767.272,1777.501,1780.91,1773.334,1770.929,1780.911,1767.272,0.11,109.802,1638478800
profile,1638541800,20211203,0,1778.619,1766.116,1770.121,1773.344,1768.656,0.0,0.0,0.0,0.0,0.0,1638565020
entry,1638543300,20211203,1,1778.619,1766.116,1770.121,1773.344,1768.656,1773.624,1768.655,1778.619,0.21,104.34899999999999,1638565020
profile,1638801000,20211206,0,1787.721,1776.563,1782.578,1783.885,1778.306,0.0,0.0,0.0,0.0,0.0,1638824400
entry,1638801600,20211206,-1,1787.721,1776.563,1782.578,1783.885,1778.306,1778.294,1783.886,1776.563,0.18,100.656,1638824400
profile,1638887400,20211207,0,1784.684,1772.061,1780.049,1783.303,1778.373,0.0,0.0,0.0,0.0,0.0,1638910800
invalid_geometry,1638894600,20211207,1,1784.684,1772.061,1780.049,1783.303,1778.373,1786.117,1778.372,1784.684,0.0,0.0,1638910800
profile,1638973800,20211208,0,1793.099,1780.049,1788.919,1791.06,1784.739,0.0,0.0,0.0,0.0,0.0,1638997200
entry,1638974100,20211208,-1,1793.099,1780.049,1788.919,1791.06,1784.739,1781.054,1791.061,1780.049,0.1,100.07000000000001,1638997200
profile,1639060200,20211209,0,1787.591,1773.669,1783.349,1787.591,1780.412,0.0,0.0,0.0,0.0,0.0,1639083600
entry,1639060500,20211209,-1,1787.591,1773.669,1783.349,1787.591,1780.412,1779.365,1787.592,1773.669,0.13,106.95100000000001,1639083600
profile,1639146600,20211210,0,1789.395,1770.107,1770.86,1778.546,1770.107,0.0,0.0,0.0,0.0,0.0,1639169820
entry,1639146900,20211210,1,1789.395,1770.107,1770.86,1778.546,1770.107,1782.033,1770.106,1789.395,0.09,107.343,1639169820
timed_exit,1639169820,20211210,0,1789.395,1770.107,1770.86,1778.546,1770.107,0.0,0.0,0.0,0.0,0.0,1639169820
profile,1639405800,20211213,0,1791.618,1781.813,1786.026,1787.941,1783.958,0.0,0.0,0.0,0.0,0.0,1639429200
entry,1639407600,20211213,1,1791.618,1781.813,1786.026,1787.941,1783.958,1789.556,1783.957,1791.618,0.18,100.782,1639429200
timed_exit,1639436460,20211213,0,1791.618,1781.813,1786.026,1787.941,1783.958,0.0,0.0,0.0,0.0,0.0,1639429200
profile,1639492200,20211214,0,1789.499,1766.456,1784.278,1788.419,1782.658,0.0,0.0,0.0,0.0,0.0,1639515600
entry,1639492500,20211214,-1,1789.499,1766.456,1784.278,1788.419,1782.658,1768.898,1788.42,1766.456,0.06,117.132,1639515600
timed_exit,1639522860,20211214,0,1789.499,1766.456,1784.278,1788.419,1782.658,0.0,0.0,0.0,0.0,0.0,1639515600
profile,1639578600,20211215,0,1773.899,1766.644,1770.101,1771.065,1767.551,0.0,0.0,0.0,0.0,0.0,1639602000
invalid_geometry,1639578900,20211215,-1,1773.899,1766.644,1770.101,1771.065,1767.551,1764.761,1771.066,1766.644,0.0,0.0,1639602000
profile,1639665000,20211216,0,1791.016,1775.542,1785.334,1789.324,1782.312,0.0,0.0,0.0,0.0,0.0,1639688400
entry,1639665300,20211216,1,1791.016,1775.542,1785.334,1789.324,1782.312,1789.799,1782.311,1791.016,0.14,104.83200000000001,1639688400
profile,1639751400,20211217,0,1814.228,1797.274,1807.473,1810.254,1802.307,0.0,0.0,0.0,0.0,0.0,1639774620
entry,1639766100,20211217,-1,1814.228,1797.274,1807.473,1810.254,1802.307,1802.208,1810.255,1797.274,0.13,104.611,1639774620
profile,1640010600,20211220,0,1804.126,1794.083,1801.223,1803.028,1797.849,0.0,0.0,0.0,0.0,0.0,1640034000
entry,1640010900,20211220,-1,1804.126,1794.083,1801.223,1803.028,1797.849,1796.476,1803.029,1794.083,0.16,104.848,1640034000
profile,1640097000,20211221,0,1800.363,1788.798,1790.876,1796.93,1789.34,0.0,0.0,0.0,0.0,0.0,1640120400
invalid_geometry,1640101200,20211221,-1,1800.363,1788.798,1790.876,1796.93,1789.34,1788.343,1796.931,1788.798,0.0,0.0,1640120400
profile,1640183400,20211222,0,1794.913,1785.884,1789.199,1791.527,1787.295,0.0,0.0,0.0,0.0,0.0,1640206800
entry,1640183700,20211222,1,1794.913,1785.884,1789.199,1791.527,1787.295,1793.703,1787.294,1794.913,0.16,102.544,1640206800
profile,1640269800,20211223,0,1809.994,1803.111,1806.929,1807.736,1804.939,0.0,0.0,0.0,0.0,0.0,1640293200
invalid_geometry,1640270100,20211223,-1,1809.994,1803.111,1806.929,1807.736,1804.939,1802.741,1807.737,1803.111,0.0,0.0,1640293200
profile,1640615400,20211227,0,1811.879,1802.925,1809.291,1811.459,1806.702,0.0,0.0,0.0,0.0,0.0,1640638800
entry,1640618400,20211227,1,1811.879,1802.925,1809.291,1811.459,1806.702,1811.727,1806.701,1811.879,0.21,105.546,1640638800
profile,1640701800,20211228,0,1820.229,1808.515,1817.392,1820.229,1811.993,0.0,0.0,0.0,0.0,0.0,1640725200
entry,1640706900,20211228,-1,1820.229,1808.515,1817.392,1820.229,1811.993,1811.946,1820.23,1808.515,0.13,107.69200000000001,1640725200
profile,1640788200,20211229,0,1807.663,1789.325,1806.947,1807.663,1795.342,0.0,0.0,0.0,0.0,0.0,1640811600
entry,1640788500,20211229,-1,1807.663,1789.325,1806.947,1807.663,1795.342,1793.179,1807.664,1789.325,0.08,115.88,1640811600
timed_exit,1640818860,20211229,0,1807.663,1789.325,1806.947,1807.663,1795.342,0.0,0.0,0.0,0.0,0.0,1640811600
profile,1640874600,20211230,0,1805.535,1796.193,1802.543,1803.491,1798.966,0.0,0.0,0.0,0.0,0.0,1640898000
invalid_geometry,1640874900,20211230,1,1805.535,1796.193,1802.543,1803.491,1798.966,1806.95,1798.965,1805.535,0.0,0.0,1640898000
profile,1640961000,20211231,0,1827.462,1814.502,1818.248,1819.97,1815.92,0.0,0.0,0.0,0.0,0.0,1640984220
entry,1640961300,20211231,1,1827.462,1814.502,1818.248,1819.97,1815.92,1824.999,1815.919,1827.462,0.12,108.96,1640984220
profile,1641220200,20220103,0,1831.767,1805.728,1825.054,1831.767,1819.154,0.0,0.0,0.0,0.0,0.0,1641243600
invalid_geometry,1641220500,20220103,-1,1831.767,1805.728,1825.054,1831.767,1819.154,1805.574,1831.768,1805.728,0.0,0.0,1641243600
profile,1641306600,20220104,0,1810.086,1798.49,1804.379,1806.643,1803.201,0.0,0.0,0.0,0.0,0.0,1641330000
entry,1641306900,20220104,1,1810.086,1798.49,1804.379,1806.643,1803.201,1807.663,1803.2,1810.086,0.23,102.649,1641330000
profile,1641393000,20220105,0,1827.807,1812.423,1815.187,1818.913,1812.904,0.0,0.0,0.0,0.0,0.0,1641416400
entry,1641393300,20220105,1,1827.807,1812.423,1815.187,1818.913,1812.904,1826.566,1812.903,1827.807,0.08,109.304,1641416400
profile,1641479400,20220106,0,1811.513,1786.865,1809.01,1811.513,1795.338,0.0,0.0,0.0,0.0,0.0,1641502800
entry,1641479700,20220106,-1,1811.513,1786.865,1809.01,1811.513,1795.338,1794.707,1811.514,1786.865,0.07,117.64900000000002,1641502800
profile,1641565800,20220107,0,1796.039,1782.424,1791.891,1793.061,1789.444,0.0,0.0,0.0,0.0,0.0,1641589020
entry,1641566700,20220107,1,1796.039,1782.424,1791.891,1793.061,1789.444,1793.711,1789.443,1796.039,0.24,102.432,1641589020
profile,1641825000,20220110,0,1802.295,1790.168,1793.105,1796.042,1791.684,0.0,0.0,0.0,0.0,0.0,1641848400
entry,1641836100,20220110,1,1802.295,1790.168,1793.105,1796.042,1791.684,1796.377,1791.683,1802.295,0.22,103.268,1641848400
timed_exit,1641855660,20220110,0,1802.295,1790.168,1793.105,1796.042,1791.684,0.0,0.0,0.0,0.0,0.0,1641848400
profile,1641911400,20220111,0,1810.233,1800.143,1806.055,1809.287,1804.715,0.0,0.0,0.0,0.0,0.0,1641934800
entry,1641912300,20220111,-1,1810.233,1800.143,1806.055,1809.287,1804.715,1804.427,1809.288,1800.143,0.21,102.081,1641934800
profile,1641997800,20220112,0,1825.205,1814.577,1819.31,1821.552,1817.4,0.0,0.0,0.0,0.0,0.0,1642021200
entry,1641998400,20220112,1,1825.205,1814.577,1819.31,1821.552,1817.4,1822.307,1817.399,1825.205,0.21,103.068,1642021200
profile,1642084200,20220113,0,1828.145,1819.043,1824.803,1827.007,1822.598,0.0,0.0,0.0,0.0,0.0,1642107600
entry,1642084500,20220113,-1,1828.145,1819.043,1824.803,1827.007,1822.598,1821.853,1827.008,1819.043,0.2,103.10000000000001,1642107600
profile,1642170600,20220114,0,1829.12,1819.495,1826.187,1827.917,1822.653,0.0,0.0,0.0,0.0,0.0,1642193820
entry,1642170900,20220114,-1,1829.12,1819.495,1826.187,1827.917,1822.653,1820.991,1827.918,1819.495,0.15,103.905,1642193820
profile,1642429800,20220117,0,1823.179,1813.146,1819.965,1822.865,1818.476,0.0,0.0,0.0,0.0,0.0,1642453200
entry,1642431900,20220117,-1,1823.179,1813.146,1819.965,1822.865,1818.476,1818.054,1822.866,1813.146,0.22,105.864,1642453200
timed_exit,1642460460,20220117,0,1823.179,1813.146,1819.965,1822.865,1818.476,0.0,0.0,0.0,0.0,0.0,1642453200
profile,1642516200,20220118,0,1822.764,1805.768,1817.32,1820.374,1812.673,0.0,0.0,0.0,0.0,0.0,1642539600
entry,1642523100,20220118,-1,1822.764,1805.768,1817.32,1820.374,1812.673,1811.062,1820.375,1805.768,0.11,102.443,1642539600
timed_exit,1642546860,20220118,0,1822.764,1805.768,1817.32,1820.374,1812.673,0.0,0.0,0.0,0.0,0.0,1642539600
profile,1642602600,20220119,0,1825.432,1810.15,1813.135,1818.746,1810.866,0.0,0.0,0.0,0.0,0.0,1642626000
entry,1642602900,20220119,1,1825.432,1810.15,1813.135,1818.746,1810.866,1823.924,1810.865,1825.432,0.08,104.47200000000001,1642626000
profile,1642689000,20220120,0,1847.016,1835.838,1839.942,1841.951,1838.283,0.0,0.0,0.0,0.0,0.0,1642712400
entry,1642689300,20220120,1,1847.016,1835.838,1839.942,1841.951,1838.283,1844.142,1838.282,1847.016,0.18,105.47999999999999,1642712400
profile,1642775400,20220121,0,1843.17,1828.321,1838.878,1842.938,1835.049,0.0,0.0,0.0,0.0,0.0,1642798620
entry,1642778700,20220121,-1,1843.17,1828.321,1838.878,1842.938,1835.049,1834.941,1842.939,1828.321,0.13,103.974,1642798620
timed_exit,1642798620,20220121,0,1843.17,1828.321,1838.878,1842.938,1835.049,0.0,0.0,0.0,0.0,0.0,1642798620
profile,1643034600,20220124,0,1844.145,1832.522,1840.24,1841.784,1836.336,0.0,0.0,0.0,0.0,0.0,1643058000
entry,1643035200,20220124,-1,1844.145,1832.522,1840.24,1841.784,1836.336,1833.666,1841.785,1832.522,0.13,105.547,1643058000
profile,1643121000,20220125,0,1843.623,1834.779,1841.896,1843.07,1839.339,0.0,0.0,0.0,0.0,0.0,1643144400
invalid_geometry,1643122200,20220125,1,1843.623,1834.779,1841.896,1843.07,1839.339,1851.58,1839.338,1843.623,0.0,0.0,1643144400
profile,1643207400,20220126,0,1850.069,1832.092,1846.839,1848.103,1844.451,0.0,0.0,0.0,0.0,0.0,1643230800
entry,1643207700,20220126,-1,1850.069,1832.092,1846.839,1848.103,1844.451,1834.297,1848.104,1832.092,0.08,110.456,1643230800
profile,1643293800,20220127,0,1822.115,1797.309,1816.107,1818.627,1808.162,0.0,0.0,0.0,0.0,0.0,1643317200
entry,1643294100,20220127,-1,1822.115,1797.309,1816.107,1818.627,1808.162,1803.385,1818.628,1797.309,0.07,106.70100000000001,1643317200
profile,1643380200,20220128,0,1799.38,1780.24,1798.034,1799.38,1787.418,0.0,0.0,0.0,0.0,0.0,1643403420
entry,1643380500,20220128,-1,1799.38,1780.24,1798.034,1799.38,1787.418,1783.883,1799.381,1780.24,0.07,108.486,1643403420
timed_exit,1643403420,20220128,0,1799.38,1780.24,1798.034,1799.38,1787.418,0.0,0.0,0.0,0.0,0.0,1643403420
profile,1643639400,20220131,0,1798.145,1785.5,1788.958,1792.218,1787.476,0.0,0.0,0.0,0.0,0.0,1643662800
entry,1643639700,20220131,1,1798.145,1785.5,1788.958,1792.218,1787.476,1798.056,1787.475,1798.145,0.1,105.81,1643662800
profile,1643725800,20220201,0,1808.636,1795.755,1802.9,1808.032,1801.793,0.0,0.0,0.0,0.0,0.0,1643749200
entry,1643726700,20220201,-1,1808.636,1795.755,1802.9,1808.032,1801.793,1801.358,1808.033,1795.755,0.16,106.8,1643749200
timed_exit,1643756460,20220201,0,1808.636,1795.755,1802.9,1808.032,1801.793,0.0,0.0,0.0,0.0,0.0,1643749200
profile,1643812200,20220202,0,1807.946,1794.353,1798.707,1803.061,1796.689,0.0,0.0,0.0,0.0,0.0,1643835600
entry,1643812500,20220202,1,1807.946,1794.353,1798.707,1803.061,1796.689,1804.254,1796.688,1807.946,0.14,105.924,1643835600
profile,1643898600,20220203,0,1808.969,1799.986,1803.144,1805.46,1800.969,0.0,0.0,0.0,0.0,0.0,1643922000
entry,1643899200,20220203,-1,1808.969,1799.986,1803.144,1805.46,1800.969,1800.744,1805.461,1799.986,0.23,108.491,1643922000
profile,1643985000,20220204,0,1814.9,1792.151,1806.547,1814.9,1802.815,0.0,0.0,0.0,0.0,0.0,1644008220
entry,1643985300,20220204,-1,1814.9,1792.151,1806.547,1814.9,1802.815,1800.159,1814.901,1792.151,0.08,117.936,1644008220
timed_exit,1644008220,20220204,0,1814.9,1792.151,1806.547,1814.9,1802.815,0.0,0.0,0.0,0.0,0.0,1644008220
profile,1644244200,20220207,0,1817.039,1807.915,1810.41,1813.332,1809.483,0.0,0.0,0.0,0.0,0.0,1644267600
entry,1644244500,20220207,1,1817.039,1807.915,1810.41,1813.332,1809.483,1814.096,1809.482,1817.039,0.23,106.122,1644267600
profile,1644330600,20220208,0,1824.708,1815.422,1819.702,1821.951,1817.598,0.0,0.0,0.0,0.0,0.0,1644354000
entry,1644331500,20220208,1,1824.708,1815.422,1819.702,1821.951,1817.598,1822.665,1817.597,1824.708,0.21,106.428,1644354000
profile,1644417000,20220209,0,1832.436,1824.479,1827.401,1828.085,1826.095,0.0,0.0,0.0,0.0,0.0,1644440400
entry,1644417900,20220209,1,1832.436,1824.479,1827.401,1828.085,1826.095,1829.128,1826.094,1832.436,0.35,106.18999999999998,1644440400
profile,1644503400,20220210,0,1837.011,1821.579,1834.238,1834.841,1829.536,0.0,0.0,0.0,0.0,0.0,1644526800
entry,1644503700,20220210,-1,1837.011,1821.579,1834.238,1834.841,1829.536,1828.585,1834.842,1821.579,0.17,106.36900000000001,1644526800
profile,1644589800,20220211,0,1833.323,1820.676,1825.715,1827.79,1823.443,0.0,0.0,0.0,0.0,0.0,1644613020
entry,1644590100,20220211,1,1833.323,1820.676,1825.715,1827.79,1823.443,1829.497,1823.442,1833.323,0.18,108.99,1644613020
profile,1644849000,20220214,0,1863.212,1850.675,1854.299,1858.315,1852.242,0.0,0.0,0.0,0.0,0.0,1644872400
invalid_geometry,1644849300,20220214,1,1863.212,1850.675,1854.299,1858.315,1852.242,1864.774,1852.241,1863.212,0.0,0.0,1644872400
profile,1644935400,20220215,0,1879.504,1844.301,1870.978,1879.504,1854.202,0.0,0.0,0.0,0.0,0.0,1644958800
entry,1644935700,20220215,-1,1879.504,1844.301,1870.978,1879.504,1854.202,1848.172,1879.505,1844.301,0.04,125.33200000000001,1644958800
timed_exit,1644966060,20220215,0,1879.504,1844.301,1870.978,1879.504,1854.202,0.0,0.0,0.0,0.0,0.0,1644958800
profile,1645021800,20220216,0,1859.602,1850.312,1852.707,1855.828,1851.038,0.0,0.0,0.0,0.0,0.0,1645045200
invalid_geometry,1645022100,20220216,1,1859.602,1850.312,1852.707,1855.828,1851.038,1862.234,1851.037,1859.602,0.0,0.0,1645045200
profile,1645108200,20220217,0,1897.573,1867.81,1886.179,1897.573,1874.321,0.0,0.0,0.0,0.0,0.0,1645131600
invalid_geometry,1645118100,20220217,1,1897.573,1867.81,1886.179,1897.573,1874.321,1897.946,1874.32,1897.573,0.0,0.0,1645131600
profile,1645194600,20220218,0,1902.433,1886.423,1891.301,1895.679,1887.424,0.0,0.0,0.0,0.0,0.0,1645217820
entry,1645194900,20220218,1,1902.433,1886.423,1891.301,1895.679,1887.424,1897.092,1887.423,1902.433,0.11,106.359,1645217820
timed_exit,1645217820,20220218,0,1902.433,1886.423,1891.301,1895.679,1887.424,0.0,0.0,0.0,0.0,0.0,1645217820
profile,1645453800,20220221,0,1908.143,1887.6,1896.748,1899.155,1892.094,0.0,0.0,0.0,0.0,0.0,1645477200
entry,1645468200,20220221,1,1908.143,1887.6,1896.748,1899.155,1892.094,1900.907,1892.093,1908.143,0.12,105.76799999999999,1645477200
profile,1645540200,20220222,0,1914.084,1891.296,1909.989,1913.728,1899.485,0.0,0.0,0.0,0.0,0.0,1645563600
entry,1645542600,20220222,-1,1914.084,1891.296,1909.989,1913.728,1899.485,1898.737,1913.729,1891.296,0.08,119.936,1645563600
timed_exit,1645570860,20220222,0,1914.084,1891.296,1909.989,1913.728,1899.485,0.0,0.0,0.0,0.0,0.0,1645563600
profile,1645626600,20220223,0,1904.438,1889.48,1895.44,1899.53,1892.518,0.0,0.0,0.0,0.0,0.0,1645650000
entry,1645626900,20220223,1,1904.438,1889.48,1895.44,1899.53,1892.518,1901.042,1892.517,1904.438,0.13,110.825,1645650000
profile,1645713000,20220224,0,1974.369,1909.805,1942.591,1969.325,1934.017,0.0,0.0,0.0,0.0,0.0,1645736400
entry,1645714500,20220224,-1,1974.369,1909.805,1942.591,1969.325,1934.017,1932.087,1969.326,1909.805,0.03,111.717,1645736400
profile,1645799400,20220225,0,1921.597,1885.055,1912.176,1919.884,1902.755,0.0,0.0,0.0,0.0,0.0,1645822620
entry,1645799700,20220225,-1,1921.597,1885.055,1912.176,1919.884,1902.755,1889.734,1919.885,1885.055,0.04,120.604,1645822620
profile,1646058600,20220228,0,1927.354,1893.246,1907.369,1915.629,1904.438,0.0,0.0,0.0,0.0,0.0,1646082000
entry,1646061600,20220228,1,1927.354,1893.246,1907.369,1915.629,1904.438,1915.999,1904.437,1927.354,0.1,115.62,1646082000
profile,1646145000,20220301,0,1926.376,1901.292,1921.477,1926.376,1907.171,0.0,0.0,0.0,0.0,0.0,1646168400
invalid_geometry,1646149500,20220301,1,1926.376,1901.292,1921.477,1926.376,1907.171,1927.217,1907.17,1926.376,0.0,0.0,1646168400
profile,1646231400,20220302,0,1947.781,1913.633,1937.377,1943.513,1928.573,0.0,0.0,0.0,0.0,0.0,1646254800
entry,1646232000,20220302,-1,1947.781,1913.633,1937.377,1943.513,1928.573,1924.411,1943.514,1913.633,0.06,114.618,1646254800
timed_exit,1646262060,20220302,0,1947.781,1913.633,1937.377,1943.513,1928.573,0.0,0.0,0.0,0.0,0.0,1646254800
profile,1646317800,20220303,0,1938.748,1921.951,1929.168,1932.449,1925.888,0.0,0.0,0.0,0.0,0.0,1646341200
entry,1646331000,20220303,1,1938.748,1921.951,1929.168,1932.449,1925.888,1933.548,1925.887,1938.748,0.14,107.25400000000002,1646341200
profile,1646404200,20220304,0,1950.956,1929.524,1939.403,1945.598,1934.547,0.0,0.0,0.0,0.0,0.0,1646427420
invalid_geometry,1646404500,20220304,1,1950.956,1929.524,1939.403,1945.598,1934.547,1954.933,1934.546,1950.956,0.0,0.0,1646427420
profile,1646663400,20220307,0,2002.754,1960.913,1989.352,1998.178,1981.834,0.0,0.0,0.0,0.0,0.0,1646686800
entry,1646663700,20220307,-1,2002.754,1960.913,1989.352,1998.178,1981.834,1977.251,1998.179,1960.913,0.06,125.56800000000001,1646686800
profile,1646749800,20220308,0,2020.87,1980.968,2008.712,2019.623,2001.542,0.0,0.0,0.0,0.0,0.0,1646773200
invalid_geometry,1646750400,20220308,1,2020.87,1980.968,2008.712,2019.623,2001.542,2027.833,2001.541,2020.87,0.0,0.0,1646773200
profile,1646836200,20220309,0,2059.108,1976.001,2013.01,2051.317,2000.673,0.0,0.0,0.0,0.0,0.0,1646859600
entry,1646836500,20220309,-1,2059.108,1976.001,2013.01,2051.317,2000.673,1991.45,2051.318,1976.001,0.02,119.736,1646859600
timed_exit,1646866860,20220309,0,2059.108,1976.001,2013.01,2051.317,2000.673,0.0,0.0,0.0,0.0,0.0,1646859600
profile,1646922600,20220310,0,2009.139,1970.525,1981.084,1998.279,1971.128,0.0,0.0,0.0,0.0,0.0,1646946000
entry,1646922900,20220310,1,2009.139,1970.525,1981.084,1998.279,1971.128,2004.492,1971.127,2009.139,0.04,133.46,1646946000
timed_exit,1646953260,20220310,0,2009.139,1970.525,1981.084,1998.279,1971.128,0.0,0.0,0.0,0.0,0.0,1646946000
profile,1647009000,20220311,0,1998.98,1958.501,1992.339,1998.98,1972.416,0.0,0.0,0.0,0.0,0.0,1647032220
entry,1647009300,20220311,-1,1998.98,1958.501,1992.339,1998.98,1972.416,1969.096,1998.981,1958.501,0.04,119.54,1647032220
timed_exit,1647032220,20220311,0,1998.98,1958.501,1992.339,1998.98,1972.416,0.0,0.0,0.0,0.0,0.0,1647032220
profile,1647264600,20220314,0,1983.884,1954.46,1975.379,1982.045,1964.115,0.0,0.0,0.0,0.0,0.0,1647288000
entry,1647264900,20220314,-1,1983.884,1954.46,1975.379,1982.045,1964.115,1959.477,1982.046,1954.46,0.05,112.84500000000001,1647288000
profile,1647351000,20220315,0,1954.654,1913.544,1933.778,1936.668,1915.471,0.0,0.0,0.0,0.0,0.0,1647374400
invalid_geometry,1647353700,20220315,-1,1954.654,1913.544,1933.778,1936.668,1915.471,1912.254,1936.669,1913.544,0.0,0.0,1647374400
profile,1647437400,20220316,0,1927.069,1911.592,1918.726,1922.474,1916.187,0.0,0.0,0.0,0.0,0.0,1647460800
entry,1647438300,20220316,-1,1927.069,1911.592,1918.726,1922.474,1916.187,1915.751,1922.475,1911.592,0.16,107.584,1647460800
profile,1647523800,20220317,0,1946.881,1923.355,1940.816,1944.675,1932.912,0.0,0.0,0.0,0.0,0.0,1647547200
entry,1647525600,20220317,1,1946.881,1923.355,1940.816,1944.675,1932.912,1945.175,1932.911,1946.881,0.09,110.376,1647547200
profile,1647610200,20220318,0,1945.377,1921.474,1933.986,1939.401,1931.932,0.0,0.0,0.0,0.0,0.0,1647633600
entry,1647610800,20220318,-1,1945.377,1921.474,1933.986,1939.401,1931.932,1931.073,1939.402,1921.474,0.13,108.277,1647633600
profile,1647869400,20220321,0,1928.94,1917.793,1924.324,1927.198,1922.844,0.0,0.0,0.0,0.0,0.0,1647892800
invalid_geometry,1647870600,20220321,1,1928.94,1917.793,1924.324,1927.198,1922.844,1930.044,1922.843,1928.94,0.0,0.0,1647892800
profile,1647955800,20220322,0,1938.369,1922.734,1935.315,1938.125,1927.376,0.0,0.0,0.0,0.0,0.0,1647979200
invalid_geometry,1647956100,20220322,-1,1938.369,1922.734,1935.315,1938.125,1927.376,1922.519,1938.126,1922.734,0.0,0.0,1647979200
profile,1648042200,20220323,0,1935.067,1915.612,1920.932,1928.987,1915.612,0.0,0.0,0.0,0.0,0.0,1648065600
entry,1648042500,20220323,1,1935.067,1915.612,1920.932,1928.987,1915.612,1932.537,1915.611,1935.067,0.07,118.482,1648065600
profile,1648128600,20220324,0,1957.756,1937.472,1945.871,1948.565,1939.691,0.0,0.0,0.0,0.0,0.0,1648152000
entry,1648128900,20220324,1,1957.756,1937.472,1945.871,1948.565,1939.691,1956.674,1939.69,1957.756,0.07,118.88800000000002,1648152000
profile,1648215000,20220325,0,1964.291,1946.084,1961.304,1963.153,1954.619,0.0,0.0,0.0,0.0,0.0,1648238400
entry,1648215300,20220325,-1,1964.291,1946.084,1961.304,1963.153,1954.619,1946.086,1963.154,1946.084,0.07,119.47600000000001,1648238400
profile,1648474200,20220328,0,1958.443,1925.286,1934.352,1944.455,1925.804,0.0,0.0,0.0,0.0,0.0,1648497600
invalid_geometry,1648494600,20220328,-1,1958.443,1925.286,1934.352,1944.455,1925.804,1924.197,1944.456,1925.286,0.0,0.0,1648497600
profile,1648560600,20220329,0,1929.31,1890.151,1923.497,1929.31,1907.895,0.0,0.0,0.0,0.0,0.0,1648584000
entry,1648560900,20220329,-1,1929.31,1890.151,1923.497,1929.31,1907.895,1895.202,1929.311,1890.151,0.04,136.436,1648584000
timed_exit,1648584000,20220329,0,1929.31,1890.151,1923.497,1929.31,1907.895,0.0,0.0,0.0,0.0,0.0,1648584000
profile,1648647000,20220330,0,1932.509,1915.942,1924.614,1925.779,1919.307,0.0,0.0,0.0,0.0,0.0,1648670400
entry,1648647300,20220330,1,1932.509,1915.942,1924.614,1925.779,1919.307,1929.997,1919.306,1932.509,0.1,106.91,1648670400
profile,1648733400,20220331,0,1938.885,1918.975,1926.597,1932.352,1923.33,0.0,0.0,0.0,0.0,0.0,1648756800
invalid_geometry,1648733700,20220331,1,1938.885,1918.975,1926.597,1932.352,1923.33,1939.719,1923.329,1938.885,0.0,0.0,1648756800
profile,1648819800,20220401,0,1939.531,1922.306,1935.09,1938.185,1929.573,0.0,0.0,0.0,0.0,0.0,1648843200
entry,1648820100,20220401,-1,1939.531,1922.306,1935.09,1938.185,1929.573,1928.029,1938.186,1922.306,0.11,111.727,1648843200
profile,1649079000,20220404,0,1935.879,1915.288,1932.179,1932.983,1923.331,0.0,0.0,0.0,0.0,0.0,1649102400
entry,1649079300,20220404,1,1935.879,1915.288,1932.179,1932.983,1923.331,1933.347,1923.33,1935.879,0.11,110.18700000000001,1649102400
profile,1649165400,20220405,0,1939.093,1924.071,1927.709,1932.286,1927.122,0.0,0.0,0.0,0.0,0.0,1649188800
invalid_geometry,1649165700,20220405,1,1939.093,1924.071,1927.709,1932.286,1927.122,1941.277,1927.121,1939.093,0.0,0.0,1649188800
profile,1649251800,20220406,0,1933.519,1914.831,1922.277,1925.343,1918.043,0.0,0.0,0.0,0.0,0.0,1649275200
entry,1649252100,20220406,1,1933.519,1914.831,1922.277,1925.343,1918.043,1930.848,1918.042,1933.519,0.09,115.25399999999999,1649275200
profile,1649338200,20220407,0,1934.098,1920.534,1925.515,1928.164,1922.23,0.0,0.0,0.0,0.0,0.0,1649361600
entry,1649338500,20220407,1,1934.098,1920.534,1925.515,1928.164,1922.23,1928.89,1922.229,1934.098,0.16,106.57600000000001,1649361600
profile,1649424600,20220408,0,1938.827,1927.706,1931.963,1934.309,1930.312,0.0,0.0,0.0,0.0,0.0,1649448000
entry,1649424900,20220408,1,1938.827,1927.706,1931.963,1934.309,1930.312,1937.7,1930.311,1938.827,0.15,110.835,1649448000
profile,1649683800,20220411,0,1969.679,1940.0,1943.014,1958.086,1940.0,0.0,0.0,0.0,0.0,0.0,1649707200
entry,1649684100,20220411,1,1969.679,1940.0,1943.014,1958.086,1940.0,1963.466,1939.999,1969.679,0.05,117.335,1649707200
timed_exit,1649707200,20220411,0,1969.679,1940.0,1943.014,1958.086,1940.0,0.0,0.0,0.0,0.0,0.0,1649707200
profile,1649770200,20220412,0,1973.072,1949.643,1956.415,1959.893,1951.107,0.0,0.0,0.0,0.0,0.0,1649793600
entry,1649770500,20220412,1,1973.072,1949.643,1956.415,1959.893,1951.107,1968.397,1951.106,1973.072,0.07,121.037,1649793600
profile,1649856600,20220413,0,1980.658,1962.82,1975.223,1980.658,1968.952,0.0,0.0,0.0,0.0,0.0,1649880000
invalid_geometry,1649865000,20220413,1,1980.658,1962.82,1975.223,1980.658,1968.952,1981.39,1968.951,1980.658,0.0,0.0,1649880000
profile,1649943000,20220414,0,1980.236,1967.222,1973.831,1978.203,1971.696,0.0,0.0,0.0,0.0,0.0,1649966400
entry,1649943900,20220414,-1,1980.236,1967.222,1973.831,1978.203,1971.696,1970.593,1978.204,1967.222,0.15,114.165,1649966400
profile,1650288600,20220418,0,1998.267,1972.016,1984.116,1992.525,1983.091,0.0,0.0,0.0,0.0,0.0,1650312000
entry,1650290400,20220418,1,1998.267,1972.016,1984.116,1992.525,1983.091,1992.871,1983.09,1998.267,0.11,107.59100000000001,1650312000
profile,1650375000,20220419,0,1981.835,1957.112,1977.393,1980.29,1974.495,0.0,0.0,0.0,0.0,0.0,1650398400
entry,1650375300,20220419,-1,1981.835,1957.112,1977.393,1980.29,1974.495,1961.739,1980.291,1957.112,0.06,111.312,1650398400
profile,1650461400,20220420,0,1955.105,1939.2,1946.531,1950.632,1942.679,0.0,0.0,0.0,0.0,0.0,1650484800
entry,1650463500,20220420,1,1955.105,1939.2,1946.531,1950.632,1942.679,1951.636,1942.678,1955.105,0.12,107.496,1650484800
profile,1650547800,20220421,0,1957.435,1936.613,1951.741,1957.435,1945.723,0.0,0.0,0.0,0.0,0.0,1650571200
entry,1650548100,20220421,-1,1957.435,1936.613,1951.741,1957.435,1945.723,1944.815,1957.436,1936.613,0.09,113.58899999999998,1650571200
timed_exit,1650571200,20220421,0,1957.435,1936.613,1951.741,1957.435,1945.723,0.0,0.0,0.0,0.0,0.0,1650571200
profile,1650634200,20220422,0,1955.521,1929.403,1950.828,1955.521,1937.565,0.0,0.0,0.0,0.0,0.0,1650657600
entry,1650634500,20220422,-1,1955.521,1929.403,1950.828,1955.521,1937.565,1936.919,1955.522,1929.403,0.06,111.618,1650657600
profile,1650893400,20220425,0,1934.473,1891.277,1916.587,1927.049,1904.776,0.0,0.0,0.0,0.0,0.0,1650916800
entry,1650893700,20220425,-1,1934.473,1891.277,1916.587,1927.049,1904.776,1898.9,1927.05,1891.277,0.04,112.60000000000001,1650916800
timed_exit,1650916800,20220425,0,1934.473,1891.277,1916.587,1927.049,1904.776,0.0,0.0,0.0,0.0,0.0,1650916800
profile,1650979800,20220426,0,1909.482,1895.561,1903.5,1905.567,1900.129,0.0,0.0,0.0,0.0,0.0,1651003200
entry,1650980100,20220426,1,1909.482,1895.561,1903.5,1905.567,1900.129,1908.804,1900.128,1909.482,0.13,112.78800000000001,1651003200
profile,1651066200,20220427,0,1907.018,1886.075,1898.346,1903.091,1893.929,0.0,0.0,0.0,0.0,0.0,1651089600
entry,1651066500,20220427,-1,1907.018,1886.075,1898.346,1903.091,1893.929,1891.406,1903.092,1886.075,0.1,116.86,1651089600
profile,1651152600,20220428,0,1895.183,1872.012,1885.951,1891.2,1881.787,0.0,0.0,0.0,0.0,0.0,1651176000
entry,1651169400,20220428,1,1895.183,1872.012,1885.951,1891.2,1881.787,1892.028,1881.786,1895.183,0.11,112.662,1651176000
profile,1651239000,20220429,0,1919.826,1892.574,1915.355,1917.697,1904.497,0.0,0.0,0.0,0.0,0.0,1651262400
entry,1651239600,20220429,-1,1919.826,1892.574,1915.355,1917.697,1904.497,1902.985,1917.698,1892.574,0.08,117.704,1651262400
timed_exit,1651262400,20220429,0,1919.826,1892.574,1915.355,1917.697,1904.497,0.0,0.0,0.0,0.0,0.0,1651262400
profile,1651498200,20220502,0,1899.937,1859.222,1885.623,1895.484,1873.854,0.0,0.0,0.0,0.0,0.0,1651521600
entry,1651498500,20220502,-1,1899.937,1859.222,1885.623,1895.484,1873.854,1861.343,1895.485,1859.222,0.04,136.56799999999998,1651521600
profile,1651584600,20220503,0,1867.139,1850.304,1863.062,1865.824,1858.195,0.0,0.0,0.0,0.0,0.0,1651608000
invalid_geometry,1651584900,20220503,1,1867.139,1850.304,1863.062,1865.824,1858.195,1867.366,1858.194,1867.139,0.0,0.0,1651608000
profile,1651671000,20220504,0,1872.076,1861.463,1869.008,1870.086,1864.282,0.0,0.0,0.0,0.0,0.0,1651694400
entry,1651672500,20220504,-1,1872.076,1861.463,1869.008,1870.086,1864.282,1863.179,1870.087,1861.463,0.16,110.52799999999999,1651694400
profile,1651757400,20220505,0,1909.664,1881.849,1901.189,1902.276,1893.149,0.0,0.0,0.0,0.0,0.0,1651780800
entry,1651759500,20220505,-1,1909.664,1881.849,1901.189,1902.276,1893.149,1891.931,1902.277,1881.849,0.11,113.806,1651780800
profile,1651843800,20220506,0,1890.052,1865.963,1876.314,1881.019,1866.716,0.0,0.0,0.0,0.0,0.0,1651867200
entry,1651845000,20220506,1,1890.052,1865.963,1876.314,1881.019,1866.716,1882.479,1866.715,1890.052,0.07,110.34800000000001,1651867200
profile,1652103000,20220509,0,1885.735,1856.006,1871.567,1875.051,1857.4,0.0,0.0,0.0,0.0,0.0,1652126400
entry,1652117100,20220509,-1,1885.735,1856.006,1871.567,1875.051,1857.4,1857.325,1875.052,1856.006,0.07,124.08900000000001,1652126400
profile,1652189400,20220510,0,1865.339,1852.322,1863.0,1864.729,1858.017,0.0,0.0,0.0,0.0,0.0,1652212800
entry,1652190600,20220510,-1,1865.339,1852.322,1863.0,1864.729,1858.017,1856.359,1864.73,1852.322,0.14,117.19400000000002,1652212800
profile,1652275800,20220511,0,1854.228,1832.053,1838.116,1848.684,1832.053,0.0,0.0,0.0,0.0,0.0,1652299200
entry,1652276400,20220511,1,1854.228,1832.053,1838.116,1848.684,1832.053,1851.164,1832.052,1854.228,0.06,114.672,1652299200
profile,1652362200,20220512,0,1858.783,1839.919,1847.435,1853.772,1845.225,0.0,0.0,0.0,0.0,0.0,1652385600
entry,1652363400,20220512,-1,1858.783,1839.919,1847.435,1853.772,1845.225,1844.44,1853.773,1839.919,0.12,111.996,1652385600
profile,1652448600,20220513,0,1828.596,1798.945,1824.195,1828.133,1817.94,0.0,0.0,0.0,0.0,0.0,1652472000
entry,1652448900,20220513,-1,1828.596,1798.945,1824.195,1828.133,1817.94,1804.092,1828.134,1798.945,0.05,120.21,1652472000
timed_exit,1652472000,20220513,0,1828.596,1798.945,1824.195,1828.133,1817.94,0.0,0.0,0.0,0.0,0.0,1652472000
profile,1652707800,20220516,0,1817.611,1786.554,1805.722,1816.155,1803.053,0.0,0.0,0.0,0.0,0.0,1652731200
entry,1652720100,20220516,1,1817.611,1786.554,1805.722,1816.155,1803.053,1816.346,1803.052,1817.611,0.09,119.646,1652731200
profile,1652794200,20220517,0,1836.088,1821.87,1827.535,1829.868,1824.092,0.0,0.0,0.0,0.0,0.0,1652817600
entry,1652795400,20220517,-1,1836.088,1821.87,1827.535,1829.868,1824.092,1822.606,1829.869,1821.87,0.16,116.208,1652817600
profile,1652880600,20220518,0,1820.44,1807.268,1815.603,1816.941,1810.355,0.0,0.0,0.0,0.0,0.0,1652904000
entry,1652887800,20220518,1,1820.44,1807.268,1815.603,1816.941,1810.355,1817.535,1810.354,1820.44,0.16,114.896,1652904000
profile,1652967000,20220519,0,1841.5,1810.871,1816.375,1829.057,1811.35,0.0,0.0,0.0,0.0,0.0,1652990400
entry,1652967300,20220519,1,1841.5,1810.871,1816.375,1829.057,1811.35,1834.787,1811.349,1841.5,0.05,117.19000000000001,1652990400
profile,1653053400,20220520,0,1849.403,1836.509,1842.049,1846.381,1840.941,0.0,0.0,0.0,0.0,0.0,1653076800
entry,1653053700,20220520,-1,1849.403,1836.509,1842.049,1846.381,1840.941,1840.447,1846.382,1836.509,0.19,112.765,1653076800
profile,1653312600,20220523,0,1865.41,1843.516,1854.634,1862.331,1851.042,0.0,0.0,0.0,0.0,0.0,1653336000
entry,1653321300,20220523,-1,1865.41,1843.516,1854.634,1862.331,1851.042,1850.799,1862.332,1843.516,0.1,115.33,1653336000
timed_exit,1653336000,20220523,0,1865.41,1843.516,1854.634,1862.331,1851.042,0.0,0.0,0.0,0.0,0.0,1653336000
profile,1653399000,20220524,0,1862.698,1849.341,1855.706,1860.402,1853.306,0.0,0.0,0.0,0.0,0.0,1653422400
entry,1653399300,20220524,1,1862.698,1849.341,1855.706,1860.402,1853.306,1860.833,1853.305,1862.698,0.15,112.91999999999999,1653422400
profile,1653485400,20220525,0,1868.033,1847.834,1862.825,1863.299,1854.146,0.0,0.0,0.0,0.0,0.0,1653508800
entry,1653485700,20220525,-1,1868.033,1847.834,1862.825,1863.299,1854.146,1854.058,1863.3,1847.834,0.13,120.14600000000002,1653508800
profile,1653571800,20220526,0,1854.299,1840.86,1846.215,1849.679,1842.96,0.0,0.0,0.0,0.0,0.0,1653595200
entry,1653573900,20220526,1,1854.299,1840.86,1846.215,1849.679,1842.96,1850.957,1842.959,1854.299,0.15,119.96999999999998,1653595200
timed_exit,1653595200,20220526,0,1854.299,1840.86,1846.215,1849.679,1842.96,0.0,0.0,0.0,0.0,0.0,1653595200
profile,1653658200,20220527,0,1862.15,1847.971,1853.62,1859.048,1849.965,0.0,0.0,0.0,0.0,0.0,1653681600
profile,1653917400,20220530,0,1863.991,1848.196,1862.14,1863.004,1855.353,0.0,0.0,0.0,0.0,0.0,1653940800
entry,1653920100,20220530,-1,1863.991,1848.196,1862.14,1863.004,1855.353,1855.128,1863.005,1848.196,0.15,118.155,1653940800
timed_exit,1653948060,20220530,0,1863.991,1848.196,1862.14,1863.004,1855.353,0.0,0.0,0.0,0.0,0.0,1653940800
profile,1654003800,20220531,0,1857.107,1844.553,1849.163,1853.184,1847.103,0.0,0.0,0.0,0.0,0.0,1654027200
entry,1654004100,20220531,1,1857.107,1844.553,1849.163,1853.184,1847.103,1853.378,1847.102,1857.107,0.18,112.968,1654027200
profile,1654090200,20220601,0,1848.224,1828.467,1835.104,1837.728,1830.628,0.0,0.0,0.0,0.0,0.0,1654113600
invalid_geometry,1654090500,20220601,1,1848.224,1828.467,1835.104,1837.728,1830.628,1848.383,1830.627,1848.224,0.0,0.0,1654113600
profile,1654176600,20220602,0,1862.986,1844.102,1855.757,1862.986,1847.053,0.0,0.0,0.0,0.0,0.0,1654200000
invalid_geometry,1654176900,20220602,1,1862.986,1844.102,1855.757,1862.986,1847.053,1864.382,1847.052,1862.986,0.0,0.0,1654200000
profile,1654263000,20220603,0,1874.072,1856.671,1866.051,1871.897,1863.468,0.0,0.0,0.0,0.0,0.0,1654286400
entry,1654263300,20220603,-1,1874.072,1856.671,1866.051,1871.897,1863.468,1862.911,1871.898,1856.671,0.13,116.831,1654286400
profile,1654522200,20220606,0,1857.935,1850.141,1853.125,1854.769,1851.602,0.0,0.0,0.0,0.0,0.0,1654545600
entry,1654522800,20220606,-1,1857.935,1850.141,1853.125,1854.769,1851.602,1851.521,1854.77,1850.141,0.35,113.71499999999999,1654545600
profile,1654608600,20220607,0,1851.939,1836.977,1840.601,1845.627,1837.678,0.0,0.0,0.0,0.0,0.0,1654632000
entry,1654608900,20220607,1,1851.939,1836.977,1840.601,1845.627,1837.678,1845.891,1837.677,1851.939,0.14,114.99600000000001,1654632000
profile,1654695000,20220608,0,1856.136,1844.525,1849.514,1851.056,1847.246,0.0,0.0,0.0,0.0,0.0,1654718400
entry,1654695300,20220608,1,1856.136,1844.525,1849.514,1851.056,1847.246,1853.959,1847.245,1856.136,0.17,114.138,1654718400
profile,1654781400,20220609,0,1855.293,1843.845,1849.837,1852.968,1847.601,0.0,0.0,0.0,0.0,0.0,1654804800
entry,1654782300,20220609,-1,1855.293,1843.845,1849.837,1852.968,1847.601,1846.184,1852.969,1843.845,0.17,115.34500000000001,1654804800
profile,1654867800,20220610,0,1848.249,1825.117,1844.815,1847.888,1840.297,0.0,0.0,0.0,0.0,0.0,1654891200
entry,1654868100,20220610,-1,1848.249,1825.117,1844.815,1847.888,1840.297,1832.234,1847.889,1825.117,0.08,125.24000000000001,1654891200
profile,1655127000,20220613,0,1878.929,1835.344,1856.796,1874.843,1853.05,0.0,0.0,0.0,0.0,0.0,1655150400
invalid_geometry,1655127300,20220613,-1,1878.929,1835.344,1856.796,1874.843,1853.05,1834.841,1874.844,1835.344,0.0,0.0,1655150400
profile,1655213400,20220614,0,1831.607,1809.234,1820.945,1828.111,1819.721,0.0,0.0,0.0,0.0,0.0,1655236800
entry,1655213700,20220614,-1,1831.607,1809.234,1820.945,1828.111,1819.721,1819.066,1828.112,1809.234,0.13,117.59800000000001,1655236800
profile,1655299800,20220615,0,1836.512,1807.487,1830.39,1836.058,1816.557,0.0,0.0,0.0,0.0,0.0,1655323200
entry,1655316300,20220615,-1,1836.512,1807.487,1830.39,1836.058,1816.557,1813.675,1836.059,1807.487,0.06,134.304,1655323200
profile,1655386200,20220616,0,1836.471,1815.428,1831.046,1835.813,1827.922,0.0,0.0,0.0,0.0,0.0,1655409600
entry,1655388300,20220616,-1,1836.471,1815.428,1831.046,1835.813,1827.922,1826.469,1835.814,1815.428,0.13,121.485,1655409600
profile,1655472600,20220617,0,1855.858,1841.667,1846.213,1849.428,1842.997,0.0,0.0,0.0,0.0,0.0,1655496000
entry,1655474400,20220617,-1,1855.858,1841.667,1846.213,1849.428,1842.997,1842.156,1849.429,1841.667,0.16,116.368,1655496000
profile,1655731800,20220620,0,1846.13,1834.763,1838.582,1842.755,1837.427,0.0,0.0,0.0,0.0,0.0,1655755200
entry,1655735400,20220620,-1,1846.13,1834.763,1838.582,1842.755,1837.427,1837.176,1842.756,1834.763,0.21,117.17999999999999,1655755200
timed_exit,1655762460,20220620,0,1846.13,1834.763,1838.582,1842.755,1837.427,0.0,0.0,0.0,0.0,0.0,1655755200
profile,1655818200,20220621,0,1842.394,1830.821,1835.251,1838.416,1832.268,0.0,0.0,0.0,0.0,0.0,1655841600
entry,1655819700,20220621,1,1842.394,1830.821,1835.251,1838.416,1832.268,1838.821,1832.267,1842.394,0.18,117.972,1655841600
profile,1655904600,20220622,0,1846.6,1823.328,1827.873,1832.055,1823.692,0.0,0.0,0.0,0.0,0.0,1655928000
entry,1655904900,20220622,1,1846.6,1823.328,1827.873,1832.055,1823.692,1840.202,1823.691,1846.6,0.07,115.577,1655928000
profile,1655991000,20220623,0,1838.8,1823.899,1833.096,1838.102,1832.048,0.0,0.0,0.0,0.0,0.0,1656014400
invalid_geometry,1655992200,20220623,1,1838.8,1823.899,1833.096,1838.102,1832.048,1840.301,1832.047,1838.8,0.0,0.0,1656014400
profile,1656077400,20220624,0,1831.696,1816.916,1825.114,1826.846,1823.151,0.0,0.0,0.0,0.0,0.0,1656100800
entry,1656079200,20220624,-1,1831.696,1816.916,1825.114,1826.846,1823.151,1822.688,1826.847,1816.916,0.28,116.452,1656100800
profile,1656336600,20220627,0,1840.931,1828.227,1835.274,1836.763,1830.212,0.0,0.0,0.0,0.0,0.0,1656360000
entry,1656336900,20220627,-1,1840.931,1828.227,1835.274,1836.763,1830.212,1828.563,1836.764,1828.227,0.14,114.81400000000001,1656360000
profile,1656423000,20220628,0,1829.489,1820.268,1823.222,1826.607,1822.285,0.0,0.0,0.0,0.0,0.0,1656446400
entry,1656424200,20220628,-1,1829.489,1820.268,1823.222,1826.607,1822.285,1820.412,1826.608,1820.268,0.18,111.528,1656446400
profile,1656509400,20220629,0,1833.068,1811.973,1816.752,1824.828,1814.28,0.0,0.0,0.0,0.0,0.0,1656532800
entry,1656509700,20220629,1,1833.068,1811.973,1816.752,1824.828,1814.28,1829.138,1814.279,1833.068,0.08,118.87200000000001,1656532800
timed_exit,1656532800,20220629,0,1833.068,1811.973,1816.752,1824.828,1814.28,0.0,0.0,0.0,0.0,0.0,1656532800
profile,1656595800,20220630,0,1825.171,1802.664,1816.203,1823.061,1812.862,0.0,0.0,0.0,0.0,0.0,1656619200
entry,1656599400,20220630,-1,1825.171,1802.664,1816.203,1823.061,1812.862,1812.51,1823.062,1802.664,0.11,116.072,1656619200
timed_exit,1656619200,20220630,0,1825.171,1802.664,1816.203,1823.061,1812.862,0.0,0.0,0.0,0.0,0.0,1656619200
profile,1656682200,20220701,0,1807.335,1784.511,1793.962,1801.629,1784.868,0.0,0.0,0.0,0.0,0.0,1656705600
entry,1656685200,20220701,1,1807.335,1784.511,1793.962,1801.629,1784.868,1803.231,1784.867,1807.335,0.07,128.54800000000003,1656705600
profile,1656941400,20220704,0,1814.203,1803.985,1808.376,1810.531,1805.262,0.0,0.0,0.0,0.0,0.0,1656964800
entry,1656946200,20220704,1,1814.203,1803.985,1808.376,1810.531,1805.262,1810.798,1805.261,1814.203,0.21,116.277,1656964800
timed_exit,1656972060,20220704,0,1814.203,1803.985,1808.376,1810.531,1805.262,0.0,0.0,0.0,0.0,0.0,1656964800
profile,1657027800,20220705,0,1812.118,1793.329,1810.797,1812.118,1801.549,0.0,0.0,0.0,0.0,0.0,1657051200
invalid_geometry,1657028100,20220705,-1,1812.118,1793.329,1810.797,1812.118,1801.549,1793.078,1812.119,1793.329,0.0,0.0,1657051200
profile,1657114200,20220706,0,1772.821,1759.51,1766.685,1771.781,1764.502,0.0,0.0,0.0,0.0,0.0,1657137600
entry,1657114500,20220706,-1,1772.821,1759.51,1766.685,1771.781,1764.502,1762.237,1771.782,1759.51,0.12,114.53999999999999,1657137600
profile,1657200600,20220707,0,1747.689,1736.519,1743.413,1746.293,1740.882,0.0,0.0,0.0,0.0,0.0,1657224000
invalid_geometry,1657201800,20220707,1,1747.689,1736.519,1743.413,1746.293,1740.882,1747.82,1740.881,1747.689,0.0,0.0,1657224000
profile,1657287000,20220708,0,1746.598,1733.001,1742.668,1744.473,1738.525,0.0,0.0,0.0,0.0,0.0,1657310400
entry,1657288200,20220708,-1,1746.598,1733.001,1742.668,1744.473,1738.525,1737.84,1744.474,1733.001,0.17,112.778,1657310400
profile,1657546200,20220711,0,1744.626,1733.633,1740.418,1742.393,1736.209,0.0,0.0,0.0,0.0,0.0,1657569600
entry,1657556400,20220711,-1,1744.626,1733.633,1740.418,1742.393,1736.209,1736.024,1742.394,1733.633,0.18,114.66,1657569600
profile,1657632600,20220712,0,1744.098,1723.149,1734.769,1736.897,1731.005,0.0,0.0,0.0,0.0,0.0,1657656000
entry,1657632900,20220712,-1,1744.098,1723.149,1734.769,1736.897,1731.005,1730.55,1736.898,1723.149,0.18,114.26399999999998,1657656000
timed_exit,1657656000,20220712,0,1744.098,1723.149,1734.769,1736.897,1731.005,0.0,0.0,0.0,0.0,0.0,1657656000
profile,1657719000,20220713,0,1731.861,1707.146,1725.489,1730.702,1723.365,0.0,0.0,0.0,0.0,0.0,1657742400
entry,1657719300,20220713,-1,1731.861,1707.146,1725.489,1730.702,1723.365,1719.725,1730.703,1707.146,0.11,120.758,1657742400
profile,1657805400,20220714,0,1736.485,1703.688,1713.168,1728.798,1708.813,0.0,0.0,0.0,0.0,0.0,1657828800
invalid_geometry,1657805700,20220714,-1,1736.485,1703.688,1713.168,1728.798,1708.813,1703.275,1728.799,1703.688,0.0,0.0,1657828800
profile,1657891800,20220715,0,1716.601,1699.882,1708.895,1711.638,1703.278,0.0,0.0,0.0,0.0,0.0,1657915200
entry,1657893000,20220715,-1,1716.601,1699.882,1708.895,1711.638,1703.278,1702.428,1711.639,1699.882,0.12,110.532,1657915200
profile,1658151000,20220718,0,1723.871,1706.574,1713.736,1719.006,1711.709,0.0,0.0,0.0,0.0,0.0,1658174400
entry,1658151300,20220718,1,1723.871,1706.574,1713.736,1719.006,1711.709,1720.726,1711.708,1723.871,0.13,117.234,1658174400
profile,1658237400,20220719,0,1718.41,1705.338,1709.321,1712.487,1706.359,0.0,0.0,0.0,0.0,0.0,1658260800
entry,1658238000,20220719,1,1718.41,1705.338,1709.321,1712.487,1706.359,1713.535,1706.358,1718.41,0.16,114.83200000000001,1658260800
timed_exit,1658260800,20220719,0,1718.41,1705.338,1709.321,1712.487,1706.359,0.0,0.0,0.0,0.0,0.0,1658260800
profile,1658323800,20220720,0,1713.97,1705.973,1711.533,1712.471,1707.972,0.0,0.0,0.0,0.0,0.0,1658347200
entry,1658330400,20220720,-1,1713.97,1705.973,1711.533,1712.471,1707.972,1707.803,1712.472,1705.973,0.24,112.056,1658347200
profile,1658410200,20220721,0,1710.384,1680.848,1692.616,1697.923,1682.694,0.0,0.0,0.0,0.0,0.0,1658433600
entry,1658410500,20220721,1,1710.384,1680.848,1692.616,1697.923,1682.694,1701.058,1682.693,1710.384,0.06,110.19,1658433600
profile,1658496600,20220722,0,1730.177,1712.846,1718.127,1723.678,1712.846,0.0,0.0,0.0,0.0,0.0,1658520000
entry,1658496900,20220722,1,1730.177,1712.846,1718.127,1723.678,1712.846,1725.692,1712.845,1730.177,0.09,115.623,1658520000
profile,1658755800,20220725,0,1736.125,1719.905,1725.861,1729.029,1723.453,0.0,0.0,0.0,0.0,0.0,1658779200
entry,1658756400,20220725,-1,1736.125,1719.905,1725.861,1729.029,1723.453,1721.242,1729.03,1719.905,0.15,116.82,1658779200
profile,1658842200,20220726,0,1728.183,1713.643,1718.982,1724.548,1717.051,0.0,0.0,0.0,0.0,0.0,1658865600
entry,1658847000,20220726,-1,1728.183,1713.643,1718.982,1724.548,1717.051,1716.131,1724.549,1713.643,0.14,117.852,1658865600
timed_exit,1658865600,20220726,0,1728.183,1713.643,1718.982,1724.548,1717.051,0.0,0.0,0.0,0.0,0.0,1658865600
profile,1658928600,20220727,0,1725.155,1713.685,1718.972,1721.391,1715.477,0.0,0.0,0.0,0.0,0.0,1658952000
entry,1658929500,20220727,-1,1725.155,1713.685,1718.972,1721.391,1715.477,1715.317,1721.392,1713.685,0.19,115.425,1658952000
profile,1659015000,20220728,0,1753.862,1734.068,1738.862,1743.656,1734.687,0.0,0.0,0.0,0.0,0.0,1659038400
entry,1659015300,20220728,1,1753.862,1734.068,1738.862,1743.656,1734.687,1750.921,1734.686,1753.862,0.07,113.64500000000001,1659038400
profile,1659101400,20220729,0,1767.943,1752.697,1754.96,1762.702,1753.173,0.0,0.0,0.0,0.0,0.0,1659124800
entry,1659106800,20220729,1,1767.943,1752.697,1754.96,1762.702,1753.173,1762.96,1753.172,1767.943,0.12,117.45599999999999,1659124800
timed_exit,1659124800,20220729,0,1767.943,1752.697,1754.96,1762.702,1753.173,0.0,0.0,0.0,0.0,0.0,1659124800
profile,1659360600,20220801,0,1775.377,1758.333,1762.195,1770.317,1758.599,0.0,0.0,0.0,0.0,0.0,1659384000
entry,1659361200,20220801,1,1775.377,1758.333,1762.195,1770.317,1758.599,1771.765,1758.598,1775.377,0.09,118.503,1659384000
timed_exit,1659384000,20220801,0,1775.377,1758.333,1762.195,1770.317,1758.599,0.0,0.0,0.0,0.0,0.0,1659384000
profile,1659447000,20220802,0,1788.048,1768.786,1774.354,1778.718,1770.893,0.0,0.0,0.0,0.0,0.0,1659470400
entry,1659447300,20220802,1,1788.048,1768.786,1774.354,1778.718,1770.893,1781.008,1770.892,1788.048,0.11,111.276,1659470400
profile,1659533400,20220803,0,1772.806,1754.859,1767.899,1771.684,1763.833,0.0,0.0,0.0,0.0,0.0,1659556800
entry,1659535500,20220803,-1,1772.806,1754.859,1767.899,1771.684,1763.833,1761.807,1771.685,1754.859,0.12,118.53599999999999,1659556800
profile,1659619800,20220804,0,1788.332,1763.292,1770.139,1780.116,1763.292,0.0,0.0,0.0,0.0,0.0,1659643200
entry,1659621000,20220804,1,1788.332,1763.292,1770.139,1780.116,1763.292,1781.015,1763.291,1788.332,0.07,124.06800000000001,1659643200
profile,1659706200,20220805,0,1794.9,1764.992,1790.928,1794.9,1777.609,0.0,0.0,0.0,0.0,0.0,1659729600
entry,1659706500,20220805,-1,1794.9,1764.992,1790.928,1794.9,1777.609,1772.516,1794.901,1764.992,0.05,111.92500000000001,1659729600
timed_exit,1659729600,20220805,0,1794.9,1764.992,1790.928,1794.9,1777.609,0.0,0.0,0.0,0.0,0.0,1659729600
profile,1659965400,20220808,0,1786.529,1771.156,1774.399,1778.602,1771.636,0.0,0.0,0.0,0.0,0.0,1659988800
entry,1659965700,20220808,1,1786.529,1771.156,1774.399,1778.602,1771.636,1781.884,1771.635,1786.529,0.11,112.739,1659988800
profile,1660051800,20220809,0,1798.183,1783.214,1791.517,1793.271,1785.787,0.0,0.0,0.0,0.0,0.0,1660075200
invalid_geometry,1660052100,20220809,1,1798.183,1783.214,1791.517,1793.271,1785.787,1799.44,1785.786,1798.183,0.0,0.0,1660075200
profile,1660138200,20220810,0,1807.868,1787.612,1793.784,1795.525,1787.612,0.0,0.0,0.0,0.0,0.0,1660161600
entry,1660139400,20220810,1,1807.868,1787.612,1793.784,1795.525,1787.612,1796.5,1787.611,1807.868,0.13,115.557,1660161600
timed_exit,1660161600,20220810,0,1807.868,1787.612,1793.784,1795.525,1787.612,0.0,0.0,0.0,0.0,0.0,1660161600
profile,1660224600,20220811,0,1799.253,1783.546,1786.859,1792.136,1784.282,0.0,0.0,0.0,0.0,0.0,1660248000
entry,1660225200,20220811,1,1799.253,1783.546,1786.859,1792.136,1784.282,1794.753,1784.281,1799.253,0.11,115.19200000000001,1660248000
timed_exit,1660248000,20220811,0,1799.253,1783.546,1786.859,1792.136,1784.282,0.0,0.0,0.0,0.0,0.0,1660248000
profile,1660311000,20220812,0,1795.665,1784.897,1787.505,1791.122,1785.907,0.0,0.0,0.0,0.0,0.0,1660334400
entry,1660311300,20220812,1,1795.665,1784.897,1787.505,1791.122,1785.907,1795.557,1785.906,1795.665,0.12,115.812,1660334400
profile,1660570200,20220815,0,1801.803,1772.986,1776.363,1792.798,1772.986,0.0,0.0,0.0,0.0,0.0,1660593600
profile,1660656600,20220816,0,1783.105,1771.31,1775.641,1779.419,1774.259,0.0,0.0,0.0,0.0,0.0,1660680000
entry,1660665300,20220816,-1,1783.105,1771.31,1775.641,1779.419,1774.259,1773.789,1779.42,1771.31,0.2,112.62,1660680000
timed_exit,1660680000,20220816,0,1783.105,1771.31,1775.641,1779.419,1774.259,0.0,0.0,0.0,0.0,0.0,1660680000
profile,1660743000,20220817,0,1782.197,1764.709,1775.229,1777.005,1769.354,0.0,0.0,0.0,0.0,0.0,1660766400
entry,1660743600,20220817,-1,1782.197,1764.709,1775.229,1777.005,1769.354,1765.9,1777.006,1764.709,0.1,111.06,1660766400
profile,1660829400,20220818,0,1772.4,1760.876,1762.226,1767.538,1761.596,0.0,0.0,0.0,0.0,0.0,1660852800
entry,1660829700,20220818,1,1772.4,1760.876,1762.226,1767.538,1761.596,1768.11,1761.595,1772.4,0.17,110.75500000000001,1660852800
profile,1660915800,20220819,0,1759.26,1749.846,1755.803,1757.201,1752.641,0.0,0.0,0.0,0.0,0.0,1660939200
entry,1660916700,20220819,-1,1759.26,1749.846,1755.803,1757.201,1752.641,1752.452,1757.202,1749.846,0.23,109.25,1660939200
profile,1661175000,20220822,0,1749.03,1727.786,1746.54,1749.03,1734.425,0.0,0.0,0.0,0.0,0.0,1661198400
entry,1661176500,20220822,-1,1749.03,1727.786,1746.54,1749.03,1734.425,1734.102,1749.031,1727.786,0.08,119.43200000000002,1661198400
timed_exit,1661198400,20220822,0,1749.03,1727.786,1746.54,1749.03,1734.425,0.0,0.0,0.0,0.0,0.0,1661198400
profile,1661261400,20220823,0,1743.851,1730.824,1738.457,1739.577,1735.506,0.0,0.0,0.0,0.0,0.0,1661284800
entry,1661262000,20220823,1,1743.851,1730.824,1738.457,1739.577,1735.506,1739.724,1735.505,1743.851,0.26,109.694,1661284800
profile,1661347800,20220824,0,1753.642,1742.469,1745.873,1747.357,1744.389,0.0,0.0,0.0,0.0,0.0,1661371200
entry,1661348100,20220824,-1,1753.642,1742.469,1745.873,1747.357,1744.389,1743.93,1747.358,1742.469,0.32,109.69600000000001,1661371200
profile,1661434200,20220825,0,1765.475,1749.959,1762.202,1765.233,1756.747,0.0,0.0,0.0,0.0,0.0,1661457600
entry,1661434800,20220825,-1,1765.475,1749.959,1762.202,1765.233,1756.747,1755.954,1765.234,1749.959,0.12,111.36,1661457600
timed_exit,1661457600,20220825,0,1765.475,1749.959,1762.202,1765.233,1756.747,0.0,0.0,0.0,0.0,0.0,1661457600
profile,1661520600,20220826,0,1758.963,1743.734,1755.513,1758.725,1749.207,0.0,0.0,0.0,0.0,0.0,1661544000
entry,1661522700,20220826,-1,1758.963,1743.734,1755.513,1758.725,1749.207,1745.044,1758.726,1743.734,0.08,109.456,1661544000
profile,1661779800,20220829,0,1740.006,1720.318,1722.318,1732.008,1720.318,0.0,0.0,0.0,0.0,0.0,1661803200
entry,1661780100,20220829,1,1740.006,1720.318,1722.318,1732.008,1720.318,1739.324,1720.317,1740.006,0.06,114.042,1661803200
profile,1661866200,20220830,0,1740.512,1728.134,1734.613,1736.644,1731.422,0.0,0.0,0.0,0.0,0.0,1661889600
entry,1661866800,20220830,-1,1740.512,1728.134,1734.613,1736.644,1731.422,1730.703,1736.645,1728.134,0.19,112.89800000000001,1661889600
profile,1661952600,20220831,0,1726.521,1709.634,1711.085,1722.299,1709.634,0.0,0.0,0.0,0.0,0.0,1661976000
entry,1661957400,20220831,1,1726.521,1709.634,1711.085,1722.299,1709.634,1722.636,1709.633,1726.521,0.09,117.02699999999999,1661976000
timed_exit,1661976000,20220831,0,1726.521,1709.634,1711.085,1722.299,1709.634,0.0,0.0,0.0,0.0,0.0,1661976000
profile,1662039000,20220901,0,1711.409,1694.935,1703.816,1707.291,1700.855,0.0,0.0,0.0,0.0,0.0,1662062400
entry,1662039300,20220901,-1,1711.409,1694.935,1703.816,1707.291,1700.855,1695.951,1707.292,1694.935,0.1,113.41,1662062400
profile,1662125400,20220902,0,1715.199,1695.02,1705.267,1710.785,1700.38,0.0,0.0,0.0,0.0,0.0,1662148800
entry,1662125700,20220902,1,1715.199,1695.02,1705.267,1710.785,1700.38,1711.321,1700.379,1715.199,0.1,109.42000000000002,1662148800
profile,1662384600,20220905,0,1715.743,1707.757,1712.062,1714.246,1710.377,0.0,0.0,0.0,0.0,0.0,1662408000
entry,1662391500,20220905,-1,1715.743,1707.757,1712.062,1714.246,1710.377,1710.315,1714.247,1707.757,0.28,110.096,1662408000
timed_exit,1662415260,20220905,0,1715.743,1707.757,1712.062,1714.246,1710.377,0.0,0.0,0.0,0.0,0.0,1662408000
profile,1662471000,20220906,0,1726.502,1705.553,1711.609,1718.319,1710.79,0.0,0.0,0.0,0.0,0.0,1662494400
entry,1662471300,20220906,-1,1726.502,1705.553,1711.609,1718.319,1710.79,1708.133,1718.32,1705.553,0.11,112.057,1662494400
profile,1662557400,20220907,0,1707.202,1691.396,1703.374,1706.214,1696.582,0.0,0.0,0.0,0.0,0.0,1662580800
invalid_geometry,1662561000,20220907,1,1707.202,1691.396,1703.374,1706.214,1696.582,1708.933,1696.581,1707.202,0.0,0.0,1662580800
profile,1662643800,20220908,0,1728.175,1709.711,1719.087,1720.674,1714.039,0.0,0.0,0.0,0.0,0.0,1662667200
entry,1662644100,20220908,-1,1728.175,1709.711,1719.087,1720.674,1714.039,1712.64,1720.675,1709.711,0.14,112.49000000000001,1662667200
profile,1662730200,20220909,0,1729.373,1708.535,1720.094,1726.768,1708.535,0.0,0.0,0.0,0.0,0.0,1662753600
profile,1662989400,20220912,0,1733.853,1711.983,1713.179,1727.019,1711.983,0.0,0.0,0.0,0.0,0.0,1663012800
entry,1662989700,20220912,1,1733.853,1711.983,1713.179,1727.019,1711.983,1728.007,1711.982,1733.853,0.07,112.17500000000001,1663012800
profile,1663075800,20220913,0,1731.809,1697.031,1721.756,1731.809,1714.42,0.0,0.0,0.0,0.0,0.0,1663099200
entry,1663076100,20220913,-1,1731.809,1697.031,1721.756,1731.809,1714.42,1703.882,1731.81,1697.031,0.04,111.712,1663099200
timed_exit,1663099200,20220913,0,1731.809,1697.031,1721.756,1731.809,1714.42,0.0,0.0,0.0,0.0,0.0,1663099200
profile,1663162200,20220914,0,1707.106,1697.233,1702.092,1704.792,1700.627,0.0,0.0,0.0,0.0,0.0,1663185600
entry,1663163100,20220914,1,1707.106,1697.233,1702.092,1704.792,1700.627,1705.506,1700.626,1707.106,0.23,112.24000000000001,1663185600
profile,1663248600,20220915,0,1698.205,1682.357,1686.69,1691.024,1684.586,0.0,0.0,0.0,0.0,0.0,1663272000
entry,1663248900,20220915,-1,1698.205,1682.357,1686.69,1691.024,1684.586,1683.068,1691.025,1682.357,0.14,111.39800000000001,1663272000
profile,1663335000,20220916,0,1667.863,1654.145,1662.826,1667.006,1660.361,0.0,0.0,0.0,0.0,0.0,1663358400
entry,1663335300,20220916,-1,1667.863,1654.145,1662.826,1667.006,1660.361,1659.112,1667.007,1654.145,0.14,110.53000000000002,1663358400
profile,1663594200,20220919,0,1680.0,1659.569,1665.794,1669.146,1660.846,0.0,0.0,0.0,0.0,0.0,1663617600
entry,1663598700,20220919,1,1680.0,1659.569,1665.794,1669.146,1660.846,1671.113,1660.845,1680.0,0.11,112.948,1663617600
timed_exit,1663617600,20220919,0,1680.0,1659.569,1665.794,1669.146,1660.846,0.0,0.0,0.0,0.0,0.0,1663617600
profile,1663680600,20220920,0,1679.468,1664.905,1668.66,1674.69,1665.36,0.0,0.0,0.0,0.0,0.0,1663704000
invalid_geometry,1663680900,20220920,-1,1679.468,1664.905,1668.66,1674.69,1665.36,1663.181,1674.691,1664.905,0.0,0.0,1663704000
profile,1663767000,20220921,0,1677.399,1661.724,1674.337,1677.399,1665.643,0.0,0.0,0.0,0.0,0.0,1663790400
entry,1663779600,20220921,-1,1677.399,1661.724,1674.337,1677.399,1665.643,1665.279,1677.4,1661.724,0.09,109.08899999999998,1663790400
profile,1663853400,20220922,0,1684.87,1655.503,1660.78,1672.022,1655.962,0.0,0.0,0.0,0.0,0.0,1663876800
entry,1663853700,20220922,1,1684.87,1655.503,1660.78,1672.022,1655.962,1679.103,1655.961,1684.87,0.05,115.71,1663876800
timed_exit,1663876800,20220922,0,1684.87,1655.503,1660.78,1672.022,1655.962,0.0,0.0,0.0,0.0,0.0,1663876800
profile,1663939800,20220923,0,1675.97,1641.086,1669.157,1675.97,1649.807,0.0,0.0,0.0,0.0,0.0,1663963200
entry,1663940400,20220923,-1,1675.97,1641.086,1669.157,1675.97,1649.807,1648.567,1675.971,1641.086,0.04,109.616,1663963200
profile,1664199000,20220926,0,1649.673,1626.599,1639.398,1644.626,1637.054,0.0,0.0,0.0,0.0,0.0,1664222400
entry,1664199300,20220926,1,1649.673,1626.599,1639.398,1644.626,1637.054,1646.181,1637.053,1649.673,0.12,109.53599999999999,1664222400
profile,1664285400,20220927,0,1642.422,1622.821,1637.062,1640.891,1631.396,0.0,0.0,0.0,0.0,0.0,1664308800
entry,1664295000,20220927,-1,1642.422,1622.821,1637.062,1640.891,1631.396,1630.689,1640.892,1622.821,0.11,112.23299999999999,1664308800
timed_exit,1664308800,20220927,0,1642.422,1622.821,1637.062,1640.891,1631.396,0.0,0.0,0.0,0.0,0.0,1664308800
profile,1664371800,20220928,0,1645.218,1614.6,1624.886,1630.866,1619.384,0.0,0.0,0.0,0.0,0.0,1664395200
entry,1664372100,20220928,1,1645.218,1614.6,1624.886,1630.866,1619.384,1644.123,1619.383,1645.218,0.05,123.7,1664395200
profile,1664458200,20220929,0,1659.733,1641.51,1654.181,1657.17,1646.066,0.0,0.0,0.0,0.0,0.0,1664481600
entry,1664461200,20220929,-1,1659.733,1641.51,1654.181,1657.17,1646.066,1645.289,1657.171,1641.51,0.1,118.82000000000001,1664481600
profile,1664544600,20220930,0,1674.215,1659.236,1662.864,1668.364,1661.342,0.0,0.0,0.0,0.0,0.0,1664568000
entry,1664544900,20220930,1,1674.215,1659.236,1662.864,1668.364,1661.342,1669.564,1661.341,1674.215,0.13,106.899,1664568000
profile,1664803800,20221003,0,1674.569,1659.615,1664.171,1666.625,1662.185,0.0,0.0,0.0,0.0,0.0,1664827200
entry,1664804100,20221003,1,1674.569,1659.615,1664.171,1666.625,1662.185,1667.402,1662.184,1674.569,0.21,109.57799999999999,1664827200
profile,1664890200,20221004,0,1713.97,1695.163,1708.827,1710.444,1699.277,0.0,0.0,0.0,0.0,0.0,1664913600
entry,1664891700,20221004,1,1713.97,1695.163,1708.827,1710.444,1699.277,1710.612,1699.276,1713.97,0.1,113.36,1664913600
profile,1664976600,20221005,0,1727.664,1703.157,1719.431,1727.664,1711.198,0.0,0.0,0.0,0.0,0.0,1665000000
entry,1664976900,20221005,-1,1727.664,1703.157,1719.431,1727.664,1711.198,1710.521,1727.665,1703.157,0.07,120.00800000000002,1665000000
profile,1665063000,20221006,0,1725.529,1710.489,1722.122,1725.059,1715.894,0.0,0.0,0.0,0.0,0.0,1665086400
entry,1665063300,20221006,-1,1725.529,1710.489,1722.122,1725.059,1715.894,1714.01,1725.06,1710.489,0.1,110.5,1665086400
profile,1665149400,20221007,0,1714.802,1690.528,1710.44,1714.043,1707.596,0.0,0.0,0.0,0.0,0.0,1665172800
entry,1665149700,20221007,-1,1714.802,1690.528,1710.44,1714.043,1707.596,1702.915,1714.044,1690.528,0.1,111.29000000000002,1665172800
timed_exit,1665172800,20221007,0,1714.802,1690.528,1710.44,1714.043,1707.596,0.0,0.0,0.0,0.0,0.0,1665172800
profile,1665408600,20221010,0,1699.894,1673.851,1686.669,1689.314,1674.665,0.0,0.0,0.0,0.0,0.0,1665432000
entry,1665408900,20221010,-1,1699.894,1673.851,1686.669,1689.314,1674.665,1674.257,1689.315,1673.851,0.08,120.464,1665432000
profile,1665495000,20221011,0,1673.565,1660.905,1665.356,1669.411,1662.883,0.0,0.0,0.0,0.0,0.0,1665518400
entry,1665495600,20221011,1,1673.565,1660.905,1665.356,1669.411,1662.883,1669.668,1662.882,1673.565,0.17,115.36200000000001,1665518400
profile,1665581400,20221012,0,1675.18,1661.417,1669.481,1672.599,1666.363,0.0,0.0,0.0,0.0,0.0,1665604800
entry,1665598200,20221012,1,1675.18,1661.417,1669.481,1672.599,1666.363,1674.794,1666.362,1675.18,0.14,118.04800000000002,1665604800
profile,1665667800,20221013,0,1682.397,1644.698,1673.856,1682.397,1657.068,0.0,0.0,0.0,0.0,0.0,1665691200
entry,1665668100,20221013,-1,1682.397,1644.698,1673.856,1682.397,1657.068,1646.795,1682.398,1644.698,0.04,142.412,1665691200
profile,1665754200,20221014,0,1671.732,1650.226,1655.434,1666.692,1652.914,0.0,0.0,0.0,0.0,0.0,1665777600
entry,1665755100,20221014,-1,1671.732,1650.226,1655.434,1666.692,1652.914,1651.279,1666.693,1650.226,0.08,123.31200000000001,1665777600
profile,1666013400,20221017,0,1668.167,1644.132,1657.088,1658.778,1647.887,0.0,0.0,0.0,0.0,0.0,1666036800
entry,1666013700,20221017,1,1668.167,1644.132,1657.088,1658.778,1647.887,1665.153,1647.886,1668.167,0.07,120.86900000000001,1666036800
profile,1666099800,20221018,0,1660.89,1648.621,1651.401,1655.522,1650.155,0.0,0.0,0.0,0.0,0.0,1666123200
entry,1666100400,20221018,1,1660.89,1648.621,1651.401,1655.522,1650.155,1655.961,1650.154,1660.89,0.2,116.14000000000001,1666123200
profile,1666186200,20221019,0,1654.503,1630.427,1633.248,1646.227,1630.803,0.0,0.0,0.0,0.0,0.0,1666209600
entry,1666195200,20221019,-1,1654.503,1630.427,1633.248,1646.227,1630.803,1630.546,1646.228,1630.427,0.07,109.77400000000002,1666209600
profile,1666272600,20221020,0,1640.107,1622.44,1629.755,1635.966,1626.305,0.0,0.0,0.0,0.0,0.0,1666296000
entry,1666275000,20221020,1,1640.107,1622.44,1629.755,1635.966,1626.305,1637.005,1626.304,1640.107,0.11,117.71099999999998,1666296000
profile,1666359000,20221021,0,1635.824,1616.999,1626.264,1627.588,1620.529,0.0,0.0,0.0,0.0,0.0,1666382400
entry,1666359300,20221021,1,1635.824,1616.999,1626.264,1627.588,1620.529,1635.506,1620.528,1635.824,0.08,119.824,1666382400
profile,1666618200,20221024,0,1670.719,1644.256,1648.598,1657.901,1645.91,0.0,0.0,0.0,0.0,0.0,1666641600
entry,1666619100,20221024,-1,1670.719,1644.256,1648.598,1657.901,1645.91,1645.571,1657.902,1644.256,0.09,110.97899999999998,1666641600
profile,1666704600,20221025,0,1654.9,1638.196,1649.289,1653.856,1643.677,0.0,0.0,0.0,0.0,0.0,1666728000
invalid_geometry,1666704900,20221025,1,1654.9,1638.196,1649.289,1653.856,1643.677,1656.446,1643.676,1654.9,0.0,0.0,1666728000
profile,1666791000,20221026,0,1674.871,1649.77,1670.361,1674.871,1656.437,0.0,0.0,0.0,0.0,0.0,1666814400
profile,1666877400,20221027,0,1670.791,1654.835,1661.94,1665.555,1658.575,0.0,0.0,0.0,0.0,0.0,1666900800
entry,1666878600,20221027,-1,1670.791,1654.835,1661.94,1665.555,1658.575,1658.208,1665.556,1654.835,0.16,117.568,1666900800
profile,1666963800,20221028,0,1667.029,1640.192,1650.885,1661.578,1641.869,0.0,0.0,0.0,0.0,0.0,1666987200
entry,1666967700,20221028,-1,1667.029,1640.192,1650.885,1661.578,1641.869,1641.654,1661.579,1640.192,0.06,119.55,1666987200
profile,1667223000,20221031,0,1645.597,1634.401,1641.136,1645.422,1638.6,0.0,0.0,0.0,0.0,0.0,1667246400
entry,1667223300,20221031,-1,1645.597,1634.401,1641.136,1645.422,1638.6,1635.225,1645.423,1634.401,0.11,112.178,1667246400
profile,1667309400,20221101,0,1657.007,1630.726,1637.912,1650.847,1631.137,0.0,0.0,0.0,0.0,0.0,1667332800
entry,1667309700,20221101,1,1657.007,1630.726,1637.912,1650.847,1631.137,1652.928,1631.136,1657.007,0.06,130.75199999999998,1667332800
timed_exit,1667332800,20221101,0,1657.007,1630.726,1637.912,1650.847,1631.137,0.0,0.0,0.0,0.0,0.0,1667332800
profile,1667395800,20221102,0,1658.866,1646.026,1656.96,1657.462,1650.44,0.0,0.0,0.0,0.0,0.0,1667419200
entry,1667399400,20221102,-1,1658.866,1646.026,1656.96,1657.462,1650.44,1649.852,1657.463,1646.026,0.15,114.165,1667419200
profile,1667482200,20221103,0,1640.948,1616.662,1621.026,1634.877,1616.662,0.0,0.0,0.0,0.0,0.0,1667505600
profile,1667568600,20221104,0,1667.095,1628.653,1647.574,1655.082,1633.458,0.0,0.0,0.0,0.0,0.0,1667592000
entry,1667568900,20221104,1,1667.095,1628.653,1647.574,1655.082,1633.458,1665.4,1633.457,1667.095,0.04,127.772,1667592000
profile,1667831400,20221107,0,1681.29,1666.889,1672.852,1677.69,1670.714,0.0,0.0,0.0,0.0,0.0,1667854800
entry,1667831700,20221107,1,1681.29,1666.889,1672.852,1677.69,1670.714,1680.078,1670.713,1681.29,0.12,112.38,1667854800
profile,1667917800,20221108,0,1676.851,1664.703,1673.529,1674.573,1669.828,0.0,0.0,0.0,0.0,0.0,1667941200
invalid_geometry,1667918100,20221108,1,1676.851,1664.703,1673.529,1674.573,1669.828,1676.991,1669.827,1676.851,0.0,0.0,1667941200
profile,1668004200,20221109,0,1715.809,1702.98,1708.492,1711.8,1707.39,0.0,0.0,0.0,0.0,0.0,1668027600
entry,1668004800,20221109,1,1715.809,1702.98,1708.492,1711.8,1707.39,1711.924,1707.389,1715.809,0.25,113.375,1668027600
profile,1668090600,20221110,0,1742.213,1703.84,1707.737,1726.024,1703.84,0.0,0.0,0.0,0.0,0.0,1668114000
entry,1668090900,20221110,1,1742.213,1703.84,1707.737,1726.024,1703.84,1739.794,1703.839,1742.213,0.04,143.82,1668114000
profile,1668177000,20221111,0,1766.578,1747.268,1760.694,1765.673,1756.018,0.0,0.0,0.0,0.0,0.0,1668200220
entry,1668190200,20221111,1,1766.578,1747.268,1760.694,1765.673,1756.018,1765.901,1756.017,1766.578,0.12,118.60799999999999,1668200220
profile,1668436200,20221114,0,1766.314,1753.176,1762.106,1764.672,1759.334,0.0,0.0,0.0,0.0,0.0,1668459600
invalid_geometry,1668436800,20221114,1,1766.314,1753.176,1762.106,1764.672,1759.334,1767.483,1759.333,1766.314,0.0,0.0,1668459600
profile,1668522600,20221115,0,1786.509,1767.084,1775.431,1780.742,1770.726,0.0,0.0,0.0,0.0,0.0,1668546000
entry,1668523800,20221115,-1,1786.509,1767.084,1775.431,1780.742,1770.726,1770.044,1780.743,1767.084,0.11,117.68900000000001,1668546000
profile,1668609000,20221116,0,1785.03,1770.309,1777.324,1781.58,1773.529,0.0,0.0,0.0,0.0,0.0,1668632400
entry,1668622800,20221116,-1,1785.03,1770.309,1777.324,1781.58,1773.529,1773.153,1781.581,1770.309,0.14,117.992,1668632400
timed_exit,1668639660,20221116,0,1785.03,1770.309,1777.324,1781.58,1773.529,0.0,0.0,0.0,0.0,0.0,1668632400
profile,1668695400,20221117,0,1774.799,1754.48,1762.893,1769.719,1761.465,0.0,0.0,0.0,0.0,0.0,1668718800
entry,1668695700,20221117,-1,1774.799,1754.48,1762.893,1769.719,1761.465,1759.701,1769.72,1754.48,0.11,110.209,1668718800
timed_exit,1668726060,20221117,0,1774.799,1754.48,1762.893,1769.719,1761.465,0.0,0.0,0.0,0.0,0.0,1668718800
profile,1668781800,20221118,0,1767.711,1754.718,1763.752,1764.666,1760.605,0.0,0.0,0.0,0.0,0.0,1668805020
invalid_geometry,1668782100,20221118,-1,1767.711,1754.718,1763.752,1764.666,1760.605,1753.858,1764.667,1754.718,0.0,0.0,1668805020
profile,1669041000,20221121,0,1753.024,1736.99,1745.633,1747.262,1740.748,0.0,0.0,0.0,0.0,0.0,1669064400
entry,1669041900,20221121,-1,1753.024,1736.99,1745.633,1747.262,1740.748,1740.633,1747.263,1736.99,0.17,112.71000000000001,1669064400
profile,1669127400,20221122,0,1749.671,1737.231,1744.326,1746.367,1740.73,0.0,0.0,0.0,0.0,0.0,1669150800
entry,1669133700,20221122,-1,1749.671,1737.231,1744.326,1746.367,1740.73,1739.93,1746.368,1737.231,0.18,115.88399999999999,1669150800
profile,1669213800,20221123,0,1745.764,1726.544,1738.106,1740.959,1735.253,0.0,0.0,0.0,0.0,0.0,1669237200
entry,1669215000,20221123,1,1745.764,1726.544,1738.106,1740.959,1735.253,1743.533,1735.252,1745.764,0.14,115.93400000000001,1669237200
profile,1669300200,20221124,0,1758.603,1749.115,1755.416,1757.269,1753.563,0.0,0.0,0.0,0.0,0.0,1669323600
entry,1669304100,20221124,1,1758.603,1749.115,1755.416,1757.269,1753.563,1757.919,1753.562,1758.603,0.26,113.282,1669323600
timed_exit,1669330860,20221124,0,1758.603,1749.115,1755.416,1757.269,1753.563,0.0,0.0,0.0,0.0,0.0,1669323600
profile,1669386600,20221125,0,1761.157,1745.984,1753.452,1757.364,1749.303,0.0,0.0,0.0,0.0,0.0,1669409820
entry,1669386900,20221125,-1,1761.157,1745.984,1753.452,1757.364,1749.303,1748.753,1757.365,1745.984,0.13,111.956,1669409820
timed_exit,1669590300,20221127,0,1761.157,1745.984,1753.452,1757.364,1749.303,0.0,0.0,0.0,0.0,0.0,1669582800
profile,1669645800,20221128,0,1763.741,1746.018,1749.48,1757.926,1747.956,0.0,0.0,0.0,0.0,0.0,1669669200
entry,1669647300,20221128,-1,1763.741,1746.018,1749.48,1757.926,1747.956,1747.465,1757.927,1746.018,0.11,115.08200000000001,1669669200
profile,1669732200,20221129,0,1759.004,1739.672,1754.322,1757.494,1750.546,0.0,0.0,0.0,0.0,0.0,1669755600
entry,1669732500,20221129,-1,1759.004,1739.672,1754.322,1757.494,1750.546,1749.995,1757.495,1739.672,0.15,112.5,1669755600
profile,1669818600,20221130,0,1764.734,1747.78,1755.065,1760.496,1750.164,0.0,0.0,0.0,0.0,0.0,1669842000
entry,1669819500,20221130,1,1764.734,1747.78,1755.065,1760.496,1750.164,1762.408,1750.163,1764.734,0.09,110.205,1669842000
profile,1669905000,20221201,0,1799.657,1768.425,1779.893,1783.553,1773.305,0.0,0.0,0.0,0.0,0.0,1669928400
entry,1669905300,20221201,1,1799.657,1768.425,1779.893,1783.553,1773.305,1798.454,1773.304,1799.657,0.05,125.75,1669928400
profile,1669991400,20221202,0,1804.477,1778.463,1799.803,1803.664,1795.535,0.0,0.0,0.0,0.0,0.0,1670014620
entry,1669991700,20221202,-1,1804.477,1778.463,1799.803,1803.664,1795.535,1785.502,1803.665,1778.463,0.06,108.978,1670014620
timed_exit,1670014620,20221202,0,1804.477,1778.463,1799.803,1803.664,1795.535,0.0,0.0,0.0,0.0,0.0,1670014620
profile,1670250600,20221205,0,1809.911,1789.479,1794.427,1804.803,1791.714,0.0,0.0,0.0,0.0,0.0,1670274000
entry,1670250900,20221205,-1,1809.911,1789.479,1794.427,1804.803,1791.714,1790.993,1804.804,1789.479,0.08,110.488,1670274000
profile,1670337000,20221206,0,1780.872,1767.314,1772.504,1775.788,1768.797,0.0,0.0,0.0,0.0,0.0,1670360400
entry,1670337300,20221206,1,1780.872,1767.314,1772.504,1775.788,1768.797,1775.886,1768.796,1780.872,0.16,113.44,1670360400
profile,1670423400,20221207,0,1780.234,1768.721,1771.869,1775.017,1770.88,0.0,0.0,0.0,0.0,0.0,1670446800
invalid_geometry,1670423700,20221207,1,1780.234,1768.721,1771.869,1775.017,1770.88,1781.558,1770.879,1780.234,0.0,0.0,1670446800
profile,1670509800,20221208,0,1791.939,1781.409,1782.972,1786.18,1781.738,0.0,0.0,0.0,0.0,0.0,1670533200
entry,1670510100,20221208,1,1791.939,1781.409,1782.972,1786.18,1781.738,1788.624,1781.737,1791.939,0.16,110.19200000000001,1670533200
profile,1670596200,20221209,0,1805.588,1788.503,1796.912,1798.113,1791.173,0.0,0.0,0.0,0.0,0.0,1670619420
entry,1670596800,20221209,1,1805.588,1788.503,1796.912,1798.113,1791.173,1799.046,1791.172,1805.588,0.14,110.236,1670619420
profile,1670855400,20221212,0,1796.672,1785.475,1788.012,1792.298,1787.05,0.0,0.0,0.0,0.0,0.0,1670878800
entry,1670856000,20221212,-1,1796.672,1785.475,1788.012,1792.298,1787.05,1785.484,1792.299,1785.475,0.16,109.04,1670878800
profile,1670941800,20221213,0,1820.737,1780.948,1784.367,1805.194,1780.948,0.0,0.0,0.0,0.0,0.0,1670965200
entry,1670942100,20221213,1,1820.737,1780.948,1784.367,1805.194,1780.948,1818.54,1780.947,1820.737,0.03,112.779,1670965200
profile,1671028200,20221214,0,1813.232,1804.307,1808.281,1811.001,1807.793,0.0,0.0,0.0,0.0,0.0,1671051600
entry,1671028800,20221214,1,1813.232,1804.307,1808.281,1811.001,1807.793,1811.394,1807.792,1813.232,0.3,108.05999999999999,1671051600
profile,1671114600,20221215,0,1808.599,1773.569,1777.674,1792.726,1774.664,0.0,0.0,0.0,0.0,0.0,1671138000
profile,1671201000,20221216,0,1787.879,1774.309,1777.383,1783.002,1775.793,0.0,0.0,0.0,0.0,0.0,1671224220
entry,1671201300,20221216,1,1787.879,1774.309,1777.383,1783.002,1775.793,1785.426,1775.792,1787.879,0.11,105.974,1671224220
profile,1671460200,20221219,0,1798.749,1790.305,1794.065,1795.451,1791.229,0.0,0.0,0.0,0.0,0.0,1671483600
invalid_geometry,1671460800,20221219,-1,1798.749,1790.305,1794.065,1795.451,1791.229,1789.527,1795.452,1790.305,0.0,0.0,1671483600
profile,1671546600,20221220,0,1809.421,1784.6,1793.714,1803.216,1784.6,0.0,0.0,0.0,0.0,0.0,1671570000
entry,1671546900,20221220,1,1809.421,1784.6,1793.714,1803.216,1784.6,1807.483,1784.599,1809.421,0.05,114.42000000000002,1671570000
profile,1671633000,20221221,0,1819.829,1811.891,1814.186,1817.1,1813.007,0.0,0.0,0.0,0.0,0.0,1671656400
entry,1671633600,20221221,1,1819.829,1811.891,1814.186,1817.1,1813.007,1818.447,1813.006,1819.829,0.2,108.82000000000001,1671656400
profile,1671719400,20221222,0,1820.402,1802.069,1818.54,1819.829,1814.673,0.0,0.0,0.0,0.0,0.0,1671742800
invalid_geometry,1671719700,20221222,-1,1820.402,1802.069,1818.54,1819.829,1814.673,1800.353,1819.83,1802.069,0.0,0.0,1671742800
profile,1671805800,20221223,0,1800.336,1791.306,1797.444,1799.066,1794.128,0.0,0.0,0.0,0.0,0.0,1671829020
entry,1671806100,20221223,-1,1800.336,1791.306,1797.444,1799.066,1794.128,1792.096,1799.067,1791.306,0.15,104.565,1671829020
profile,1672151400,20221227,0,1811.51,1799.707,1806.992,1809.113,1803.764,0.0,0.0,0.0,0.0,0.0,1672174800
entry,1672152600,20221227,1,1811.51,1799.707,1806.992,1809.113,1803.764,1809.588,1803.763,1811.51,0.18,104.85,1672174800
profile,1672237800,20221228,0,1814.604,1799.273,1811.131,1814.604,1804.543,0.0,0.0,0.0,0.0,0.0,1672261200
entry,1672238700,20221228,-1,1814.604,1799.273,1811.131,1814.604,1804.543,1804.511,1814.605,1799.273,0.11,111.03399999999999,1672261200
profile,1672324200,20221229,0,1812.57,1803.715,1807.797,1809.111,1804.96,0.0,0.0,0.0,0.0,0.0,1672347600
invalid_geometry,1672324500,20221229,1,1812.57,1803.715,1807.797,1809.111,1804.96,1813.442,1804.959,1812.57,0.0,0.0,1672347600
profile,1672410600,20221230,0,1825.227,1813.376,1816.802,1819.302,1815.043,0.0,0.0,0.0,0.0,0.0,1672433820
entry,1672410900,20221230,1,1825.227,1813.376,1816.802,1819.302,1815.043,1822.29,1815.042,1825.227,0.15,108.71999999999998,1672433820
profile,1672756200,20230103,0,1849.959,1824.163,1838.875,1842.301,1832.224,0.0,0.0,0.0,0.0,0.0,1672779600
entry,1672756500,20230103,1,1849.959,1824.163,1838.875,1842.301,1832.224,1844.693,1832.223,1849.959,0.09,112.22999999999999,1672779600
profile,1672842600,20230104,0,1865.124,1836.222,1859.479,1865.124,1846.157,0.0,0.0,0.0,0.0,0.0,1672866000
profile,1672929000,20230105,0,1859.008,1831.266,1846.221,1855.974,1844.704,0.0,0.0,0.0,0.0,0.0,1672952400
entry,1672929300,20230105,-1,1859.008,1831.266,1846.221,1855.974,1844.704,1837.502,1855.975,1831.266,0.06,110.838,1672952400
profile,1673015400,20230106,0,1852.696,1831.302,1839.158,1840.662,1834.311,0.0,0.0,0.0,0.0,0.0,1673038620
entry,1673015700,20230106,1,1852.696,1831.302,1839.158,1840.662,1834.311,1848.412,1834.31,1852.696,0.08,112.816,1673038620
profile,1673274600,20230109,0,1880.934,1866.753,1874.841,1878.497,1872.071,0.0,0.0,0.0,0.0,0.0,1673298000
entry,1673275800,20230109,1,1880.934,1866.753,1874.841,1878.497,1872.071,1878.902,1872.07,1880.934,0.16,109.31200000000001,1673298000
profile,1673361000,20230110,0,1878.358,1867.827,1872.846,1875.561,1871.282,0.0,0.0,0.0,0.0,0.0,1673384400
invalid_geometry,1673361300,20230110,1,1878.358,1867.827,1872.846,1875.561,1871.282,1878.853,1871.281,1878.358,0.0,0.0,1673384400
profile,1673447400,20230111,0,1886.614,1872.047,1877.168,1882.972,1872.275,0.0,0.0,0.0,0.0,0.0,1673470800
entry,1673448600,20230111,-1,1886.614,1872.047,1877.168,1882.972,1872.275,1872.216,1882.973,1872.047,0.1,107.57000000000001,1673470800
profile,1673533800,20230112,0,1901.629,1873.45,1883.797,1895.025,1879.614,0.0,0.0,0.0,0.0,0.0,1673557200
entry,1673544000,20230112,1,1901.629,1873.45,1883.797,1895.025,1879.614,1895.415,1879.613,1901.629,0.07,110.61400000000002,1673557200
timed_exit,1673564460,20230112,0,1901.629,1873.45,1883.797,1895.025,1879.614,0.0,0.0,0.0,0.0,0.0,1673557200
profile,1673620200,20230113,0,1909.681,1892.32,1898.152,1901.814,1893.676,0.0,0.0,0.0,0.0,0.0,1673643420
entry,1673620500,20230113,1,1909.681,1892.32,1898.152,1901.814,1893.676,1904.625,1893.675,1909.681,0.1,109.5,1673643420
profile,1673879400,20230116,0,1928.863,1910.85,1916.62,1920.982,1913.102,0.0,0.0,0.0,0.0,0.0,1673902800
entry,1673889300,20230116,-1,1928.863,1910.85,1916.62,1920.982,1913.102,1913.096,1920.983,1910.85,0.14,110.41800000000002,1673902800
timed_exit,1673910060,20230116,0,1928.863,1910.85,1916.62,1920.982,1913.102,0.0,0.0,0.0,0.0,0.0,1673902800
profile,1673965800,20230117,0,1919.033,1904.248,1910.139,1913.258,1906.327,0.0,0.0,0.0,0.0,0.0,1673989200
entry,1673966100,20230117,1,1919.033,1904.248,1910.139,1913.258,1906.327,1914.158,1906.326,1919.033,0.14,109.64800000000001,1673989200
profile,1674052200,20230118,0,1925.567,1896.597,1908.592,1924.662,1904.292,0.0,0.0,0.0,0.0,0.0,1674075600
entry,1674052500,20230118,1,1925.567,1896.597,1908.592,1924.662,1904.292,1924.913,1904.291,1925.567,0.05,103.11,1674075600
profile,1674138600,20230119,0,1918.153,1900.987,1909.436,1912.252,1906.62,0.0,0.0,0.0,0.0,0.0,1674162000
entry,1674138900,20230119,1,1918.153,1900.987,1909.436,1912.252,1906.62,1916.687,1906.619,1918.153,0.11,110.74799999999999,1674162000
profile,1674225000,20230120,0,1937.458,1923.193,1928.877,1932.109,1926.982,0.0,0.0,0.0,0.0,0.0,1674248220
invalid_geometry,1674225300,20230120,-1,1937.458,1923.193,1928.877,1932.109,1926.982,1922.2,1932.11,1923.193,0.0,0.0,1674248220
profile,1674484200,20230123,0,1935.504,1915.368,1926.852,1929.211,1920.087,0.0,0.0,0.0,0.0,0.0,1674507600
entry,1674484500,20230123,-1,1935.504,1915.368,1926.852,1929.211,1920.087,1918.121,1929.212,1915.368,0.1,110.91,1674507600
profile,1674570600,20230124,0,1942.47,1927.567,1936.066,1940.374,1933.621,0.0,0.0,0.0,0.0,0.0,1674594000
entry,1674570900,20230124,-1,1942.47,1927.567,1936.066,1940.374,1933.621,1930.051,1940.375,1927.567,0.1,103.24000000000001,1674594000
profile,1674657000,20230125,0,1939.697,1919.841,1926.201,1931.941,1923.564,0.0,0.0,0.0,0.0,0.0,1674680400
entry,1674658200,20230125,1,1939.697,1919.841,1926.201,1931.941,1923.564,1932.448,1923.563,1939.697,0.12,106.61999999999999,1674680400
profile,1674743400,20230126,0,1949.154,1931.139,1936.065,1945.776,1934.798,0.0,0.0,0.0,0.0,0.0,1674766800
entry,1674744600,20230126,-1,1949.154,1931.139,1936.065,1945.776,1934.798,1931.85,1945.777,1931.139,0.08,111.41600000000001,1674766800
profile,1674829800,20230127,0,1935.063,1919.849,1930.903,1933.399,1924.841,0.0,0.0,0.0,0.0,0.0,1674853020
entry,1674830100,20230127,-1,1935.063,1919.849,1930.903,1933.399,1924.841,1923.218,1933.4,1919.849,0.11,112.00200000000001,1674853020
profile,1675089000,20230130,0,1934.462,1920.665,1926.162,1931.228,1924.114,0.0,0.0,0.0,0.0,0.0,1675112400
entry,1675094700,20230130,-1,1934.462,1920.665,1926.162,1931.228,1924.114,1923.987,1931.229,1920.665,0.15,108.63000000000001,1675112400
timed_exit,1675119660,20230130,0,1934.462,1920.665,1926.162,1931.228,1924.114,0.0,0.0,0.0,0.0,0.0,1675112400
profile,1675175400,20230131,0,1927.394,1900.774,1914.708,1927.394,1907.429,0.0,0.0,0.0,0.0,0.0,1675198800
invalid_geometry,1675179900,20230131,1,1927.394,1900.774,1914.708,1927.394,1907.429,1928.168,1907.428,1927.394,0.0,0.0,1675198800
profile,1675261800,20230201,0,1933.213,1923.307,1926.79,1928.415,1923.926,0.0,0.0,0.0,0.0,0.0,1675285200
entry,1675262100,20230201,1,1933.213,1923.307,1926.79,1928.415,1923.926,1932.097,1923.925,1933.213,0.13,106.236,1675285200
profile,1675348200,20230202,0,1959.677,1943.049,1952.792,1956.559,1951.883,0.0,0.0,0.0,0.0,0.0,1675371600
entry,1675348500,20230202,-1,1959.677,1943.049,1952.792,1956.559,1951.883,1943.264,1956.56,1943.049,0.08,106.368,1675371600
profile,1675434600,20230203,0,1918.552,1875.231,1915.506,1918.552,1893.507,0.0,0.0,0.0,0.0,0.0,1675457820
entry,1675434900,20230203,-1,1918.552,1875.231,1915.506,1918.552,1893.507,1882.603,1918.553,1875.231,0.03,107.85,1675457820
profile,1675693800,20230206,0,1881.333,1863.718,1872.938,1877.755,1870.324,0.0,0.0,0.0,0.0,0.0,1675717200
entry,1675696800,20230206,-1,1881.333,1863.718,1872.938,1877.755,1870.324,1869.183,1877.756,1863.718,0.12,102.87599999999999,1675717200
profile,1675780200,20230207,0,1877.981,1865.709,1874.242,1875.488,1869.544,0.0,0.0,0.0,0.0,0.0,1675803600
entry,1675782600,20230207,-1,1877.981,1865.709,1874.242,1875.488,1869.544,1868.797,1875.489,1865.709,0.16,107.072,1675803600
profile,1675866600,20230208,0,1886.38,1871.416,1876.677,1881.47,1871.416,0.0,0.0,0.0,0.0,0.0,1675890000
invalid_geometry,1675867800,20230208,-1,1886.38,1871.416,1876.677,1881.47,1871.416,1870.704,1881.471,1871.416,0.0,0.0,1675890000
profile,1675953000,20230209,0,1890.207,1872.087,1879.307,1885.111,1878.599,0.0,0.0,0.0,0.0,0.0,1675976400
entry,1675956300,20230209,-1,1890.207,1872.087,1879.307,1885.111,1878.599,1877.657,1885.112,1872.087,0.14,104.37,1675976400
profile,1676039400,20230210,0,1872.196,1852.782,1863.854,1866.736,1858.242,0.0,0.0,0.0,0.0,0.0,1676062620
entry,1676040600,20230210,1,1872.196,1852.782,1863.854,1866.736,1858.242,1867.345,1858.241,1872.196,0.12,109.24799999999999,1676062620
profile,1676298600,20230213,0,1866.57,1853.836,1861.297,1863.585,1858.014,0.0,0.0,0.0,0.0,0.0,1676322000
entry,1676298900,20230213,-1,1866.57,1853.836,1861.297,1863.585,1858.014,1854.772,1863.586,1853.836,0.12,105.76799999999999,1676322000
profile,1676385000,20230214,0,1870.479,1847.791,1858.249,1862.68,1855.236,0.0,0.0,0.0,0.0,0.0,1676408400
invalid_geometry,1676385300,20230214,-1,1870.479,1847.791,1858.249,1862.68,1855.236,1844.307,1862.681,1847.791,0.0,0.0,1676408400
profile,1676471400,20230215,0,1860.104,1831.768,1835.531,1845.936,1832.211,0.0,0.0,0.0,0.0,0.0,1676494800
invalid_geometry,1676475900,20230215,-1,1860.104,1831.768,1835.531,1845.936,1832.211,1830.831,1845.937,1831.768,0.0,0.0,1676494800
profile,1676557800,20230216,0,1844.812,1827.642,1836.898,1841.056,1834.886,0.0,0.0,0.0,0.0,0.0,1676581200
entry,1676558100,20230216,-1,1844.812,1827.642,1836.898,1841.056,1834.886,1831.236,1841.057,1827.642,0.11,108.031,1676581200
profile,1676644200,20230217,0,1836.657,1818.899,1827.084,1829.165,1822.229,0.0,0.0,0.0,0.0,0.0,1676667420
entry,1676646300,20230217,1,1836.657,1818.899,1827.084,1829.165,1822.229,1831.315,1822.228,1836.657,0.12,109.044,1676667420
profile,1676903400,20230220,0,1847.453,1837.32,1843.732,1845.87,1841.595,0.0,0.0,0.0,0.0,0.0,1676926800
entry,1676904300,20230220,1,1847.453,1837.32,1843.732,1845.87,1841.595,1846.06,1841.594,1847.453,0.23,102.718,1676926800
profile,1676989800,20230221,0,1843.714,1830.242,1834.768,1838.662,1831.084,0.0,0.0,0.0,0.0,0.0,1677013200
entry,1676990100,20230221,1,1843.714,1830.242,1834.768,1838.662,1831.084,1842.991,1831.083,1843.714,0.09,107.172,1677013200
profile,1677076200,20230222,0,1846.01,1832.108,1836.561,1839.928,1835.149,0.0,0.0,0.0,0.0,0.0,1677099600
entry,1677078300,20230222,-1,1846.01,1832.108,1836.561,1839.928,1835.149,1834.936,1839.929,1832.108,0.21,104.853,1677099600
profile,1677162600,20230223,0,1833.761,1817.331,1825.418,1829.653,1824.776,0.0,0.0,0.0,0.0,0.0,1677186000
entry,1677162900,20230223,-1,1833.761,1817.331,1825.418,1829.653,1824.776,1824.467,1829.654,1817.331,0.2,103.74000000000001,1677186000
profile,1677249000,20230224,0,1827.792,1810.832,1825.009,1827.792,1817.457,0.0,0.0,0.0,0.0,0.0,1677272220
entry,1677249300,20230224,-1,1827.792,1810.832,1825.009,1827.792,1817.457,1813.627,1827.793,1810.832,0.08,113.32799999999999,1677272220
profile,1677508200,20230227,0,1817.55,1806.356,1811.341,1813.877,1809.155,0.0,0.0,0.0,0.0,0.0,1677531600
entry,1677508500,20230227,1,1817.55,1806.356,1811.341,1813.877,1809.155,1815.542,1809.154,1817.55,0.16,102.208,1677531600
profile,1677594600,20230228,0,1819.393,1804.528,1808.825,1814.98,1807.78,0.0,0.0,0.0,0.0,0.0,1677618000
entry,1677595500,20230228,1,1819.393,1804.528,1808.825,1814.98,1807.78,1815.831,1807.779,1819.393,0.13,104.67600000000002,1677618000
profile,1677681000,20230301,0,1841.638,1823.08,1833.954,1838.448,1830.329,0.0,0.0,0.0,0.0,0.0,1677704400
entry,1677681300,20230301,1,1841.638,1823.08,1833.954,1838.448,1830.329,1840.121,1830.328,1841.638,0.11,107.723,1677704400
profile,1677767400,20230302,0,1838.507,1829.984,1832.181,1834.512,1831.316,0.0,0.0,0.0,0.0,0.0,1677790800
entry,1677767700,20230302,1,1838.507,1829.984,1832.181,1834.512,1831.316,1836.374,1831.315,1838.507,0.2,101.18,1677790800
profile,1677853800,20230303,0,1849.226,1836.071,1846.246,1849.02,1839.976,0.0,0.0,0.0,0.0,0.0,1677877020
entry,1677869700,20230303,1,1849.226,1836.071,1846.246,1849.02,1839.976,1849.204,1839.975,1849.226,0.11,101.51899999999999,1677877020
profile,1678113000,20230306,0,1858.185,1847.295,1853.165,1855.292,1850.868,0.0,0.0,0.0,0.0,0.0,1678136400
entry,1678115100,20230306,-1,1858.185,1847.295,1853.165,1855.292,1850.868,1850.627,1855.293,1847.295,0.22,102.652,1678136400
profile,1678199400,20230307,0,1851.524,1832.061,1847.419,1850.612,1842.401,0.0,0.0,0.0,0.0,0.0,1678222800
entry,1678199700,20230307,-1,1851.524,1832.061,1847.419,1850.612,1842.401,1833.001,1850.613,1832.061,0.06,105.672,1678222800
profile,1678285800,20230308,0,1816.614,1809.409,1813.743,1814.925,1812.336,0.0,0.0,0.0,0.0,0.0,1678309200
entry,1678286100,20230308,1,1816.614,1809.409,1813.743,1814.925,1812.336,1815.532,1812.335,1816.614,0.32,102.304,1678309200
profile,1678372200,20230309,0,1827.985,1811.959,1815.089,1818.219,1812.46,0.0,0.0,0.0,0.0,0.0,1678395600
invalid_geometry,1678372500,20230309,1,1827.985,1811.959,1815.089,1818.219,1812.46,1828.543,1812.459,1827.985,0.0,0.0,1678395600
profile,1678458600,20230310,0,1849.716,1827.739,1834.779,1836.667,1828.426,0.0,0.0,0.0,0.0,0.0,1678481820
invalid_geometry,1678458900,20230310,1,1849.716,1827.739,1834.779,1836.667,1828.426,1851.755,1828.425,1849.716,0.0,0.0,1678481820
profile,1678714200,20230313,0,1902.822,1871.533,1883.022,1890.6,1875.444,0.0,0.0,0.0,0.0,0.0,1678737600
entry,1678714500,20230313,1,1902.822,1871.533,1883.022,1890.6,1875.444,1901.349,1875.443,1902.822,0.04,103.624,1678737600
profile,1678800600,20230314,0,1914.15,1898.929,1908.561,1909.631,1901.783,0.0,0.0,0.0,0.0,0.0,1678824000
invalid_geometry,1678801500,20230314,-1,1914.15,1898.929,1908.561,1909.631,1901.783,1898.708,1909.632,1898.929,0.0,0.0,1678824000
profile,1678887000,20230315,0,1930.365,1885.659,1904.17,1917.093,1885.659,0.0,0.0,0.0,0.0,0.0,1678910400
entry,1678887300,20230315,1,1930.365,1885.659,1904.17,1917.093,1885.659,1920.54,1885.658,1930.365,0.03,104.64599999999999,1678910400
profile,1678973400,20230316,0,1933.48,1907.41,1919.834,1924.518,1910.669,0.0,0.0,0.0,0.0,0.0,1678996800
entry,1678973700,20230316,1,1933.48,1907.41,1919.834,1924.518,1910.669,1929.344,1910.668,1933.48,0.06,112.056,1678996800
timed_exit,1678996800,20230316,0,1933.48,1907.41,1919.834,1924.518,1910.669,0.0,0.0,0.0,0.0,0.0,1678996800
profile,1679059800,20230317,0,1951.512,1918.234,1930.973,1937.473,1921.354,0.0,0.0,0.0,0.0,0.0,1679083200
entry,1679060100,20230317,1,1951.512,1918.234,1930.973,1937.473,1921.354,1948.16,1921.353,1951.512,0.04,107.228,1679083200
profile,1679319000,20230320,0,2009.743,1968.152,1976.925,1992.847,1970.751,0.0,0.0,0.0,0.0,0.0,1679342400
entry,1679321700,20230320,-1,2009.743,1968.152,1976.925,1992.847,1970.751,1968.404,1992.848,1968.152,0.05,122.22000000000001,1679342400
profile,1679405400,20230321,0,1985.158,1958.794,1966.827,1978.567,1960.442,0.0,0.0,0.0,0.0,0.0,1679428800
entry,1679405700,20230321,-1,1985.158,1958.794,1966.827,1978.567,1960.442,1960.267,1978.568,1958.794,0.06,109.806,1679428800
profile,1679491800,20230322,0,1946.207,1934.169,1941.223,1943.198,1938.119,0.0,0.0,0.0,0.0,0.0,1679515200
entry,1679493900,20230322,1,1946.207,1934.169,1941.223,1943.198,1938.119,1943.911,1938.118,1946.207,0.18,104.27399999999999,1679515200
profile,1679578200,20230323,0,1983.656,1964.558,1976.942,1980.374,1971.72,0.0,0.0,0.0,0.0,0.0,1679601600
entry,1679579700,20230323,1,1983.656,1964.558,1976.942,1980.374,1971.72,1982.159,1971.719,1983.656,0.1,104.4,1679601600
profile,1679664600,20230324,0,2003.026,1981.258,1991.972,1998.264,1989.081,0.0,0.0,0.0,0.0,0.0,1679688000
entry,1679664900,20230324,1,2003.026,1981.258,1991.972,1998.264,1989.081,1999.465,1989.08,2003.026,0.1,103.85000000000001,1679688000
profile,1679923800,20230327,0,1978.729,1944.323,1974.697,1978.729,1955.612,0.0,0.0,0.0,0.0,0.0,1679947200
entry,1679924100,20230327,-1,1978.729,1944.323,1974.697,1978.729,1955.612,1949.914,1978.73,1944.323,0.04,115.264,1679947200
profile,1680010200,20230328,0,1967.282,1949.178,1958.654,1961.907,1953.421,0.0,0.0,0.0,0.0,0.0,1680033600
entry,1680010500,20230328,1,1967.282,1949.178,1958.654,1961.907,1953.421,1963.609,1953.42,1967.282,0.11,112.079,1680033600
profile,1680096600,20230329,0,1974.461,1958.625,1966.667,1970.255,1962.337,0.0,0.0,0.0,0.0,0.0,1680120000
entry,1680101100,20230329,1,1974.461,1958.625,1966.667,1970.255,1962.337,1971.304,1962.336,1974.461,0.12,107.61599999999999,1680120000
profile,1680183000,20230330,0,1975.328,1955.27,1969.217,1972.507,1962.165,0.0,0.0,0.0,0.0,0.0,1680206400
entry,1680188700,20230330,1,1975.328,1955.27,1969.217,1972.507,1962.165,1973.283,1962.164,1975.328,0.1,111.19000000000001,1680206400
profile,1680269400,20230331,0,1987.599,1973.209,1981.416,1982.652,1977.931,0.0,0.0,0.0,0.0,0.0,1680292800
entry,1680270000,20230331,1,1987.599,1973.209,1981.416,1982.652,1977.931,1984.048,1977.93,1987.599,0.17,104.006,1680292800
profile,1680528600,20230403,0,1979.944,1949.654,1960.303,1967.165,1951.074,0.0,0.0,0.0,0.0,0.0,1680552000
entry,1680528900,20230403,1,1979.944,1949.654,1960.303,1967.165,1951.074,1973.351,1951.073,1979.944,0.05,111.39000000000001,1680552000
profile,1680615000,20230404,0,1988.128,1976.889,1981.718,1984.44,1979.699,0.0,0.0,0.0,0.0,0.0,1680638400
invalid_geometry,1680615300,20230404,1,1988.128,1976.889,1981.718,1984.44,1979.699,1989.029,1979.698,1988.128,0.0,0.0,1680638400
profile,1680701400,20230405,0,2032.084,2019.38,2022.854,2025.534,2019.777,0.0,0.0,0.0,0.0,0.0,1680724800
entry,1680702000,20230405,1,2032.084,2019.38,2022.854,2025.534,2019.777,2026.547,2019.776,2032.084,0.15,101.565,1680724800
profile,1680787800,20230406,0,2021.422,2007.801,2011.313,2017.804,2009.504,0.0,0.0,0.0,0.0,0.0,1680811200
invalid_geometry,1680788700,20230406,-1,2021.422,2007.801,2011.313,2017.804,2009.504,2005.042,2017.805,2007.801,0.0,0.0,1680811200
profile,1681133400,20230410,0,2006.532,1986.769,2001.437,2003.444,1992.327,0.0,0.0,0.0,0.0,0.0,1681156800
entry,1681133700,20230410,-1,2006.532,1986.769,2001.437,2003.444,1992.327,1991.275,2003.445,1986.769,0.09,109.53,1681156800
profile,1681219800,20230411,0,2007.447,1988.81,2000.021,2004.826,1996.672,0.0,0.0,0.0,0.0,0.0,1681243200
entry,1681226400,20230411,1,2007.447,1988.81,2000.021,2004.826,1996.672,2006.025,1996.671,2007.447,0.11,102.89399999999999,1681243200
timed_exit,1681243200,20230411,0,2007.447,1988.81,2000.021,2004.826,1996.672,0.0,0.0,0.0,0.0,0.0,1681243200
profile,1681306200,20230412,0,2028.282,2003.033,2018.616,2023.942,2009.345,0.0,0.0,0.0,0.0,0.0,1681329600
entry,1681307100,20230412,-1,2028.282,2003.033,2018.616,2023.942,2009.345,2008.624,2023.943,2003.033,0.07,107.23300000000002,1681329600
profile,1681392600,20230413,0,2045.808,2014.05,2017.772,2027.944,2014.05,0.0,0.0,0.0,0.0,0.0,1681416000
entry,1681392900,20230413,1,2045.808,2014.05,2017.772,2027.944,2014.05,2042.353,2014.049,2045.808,0.04,113.21600000000001,1681416000
profile,1681479000,20230414,0,2047.429,2017.248,2042.949,2045.543,2032.339,0.0,0.0,0.0,0.0,0.0,1681502400
entry,1681479300,20230414,-1,2047.429,2017.248,2042.949,2045.543,2032.339,2026.647,2045.544,2017.248,0.06,113.382,1681502400
profile,1681738200,20230417,0,2015.035,1995.264,2004.377,2010.092,1998.971,0.0,0.0,0.0,0.0,0.0,1681761600
entry,1681738500,20230417,-1,2015.035,1995.264,2004.377,2010.092,1998.971,1998.118,2010.093,1995.264,0.09,107.77499999999999,1681761600
profile,1681824600,20230418,0,2005.817,1992.695,2000.179,2003.152,1995.36,0.0,0.0,0.0,0.0,0.0,1681848000
entry,1681824900,20230418,-1,2005.817,1992.695,2000.179,2003.152,1995.36,1994.45,2003.153,1992.695,0.12,104.43599999999999,1681848000
profile,1681911000,20230419,0,2008.152,1969.213,2003.589,2008.152,1978.339,0.0,0.0,0.0,0.0,0.0,1681934400
profile,1681997400,20230420,0,2011.347,1990.514,1993.606,2000.931,1991.491,0.0,0.0,0.0,0.0,0.0,1682020800
entry,1681997700,20230420,1,2011.347,1990.514,1993.606,2000.931,1991.491,2006.217,1991.49,2011.347,0.07,103.08900000000001,1682020800
profile,1682083800,20230421,0,2005.545,1981.937,1986.179,2000.75,1982.675,0.0,0.0,0.0,0.0,0.0,1682107200
invalid_geometry,1682085000,20230421,-1,2005.545,1981.937,1986.179,2000.75,1982.675,1979.282,2000.751,1981.937,0.0,0.0,1682107200
profile,1682343000,20230424,0,1986.919,1976.43,1983.559,1985.116,1980.691,0.0,0.0,0.0,0.0,0.0,1682366400
entry,1682343600,20230424,-1,1986.919,1976.43,1983.559,1985.116,1980.691,1976.693,1985.117,1976.43,0.12,101.088,1682366400
profile,1682429400,20230425,0,2000.87,1976.105,1994.872,1997.387,1987.327,0.0,0.0,0.0,0.0,0.0,1682452800
entry,1682430000,20230425,-1,2000.87,1976.105,1994.872,1997.387,1987.327,1987.017,1997.388,1976.105,0.1,103.71,1682452800
profile,1682515800,20230426,0,2009.36,1991.312,1997.939,2000.054,1995.824,0.0,0.0,0.0,0.0,0.0,1682539200
entry,1682516100,20230426,1,2009.36,1991.312,1997.939,2000.054,1995.824,2006.062,1995.823,2009.36,0.1,102.39,1682539200
profile,1682602200,20230427,0,2003.4,1979.318,1999.073,2003.024,1990.983,0.0,0.0,0.0,0.0,0.0,1682625600
entry,1682602500,20230427,-1,2003.4,1979.318,1999.073,2003.024,1990.983,1981.691,2003.025,1979.318,0.05,106.67000000000002,1682625600
profile,1682688600,20230428,0,1991.471,1976.178,1983.227,1987.409,1980.479,0.0,0.0,0.0,0.0,0.0,1682712000
entry,1682688900,20230428,1,1991.471,1976.178,1983.227,1987.409,1980.479,1988.933,1980.478,1991.471,0.12,101.46,1682712000
profile,1682947800,20230501,0,2005.971,1977.092,1981.83,1989.275,1978.446,0.0,0.0,0.0,0.0,0.0,1682971200
entry,1682948100,20230501,1,2005.971,1977.092,1981.83,1989.275,1978.446,2000.278,1978.445,2005.971,0.05,109.16500000000002,1682971200
timed_exit,1682971200,20230501,0,2005.971,1977.092,1981.83,1989.275,1978.446,0.0,0.0,0.0,0.0,0.0,1682971200
profile,1683034200,20230502,0,1990.187,1978.493,1982.056,1985.802,1980.868,0.0,0.0,0.0,0.0,0.0,1683057600
entry,1683034500,20230502,1,1990.187,1978.493,1982.056,1985.802,1980.868,1987.176,1980.867,1990.187,0.16,100.944,1683057600
profile,1683120600,20230503,0,2019.472,2007.749,2016.266,2017.823,2014.71,0.0,0.0,0.0,0.0,0.0,1683144000
entry,1683120900,20230503,1,2019.472,2007.749,2016.266,2017.823,2014.71,2018.272,2014.709,2019.472,0.28,99.76400000000001,1683144000
profile,1683207000,20230504,0,2080.004,2030.364,2037.732,2048.979,2031.14,0.0,0.0,0.0,0.0,0.0,1683230400
entry,1683210300,20230504,1,2080.004,2030.364,2037.732,2048.979,2031.14,2052.399,2031.139,2080.004,0.05,106.30000000000001,1683230400
timed_exit,1683230400,20230504,0,2080.004,2030.364,2037.732,2048.979,2031.14,0.0,0.0,0.0,0.0,0.0,1683230400
profile,1683293400,20230505,0,2052.994,2004.309,2048.81,2052.994,2026.369,0.0,0.0,0.0,0.0,0.0,1683316800
entry,1683293700,20230505,-1,2052.994,2004.309,2048.81,2052.994,2026.369,2007.275,2052.995,2004.309,0.03,137.16,1683316800
profile,1683552600,20230508,0,2026.96,2014.212,2021.881,2024.968,2019.789,0.0,0.0,0.0,0.0,0.0,1683576000
entry,1683553200,20230508,-1,2026.96,2014.212,2021.881,2024.968,2019.789,2018.748,2024.969,2014.212,0.16,99.536,1683576000
profile,1683639000,20230509,0,2032.806,2019.52,2022.738,2027.824,2020.558,0.0,0.0,0.0,0.0,0.0,1683662400
entry,1683640200,20230509,1,2032.806,2019.52,2022.738,2027.824,2020.558,2028.858,2020.557,2032.806,0.12,99.612,1683662400
profile,1683725400,20230510,0,2048.183,2025.01,2031.346,2036.959,2026.458,0.0,0.0,0.0,0.0,0.0,1683748800
entry,1683726600,20230510,1,2048.183,2025.01,2031.346,2036.959,2026.458,2038.959,2026.457,2048.183,0.08,100.016,1683748800
profile,1683811800,20230511,0,2040.968,2021.643,2032.06,2038.854,2028.89,0.0,0.0,0.0,0.0,0.0,1683835200
entry,1683812400,20230511,-1,2040.968,2021.643,2032.06,2038.854,2028.89,2027.539,2038.855,2021.643,0.09,101.844,1683835200
profile,1683898200,20230512,0,2020.077,2000.933,2009.757,2012.3,2003.326,0.0,0.0,0.0,0.0,0.0,1683921600
entry,1683898500,20230512,1,2020.077,2000.933,2009.757,2012.3,2003.326,2019.439,2003.325,2020.077,0.07,112.79800000000002,1683921600
profile,1684157400,20230515,0,2020.877,2008.675,2016.015,2018.017,2013.251,0.0,0.0,0.0,0.0,0.0,1684180800
entry,1684158600,20230515,1,2020.877,2008.675,2016.015,2018.017,2013.251,2019.879,2013.25,2020.877,0.15,99.43499999999999,1684180800
profile,1684243800,20230516,0,2018.317,2001.237,2009.377,2014.314,2002.571,0.0,0.0,0.0,0.0,0.0,1684267200
entry,1684248900,20230516,-1,2018.317,2001.237,2009.377,2014.314,2002.571,2002.188,2014.315,2001.237,0.09,109.143,1684267200
profile,1684330200,20230517,0,1993.015,1981.842,1992.229,1993.015,1986.73,0.0,0.0,0.0,0.0,0.0,1684353600
entry,1684330500,20230517,-1,1993.015,1981.842,1992.229,1993.015,1986.73,1983.136,1993.016,1981.842,0.1,98.80000000000001,1684353600
profile,1684416600,20230518,0,1986.01,1959.646,1977.153,1984.362,1972.416,0.0,0.0,0.0,0.0,0.0,1684440000
invalid_geometry,1684416900,20230518,-1,1986.01,1959.646,1977.153,1984.362,1972.416,1958.397,1984.363,1959.646,0.0,0.0,1684440000
profile,1684503000,20230519,0,1968.75,1954.041,1962.889,1967.141,1961.166,0.0,0.0,0.0,0.0,0.0,1684526400
entry,1684503300,20230519,-1,1968.75,1954.041,1962.889,1967.141,1961.166,1959.782,1967.142,1954.041,0.14,103.04,1684526400
profile,1684762200,20230522,0,1982.567,1969.812,1975.492,1980.375,1974.197,0.0,0.0,0.0,0.0,0.0,1684785600
entry,1684762500,20230522,-1,1982.567,1969.812,1975.492,1980.375,1974.197,1974.092,1980.376,1969.812,0.16,100.544,1684785600
profile,1684848600,20230523,0,1972.633,1954.269,1961.012,1964.025,1956.851,0.0,0.0,0.0,0.0,0.0,1684872000
entry,1684848900,20230523,1,1972.633,1954.269,1961.012,1964.025,1956.851,1967.178,1956.85,1972.633,0.1,103.28,1684872000
profile,1684935000,20230524,0,1985.198,1970.702,1974.213,1978.403,1972.967,0.0,0.0,0.0,0.0,0.0,1684958400
entry,1684936800,20230524,-1,1985.198,1970.702,1974.213,1978.403,1972.967,1972.578,1978.404,1970.702,0.17,99.04200000000002,1684958400
profile,1685021400,20230525,0,1964.749,1939.267,1957.383,1962.758,1955.591,0.0,0.0,0.0,0.0,0.0,1685044800
entry,1685021700,20230525,-1,1964.749,1939.267,1957.383,1962.758,1955.591,1948.434,1962.759,1939.267,0.07,100.275,1685044800
profile,1685107800,20230526,0,1957.257,1936.651,1953.232,1954.037,1945.666,0.0,0.0,0.0,0.0,0.0,1685131200
entry,1685111700,20230526,-1,1957.257,1936.651,1953.232,1954.037,1945.666,1944.547,1954.038,1936.651,0.11,104.401,1685131200
timed_exit,1685131200,20230526,0,1957.257,1936.651,1953.232,1954.037,1945.666,0.0,0.0,0.0,0.0,0.0,1685131200
profile,1685367000,20230529,0,1949.755,1940.308,1945.401,1946.655,1943.113,0.0,0.0,0.0,0.0,0.0,1685390400
entry,1685367300,20230529,1,1949.755,1940.308,1945.401,1946.655,1943.113,1947.724,1943.112,1949.755,0.22,101.464,1685390400
profile,1685453400,20230530,0,1962.291,1932.08,1943.173,1951.434,1932.08,0.0,0.0,0.0,0.0,0.0,1685476800
entry,1685453700,20230530,1,1962.291,1932.08,1943.173,1951.434,1932.08,1955.359,1932.079,1962.291,0.05,116.4,1685476800
profile,1685539800,20230531,0,1965.261,1953.662,1959.19,1960.549,1955.112,0.0,0.0,0.0,0.0,0.0,1685563200
entry,1685540100,20230531,1,1965.261,1953.662,1959.19,1960.549,1955.112,1965.028,1955.111,1965.261,0.1,99.17000000000002,1685563200
profile,1685626200,20230601,0,1971.14,1953.375,1964.062,1968.087,1961.425,0.0,0.0,0.0,0.0,0.0,1685649600
invalid_geometry,1685626500,20230601,1,1971.14,1953.375,1964.062,1968.087,1961.425,1972.394,1961.424,1971.14,0.0,0.0,1685649600
profile,1685712600,20230602,0,1983.37,1968.579,1978.863,1981.29,1975.743,0.0,0.0,0.0,0.0,0.0,1685736000
entry,1685712900,20230602,-1,1983.37,1968.579,1978.863,1981.29,1975.743,1974.744,1981.291,1968.579,0.15,98.205,1685736000
profile,1685971800,20230605,0,1950.133,1938.085,1945.521,1947.121,1941.097,0.0,0.0,0.0,0.0,0.0,1685995200
entry,1685973000,20230605,1,1950.133,1938.085,1945.521,1947.121,1941.097,1947.982,1941.096,1950.133,0.15,103.29,1685995200
profile,1686058200,20230606,0,1966.414,1956.883,1960.085,1962.989,1958.67,0.0,0.0,0.0,0.0,0.0,1686081600
entry,1686059400,20230606,-1,1966.414,1956.883,1960.085,1962.989,1958.67,1957.167,1962.99,1956.883,0.18,104.814,1686081600
profile,1686144600,20230607,0,1966.761,1954.828,1963.871,1966.761,1959.862,0.0,0.0,0.0,0.0,0.0,1686168000
invalid_geometry,1686146100,20230607,1,1966.761,1954.828,1963.871,1966.761,1959.862,1968.922,1959.861,1966.761,0.0,0.0,1686168000
profile,1686231000,20230608,0,1960.779,1939.886,1945.925,1948.374,1944.456,0.0,0.0,0.0,0.0,0.0,1686254400
invalid_geometry,1686231300,20230608,1,1960.779,1939.886,1945.925,1948.374,1944.456,1963.172,1944.455,1960.779,0.0,0.0,1686254400
profile,1686317400,20230609,0,1972.906,1960.691,1964.794,1965.653,1962.79,0.0,0.0,0.0,0.0,0.0,1686340800
invalid_geometry,1686318000,20230609,-1,1972.906,1960.691,1964.794,1965.653,1962.79,1960.036,1965.654,1960.691,0.0,0.0,1686340800
profile,1686576600,20230612,0,1966.964,1954.264,1959.126,1963.392,1954.859,0.0,0.0,0.0,0.0,0.0,1686600000
invalid_geometry,1686577800,20230612,-1,1966.964,1954.264,1959.126,1963.392,1954.859,1952.554,1963.393,1954.264,0.0,0.0,1686600000
profile,1686663000,20230613,0,1970.832,1948.081,1962.123,1965.855,1959.457,0.0,0.0,0.0,0.0,0.0,1686686400
entry,1686663600,20230613,-1,1970.832,1948.081,1962.123,1965.855,1959.457,1958.61,1965.856,1948.081,0.14,101.44400000000002,1686686400
profile,1686749400,20230614,0,1960.17,1942.231,1946.295,1950.92,1944.754,0.0,0.0,0.0,0.0,0.0,1686772800
entry,1686749700,20230614,1,1960.17,1942.231,1946.295,1950.92,1944.754,1958.276,1944.753,1960.17,0.08,108.184,1686772800
profile,1686835800,20230615,0,1945.274,1924.913,1934.616,1936.684,1930.003,0.0,0.0,0.0,0.0,0.0,1686859200
entry,1686836100,20230615,1,1945.274,1924.913,1934.616,1936.684,1930.003,1942.915,1930.002,1945.274,0.08,103.304,1686859200
profile,1686922200,20230616,0,1967.885,1954.666,1958.074,1963.754,1955.286,0.0,0.0,0.0,0.0,0.0,1686945600
entry,1686924300,20230616,1,1967.885,1954.666,1958.074,1963.754,1955.286,1963.995,1955.285,1967.885,0.12,104.52,1686945600
profile,1687181400,20230619,0,1958.749,1947.771,1956.948,1958.406,1953.26,0.0,0.0,0.0,0.0,0.0,1687204800
entry,1687181700,20230619,-1,1958.749,1947.771,1956.948,1958.406,1953.26,1952.915,1958.407,1947.771,0.19,104.34800000000001,1687204800
timed_exit,1687212060,20230619,0,1958.749,1947.771,1956.948,1958.406,1953.26,0.0,0.0,0.0,0.0,0.0,1687204800
profile,1687267800,20230620,0,1956.764,1936.882,1952.57,1953.968,1948.687,0.0,0.0,0.0,0.0,0.0,1687291200
entry,1687268100,20230620,-1,1956.764,1936.882,1952.57,1953.968,1948.687,1938.384,1953.969,1936.882,0.07,109.09500000000001,1687291200
profile,1687354200,20230621,0,1939.482,1925.569,1934.591,1937.96,1933.395,0.0,0.0,0.0,0.0,0.0,1687377600
entry,1687354500,20230621,-1,1939.482,1925.569,1934.591,1937.96,1933.395,1928.776,1937.961,1925.569,0.11,101.035,1687377600
profile,1687440600,20230622,0,1934.899,1918.952,1928.794,1932.656,1924.434,0.0,0.0,0.0,0.0,0.0,1687464000
entry,1687440900,20230622,-1,1934.899,1918.952,1928.794,1932.656,1924.434,1922.067,1932.657,1918.952,0.1,105.9,1687464000
profile,1687527000,20230623,0,1934.306,1910.129,1917.495,1919.951,1912.396,0.0,0.0,0.0,0.0,0.0,1687550400
entry,1687527300,20230623,1,1934.306,1910.129,1917.495,1919.951,1912.396,1934.184,1912.395,1934.306,0.05,108.94500000000001,1687550400
profile,1687786200,20230626,0,1933.317,1922.163,1931.836,1933.143,1925.474,0.0,0.0,0.0,0.0,0.0,1687809600
entry,1687787100,20230626,-1,1933.317,1922.163,1931.836,1933.143,1925.474,1924.839,1933.144,1922.163,0.13,107.965,1687809600
profile,1687872600,20230627,0,1930.409,1919.57,1928.8,1929.562,1924.312,0.0,0.0,0.0,0.0,0.0,1687896000
entry,1687874100,20230627,-1,1930.409,1919.57,1928.8,1929.562,1924.312,1924.208,1929.563,1919.57,0.19,101.745,1687896000
profile,1687959000,20230628,0,1917.212,1904.247,1915.49,1917.212,1908.299,0.0,0.0,0.0,0.0,0.0,1687982400
entry,1687959600,20230628,-1,1917.212,1904.247,1915.49,1917.212,1908.299,1907.853,1917.213,1904.247,0.11,102.96,1687982400
profile,1688045400,20230629,0,1912.816,1893.141,1905.284,1910.357,1902.671,0.0,0.0,0.0,0.0,0.0,1688068800
entry,1688045700,20230629,-1,1912.816,1893.141,1905.284,1910.357,1902.671,1896.29,1910.358,1893.141,0.08,112.544,1688068800
profile,1688131800,20230630,0,1914.448,1900.539,1908.689,1909.667,1904.668,0.0,0.0,0.0,0.0,0.0,1688155200
entry,1688132100,20230630,1,1914.448,1900.539,1908.689,1909.667,1904.668,1911.462,1904.667,1914.448,0.15,101.925,1688155200
profile,1688391000,20230703,0,1925.13,1910.041,1913.224,1918.529,1911.456,0.0,0.0,0.0,0.0,0.0,1688414400
entry,1688391300,20230703,1,1925.13,1910.041,1913.224,1918.529,1911.456,1924.56,1911.455,1925.13,0.08,104.84,1688414400
profile,1688477400,20230704,0,1930.683,1919.74,1921.535,1927.776,1919.911,0.0,0.0,0.0,0.0,0.0,1688500800
entry,1688477700,20230704,1,1930.683,1919.74,1921.535,1927.776,1919.911,1928.931,1919.91,1930.683,0.12,108.252,1688500800
timed_exit,1688508060,20230704,0,1930.683,1919.74,1921.535,1927.776,1919.911,0.0,0.0,0.0,0.0,0.0,1688500800
profile,1688563800,20230705,0,1934.88,1920.847,1926.219,1929.398,1924.575,0.0,0.0,0.0,0.0,0.0,1688587200
entry,1688565000,20230705,-1,1934.88,1920.847,1926.219,1929.398,1924.575,1923.053,1929.399,1920.847,0.16,101.536,1688587200
profile,1688650200,20230706,0,1927.586,1902.643,1918.427,1926.807,1915.504,0.0,0.0,0.0,0.0,0.0,1688673600
entry,1688650500,20230706,-1,1927.586,1902.643,1918.427,1926.807,1915.504,1911.183,1926.808,1902.643,0.07,109.37500000000001,1688673600
timed_exit,1688673600,20230706,0,1927.586,1902.643,1918.427,1926.807,1915.504,0.0,0.0,0.0,0.0,0.0,1688673600
profile,1688736600,20230707,0,1928.054,1909.605,1910.614,1917.1,1909.893,0.0,0.0,0.0,0.0,0.0,1688760000
entry,1688736900,20230707,1,1928.054,1909.605,1910.614,1917.1,1909.893,1925.272,1909.892,1928.054,0.07,107.66000000000001,1688760000
profile,1688995800,20230710,0,1928.178,1912.457,1924.616,1927.441,1922.774,0.0,0.0,0.0,0.0,0.0,1689019200
entry,1688996100,20230710,-1,1928.178,1912.457,1924.616,1927.441,1922.774,1921.186,1927.442,1912.457,0.17,106.35200000000002,1689019200
timed_exit,1689019200,20230710,0,1928.178,1912.457,1924.616,1927.441,1922.774,0.0,0.0,0.0,0.0,0.0,1689019200
profile,1689082200,20230711,0,1938.442,1924.399,1926.922,1935.151,1924.399,0.0,0.0,0.0,0.0,0.0,1689105600
profile,1689168600,20230712,0,1951.394,1932.226,1934.472,1940.013,1932.226,0.0,0.0,0.0,0.0,0.0,1689192000
invalid_geometry,1689168900,20230712,1,1951.394,1932.226,1934.472,1940.013,1932.226,1951.998,1932.225,1951.394,0.0,0.0,1689192000
profile,1689255000,20230713,0,1963.418,1952.369,1960.052,1962.037,1957.548,0.0,0.0,0.0,0.0,0.0,1689278400
entry,1689263700,20230713,-1,1963.418,1952.369,1960.052,1962.037,1957.548,1955.363,1962.038,1952.369,0.16,106.8,1689278400
timed_exit,1689278400,20230713,0,1963.418,1952.369,1960.052,1962.037,1957.548,0.0,0.0,0.0,0.0,0.0,1689278400
profile,1689341400,20230714,0,1963.709,1954.306,1956.436,1960.624,1955.188,0.0,0.0,0.0,0.0,0.0,1689364800
invalid_geometry,1689343500,20230714,-1,1963.709,1954.306,1956.436,1960.624,1955.188,1953.494,1960.625,1954.306,0.0,0.0,1689364800
profile,1689600600,20230717,0,1959.838,1947.451,1954.128,1955.967,1950.935,0.0,0.0,0.0,0.0,0.0,1689624000
entry,1689600900,20230717,-1,1959.838,1947.451,1954.128,1955.967,1950.935,1947.93,1955.968,1947.451,0.13,104.494,1689624000
profile,1689687000,20230718,0,1972.055,1954.626,1963.204,1964.43,1955.988,0.0,0.0,0.0,0.0,0.0,1689710400
entry,1689687600,20230718,1,1972.055,1954.626,1963.204,1964.43,1955.988,1969.505,1955.987,1972.055,0.08,108.144,1689710400
profile,1689773400,20230719,0,1980.897,1971.556,1977.905,1979.146,1975.643,0.0,0.0,0.0,0.0,0.0,1689796800
entry,1689776100,20230719,-1,1980.897,1971.556,1977.905,1979.146,1975.643,1974.036,1979.147,1971.556,0.2,102.22000000000001,1689796800
profile,1689859800,20230720,0,1987.458,1972.363,1981.679,1984.392,1977.08,0.0,0.0,0.0,0.0,0.0,1689883200
entry,1689860100,20230720,-1,1987.458,1972.363,1981.679,1984.392,1977.08,1976.506,1984.393,1972.363,0.13,102.531,1689883200
profile,1689946200,20230721,0,1973.773,1958.292,1963.493,1970.87,1961.195,0.0,0.0,0.0,0.0,0.0,1689969600
entry,1689947400,20230721,-1,1973.773,1958.292,1963.493,1970.87,1961.195,1960.607,1970.871,1958.292,0.1,102.64000000000001,1689969600
profile,1690205400,20230724,0,1967.843,1957.877,1961.225,1964.884,1959.278,0.0,0.0,0.0,0.0,0.0,1690228800
entry,1690208700,20230724,-1,1967.843,1957.877,1961.225,1964.884,1959.278,1959.229,1964.885,1957.877,0.18,101.808,1690228800
profile,1690291800,20230725,0,1964.135,1953.168,1962.507,1963.621,1958.652,0.0,0.0,0.0,0.0,0.0,1690315200
entry,1690292700,20230725,-1,1964.135,1953.168,1962.507,1963.621,1958.652,1958.299,1963.622,1953.168,0.2,106.46,1690315200
profile,1690378200,20230726,0,1974.187,1962.037,1971.624,1974.187,1964.695,0.0,0.0,0.0,0.0,0.0,1690401600
invalid_geometry,1690396800,20230726,1,1974.187,1962.037,1971.624,1974.187,1964.695,1976.667,1964.694,1974.187,0.0,0.0,1690401600
profile,1690464600,20230727,0,1982.171,1955.276,1976.078,1980.91,1972.506,0.0,0.0,0.0,0.0,0.0,1690488000
invalid_geometry,1690464900,20230727,-1,1982.171,1955.276,1976.078,1980.91,1972.506,1953.98,1980.911,1955.276,0.0,0.0,1690488000
profile,1690551000,20230728,0,1961.119,1945.485,1951.714,1955.012,1948.172,0.0,0.0,0.0,0.0,0.0,1690574400
entry,1690551900,20230728,1,1961.119,1945.485,1951.714,1955.012,1948.172,1956.111,1948.171,1961.119,0.13,103.22,1690574400
profile,1690810200,20230731,0,1967.006,1950.774,1956.734,1959.651,1954.071,0.0,0.0,0.0,0.0,0.0,1690833600
invalid_geometry,1690810500,20230731,1,1967.006,1950.774,1956.734,1959.651,1954.071,1968.46,1954.07,1967.006,0.0,0.0,1690833600
profile,1690896600,20230801,0,1965.982,1944.358,1956.69,1963.279,1952.805,0.0,0.0,0.0,0.0,0.0,1690920000
entry,1690896900,20230801,-1,1965.982,1944.358,1956.69,1963.279,1952.805,1945.652,1963.28,1944.358,0.06,105.76799999999999,1690920000
profile,1690983000,20230802,0,1954.789,1943.552,1949.434,1951.629,1947.766,0.0,0.0,0.0,0.0,0.0,1691006400
entry,1690983300,20230802,-1,1954.789,1943.552,1949.434,1951.629,1947.766,1945.829,1951.63,1943.552,0.18,104.418,1691006400
profile,1691069400,20230803,0,1938.86,1929.534,1935.873,1937.986,1934.051,0.0,0.0,0.0,0.0,0.0,1691092800
entry,1691070600,20230803,-1,1938.86,1929.534,1935.873,1937.986,1934.051,1933.234,1937.987,1929.534,0.22,104.566,1691092800
profile,1691155800,20230804,0,1944.661,1925.401,1933.075,1936.837,1931.721,0.0,0.0,0.0,0.0,0.0,1691179200
entry,1691156100,20230804,1,1944.661,1925.401,1933.075,1936.837,1931.721,1943.094,1931.72,1944.661,0.1,113.74000000000001,1691179200
profile,1691415000,20230807,0,1946.685,1933.397,1937.03,1940.664,1933.605,0.0,0.0,0.0,0.0,0.0,1691438400
invalid_geometry,1691417100,20230807,-1,1946.685,1933.397,1937.03,1940.664,1933.605,1931.818,1940.665,1933.397,0.0,0.0,1691438400
profile,1691501400,20230808,0,1938.069,1923.76,1933.262,1936.951,1931.138,0.0,0.0,0.0,0.0,0.0,1691524800
entry,1691501700,20230808,-1,1938.069,1923.76,1933.262,1936.951,1931.138,1925.366,1936.952,1923.76,0.09,104.27399999999999,1691524800
profile,1691587800,20230809,0,1932.242,1922.122,1930.107,1932.084,1925.601,0.0,0.0,0.0,0.0,0.0,1691611200
entry,1691588100,20230809,-1,1932.242,1922.122,1930.107,1932.084,1925.601,1923.905,1932.085,1922.122,0.13,106.34,1691611200
profile,1691674200,20230810,0,1930.061,1914.661,1918.391,1922.361,1915.624,0.0,0.0,0.0,0.0,0.0,1691697600
entry,1691674800,20230810,1,1930.061,1914.661,1918.391,1922.361,1915.624,1923.032,1915.623,1930.061,0.14,103.72600000000001,1691697600
profile,1691760600,20230811,0,1920.92,1910.693,1917.804,1919.322,1914.688,0.0,0.0,0.0,0.0,0.0,1691784000
entry,1691765400,20230811,1,1920.92,1910.693,1917.804,1919.322,1914.688,1919.909,1914.687,1920.92,0.2,104.44000000000001,1691784000
profile,1692019800,20230814,0,1916.194,1905.444,1912.247,1915.186,1911.323,0.0,0.0,0.0,0.0,0.0,1692043200
entry,1692020100,20230814,-1,1916.194,1905.444,1912.247,1915.186,1911.323,1905.528,1915.187,1905.444,0.11,106.249,1692043200
profile,1692106200,20230815,0,1908.077,1896.32,1904.678,1906.975,1903.484,0.0,0.0,0.0,0.0,0.0,1692129600
entry,1692106500,20230815,-1,1908.077,1896.32,1904.678,1906.975,1903.484,1900.588,1906.976,1896.32,0.16,102.208,1692129600
profile,1692192600,20230816,0,1907.183,1899.346,1905.04,1906.571,1902.53,0.0,0.0,0.0,0.0,0.0,1692216000
entry,1692200700,20230816,-1,1907.183,1899.346,1905.04,1906.571,1902.53,1902.111,1906.572,1899.346,0.23,102.60300000000001,1692216000
profile,1692279000,20230817,0,1903.45,1889.437,1892.831,1897.976,1891.408,0.0,0.0,0.0,0.0,0.0,1692302400
entry,1692279300,20230817,1,1903.45,1889.437,1892.831,1897.976,1891.408,1898.803,1891.407,1903.45,0.14,103.54400000000001,1692302400
profile,1692365400,20230818,0,1895.536,1888.537,1893.185,1894.114,1891.38,0.0,0.0,0.0,0.0,0.0,1692388800
entry,1692366300,20230818,1,1895.536,1888.537,1893.185,1894.114,1891.38,1895.011,1891.379,1895.536,0.28,101.69600000000001,1692388800
profile,1692624600,20230821,0,1898.725,1884.659,1889.165,1893.011,1887.296,0.0,0.0,0.0,0.0,0.0,1692648000
entry,1692624900,20230821,1,1898.725,1884.659,1889.165,1893.011,1887.296,1895.657,1887.295,1898.725,0.12,100.34400000000001,1692648000
profile,1692711000,20230822,0,1904.448,1893.684,1895.955,1900.243,1893.852,0.0,0.0,0.0,0.0,0.0,1692734400
entry,1692711600,20230822,-1,1904.448,1893.684,1895.955,1900.243,1893.852,1893.737,1900.244,1893.684,0.16,104.11200000000001,1692734400
profile,1692797400,20230823,0,1911.382,1897.371,1903.829,1905.033,1900.874,0.0,0.0,0.0,0.0,0.0,1692820800
invalid_geometry,1692797700,20230823,1,1911.382,1897.371,1903.829,1905.033,1900.874,1911.786,1900.873,1911.382,0.0,0.0,1692820800
profile,1692883800,20230824,0,1922.828,1911.791,1921.19,1921.966,1917.999,0.0,0.0,0.0,0.0,0.0,1692907200
entry,1692884100,20230824,-1,1922.828,1911.791,1921.19,1921.966,1917.999,1913.926,1921.967,1911.791,0.13,104.533,1692907200
profile,1692970200,20230825,0,1920.271,1912.808,1913.916,1916.889,1913.508,0.0,0.0,0.0,0.0,0.0,1692993600
entry,1692971100,20230825,-1,1920.271,1912.808,1913.916,1916.889,1913.508,1913.428,1916.89,1912.808,0.29,100.398,1692993600
profile,1693229400,20230828,0,1917.912,1913.377,1915.467,1916.211,1914.298,0.0,0.0,0.0,0.0,0.0,1693252800
invalid_geometry,1693229700,20230828,-1,1917.912,1913.377,1915.467,1916.211,1914.298,1913.093,1916.212,1913.377,0.0,0.0,1693252800
profile,1693315800,20230829,0,1925.8,1914.445,1923.227,1925.623,1921.187,0.0,0.0,0.0,0.0,0.0,1693339200
entry,1693316100,20230829,-1,1925.8,1914.445,1923.227,1925.623,1921.187,1917.858,1925.624,1914.445,0.13,100.95800000000001,1693339200
profile,1693402200,20230830,0,1946.085,1934.977,1936.452,1938.275,1935.324,0.0,0.0,0.0,0.0,0.0,1693425600
invalid_geometry,1693402500,20230830,1,1946.085,1934.977,1936.452,1938.275,1935.324,1946.426,1935.323,1946.085,0.0,0.0,1693425600
profile,1693488600,20230831,0,1947.795,1942.228,1944.62,1945.881,1943.968,0.0,0.0,0.0,0.0,0.0,1693512000
entry,1693488900,20230831,-1,1947.795,1942.228,1944.62,1945.881,1943.968,1943.437,1945.882,1942.228,0.4,97.80000000000001,1693512000
profile,1693575000,20230901,0,1952.876,1938.229,1942.692,1946.239,1938.916,0.0,0.0,0.0,0.0,0.0,1693598400
entry,1693575300,20230901,1,1952.876,1938.229,1942.692,1946.239,1938.916,1950.257,1938.915,1952.876,0.09,102.078,1693598400
profile,1693834200,20230904,0,1946.27,1938.075,1945.054,1946.142,1941.148,0.0,0.0,0.0,0.0,0.0,1693857600
entry,1693834500,20230904,-1,1946.27,1938.075,1945.054,1946.142,1941.148,1938.214,1946.143,1938.075,0.12,95.148,1693857600
profile,1693920600,20230905,0,1938.965,1927.937,1937.328,1938.965,1931.9,0.0,0.0,0.0,0.0,0.0,1693944000
entry,1693921500,20230905,-1,1938.965,1927.937,1937.328,1938.965,1931.9,1931.754,1938.966,1927.937,0.14,100.96800000000002,1693944000
profile,1694007000,20230906,0,1928.466,1921.149,1926.237,1927.437,1924.465,0.0,0.0,0.0,0.0,0.0,1694030400
entry,1694007300,20230906,-1,1928.466,1921.149,1926.237,1927.437,1924.465,1923.329,1927.438,1921.149,0.24,98.61599999999999,1694030400
profile,1694093400,20230907,0,1923.559,1916.201,1917.868,1920.685,1917.351,0.0,0.0,0.0,0.0,0.0,1694116800
entry,1694094300,20230907,1,1923.559,1916.201,1917.868,1920.685,1917.351,1921.453,1917.35,1923.559,0.24,98.472,1694116800
profile,1694179800,20230908,0,1927.273,1919.353,1925.107,1926.036,1923.189,0.0,0.0,0.0,0.0,0.0,1694203200
entry,1694180700,20230908,-1,1927.273,1919.353,1925.107,1926.036,1923.189,1922.253,1926.037,1919.353,0.25,94.6,1694203200
profile,1694439000,20230911,0,1930.583,1916.614,1926.109,1929.71,1923.162,0.0,0.0,0.0,0.0,0.0,1694462400
entry,1694442900,20230911,-1,1930.583,1916.614,1926.109,1929.71,1923.162,1922.059,1929.711,1916.614,0.13,99.47600000000001,1694462400
timed_exit,1694462400,20230911,0,1930.583,1916.614,1926.109,1929.71,1923.162,0.0,0.0,0.0,0.0,0.0,1694462400
profile,1694525400,20230912,0,1924.484,1907.464,1921.426,1924.484,1916.506,0.0,0.0,0.0,0.0,0.0,1694548800
entry,1694525700,20230912,-1,1924.484,1907.464,1921.426,1924.484,1916.506,1910.431,1924.485,1907.464,0.07,98.37800000000001,1694548800
timed_exit,1694548800,20230912,0,1924.484,1907.464,1921.426,1924.484,1916.506,0.0,0.0,0.0,0.0,0.0,1694548800
profile,1694611800,20230913,0,1914.542,1905.54,1910.252,1912.151,1908.916,0.0,0.0,0.0,0.0,0.0,1694635200
invalid_geometry,1694612100,20230913,1,1914.542,1905.54,1910.252,1912.151,1908.916,1914.724,1908.915,1914.542,0.0,0.0,1694635200
profile,1694698200,20230914,0,1912.893,1901.182,1909.508,1910.148,1905.574,0.0,0.0,0.0,0.0,0.0,1694721600
entry,1694698500,20230914,-1,1912.893,1901.182,1909.508,1910.148,1905.574,1903.644,1910.149,1901.182,0.15,97.575,1694721600
profile,1694784600,20230915,0,1925.595,1909.772,1917.807,1919.414,1915.211,0.0,0.0,0.0,0.0,0.0,1694808000
invalid_geometry,1694784900,20230915,1,1925.595,1909.772,1917.807,1919.414,1915.211,1926.167,1915.21,1925.595,0.0,0.0,1694808000
profile,1695043800,20230918,0,1930.608,1922.584,1926.032,1929.229,1925.342,0.0,0.0,0.0,0.0,0.0,1695067200
entry,1695044400,20230918,-1,1930.608,1922.584,1926.032,1929.229,1925.342,1924.754,1929.23,1922.584,0.21,93.996,1695067200
profile,1695130200,20230919,0,1937.382,1929.837,1934.376,1936.085,1932.313,0.0,0.0,0.0,0.0,0.0,1695153600
entry,1695132900,20230919,-1,1937.382,1929.837,1934.376,1936.085,1932.313,1932.104,1936.086,1929.837,0.24,95.568,1695153600
timed_exit,1695153600,20230919,0,1937.382,1929.837,1934.376,1936.085,1932.313,0.0,0.0,0.0,0.0,0.0,1695153600
profile,1695216600,20230920,0,1934.013,1927.912,1930.629,1932.488,1929.723,0.0,0.0,0.0,0.0,0.0,1695240000
invalid_geometry,1695216900,20230920,1,1934.013,1927.912,1930.629,1932.488,1929.723,1935.794,1929.722,1934.013,0.0,0.0,1695240000
profile,1695303000,20230921,0,1931.486,1913.878,1928.047,1931.211,1922.682,0.0,0.0,0.0,0.0,0.0,1695326400
entry,1695303300,20230921,-1,1931.486,1913.878,1928.047,1931.211,1922.682,1916.076,1931.212,1913.878,0.07,105.952,1695326400
timed_exit,1695326400,20230921,0,1931.486,1913.878,1928.047,1931.211,1922.682,0.0,0.0,0.0,0.0,0.0,1695326400
profile,1695389400,20230922,0,1928.721,1919.366,1924.994,1926.967,1923.751,0.0,0.0,0.0,0.0,0.0,1695412800
entry,1695391500,20230922,1,1928.721,1919.366,1924.994,1926.967,1923.751,1927.181,1923.75,1928.721,0.27,92.63700000000001,1695412800
profile,1695648600,20230925,0,1927.185,1920.865,1924.074,1925.506,1922.544,0.0,0.0,0.0,0.0,0.0,1695672000
entry,1695650100,20230925,1,1927.185,1920.865,1924.074,1925.506,1922.544,1926.399,1922.543,1927.185,0.24,92.544,1695672000
profile,1695735000,20230926,0,1916.782,1905.154,1913.784,1915.692,1911.513,0.0,0.0,0.0,0.0,0.0,1695758400
invalid_geometry,1695735300,20230926,-1,1916.782,1905.154,1913.784,1915.692,1911.513,1904.917,1915.693,1905.154,0.0,0.0,1695758400
profile,1695821400,20230927,0,1903.787,1888.851,1896.669,1898.886,1890.018,0.0,0.0,0.0,0.0,0.0,1695844800
entry,1695821700,20230927,-1,1903.787,1888.851,1896.669,1898.886,1890.018,1889.22,1898.887,1888.851,0.1,96.67000000000002,1695844800
profile,1695907800,20230928,0,1879.527,1871.8,1874.758,1876.75,1873.852,0.0,0.0,0.0,0.0,0.0,1695931200
entry,1695908700,20230928,-1,1879.527,1871.8,1874.758,1876.75,1873.852,1873.414,1876.751,1871.8,0.28,93.436,1695931200
profile,1695994200,20230929,0,1879.839,1862.927,1872.836,1873.761,1865.569,0.0,0.0,0.0,0.0,0.0,1696017600
entry,1695994500,20230929,1,1879.839,1862.927,1872.836,1873.761,1865.569,1875.215,1865.568,1879.839,0.1,96.47000000000001,1696017600
profile,1696253400,20231002,0,1848.923,1831.083,1842.651,1848.923,1836.658,0.0,0.0,0.0,0.0,0.0,1696276800
entry,1696253700,20231002,-1,1848.923,1831.083,1842.651,1848.923,1836.658,1834.401,1848.924,1831.083,0.07,101.661,1696276800
profile,1696339800,20231003,0,1829.778,1815.255,1826.261,1828.19,1821.609,0.0,0.0,0.0,0.0,0.0,1696363200
invalid_geometry,1696340700,20231003,1,1829.778,1815.255,1826.261,1828.19,1821.609,1830.852,1821.608,1829.778,0.0,0.0,1696363200
profile,1696426200,20231004,0,1830.617,1816.707,1822.684,1826.053,1820.619,0.0,0.0,0.0,0.0,0.0,1696449600
entry,1696427400,20231004,-1,1830.617,1816.707,1822.684,1826.053,1820.619,1819.131,1826.054,1816.707,0.14,96.922,1696449600
profile,1696512600,20231005,0,1829.21,1813.032,1822.006,1826.935,1819.604,0.0,0.0,0.0,0.0,0.0,1696536000
entry,1696513200,20231005,-1,1829.21,1813.032,1822.006,1826.935,1819.604,1819.367,1826.936,1813.032,0.12,90.82799999999999,1696536000
timed_exit,1696536000,20231005,0,1829.21,1813.032,1822.006,1826.935,1819.604,0.0,0.0,0.0,0.0,0.0,1696536000
profile,1696599000,20231006,0,1825.087,1810.44,1823.828,1824.172,1819.137,0.0,0.0,0.0,0.0,0.0,1696622400
entry,1696600200,20231006,-1,1825.087,1810.44,1823.828,1824.172,1819.137,1816.63,1824.173,1810.44,0.12,90.51599999999999,1696622400
profile,1696858200,20231009,0,1854.68,1844.198,1848.538,1851.732,1848.129,0.0,0.0,0.0,0.0,0.0,1696881600
entry,1696858500,20231009,-1,1854.68,1844.198,1848.538,1851.732,1848.129,1844.71,1851.733,1844.198,0.13,91.29899999999999,1696881600
profile,1696944600,20231010,0,1865.315,1853.007,1857.142,1861.853,1853.776,0.0,0.0,0.0,0.0,0.0,1696968000
entry,1696956600,20231010,1,1865.315,1853.007,1857.142,1861.853,1853.776,1862.184,1853.775,1865.315,0.11,92.499,1696968000
timed_exit,1696968000,20231010,0,1865.315,1853.007,1857.142,1861.853,1853.776,0.0,0.0,0.0,0.0,0.0,1696968000
profile,1697031000,20231011,0,1875.041,1858.628,1860.551,1870.938,1858.628,0.0,0.0,0.0,0.0,0.0,1697054400
entry,1697032800,20231011,1,1875.041,1858.628,1860.551,1870.938,1858.628,1872.311,1858.627,1875.041,0.07,95.78800000000001,1697054400
profile,1697117400,20231012,0,1884.993,1873.74,1879.454,1882.707,1876.905,0.0,0.0,0.0,0.0,0.0,1697140800
entry,1697117700,20231012,-1,1884.993,1873.74,1879.454,1882.707,1876.905,1876.09,1882.708,1873.74,0.14,92.652,1697140800
profile,1697203800,20231013,0,1919.125,1869.179,1876.593,1898.054,1869.179,0.0,0.0,0.0,0.0,0.0,1697227200
entry,1697204100,20231013,1,1919.125,1869.179,1876.593,1898.054,1869.179,1909.974,1869.178,1919.125,0.03,122.38799999999999,1697227200
profile,1697463000,20231016,0,1927.558,1908.181,1919.837,1924.833,1913.631,0.0,0.0,0.0,0.0,0.0,1697486400
profile,1697549400,20231017,0,1929.015,1912.38,1919.788,1927.196,1916.799,0.0,0.0,0.0,0.0,0.0,1697572800
entry,1697550600,20231017,1,1929.015,1912.38,1919.788,1927.196,1916.799,1928.022,1916.798,1929.015,0.08,89.79200000000002,1697572800
profile,1697635800,20231018,0,1950.773,1923.295,1937.249,1946.48,1934.887,0.0,0.0,0.0,0.0,0.0,1697659200
invalid_geometry,1697636100,20231018,1,1950.773,1923.295,1937.249,1946.48,1934.887,1953.847,1934.886,1950.773,0.0,0.0,1697659200
profile,1697722200,20231019,0,1957.13,1945.132,1950.85,1951.506,1946.257,0.0,0.0,0.0,0.0,0.0,1697745600
entry,1697722500,20231019,1,1957.13,1945.132,1950.85,1951.506,1946.257,1952.158,1946.256,1957.13,0.15,88.53,1697745600
profile,1697808600,20231020,0,1985.855,1972.011,1977.96,1980.447,1973.958,0.0,0.0,0.0,0.0,0.0,1697832000
entry,1697809800,20231020,1,1985.855,1972.011,1977.96,1980.447,1973.958,1982.944,1973.957,1985.855,0.1,89.87,1697832000
profile,1698067800,20231023,0,1982.784,1964.345,1977.742,1979.615,1970.972,0.0,0.0,0.0,0.0,0.0,1698091200
entry,1698068700,20231023,-1,1982.784,1964.345,1977.742,1979.615,1970.972,1970.248,1979.616,1964.345,0.1,93.68,1698091200
timed_exit,1698091200,20231023,0,1982.784,1964.345,1977.742,1979.615,1970.972,0.0,0.0,0.0,0.0,0.0,1698091200
profile,1698154200,20231024,0,1980.873,1953.482,1977.235,1980.873,1965.038,0.0,0.0,0.0,0.0,0.0,1698177600
entry,1698154500,20231024,-1,1980.873,1953.482,1977.235,1980.873,1965.038,1961.591,1980.874,1953.482,0.05,96.415,1698177600
timed_exit,1698177600,20231024,0,1980.873,1953.482,1977.235,1980.873,1965.038,0.0,0.0,0.0,0.0,0.0,1698177600
profile,1698240600,20231025,0,1978.571,1968.331,1973.051,1976.331,1971.851,0.0,0.0,0.0,0.0,0.0,1698264000
invalid_geometry,1698240900,20231025,1,1978.571,1968.331,1973.051,1976.331,1971.851,1978.918,1971.85,1978.571,0.0,0.0,1698264000
profile,1698327000,20231026,0,1993.426,1974.626,1985.054,1989.02,1980.795,0.0,0.0,0.0,0.0,0.0,1698350400
entry,1698327300,20231026,-1,1993.426,1974.626,1985.054,1989.02,1980.795,1978.68,1989.021,1974.626,0.09,93.06899999999999,1698350400
profile,1698413400,20231027,0,1989.959,1976.854,1986.99,1989.549,1983.407,0.0,0.0,0.0,0.0,0.0,1698436800
entry,1698414300,20231027,-1,1989.959,1976.854,1986.99,1989.549,1983.407,1982.953,1989.55,1976.854,0.14,92.35800000000002,1698436800
profile,1698672600,20231030,0,2006.769,1991.014,2001.476,2004.8,1995.691,0.0,0.0,0.0,0.0,0.0,1698696000
entry,1698676800,20231030,-1,2006.769,1991.014,2001.476,2004.8,1995.691,1993.716,2004.801,1991.014,0.08,88.68,1698696000
timed_exit,1698696000,20231030,0,2006.769,1991.014,2001.476,2004.8,1995.691,0.0,0.0,0.0,0.0,0.0,1698696000
profile,1698759000,20231031,0,2001.526,1990.581,1995.626,1998.448,1993.83,0.0,0.0,0.0,0.0,0.0,1698782400
entry,1698760200,20231031,1,2001.526,1990.581,1995.626,1998.448,1993.83,1998.938,1993.829,2001.526,0.18,91.96199999999999,1698782400
profile,1698845400,20231101,0,1988.52,1975.269,1977.857,1983.965,1976.925,0.0,0.0,0.0,0.0,0.0,1698868800
entry,1698846600,20231101,1,1988.52,1975.269,1977.857,1983.965,1976.925,1985.226,1976.924,1988.52,0.11,91.322,1698868800
profile,1698931800,20231102,0,1990.963,1981.3,1985.905,1988.094,1983.565,0.0,0.0,0.0,0.0,0.0,1698955200
entry,1698933300,20231102,-1,1990.963,1981.3,1985.905,1988.094,1983.565,1983.383,1988.095,1981.3,0.19,89.528,1698955200
profile,1699018200,20231103,0,2004.04,1983.259,1987.318,1989.753,1983.908,0.0,0.0,0.0,0.0,0.0,1699041600
entry,1699018500,20231103,1,2004.04,1983.259,1987.318,1989.753,1983.908,1993.757,1983.907,2004.04,0.1,98.5,1699041600
timed_exit,1699041600,20231103,0,2004.04,1983.259,1987.318,1989.753,1983.908,0.0,0.0,0.0,0.0,0.0,1699041600
profile,1699281000,20231106,0,1993.08,1981.898,1987.052,1988.188,1983.645,0.0,0.0,0.0,0.0,0.0,1699304400
entry,1699285200,20231106,-1,1993.08,1981.898,1987.052,1988.188,1983.645,1983.512,1988.189,1981.898,0.19,88.863,1699304400
profile,1699367400,20231107,0,1978.314,1956.692,1966.321,1972.909,1957.03,0.0,0.0,0.0,0.0,0.0,1699390800
profile,1699453800,20231108,0,1971.033,1959.46,1968.049,1969.948,1964.523,0.0,0.0,0.0,0.0,0.0,1699477200
entry,1699454100,20231108,-1,1971.033,1959.46,1968.049,1969.948,1964.523,1963.234,1969.949,1959.46,0.14,94.01,1699477200
profile,1699540200,20231109,0,1954.566,1944.535,1949.315,1951.902,1947.199,0.0,0.0,0.0,0.0,0.0,1699563600
entry,1699540500,20231109,1,1954.566,1944.535,1949.315,1951.902,1947.199,1953.229,1947.198,1954.566,0.15,90.465,1699563600
profile,1699626600,20231110,0,1960.751,1943.135,1957.31,1960.751,1950.842,0.0,0.0,0.0,0.0,0.0,1699649820
entry,1699626900,20231110,-1,1960.751,1943.135,1957.31,1960.751,1950.842,1946.065,1960.752,1943.135,0.07,102.80900000000001,1699649820
profile,1699885800,20231113,0,1941.95,1921.482,1938.912,1940.671,1936.513,0.0,0.0,0.0,0.0,0.0,1699909200
entry,1699886100,20231113,-1,1941.95,1921.482,1938.912,1940.671,1936.513,1935.247,1940.672,1921.482,0.17,92.22500000000001,1699909200
profile,1699972200,20231114,0,1961.628,1937.606,1945.676,1947.74,1944.362,0.0,0.0,0.0,0.0,0.0,1699995600
invalid_geometry,1699972500,20231114,1,1961.628,1937.606,1945.676,1947.74,1944.362,1961.9,1944.361,1961.628,0.0,0.0,1699995600
profile,1700058600,20231115,0,1975.329,1961.563,1966.833,1973.178,1965.22,0.0,0.0,0.0,0.0,0.0,1700082000
entry,1700058900,20231115,-1,1975.329,1961.563,1966.833,1973.178,1965.22,1962.966,1973.179,1961.563,0.09,91.91699999999999,1700082000
profile,1700145000,20231116,0,1974.784,1956.458,1966.051,1968.484,1960.18,0.0,0.0,0.0,0.0,0.0,1700168400
entry,1700145300,20231116,1,1974.784,1956.458,1966.051,1968.484,1960.18,1974.438,1960.179,1974.784,0.07,99.81300000000002,1700168400
profile,1700231400,20231117,0,1993.458,1980.81,1984.466,1989.11,1981.601,0.0,0.0,0.0,0.0,0.0,1700254620
entry,1700232600,20231117,-1,1993.458,1980.81,1984.466,1989.11,1981.601,1981.316,1989.111,1980.81,0.12,93.53999999999999,1700254620
profile,1700490600,20231120,0,1985.158,1965.592,1981.031,1983.018,1974.458,0.0,0.0,0.0,0.0,0.0,1700514000
entry,1700490900,20231120,-1,1985.158,1965.592,1981.031,1983.018,1974.458,1966.486,1983.019,1965.592,0.06,99.198,1700514000
timed_exit,1700521260,20231120,0,1985.158,1965.592,1981.031,1983.018,1974.458,0.0,0.0,0.0,0.0,0.0,1700514000
profile,1700577000,20231121,0,2002.028,1977.768,1992.362,1993.31,1986.107,0.0,0.0,0.0,0.0,0.0,1700600400
invalid_geometry,1700577300,20231121,1,2002.028,1977.768,1992.362,1993.31,1986.107,2003.703,1986.106,2002.028,0.0,0.0,1700600400
profile,1700663400,20231122,0,2006.46,1995.499,2001.921,2003.035,1997.725,0.0,0.0,0.0,0.0,0.0,1700686800
entry,1700665500,20231122,-1,2006.46,1995.499,2001.921,2003.035,1997.725,1996.477,2003.036,1995.499,0.14,91.82600000000001,1700686800
profile,1700749800,20231123,0,1998.59,1989.598,1992.619,1995.64,1991.987,0.0,0.0,0.0,0.0,0.0,1700773200
entry,1700754900,20231123,-1,1998.59,1989.598,1992.619,1995.64,1991.987,1991.961,1995.641,1989.598,0.25,92.0,1700773200
timed_exit,1700780460,20231123,0,1998.59,1989.598,1992.619,1995.64,1991.987,0.0,0.0,0.0,0.0,0.0,1700773200
profile,1700836200,20231124,0,2001.944,1991.52,1993.556,1995.266,1992.009,0.0,0.0,0.0,0.0,0.0,1700859420
invalid_geometry,1700836500,20231124,1,2001.944,1991.52,1993.556,1995.266,1992.009,2002.358,1992.008,2001.944,0.0,0.0,1700859420
profile,1701095400,20231127,0,2018.225,2000.552,2012.84,2014.911,2009.665,0.0,0.0,0.0,0.0,0.0,1701118800
entry,1701101100,20231127,-1,2018.225,2000.552,2012.84,2014.911,2009.665,2009.273,2014.912,2000.552,0.16,90.224,1701118800
timed_exit,1701126060,20231127,0,2018.225,2000.552,2012.84,2014.911,2009.665,0.0,0.0,0.0,0.0,0.0,1701118800
profile,1701181800,20231128,0,2027.919,2011.372,2015.121,2016.543,2013.699,0.0,0.0,0.0,0.0,0.0,1701205200
entry,1701182100,20231128,1,2027.919,2011.372,2015.121,2016.543,2013.699,2026.74,2013.698,2027.919,0.07,91.29400000000001,1701205200
profile,1701268200,20231129,0,2052.065,2035.266,2042.222,2045.24,2037.366,0.0,0.0,0.0,0.0,0.0,1701291600
entry,1701270300,20231129,1,2052.065,2035.266,2042.222,2045.24,2037.366,2046.923,2037.365,2052.065,0.1,95.58,1701291600
timed_exit,1701298860,20231129,0,2052.065,2035.266,2042.222,2045.24,2037.366,0.0,0.0,0.0,0.0,0.0,1701291600
profile,1701354600,20231130,0,2047.302,2032.689,2044.676,2046.617,2038.854,0.0,0.0,0.0,0.0,0.0,1701378000
entry,1701354900,20231130,-1,2047.302,2032.689,2044.676,2046.617,2038.854,2035.467,2046.618,2032.689,0.08,89.208,1701378000
profile,1701441000,20231201,0,2049.908,2033.885,2041.771,2042.898,2036.889,0.0,0.0,0.0,0.0,0.0,1701464220
entry,1701442500,20231201,1,2049.908,2033.885,2041.771,2042.898,2036.889,2043.174,2036.888,2049.908,0.14,88.004,1701464220
profile,1701700200,20231204,0,2144.685,2042.45,2068.807,2090.373,2042.45,0.0,0.0,0.0,0.0,0.0,1701723600
invalid_geometry,1701703500,20231204,-1,2144.685,2042.45,2068.807,2090.373,2042.45,2037.175,2090.374,2042.45,0.0,0.0,1701723600
profile,1701786600,20231205,0,2041.209,2021.53,2033.983,2038.134,2027.987,0.0,0.0,0.0,0.0,0.0,1701810000
entry,1701786900,20231205,-1,2041.209,2021.53,2033.983,2038.134,2027.987,2023.713,2038.135,2021.53,0.07,100.95400000000001,1701810000
profile,1701873000,20231206,0,2035.952,2017.215,2020.582,2027.755,2018.972,0.0,0.0,0.0,0.0,0.0,1701896400
entry,1701873300,20231206,1,2035.952,2017.215,2020.582,2027.755,2018.972,2032.836,2018.971,2035.952,0.07,97.055,1701896400
timed_exit,1701903660,20231206,0,2035.952,2017.215,2020.582,2027.755,2018.972,0.0,0.0,0.0,0.0,0.0,1701896400
profile,1701959400,20231207,0,2039.931,2025.196,2027.153,2033.024,2025.656,0.0,0.0,0.0,0.0,0.0,1701982800
invalid_geometry,1701968700,20231207,-1,2039.931,2025.196,2027.153,2033.024,2025.656,2023.784,2033.025,2025.196,0.0,0.0,1701982800
profile,1702045800,20231208,0,2034.052,2002.537,2029.866,2033.067,2027.158,0.0,0.0,0.0,0.0,0.0,1702069020
entry,1702046100,20231208,-1,2034.052,2002.537,2029.866,2033.067,2027.158,2008.055,2033.068,2002.537,0.04,100.052,1702069020
profile,1702305000,20231211,0,2007.844,1990.046,1992.966,1999.779,1992.549,0.0,0.0,0.0,0.0,0.0,1702328400
invalid_geometry,1702305300,20231211,-1,2007.844,1990.046,1992.966,1999.779,1992.549,1988.649,1999.78,1990.046,0.0,0.0,1702328400
profile,1702391400,20231212,0,1996.784,1981.785,1985.652,1989.05,1984.363,0.0,0.0,0.0,0.0,0.0,1702414800
invalid_geometry,1702391700,20231212,-1,1996.784,1981.785,1985.652,1989.05,1984.363,1980.588,1989.051,1981.785,0.0,0.0,1702414800
profile,1702477800,20231213,0,1986.783,1973.071,1981.534,1983.141,1978.642,0.0,0.0,0.0,0.0,0.0,1702501200
entry,1702478400,20231213,1,1986.783,1973.071,1981.534,1983.141,1978.642,1983.463,1978.641,1986.783,0.19,91.618,1702501200
profile,1702564200,20231214,0,2040.5,2024.347,2031.288,2036.714,2030.657,0.0,0.0,0.0,0.0,0.0,1702587600
invalid_geometry,1702564500,20231214,1,2040.5,2024.347,2031.288,2036.714,2030.657,2043.725,2030.656,2040.5,0.0,0.0,1702587600
profile,1702650600,20231215,0,2044.947,2026.933,2036.644,2040.725,2030.874,0.0,0.0,0.0,0.0,0.0,1702673820
invalid_geometry,1702664400,20231215,-1,2044.947,2026.933,2036.644,2040.725,2030.874,2023.953,2040.726,2026.933,0.0,0.0,1702673820
profile,1702909800,20231218,0,2027.344,2015.931,2022.975,2025.026,2021.103,0.0,0.0,0.0,0.0,0.0,1702933200
invalid_geometry,1702921800,20231218,1,2027.344,2015.931,2022.975,2025.026,2021.103,2028.658,2021.102,2027.344,0.0,0.0,1702933200
profile,1702996200,20231219,0,2032.702,2021.734,2026.618,2027.561,2023.276,0.0,0.0,0.0,0.0,0.0,1703019600
entry,1702996500,20231219,1,2032.702,2021.734,2026.618,2027.561,2023.276,2032.193,2023.275,2032.702,0.1,89.18,1703019600
profile,1703082600,20231220,0,2043.49,2029.554,2040.333,2042.184,2036.087,0.0,0.0,0.0,0.0,0.0,1703106000
entry,1703082900,20231220,-1,2043.49,2029.554,2040.333,2042.184,2036.087,2035.434,2042.185,2029.554,0.13,87.763,1703106000
timed_exit,1703113260,20231220,0,2043.49,2029.554,2040.333,2042.184,2036.087,0.0,0.0,0.0,0.0,0.0,1703106000
profile,1703169000,20231221,0,2046.079,2031.479,2036.384,2037.638,2033.532,0.0,0.0,0.0,0.0,0.0,1703192400
entry,1703169300,20231221,1,2046.079,2031.479,2036.384,2037.638,2033.532,2044.059,2033.531,2046.079,0.09,94.752,1703192400
profile,1703255400,20231222,0,2069.559,2046.708,2050.1,2059.919,2046.708,0.0,0.0,0.0,0.0,0.0,1703278620
entry,1703255700,20231222,1,2069.559,2046.708,2050.1,2059.919,2046.708,2066.511,2046.707,2069.559,0.05,99.02000000000001,1703278620
profile,1703601000,20231226,0,2065.125,2053.388,2063.75,2064.391,2061.274,0.0,0.0,0.0,0.0,0.0,1703624400
entry,1703601300,20231226,-1,2065.125,2053.388,2063.75,2064.391,2061.274,2060.912,2064.392,2053.388,0.26,90.48,1703624400
profile,1703687400,20231227,0,2070.316,2061.501,2065.289,2067.837,2064.531,0.0,0.0,0.0,0.0,0.0,1703710800
invalid_geometry,1703687700,20231227,1,2070.316,2061.501,2065.289,2067.837,2064.531,2070.625,2064.53,2070.316,0.0,0.0,1703710800
profile,1703773800,20231228,0,2088.485,2071.301,2086.74,2088.485,2076.94,0.0,0.0,0.0,0.0,0.0,1703797200
entry,1703774100,20231228,-1,2088.485,2071.301,2086.74,2088.485,2076.94,2073.517,2088.486,2071.301,0.06,89.81400000000001,1703797200
profile,1703860200,20231229,0,2074.764,2058.161,2069.446,2071.132,2063.609,0.0,0.0,0.0,0.0,0.0,1703883420
entry,1703860500,20231229,-1,2074.764,2058.161,2069.446,2071.132,2063.609,2060.717,2071.133,2058.161,0.09,93.74399999999999,1703883420
timed_exit,1703883420,20231229,0,2074.764,2058.161,2069.446,2071.132,2063.609,0.0,0.0,0.0,0.0,0.0,1703883420
profile,1704205800,20240102,0,2078.919,2062.235,2074.878,2078.658,2067.188,0.0,0.0,0.0,0.0,0.0,1704229200
entry,1704206400,20240102,-1,2078.919,2062.235,2074.878,2078.658,2067.188,2066.966,2078.659,2062.235,0.08,93.544,1704229200
profile,1704292200,20240103,0,2066.012,2034.456,2064.779,2066.012,2048.755,0.0,0.0,0.0,0.0,0.0,1704315600
entry,1704292500,20240103,-1,2066.012,2034.456,2064.779,2066.012,2048.755,2035.605,2066.013,2034.456,0.03,91.224,1704315600
profile,1704378600,20240104,0,2051.008,2037.348,2047.486,2048.447,2042.684,0.0,0.0,0.0,0.0,0.0,1704402000
entry,1704378900,20240104,-1,2051.008,2037.348,2047.486,2048.447,2042.684,2039.221,2048.448,2037.348,0.1,92.27000000000001,1704402000
profile,1704465000,20240105,0,2048.767,2024.464,2044.4,2047.248,2039.274,0.0,0.0,0.0,0.0,0.0,1704488220
invalid_geometry,1704467100,20240105,1,2048.767,2024.464,2044.4,2047.248,2039.274,2057.631,2039.273,2048.767,0.0,0.0,1704488220
profile,1704724200,20240108,0,2046.618,2016.664,2020.174,2035.385,2018.536,0.0,0.0,0.0,0.0,0.0,1704747600
entry,1704730200,20240108,1,2046.618,2016.664,2020.174,2035.385,2018.536,2036.002,2018.535,2046.618,0.06,104.80199999999999,1704747600
timed_exit,1704754860,20240108,0,2046.618,2016.664,2020.174,2035.385,2018.536,0.0,0.0,0.0,0.0,0.0,1704747600
profile,1704810600,20240109,0,2042.011,2027.748,2034.545,2035.994,2031.982,0.0,0.0,0.0,0.0,0.0,1704834000
entry,1704810900,20240109,1,2042.011,2027.748,2034.545,2035.994,2031.982,2036.072,2031.981,2042.011,0.22,90.00200000000001,1704834000
profile,1704897000,20240110,0,2040.337,2023.802,2030.907,2034.911,2027.936,0.0,0.0,0.0,0.0,0.0,1704920400
entry,1704898200,20240110,-1,2040.337,2023.802,2030.907,2034.911,2027.936,2027.318,2034.912,2023.802,0.12,91.128,1704920400
profile,1704983400,20240111,0,2048.43,2024.392,2031.716,2034.533,2029.275,0.0,0.0,0.0,0.0,0.0,1705006800
entry,1704984600,20240111,-1,2048.43,2024.392,2031.716,2034.533,2029.275,2028.156,2034.534,2024.392,0.14,89.292,1705006800
profile,1705069800,20240112,0,2059.266,2028.547,2034.067,2046.786,2030.467,0.0,0.0,0.0,0.0,0.0,1705093020
invalid_geometry,1705070100,20240112,1,2059.266,2028.547,2034.067,2046.786,2030.467,2061.164,2030.466,2059.266,0.0,0.0,1705093020
profile,1705329000,20240115,0,2058.663,2045.789,2053.534,2056.853,2052.427,0.0,0.0,0.0,0.0,0.0,1705352400
entry,1705329300,20240115,-1,2058.663,2045.789,2053.534,2056.853,2052.427,2051.713,2056.854,2045.789,0.18,92.538,1705352400
timed_exit,1705359660,20240115,0,2058.663,2045.789,2053.534,2056.853,2052.427,0.0,0.0,0.0,0.0,0.0,1705352400
profile,1705415400,20240116,0,2055.439,2031.282,2049.211,2055.439,2039.963,0.0,0.0,0.0,0.0,0.0,1705438800
entry,1705415700,20240116,-1,2055.439,2031.282,2049.211,2055.439,2039.963,2038.974,2055.44,2031.282,0.06,98.79599999999999,1705438800
profile,1705501800,20240117,0,2032.973,2015.739,2024.491,2029.203,2021.125,0.0,0.0,0.0,0.0,0.0,1705525200
entry,1705502100,20240117,-1,2032.973,2015.739,2024.491,2029.203,2021.125,2020.052,2029.204,2015.739,0.1,91.52000000000001,1705525200
profile,1705588200,20240118,0,2017.281,2005.508,2011.67,2012.682,2008.267,0.0,0.0,0.0,0.0,0.0,1705611600
entry,1705589700,20240118,1,2017.281,2005.508,2011.67,2012.682,2008.267,2012.99,2008.266,2017.281,0.19,89.756,1705611600
profile,1705674600,20240119,0,2039.296,2020.345,2023.454,2030.413,2020.345,0.0,0.0,0.0,0.0,0.0,1705697820
entry,1705674900,20240119,1,2039.296,2020.345,2023.454,2030.413,2020.345,2030.911,2020.344,2039.296,0.09,95.103,1705697820
timed_exit,1705697820,20240119,0,2039.296,2020.345,2023.454,2030.413,2020.345,0.0,0.0,0.0,0.0,0.0,1705697820
profile,1705933800,20240122,0,2032.111,2019.097,2023.062,2027.027,2020.52,0.0,0.0,0.0,0.0,0.0,1705957200
invalid_geometry,1705934700,20240122,-1,2032.111,2019.097,2023.062,2027.027,2020.52,2018.284,2027.028,2019.097,0.0,0.0,1705957200
profile,1706020200,20240123,0,2037.937,2019.596,2029.77,2031.059,2023.322,0.0,0.0,0.0,0.0,0.0,1706043600
entry,1706020500,20240123,-1,2037.937,2019.596,2029.77,2031.059,2023.322,2022.84,2031.06,2019.596,0.11,90.42,1706043600
timed_exit,1706050860,20240123,0,2037.937,2019.596,2029.77,2031.059,2023.322,0.0,0.0,0.0,0.0,0.0,1706043600
profile,1706106600,20240124,0,2036.668,2022.799,2033.092,2034.284,2026.916,0.0,0.0,0.0,0.0,0.0,1706130000
entry,1706107800,20240124,-1,2036.668,2022.799,2033.092,2034.284,2026.916,2024.852,2034.285,2022.799,0.1,94.33,1706130000
profile,1706193000,20240125,0,2024.612,2009.504,2016.232,2017.766,2013.753,0.0,0.0,0.0,0.0,0.0,1706216400
entry,1706193300,20240125,1,2024.612,2009.504,2016.232,2017.766,2013.753,2021.946,2013.752,2024.612,0.11,90.134,1706216400
profile,1706279400,20240126,0,2026.871,2018.22,2022.072,2023.221,2020.383,0.0,0.0,0.0,0.0,0.0,1706302620
entry,1706280600,20240126,-1,2026.871,2018.22,2022.072,2023.221,2020.383,2019.778,2023.222,2018.22,0.26,89.544,1706302620
profile,1706538600,20240129,0,2037.599,2019.319,2026.031,2030.458,2021.318,0.0,0.0,0.0,0.0,0.0,1706562000
entry,1706550000,20240129,1,2037.599,2019.319,2026.031,2030.458,2021.318,2030.793,2021.317,2037.599,0.1,94.76,1706562000
timed_exit,1706569260,20240129,0,2037.599,2019.319,2026.031,2030.458,2021.318,0.0,0.0,0.0,0.0,0.0,1706562000
profile,1706625000,20240130,0,2048.596,2029.115,2032.007,2037.334,2030.941,0.0,0.0,0.0,0.0,0.0,1706648400
entry,1706625300,20240130,1,2048.596,2029.115,2032.007,2037.334,2030.941,2047.442,2030.94,2048.596,0.06,99.012,1706648400
profile,1706711400,20240131,0,2044.717,2032.848,2038.133,2040.266,2034.332,0.0,0.0,0.0,0.0,0.0,1706734800
invalid_geometry,1706711700,20240131,1,2044.717,2032.848,2038.133,2040.266,2034.332,2045.846,2034.331,2044.717,0.0,0.0,1706734800
profile,1706797800,20240201,0,2049.617,2029.95,2040.552,2047.773,2038.862,0.0,0.0,0.0,0.0,0.0,1706821200
entry,1706798100,20240201,1,2049.617,2029.95,2040.552,2047.773,2038.862,2048.859,2038.861,2049.617,0.09,89.982,1706821200
profile,1706884200,20240202,0,2057.66,2027.779,2055.559,2057.193,2052.057,0.0,0.0,0.0,0.0,0.0,1706907420
entry,1706884500,20240202,-1,2057.66,2027.779,2055.559,2057.193,2052.057,2028.51,2057.194,2027.779,0.04,114.736,1706907420
timed_exit,1706907420,20240202,0,2057.66,2027.779,2055.559,2057.193,2052.057,0.0,0.0,0.0,0.0,0.0,1706907420
profile,1707143400,20240205,0,2042.25,2014.856,2023.631,2035.83,2020.848,0.0,0.0,0.0,0.0,0.0,1707166800
entry,1707143700,20240205,-1,2042.25,2014.856,2023.631,2035.83,2020.848,2018.453,2035.831,2014.856,0.06,104.26799999999999,1707166800
timed_exit,1707174060,20240205,0,2042.25,2014.856,2023.631,2035.83,2020.848,0.0,0.0,0.0,0.0,0.0,1707166800
profile,1707229800,20240206,0,2031.224,2022.84,2027.36,2028.08,2024.281,0.0,0.0,0.0,0.0,0.0,1707253200
entry,1707230100,20240206,1,2031.224,2022.84,2027.36,2028.08,2024.281,2028.451,2024.28,2031.224,0.21,87.59100000000001,1707253200
profile,1707316200,20240207,0,2038.039,2030.556,2035.057,2035.817,2033.245,0.0,0.0,0.0,0.0,0.0,1707339600
entry,1707316800,20240207,1,2038.039,2030.556,2035.057,2035.817,2033.245,2036.885,2033.244,2038.039,0.25,91.025,1707339600
profile,1707402600,20240208,0,2038.724,2020.164,2033.069,2037.564,2026.544,0.0,0.0,0.0,0.0,0.0,1707426000
profile,1707489000,20240209,0,2037.212,2024.236,2033.056,2034.779,2031.13,0.0,0.0,0.0,0.0,0.0,1707512220
invalid_geometry,1707489300,20240209,-1,2037.212,2024.236,2033.056,2034.779,2031.13,2023.681,2034.78,2024.236,0.0,0.0,1707512220
profile,1707748200,20240212,0,2027.602,2014.094,2023.697,2025.914,2021.27,0.0,0.0,0.0,0.0,0.0,1707771600
invalid_geometry,1707748500,20240212,-1,2027.602,2014.094,2023.697,2025.914,2021.27,2014.009,2025.915,2014.094,0.0,0.0,1707771600
profile,1707834600,20240213,0,2032.912,2000.106,2018.816,2028.811,2017.022,0.0,0.0,0.0,0.0,0.0,1707858000
invalid_geometry,1707834900,20240213,-1,2032.912,2000.106,2018.816,2028.811,2017.022,1998.436,2028.812,2000.106,0.0,0.0,1707858000
profile,1707921000,20240214,0,1993.598,1985.969,1991.989,1993.121,1990.38,0.0,0.0,0.0,0.0,0.0,1707944400
entry,1707922200,20240214,-1,1993.598,1985.969,1991.989,1993.121,1990.38,1989.301,1993.122,1985.969,0.23,87.88300000000001,1707944400
profile,1708007400,20240215,0,2004.888,1990.208,1993.075,1997.777,1991.126,0.0,0.0,0.0,0.0,0.0,1708030800
invalid_geometry,1708007700,20240215,1,2004.888,1990.208,1993.075,1997.777,1991.126,2007.667,1991.125,2004.888,0.0,0.0,1708030800
profile,1708093800,20240216,0,2008.107,1995.096,2004.346,2006.887,2002.211,0.0,0.0,0.0,0.0,0.0,1708117020
entry,1708094100,20240216,-1,2008.107,1995.096,2004.346,2006.887,2002.211,1998.501,2006.888,1995.096,0.11,92.257,1708117020
profile,1708353000,20240219,0,2022.994,1998.05,2020.071,2021.825,2017.537,0.0,0.0,0.0,0.0,0.0,1708376400
entry,1708353300,20240219,-1,2022.994,1998.05,2020.071,2021.825,2017.537,2016.452,2021.826,1998.05,0.17,91.358,1708376400
timed_exit,1708383660,20240219,0,2022.994,1998.05,2020.071,2021.825,2017.537,0.0,0.0,0.0,0.0,0.0,1708376400
profile,1708439400,20240220,0,2030.851,2014.994,2027.011,2030.603,2018.71,0.0,0.0,0.0,0.0,0.0,1708462800
profile,1708525800,20240221,0,2032.264,2022.904,2029.851,2030.801,2027.438,0.0,0.0,0.0,0.0,0.0,1708549200
entry,1708530600,20240221,-1,2032.264,2022.904,2029.851,2030.801,2027.438,2027.023,2030.802,2022.904,0.24,90.696,1708549200
profile,1708612200,20240222,0,2034.871,2023.023,2029.04,2030.428,2025.615,0.0,0.0,0.0,0.0,0.0,1708635600
entry,1708612500,20240222,-1,2034.871,2023.023,2029.04,2030.428,2025.615,2023.639,2030.429,2023.023,0.14,95.06,1708635600
profile,1708698600,20240223,0,2029.228,2016.018,2026.029,2027.99,2021.178,0.0,0.0,0.0,0.0,0.0,1708721820
entry,1708703700,20240223,1,2029.228,2016.018,2026.029,2027.99,2021.178,2029.195,2021.177,2029.228,0.12,96.216,1708721820
profile,1708957800,20240226,0,2037.052,2027.081,2032.3,2035.027,2031.911,0.0,0.0,0.0,0.0,0.0,1708981200
entry,1708958100,20240226,-1,2037.052,2027.081,2032.3,2035.027,2031.911,2027.292,2035.028,2027.081,0.12,92.832,1708981200
profile,1709044200,20240227,0,2039.509,2030.48,2033.513,2037.252,2032.455,0.0,0.0,0.0,0.0,0.0,1709067600
entry,1709053500,20240227,-1,2039.509,2030.48,2033.513,2037.252,2032.455,2032.162,2037.253,2030.48,0.18,91.638,1709067600
profile,1709130600,20240228,0,2037.934,2024.505,2030.695,2032.898,2026.813,0.0,0.0,0.0,0.0,0.0,1709154000
entry,1709130900,20240228,1,2037.934,2024.505,2030.695,2032.898,2026.813,2033.491,2026.812,2037.934,0.14,93.506,1709154000
timed_exit,1709161260,20240228,0,2037.934,2024.505,2030.695,2032.898,2026.813,0.0,0.0,0.0,0.0,0.0,1709154000
profile,1709217000,20240229,0,2050.363,2028.098,2036.273,2039.23,2030.881,0.0,0.0,0.0,0.0,0.0,1709240400
entry,1709217300,20240229,1,2050.363,2028.098,2036.273,2039.23,2030.881,2047.308,2030.88,2050.363,0.06,98.568,1709240400
profile,1709303400,20240301,0,2057.519,2039.077,2044.984,2052.62,2041.67,0.0,0.0,0.0,0.0,0.0,1709326620
entry,1709304000,20240301,1,2057.519,2039.077,2044.984,2052.62,2041.67,2053.277,2041.669,2057.519,0.08,92.864,1709326620
profile,1709562600,20240304,0,2097.526,2079.456,2082.985,2085.103,2080.585,0.0,0.0,0.0,0.0,0.0,1709586000
entry,1709562900,20240304,1,2097.526,2079.456,2082.985,2085.103,2080.585,2096.242,2080.584,2097.526,0.06,93.948,1709586000
profile,1709649000,20240305,0,2141.918,2110.438,2115.111,2126.178,2111.422,0.0,0.0,0.0,0.0,0.0,1709672400
entry,1709649300,20240305,1,2141.918,2110.438,2115.111,2126.178,2111.422,2132.126,2111.421,2141.918,0.05,103.525,1709672400
timed_exit,1709679660,20240305,0,2141.918,2110.438,2115.111,2126.178,2111.422,0.0,0.0,0.0,0.0,0.0,1709672400
profile,1709735400,20240306,0,2140.288,2123.644,2125.594,2131.966,2123.904,0.0,0.0,0.0,0.0,0.0,1709758800
invalid_geometry,1709735700,20240306,1,2140.288,2123.644,2125.594,2131.966,2123.904,2144.511,2123.903,2140.288,0.0,0.0,1709758800
profile,1709821800,20240307,0,2164.809,2144.222,2156.285,2160.627,2153.229,0.0,0.0,0.0,0.0,0.0,1709845200
entry,1709822400,20240307,-1,2164.809,2144.222,2156.285,2160.627,2153.229,2150.893,2160.628,2144.222,0.1,97.35000000000001,1709845200
profile,1709908200,20240308,0,2185.443,2153.982,2167.009,2174.628,2157.915,0.0,0.0,0.0,0.0,0.0,1709931420
entry,1709913000,20240308,1,2185.443,2153.982,2167.009,2174.628,2157.915,2174.972,2157.914,2185.443,0.06,102.348,1709931420
profile,1710163800,20240311,0,2189.047,2174.689,2178.615,2180.746,2177.157,0.0,0.0,0.0,0.0,0.0,1710187200
entry,1710164400,20240311,1,2189.047,2174.689,2178.615,2180.746,2177.157,2182.799,2177.156,2189.047,0.16,90.288,1710187200
profile,1710250200,20240312,0,2184.756,2158.697,2176.409,2184.756,2172.948,0.0,0.0,0.0,0.0,0.0,1710273600
entry,1710250500,20240312,-1,2184.756,2158.697,2176.409,2184.756,2172.948,2160.78,2184.757,2158.697,0.04,95.908,1710273600
profile,1710336600,20240313,0,2166.289,2155.79,2159.153,2160.875,2156.938,0.0,0.0,0.0,0.0,0.0,1710360000
invalid_geometry,1710336900,20240313,1,2166.289,2155.79,2159.153,2160.875,2156.938,2166.318,2156.937,2166.289,0.0,0.0,1710360000
profile,1710423000,20240314,0,2177.006,2160.405,2168.576,2175.19,2166.89,0.0,0.0,0.0,0.0,0.0,1710446400
entry,1710423300,20240314,-1,2177.006,2160.405,2168.576,2175.19,2166.89,2161.433,2175.191,2160.405,0.07,96.30600000000001,1710446400
profile,1710509400,20240315,0,2172.78,2157.551,2166.95,2171.59,2162.548,0.0,0.0,0.0,0.0,0.0,1710532800
entry,1710509700,20240315,-1,2172.78,2157.551,2166.95,2171.59,2162.548,2157.76,2171.591,2157.551,0.07,96.81700000000001,1710532800
profile,1710768600,20240318,0,2163.65,2146.104,2147.338,2156.248,2146.378,0.0,0.0,0.0,0.0,0.0,1710792000
entry,1710768900,20240318,1,2163.65,2146.104,2147.338,2156.248,2146.378,2157.303,2146.377,2163.65,0.09,98.33399999999999,1710792000
timed_exit,1710792000,20240318,0,2163.65,2146.104,2147.338,2156.248,2146.378,0.0,0.0,0.0,0.0,0.0,1710792000
profile,1710855000,20240319,0,2162.877,2147.185,2161.038,2162.632,2154.541,0.0,0.0,0.0,0.0,0.0,1710878400
entry,1710855300,20240319,-1,2162.877,2147.185,2161.038,2162.632,2154.541,2154.418,2162.633,2147.185,0.11,90.365,1710878400
timed_exit,1710878400,20240319,0,2162.877,2147.185,2161.038,2162.632,2154.541,0.0,0.0,0.0,0.0,0.0,1710878400
profile,1710941400,20240320,0,2160.216,2149.599,2157.479,2159.718,2154.41,0.0,0.0,0.0,0.0,0.0,1710964800
entry,1710941700,20240320,-1,2160.216,2149.599,2157.479,2159.718,2154.41,2151.614,2159.719,2149.599,0.11,89.155,1710964800
profile,1711027800,20240321,0,2212.619,2186.451,2203.828,2208.121,2201.579,0.0,0.0,0.0,0.0,0.0,1711051200
entry,1711028100,20240321,-1,2212.619,2186.451,2203.828,2208.121,2201.579,2199.845,2208.122,2186.451,0.11,91.04700000000001,1711051200
profile,1711114200,20240322,0,2186.08,2162.622,2174.168,2176.917,2166.654,0.0,0.0,0.0,0.0,0.0,1711137600
entry,1711115400,20240322,1,2186.08,2162.622,2174.168,2176.917,2166.654,2179.236,2166.653,2186.08,0.08,100.664,1711137600
profile,1711373400,20240325,0,2178.39,2163.45,2175.472,2178.39,2167.185,0.0,0.0,0.0,0.0,0.0,1711396800
invalid_geometry,1711374300,20240325,1,2178.39,2163.45,2175.472,2178.39,2167.185,2178.617,2167.184,2178.39,0.0,0.0,1711396800
profile,1711459800,20240326,0,2200.096,2167.582,2171.9,2191.459,2167.582,0.0,0.0,0.0,0.0,0.0,1711483200
profile,1711546200,20240327,0,2197.623,2173.161,2178.321,2187.303,2173.925,0.0,0.0,0.0,0.0,0.0,1711569600
entry,1711546500,20240327,1,2197.623,2173.161,2178.321,2187.303,2173.925,2187.925,2173.924,2197.623,0.07,98.007,1711569600
timed_exit,1711569600,20240327,0,2197.623,2173.161,2178.321,2187.303,2173.925,0.0,0.0,0.0,0.0,0.0,1711569600
profile,1711632600,20240328,0,2217.186,2187.357,2195.979,2209.263,2187.357,0.0,0.0,0.0,0.0,0.0,1711656000
entry,1711636800,20240328,1,2217.186,2187.357,2195.979,2209.263,2187.357,2210.402,2187.356,2217.186,0.04,92.184,1711656000
profile,1711978200,20240401,0,2265.68,2235.625,2257.462,2263.332,2248.774,0.0,0.0,0.0,0.0,0.0,1712001600
entry,1711979100,20240401,-1,2265.68,2235.625,2257.462,2263.332,2248.774,2248.769,2263.333,2235.625,0.07,101.94800000000002,1712001600
profile,1712064600,20240402,0,2266.818,2246.674,2257.218,2259.579,2249.192,0.0,0.0,0.0,0.0,0.0,1712088000
entry,1712065200,20240402,1,2266.818,2246.674,2257.218,2259.579,2249.192,2263.782,2249.191,2266.818,0.07,102.137,1712088000
profile,1712151000,20240403,0,2288.349,2265.405,2271.679,2282.613,2267.915,0.0,0.0,0.0,0.0,0.0,1712174400
entry,1712155500,20240403,1,2288.349,2265.405,2271.679,2282.613,2267.915,2283.971,2267.914,2288.349,0.06,96.342,1712174400
profile,1712237400,20240404,0,2304.906,2282.746,2300.578,2302.136,2292.441,0.0,0.0,0.0,0.0,0.0,1712260800
entry,1712237700,20240404,-1,2304.906,2282.746,2300.578,2302.136,2292.441,2286.367,2302.137,2282.746,0.06,94.61999999999999,1712260800
profile,1712323800,20240405,0,2299.305,2267.788,2288.225,2294.873,2278.622,0.0,0.0,0.0,0.0,0.0,1712347200
entry,1712324400,20240405,1,2299.305,2267.788,2288.225,2294.873,2278.622,2297.035,2278.621,2299.305,0.05,92.07000000000001,1712347200
profile,1712583000,20240408,0,2354.196,2302.899,2336.963,2348.585,2325.341,0.0,0.0,0.0,0.0,0.0,1712606400
entry,1712585100,20240408,-1,2354.196,2302.899,2336.963,2348.585,2325.341,2319.648,2348.586,2302.899,0.04,115.75200000000001,1712606400
timed_exit,1712606400,20240408,0,2354.196,2302.899,2336.963,2348.585,2325.341,0.0,0.0,0.0,0.0,0.0,1712606400
profile,1712669400,20240409,0,2365.376,2336.708,2345.443,2354.178,2338.052,0.0,0.0,0.0,0.0,0.0,1712692800
entry,1712669700,20240409,1,2365.376,2336.708,2345.443,2354.178,2338.052,2356.673,2338.051,2365.376,0.05,93.11000000000001,1712692800
timed_exit,1712692800,20240409,0,2365.376,2336.708,2345.443,2354.178,2338.052,0.0,0.0,0.0,0.0,0.0,1712692800
profile,1712755800,20240410,0,2360.124,2321.964,2347.305,2360.124,2341.044,0.0,0.0,0.0,0.0,0.0,1712779200
entry,1712756100,20240410,-1,2360.124,2321.964,2347.305,2360.124,2341.044,2327.408,2360.125,2321.964,0.03,98.151,1712779200
timed_exit,1712779200,20240410,0,2360.124,2321.964,2347.305,2360.124,2341.044,0.0,0.0,0.0,0.0,0.0,1712779200
profile,1712842200,20240411,0,2346.976,2325.63,2334.802,2342.64,2333.635,0.0,0.0,0.0,0.0,0.0,1712865600
entry,1712842500,20240411,1,2346.976,2325.63,2334.802,2342.64,2333.635,2344.436,2333.634,2346.976,0.09,97.218,1712865600
profile,1712928600,20240412,0,2400.677,2371.331,2396.779,2399.76,2386.921,0.0,0.0,0.0,0.0,0.0,1712952000
invalid_geometry,1712929500,20240412,1,2400.677,2371.331,2396.779,2399.76,2386.921,2402.739,2386.92,2400.677,0.0,0.0,1712952000
profile,1713187800,20240415,0,2371.957,2344.748,2356.014,2360.478,2352.401,0.0,0.0,0.0,0.0,0.0,1713211200
entry,1713188400,20240415,-1,2371.957,2344.748,2356.014,2360.478,2352.401,2350.471,2360.479,2344.748,0.09,90.07199999999999,1713211200
profile,1713274200,20240416,0,2392.126,2363.001,2371.42,2383.935,2365.276,0.0,0.0,0.0,0.0,0.0,1713297600
entry,1713279900,20240416,1,2392.126,2363.001,2371.42,2383.935,2365.276,2388.909,2365.275,2392.126,0.04,94.536,1713297600
profile,1713360600,20240417,0,2394.324,2372.681,2381.643,2388.237,2378.768,0.0,0.0,0.0,0.0,0.0,1713384000
entry,1713360900,20240417,1,2394.324,2372.681,2381.643,2388.237,2378.768,2390.099,2378.767,2394.324,0.08,90.656,1713384000
profile,1713447000,20240418,0,2391.57,2363.544,2379.528,2385.877,2372.74,0.0,0.0,0.0,0.0,0.0,1713470400
entry,1713447300,20240418,1,2391.57,2363.544,2379.528,2385.877,2372.74,2388.196,2372.739,2391.57,0.06,92.742,1713470400
profile,1713533400,20240419,0,2417.942,2372.799,2382.321,2393.96,2373.504,0.0,0.0,0.0,0.0,0.0,1713556800
entry,1713539400,20240419,1,2417.942,2372.799,2382.321,2393.96,2373.504,2394.582,2373.503,2417.942,0.05,105.39500000000001,1713556800
timed_exit,1713556800,20240419,0,2417.942,2372.799,2382.321,2393.96,2373.504,0.0,0.0,0.0,0.0,0.0,1713556800
profile,1713792600,20240422,0,2388.633,2332.965,2361.234,2386.893,2352.971,0.0,0.0,0.0,0.0,0.0,1713816000
entry,1713792900,20240422,-1,2388.633,2332.965,2361.234,2386.893,2352.971,2333.415,2386.894,2332.965,0.02,106.958,1713816000
profile,1713879000,20240423,0,2334.415,2291.358,2302.459,2312.214,2299.431,0.0,0.0,0.0,0.0,0.0,1713902400
entry,1713879300,20240423,1,2334.415,2291.358,2302.459,2312.214,2299.431,2314.739,2299.43,2334.415,0.06,91.854,1713902400
timed_exit,1713902400,20240423,0,2334.415,2291.358,2302.459,2312.214,2299.431,0.0,0.0,0.0,0.0,0.0,1713902400
profile,1713965400,20240424,0,2331.355,2311.736,2322.312,2324.304,2314.801,0.0,0.0,0.0,0.0,0.0,1713988800
entry,1713969600,20240424,1,2331.355,2311.736,2322.312,2324.304,2314.801,2326.326,2314.8,2331.355,0.08,92.208,1713988800
profile,1714051800,20240425,0,2334.805,2304.871,2325.684,2334.805,2317.967,0.0,0.0,0.0,0.0,0.0,1714075200
entry,1714054200,20240425,-1,2334.805,2304.871,2325.684,2334.805,2317.967,2317.879,2334.806,2304.871,0.06,101.562,1714075200
profile,1714138200,20240426,0,2352.593,2326.25,2347.448,2350.535,2334.894,0.0,0.0,0.0,0.0,0.0,1714161600
entry,1714142400,20240426,-1,2352.593,2326.25,2347.448,2350.535,2334.894,2332.128,2350.536,2326.25,0.05,92.04,1714161600
timed_exit,1714161600,20240426,0,2352.593,2326.25,2347.448,2350.535,2334.894,0.0,0.0,0.0,0.0,0.0,1714161600
profile,1714397400,20240429,0,2344.382,2319.773,2332.27,2338.23,2327.848,0.0,0.0,0.0,0.0,0.0,1714420800
entry,1714401000,20240429,1,2344.382,2319.773,2332.27,2338.23,2327.848,2338.971,2327.847,2344.382,0.08,88.992,1714420800
profile,1714483800,20240430,0,2336.252,2302.846,2333.903,2336.252,2313.807,0.0,0.0,0.0,0.0,0.0,1714507200
entry,1714484100,20240430,-1,2336.252,2302.846,2333.903,2336.252,2313.807,2305.383,2336.253,2302.846,0.03,92.61,1714507200
profile,1714570200,20240501,0,2302.28,2281.595,2287.251,2292.584,2283.857,0.0,0.0,0.0,0.0,0.0,1714593600
entry,1714570500,20240501,1,2302.28,2281.595,2287.251,2292.584,2283.857,2300.522,2283.856,2302.28,0.06,99.996,1714593600
profile,1714656600,20240502,0,2326.53,2286.06,2324.317,2326.53,2300.604,0.0,0.0,0.0,0.0,0.0,1714680000
entry,1714656900,20240502,-1,2326.53,2286.06,2324.317,2326.53,2300.604,2292.792,2326.531,2286.06,0.03,101.217,1714680000
profile,1714743000,20240503,0,2320.787,2294.64,2300.972,2304.854,2298.317,0.0,0.0,0.0,0.0,0.0,1714766400
invalid_geometry,1714743300,20240503,-1,2320.787,2294.64,2300.972,2304.854,2298.317,2282.112,2304.855,2294.64,0.0,0.0,1714766400
profile,1715002200,20240506,0,2330.323,2291.806,2313.773,2323.101,2306.25,0.0,0.0,0.0,0.0,0.0,1715025600
entry,1715002500,20240506,1,2330.323,2291.806,2313.773,2323.101,2306.25,2325.608,2306.249,2330.323,0.05,96.79500000000002,1715025600
profile,1715088600,20240507,0,2329.964,2309.932,2315.409,2323.078,2310.245,0.0,0.0,0.0,0.0,0.0,1715112000
profile,1715175000,20240508,0,2321.373,2303.622,2315.964,2319.431,2310.556,0.0,0.0,0.0,0.0,0.0,1715198400
entry,1715175300,20240508,-1,2321.373,2303.622,2315.964,2319.431,2310.556,2310.4,2319.432,2303.622,0.1,90.32000000000001,1715198400
profile,1715261400,20240509,0,2329.458,2306.517,2309.922,2315.478,2307.951,0.0,0.0,0.0,0.0,0.0,1715284800
entry,1715261700,20240509,1,2329.458,2306.517,2309.922,2315.478,2307.951,2319.848,2307.95,2329.458,0.08,95.184,1715284800
profile,1715347800,20240510,0,2378.513,2345.031,2366.742,2378.513,2353.402,0.0,0.0,0.0,0.0,0.0,1715371200
profile,1715607000,20240513,0,2364.525,2338.402,2348.402,2356.77,2339.218,0.0,0.0,0.0,0.0,0.0,1715630400
invalid_geometry,1715612700,20240513,-1,2364.525,2338.402,2348.402,2356.77,2339.218,2337.183,2356.771,2338.402,0.0,0.0,1715630400
profile,1715693400,20240514,0,2352.57,2334.771,2345.756,2348.398,2338.943,0.0,0.0,0.0,0.0,0.0,1715716800
entry,1715694000,20240514,1,2352.57,2334.771,2345.756,2348.398,2338.943,2349.254,2338.942,2352.57,0.09,92.808,1715716800
profile,1715779800,20240515,0,2379.022,2354.878,2358.085,2369.214,2354.878,0.0,0.0,0.0,0.0,0.0,1715803200
invalid_geometry,1715781300,20240515,-1,2379.022,2354.878,2358.085,2369.214,2354.878,2353.595,2369.215,2354.878,0.0,0.0,1715803200
profile,1715866200,20240516,0,2397.381,2373.319,2388.17,2392.117,2381.966,0.0,0.0,0.0,0.0,0.0,1715889600
entry,1715866500,20240516,-1,2397.381,2373.319,2388.17,2392.117,2381.966,2373.909,2392.118,2373.319,0.05,91.04500000000002,1715889600
profile,1715952600,20240517,0,2405.18,2373.971,2378.116,2387.137,2375.434,0.0,0.0,0.0,0.0,0.0,1715976000
entry,1715952900,20240517,1,2405.18,2373.971,2378.116,2387.137,2375.434,2401.136,2375.433,2405.18,0.04,102.81200000000001,1715976000
profile,1716211800,20240520,0,2450.064,2407.316,2435.703,2446.724,2422.011,0.0,0.0,0.0,0.0,0.0,1716235200
entry,1716212100,20240520,-1,2450.064,2407.316,2435.703,2446.724,2422.011,2412.742,2446.725,2407.316,0.03,101.949,1716235200
timed_exit,1716235200,20240520,0,2450.064,2407.316,2435.703,2446.724,2422.011,0.0,0.0,0.0,0.0,0.0,1716235200
profile,1716298200,20240521,0,2433.119,2406.095,2416.862,2425.519,2409.895,0.0,0.0,0.0,0.0,0.0,1716321600
entry,1716298500,20240521,1,2433.119,2406.095,2416.862,2425.519,2409.895,2427.4,2409.894,2433.119,0.06,105.03599999999999,1716321600
profile,1716384600,20240522,0,2426.57,2404.723,2415.817,2418.036,2408.819,0.0,0.0,0.0,0.0,0.0,1716408000
entry,1716385200,20240522,-1,2426.57,2404.723,2415.817,2418.036,2408.819,2408.094,2418.037,2404.723,0.09,89.487,1716408000
profile,1716471000,20240523,0,2383.729,2354.951,2362.82,2372.937,2360.347,0.0,0.0,0.0,0.0,0.0,1716494400
entry,1716472200,20240523,-1,2383.729,2354.951,2362.82,2372.937,2360.347,2356.13,2372.938,2354.951,0.06,100.848,1716494400
profile,1716557400,20240524,0,2344.903,2325.389,2338.348,2344.903,2332.707,0.0,0.0,0.0,0.0,0.0,1716580800
entry,1716573300,20240524,-1,2344.903,2325.389,2338.348,2344.903,2332.707,2332.388,2344.904,2325.389,0.08,100.128,1716580800
timed_exit,1716580800,20240524,0,2344.903,2325.389,2338.348,2344.903,2332.707,0.0,0.0,0.0,0.0,0.0,1716580800
profile,1716816600,20240527,0,2351.748,2332.221,2344.883,2349.612,2339.849,0.0,0.0,0.0,0.0,0.0,1716840000
entry,1716816900,20240527,1,2351.748,2332.221,2344.883,2349.612,2339.849,2350.759,2339.848,2351.748,0.09,98.19899999999998,1716840000
profile,1716903000,20240528,0,2364.12,2340.271,2343.811,2352.941,2340.644,0.0,0.0,0.0,0.0,0.0,1716926400
entry,1716903300,20240528,1,2364.12,2340.271,2343.811,2352.941,2340.644,2360.608,2340.643,2364.12,0.05,99.825,1716926400
timed_exit,1716926400,20240528,0,2364.12,2340.271,2343.811,2352.941,2340.644,0.0,0.0,0.0,0.0,0.0,1716926400
profile,1716989400,20240529,0,2362.399,2334.546,2358.265,2361.529,2344.556,0.0,0.0,0.0,0.0,0.0,1717012800
entry,1716989700,20240529,-1,2362.399,2334.546,2358.265,2361.529,2344.556,2344.176,2361.53,2334.546,0.06,104.124,1717012800
timed_exit,1717012800,20240529,0,2362.399,2334.546,2358.265,2361.529,2344.556,0.0,0.0,0.0,0.0,0.0,1717012800
profile,1717075800,20240530,0,2345.269,2322.587,2334.46,2339.953,2330.384,0.0,0.0,0.0,0.0,0.0,1717099200
invalid_geometry,1717076100,20240530,1,2345.269,2322.587,2334.46,2339.953,2330.384,2345.603,2330.383,2345.269,0.0,0.0,1717099200
profile,1717162200,20240531,0,2359.732,2336.975,2343.553,2346.931,2341.242,0.0,0.0,0.0,0.0,0.0,1717185600
entry,1717162500,20240531,1,2359.732,2336.975,2343.553,2346.931,2341.242,2351.387,2341.241,2359.732,0.09,91.314,1717185600
profile,1717421400,20240603,0,2336.527,2314.729,2325.798,2333.462,2323.584,0.0,0.0,0.0,0.0,0.0,1717444800
entry,1717421700,20240603,1,2336.527,2314.729,2325.798,2333.462,2323.584,2334.097,2323.583,2336.527,0.09,94.626,1717444800
profile,1717507800,20240604,0,2352.836,2325.286,2350.468,2352.836,2332.604,0.0,0.0,0.0,0.0,0.0,1717531200
entry,1717508100,20240604,-1,2352.836,2325.286,2350.468,2352.836,2332.604,2331.982,2352.837,2325.286,0.05,104.275,1717531200
profile,1717594200,20240605,0,2345.274,2325.895,2332.405,2335.585,2326.803,0.0,0.0,0.0,0.0,0.0,1717617600
entry,1717594500,20240605,1,2345.274,2325.895,2332.405,2335.585,2326.803,2341.758,2326.802,2345.274,0.06,89.73599999999999,1717617600
profile,1717680600,20240606,0,2375.003,2353.399,2360.657,2367.577,2354.749,0.0,0.0,0.0,0.0,0.0,1717704000
entry,1717686600,20240606,1,2375.003,2353.399,2360.657,2367.577,2354.749,2367.768,2354.748,2375.003,0.07,91.14000000000001,1717704000
profile,1717767000,20240607,0,2387.739,2313.248,2376.682,2387.739,2335.363,0.0,0.0,0.0,0.0,0.0,1717790400
entry,1717767300,20240607,-1,2387.739,2313.248,2376.682,2387.739,2335.363,2320.854,2387.74,2313.248,0.02,133.77200000000002,1717790400
profile,1718026200,20240610,0,2308.699,2287.738,2296.09,2299.529,2292.651,0.0,0.0,0.0,0.0,0.0,1718049600
entry,1718026500,20240610,1,2308.699,2287.738,2296.09,2299.529,2292.651,2302.149,2292.65,2308.699,0.1,94.99000000000001,1718049600
profile,1718112600,20240611,0,2319.988,2297.684,2306.571,2310.23,2300.821,0.0,0.0,0.0,0.0,0.0,1718136000
entry,1718112900,20240611,1,2319.988,2297.684,2306.571,2310.23,2300.821,2312.941,2300.82,2319.988,0.08,96.96799999999999,1718136000
timed_exit,1718136000,20240611,0,2319.988,2297.684,2306.571,2310.23,2300.821,0.0,0.0,0.0,0.0,0.0,1718136000
profile,1718199000,20240612,0,2341.667,2310.743,2313.884,2317.024,2311.226,0.0,0.0,0.0,0.0,0.0,1718222400
entry,1718199300,20240612,1,2341.667,2310.743,2313.884,2317.024,2311.226,2337.146,2311.225,2341.667,0.04,103.684,1718222400
timed_exit,1718222400,20240612,0,2341.667,2310.743,2313.884,2317.024,2311.226,0.0,0.0,0.0,0.0,0.0,1718222400
profile,1718285400,20240613,0,2326.793,2303.972,2313.778,2319.661,2309.677,0.0,0.0,0.0,0.0,0.0,1718308800
entry,1718285700,20240613,1,2326.793,2303.972,2313.778,2319.661,2309.677,2322.866,2309.676,2326.793,0.07,92.33000000000001,1718308800
profile,1718371800,20240614,0,2336.596,2301.54,2305.648,2327.832,2301.54,0.0,0.0,0.0,0.0,0.0,1718395200
entry,1718372100,20240614,1,2336.596,2301.54,2305.648,2327.832,2301.54,2328.083,2301.539,2336.596,0.04,106.176,1718395200
timed_exit,1718395200,20240614,0,2336.596,2301.54,2305.648,2327.832,2301.54,0.0,0.0,0.0,0.0,0.0,1718395200
profile,1718631000,20240617,0,2331.523,2315.475,2320.615,2324.251,2316.478,0.0,0.0,0.0,0.0,0.0,1718654400
entry,1718631300,20240617,1,2331.523,2315.475,2320.615,2324.251,2316.478,2325.711,2316.477,2331.523,0.1,92.34,1718654400
profile,1718717400,20240618,0,2325.67,2306.57,2320.149,2325.67,2314.031,0.0,0.0,0.0,0.0,0.0,1718740800
invalid_geometry,1718719200,20240618,1,2325.67,2306.57,2320.149,2325.67,2314.031,2326.814,2314.03,2325.67,0.0,0.0,1718740800
profile,1718803800,20240619,0,2335.002,2325.2,2329.259,2330.714,2327.497,0.0,0.0,0.0,0.0,0.0,1718827200
invalid_geometry,1718805900,20240619,-1,2335.002,2325.2,2329.259,2330.714,2327.497,2324.455,2330.715,2325.2,0.0,0.0,1718827200
profile,1718890200,20240620,0,2345.712,2327.777,2333.802,2341.228,2332.541,0.0,0.0,0.0,0.0,0.0,1718913600
entry,1718891100,20240620,1,2345.712,2327.777,2333.802,2341.228,2332.541,2345.21,2332.54,2345.712,0.07,88.69000000000001,1718913600
profile,1718976600,20240621,0,2368.78,2353.593,2362.966,2364.746,2358.814,0.0,0.0,0.0,0.0,0.0,1719000000
invalid_geometry,1718976900,20240621,-1,2368.78,2353.593,2362.966,2364.746,2358.814,2351.827,2364.747,2353.593,0.0,0.0,1719000000
profile,1719235800,20240624,0,2332.813,2317.726,2325.859,2327.627,2321.498,0.0,0.0,0.0,0.0,0.0,1719259200
entry,1719236100,20240624,1,2332.813,2317.726,2325.859,2327.627,2321.498,2332.585,2321.497,2332.813,0.08,88.704,1719259200
profile,1719322200,20240625,0,2337.128,2321.643,2326.119,2329.869,2323.821,0.0,0.0,0.0,0.0,0.0,1719345600
entry,1719322500,20240625,-1,2337.128,2321.643,2326.119,2329.869,2323.821,2322.401,2329.87,2321.643,0.12,89.628,1719345600
profile,1719408600,20240626,0,2323.934,2296.712,2316.916,2320.957,2312.45,0.0,0.0,0.0,0.0,0.0,1719432000
entry,1719408900,20240626,-1,2323.934,2296.712,2316.916,2320.957,2312.45,2298.28,2320.958,2296.712,0.04,90.712,1719432000
profile,1719495000,20240627,0,2325.855,2296.467,2298.533,2314.375,2296.926,0.0,0.0,0.0,0.0,0.0,1719518400
entry,1719495300,20240627,1,2325.855,2296.467,2298.533,2314.375,2296.926,2324.142,2296.925,2325.855,0.04,108.868,1719518400
profile,1719581400,20240628,0,2339.847,2319.047,2327.66,2333.022,2319.372,0.0,0.0,0.0,0.0,0.0,1719604800
profile,1719840600,20240701,0,2338.52,2318.475,2325.209,2328.811,2322.233,0.0,0.0,0.0,0.0,0.0,1719864000
entry,1719841200,20240701,1,2338.52,2318.475,2325.209,2328.811,2322.233,2331.008,2322.232,2338.52,0.11,96.536,1719864000
profile,1719927000,20240702,0,2334.337,2319.041,2332.067,2333.381,2325.494,0.0,0.0,0.0,0.0,0.0,1719950400
invalid_geometry,1719928200,20240702,1,2334.337,2319.041,2332.067,2333.381,2325.494,2334.712,2325.493,2334.337,0.0,0.0,1719950400
profile,1720013400,20240703,0,2356.17,2326.82,2345.852,2356.17,2333.699,0.0,0.0,0.0,0.0,0.0,1720036800
invalid_geometry,1720014300,20240703,1,2356.17,2326.82,2345.852,2356.17,2333.699,2357.61,2333.698,2356.17,0.0,0.0,1720036800
profile,1720099800,20240704,0,2362.574,2350.379,2358.287,2359.716,2356.286,0.0,0.0,0.0,0.0,0.0,1720123200
entry,1720102500,20240704,1,2362.574,2350.379,2358.287,2359.716,2356.286,2359.859,2356.285,2362.574,0.25,89.35,1720123200
profile,1720186200,20240705,0,2380.162,2346.201,2363.977,2368.488,2357.344,0.0,0.0,0.0,0.0,0.0,1720209600
entry,1720186500,20240705,1,2380.162,2346.201,2363.977,2368.488,2357.344,2379.36,2357.343,2380.162,0.04,88.068,1720209600
profile,1720445400,20240708,0,2391.128,2368.297,2386.312,2388.988,2374.005,0.0,0.0,0.0,0.0,0.0,1720468800
entry,1720446300,20240708,-1,2391.128,2368.297,2386.312,2388.988,2374.005,2373.933,2388.989,2368.297,0.06,90.33599999999998,1720468800
profile,1720531800,20240709,0,2368.815,2356.099,2364.146,2365.636,2360.073,0.0,0.0,0.0,0.0,0.0,1720555200
entry,1720532400,20240709,1,2368.815,2356.099,2364.146,2365.636,2360.073,2366.265,2360.072,2368.815,0.15,92.895,1720555200
profile,1720618200,20240710,0,2381.819,2363.317,2367.509,2373.435,2363.317,0.0,0.0,0.0,0.0,0.0,1720641600
entry,1720618500,20240710,1,2381.819,2363.317,2367.509,2373.435,2363.317,2379.396,2363.316,2381.819,0.06,96.47999999999999,1720641600
profile,1720704600,20240711,0,2413.069,2371.23,2381.363,2401.956,2371.23,0.0,0.0,0.0,0.0,0.0,1720728000
entry,1720704900,20240711,1,2413.069,2371.23,2381.363,2401.956,2371.23,2407.656,2371.229,2413.069,0.03,109.28099999999999,1720728000
profile,1720791000,20240712,0,2416.289,2391.402,2404.429,2410.845,2398.79,0.0,0.0,0.0,0.0,0.0,1720814400
entry,1720797000,20240712,1,2416.289,2391.402,2404.429,2410.845,2398.79,2412.016,2398.789,2416.289,0.07,92.58900000000001,1720814400
profile,1721050200,20240715,0,2420.882,2401.339,2407.599,2413.553,2403.171,0.0,0.0,0.0,0.0,0.0,1721073600
entry,1721050500,20240715,1,2420.882,2401.339,2407.599,2413.553,2403.171,2415.911,2403.17,2420.882,0.07,89.187,1721073600
profile,1721136600,20240716,0,2444.022,2419.948,2427.283,2440.26,2426.343,0.0,0.0,0.0,0.0,0.0,1721160000
entry,1721137200,20240716,1,2444.022,2419.948,2427.283,2440.26,2426.343,2442.637,2426.342,2444.022,0.06,97.77,1721160000
profile,1721223000,20240717,0,2482.399,2461.821,2473.557,2475.325,2466.644,0.0,0.0,0.0,0.0,0.0,1721246400
entry,1721223300,20240717,1,2482.399,2461.821,2473.557,2475.325,2466.644,2476.051,2466.643,2482.399,0.1,94.08,1721246400
profile,1721309400,20240718,0,2475.0,2457.323,2466.3,2468.647,2460.914,0.0,0.0,0.0,0.0,0.0,1721332800
entry,1721309700,20240718,-1,2475.0,2457.323,2466.3,2468.647,2460.914,2459.728,2468.648,2457.323,0.1,89.2,1721332800
profile,1721395800,20240719,0,2445.597,2393.789,2426.574,2434.264,2412.408,0.0,0.0,0.0,0.0,0.0,1721419200
entry,1721396100,20240719,-1,2445.597,2393.789,2426.574,2434.264,2412.408,2398.846,2434.265,2393.789,0.03,106.257,1721419200
timed_exit,1721419200,20240719,0,2445.597,2393.789,2426.574,2434.264,2412.408,0.0,0.0,0.0,0.0,0.0,1721419200
profile,1721655000,20240722,0,2412.191,2388.789,2403.964,2410.728,2401.221,0.0,0.0,0.0,0.0,0.0,1721678400
entry,1721655300,20240722,-1,2412.191,2388.789,2403.964,2410.728,2401.221,2398.884,2410.729,2388.789,0.08,94.76,1721678400
profile,1721741400,20240723,0,2412.034,2388.259,2407.39,2409.062,2396.803,0.0,0.0,0.0,0.0,0.0,1721764800
profile,1721827800,20240724,0,2423.036,2404.9,2416.093,2418.219,2411.418,0.0,0.0,0.0,0.0,0.0,1721851200
entry,1721828100,20240724,1,2423.036,2404.9,2416.093,2418.219,2411.418,2419.122,2411.417,2423.036,0.12,92.46,1721851200
profile,1721914200,20240725,0,2401.226,2362.753,2374.475,2378.383,2368.163,0.0,0.0,0.0,0.0,0.0,1721937600
entry,1721914800,20240725,-1,2401.226,2362.753,2374.475,2378.383,2368.163,2366.853,2378.384,2362.753,0.08,92.24799999999999,1721937600
profile,1722000600,20240726,0,2380.003,2355.876,2373.406,2376.61,2368.316,0.0,0.0,0.0,0.0,0.0,1722024000
entry,1722000900,20240726,1,2380.003,2355.876,2373.406,2376.61,2368.316,2379.739,2368.315,2380.003,0.08,91.39200000000001,1722024000
profile,1722259800,20240729,0,2403.189,2385.419,2391.944,2395.692,2389.862,0.0,0.0,0.0,0.0,0.0,1722283200
entry,1722262800,20240729,-1,2403.189,2385.419,2391.944,2395.692,2389.862,2389.546,2395.693,2385.419,0.15,92.205,1722283200
profile,1722346200,20240730,0,2395.19,2376.505,2388.913,2392.27,2382.928,0.0,0.0,0.0,0.0,0.0,1722369600
invalid_geometry,1722346500,20240730,1,2395.19,2376.505,2388.913,2392.27,2382.928,2396.553,2382.927,2395.19,0.0,0.0,1722369600
profile,1722432600,20240731,0,2425.544,2403.91,2419.628,2422.84,2414.389,0.0,0.0,0.0,0.0,0.0,1722456000
entry,1722433200,20240731,1,2425.544,2403.91,2419.628,2422.84,2414.389,2424.055,2414.388,2425.544,0.1,96.67000000000002,1722456000
profile,1722519000,20240801,0,2458.412,2430.226,2445.42,2453.568,2439.915,0.0,0.0,0.0,0.0,0.0,1722542400
entry,1722519300,20240801,1,2458.412,2430.226,2445.42,2453.568,2439.915,2456.156,2439.914,2458.412,0.06,97.452,1722542400
profile,1722605400,20240802,0,2477.756,2434.906,2463.361,2466.374,2446.958,0.0,0.0,0.0,0.0,0.0,1722628800
entry,1722605700,20240802,1,2477.756,2434.906,2463.361,2466.374,2446.958,2469.124,2446.957,2477.756,0.05,110.835,1722628800
profile,1722864600,20240805,0,2458.87,2364.3,2425.623,2455.915,2417.496,0.0,0.0,0.0,0.0,0.0,1722888000
entry,1722864900,20240805,-1,2458.87,2364.3,2425.623,2455.915,2417.496,2383.481,2455.916,2364.3,0.02,144.87,1722888000
timed_exit,1722888000,20240805,0,2458.87,2364.3,2425.623,2455.915,2417.496,0.0,0.0,0.0,0.0,0.0,1722888000
profile,1722951000,20240806,0,2418.341,2388.846,2409.354,2415.576,2404.976,0.0,0.0,0.0,0.0,0.0,1722974400
entry,1722951300,20240806,-1,2418.341,2388.846,2409.354,2415.576,2404.976,2393.181,2415.577,2388.846,0.04,89.584,1722974400
profile,1723037400,20240807,0,2407.124,2378.975,2385.353,2394.369,2380.734,0.0,0.0,0.0,0.0,0.0,1723060800
entry,1723037700,20240807,1,2407.124,2378.975,2385.353,2394.369,2380.734,2403.86,2380.733,2407.124,0.04,92.508,1723060800
timed_exit,1723060800,20240807,0,2407.124,2378.975,2385.353,2394.369,2380.734,0.0,0.0,0.0,0.0,0.0,1723060800
profile,1723123800,20240808,0,2415.588,2380.918,2394.19,2415.046,2390.127,0.0,0.0,0.0,0.0,0.0,1723147200
entry,1723124700,20240808,1,2415.588,2380.918,2394.19,2415.046,2390.127,2415.471,2390.126,2415.588,0.04,101.38,1723147200
profile,1723210200,20240809,0,2432.673,2416.863,2423.903,2426.991,2420.568,0.0,0.0,0.0,0.0,0.0,1723233600
entry,1723210500,20240809,1,2432.673,2416.863,2423.903,2426.991,2420.568,2430.536,2420.567,2432.673,0.09,89.72099999999999,1723233600
profile,1723469400,20240812,0,2446.61,2423.859,2428.658,2441.989,2424.214,0.0,0.0,0.0,0.0,0.0,1723492800
invalid_geometry,1723469700,20240812,1,2446.61,2423.859,2428.658,2441.989,2424.214,2450.113,2424.213,2446.61,0.0,0.0,1723492800
profile,1723555800,20240813,0,2476.995,2458.525,2464.153,2466.606,2459.679,0.0,0.0,0.0,0.0,0.0,1723579200
entry,1723556100,20240813,1,2476.995,2458.525,2464.153,2466.606,2459.679,2469.621,2459.678,2476.995,0.09,89.487,1723579200
timed_exit,1723579200,20240813,0,2476.995,2458.525,2464.153,2466.606,2459.679,0.0,0.0,0.0,0.0,0.0,1723579200
profile,1723642200,20240814,0,2480.113,2449.46,2473.168,2475.323,2462.392,0.0,0.0,0.0,0.0,0.0,1723665600
entry,1723642500,20240814,-1,2480.113,2449.46,2473.168,2475.323,2462.392,2452.24,2475.324,2449.46,0.04,92.336,1723665600
profile,1723728600,20240815,0,2470.126,2432.126,2455.579,2458.845,2447.564,0.0,0.0,0.0,0.0,0.0,1723752000
entry,1723729500,20240815,-1,2470.126,2432.126,2455.579,2458.845,2447.564,2443.815,2458.846,2432.126,0.06,90.18599999999999,1723752000
profile,1723815000,20240816,0,2492.689,2450.746,2455.006,2468.441,2450.746,0.0,0.0,0.0,0.0,0.0,1723838400
entry,1723815300,20240816,1,2492.689,2450.746,2455.006,2468.441,2450.746,2489.227,2450.745,2492.689,0.03,115.44599999999998,1723838400
profile,1724074200,20240819,0,2507.211,2486.517,2503.493,2506.564,2497.511,0.0,0.0,0.0,0.0,0.0,1724097600
entry,1724074500,20240819,-1,2507.211,2486.517,2503.493,2506.564,2497.511,2493.265,2506.565,2486.517,0.07,93.10000000000001,1724097600
profile,1724160600,20240820,0,2529.184,2497.289,2522.456,2529.184,2503.269,0.0,0.0,0.0,0.0,0.0,1724184000
invalid_geometry,1724162100,20240820,1,2529.184,2497.289,2522.456,2529.184,2503.269,2530.007,2503.268,2529.184,0.0,0.0,1724184000
profile,1724247000,20240821,0,2519.976,2504.451,2514.275,2519.248,2509.788,0.0,0.0,0.0,0.0,0.0,1724270400
entry,1724247300,20240821,-1,2519.976,2504.451,2514.275,2519.248,2509.788,2504.899,2519.249,2504.451,0.07,100.45,1724270400
profile,1724333400,20240822,0,2514.735,2491.214,2501.688,2508.855,2500.034,0.0,0.0,0.0,0.0,0.0,1724356800
invalid_geometry,1724333700,20240822,-1,2514.735,2491.214,2501.688,2508.855,2500.034,2486.392,2508.856,2491.214,0.0,0.0,1724356800
profile,1724419800,20240823,0,2503.936,2484.404,2493.407,2499.053,2486.54,0.0,0.0,0.0,0.0,0.0,1724443200
invalid_geometry,1724421900,20240823,1,2503.936,2484.404,2493.407,2499.053,2486.54,2510.884,2486.539,2503.936,0.0,0.0,1724443200
profile,1724679000,20240826,0,2527.033,2508.67,2524.881,2527.033,2513.548,0.0,0.0,0.0,0.0,0.0,1724702400
entry,1724685600,20240826,-1,2527.033,2508.67,2524.881,2527.033,2513.548,2512.361,2527.034,2508.67,0.06,88.038,1724702400
timed_exit,1724702400,20240826,0,2527.033,2508.67,2524.881,2527.033,2513.548,0.0,0.0,0.0,0.0,0.0,1724702400
profile,1724765400,20240827,0,2518.075,2503.486,2510.894,2512.604,2506.221,0.0,0.0,0.0,0.0,0.0,1724788800
entry,1724766900,20240827,1,2518.075,2503.486,2510.894,2512.604,2506.221,2512.966,2506.22,2518.075,0.13,87.69800000000001,1724788800
profile,1724851800,20240828,0,2529.086,2493.522,2507.136,2515.194,2496.3,0.0,0.0,0.0,0.0,0.0,1724875200
profile,1724938200,20240829,0,2524.47,2503.582,2513.536,2522.512,2511.741,0.0,0.0,0.0,0.0,0.0,1724961600
invalid_geometry,1724944200,20240829,1,2524.47,2503.582,2513.536,2522.512,2511.741,2524.666,2511.74,2524.47,0.0,0.0,1724961600
profile,1725024600,20240830,0,2526.938,2512.19,2519.679,2521.177,2514.034,0.0,0.0,0.0,0.0,0.0,1725048000
entry,1725026700,20240830,-1,2526.938,2512.19,2519.679,2521.177,2514.034,2513.639,2521.178,2512.19,0.12,90.46799999999999,1725048000
profile,1725283800,20240902,0,2507.358,2490.001,2497.73,2503.019,2495.967,0.0,0.0,0.0,0.0,0.0,1725307200
profile,1725370200,20240903,0,2506.273,2484.675,2494.968,2499.524,2491.087,0.0,0.0,0.0,0.0,0.0,1725393600
entry,1725370500,20240903,-1,2506.273,2484.675,2494.968,2499.524,2491.087,2488.983,2499.525,2484.675,0.09,94.878,1725393600
profile,1725456600,20240904,0,2496.974,2471.892,2493.251,2496.582,2485.609,0.0,0.0,0.0,0.0,0.0,1725480000
entry,1725457800,20240904,-1,2496.974,2471.892,2493.251,2496.582,2485.609,2484.928,2496.583,2471.892,0.08,93.24,1725480000
profile,1725543000,20240905,0,2523.598,2493.783,2515.911,2523.598,2499.373,0.0,0.0,0.0,0.0,0.0,1725566400
profile,1725629400,20240906,0,2529.228,2506.637,2518.815,2520.756,2513.344,0.0,0.0,0.0,0.0,0.0,1725652800
entry,1725629700,20240906,-1,2529.228,2506.637,2518.815,2520.756,2513.344,2511.263,2520.757,2506.637,0.1,94.94,1725652800
profile,1725888600,20240909,0,2505.316,2485.527,2497.431,2499.441,2491.402,0.0,0.0,0.0,0.0,0.0,1725912000
entry,1725888900,20240909,1,2505.316,2485.527,2497.431,2499.441,2491.402,2502.506,2491.401,2505.316,0.08,88.84,1725912000
profile,1725975000,20240910,0,2515.383,2500.076,2505.457,2507.251,2502.229,0.0,0.0,0.0,0.0,0.0,1725998400
entry,1725975300,20240910,1,2515.383,2500.076,2505.457,2507.251,2502.229,2512.587,2502.228,2515.383,0.09,93.23100000000001,1725998400
profile,1726061400,20240911,0,2529.084,2502.199,2519.632,2527.404,2515.641,0.0,0.0,0.0,0.0,0.0,1726084800
entry,1726061700,20240911,-1,2529.084,2502.199,2519.632,2527.404,2515.641,2505.878,2527.405,2502.199,0.05,107.63499999999999,1726084800
profile,1726147800,20240912,0,2542.427,2510.997,2517.136,2521.801,2510.997,0.0,0.0,0.0,0.0,0.0,1726171200
entry,1726148100,20240912,1,2542.427,2510.997,2517.136,2521.801,2510.997,2537.754,2510.996,2542.427,0.04,107.03200000000001,1726171200
profile,1726234200,20240913,0,2581.183,2556.766,2566.495,2570.119,2562.489,0.0,0.0,0.0,0.0,0.0,1726257600
entry,1726234500,20240913,1,2581.183,2556.766,2566.495,2570.119,2562.489,2580.331,2562.488,2581.183,0.05,89.215,1726257600
profile,1726493400,20240916,0,2589.675,2575.309,2581.706,2586.084,2578.676,0.0,0.0,0.0,0.0,0.0,1726516800
entry,1726494900,20240916,1,2589.675,2575.309,2581.706,2586.084,2578.676,2588.652,2578.675,2589.675,0.09,89.793,1726516800
profile,1726579800,20240917,0,2586.98,2568.36,2577.234,2582.616,2572.142,0.0,0.0,0.0,0.0,0.0,1726603200
entry,1726586400,20240917,-1,2586.98,2568.36,2577.234,2582.616,2572.142,2571.805,2582.617,2568.36,0.09,97.308,1726603200
profile,1726666200,20240918,0,2580.764,2565.733,2573.366,2576.537,2569.021,0.0,0.0,0.0,0.0,0.0,1726689600
entry,1726669800,20240918,-1,2580.764,2565.733,2573.366,2576.537,2569.021,2569.027,2576.538,2565.733,0.12,90.132,1726689600
