deal,position,order,time,time_msc,entry,type,volume,price,profit,commission,swap,fee,reason,magic,comment
1,0,0,1691884800,1691884800000,0,2,0.00000000,0.00000000,10000.00000000,0.00000000,0.00000000,0.00000000,0,0,
2,2,2,1695832500,1695832500150,0,0,7.01000000,14522.93000000,0.00000000,-4.38000000,0.00000000,0.00000000,3,9282610,PS PDL
3,2,3,1695832831,1695832831000,1,1,7.01000000,14508.42000000,-101.72000000,0.00000000,0.00000000,0.00000000,4,9282610,sl 14508.66
4,4,4,1695973500,1695973500150,0,1,5.75000000,14782.33000000,0.00000000,-3.59000000,0.00000000,0.00000000,3,9282610,PS PDH
5,4,5,1695974845,1695974845000,1,0,5.75000000,14800.17000000,-102.58000000,0.00000000,0.00000000,0.00000000,4,9282610,sl 14799.54
6,6,6,1696206300,1696206300150,0,1,10.61000000,14828.60000000,0.00000000,-6.63000000,0.00000000,0.00000000,3,9282610,PS PDH
7,6,7,1696206672,1696206672000,1,0,10.61000000,14837.99000000,-99.63000000,0.00000000,0.00000000,0.00000000,4,9282610,sl 14837.83
8,8,8,1696226700,1696226700150,0,0,7.03000000,14801.32000000,0.00000000,-4.39000000,0.00000000,0.00000000,3,9282610,PS PDL
9,8,9,1696229556,1696229556000,1,1,7.03000000,14829.14000000,195.57000000,0.00000000,0.00000000,0.00000000,5,9282610,tp 14828.90
10,10,10,1696391700,1696391700150,0,0,7.79000000,14516.25000000,0.00000000,-4.87000000,0.00000000,0.00000000,3,9282610,PS PDL
11,10,11,1696394130,1696394130000,1,1,7.79000000,14542.10000000,201.37000000,0.00000000,0.00000000,0.00000000,5,9282610,tp 14541.61
12,12,12,1696507800,1696507800150,0,1,7.01000000,14808.82000000,0.00000000,-4.38000000,0.00000000,0.00000000,3,9282610,PS PDH
13,12,13,1696509030,1696509030638,1,0,7.01000000,14779.22000000,207.50000000,0.00000000,0.00000000,0.00000000,5,9282610,tp 14780.06
14,14,14,1696598100,1696598100150,0,0,5.62000000,14588.21000000,0.00000000,-3.51000000,0.00000000,0.00000000,3,9282610,PS PDL
15,14,15,1696598593,1696598593636,1,1,5.62000000,14625.68000000,210.58000000,0.00000000,0.00000000,0.00000000,5,9282610,tp 14624.83
16,16,16,1696810800,1696810800150,0,0,3.83000000,14886.18000000,0.00000000,-2.39000000,0.00000000,0.00000000,3,9282610,PS PDL
17,16,17,1696813887,1696813887000,1,1,3.83000000,14858.53000000,-105.90000000,0.00000000,0.00000000,0.00000000,4,9282610,sl 14858.81
18,18,18,1696860900,1696860900150,0,1,16.92000000,14900.82000000,0.00000000,-10.58000000,0.00000000,0.00000000,3,9282610,PS PDH
19,18,19,1696860929,1696860929268,1,0,16.92000000,14907.71000000,-116.58000000,0.00000000,0.00000000,0.00000000,4,9282610,sl 14906.95
20,20,20,1696896600,1696896600150,0,1,27.47000000,15075.30000000,0.00000000,-17.17000000,0.00000000,0.00000000,3,9282610,PS PDH
21,20,21,1696896692,1696896692000,1,0,27.47000000,15067.63000000,210.69000000,0.00000000,0.00000000,0.00000000,5,9282610,tp 15067.84
22,22,22,1697031600,1697031600150,0,1,8.43000000,15242.91000000,0.00000000,-5.27000000,0.00000000,0.00000000,3,9282610,PS PDH
23,22,23,1697031859,1697031859166,1,0,8.43000000,15217.94000000,210.50000000,0.00000000,0.00000000,0.00000000,5,9282610,tp 15218.13
24,24,24,1697070000,1697070000150,0,1,18.20000000,15287.85000000,0.00000000,-11.38000000,0.00000000,0.00000000,3,9282610,PS PDH
25,24,25,1697070242,1697070242000,1,0,18.20000000,15294.04000000,-112.66000000,0.00000000,0.00000000,0.00000000,4,9282610,sl 15293.70
26,26,26,1697135100,1697135100150,0,0,2.85000000,15132.85000000,0.00000000,-1.78000000,0.00000000,0.00000000,3,9282610,PS PDL
27,26,27,1697154578,1697154578000,1,1,2.85000000,15206.87000000,210.96000000,0.00000000,0.00000000,0.00000000,5,9282610,tp 15206.75
28,28,28,1697421900,1697421900150,0,1,14.03000000,15044.54000000,0.00000000,-8.77000000,0.00000000,0.00000000,3,9282610,PS PDH
29,28,29,1697421984,1697421984000,1,0,14.03000000,15052.47000000,-111.26000000,0.00000000,0.00000000,0.00000000,4,9282610,sl 15052.19
30,30,30,1697435700,1697435700150,0,0,10.63000000,15034.24000000,0.00000000,-6.64000000,0.00000000,0.00000000,3,9282610,PS PDL
31,30,31,1697436390,1697436390000,1,1,10.63000000,15054.44000000,214.73000000,0.00000000,0.00000000,0.00000000,5,9282610,tp 15054.20
32,32,32,1697550600,1697550600150,0,0,7.28000000,14973.93000000,0.00000000,-4.55000000,0.00000000,0.00000000,3,9282610,PS PDL
33,32,33,1697550723,1697550723000,1,1,7.28000000,14958.92000000,-109.27000000,0.00000000,0.00000000,0.00000000,4,9282610,sl 14959.06
34,34,34,1697655300,1697655300150,0,0,9.27000000,14944.66000000,0.00000000,-5.79000000,0.00000000,0.00000000,3,9282610,PS PDL
35,34,35,1697655694,1697655694687,1,1,9.27000000,14933.10000000,-107.16000000,0.00000000,0.00000000,0.00000000,4,9282610,sl 14933.11
36,36,36,1697702700,1697702700150,0,0,7.71000000,14873.47000000,0.00000000,-4.82000000,0.00000000,0.00000000,3,9282610,PS PDL
37,36,37,1697707859,1697707859000,1,1,7.71000000,14901.02000000,212.41000000,0.00000000,0.00000000,0.00000000,5,9282610,tp 14900.97
38,38,38,1697764800,1697764800150,0,0,9.71000000,14722.64000000,0.00000000,-6.07000000,0.00000000,0.00000000,3,9282610,PS PDL
39,38,39,1697770170,1697770170000,1,1,9.71000000,14744.95000000,216.63000000,0.00000000,0.00000000,0.00000000,5,9282610,tp 14744.88
40,40,40,1698045900,1698045900150,0,0,9.55000000,14587.24000000,0.00000000,-5.97000000,0.00000000,0.00000000,3,9282610,PS PDL
41,40,41,1698046202,1698046202000,1,1,9.55000000,14575.40000000,-113.07000000,0.00000000,0.00000000,0.00000000,4,9282610,sl 14575.71
42,42,42,1698158100,1698158100150,0,1,12.89000000,14749.51000000,0.00000000,-8.06000000,0.00000000,0.00000000,3,9282610,PS PDH
43,42,43,1698158249,1698158249577,1,0,12.89000000,14758.49000000,-115.75000000,0.00000000,0.00000000,0.00000000,4,9282610,sl 14757.96
44,44,44,1698282000,1698282000150,0,0,12.49000000,14254.34000000,0.00000000,-7.81000000,0.00000000,0.00000000,3,9282610,PS PDL
45,44,45,1698283597,1698283597000,1,1,12.49000000,14245.50000000,-110.41000000,0.00000000,0.00000000,0.00000000,4,9282610,sl 14245.72
46,46,46,1698630600,1698630600150,0,1,9.00000000,14261.30000000,0.00000000,-5.63000000,0.00000000,0.00000000,3,9282610,PS PDH
47,46,47,1698647292,1698647292000,1,0,9.00000000,14273.51000000,-109.89000000,0.00000000,0.00000000,0.00000000,4,9282610,sl 14273.14
48,48,48,1698774300,1698774300150,0,1,8.50000000,14385.98000000,0.00000000,-5.31000000,0.00000000,0.00000000,3,9282610,PS PDH
49,48,49,1698774804,1698774804000,1,0,8.50000000,14398.38000000,-105.40000000,0.00000000,0.00000000,0.00000000,4,9282610,sl 14398.37
50,50,50,1698842700,1698842700150,0,1,5.20000000,14415.29000000,0.00000000,-3.25000000,0.00000000,0.00000000,3,9282610,PS PDH
51,50,51,1698843145,1698843145000,1,0,5.20000000,14435.50000000,-105.09000000,0.00000000,0.00000000,0.00000000,4,9282610,sl 14435.36
52,52,52,1698906000,1698906000150,0,1,18.13000000,14713.40000000,0.00000000,-11.33000000,0.00000000,0.00000000,3,9282610,PS PDH
53,52,53,1698908103,1698908103000,1,0,18.13000000,14719.39000000,-108.60000000,0.00000000,0.00000000,0.00000000,4,9282610,sl 14719.09
54,54,54,1699256700,1699256700150,0,1,19.20000000,15131.11000000,0.00000000,-12.00000000,0.00000000,0.00000000,3,9282610,PS PDH
55,54,55,1699258733,1699258733000,1,0,19.20000000,15120.48000000,204.10000000,0.00000000,0.00000000,0.00000000,5,9282610,tp 15120.49
56,56,56,1699365900,1699365900150,0,1,11.45000000,15178.99000000,0.00000000,-7.16000000,0.00000000,0.00000000,3,9282610,PS PDH
57,56,57,1699366109,1699366109000,1,0,11.45000000,15188.22000000,-105.68000000,0.00000000,0.00000000,0.00000000,4,9282610,sl 15188.06
58,58,58,1699454700,1699454700150,0,1,5.13000000,15329.86000000,0.00000000,-3.21000000,0.00000000,0.00000000,3,9282610,PS PDH
59,58,59,1699454942,1699454942727,1,0,5.13000000,15350.04000000,-103.52000000,0.00000000,0.00000000,0.00000000,4,9282610,sl 15349.89
60,60,60,1699540500,1699540500150,0,1,2.94000000,15329.29000000,0.00000000,-1.84000000,0.00000000,0.00000000,3,9282610,PS PDH
61,60,61,1699541960,1699541960000,1,0,2.94000000,15364.14000000,-102.46000000,0.00000000,0.00000000,0.00000000,4,9282610,sl 15363.89
62,62,62,1699556700,1699556700150,0,0,5.90000000,15250.38000000,0.00000000,-3.69000000,0.00000000,0.00000000,3,9282610,PS PDL
63,62,63,1699556822,1699556822696,1,1,5.90000000,15233.17000000,-101.54000000,0.00000000,0.00000000,0.00000000,4,9282610,sl 15233.31
64,64,64,1699575000,1699575000150,0,0,14.95000000,15170.26000000,0.00000000,-9.34000000,0.00000000,0.00000000,3,9282610,PS PDL
65,64,65,1699575220,1699575220000,1,1,14.95000000,15163.53000000,-100.61000000,0.00000000,0.00000000,0.00000000,4,9282610,sl 15163.60
66,66,66,1699830300,1699830300150,0,1,4.13000000,15522.16000000,0.00000000,-2.58000000,0.00000000,0.00000000,3,9282610,PS PDH
67,66,67,1699833000,1699833000150,1,0,4.13000000,15515.65000000,26.89000000,0.00000000,0.00000000,0.00000000,3,9282610,
68,68,68,1699836300,1699836300150,0,0,7.99000000,15506.13000000,0.00000000,-4.99000000,0.00000000,0.00000000,3,9282610,PS PDL
69,68,69,1699836462,1699836462000,1,1,7.99000000,15493.61000000,-100.03000000,0.00000000,0.00000000,0.00000000,4,9282610,sl 15493.77
70,70,70,1699949100,1699949100150,0,1,22.66000000,15529.58000000,0.00000000,-14.16000000,0.00000000,0.00000000,3,9282610,PS PDH
71,70,71,1699949139,1699949139000,1,0,22.66000000,15533.93000000,-98.57000000,0.00000000,0.00000000,0.00000000,4,9282610,sl 15533.89
72,72,72,1700100300,1700100300150,0,0,12.39000000,15780.81000000,0.00000000,-7.74000000,0.00000000,0.00000000,3,9282610,PS PDL
73,72,73,1700101287,1700101287000,1,1,12.39000000,15796.64000000,196.13000000,0.00000000,0.00000000,0.00000000,5,9282610,tp 15796.39
74,74,74,1700211000,1700211000150,0,1,14.06000000,15852.21000000,0.00000000,-8.79000000,0.00000000,0.00000000,3,9282610,PS PDH
75,74,75,1700211987,1700211987000,1,0,14.06000000,15859.45000000,-101.79000000,0.00000000,0.00000000,0.00000000,4,9282610,sl 15859.21
76,76,76,1700464200,1700464200150,0,0,18.22000000,15809.20000000,0.00000000,-11.39000000,0.00000000,0.00000000,3,9282610,PS PDL
77,76,77,1700464983,1700464983000,1,1,18.22000000,15803.81000000,-98.21000000,0.00000000,0.00000000,0.00000000,4,9282610,sl 15803.86
78,78,78,1700530500,1700530500150,0,1,16.06000000,16065.76000000,0.00000000,-10.04000000,0.00000000,0.00000000,3,9282610,PS PDH
79,78,79,1700534736,1700534736000,1,0,16.06000000,16071.82000000,-97.32000000,0.00000000,0.00000000,0.00000000,4,9282610,sl 16071.75
80,80,80,1700664900,1700664900150,0,1,1.27000000,16017.31000000,0.00000000,-0.79000000,0.00000000,0.00000000,3,9282610,PS PDH
81,80,81,1700697000,1700697000150,1,0,1.27000000,16010.81000000,8.26000000,0.00000000,0.00000000,0.00000000,3,9282610,
82,82,82,1700813100,1700813100150,0,0,9.78000000,16005.39000000,0.00000000,-6.11000000,0.00000000,0.00000000,3,9282610,PS PDL
83,82,83,1700817151,1700817151000,1,1,9.78000000,16025.49000000,196.58000000,0.00000000,0.00000000,0.00000000,5,9282610,tp 16024.87
84,84,84,1701043500,1701043500150,0,0,21.63000000,15958.64000000,0.00000000,-13.52000000,0.00000000,0.00000000,3,9282610,PS PDL
85,84,85,1701043636,1701043636000,1,1,21.63000000,15953.53000000,-110.53000000,0.00000000,0.00000000,0.00000000,4,9282610,sl 15954.15
86,86,86,1701081900,1701081900150,0,1,18.48000000,15970.58000000,0.00000000,-11.55000000,0.00000000,0.00000000,3,9282610,PS PDH
87,86,87,1701082141,1701082141000,1,0,18.48000000,15975.87000000,-97.76000000,0.00000000,0.00000000,0.00000000,4,9282610,sl 15975.77
88,88,88,1701219300,1701219300150,0,1,29.53000000,16042.48000000,0.00000000,-18.46000000,0.00000000,0.00000000,3,9282610,PS PDH
89,88,89,1701219616,1701219616000,1,0,29.53000000,16045.69000000,-94.79000000,0.00000000,0.00000000,0.00000000,4,9282610,sl 16045.69
90,90,90,1701354900,1701354900150,0,0,3.19000000,16018.30000000,0.00000000,-1.99000000,0.00000000,0.00000000,3,9282610,PS PDL
91,90,91,1701355100,1701355100625,1,1,3.19000000,15988.74000000,-94.30000000,0.00000000,0.00000000,0.00000000,4,9282610,sl 15988.89
92,92,92,1701679500,1701679500150,0,0,11.66000000,15979.11000000,0.00000000,-7.29000000,0.00000000,0.00000000,3,9282610,PS PDL
93,92,93,1701680716,1701680716000,1,1,11.66000000,15971.06000000,-93.86000000,0.00000000,0.00000000,0.00000000,4,9282610,sl 15971.16
94,94,94,1701914400,1701914400150,0,0,13.79000000,15799.23000000,0.00000000,-8.62000000,0.00000000,0.00000000,3,9282610,PS PDL
95,94,95,1701927261,1701927261000,1,1,13.79000000,15792.34000000,-95.01000000,0.00000000,0.00000000,0.00000000,4,9282610,sl 15792.58
96,96,96,1701971100,1701971100150,0,1,7.49000000,16021.19000000,0.00000000,-4.68000000,0.00000000,0.00000000,3,9282610,PS PDH
97,96,97,1701971731,1701971731000,1,0,7.49000000,16033.48000000,-92.05000000,0.00000000,0.00000000,0.00000000,4,9282610,sl 16033.29
98,98,98,1702049700,1702049700150,0,1,2.07000000,16051.37000000,0.00000000,-1.29000000,0.00000000,0.00000000,3,9282610,PS PDH
99,98,99,1702051038,1702051038701,1,0,2.07000000,16095.47000000,-91.29000000,0.00000000,0.00000000,0.00000000,4,9282610,sl 16094.81
100,100,100,1702250100,1702250100150,0,1,6.24000000,16113.57000000,0.00000000,-3.90000000,0.00000000,0.00000000,3,9282610,PS PDH
101,100,101,1702250670,1702250670000,1,0,6.24000000,16128.07000000,-90.48000000,0.00000000,0.00000000,0.00000000,4,9282610,sl 16127.80
102,102,102,1702286400,1702286400150,0,0,11.39000000,16100.96000000,0.00000000,-7.12000000,0.00000000,0.00000000,3,9282610,PS PDL
103,102,103,1702288523,1702288523000,1,1,11.39000000,16092.89000000,-91.92000000,0.00000000,0.00000000,0.00000000,4,9282610,sl 16093.25
104,104,104,1702339500,1702339500150,0,1,27.91000000,16258.82000000,0.00000000,-17.44000000,0.00000000,0.00000000,3,9282610,PS PDH
105,104,105,1702339552,1702339552000,1,0,27.91000000,16261.99000000,-88.47000000,0.00000000,0.00000000,0.00000000,4,9282610,sl 16261.93
106,106,106,1702453800,1702453800150,0,1,19.36000000,16417.19000000,0.00000000,-12.10000000,0.00000000,0.00000000,3,9282610,PS PDH
107,106,107,1702454715,1702454715000,1,0,19.36000000,16421.69000000,-87.12000000,0.00000000,0.00000000,0.00000000,4,9282610,sl 16421.62
108,108,108,1702658100,1702658100150,0,1,6.29000000,16677.88000000,0.00000000,-3.93000000,0.00000000,0.00000000,3,9282610,PS PDH
109,108,109,1702658137,1702658137000,1,0,6.29000000,16691.54000000,-85.92000000,0.00000000,0.00000000,0.00000000,4,9282610,sl 16691.36
110,110,110,1702988400,1702988400150,0,1,5.13000000,16788.20000000,0.00000000,-3.21000000,0.00000000,0.00000000,3,9282610,PS PDH
111,110,111,1702996298,1702996298437,1,0,5.13000000,16804.66000000,-84.44000000,0.00000000,0.00000000,0.00000000,4,9282610,sl 16804.55
112,112,112,1703582700,1703582700150,0,1,9.30000000,16838.95000000,0.00000000,-5.81000000,0.00000000,0.00000000,3,9282610,PS PDH
113,112,113,1703582915,1703582915000,1,0,9.30000000,16847.90000000,-83.24000000,0.00000000,0.00000000,0.00000000,4,9282610,sl 16847.88
114,114,114,1703592600,1703592600150,0,0,5.55000000,16836.24000000,0.00000000,-3.47000000,0.00000000,0.00000000,3,9282610,PS PDL
115,114,115,1703601075,1703601075114,1,1,5.55000000,16865.98000000,165.06000000,0.00000000,0.00000000,0.00000000,5,9282610,tp 16865.86
116,116,116,1703687700,1703687700150,0,1,7.73000000,16939.29000000,0.00000000,-4.83000000,0.00000000,0.00000000,3,9282610,PS PDH
117,116,117,1703689113,1703689113000,1,0,7.73000000,16950.35000000,-85.49000000,0.00000000,0.00000000,0.00000000,4,9282610,sl 16950.13
118,118,118,1703853600,1703853600150,0,0,12.90000000,16916.10000000,0.00000000,-8.06000000,0.00000000,0.00000000,3,9282610,PS PDL
119,118,119,1703855778,1703855778387,1,1,12.90000000,16909.55000000,-84.50000000,0.00000000,0.00000000,0.00000000,4,9282610,sl 16909.68
120,120,120,1704157800,1704157800150,0,1,14.24000000,16873.76000000,0.00000000,-8.90000000,0.00000000,0.00000000,3,9282610,PS PDH
121,120,121,1704158380,1704158380000,1,0,14.24000000,16879.56000000,-82.59000000,0.00000000,0.00000000,0.00000000,4,9282610,sl 16879.51
122,122,122,1704160500,1704160500150,0,0,12.54000000,16861.37000000,0.00000000,-7.84000000,0.00000000,0.00000000,3,9282610,PS PDL
123,122,123,1704161946,1704161946000,1,1,12.54000000,16854.90000000,-81.13000000,0.00000000,0.00000000,0.00000000,4,9282610,sl 16854.91
124,124,124,1704288000,1704288000150,0,0,3.73000000,16478.35000000,0.00000000,-2.33000000,0.00000000,0.00000000,3,9282610,PS PDL
125,124,125,1704290618,1704290618000,1,1,3.73000000,16456.75000000,-80.57000000,0.00000000,0.00000000,0.00000000,4,9282610,sl 16456.87
126,126,126,1704370500,1704370500150,0,0,4.13000000,16379.92000000,0.00000000,-2.58000000,0.00000000,0.00000000,3,9282610,PS PDL
127,126,127,1704371006,1704371006000,1,1,4.13000000,16360.71000000,-79.34000000,0.00000000,0.00000000,0.00000000,4,9282610,sl 16360.73
128,128,128,1704465000,1704465000150,0,0,3.11000000,16301.46000000,0.00000000,-1.94000000,0.00000000,0.00000000,3,9282610,PS PDL
129,128,129,1704466872,1704466872815,1,1,3.11000000,16352.07000000,157.40000000,0.00000000,0.00000000,0.00000000,5,9282610,tp 16352.04
130,130,130,1704678600,1704678600150,0,1,13.82000000,16341.35000000,0.00000000,-8.64000000,0.00000000,0.00000000,3,9282610,PS PDH
131,130,131,1704678930,1704678930000,1,0,13.82000000,16329.74000000,160.45000000,0.00000000,0.00000000,0.00000000,5,9282610,tp 16329.77
132,132,132,1704679500,1704679500150,0,0,10.80000000,16321.76000000,0.00000000,-6.75000000,0.00000000,0.00000000,3,9282610,PS PDL
133,132,133,1704680644,1704680644000,1,1,10.80000000,16313.65000000,-87.59000000,0.00000000,0.00000000,0.00000000,4,9282610,sl 16314.21
134,134,134,1704825300,1704825300150,0,1,3.29000000,16662.27000000,0.00000000,-2.06000000,0.00000000,0.00000000,3,9282610,PS PDH
135,134,135,1704826110,1704826110750,1,0,3.29000000,16686.77000000,-80.61000000,0.00000000,0.00000000,0.00000000,4,9282610,sl 16686.76
136,136,136,1704886200,1704886200150,0,1,7.84000000,16719.06000000,0.00000000,-4.90000000,0.00000000,0.00000000,3,9282610,PS PDH
137,136,137,1704887661,1704887661000,1,0,7.84000000,16698.39000000,162.05000000,0.00000000,0.00000000,0.00000000,5,9282610,tp 16698.70
138,138,138,1704934200,1704934200150,0,1,9.30000000,16838.06000000,0.00000000,-5.81000000,0.00000000,0.00000000,3,9282610,PS PDH
139,138,139,1704934924,1704934924000,1,0,9.30000000,16847.38000000,-86.68000000,0.00000000,0.00000000,0.00000000,4,9282610,sl 16846.81
140,140,140,1704990300,1704990300150,0,0,4.92000000,16671.39000000,0.00000000,-3.08000000,0.00000000,0.00000000,3,9282610,PS PDL
141,140,141,1704990627,1704990627222,1,1,4.92000000,16654.90000000,-81.13000000,0.00000000,0.00000000,0.00000000,4,9282610,sl 16655.03
142,142,142,1705309500,1705309500150,0,1,10.14000000,16833.02000000,0.00000000,-6.34000000,0.00000000,0.00000000,3,9282610,PS PDH
143,142,143,1705309622,1705309622000,1,0,10.14000000,16840.87000000,-79.60000000,0.00000000,0.00000000,0.00000000,4,9282610,sl 16840.87
144,144,144,1705330500,1705330500150,0,0,5.29000000,16821.68000000,0.00000000,-3.31000000,0.00000000,0.00000000,3,9282610,PS PDL
145,144,145,1705362173,1705362173000,1,1,5.29000000,16806.57000000,-79.93000000,0.00000000,0.00000000,0.00000000,4,9282610,sl 16806.81
146,146,146,1705418100,1705418100150,0,0,2.97000000,16817.45000000,0.00000000,-1.86000000,0.00000000,0.00000000,3,9282610,PS PDL
147,146,147,1705418680,1705418680740,1,1,2.97000000,16870.12000000,156.43000000,0.00000000,0.00000000,0.00000000,5,9282610,tp 16869.97
148,148,148,1705419900,1705419900150,0,1,7.38000000,16882.00000000,0.00000000,-4.61000000,0.00000000,0.00000000,3,9282610,PS PDH
149,148,149,1705420020,1705420020000,1,0,7.38000000,16892.85000000,-80.07000000,0.00000000,0.00000000,0.00000000,4,9282610,sl 16892.76
150,150,150,1705499400,1705499400150,0,0,10.42000000,16689.48000000,0.00000000,-6.51000000,0.00000000,0.00000000,3,9282610,PS PDL
151,150,151,1705499554,1705499554000,1,1,10.42000000,16681.90000000,-78.98000000,0.00000000,0.00000000,0.00000000,4,9282610,sl 16681.94
152,152,152,1705601100,1705601100150,0,1,3.22000000,16853.35000000,0.00000000,-2.01000000,0.00000000,0.00000000,3,9282610,PS PDH
153,152,153,1705603104,1705603104179,1,0,3.22000000,16877.51000000,-77.80000000,0.00000000,0.00000000,0.00000000,4,9282610,sl 16877.51
154,154,154,1705625400,1705625400150,0,1,13.66000000,17028.54000000,0.00000000,-8.54000000,0.00000000,0.00000000,3,9282610,PS PDH
155,154,155,1705625823,1705625823000,1,0,13.66000000,17034.32000000,-78.95000000,0.00000000,0.00000000,0.00000000,4,9282610,sl 17034.17
156,156,156,1705937400,1705937400150,0,1,2.08000000,17371.99000000,0.00000000,-1.30000000,0.00000000,0.00000000,3,9282610,PS PDH
157,156,157,1705967400,1705967400150,1,0,2.08000000,17359.58000000,25.81000000,0.00000000,0.00000000,0.00000000,3,9282610,
158,158,158,1705999500,1705999500150,0,0,4.09000000,17329.35000000,0.00000000,-2.56000000,0.00000000,0.00000000,3,9282610,PS PDL
159,158,159,1706012007,1706012007000,1,1,4.09000000,17366.73000000,152.88000000,0.00000000,0.00000000,0.00000000,5,9282610,tp 17366.69
160,160,160,1706483100,1706483100150,0,0,4.56000000,17377.26000000,0.00000000,-2.85000000,0.00000000,0.00000000,3,9282610,PS PDL
161,160,161,1706485800,1706485800150,1,1,4.56000000,17386.75000000,43.27000000,0.00000000,0.00000000,0.00000000,3,9282610,
162,162,162,1706705700,1706705700150,0,0,3.83000000,17330.66000000,0.00000000,-2.39000000,0.00000000,0.00000000,3,9282610,PS PDL
163,162,163,1706708316,1706708316818,1,1,3.83000000,17309.63000000,-80.54000000,0.00000000,0.00000000,0.00000000,4,9282610,sl 17310.21
164,164,164,1706889000,1706889000150,0,1,3.49000000,17554.55000000,0.00000000,-2.18000000,0.00000000,0.00000000,3,9282610,PS PDH
165,164,165,1706889493,1706889493846,1,0,3.49000000,17576.79000000,-77.62000000,0.00000000,0.00000000,0.00000000,4,9282610,sl 17576.76
166,166,166,1707091500,1707091500150,0,0,2.14000000,17639.93000000,0.00000000,-1.34000000,0.00000000,0.00000000,3,9282610,PS PDL
167,166,167,1707093905,1707093905384,1,1,2.14000000,17604.05000000,-76.78000000,0.00000000,0.00000000,0.00000000,4,9282610,sl 17604.10
168,168,168,1707197100,1707197100150,0,1,15.85000000,17662.34000000,0.00000000,-9.91000000,0.00000000,0.00000000,3,9282610,PS PDH
169,168,169,1707197243,1707197243000,1,0,15.85000000,17667.43000000,-80.68000000,0.00000000,0.00000000,0.00000000,4,9282610,sl 17667.12
170,170,170,1707316500,1707316500150,0,1,2.91000000,17673.03000000,0.00000000,-1.82000000,0.00000000,0.00000000,3,9282610,PS PDH
171,170,171,1707318700,1707318700243,1,0,2.91000000,17699.29000000,-76.42000000,0.00000000,0.00000000,0.00000000,4,9282610,sl 17698.77
172,172,172,1707409800,1707409800150,0,1,3.03000000,17789.33000000,0.00000000,-1.89000000,0.00000000,0.00000000,3,9282610,PS PDH
173,172,173,1707410462,1707410462000,1,0,3.03000000,17813.97000000,-74.66000000,0.00000000,0.00000000,0.00000000,4,9282610,sl 17813.78
174,174,174,1707470100,1707470100150,0,1,5.26000000,17814.61000000,0.00000000,-3.29000000,0.00000000,0.00000000,3,9282610,PS PDH
175,174,175,1707471277,1707471277000,1,0,5.26000000,17828.59000000,-73.53000000,0.00000000,0.00000000,0.00000000,4,9282610,sl 17828.55
176,176,176,1707723000,1707723000150,0,1,8.58000000,17974.00000000,0.00000000,-5.36000000,0.00000000,0.00000000,3,9282610,PS PDH
177,176,177,1707726152,1707726152000,1,0,8.58000000,17982.51000000,-73.02000000,0.00000000,0.00000000,0.00000000,4,9282610,sl 17982.46
178,178,178,1707763500,1707763500150,0,0,4.48000000,17943.11000000,0.00000000,-2.80000000,0.00000000,0.00000000,3,9282610,PS PDL
179,178,179,1707765324,1707765324466,1,1,4.48000000,17926.65000000,-73.74000000,0.00000000,0.00000000,0.00000000,4,9282610,sl 17927.08
180,180,180,1707814200,1707814200150,0,0,3.48000000,17850.98000000,0.00000000,-2.18000000,0.00000000,0.00000000,3,9282610,PS PDL
181,180,181,1707814649,1707814649000,1,1,3.48000000,17830.32000000,-71.90000000,0.00000000,0.00000000,0.00000000,4,9282610,sl 17830.58
182,182,182,1707975300,1707975300150,0,1,11.50000000,17814.11000000,0.00000000,-7.19000000,0.00000000,0.00000000,3,9282610,PS PDH
183,182,183,1707978119,1707978119000,1,0,11.50000000,17820.30000000,-71.19000000,0.00000000,0.00000000,0.00000000,4,9282610,sl 17820.22
184,184,184,1708070400,1708070400150,0,1,6.87000000,17903.37000000,0.00000000,-4.29000000,0.00000000,0.00000000,3,9282610,PS PDH
185,184,185,1708070489,1708070489000,1,0,6.87000000,17913.79000000,-71.59000000,0.00000000,0.00000000,0.00000000,4,9282610,sl 17913.49
186,186,186,1708096800,1708096800150,0,0,2.09000000,17731.37000000,0.00000000,-1.31000000,0.00000000,0.00000000,3,9282610,PS PDL
187,186,187,1708096956,1708096956250,1,1,2.09000000,17697.60000000,-70.58000000,0.00000000,0.00000000,0.00000000,4,9282610,sl 17698.41
188,188,188,1708302600,1708302600150,0,1,11.22000000,17735.19000000,0.00000000,-7.01000000,0.00000000,0.00000000,3,9282610,PS PDH
189,188,189,1708302684,1708302684000,1,0,11.22000000,17741.48000000,-70.57000000,0.00000000,0.00000000,0.00000000,4,9282610,sl 17741.25
190,190,190,1708387800,1708387800150,0,0,6.54000000,17695.80000000,0.00000000,-4.09000000,0.00000000,0.00000000,3,9282610,PS PDL
191,190,191,1708388543,1708388543000,1,1,6.54000000,17685.50000000,-67.36000000,0.00000000,0.00000000,0.00000000,4,9282610,sl 17685.51
192,192,192,1708527000,1708527000150,0,0,4.02000000,17417.25000000,0.00000000,-2.51000000,0.00000000,0.00000000,3,9282610,PS PDL
193,192,193,1708527808,1708527808333,1,1,4.02000000,17450.76000000,134.71000000,0.00000000,0.00000000,0.00000000,5,9282610,tp 17450.35
194,194,194,1708695600,1708695600150,0,1,17.85000000,18034.27000000,0.00000000,-11.16000000,0.00000000,0.00000000,3,9282610,PS PDH
195,194,195,1708695602,1708695602000,1,0,17.85000000,18038.20000000,-70.15000000,0.00000000,0.00000000,0.00000000,4,9282610,sl 18038.07
196,196,196,1708910700,1708910700150,0,0,4.68000000,17911.61000000,0.00000000,-2.93000000,0.00000000,0.00000000,3,9282610,PS PDL
197,196,197,1708930022,1708930022000,1,1,4.68000000,17896.88000000,-68.94000000,0.00000000,0.00000000,0.00000000,4,9282610,sl 17897.27
198,198,198,1708941900,1708941900150,0,1,12.12000000,17949.02000000,0.00000000,-7.58000000,0.00000000,0.00000000,3,9282610,PS PDH
199,198,199,1708941939,1708941939000,1,0,12.12000000,17954.63000000,-67.99000000,0.00000000,0.00000000,0.00000000,4,9282610,sl 17954.49
200,200,200,1709057100,1709057100150,0,0,1.93000000,17910.05000000,0.00000000,-1.21000000,0.00000000,0.00000000,3,9282610,PS PDL
201,200,201,1709062227,1709062227096,1,1,1.93000000,17978.21000000,131.55000000,0.00000000,0.00000000,0.00000000,5,9282610,tp 17978.07
202,202,202,1709115900,1709115900150,0,0,4.73000000,17883.03000000,0.00000000,-2.96000000,0.00000000,0.00000000,3,9282610,PS PDL
203,202,203,1709116884,1709116884000,1,1,4.73000000,17911.36000000,134.00000000,0.00000000,0.00000000,0.00000000,5,9282610,tp 17911.29
204,204,204,1709194800,1709194800150,0,0,2.82000000,17833.87000000,0.00000000,-1.76000000,0.00000000,0.00000000,3,9282610,PS PDL
205,204,205,1709213425,1709213425347,1,1,2.82000000,17882.60000000,137.42000000,0.00000000,0.00000000,0.00000000,5,9282610,tp 17882.25
206,206,206,1709214600,1709214600150,0,1,9.90000000,17979.16000000,0.00000000,-6.19000000,0.00000000,0.00000000,3,9282610,PS PDH
207,206,207,1709214635,1709214635294,1,0,9.90000000,17986.19000000,-69.60000000,0.00000000,0.00000000,0.00000000,4,9282610,sl 17986.18
208,208,208,1709507700,1709507700150,0,1,11.63000000,18334.60000000,0.00000000,-7.27000000,0.00000000,0.00000000,3,9282610,PS PDH
209,208,209,1709507797,1709507797000,1,0,11.63000000,18340.68000000,-70.71000000,0.00000000,0.00000000,0.00000000,4,9282610,sl 18340.51
210,210,210,1709511000,1709511000150,0,0,5.16000000,18317.64000000,0.00000000,-3.23000000,0.00000000,0.00000000,3,9282610,PS PDL
211,210,211,1709539801,1709539801000,1,1,5.16000000,18344.21000000,137.10000000,0.00000000,0.00000000,0.00000000,5,9282610,tp 18344.02
212,212,212,1709540100,1709540100150,0,1,6.28000000,18335.68000000,0.00000000,-3.93000000,0.00000000,0.00000000,3,9282610,PS PDH
213,212,213,1709543134,1709543134000,1,0,6.28000000,18347.03000000,-71.28000000,0.00000000,0.00000000,0.00000000,4,9282610,sl 18346.73
214,214,214,1709599800,1709599800150,0,0,6.85000000,18203.67000000,0.00000000,-4.28000000,0.00000000,0.00000000,3,9282610,PS PDL
215,214,215,1709601636,1709601636000,1,1,6.85000000,18193.54000000,-69.39000000,0.00000000,0.00000000,0.00000000,4,9282610,sl 18193.66
216,216,216,1709777700,1709777700150,0,0,4.16000000,17943.88000000,0.00000000,-2.60000000,0.00000000,0.00000000,3,9282610,PS PDL
217,216,217,1709778154,1709778154000,1,1,4.16000000,17927.09000000,-69.85000000,0.00000000,0.00000000,0.00000000,4,9282610,sl 17927.55
218,218,218,1709821500,1709821500150,0,1,6.03000000,18153.32000000,0.00000000,-3.77000000,0.00000000,0.00000000,3,9282610,PS PDH
219,218,219,1709821759,1709821759726,1,0,6.03000000,18164.81000000,-69.28000000,0.00000000,0.00000000,0.00000000,4,9282610,sl 18164.45
220,220,220,1709904900,1709904900150,0,1,1.30000000,18306.92000000,0.00000000,-0.81000000,0.00000000,0.00000000,3,9282610,PS PDH
221,220,221,1709905594,1709905594029,1,0,1.30000000,18358.24000000,-66.72000000,0.00000000,0.00000000,0.00000000,4,9282610,sl 18357.98
222,222,222,1710108600,1710108600150,0,0,4.26000000,18010.24000000,0.00000000,-2.66000000,0.00000000,0.00000000,3,9282610,PS PDL
223,222,223,1710110598,1710110598125,1,1,4.26000000,17994.46000000,-67.22000000,0.00000000,0.00000000,0.00000000,4,9282610,sl 17994.82
224,224,224,1710121500,1710121500150,0,1,9.85000000,18046.93000000,0.00000000,-6.16000000,0.00000000,0.00000000,3,9282610,PS PDH
225,224,225,1710121952,1710121952000,1,0,9.85000000,18033.58000000,131.50000000,0.00000000,0.00000000,0.00000000,5,9282610,tp 18033.73
226,226,226,1710145500,1710145500150,0,0,1.79000000,18002.13000000,0.00000000,-1.12000000,0.00000000,0.00000000,3,9282610,PS PDL
227,226,227,1710147080,1710147080281,1,1,1.79000000,17965.06000000,-66.36000000,0.00000000,0.00000000,0.00000000,4,9282610,sl 17965.13
228,228,228,1710204000,1710204000150,0,1,4.46000000,18051.59000000,0.00000000,-2.79000000,0.00000000,0.00000000,3,9282610,PS PDH
229,228,229,1710219144,1710219144000,1,0,4.46000000,18066.46000000,-66.32000000,0.00000000,0.00000000,0.00000000,4,9282610,sl 18066.31
230,230,230,1710317100,1710317100150,0,1,3.13000000,18244.20000000,0.00000000,-1.96000000,0.00000000,0.00000000,3,9282610,PS PDH
231,230,231,1710319861,1710319861000,1,0,3.13000000,18202.47000000,130.61000000,0.00000000,0.00000000,0.00000000,5,9282610,tp 18202.72
232,232,232,1710425700,1710425700150,0,0,1.12000000,18076.29000000,0.00000000,-0.70000000,0.00000000,0.00000000,3,9282610,PS PDL
233,232,233,1710432388,1710432388846,1,1,1.12000000,18016.61000000,-66.84000000,0.00000000,0.00000000,0.00000000,4,9282610,sl 18016.73
234,234,234,1710514200,1710514200150,0,0,2.23000000,17929.05000000,0.00000000,-1.39000000,0.00000000,0.00000000,3,9282610,PS PDL
235,234,235,1710514494,1710514494324,1,1,2.23000000,17899.50000000,-65.90000000,0.00000000,0.00000000,0.00000000,4,9282610,sl 17899.66
236,236,236,1710724500,1710724500150,0,1,16.24000000,17872.68000000,0.00000000,-10.15000000,0.00000000,0.00000000,3,9282610,PS PDH
237,236,237,1710725745,1710725745000,1,0,16.24000000,17876.78000000,-66.58000000,0.00000000,0.00000000,0.00000000,4,9282610,sl 17876.67
238,238,238,1710855900,1710855900150,0,0,4.06000000,17848.47000000,0.00000000,-2.54000000,0.00000000,0.00000000,3,9282610,PS PDL
239,238,239,1710856597,1710856597659,1,1,4.06000000,17880.40000000,129.64000000,0.00000000,0.00000000,0.00000000,5,9282610,tp 17880.05
240,240,240,1710930900,1710930900150,0,1,9.20000000,18061.14000000,0.00000000,-5.75000000,0.00000000,0.00000000,3,9282610,PS PDH
241,240,241,1710930950,1710930950000,1,0,9.20000000,18068.29000000,-65.78000000,0.00000000,0.00000000,0.00000000,4,9282610,sl 18068.24
242,242,242,1711079700,1711079700150,0,0,8.47000000,18334.70000000,0.00000000,-5.29000000,0.00000000,0.00000000,3,9282610,PS PDL
243,242,243,1711080389,1711080389000,1,1,8.47000000,18350.14000000,130.78000000,0.00000000,0.00000000,0.00000000,5,9282610,tp 18349.96
244,244,244,1711345200,1711345200150,0,0,13.92000000,18345.72000000,0.00000000,-8.70000000,0.00000000,0.00000000,3,9282610,PS PDL
245,244,245,1711346471,1711346471000,1,1,13.92000000,18340.98000000,-65.98000000,0.00000000,0.00000000,0.00000000,4,9282610,sl 18340.99
246,246,246,1711436700,1711436700150,0,1,9.72000000,18384.65000000,0.00000000,-6.08000000,0.00000000,0.00000000,3,9282610,PS PDH
247,246,247,1711436722,1711436722000,1,0,9.72000000,18391.50000000,-66.58000000,0.00000000,0.00000000,0.00000000,4,9282610,sl 18391.35
248,248,248,1711557300,1711557300150,0,0,6.59000000,18237.91000000,0.00000000,-4.12000000,0.00000000,0.00000000,3,9282610,PS PDL
249,248,249,1711557433,1711557433000,1,1,6.59000000,18228.14000000,-64.38000000,0.00000000,0.00000000,0.00000000,4,9282610,sl 18228.14
250,250,250,1711974300,1711974300150,0,0,5.12000000,18315.60000000,0.00000000,-3.20000000,0.00000000,0.00000000,3,9282610,PS PDL
251,250,251,1711974871,1711974871000,1,1,5.12000000,18303.15000000,-63.74000000,0.00000000,0.00000000,0.00000000,4,9282610,sl 18303.15
252,252,252,1712057400,1712057400150,0,0,4.97000000,18233.19000000,0.00000000,-3.11000000,0.00000000,0.00000000,3,9282610,PS PDL
253,252,253,1712058497,1712058497000,1,1,4.97000000,18220.19000000,-64.61000000,0.00000000,0.00000000,0.00000000,4,9282610,sl 18220.49
254,254,254,1712243700,1712243700150,0,1,3.29000000,18294.64000000,0.00000000,-2.06000000,0.00000000,0.00000000,3,9282610,PS PDH
255,254,255,1712244568,1712244568000,1,0,3.29000000,18313.94000000,-63.50000000,0.00000000,0.00000000,0.00000000,4,9282610,sl 18313.61
256,256,256,1712320500,1712320500150,0,0,0.56000000,17979.78000000,0.00000000,-0.35000000,0.00000000,0.00000000,3,9282610,PS PDL
257,256,257,1712336356,1712336356578,1,1,0.56000000,18201.99000000,124.44000000,0.00000000,0.00000000,0.00000000,5,9282610,tp 18201.72
258,258,258,1712535300,1712535300150,0,0,7.75000000,18135.11000000,0.00000000,-4.84000000,0.00000000,0.00000000,3,9282610,PS PDL
259,258,259,1712535683,1712535683000,1,1,7.75000000,18126.99000000,-62.93000000,0.00000000,0.00000000,0.00000000,4,9282610,sl 18126.99
260,260,260,1712586900,1712586900150,0,1,3.90000000,18182.30000000,0.00000000,-2.44000000,0.00000000,0.00000000,3,9282610,PS PDH
261,260,261,1712587833,1712587833750,1,0,3.90000000,18198.49000000,-63.14000000,0.00000000,0.00000000,0.00000000,4,9282610,sl 18198.27
262,262,262,1712669700,1712669700150,0,1,1.22000000,18178.44000000,0.00000000,-0.76000000,0.00000000,0.00000000,3,9282610,PS PDH
263,262,263,1712670036,1712670036315,1,0,1.22000000,18229.28000000,-62.02000000,0.00000000,0.00000000,0.00000000,4,9282610,sl 18229.26
264,264,264,1712673300,1712673300150,0,0,3.43000000,18071.64000000,0.00000000,-2.14000000,0.00000000,0.00000000,3,9282610,PS PDL
265,264,265,1712673391,1712673391680,1,1,3.43000000,18053.37000000,-62.67000000,0.00000000,0.00000000,0.00000000,4,9282610,sl 18053.84
266,266,266,1712739600,1712739600150,0,1,12.07000000,18232.81000000,0.00000000,-7.54000000,0.00000000,0.00000000,3,9282610,PS PDH
267,266,267,1712739616,1712739616000,1,0,12.07000000,18238.56000000,-69.40000000,0.00000000,0.00000000,0.00000000,4,9282610,sl 18237.81
268,268,268,1712756400,1712756400150,0,0,1.67000000,18017.48000000,0.00000000,-1.04000000,0.00000000,0.00000000,3,9282610,PS PDL
269,268,269,1712756730,1712756730638,1,1,1.67000000,17980.40000000,-61.92000000,0.00000000,0.00000000,0.00000000,4,9282610,sl 17981.70
270,270,270,1713158400,1713158400150,0,1,10.58000000,18095.04000000,0.00000000,-6.61000000,0.00000000,0.00000000,3,9282610,PS PDH
271,270,271,1713158531,1713158531000,1,0,10.58000000,18100.64000000,-59.25000000,0.00000000,0.00000000,0.00000000,4,9282610,sl 18100.61
272,272,272,1713193500,1713193500150,0,0,1.96000000,18037.41000000,0.00000000,-1.23000000,0.00000000,0.00000000,3,9282610,PS PDL
273,272,273,1713194352,1713194352911,1,1,1.96000000,18007.26000000,-59.09000000,0.00000000,0.00000000,0.00000000,4,9282610,sl 18007.65
274,274,274,1713234900,1713234900150,0,0,2.40000000,17690.76000000,0.00000000,-1.50000000,0.00000000,0.00000000,3,9282610,PS PDL
275,274,275,1713235075,1713235075161,1,1,2.40000000,17666.59000000,-58.01000000,0.00000000,0.00000000,0.00000000,4,9282610,sl 17666.73
276,276,276,1713333900,1713333900150,0,0,1.58000000,17662.71000000,0.00000000,-0.99000000,0.00000000,0.00000000,3,9282610,PS PDL
277,276,277,1713342140,1713342140000,1,1,1.58000000,17735.20000000,114.53000000,0.00000000,0.00000000,0.00000000,5,9282610,tp 17735.13
278,278,278,1713448200,1713448200150,0,0,1.28000000,17489.54000000,0.00000000,-0.80000000,0.00000000,0.00000000,3,9282610,PS PDL
279,278,279,1713449017,1713449017125,1,1,1.28000000,17443.50000000,-58.93000000,0.00000000,0.00000000,0.00000000,4,9282610,sl 17443.82
280,280,280,1713526200,1713526200150,0,0,4.58000000,17340.70000000,0.00000000,-2.86000000,0.00000000,0.00000000,3,9282610,PS PDL
281,280,281,1713528834,1713528834000,1,1,4.58000000,17365.86000000,115.23000000,0.00000000,0.00000000,0.00000000,5,9282610,tp 17365.86
282,282,282,1713764700,1713764700150,0,1,8.56000000,17134.61000000,0.00000000,-5.35000000,0.00000000,0.00000000,3,9282610,PS PDH
283,282,283,1713765220,1713765220000,1,0,8.56000000,17141.63000000,-60.09000000,0.00000000,0.00000000,0.00000000,4,9282610,sl 17141.47
284,284,284,1713796200,1713796200150,0,0,4.07000000,17064.96000000,0.00000000,-2.54000000,0.00000000,0.00000000,3,9282610,PS PDL
285,284,285,1713796836,1713796836585,1,1,4.07000000,17093.62000000,116.65000000,0.00000000,0.00000000,0.00000000,5,9282610,tp 17093.56
286,286,286,1713879300,1713879300150,0,1,1.60000000,17295.33000000,0.00000000,-1.00000000,0.00000000,0.00000000,3,9282610,PS PDH
287,286,287,1713879725,1713879725684,1,0,1.60000000,17332.69000000,-59.78000000,0.00000000,0.00000000,0.00000000,4,9282610,sl 17332.35
288,288,288,1713919200,1713919200150,0,1,11.82000000,17584.00000000,0.00000000,-7.39000000,0.00000000,0.00000000,3,9282610,PS PDH
289,288,289,1713919212,1713919212000,1,0,11.82000000,17589.11000000,-60.40000000,0.00000000,0.00000000,0.00000000,4,9282610,sl 17588.96
290,290,290,1714028100,1714028100150,0,0,3.00000000,17329.10000000,0.00000000,-1.88000000,0.00000000,0.00000000,3,9282610,PS PDL
291,290,291,1714029805,1714029805000,1,1,3.00000000,17309.58000000,-58.56000000,0.00000000,0.00000000,0.00000000,4,9282610,sl 17309.77
292,292,292,1714075800,1714075800150,0,1,2.01000000,17661.75000000,0.00000000,-1.26000000,0.00000000,0.00000000,3,9282610,PS PDH
293,292,293,1714078059,1714078059000,1,0,2.01000000,17690.68000000,-58.15000000,0.00000000,0.00000000,0.00000000,4,9282610,sl 17690.30
294,294,294,1714141800,1714141800150,0,1,1.64000000,17670.30000000,0.00000000,-1.03000000,0.00000000,0.00000000,3,9282610,PS PDH
295,294,295,1714142128,1714142128163,1,0,1.64000000,17705.73000000,-58.11000000,0.00000000,0.00000000,0.00000000,4,9282610,sl 17704.95
296,296,296,1714349700,1714349700150,0,1,7.83000000,17772.50000000,0.00000000,-4.89000000,0.00000000,0.00000000,3,9282610,PS PDH
297,296,297,1714354211,1714354211000,1,0,7.83000000,17779.76000000,-56.85000000,0.00000000,0.00000000,0.00000000,4,9282610,sl 17779.67
298,298,298,1714398600,1714398600150,0,0,1.95000000,17757.50000000,0.00000000,-1.22000000,0.00000000,0.00000000,3,9282610,PS PDL
299,298,299,1714398698,1714398698532,1,1,1.95000000,17728.61000000,-56.34000000,0.00000000,0.00000000,0.00000000,4,9282610,sl 17728.95
300,300,300,1714489800,1714489800150,0,0,3.80000000,17690.25000000,0.00000000,-2.38000000,0.00000000,0.00000000,3,9282610,PS PDL
301,300,301,1714489889,1714489889999,1,1,3.80000000,17674.98000000,-58.03000000,0.00000000,0.00000000,0.00000000,4,9282610,sl 17675.79
302,302,302,1714546800,1714546800150,0,0,2.43000000,17382.31000000,0.00000000,-1.52000000,0.00000000,0.00000000,3,9282610,PS PDL
303,302,303,1714549682,1714549682000,1,1,2.43000000,17359.53000000,-55.36000000,0.00000000,0.00000000,0.00000000,4,9282610,sl 17359.92
304,304,304,1714659000,1714659000150,0,0,2.94000000,17300.12000000,0.00000000,-1.84000000,0.00000000,0.00000000,3,9282610,PS PDL
305,304,305,1714659208,1714659208173,1,1,2.94000000,17336.93000000,108.22000000,0.00000000,0.00000000,0.00000000,5,9282610,tp 17336.72
306,306,306,1714688400,1714688400150,0,1,1.41000000,17663.61000000,0.00000000,-0.88000000,0.00000000,0.00000000,3,9282610,PS PDH
307,306,307,1714693800,1714693800150,1,0,1.41000000,17651.45000000,17.15000000,0.00000000,0.00000000,0.00000000,3,9282610,
308,308,308,1714947000,1714947000150,0,1,7.45000000,17939.78000000,0.00000000,-4.66000000,0.00000000,0.00000000,3,9282610,PS PDH
309,308,309,1714952604,1714952604000,1,0,7.45000000,17924.68000000,112.50000000,0.00000000,0.00000000,0.00000000,5,9282610,tp 17925.00
310,310,310,1714956300,1714956300150,0,0,8.26000000,17911.08000000,0.00000000,-5.16000000,0.00000000,0.00000000,3,9282610,PS PDL
311,310,311,1714966293,1714966293000,1,1,8.26000000,17904.02000000,-58.32000000,0.00000000,0.00000000,0.00000000,4,9282610,sl 17904.29
312,312,312,1715087700,1715087700150,0,1,5.76000000,18098.96000000,0.00000000,-3.60000000,0.00000000,0.00000000,3,9282610,PS PDH
313,312,313,1715088445,1715088445000,1,0,5.76000000,18109.18000000,-58.87000000,0.00000000,0.00000000,0.00000000,4,9282610,sl 18108.59
314,314,314,1715168400,1715168400150,0,0,6.11000000,18062.21000000,0.00000000,-3.82000000,0.00000000,0.00000000,3,9282610,PS PDL
315,314,315,1715169634,1715169634925,1,1,6.11000000,18053.11000000,-55.60000000,0.00000000,0.00000000,0.00000000,4,9282610,sl 18053.23
316,316,316,1715328300,1715328300150,0,1,12.27000000,18149.46000000,0.00000000,-7.67000000,0.00000000,0.00000000,3,9282610,PS PDH
317,316,317,1715328305,1715328305000,1,0,12.27000000,18154.24000000,-58.65000000,0.00000000,0.00000000,0.00000000,4,9282610,sl 18153.88
318,318,318,1715690100,1715690100150,0,0,0.78000000,18155.81000000,0.00000000,-0.49000000,0.00000000,0.00000000,3,9282610,PS PDL
319,318,319,1715710480,1715710480975,1,1,0.78000000,18293.84000000,107.66000000,0.00000000,0.00000000,0.00000000,5,9282610,tp 18293.83
320,320,320,1715741400,1715741400150,0,1,11.63000000,18344.65000000,0.00000000,-7.27000000,0.00000000,0.00000000,3,9282610,PS PDH
321,320,321,1715742501,1715742501000,1,0,11.63000000,18349.37000000,-54.89000000,0.00000000,0.00000000,0.00000000,4,9282610,sl 18349.35
322,322,322,1715818200,1715818200150,0,1,13.27000000,18643.06000000,0.00000000,-8.29000000,0.00000000,0.00000000,3,9282610,PS PDH
323,322,323,1715818512,1715818512000,1,0,13.27000000,18647.13000000,-54.01000000,0.00000000,0.00000000,0.00000000,4,9282610,sl 18647.13
324,324,324,1715935500,1715935500150,0,0,5.81000000,18554.57000000,0.00000000,-3.63000000,0.00000000,0.00000000,3,9282610,PS PDL
325,324,325,1715939154,1715939154000,1,1,5.81000000,18573.11000000,107.72000000,0.00000000,0.00000000,0.00000000,5,9282610,tp 18572.95
326,326,326,1716320400,1716320400150,0,1,7.80000000,18720.18000000,0.00000000,-4.88000000,0.00000000,0.00000000,3,9282610,PS PDH
327,326,327,1716321214,1716321214000,1,0,7.80000000,18727.24000000,-55.07000000,0.00000000,0.00000000,0.00000000,4,9282610,sl 18727.16
328,328,328,1716472500,1716472500150,0,1,1.00000000,18795.79000000,0.00000000,-0.63000000,0.00000000,0.00000000,3,9282610,PS PDH
329,328,329,1716473738,1716473738108,1,0,1.00000000,18850.32000000,-54.53000000,0.00000000,0.00000000,0.00000000,4,9282610,sl 18849.71
330,330,330,1716489000,1716489000150,0,0,3.55000000,18623.64000000,0.00000000,-2.22000000,0.00000000,0.00000000,3,9282610,PS PDL
331,330,331,1716489040,1716489040571,1,1,3.55000000,18608.37000000,-54.21000000,0.00000000,0.00000000,0.00000000,4,9282610,sl 18608.61
332,332,332,1716768300,1716768300150,0,0,4.79000000,18797.59000000,0.00000000,-2.99000000,0.00000000,0.00000000,3,9282610,PS PDL
333,332,333,1716786806,1716786806000,1,1,4.79000000,18820.02000000,107.44000000,0.00000000,0.00000000,0.00000000,5,9282610,tp 18819.61
334,334,334,1716793200,1716793200150,0,1,15.23000000,18837.77000000,0.00000000,-9.52000000,0.00000000,0.00000000,3,9282610,PS PDH
335,334,335,1716793201,1716793201000,1,0,15.23000000,18841.38000000,-54.98000000,0.00000000,0.00000000,0.00000000,4,9282610,sl 18841.30
336,336,336,1716891600,1716891600150,0,1,3.23000000,18900.50000000,0.00000000,-2.02000000,0.00000000,0.00000000,3,9282610,PS PDH
337,336,337,1716900270,1716900270000,1,0,3.23000000,18867.06000000,108.01000000,0.00000000,0.00000000,0.00000000,5,9282610,tp 18867.60
338,338,338,1716921600,1716921600150,0,0,3.90000000,18790.45000000,0.00000000,-2.44000000,0.00000000,0.00000000,3,9282610,PS PDL
339,338,339,1716922654,1716922654999,1,1,3.90000000,18818.54000000,109.55000000,0.00000000,0.00000000,0.00000000,5,9282610,tp 18818.23
340,340,340,1716972000,1716972000150,0,0,4.44000000,18785.74000000,0.00000000,-2.78000000,0.00000000,0.00000000,3,9282610,PS PDL
341,340,341,1716972084,1716972084000,1,1,4.44000000,18773.08000000,-56.21000000,0.00000000,0.00000000,0.00000000,4,9282610,sl 18773.29
342,342,342,1717032600,1717032600150,0,0,5.91000000,18678.07000000,0.00000000,-3.69000000,0.00000000,0.00000000,3,9282610,PS PDL
343,342,343,1717035699,1717035699000,1,1,5.91000000,18668.78000000,-54.90000000,0.00000000,0.00000000,0.00000000,4,9282610,sl 18668.81
344,344,344,1717119600,1717119600150,0,0,5.84000000,18517.72000000,0.00000000,-3.65000000,0.00000000,0.00000000,3,9282610,PS PDL
345,344,345,1717119697,1717119697000,1,1,5.84000000,18508.40000000,-54.43000000,0.00000000,0.00000000,0.00000000,4,9282610,sl 18508.45
346,346,346,1717426500,1717426500150,0,1,1.61000000,18554.75000000,0.00000000,-1.01000000,0.00000000,0.00000000,3,9282610,PS PDH
347,346,347,1717427978,1717427978333,1,0,1.61000000,18588.24000000,-53.92000000,0.00000000,0.00000000,0.00000000,4,9282610,sl 18588.02
348,348,348,1717436100,1717436100150,0,0,2.12000000,18529.96000000,0.00000000,-1.33000000,0.00000000,0.00000000,3,9282610,PS PDL
349,348,349,1717438481,1717438481086,1,1,2.12000000,18504.49000000,-54.00000000,0.00000000,0.00000000,0.00000000,4,9282610,sl 18504.93
350,350,350,1717527300,1717527300150,0,1,3.46000000,18716.17000000,0.00000000,-2.16000000,0.00000000,0.00000000,3,9282610,PS PDH
351,350,351,1717527520,1717527520481,1,0,3.46000000,18685.82000000,105.01000000,0.00000000,0.00000000,0.00000000,5,9282610,tp 18685.87
352,352,352,1717566900,1717566900150,0,1,6.68000000,18729.10000000,0.00000000,-4.18000000,0.00000000,0.00000000,3,9282610,PS PDH
353,352,353,1717567073,1717567073000,1,0,6.68000000,18737.10000000,-53.44000000,0.00000000,0.00000000,0.00000000,4,9282610,sl 18737.10
354,354,354,1717639200,1717639200150,0,1,5.91000000,19081.35000000,0.00000000,-3.69000000,0.00000000,0.00000000,3,9282610,PS PDH
355,354,355,1717640480,1717640480000,1,0,5.91000000,19090.39000000,-53.43000000,0.00000000,0.00000000,0.00000000,4,9282610,sl 19090.29
356,356,356,1717765800,1717765800150,0,0,2.40000000,19007.59000000,0.00000000,-1.50000000,0.00000000,0.00000000,3,9282610,PS PDL
357,356,357,1717767276,1717767276410,1,1,2.40000000,18985.45000000,-53.14000000,0.00000000,0.00000000,0.00000000,4,9282610,sl 18985.81
358,358,358,1717778100,1717778100150,0,1,2.58000000,19091.05000000,0.00000000,-1.61000000,0.00000000,0.00000000,3,9282610,PS PDH
359,358,359,1717779315,1717779315833,1,0,2.58000000,19111.33000000,-52.32000000,0.00000000,0.00000000,0.00000000,4,9282610,sl 19111.16
360,360,360,1718003100,1718003100150,0,0,1.69000000,19015.65000000,0.00000000,-1.06000000,0.00000000,0.00000000,3,9282610,PS PDL
361,360,361,1718009913,1718009913000,1,1,1.69000000,18985.10000000,-51.63000000,0.00000000,0.00000000,0.00000000,4,9282610,sl 18985.29
362,362,362,1718043600,1718043600150,0,1,1.51000000,19047.90000000,0.00000000,-0.94000000,0.00000000,0.00000000,3,9282610,PS PDH
363,362,363,1718044933,1718044933670,1,0,1.51000000,19081.50000000,-50.74000000,0.00000000,0.00000000,0.00000000,4,9282610,sl 19081.47
364,364,364,1718118300,1718118300150,0,1,2.46000000,19110.54000000,0.00000000,-1.54000000,0.00000000,0.00000000,3,9282610,PS PDH
365,364,365,1718120655,1718120655254,1,0,2.46000000,19069.51000000,100.93000000,0.00000000,0.00000000,0.00000000,5,9282610,tp 19069.68
366,366,366,1718575500,1718575500150,0,1,1.73000000,19689.02000000,0.00000000,-1.08000000,0.00000000,0.00000000,3,9282610,PS PDH
367,366,367,1718576136,1718576136000,1,0,1.73000000,19718.84000000,-51.59000000,0.00000000,0.00000000,0.00000000,4,9282610,sl 19718.57
368,368,368,1718631600,1718631600150,0,0,1.83000000,19705.98000000,0.00000000,-1.14000000,0.00000000,0.00000000,3,9282610,PS PDL
369,368,369,1718632046,1718632046511,1,1,1.83000000,19677.91000000,-51.37000000,0.00000000,0.00000000,0.00000000,4,9282610,sl 19678.22
370,370,370,1718895600,1718895600150,0,0,1.51000000,19981.76000000,0.00000000,-0.94000000,0.00000000,0.00000000,3,9282610,PS PDL
371,370,371,1718896954,1718896954925,1,1,1.51000000,19948.35000000,-50.45000000,0.00000000,0.00000000,0.00000000,4,9282610,sl 19948.40
372,372,372,1718959500,1718959500150,0,0,1.67000000,19740.00000000,0.00000000,-1.04000000,0.00000000,0.00000000,3,9282610,PS PDL
373,372,373,1718967923,1718967923000,1,1,1.67000000,19799.87000000,99.98000000,0.00000000,0.00000000,0.00000000,5,9282610,tp 19799.58
374,374,374,1719187500,1719187500150,0,0,6.04000000,19776.96000000,0.00000000,-3.78000000,0.00000000,0.00000000,3,9282610,PS PDL
375,374,375,1719187658,1719187658000,1,1,6.04000000,19768.53000000,-50.92000000,0.00000000,0.00000000,0.00000000,4,9282610,sl 19768.59
376,376,376,1719217200,1719217200150,0,1,5.60000000,19788.14000000,0.00000000,-3.50000000,0.00000000,0.00000000,3,9282610,PS PDH
377,376,377,1719217484,1719217484000,1,0,5.60000000,19797.10000000,-50.18000000,0.00000000,0.00000000,0.00000000,4,9282610,sl 19797.07
378,378,378,1719302700,1719302700150,0,0,2.22000000,19520.22000000,0.00000000,-1.39000000,0.00000000,0.00000000,3,9282610,PS PDL
379,378,379,1719304171,1719304171000,1,1,2.22000000,19564.98000000,99.37000000,0.00000000,0.00000000,0.00000000,5,9282610,tp 19564.80
380,380,380,1719450300,1719450300150,0,0,5.21000000,19681.43000000,0.00000000,-3.26000000,0.00000000,0.00000000,3,9282610,PS PDL
381,380,381,1719453799,1719453799000,1,1,5.21000000,19701.09000000,102.43000000,0.00000000,0.00000000,0.00000000,5,9282610,tp 19700.81
382,382,382,1719496200,1719496200150,0,1,1.42000000,19834.01000000,0.00000000,-0.89000000,0.00000000,0.00000000,3,9282610,PS PDH
383,382,383,1719497560,1719497560000,1,0,1.42000000,19870.90000000,-52.38000000,0.00000000,0.00000000,0.00000000,4,9282610,sl 19870.39
384,384,384,1719549900,1719549900150,0,1,9.38000000,19892.42000000,0.00000000,-5.86000000,0.00000000,0.00000000,3,9282610,PS PDH
385,384,385,1719554473,1719554473000,1,0,9.38000000,19897.87000000,-51.12000000,0.00000000,0.00000000,0.00000000,4,9282610,sl 19897.85
386,386,386,1719792300,1719792300150,0,0,2.10000000,19744.48000000,0.00000000,-1.31000000,0.00000000,0.00000000,3,9282610,PS PDL
387,386,387,1719803550,1719803550000,1,1,2.10000000,19792.78000000,101.43000000,0.00000000,0.00000000,0.00000000,5,9282610,tp 19792.50
388,388,388,1719927900,1719927900150,0,1,4.19000000,19863.00000000,0.00000000,-2.62000000,0.00000000,0.00000000,3,9282610,PS PDH
389,388,389,1719927937,1719927937605,1,0,4.19000000,19875.29000000,-51.50000000,0.00000000,0.00000000,0.00000000,4,9282610,sl 19875.26
390,390,390,1719987600,1719987600150,0,1,7.34000000,20046.04000000,0.00000000,-4.59000000,0.00000000,0.00000000,3,9282610,PS PDH
391,390,391,1719992775,1719992775000,1,0,7.34000000,20032.03000000,102.83000000,0.00000000,0.00000000,0.00000000,5,9282610,tp 20032.20
392,392,392,1720151100,1720151100150,0,1,10.79000000,20207.51000000,0.00000000,-6.74000000,0.00000000,0.00000000,3,9282610,PS PDH
393,392,393,1720151137,1720151137000,1,0,10.79000000,20212.40000000,-52.76000000,0.00000000,0.00000000,0.00000000,4,9282610,sl 20212.31
394,394,394,1720401000,1720401000150,0,0,5.22000000,20392.50000000,0.00000000,-3.26000000,0.00000000,0.00000000,3,9282610,PS PDL
395,394,395,1720426093,1720426093000,1,1,5.22000000,20412.12000000,102.42000000,0.00000000,0.00000000,0.00000000,5,9282610,tp 20412.12
396,396,396,1720483500,1720483500150,0,1,7.49000000,20545.16000000,0.00000000,-4.68000000,0.00000000,0.00000000,3,9282610,PS PDH
397,396,397,1720483612,1720483612000,1,0,7.49000000,20552.17000000,-52.50000000,0.00000000,0.00000000,0.00000000,4,9282610,sl 20552.13
398,398,398,1720620000,1720620000150,0,1,6.37000000,20574.01000000,0.00000000,-3.98000000,0.00000000,0.00000000,3,9282610,PS PDH
399,398,399,1720620014,1720620014634,1,0,6.37000000,20582.32000000,-52.93000000,0.00000000,0.00000000,0.00000000,4,9282610,sl 20582.11
400,400,400,1720702500,1720702500150,0,1,1.14000000,20697.57000000,0.00000000,-0.71000000,0.00000000,0.00000000,3,9282610,PS PDH
401,400,401,1720707145,1720707145714,1,0,1.14000000,20607.45000000,102.74000000,0.00000000,0.00000000,0.00000000,5,9282610,tp 20607.87
402,402,402,1720761600,1720761600150,0,0,2.21000000,20207.01000000,0.00000000,-1.38000000,0.00000000,0.00000000,3,9282610,PS PDL
403,402,403,1720775137,1720775137000,1,1,2.21000000,20254.46000000,104.86000000,0.00000000,0.00000000,0.00000000,5,9282610,tp 20254.23
404,404,404,1721007900,1721007900150,0,1,7.95000000,20393.86000000,0.00000000,-4.97000000,0.00000000,0.00000000,3,9282610,PS PDH
405,404,405,1721009154,1721009154000,1,0,7.95000000,20400.55000000,-53.19000000,0.00000000,0.00000000,0.00000000,4,9282610,sl 20400.54
406,406,406,1721073300,1721073300150,0,0,0.85000000,20386.90000000,0.00000000,-0.53000000,0.00000000,0.00000000,3,9282610,PS PDL
407,406,407,1721087400,1721087400150,1,1,0.85000000,20461.35000000,63.28000000,0.00000000,0.00000000,0.00000000,3,9282610,
408,408,408,1721139000,1721139000150,0,0,2.58000000,20329.68000000,0.00000000,-1.61000000,0.00000000,0.00000000,3,9282610,PS PDL
409,408,409,1721139603,1721139603716,1,1,2.58000000,20371.08000000,106.81000000,0.00000000,0.00000000,0.00000000,5,9282610,tp 20370.96
410,410,410,1721314500,1721314500150,0,0,0.86000000,19836.87000000,0.00000000,-0.54000000,0.00000000,0.00000000,3,9282610,PS PDL
411,410,411,1721315250,1721315250344,1,1,0.86000000,19772.93000000,-54.99000000,0.00000000,0.00000000,0.00000000,4,9282610,sl 19773.14
412,412,412,1721375100,1721375100150,0,0,1.80000000,19617.78000000,0.00000000,-1.13000000,0.00000000,0.00000000,3,9282610,PS PDL
413,412,413,1721377836,1721377836000,1,1,1.80000000,19678.05000000,108.49000000,0.00000000,0.00000000,0.00000000,5,9282610,tp 19677.62
414,414,414,1721614800,1721614800150,0,0,2.57000000,19581.99000000,0.00000000,-1.61000000,0.00000000,0.00000000,3,9282610,PS PDL
415,414,415,1721617645,1721617645000,1,1,2.57000000,19624.70000000,109.76000000,0.00000000,0.00000000,0.00000000,5,9282610,tp 19624.63
416,416,416,1721641500,1721641500150,0,1,8.02000000,19675.72000000,0.00000000,-5.01000000,0.00000000,0.00000000,3,9282610,PS PDH
417,416,417,1721641631,1721641631000,1,0,8.02000000,19682.85000000,-57.18000000,0.00000000,0.00000000,0.00000000,4,9282610,sl 19682.68
418,418,418,1721744700,1721744700150,0,1,2.26000000,19867.56000000,0.00000000,-1.41000000,0.00000000,0.00000000,3,9282610,PS PDH
419,418,419,1721745927,1721745927868,1,0,2.26000000,19818.16000000,111.64000000,0.00000000,0.00000000,0.00000000,5,9282610,tp 19818.68
420,420,420,1721887800,1721887800150,0,0,3.71000000,19032.17000000,0.00000000,-2.32000000,0.00000000,0.00000000,3,9282610,PS PDL
421,420,421,1721887834,1721887834177,1,1,3.71000000,19016.65000000,-57.58000000,0.00000000,0.00000000,0.00000000,4,9282610,sl 19017.00
422,422,422,1722266100,1722266100150,0,0,2.85000000,19047.93000000,0.00000000,-1.78000000,0.00000000,0.00000000,3,9282610,PS PDL
423,422,423,1722266135,1722266135639,1,1,2.85000000,19028.16000000,-56.34000000,0.00000000,0.00000000,0.00000000,4,9282610,sl 19028.38
424,424,424,1722303600,1722303600150,0,0,2.28000000,18991.41000000,0.00000000,-1.43000000,0.00000000,0.00000000,3,9282610,PS PDL
425,424,425,1722306903,1722306903750,1,1,2.28000000,18966.48000000,-56.84000000,0.00000000,0.00000000,0.00000000,4,9282610,sl 18967.18
426,426,426,1722429300,1722429300150,0,1,6.95000000,19189.63000000,0.00000000,-4.34000000,0.00000000,0.00000000,3,9282610,PS PDH
427,426,427,1722429741,1722429741666,1,0,6.95000000,19197.60000000,-55.39000000,0.00000000,0.00000000,0.00000000,4,9282610,sl 19197.48
428,428,428,1722470700,1722470700150,0,1,7.07000000,19561.13000000,0.00000000,-4.42000000,0.00000000,0.00000000,3,9282610,PS PDH
429,428,429,1722470854,1722470854000,1,0,7.07000000,19568.87000000,-54.72000000,0.00000000,0.00000000,0.00000000,4,9282610,sl 19568.76
430,430,430,1722535200,1722535200150,0,0,0.76000000,18897.76000000,0.00000000,-0.48000000,0.00000000,0.00000000,3,9282610,PS PDL
431,430,431,1722535958,1722535958059,1,1,0.76000000,18826.74000000,-53.98000000,0.00000000,0.00000000,0.00000000,4,9282610,sl 18826.80
432,432,432,1722811800,1722811800150,0,0,2.22000000,18281.49000000,0.00000000,-1.39000000,0.00000000,0.00000000,3,9282610,PS PDL
433,432,433,1722811882,1722811882025,1,1,2.22000000,18256.76000000,-54.90000000,0.00000000,0.00000000,0.00000000,4,9282610,sl 18257.62
434,434,434,1722817800,1722817800150,0,0,1.18000000,18130.44000000,0.00000000,-0.74000000,0.00000000,0.00000000,3,9282610,PS PDL
435,434,435,1722818965,1722818965000,1,1,1.18000000,18085.86000000,-52.60000000,0.00000000,0.00000000,0.00000000,4,9282610,sl 18085.97
436,436,436,1722902700,1722902700150,0,1,1.91000000,18166.08000000,0.00000000,-1.19000000,0.00000000,0.00000000,3,9282610,PS PDH
437,436,437,1722902792,1722902792647,1,0,1.91000000,18193.87000000,-53.08000000,0.00000000,0.00000000,0.00000000,4,9282610,sl 18193.22
438,438,438,1723040400,1723040400150,0,1,0.52000000,18339.02000000,0.00000000,-0.33000000,0.00000000,0.00000000,3,9282610,PS PDH
439,438,439,1723042056,1723042056090,1,0,0.52000000,18438.87000000,-51.92000000,0.00000000,0.00000000,0.00000000,4,9282610,sl 18438.18
440,440,440,1723060800,1723060800150,0,0,1.97000000,17878.19000000,0.00000000,-1.23000000,0.00000000,0.00000000,3,9282610,PS PDL
441,440,441,1723062121,1723062121804,1,1,1.97000000,17851.94000000,-51.71000000,0.00000000,0.00000000,0.00000000,4,9282610,sl 17852.42
442,442,442,1723141200,1723141200150,0,1,6.13000000,18449.75000000,0.00000000,-3.83000000,0.00000000,0.00000000,3,9282610,PS PDH
443,442,443,1723141213,1723141213953,1,0,6.13000000,18458.22000000,-51.92000000,0.00000000,0.00000000,0.00000000,4,9282610,sl 18457.92
444,444,444,1723196100,1723196100150,0,1,2.90000000,18513.71000000,0.00000000,-1.81000000,0.00000000,0.00000000,3,9282610,PS PDH
445,444,445,1723197399,1723197399000,1,0,2.90000000,18530.94000000,-49.97000000,0.00000000,0.00000000,0.00000000,4,9282610,sl 18530.83
446,446,446,1723431300,1723431300150,0,1,4.92000000,18566.88000000,0.00000000,-3.08000000,0.00000000,0.00000000,3,9282610,PS PDH
447,446,447,1723433553,1723433553000,1,0,4.92000000,18545.84000000,103.52000000,0.00000000,0.00000000,0.00000000,5,9282610,tp 18546.96
448,448,448,1723601700,1723601700150,0,1,1.44000000,19011.42000000,0.00000000,-0.90000000,0.00000000,0.00000000,3,9282610,PS PDH
449,448,449,1723617458,1723617458000,1,0,1.44000000,19046.58000000,-50.63000000,0.00000000,0.00000000,0.00000000,4,9282610,sl 19046.18
450,450,450,1723698300,1723698300150,0,1,3.91000000,19111.55000000,0.00000000,-2.44000000,0.00000000,0.00000000,3,9282610,PS PDH
451,450,451,1723702815,1723702815000,1,0,3.91000000,19086.14000000,99.35000000,0.00000000,0.00000000,0.00000000,5,9282610,tp 19086.19
452,452,452,1723774800,1723774800150,0,1,3.90000000,19543.13000000,0.00000000,-2.44000000,0.00000000,0.00000000,3,9282610,PS PDH
453,452,453,1723779156,1723779156000,1,0,3.90000000,19556.33000000,-51.48000000,0.00000000,0.00000000,0.00000000,4,9282610,sl 19556.09
454,454,454,1724038800,1724038800150,0,1,3.02000000,19585.32000000,0.00000000,-1.89000000,0.00000000,0.00000000,3,9282610,PS PDH
455,454,455,1724042042,1724042042000,1,0,3.02000000,19551.84000000,101.11000000,0.00000000,0.00000000,0.00000000,5,9282610,tp 19552.22
456,456,456,1724043900,1724043900150,0,0,4.46000000,19541.66000000,0.00000000,-2.79000000,0.00000000,0.00000000,3,9282610,PS PDL
457,456,457,1724044238,1724044238000,1,1,4.46000000,19529.70000000,-53.34000000,0.00000000,0.00000000,0.00000000,4,9282610,sl 19530.23
458,458,458,1724251800,1724251800150,0,1,0.73000000,19837.88000000,0.00000000,-0.46000000,0.00000000,0.00000000,3,9282610,PS PDH
459,458,459,1724284200,1724284200150,1,0,0.73000000,19870.51000000,-23.82000000,0.00000000,0.00000000,0.00000000,3,9282610,
460,460,460,1724326200,1724326200150,0,1,6.00000000,19906.19000000,0.00000000,-3.75000000,0.00000000,0.00000000,3,9282610,PS PDH
461,460,461,1724327557,1724327557000,1,0,6.00000000,19914.82000000,-51.78000000,0.00000000,0.00000000,0.00000000,4,9282610,sl 19914.55
462,462,462,1724343900,1724343900150,0,0,1.15000000,19726.47000000,0.00000000,-0.72000000,0.00000000,0.00000000,3,9282610,PS PDL
463,462,463,1724345556,1724345556216,1,1,1.15000000,19683.18000000,-49.78000000,0.00000000,0.00000000,0.00000000,4,9282610,sl 19683.28
464,464,464,1724635200,1724635200150,0,1,3.84000000,19761.58000000,0.00000000,-2.40000000,0.00000000,0.00000000,3,9282610,PS PDH
465,464,465,1724640088,1724640088000,1,0,3.84000000,19735.76000000,99.15000000,0.00000000,0.00000000,0.00000000,5,9282610,tp 19735.98
466,466,466,1724680500,1724680500150,0,0,5.00000000,19664.58000000,0.00000000,-3.13000000,0.00000000,0.00000000,3,9282610,PS PDL
467,466,467,1724680864,1724680864551,1,1,5.00000000,19654.27000000,-51.55000000,0.00000000,0.00000000,0.00000000,4,9282610,sl 19654.57
468,468,468,1724763300,1724763300150,0,0,2.20000000,19471.95000000,0.00000000,-1.38000000,0.00000000,0.00000000,3,9282610,PS PDL
469,468,469,1724763860,1724763860000,1,1,2.20000000,19448.42000000,-51.77000000,0.00000000,0.00000000,0.00000000,4,9282610,sl 19449.39
470,470,470,1724835600,1724835600150,0,1,7.00000000,19633.42000000,0.00000000,-4.38000000,0.00000000,0.00000000,3,9282610,PS PDH
471,470,471,1724835621,1724835621000,1,0,7.00000000,19640.69000000,-50.89000000,0.00000000,0.00000000,0.00000000,4,9282610,sl 19640.42
472,472,472,1724864100,1724864100150,0,0,1.37000000,19406.58000000,0.00000000,-0.86000000,0.00000000,0.00000000,3,9282610,PS PDL
473,472,473,1724865276,1724865276198,1,1,1.37000000,19369.79000000,-50.40000000,0.00000000,0.00000000,0.00000000,4,9282610,sl 19371.06
474,474,474,1724943300,1724943300150,0,1,4.32000000,19633.85000000,0.00000000,-2.70000000,0.00000000,0.00000000,3,9282610,PS PDH
475,474,475,1724943440,1724943440510,1,0,4.32000000,19610.93000000,99.01000000,0.00000000,0.00000000,0.00000000,5,9282610,tp 19611.65
476,476,476,1725228300,1725228300150,0,1,8.95000000,19586.87000000,0.00000000,-5.59000000,0.00000000,0.00000000,3,9282610,PS PDH
477,476,477,1725228649,1725228649000,1,0,8.95000000,19575.72000000,99.79000000,0.00000000,0.00000000,0.00000000,5,9282610,tp 19575.95
478,478,478,1725240300,1725240300150,0,1,9.73000000,19588.47000000,0.00000000,-6.08000000,0.00000000,0.00000000,3,9282610,PS PDH
479,478,479,1725240326,1725240326000,1,0,9.73000000,19593.71000000,-50.99000000,0.00000000,0.00000000,0.00000000,4,9282610,sl 19593.59
480,480,480,1725250500,1725250500150,0,0,3.95000000,19545.69000000,0.00000000,-2.47000000,0.00000000,0.00000000,3,9282610,PS PDL
481,480,481,1725259622,1725259622000,1,1,3.95000000,19533.02000000,-50.05000000,0.00000000,0.00000000,0.00000000,4,9282610,sl 19533.23
482,482,482,1725366300,1725366300150,0,0,3.83000000,19485.52000000,0.00000000,-2.39000000,0.00000000,0.00000000,3,9282610,PS PDL
483,482,483,1725366381,1725366381000,1,1,3.83000000,19472.60000000,-49.48000000,0.00000000,0.00000000,0.00000000,4,9282610,sl 19472.79
484,484,484,1725411000,1725411000150,0,0,1.05000000,18896.82000000,0.00000000,-0.66000000,0.00000000,0.00000000,3,9282610,PS PDL
485,484,485,1725411280,1725411280645,1,1,1.05000000,18850.52000000,-48.62000000,0.00000000,0.00000000,0.00000000,4,9282610,sl 18850.63
486,486,486,1725545400,1725545400150,0,1,1.20000000,19051.35000000,0.00000000,-0.75000000,0.00000000,0.00000000,3,9282610,PS PDH
487,486,487,1725546266,1725546266456,1,0,1.20000000,19091.57000000,-48.26000000,0.00000000,0.00000000,0.00000000,4,9282610,sl 19091.22
488,488,488,1725586200,1725586200150,0,0,1.43000000,18824.70000000,0.00000000,-0.89000000,0.00000000,0.00000000,3,9282610,PS PDL
489,488,489,1725606365,1725606365517,1,1,1.43000000,18791.54000000,-47.42000000,0.00000000,0.00000000,0.00000000,4,9282610,sl 18791.68
490,490,490,1725833100,1725833100150,0,0,1.73000000,18414.09000000,0.00000000,-1.08000000,0.00000000,0.00000000,3,9282610,PS PDL
491,490,491,1725833244,1725833244950,1,1,1.73000000,18386.55000000,-47.64000000,0.00000000,0.00000000,0.00000000,4,9282610,sl 18387.07
492,492,492,1725840300,1725840300150,0,1,4.24000000,18437.50000000,0.00000000,-2.65000000,0.00000000,0.00000000,3,9282610,PS PDH
493,492,493,1725840551,1725840551851,1,0,4.24000000,18448.71000000,-47.53000000,0.00000000,0.00000000,0.00000000,4,9282610,sl 18448.42
494,494,494,1725971700,1725971700150,0,1,4.43000000,18723.94000000,0.00000000,-2.77000000,0.00000000,0.00000000,3,9282610,PS PDH
495,494,495,1725971906,1725971906000,1,0,4.43000000,18735.01000000,-49.04000000,0.00000000,0.00000000,0.00000000,4,9282610,sl 18734.26
496,496,496,1726059600,1726059600150,0,1,3.11000000,18847.87000000,0.00000000,-1.94000000,0.00000000,0.00000000,3,9282610,PS PDH
497,496,497,1726059615,1726059615849,1,0,3.11000000,18862.94000000,-46.87000000,0.00000000,0.00000000,0.00000000,4,9282610,sl 18862.40
498,498,498,1726065900,1726065900150,0,0,2.93000000,18578.83000000,0.00000000,-1.83000000,0.00000000,0.00000000,3,9282610,PS PDL
499,498,499,1726065942,1726065942056,1,1,2.93000000,18563.36000000,-45.33000000,0.00000000,0.00000000,0.00000000,4,9282610,sl 18563.57
500,500,500,1726109700,1726109700150,0,1,2.66000000,19271.63000000,0.00000000,-1.66000000,0.00000000,0.00000000,3,9282610,PS PDH
501,500,501,1726112195,1726112195000,1,0,2.66000000,19288.48000000,-44.82000000,0.00000000,0.00000000,0.00000000,4,9282610,sl 19288.27
502,502,502,1726206300,1726206300150,0,1,4.40000000,19470.03000000,0.00000000,-2.75000000,0.00000000,0.00000000,3,9282610,PS PDH
503,502,503,1726206930,1726206930000,1,0,4.40000000,19449.54000000,90.16000000,0.00000000,0.00000000,0.00000000,5,9282610,tp 19450.13
504,504,504,1726483500,1726483500150,0,0,3.20000000,19487.38000000,0.00000000,-2.00000000,0.00000000,0.00000000,3,9282610,PS PDL
505,504,505,1726485514,1726485514000,1,1,3.20000000,19473.20000000,-45.38000000,0.00000000,0.00000000,0.00000000,4,9282610,sl 19473.42
506,506,506,1726567200,1726567200150,0,1,4.78000000,19541.59000000,0.00000000,-2.99000000,0.00000000,0.00000000,3,9282610,PS PDH
507,506,507,1726567472,1726567472000,1,0,4.78000000,19551.06000000,-45.27000000,0.00000000,0.00000000,0.00000000,4,9282610,sl 19550.84
508,508,508,1726682700,1726682700150,0,1,0.46000000,19576.14000000,0.00000000,-0.29000000,0.00000000,0.00000000,3,9282610,PS PDH
509,508,509,1726686338,1726686338066,1,0,0.46000000,19382.29000000,89.17000000,0.00000000,0.00000000,0.00000000,5,9282610,tp 19382.66
510,510,510,1727049900,1727049900150,0,1,5.92000000,19853.03000000,0.00000000,-3.70000000,0.00000000,0.00000000,3,9282610,PS PDH
511,510,511,1727050896,1727050896000,1,0,5.92000000,19860.76000000,-45.76000000,0.00000000,0.00000000,0.00000000,4,9282610,sl 19860.56
512,512,512,1727076600,1727076600150,0,0,1.32000000,19799.51000000,0.00000000,-0.83000000,0.00000000,0.00000000,3,9282610,PS PDL
513,512,513,1727084969,1727084969000,1,1,1.32000000,19867.27000000,89.44000000,0.00000000,0.00000000,0.00000000,5,9282610,tp 19866.71
514,514,514,1727278200,1727278200150,0,1,2.65000000,19997.16000000,0.00000000,-1.66000000,0.00000000,0.00000000,3,9282610,PS PDH
515,514,515,1727278559,1727278559310,1,0,2.65000000,20014.17000000,-45.08000000,0.00000000,0.00000000,0.00000000,4,9282610,sl 20014.13
516,516,516,1727362500,1727362500150,0,1,0.77000000,20057.75000000,0.00000000,-0.48000000,0.00000000,0.00000000,3,9282610,PS PDH
517,516,517,1727366197,1727366197931,1,0,0.77000000,20116.52000000,-45.25000000,0.00000000,0.00000000,0.00000000,4,9282610,sl 20115.82
518,518,518,1727462100,1727462100150,0,0,1.46000000,20002.79000000,0.00000000,-0.91000000,0.00000000,0.00000000,3,9282610,PS PDL
519,518,519,1727647200,1727647200150,1,1,1.46000000,20001.14000000,-2.41000000,0.00000000,-30.49000000,0.00000000,3,9282610,
520,520,520,1727647500,1727647500150,0,0,1.53000000,19993.09000000,0.00000000,-0.96000000,0.00000000,0.00000000,3,9282610,PS PDL
521,520,521,1727650813,1727650813000,1,1,1.53000000,20050.43000000,87.73000000,0.00000000,0.00000000,0.00000000,5,9282610,tp 20050.35
522,522,522,1727654700,1727654700150,0,1,2.86000000,20074.31000000,0.00000000,-1.79000000,0.00000000,0.00000000,3,9282610,PS PDH
523,522,523,1727658025,1727658025625,1,0,2.86000000,20042.96000000,89.66000000,0.00000000,0.00000000,0.00000000,5,9282610,tp 20043.05
524,524,524,1727663700,1727663700150,0,0,2.63000000,19977.19000000,0.00000000,-1.64000000,0.00000000,0.00000000,3,9282610,PS PDL
525,524,525,1727666792,1727666792000,1,1,2.63000000,20011.79000000,91.00000000,0.00000000,0.00000000,0.00000000,5,9282610,tp 20011.75
526,526,526,1727745300,1727745300150,0,1,5.98000000,20084.73000000,0.00000000,-3.74000000,0.00000000,0.00000000,3,9282610,PS PDH
527,526,527,1727745904,1727745904000,1,0,5.98000000,20092.92000000,-48.98000000,0.00000000,0.00000000,0.00000000,4,9282610,sl 20092.49
528,528,528,1727807400,1727807400150,0,0,1.84000000,19872.28000000,0.00000000,-1.15000000,0.00000000,0.00000000,3,9282610,PS PDL
529,528,529,1727807909,1727807909781,1,1,1.84000000,19846.96000000,-46.59000000,0.00000000,0.00000000,0.00000000,4,9282610,sl 19847.35
530,530,530,1727964900,1727964900150,0,1,0.52000000,19835.08000000,0.00000000,-0.33000000,0.00000000,0.00000000,3,9282610,PS PDH
531,530,531,1727999400,1727999400150,1,0,0.52000000,19800.68000000,17.89000000,0.00000000,0.00000000,0.00000000,3,9282610,
532,532,532,1728050400,1728050400150,0,1,0.65000000,19900.25000000,0.00000000,-0.41000000,0.00000000,0.00000000,3,9282610,PS PDH
533,532,533,1728054159,1728054159807,1,0,0.65000000,19970.32000000,-45.55000000,0.00000000,0.00000000,0.00000000,4,9282610,sl 19970.28
534,534,534,1728253500,1728253500150,0,1,4.21000000,20066.82000000,0.00000000,-2.63000000,0.00000000,0.00000000,3,9282610,PS PDH
535,534,535,1728253716,1728253716000,1,0,4.21000000,20077.76000000,-46.06000000,0.00000000,0.00000000,0.00000000,4,9282610,sl 20077.54
536,536,536,1728263100,1728263100150,0,0,2.45000000,20054.97000000,0.00000000,-1.53000000,0.00000000,0.00000000,3,9282610,PS PDL
537,536,537,1728265839,1728265839324,1,1,2.45000000,20036.63000000,-44.93000000,0.00000000,0.00000000,0.00000000,4,9282610,sl 20036.77
538,538,538,1728399000,1728399000150,0,1,2.14000000,20078.39000000,0.00000000,-1.34000000,0.00000000,0.00000000,3,9282610,PS PDH
539,538,539,1728403659,1728403659843,1,0,2.14000000,20036.85000000,88.90000000,0.00000000,0.00000000,0.00000000,5,9282610,tp 20037.05
540,540,540,1728577800,1728577800150,0,1,2.05000000,20302.58000000,0.00000000,-1.28000000,0.00000000,0.00000000,3,9282610,PS PDH
541,540,541,1728578883,1728578883820,1,0,2.05000000,20258.08000000,91.23000000,0.00000000,0.00000000,0.00000000,5,9282610,tp 20258.50
542,542,542,1728868200,1728868200150,0,0,5.19000000,20256.72000000,0.00000000,-3.24000000,0.00000000,0.00000000,3,9282610,PS PDL
543,542,543,1728869426,1728869426597,1,1,5.19000000,20247.73000000,-46.66000000,0.00000000,0.00000000,0.00000000,4,9282610,sl 20247.88
544,544,544,1728890700,1728890700150,0,1,9.54000000,20292.56000000,0.00000000,-5.96000000,0.00000000,0.00000000,3,9282610,PS PDH
545,544,545,1728891193,1728891193000,1,0,9.54000000,20297.38000000,-45.98000000,0.00000000,0.00000000,0.00000000,4,9282610,sl 20297.32
546,546,546,1729003500,1729003500150,0,0,0.77000000,20238.51000000,0.00000000,-0.48000000,0.00000000,0.00000000,3,9282610,PS PDL
547,546,547,1729018768,1729018768656,1,1,0.77000000,20179.21000000,-45.66000000,0.00000000,0.00000000,0.00000000,4,9282610,sl 20179.71
548,548,548,1729087500,1729087500150,0,0,0.85000000,20108.86000000,0.00000000,-0.53000000,0.00000000,0.00000000,3,9282610,PS PDL
549,548,549,1729102998,1729102998660,1,1,0.85000000,20214.22000000,89.56000000,0.00000000,0.00000000,0.00000000,5,9282610,tp 20214.10
550,550,550,1729174200,1729174200150,0,1,1.31000000,20230.25000000,0.00000000,-0.82000000,0.00000000,0.00000000,3,9282610,PS PDH
551,550,551,1729174478,1729174478764,1,0,1.31000000,20265.27000000,-45.88000000,0.00000000,0.00000000,0.00000000,4,9282610,sl 20265.16
552,552,552,1729464600,1729464600150,0,1,10.80000000,20381.68000000,0.00000000,-6.75000000,0.00000000,0.00000000,3,9282610,PS PDH
553,552,553,1729465235,1729465235000,1,0,10.80000000,20385.94000000,-46.01000000,0.00000000,0.00000000,0.00000000,4,9282610,sl 20385.83
554,554,554,1729477200,1729477200150,0,0,3.87000000,20366.92000000,0.00000000,-2.42000000,0.00000000,0.00000000,3,9282610,PS PDL
555,554,555,1729478615,1729478615000,1,1,3.87000000,20355.31000000,-44.93000000,0.00000000,0.00000000,0.00000000,4,9282610,sl 20355.47
556,556,556,1729520700,1729520700150,0,1,1.48000000,20384.20000000,0.00000000,-0.93000000,0.00000000,0.00000000,3,9282610,PS PDH
557,556,557,1729521563,1729521563823,1,0,1.48000000,20324.62000000,88.18000000,0.00000000,0.00000000,0.00000000,5,9282610,tp 20324.86
558,558,558,1729619100,1729619100150,0,1,1.81000000,20400.72000000,0.00000000,-1.13000000,0.00000000,0.00000000,3,9282610,PS PDH
559,558,559,1729619475,1729619475238,1,0,1.81000000,20425.73000000,-45.27000000,0.00000000,0.00000000,0.00000000,4,9282610,sl 20425.46
560,560,560,1729692600,1729692600150,0,0,1.59000000,20242.81000000,0.00000000,-0.99000000,0.00000000,0.00000000,3,9282610,PS PDL
561,560,561,1729693959,1729693959452,1,1,1.59000000,20298.82000000,89.06000000,0.00000000,0.00000000,0.00000000,5,9282610,tp 20298.73
562,562,562,1729842600,1729842600150,0,1,4.93000000,20290.62000000,0.00000000,-3.08000000,0.00000000,0.00000000,3,9282610,PS PDH
563,562,563,1729842865,1729842865479,1,0,4.93000000,20299.98000000,-46.14000000,0.00000000,0.00000000,0.00000000,4,9282610,sl 20299.77
564,564,564,1730074200,1730074200150,0,1,5.87000000,20503.14000000,0.00000000,-3.67000000,0.00000000,0.00000000,3,9282610,PS PDH
565,564,565,1730074341,1730074341428,1,0,5.87000000,20510.92000000,-45.67000000,0.00000000,0.00000000,0.00000000,4,9282610,sl 20510.75
566,566,566,1730130300,1730130300150,0,0,3.37000000,20419.52000000,0.00000000,-2.11000000,0.00000000,0.00000000,3,9282610,PS PDL
567,566,567,1730131298,1730131298399,1,1,3.37000000,20406.37000000,-44.32000000,0.00000000,0.00000000,0.00000000,4,9282610,sl 20406.42
568,568,568,1730160900,1730160900150,0,0,3.29000000,20385.57000000,0.00000000,-2.06000000,0.00000000,0.00000000,3,9282610,PS PDL
569,568,569,1730173624,1730173624000,1,1,3.29000000,20372.20000000,-43.99000000,0.00000000,0.00000000,0.00000000,4,9282610,sl 20372.27
570,570,570,1730221500,1730221500150,0,1,3.55000000,20555.05000000,0.00000000,-2.22000000,0.00000000,0.00000000,3,9282610,PS PDH
571,570,571,1730222074,1730222074285,1,0,3.55000000,20567.39000000,-43.81000000,0.00000000,0.00000000,0.00000000,4,9282610,sl 20567.23
572,572,572,1730247900,1730247900150,0,1,5.43000000,20646.16000000,0.00000000,-3.39000000,0.00000000,0.00000000,3,9282610,PS PDH
573,572,573,1730248322,1730248322000,1,0,5.43000000,20654.09000000,-43.06000000,0.00000000,0.00000000,0.00000000,4,9282610,sl 20654.03
574,574,574,1730327100,1730327100150,0,0,8.83000000,20325.25000000,0.00000000,-5.52000000,0.00000000,0.00000000,3,9282610,PS PDL
575,574,575,1730327156,1730327156202,1,1,8.83000000,20335.04000000,86.45000000,0.00000000,0.00000000,0.00000000,5,9282610,tp 20334.83
576,576,576,1730333700,1730333700150,0,0,2.46000000,20326.23000000,0.00000000,-1.54000000,0.00000000,0.00000000,3,9282610,PS PDL
577,576,577,1730347467,1730347467000,1,1,2.46000000,20308.37000000,-43.94000000,0.00000000,0.00000000,0.00000000,4,9282610,sl 20308.67
578,578,578,1730709600,1730709600150,0,1,5.15000000,20055.88000000,0.00000000,-3.22000000,0.00000000,0.00000000,3,9282610,PS PDH
579,578,579,1730709965,1730709965121,1,0,5.15000000,20039.23000000,85.75000000,0.00000000,0.00000000,0.00000000,5,9282610,tp 20039.30
580,580,580,1730731500,1730731500150,0,0,0.60000000,20014.93000000,0.00000000,-0.38000000,0.00000000,0.00000000,3,9282610,PS PDL
581,580,581,1730740169,1730740169501,1,1,0.60000000,19941.39000000,-44.12000000,0.00000000,0.00000000,0.00000000,4,9282610,sl 19941.50
582,582,582,1730853600,1730853600150,0,1,1.31000000,20286.17000000,0.00000000,-0.82000000,0.00000000,0.00000000,3,9282610,PS PDH
583,582,583,1730854875,1730854875234,1,0,1.31000000,20319.30000000,-43.40000000,0.00000000,0.00000000,0.00000000,4,9282610,sl 20319.18
584,584,584,1730956800,1730956800150,0,1,4.21000000,20833.37000000,0.00000000,-2.63000000,0.00000000,0.00000000,3,9282610,PS PDH
585,584,585,1730957242,1730957242000,1,0,4.21000000,20843.58000000,-42.98000000,0.00000000,0.00000000,0.00000000,4,9282610,sl 20843.48
586,586,586,1731045600,1731045600150,0,1,13.54000000,21157.14000000,0.00000000,-8.46000000,0.00000000,0.00000000,3,9282610,PS PDH
587,586,587,1731045634,1731045634000,1,0,13.54000000,21160.38000000,-43.87000000,0.00000000,0.00000000,0.00000000,4,9282610,sl 21160.25
588,588,588,1731288300,1731288300150,0,0,4.32000000,21181.40000000,0.00000000,-2.70000000,0.00000000,0.00000000,3,9282610,PS PDL
589,588,589,1731289165,1731289165000,1,1,4.32000000,21200.69000000,83.33000000,0.00000000,0.00000000,0.00000000,5,9282610,tp 21200.68
590,590,590,1731313500,1731313500150,0,1,7.77000000,21222.12000000,0.00000000,-4.86000000,0.00000000,0.00000000,3,9282610,PS PDH
591,590,591,1731313641,1731313641000,1,0,7.77000000,21227.86000000,-44.60000000,0.00000000,0.00000000,0.00000000,4,9282610,sl 21227.58
592,592,592,1731435300,1731435300150,0,0,1.70000000,21022.86000000,0.00000000,-1.06000000,0.00000000,0.00000000,3,9282610,PS PDL
593,592,593,1731436516,1731436516186,1,1,1.70000000,21072.51000000,84.41000000,0.00000000,0.00000000,0.00000000,5,9282610,tp 21072.34
594,594,594,1731524700,1731524700150,0,1,2.85000000,21162.53000000,0.00000000,-1.78000000,0.00000000,0.00000000,3,9282610,PS PDH
595,594,595,1731525496,1731525496941,1,0,2.85000000,21132.37000000,85.96000000,0.00000000,0.00000000,0.00000000,5,9282610,tp 21132.47
596,596,596,1731598200,1731598200150,0,0,0.95000000,21020.55000000,0.00000000,-0.59000000,0.00000000,0.00000000,3,9282610,PS PDL
597,596,597,1731605437,1731605437727,1,1,0.95000000,20974.47000000,-43.78000000,0.00000000,0.00000000,0.00000000,4,9282610,sl 20974.56
598,598,598,1731922800,1731922800150,0,1,2.96000000,20492.29000000,0.00000000,-1.85000000,0.00000000,0.00000000,3,9282610,PS PDH
599,598,599,1731923075,1731923075820,1,0,2.96000000,20507.33000000,-44.52000000,0.00000000,0.00000000,0.00000000,4,9282610,sl 20506.86
600,600,600,1732025400,1732025400150,0,0,0.51000000,20424.71000000,0.00000000,-0.32000000,0.00000000,0.00000000,3,9282610,PS PDL
601,600,601,1732031584,1732031584883,1,1,0.51000000,20593.34000000,86.00000000,0.00000000,0.00000000,0.00000000,5,9282610,tp 20593.09
602,602,602,1732040700,1732040700150,0,1,6.31000000,20656.06000000,0.00000000,-3.94000000,0.00000000,0.00000000,3,9282610,PS PDH
603,602,603,1732040733,1732040733947,1,0,6.31000000,20663.03000000,-43.98000000,0.00000000,0.00000000,0.00000000,4,9282610,sl 20662.96
604,604,604,1732068300,1732068300150,0,1,6.33000000,20727.19000000,0.00000000,-3.96000000,0.00000000,0.00000000,3,9282610,PS PDH
605,604,605,1732068400,1732068400000,1,0,6.33000000,20734.17000000,-44.18000000,0.00000000,0.00000000,0.00000000,4,9282610,sl 20733.99
606,606,606,1732199700,1732199700150,0,1,0.39000000,20735.48000000,0.00000000,-0.24000000,0.00000000,0.00000000,3,9282610,PS PDH
607,606,607,1732202845,1732202845133,1,0,0.39000000,20514.60000000,86.14000000,0.00000000,0.00000000,0.00000000,5,9282610,tp 20514.65
608,608,608,1732494600,1732494600150,0,1,18.56000000,20902.03000000,0.00000000,-11.60000000,0.00000000,0.00000000,3,9282610,PS PDH
609,608,609,1732494639,1732494639000,1,0,18.56000000,20896.88000000,95.58000000,0.00000000,0.00000000,0.00000000,5,9282610,tp 20897.35
610,610,610,1732547100,1732547100150,0,0,1.36000000,20883.19000000,0.00000000,-0.85000000,0.00000000,0.00000000,3,9282610,PS PDL
611,610,611,1732547440,1732547440061,1,1,1.36000000,20850.45000000,-44.53000000,0.00000000,0.00000000,0.00000000,4,9282610,sl 20850.52
612,612,612,1732583400,1732583400150,0,0,2.87000000,20732.25000000,0.00000000,-1.79000000,0.00000000,0.00000000,3,9282610,PS PDL
613,612,613,1732584277,1732584277297,1,1,2.87000000,20763.06000000,88.42000000,0.00000000,0.00000000,0.00000000,5,9282610,tp 20762.83
614,614,614,1732722300,1732722300150,0,0,0.89000000,20734.69000000,0.00000000,-0.56000000,0.00000000,0.00000000,3,9282610,PS PDL
615,614,615,1732723287,1732723287420,1,1,0.89000000,20683.82000000,-45.27000000,0.00000000,0.00000000,0.00000000,4,9282610,sl 20684.07
616,616,616,1732859100,1732859100150,0,1,9.06000000,20864.85000000,0.00000000,-5.66000000,0.00000000,0.00000000,3,9282610,PS PDH
617,616,617,1732861056,1732861056000,1,0,9.06000000,20855.07000000,88.61000000,0.00000000,0.00000000,0.00000000,5,9282610,tp 20855.09
618,618,618,1732888800,1732888800150,0,0,2.60000000,20789.75000000,0.00000000,-1.63000000,0.00000000,0.00000000,3,9282610,PS PDL
619,618,619,1732889431,1732889431851,1,1,2.60000000,20824.58000000,90.56000000,0.00000000,0.00000000,0.00000000,5,9282610,tp 20824.41
620,620,620,1733100000,1733100000150,0,0,6.01000000,20924.81000000,0.00000000,-3.76000000,0.00000000,0.00000000,3,9282610,PS PDL
621,620,621,1733100318,1733100318461,1,1,6.01000000,20916.99000000,-47.00000000,0.00000000,0.00000000,0.00000000,4,9282610,sl 20917.16
622,622,622,1733142900,1733142900150,0,1,4.81000000,20969.85000000,0.00000000,-3.01000000,0.00000000,0.00000000,3,9282610,PS PDH
623,622,623,1733144772,1733144772580,1,0,4.81000000,20979.53000000,-46.56000000,0.00000000,0.00000000,0.00000000,4,9282610,sl 20979.30
624,624,624,1733243700,1733243700150,0,1,1.81000000,21212.91000000,0.00000000,-1.13000000,0.00000000,0.00000000,3,9282610,PS PDH
625,624,625,1733257473,1733257473636,1,0,1.81000000,21237.99000000,-45.39000000,0.00000000,0.00000000,0.00000000,4,9282610,sl 21237.81
626,626,626,1733281500,1733281500150,0,1,10.72000000,21311.85000000,0.00000000,-6.70000000,0.00000000,0.00000000,3,9282610,PS PDH
627,626,627,1733281818,1733281818000,1,0,10.72000000,21316.37000000,-48.45000000,0.00000000,0.00000000,0.00000000,4,9282610,sl 21316.00
628,628,628,1733409300,1733409300150,0,1,4.65000000,21520.10000000,0.00000000,-2.91000000,0.00000000,0.00000000,3,9282610,PS PDH
629,628,629,1733409339,1733409339928,1,0,4.65000000,21529.61000000,-44.22000000,0.00000000,0.00000000,0.00000000,4,9282610,sl 21529.56
630,630,630,1733736600,1733736600150,0,1,4.39000000,21646.27000000,0.00000000,-2.74000000,0.00000000,0.00000000,3,9282610,PS PDH
631,630,631,1733738016,1733738016875,1,0,4.39000000,21626.08000000,88.63000000,0.00000000,0.00000000,0.00000000,5,9282610,tp 21626.45
632,632,632,1733859300,1733859300150,0,0,8.79000000,21434.56000000,0.00000000,-5.49000000,0.00000000,0.00000000,3,9282610,PS PDL
633,632,633,1733859339,1733859339272,1,1,8.79000000,21429.38000000,-45.53000000,0.00000000,0.00000000,0.00000000,4,9282610,sl 21429.52
634,634,634,1734049800,1734049800150,0,1,18.88000000,21775.04000000,0.00000000,-11.80000000,0.00000000,0.00000000,3,9282610,PS PDH
635,634,635,1734049823,1734049823000,1,0,18.88000000,21777.39000000,-44.37000000,0.00000000,0.00000000,0.00000000,4,9282610,sl 21777.36
636,636,636,1734309300,1734309300150,0,1,5.26000000,21850.76000000,0.00000000,-3.29000000,0.00000000,0.00000000,3,9282610,PS PDH
637,636,637,1734310204,1734310204109,1,0,5.26000000,21859.05000000,-43.61000000,0.00000000,0.00000000,0.00000000,4,9282610,sl 21858.99
638,638,638,1734548700,1734548700150,0,0,1.52000000,22008.86000000,0.00000000,-0.95000000,0.00000000,0.00000000,3,9282610,PS PDL
639,638,639,1734548716,1734548716795,1,1,1.52000000,21980.91000000,-42.48000000,0.00000000,0.00000000,0.00000000,4,9282610,sl 21980.95
640,640,640,1734708000,1734708000150,0,0,2.18000000,21134.68000000,0.00000000,-1.36000000,0.00000000,0.00000000,3,9282610,PS PDL
641,640,641,1734708278,1734708278028,1,1,2.18000000,21173.84000000,85.37000000,0.00000000,0.00000000,0.00000000,5,9282610,tp 21173.77
642,642,642,1734719400,1734719400150,0,1,1.30000000,21462.11000000,0.00000000,-0.81000000,0.00000000,0.00000000,3,9282610,PS PDH
643,642,643,1734719798,1734719798391,1,0,1.30000000,21495.74000000,-43.72000000,0.00000000,0.00000000,0.00000000,4,9282610,sl 21495.64
644,644,644,1734919500,1734919500150,0,1,1.88000000,21467.28000000,0.00000000,-1.18000000,0.00000000,0.00000000,3,9282610,PS PDH
645,644,645,1734928588,1734928588524,1,0,1.88000000,21490.01000000,-42.73000000,0.00000000,0.00000000,0.00000000,4,9282610,sl 21490.01
646,646,646,1734954000,1734954000150,0,0,2.60000000,21393.74000000,0.00000000,-1.63000000,0.00000000,0.00000000,3,9282610,PS PDL
647,646,647,1734954460,1734954460285,1,1,2.60000000,21377.33000000,-42.67000000,0.00000000,0.00000000,0.00000000,4,9282610,sl 21377.44
648,648,648,1735027800,1735027800150,0,1,2.71000000,21555.51000000,0.00000000,-1.69000000,0.00000000,0.00000000,3,9282610,PS PDH
649,648,649,1735029573,1735029573000,1,0,2.71000000,21571.27000000,-42.71000000,0.00000000,0.00000000,0.00000000,4,9282610,sl 21570.98
650,650,650,1735172400,1735172400150,0,0,6.72000000,21851.90000000,0.00000000,-4.20000000,0.00000000,0.00000000,3,9282610,PS PDL
651,650,651,1735172437,1735172437000,1,1,6.72000000,21845.69000000,-41.73000000,0.00000000,0.00000000,0.00000000,4,9282610,sl 21845.74
652,652,652,1735189500,1735189500150,0,1,8.69000000,21883.95000000,0.00000000,-5.43000000,0.00000000,0.00000000,3,9282610,PS PDH
653,652,653,1735189656,1735189656000,1,0,8.69000000,21888.83000000,-42.41000000,0.00000000,0.00000000,0.00000000,4,9282610,sl 21888.66
654,654,654,1735309200,1735309200150,0,0,6.17000000,21676.89000000,0.00000000,-3.86000000,0.00000000,0.00000000,3,9282610,PS PDL
655,654,655,1735309301,1735309301428,1,1,6.17000000,21670.24000000,-41.03000000,0.00000000,0.00000000,0.00000000,4,9282610,sl 21670.33
656,656,656,1735536600,1735536600150,0,0,7.30000000,21489.12000000,0.00000000,-4.56000000,0.00000000,0.00000000,3,9282610,PS PDL
657,656,657,1735536625,1735536625868,1,1,7.30000000,21483.49000000,-41.10000000,0.00000000,0.00000000,0.00000000,4,9282610,sl 21483.64
658,658,658,1735667700,1735667700150,0,0,1.07000000,21077.60000000,0.00000000,-0.67000000,0.00000000,0.00000000,3,9282610,PS PDL
659,658,659,1735668462,1735668462146,1,1,1.07000000,21152.17000000,79.79000000,0.00000000,0.00000000,0.00000000,5,9282610,tp 21152.14
660,660,660,1735779900,1735779900150,0,0,1.24000000,21085.88000000,0.00000000,-0.78000000,0.00000000,0.00000000,3,9282610,PS PDL
661,660,661,1735785663,1735785663116,1,1,1.24000000,21151.44000000,81.29000000,0.00000000,0.00000000,0.00000000,5,9282610,tp 21151.38
662,662,662,1736122800,1736122800150,0,0,7.84000000,21331.17000000,0.00000000,-4.90000000,0.00000000,0.00000000,3,9282610,PS PDL
663,662,663,1736122826,1736122826138,1,1,7.84000000,21325.60000000,-43.67000000,0.00000000,0.00000000,0.00000000,4,9282610,sl 21325.92
664,664,664,1736142300,1736142300150,0,1,7.08000000,21369.94000000,0.00000000,-4.43000000,0.00000000,0.00000000,3,9282610,PS PDH
665,664,665,1736145206,1736145206000,1,0,7.08000000,21375.72000000,-40.92000000,0.00000000,0.00000000,0.00000000,4,9282610,sl 21375.69
666,666,666,1736265300,1736265300150,0,0,0.78000000,21322.25000000,0.00000000,-0.49000000,0.00000000,0.00000000,3,9282610,PS PDL
667,666,667,1736269062,1736269062706,1,1,0.78000000,21269.95000000,-40.79000000,0.00000000,0.00000000,0.00000000,4,9282610,sl 21270.01
668,668,668,1736340000,1736340000150,0,0,0.70000000,21122.66000000,0.00000000,-0.44000000,0.00000000,0.00000000,3,9282610,PS PDL
669,668,669,1736348619,1736348619746,1,1,0.70000000,21237.84000000,80.63000000,0.00000000,0.00000000,0.00000000,5,9282610,tp 21237.80
670,670,670,1736470500,1736470500150,0,0,4.92000000,21056.72000000,0.00000000,-3.08000000,0.00000000,0.00000000,3,9282610,PS PDL
671,670,671,1736470707,1736470707534,1,1,4.92000000,21047.98000000,-43.00000000,0.00000000,0.00000000,0.00000000,4,9282610,sl 21048.47
672,672,672,1736508900,1736508900150,0,1,3.31000000,21178.69000000,0.00000000,-2.07000000,0.00000000,0.00000000,3,9282610,PS PDH
673,672,673,1736508990,1736508990000,1,0,3.31000000,21191.07000000,-40.98000000,0.00000000,0.00000000,0.00000000,4,9282610,sl 21190.83
674,674,674,1736727000,1736727000150,0,1,5.73000000,20877.38000000,0.00000000,-3.58000000,0.00000000,0.00000000,3,9282610,PS PDH
675,674,675,1736727905,1736727905393,1,0,5.73000000,20884.48000000,-40.68000000,0.00000000,0.00000000,0.00000000,4,9282610,sl 20884.32
676,676,676,1736842800,1736842800150,0,1,11.86000000,20942.23000000,0.00000000,-7.41000000,0.00000000,0.00000000,3,9282610,PS PDH
677,676,677,1736842904,1736842904409,1,0,11.86000000,20945.56000000,-39.49000000,0.00000000,0.00000000,0.00000000,4,9282610,sl 20945.54
678,678,678,1737009900,1737009900150,0,1,2.46000000,21294.90000000,0.00000000,-1.54000000,0.00000000,0.00000000,3,9282610,PS PDH
679,678,679,1737010743,1737010743776,1,0,2.46000000,21310.84000000,-39.21000000,0.00000000,0.00000000,0.00000000,4,9282610,sl 21310.71
680,680,680,1737124500,1737124500150,0,1,0.41000000,21410.90000000,0.00000000,-0.26000000,0.00000000,0.00000000,3,9282610,PS PDH
681,680,681,1737137496,1737137496806,1,0,0.41000000,21505.73000000,-38.88000000,0.00000000,0.00000000,0.00000000,4,9282610,sl 21505.71
682,682,682,1737361800,1737361800150,0,1,1.75000000,21466.97000000,0.00000000,-1.09000000,0.00000000,0.00000000,3,9282610,PS PDH
683,682,683,1737363815,1737363815454,1,0,1.75000000,21489.09000000,-38.71000000,0.00000000,0.00000000,0.00000000,4,9282610,sl 21488.76
684,684,684,1737420900,1737420900150,0,0,0.83000000,21417.88000000,0.00000000,-0.52000000,0.00000000,0.00000000,3,9282610,PS PDL
685,684,685,1737421109,1737421109999,1,1,0.83000000,21372.15000000,-37.96000000,0.00000000,0.00000000,0.00000000,4,9282610,sl 21372.53
686,686,686,1737504900,1737504900150,0,1,2.97000000,21682.50000000,0.00000000,-1.86000000,0.00000000,0.00000000,3,9282610,PS PDH
687,686,687,1737505274,1737505274000,1,0,2.97000000,21695.05000000,-37.27000000,0.00000000,0.00000000,0.00000000,4,9282610,sl 21695.04
688,688,688,1737685500,1737685500150,0,1,2.03000000,21915.49000000,0.00000000,-1.27000000,0.00000000,0.00000000,3,9282610,PS PDH
689,688,689,1737687842,1737687842000,1,0,2.03000000,21933.77000000,-37.11000000,0.00000000,0.00000000,0.00000000,4,9282610,sl 21933.69
690,690,690,1737746100,1737746100150,0,0,2.75000000,21732.04000000,0.00000000,-1.72000000,0.00000000,0.00000000,3,9282610,PS PDL
691,690,691,1737746919,1737746919600,1,1,2.75000000,21758.63000000,73.12000000,0.00000000,0.00000000,0.00000000,5,9282610,tp 21758.58
692,692,692,1737938400,1737938400150,0,0,4.30000000,21523.31000000,0.00000000,-2.69000000,0.00000000,0.00000000,3,9282610,PS PDL
693,692,693,1737938439,1737938439718,1,1,4.30000000,21514.48000000,-37.97000000,0.00000000,0.00000000,0.00000000,4,9282610,sl 21514.66
694,694,694,1738156200,1738156200150,0,1,1.39000000,21504.76000000,0.00000000,-0.87000000,0.00000000,0.00000000,3,9282610,PS PDH
695,694,695,1738157833,1738157833799,1,0,1.39000000,21451.71000000,73.74000000,0.00000000,0.00000000,0.00000000,5,9282610,tp 21451.76
696,696,696,1738225800,1738225800150,0,1,4.01000000,21587.83000000,0.00000000,-2.51000000,0.00000000,0.00000000,3,9282610,PS PDH
697,696,697,1738227573,1738227573000,1,0,4.01000000,21597.39000000,-38.34000000,0.00000000,0.00000000,0.00000000,4,9282610,sl 21597.19
698,698,698,1738290900,1738290900150,0,1,5.10000000,21638.90000000,0.00000000,-3.19000000,0.00000000,0.00000000,3,9282610,PS PDH
699,698,699,1738291231,1738291231764,1,0,5.10000000,21646.33000000,-37.89000000,0.00000000,0.00000000,0.00000000,4,9282610,sl 21646.17
700,700,700,1738541400,1738541400150,0,1,3.76000000,21040.65000000,0.00000000,-2.35000000,0.00000000,0.00000000,3,9282610,PS PDH
701,700,701,1738541560,1738541560701,1,0,3.76000000,21050.51000000,-37.07000000,0.00000000,0.00000000,0.00000000,4,9282610,sl 21050.41
702,702,702,1738690200,1738690200150,0,1,0.89000000,21469.38000000,0.00000000,-0.56000000,0.00000000,0.00000000,3,9282610,PS PDH
703,702,703,1738691859,1738691859999,1,0,0.89000000,21510.04000000,-36.19000000,0.00000000,0.00000000,0.00000000,4,9282610,sl 21510.04
704,704,704,1738800300,1738800300150,0,1,14.71000000,21702.48000000,0.00000000,-9.19000000,0.00000000,0.00000000,3,9282610,PS PDH
705,704,705,1738800319,1738800319428,1,0,14.71000000,21705.02000000,-37.36000000,0.00000000,0.00000000,0.00000000,4,9282610,sl 21704.92
706,706,706,1738899000,1738899000150,0,1,20.24000000,21792.83000000,0.00000000,-12.65000000,0.00000000,0.00000000,3,9282610,PS PDH
707,706,707,1738899005,1738899005000,1,0,20.24000000,21794.65000000,-36.84000000,0.00000000,0.00000000,0.00000000,4,9282610,sl 21794.58
708,708,708,1738941300,1738941300150,0,0,1.00000000,21636.01000000,0.00000000,-0.63000000,0.00000000,0.00000000,3,9282610,PS PDL
709,708,709,1738942657,1738942657703,1,1,1.00000000,21706.73000000,70.72000000,0.00000000,0.00000000,0.00000000,5,9282610,tp 21706.61
710,710,710,1739142600,1739142600150,0,0,0.97000000,21471.17000000,0.00000000,-0.61000000,0.00000000,0.00000000,3,9282610,PS PDL
711,710,711,1739145000,1739145000150,1,1,0.97000000,21531.32000000,58.35000000,0.00000000,0.00000000,0.00000000,3,9282610,
712,712,712,1739145900,1739145900150,0,1,1.67000000,21571.50000000,0.00000000,-1.04000000,0.00000000,0.00000000,3,9282610,PS PDH
713,712,713,1739147561,1739147561632,1,0,1.67000000,21593.39000000,-36.56000000,0.00000000,0.00000000,0.00000000,4,9282610,sl 21593.18
714,714,714,1739371800,1739371800150,0,0,1.43000000,21601.50000000,0.00000000,-0.89000000,0.00000000,0.00000000,3,9282610,PS PDL
715,714,715,1739372441,1739372441030,1,1,1.43000000,21576.11000000,-36.31000000,0.00000000,0.00000000,0.00000000,4,9282610,sl 21576.26
716,716,716,1739401500,1739401500150,0,1,2.53000000,21780.70000000,0.00000000,-1.58000000,0.00000000,0.00000000,3,9282610,PS PDH
717,716,717,1739403856,1739403856799,1,0,2.53000000,21794.75000000,-35.55000000,0.00000000,0.00000000,0.00000000,4,9282610,sl 21794.75
718,718,718,1739408100,1739408100150,0,1,8.89000000,21822.19000000,0.00000000,-5.56000000,0.00000000,0.00000000,3,9282610,PS PDH
719,718,719,1739408145,1739408145000,1,0,8.89000000,21826.17000000,-35.38000000,0.00000000,0.00000000,0.00000000,4,9282610,sl 21826.14
720,720,720,1739511900,1739511900150,0,1,6.82000000,22049.02000000,0.00000000,-4.26000000,0.00000000,0.00000000,3,9282610,PS PDH
721,720,721,1739513082,1739513082000,1,0,6.82000000,22054.15000000,-34.99000000,0.00000000,0.00000000,0.00000000,4,9282610,sl 22054.11
722,722,722,1739747100,1739747100150,0,1,1.61000000,22143.89000000,0.00000000,-1.01000000,0.00000000,0.00000000,3,9282610,PS PDH
723,722,723,1739749800,1739749800150,1,0,1.61000000,22150.32000000,-10.35000000,0.00000000,0.00000000,0.00000000,3,9282610,
724,724,724,1739783100,1739783100150,0,1,3.61000000,22162.55000000,0.00000000,-2.26000000,0.00000000,0.00000000,3,9282610,PS PDH
725,724,725,1739783366,1739783366000,1,0,3.61000000,22172.05000000,-34.30000000,0.00000000,0.00000000,0.00000000,4,9282610,sl 22172.04
726,726,726,1739803200,1739803200150,0,0,3.05000000,22141.65000000,0.00000000,-1.91000000,0.00000000,0.00000000,3,9282610,PS PDL
727,726,727,1739803356,1739803356078,1,1,3.05000000,22130.32000000,-34.56000000,0.00000000,0.00000000,0.00000000,4,9282610,sl 22130.55
728,728,728,1739866200,1739866200150,0,1,2.01000000,22214.84000000,0.00000000,-1.26000000,0.00000000,0.00000000,3,9282610,PS PDH
729,728,729,1739866956,1739866956623,1,0,2.01000000,22231.59000000,-33.67000000,0.00000000,0.00000000,0.00000000,4,9282610,sl 22231.49
730,730,730,1739890500,1739890500150,0,0,0.76000000,22148.50000000,0.00000000,-0.48000000,0.00000000,0.00000000,3,9282610,PS PDL
731,730,731,1739890890,1739890890673,1,1,0.76000000,22104.37000000,-33.54000000,0.00000000,0.00000000,0.00000000,4,9282610,sl 22104.44
732,732,732,1740084600,1740084600150,0,0,1.22000000,22074.67000000,0.00000000,-0.76000000,0.00000000,0.00000000,3,9282610,PS PDL
733,732,733,1740095400,1740095400150,1,1,1.22000000,22110.94000000,44.25000000,0.00000000,0.00000000,0.00000000,3,9282610,
734,734,734,1740144000,1740144000150,0,1,3.38000000,22161.11000000,0.00000000,-2.11000000,0.00000000,0.00000000,3,9282610,PS PDH
735,734,735,1740145272,1740145272363,1,0,3.38000000,22171.01000000,-33.46000000,0.00000000,0.00000000,0.00000000,4,9282610,sl 22170.93
736,736,736,1740153000,1740153000150,0,0,0.70000000,21930.75000000,0.00000000,-0.44000000,0.00000000,0.00000000,3,9282610,PS PDL
737,736,737,1740158189,1740158189230,1,1,0.70000000,21883.28000000,-33.23000000,0.00000000,0.00000000,0.00000000,4,9282610,sl 21883.45
738,738,738,1740355800,1740355800150,0,1,5.94000000,21716.99000000,0.00000000,-3.71000000,0.00000000,0.00000000,3,9282610,PS PDH
739,738,739,1740356414,1740356414157,1,0,5.94000000,21722.50000000,-32.73000000,0.00000000,0.00000000,0.00000000,4,9282610,sl 21722.46
740,740,740,1740408600,1740408600150,0,0,2.24000000,21633.43000000,0.00000000,-1.40000000,0.00000000,0.00000000,3,9282610,PS PDL
741,740,741,1740408638,1740408638233,1,1,2.24000000,21618.99000000,-32.35000000,0.00000000,0.00000000,0.00000000,4,9282610,sl 21619.07
742,742,742,1740469500,1740469500150,0,0,3.04000000,21326.25000000,0.00000000,-1.90000000,0.00000000,0.00000000,3,9282610,PS PDL
743,742,743,1740469540,1740469540129,1,1,3.04000000,21315.79000000,-31.80000000,0.00000000,0.00000000,0.00000000,4,9282610,sl 21315.79
744,744,744,1740669300,1740669300150,0,0,0.34000000,21026.72000000,0.00000000,-0.21000000,0.00000000,0.00000000,3,9282610,PS PDL
745,744,745,1740676599,1740676599701,1,1,0.34000000,20933.44000000,-31.72000000,0.00000000,0.00000000,0.00000000,4,9282610,sl 20933.58
746,746,746,1740706500,1740706500150,0,0,0.60000000,20548.83000000,0.00000000,-0.38000000,0.00000000,0.00000000,3,9282610,PS PDL
747,746,747,1740713065,1740713065411,1,1,0.60000000,20496.57000000,-31.36000000,0.00000000,0.00000000,0.00000000,4,9282610,sl 20496.75
748,748,748,1740968100,1740968100150,0,0,2.98000000,20917.43000000,0.00000000,-1.86000000,0.00000000,0.00000000,3,9282610,PS PDL
749,748,749,1740968294,1740968294054,1,1,2.98000000,20907.04000000,-30.96000000,0.00000000,0.00000000,0.00000000,4,9282610,sl 20907.06
750,750,750,1741012800,1741012800150,0,1,0.26000000,20949.53000000,0.00000000,-0.16000000,0.00000000,0.00000000,3,9282610,PS PDH
751,750,751,1741025381,1741025381404,1,0,0.26000000,20713.43000000,61.39000000,0.00000000,0.00000000,0.00000000,5,9282610,tp 20713.47
752,752,752,1741091400,1741091400150,0,0,4.95000000,20293.68000000,0.00000000,-3.09000000,0.00000000,0.00000000,3,9282610,PS PDL
753,752,753,1741091438,1741091438744,1,1,4.95000000,20306.40000000,62.96000000,0.00000000,0.00000000,0.00000000,5,9282610,tp 20306.25
754,754,754,1741281000,1741281000150,0,0,0.53000000,20196.74000000,0.00000000,-0.33000000,0.00000000,0.00000000,3,9282610,PS PDL
755,754,755,1741281459,1741281459141,1,1,0.53000000,20136.51000000,-31.92000000,0.00000000,0.00000000,0.00000000,4,9282610,sl 20136.53
756,756,756,1741362600,1741362600150,0,0,0.29000000,20018.29000000,0.00000000,-0.18000000,0.00000000,0.00000000,3,9282610,PS PDL
757,756,757,1741364319,1741364319982,1,1,0.29000000,19909.47000000,-31.56000000,0.00000000,0.00000000,0.00000000,4,9282610,sl 19909.51
758,758,758,1741571100,1741571100150,0,1,1.65000000,20088.15000000,0.00000000,-1.03000000,0.00000000,0.00000000,3,9282610,PS PDH
759,758,759,1741571846,1741571846117,1,0,1.65000000,20107.15000000,-31.35000000,0.00000000,0.00000000,0.00000000,4,9282610,sl 20107.07
760,760,760,1741608000,1741608000150,0,0,0.99000000,19942.61000000,0.00000000,-0.62000000,0.00000000,0.00000000,3,9282610,PS PDL
761,760,761,1741608337,1741608337636,1,1,0.99000000,19911.38000000,-30.92000000,0.00000000,0.00000000,0.00000000,4,9282610,sl 19911.44
762,762,762,1741656900,1741656900150,0,0,0.97000000,19237.77000000,0.00000000,-0.61000000,0.00000000,0.00000000,3,9282610,PS PDL
763,762,763,1741658142,1741658142950,1,1,0.97000000,19205.94000000,-30.88000000,0.00000000,0.00000000,0.00000000,4,9282610,sl 19206.25
764,764,764,1741783200,1741783200150,0,1,0.52000000,19656.68000000,0.00000000,-0.33000000,0.00000000,0.00000000,3,9282610,PS PDH
765,764,765,1741783961,1741783961118,1,0,0.52000000,19714.98000000,-30.32000000,0.00000000,0.00000000,0.00000000,4,9282610,sl 19714.93
766,766,766,1741874700,1741874700150,0,0,0.38000000,19397.14000000,0.00000000,-0.24000000,0.00000000,0.00000000,3,9282610,PS PDL
767,766,767,1741875904,1741875904965,1,1,0.38000000,19554.43000000,59.77000000,0.00000000,0.00000000,0.00000000,5,9282610,tp 19554.31
768,768,768,1741967400,1741967400150,0,1,0.96000000,19660.71000000,0.00000000,-0.60000000,0.00000000,0.00000000,3,9282610,PS PDH
769,768,769,1741971161,1741971161847,1,0,0.96000000,19692.50000000,-30.52000000,0.00000000,0.00000000,0.00000000,4,9282610,sl 19692.48
770,770,770,1742208900,1742208900150,0,1,4.17000000,19690.86000000,0.00000000,-2.61000000,0.00000000,0.00000000,3,9282610,PS PDH
771,770,771,1742209297,1742209297655,1,0,4.17000000,19698.20000000,-30.61000000,0.00000000,0.00000000,0.00000000,4,9282610,sl 19698.08
772,772,772,1742412300,1742412300150,0,1,0.72000000,19828.79000000,0.00000000,-0.45000000,0.00000000,0.00000000,3,9282610,PS PDH
773,772,773,1742412555,1742412555638,1,0,0.72000000,19745.30000000,60.11000000,0.00000000,0.00000000,0.00000000,5,9282610,tp 19745.30
774,774,774,1742567100,1742567100150,0,0,0.54000000,19568.83000000,0.00000000,-0.34000000,0.00000000,0.00000000,3,9282610,PS PDL
775,774,775,1742568149,1742568149860,1,1,0.54000000,19512.14000000,-30.61000000,0.00000000,0.00000000,0.00000000,4,9282610,sl 19512.17
776,776,776,1742775900,1742775900150,0,1,3.53000000,19929.29000000,0.00000000,-2.21000000,0.00000000,0.00000000,3,9282610,PS PDH
777,776,777,1742775923,1742775923661,1,0,3.53000000,19938.04000000,-30.89000000,0.00000000,0.00000000,0.00000000,4,9282610,sl 19937.82
778,778,778,1742903700,1742903700150,0,1,8.57000000,20219.85000000,0.00000000,-5.36000000,0.00000000,0.00000000,3,9282610,PS PDH
779,778,779,1742903735,1742903735833,1,0,8.57000000,20223.40000000,-30.42000000,0.00000000,0.00000000,0.00000000,4,9282610,sl 20223.32
780,780,780,1743000900,1743000900150,0,0,0.64000000,20124.59000000,0.00000000,-0.40000000,0.00000000,0.00000000,3,9282610,PS PDL
781,780,781,1743002917,1743002917821,1,1,0.64000000,20078.67000000,-29.39000000,0.00000000,0.00000000,0.00000000,4,9282610,sl 20078.70
782,782,782,1743083400,1743083400150,0,0,0.53000000,19837.72000000,0.00000000,-0.33000000,0.00000000,0.00000000,3,9282610,PS PDL
783,782,783,1743085815,1743085815175,1,1,0.53000000,19949.26000000,59.12000000,0.00000000,0.00000000,0.00000000,5,9282610,tp 19949.23
784,784,784,1743120300,1743120300150,0,0,2.15000000,19766.17000000,0.00000000,-1.34000000,0.00000000,0.00000000,3,9282610,PS PDL
785,784,785,1743122189,1743122189684,1,1,2.15000000,19794.08000000,60.01000000,0.00000000,0.00000000,0.00000000,5,9282610,tp 19793.81
786,786,786,1743379500,1743379500150,0,0,3.41000000,19049.25000000,0.00000000,-2.13000000,0.00000000,0.00000000,3,9282610,PS PDL
787,786,787,1743379505,1743379505327,1,1,3.41000000,19040.50000000,-29.84000000,0.00000000,0.00000000,0.00000000,4,9282610,sl 19040.57
788,788,788,1743444900,1743444900150,0,1,0.93000000,19166.81000000,0.00000000,-0.58000000,0.00000000,0.00000000,3,9282610,PS PDH
789,788,789,1743445204,1743445204416,1,0,0.93000000,19199.28000000,-30.20000000,0.00000000,0.00000000,0.00000000,4,9282610,sl 19199.28
790,790,790,1743498300,1743498300150,0,1,1.30000000,19300.19000000,0.00000000,-0.81000000,0.00000000,0.00000000,3,9282610,PS PDH
791,790,791,1743499476,1743499476302,1,0,1.30000000,19323.09000000,-29.77000000,0.00000000,0.00000000,0.00000000,4,9282610,sl 19323.02
792,792,792,1743608700,1743608700150,0,1,0.70000000,19503.38000000,0.00000000,-0.44000000,0.00000000,0.00000000,3,9282610,PS PDH
793,792,793,1743610298,1743610298646,1,0,0.70000000,19545.31000000,-29.35000000,0.00000000,0.00000000,0.00000000,4,9282610,sl 19545.26
794,794,794,1743693600,1743693600150,0,0,0.79000000,18678.83000000,0.00000000,-0.49000000,0.00000000,0.00000000,3,9282610,PS PDL
795,794,795,1743693734,1743693734396,1,1,0.79000000,18641.69000000,-29.34000000,0.00000000,0.00000000,0.00000000,4,9282610,sl 18641.69
796,796,796,1743745200,1743745200150,0,0,0.91000000,18451.94000000,0.00000000,-0.57000000,0.00000000,0.00000000,3,9282610,PS PDL
797,796,797,1743746558,1743746558798,1,1,0.91000000,18515.45000000,57.79000000,0.00000000,0.00000000,0.00000000,5,9282610,tp 18515.40
798,798,798,1743990300,1743990300150,0,1,0.57000000,16698.13000000,0.00000000,-0.36000000,0.00000000,0.00000000,3,9282610,PS PDH
799,798,799,1743990402,1743990402010,1,0,0.57000000,16749.65000000,-29.37000000,0.00000000,0.00000000,0.00000000,4,9282610,sl 16749.47
800,800,800,1744157700,1744157700150,0,0,1.42000000,16762.04000000,0.00000000,-0.89000000,0.00000000,0.00000000,3,9282610,PS PDL
801,800,801,1744157738,1744157738713,1,1,1.42000000,16741.43000000,-29.27000000,0.00000000,0.00000000,0.00000000,4,9282610,sl 16741.62
802,802,802,1744606500,1744606500150,0,1,2.63000000,18988.38000000,0.00000000,-1.64000000,0.00000000,0.00000000,3,9282610,PS PDH
803,802,803,1744606839,1744606839896,1,0,2.63000000,18999.35000000,-28.85000000,0.00000000,0.00000000,0.00000000,4,9282610,sl 18999.29
804,804,804,1744644900,1744644900150,0,0,0.52000000,18852.82000000,0.00000000,-0.33000000,0.00000000,0.00000000,3,9282610,PS PDL
805,804,805,1744645061,1744645061321,1,1,0.52000000,18797.88000000,-28.57000000,0.00000000,0.00000000,0.00000000,4,9282610,sl 18797.97
806,806,806,1744755000,1744755000150,0,0,1.77000000,18609.62000000,0.00000000,-1.11000000,0.00000000,0.00000000,3,9282610,PS PDL
807,806,807,1744755184,1744755184700,1,1,1.77000000,18593.34000000,-28.82000000,0.00000000,0.00000000,0.00000000,4,9282610,sl 18593.69
808,808,808,1744762200,1744762200150,0,0,1.40000000,18582.84000000,0.00000000,-0.88000000,0.00000000,0.00000000,3,9282610,PS PDL
809,808,809,1744762420,1744762420285,1,1,1.40000000,18562.71000000,-28.18000000,0.00000000,0.00000000,0.00000000,4,9282610,sl 18562.94
810,810,810,1745187000,1745187000150,0,0,0.88000000,18172.61000000,0.00000000,-0.55000000,0.00000000,0.00000000,3,9282610,PS PDL
811,810,811,1745193000,1745193000150,1,1,0.88000000,18193.44000000,18.33000000,0.00000000,0.00000000,0.00000000,3,9282610,
812,812,812,1745215800,1745215800150,0,0,3.51000000,18144.32000000,0.00000000,-2.19000000,0.00000000,0.00000000,3,9282610,PS PDL
813,812,813,1745216284,1745216284000,1,1,3.51000000,18136.39000000,-27.83000000,0.00000000,0.00000000,0.00000000,4,9282610,sl 18136.42
814,814,814,1745335800,1745335800150,0,1,1.23000000,18245.53000000,0.00000000,-0.77000000,0.00000000,0.00000000,3,9282610,PS PDH
815,814,815,1745336551,1745336551290,1,0,1.23000000,18200.97000000,54.81000000,0.00000000,0.00000000,0.00000000,5,9282610,tp 18201.02
816,816,816,1745425200,1745425200150,0,1,0.47000000,18665.81000000,0.00000000,-0.29000000,0.00000000,0.00000000,3,9282610,PS PDH
817,816,817,1745425765,1745425765648,1,0,0.47000000,18726.02000000,-28.30000000,0.00000000,0.00000000,0.00000000,4,9282610,sl 18726.00
818,818,818,1745484000,1745484000150,0,0,2.42000000,18525.01000000,0.00000000,-1.51000000,0.00000000,0.00000000,3,9282610,PS PDL
819,818,819,1745484028,1745484028965,1,1,2.42000000,18513.45000000,-27.98000000,0.00000000,0.00000000,0.00000000,4,9282610,sl 18513.59
820,820,820,1745505600,1745505600150,0,1,1.04000000,19043.25000000,0.00000000,-0.65000000,0.00000000,0.00000000,3,9282610,PS PDH
821,820,821,1745506060,1745506060846,1,0,1.04000000,18990.27000000,55.10000000,0.00000000,0.00000000,0.00000000,5,9282610,tp 18990.29
822,822,822,1745541000,1745541000150,0,1,2.60000000,19327.68000000,0.00000000,-1.63000000,0.00000000,0.00000000,3,9282610,PS PDH
823,822,823,1745541399,1745541399130,1,0,2.60000000,19338.66000000,-28.55000000,0.00000000,0.00000000,0.00000000,4,9282610,sl 19338.41
824,824,824,1745799300,1745799300150,0,0,4.78000000,19340.96000000,0.00000000,-2.99000000,0.00000000,0.00000000,3,9282610,PS PDL
825,824,825,1745799384,1745799384347,1,1,4.78000000,19334.90000000,-28.97000000,0.00000000,0.00000000,0.00000000,4,9282610,sl 19335.19
826,826,826,1745823900,1745823900150,0,1,2.42000000,19403.15000000,0.00000000,-1.51000000,0.00000000,0.00000000,3,9282610,PS PDH
827,826,827,1745823998,1745823998909,1,0,2.42000000,19414.56000000,-27.61000000,0.00000000,0.00000000,0.00000000,4,9282610,sl 19414.41
828,828,828,1745893800,1745893800150,0,1,1.47000000,19510.64000000,0.00000000,-0.92000000,0.00000000,0.00000000,3,9282610,PS PDH
829,828,829,1745894677,1745894677680,1,0,1.47000000,19473.73000000,54.26000000,0.00000000,0.00000000,0.00000000,5,9282610,tp 19473.74
830,830,830,1746016500,1746016500150,0,0,0.80000000,19295.89000000,0.00000000,-0.50000000,0.00000000,0.00000000,3,9282610,PS PDL
831,830,831,1746016599,1746016599557,1,1,0.80000000,19261.23000000,-27.73000000,0.00000000,0.00000000,0.00000000,4,9282610,sl 19261.34
832,832,832,1746043200,1746043200150,0,1,0.38000000,19544.57000000,0.00000000,-0.24000000,0.00000000,0.00000000,3,9282610,PS PDH
833,832,833,1746043298,1746043298447,1,0,0.38000000,19618.34000000,-28.03000000,0.00000000,0.00000000,0.00000000,4,9282610,sl 19618.30
834,834,834,1746057900,1746057900150,0,1,9.83000000,19835.95000000,0.00000000,-6.14000000,0.00000000,0.00000000,3,9282610,PS PDH
835,834,835,1746057904,1746057904390,1,0,9.83000000,19838.86000000,-28.61000000,0.00000000,0.00000000,0.00000000,4,9282610,sl 19838.69
836,836,836,1746192000,1746192000150,0,1,1.22000000,20012.02000000,0.00000000,-0.76000000,0.00000000,0.00000000,3,9282610,PS PDH
837,836,837,1746192989,1746192989999,1,0,1.22000000,19968.12000000,53.56000000,0.00000000,0.00000000,0.00000000,5,9282610,tp 19968.20
838,838,838,1746409200,1746409200150,0,0,5.40000000,19965.05000000,0.00000000,-3.38000000,0.00000000,0.00000000,3,9282610,PS PDL
839,838,839,1746409230,1746409230312,1,1,5.40000000,19960.01000000,-27.22000000,0.00000000,0.00000000,0.00000000,4,9282610,sl 19960.03
840,840,840,1746497100,1746497100150,0,0,1.69000000,19883.19000000,0.00000000,-1.06000000,0.00000000,0.00000000,3,9282610,PS PDL
841,840,841,1746497137,1746497137695,1,1,1.69000000,19866.99000000,-27.38000000,0.00000000,0.00000000,0.00000000,4,9282610,sl 19867.26
842,842,842,1746642300,1746642300150,0,0,1.31000000,19659.22000000,0.00000000,-0.82000000,0.00000000,0.00000000,3,9282610,PS PDL
843,842,843,1746642461,1746642461637,1,1,1.31000000,19699.79000000,53.15000000,0.00000000,0.00000000,0.00000000,5,9282610,tp 19699.73
844,844,844,1746668400,1746668400150,0,1,2.18000000,20014.37000000,0.00000000,-1.36000000,0.00000000,0.00000000,3,9282610,PS PDH
845,844,845,1746669455,1746669455294,1,0,2.18000000,19989.43000000,54.37000000,0.00000000,0.00000000,0.00000000,5,9282610,tp 19989.47
846,846,846,1747010700,1747010700150,0,1,3.83000000,20420.71000000,0.00000000,-2.39000000,0.00000000,0.00000000,3,9282610,PS PDH
847,846,847,1747010857,1747010857815,1,0,3.83000000,20428.08000000,-28.23000000,0.00000000,0.00000000,0.00000000,4,9282610,sl 20427.92
848,848,848,1747206300,1747206300150,0,1,3.24000000,21267.35000000,0.00000000,-2.03000000,0.00000000,0.00000000,3,9282610,PS PDH
849,848,849,1747206399,1747206399280,1,0,3.24000000,21275.92000000,-27.77000000,0.00000000,0.00000000,0.00000000,4,9282610,sl 21275.78
850,850,850,1747301400,1747301400150,0,0,1.70000000,21169.23000000,0.00000000,-1.06000000,0.00000000,0.00000000,3,9282610,PS PDL
851,850,851,1747301775,1747301775310,1,1,1.70000000,21153.34000000,-27.01000000,0.00000000,0.00000000,0.00000000,4,9282610,sl 21153.36
852,852,852,1747322700,1747322700150,0,1,0.95000000,21322.89000000,0.00000000,-0.59000000,0.00000000,0.00000000,3,9282610,PS PDH
853,852,853,1747323626,1747323626564,1,0,0.95000000,21351.32000000,-27.01000000,0.00000000,0.00000000,0.00000000,4,9282610,sl 21351.27
854,854,854,1747605900,1747605900150,0,0,0.52000000,21270.96000000,0.00000000,-0.33000000,0.00000000,0.00000000,3,9282610,PS PDL
855,854,855,1747612200,1747612200150,1,1,0.52000000,21326.74000000,29.01000000,0.00000000,0.00000000,0.00000000,3,9282610,
856,856,856,1747614900,1747614900150,0,0,2.40000000,21221.47000000,0.00000000,-1.50000000,0.00000000,0.00000000,3,9282610,PS PDL
857,856,857,1747614999,1747614999583,1,1,2.40000000,21210.28000000,-26.86000000,0.00000000,0.00000000,0.00000000,4,9282610,sl 21210.33
858,858,858,1747665000,1747665000150,0,1,0.84000000,21340.35000000,0.00000000,-0.53000000,0.00000000,0.00000000,3,9282610,PS PDH
859,858,859,1747669098,1747669098305,1,0,0.84000000,21372.23000000,-26.78000000,0.00000000,0.00000000,0.00000000,4,9282610,sl 21372.00
860,860,860,1747700100,1747700100150,0,1,1.43000000,21484.79000000,0.00000000,-0.89000000,0.00000000,0.00000000,3,9282610,PS PDH
861,860,861,1747702815,1747702815370,1,0,1.43000000,21447.89000000,52.77000000,0.00000000,0.00000000,0.00000000,5,9282610,tp 21447.99
862,862,862,1747809900,1747809900150,0,0,1.54000000,21250.84000000,0.00000000,-0.96000000,0.00000000,0.00000000,3,9282610,PS PDL
863,862,863,1747810114,1747810114931,1,1,1.54000000,21233.49000000,-26.72000000,0.00000000,0.00000000,0.00000000,4,9282610,sl 21233.53
864,864,864,1747915500,1747915500150,0,0,0.98000000,21046.80000000,0.00000000,-0.61000000,0.00000000,0.00000000,3,9282610,PS PDL
865,864,865,1747916019,1747916019009,1,1,0.98000000,21019.54000000,-26.71000000,0.00000000,0.00000000,0.00000000,4,9282610,sl 21019.63
866,866,866,1748020800,1748020800150,0,0,0.78000000,21009.03000000,0.00000000,-0.49000000,0.00000000,0.00000000,3,9282610,PS PDL
867,866,867,1748022147,1748022147147,1,1,0.78000000,20975.49000000,-26.16000000,0.00000000,0.00000000,0.00000000,4,9282610,sl 20975.52
868,868,868,1748212200,1748212200150,0,1,0.82000000,21152.82000000,0.00000000,-0.51000000,0.00000000,0.00000000,3,9282610,PS PDH
869,868,869,1748217000,1748217000150,1,0,0.82000000,21152.29000000,0.43000000,0.00000000,0.00000000,0.00000000,3,9282610,
870,870,870,1748226300,1748226300150,0,1,4.15000000,21180.90000000,0.00000000,-2.59000000,0.00000000,0.00000000,3,9282610,PS PDH
871,870,871,1748226336,1748226336875,1,0,4.15000000,21187.27000000,-26.44000000,0.00000000,0.00000000,0.00000000,4,9282610,sl 21187.14
872,872,872,1748343600,1748343600150,0,1,2.33000000,21261.78000000,0.00000000,-1.46000000,0.00000000,0.00000000,3,9282610,PS PDH
873,872,873,1748343999,1748343999157,1,0,2.33000000,21239.62000000,51.63000000,0.00000000,0.00000000,0.00000000,5,9282610,tp 21239.78
874,874,874,1748479500,1748479500150,0,1,4.78000000,21735.49000000,0.00000000,-2.99000000,0.00000000,0.00000000,3,9282610,PS PDH
875,874,875,1748479639,1748479639162,1,0,4.78000000,21741.25000000,-27.53000000,0.00000000,0.00000000,0.00000000,4,9282610,sl 21740.95
876,876,876,1748534400,1748534400150,0,0,1.09000000,21316.34000000,0.00000000,-0.68000000,0.00000000,0.00000000,3,9282610,PS PDL
877,876,877,1748534429,1748534429863,1,1,1.09000000,21292.50000000,-25.99000000,0.00000000,0.00000000,0.00000000,4,9282610,sl 21292.54
878,878,878,1748567400,1748567400150,0,0,0.43000000,21295.13000000,0.00000000,-0.27000000,0.00000000,0.00000000,3,9282610,PS PDL
879,878,879,1748607077,1748607077208,1,1,0.43000000,21235.63000000,-25.59000000,0.00000000,0.00000000,0.00000000,4,9282610,sl 21235.65
880,880,880,1748829000,1748829000150,0,0,1.91000000,21257.74000000,0.00000000,-1.19000000,0.00000000,0.00000000,3,9282610,PS PDL
881,880,881,1748829877,1748829877333,1,1,1.91000000,21244.06000000,-26.13000000,0.00000000,0.00000000,0.00000000,4,9282610,sl 21244.51
882,882,882,1748872500,1748872500150,0,1,0.48000000,21300.67000000,0.00000000,-0.30000000,0.00000000,0.00000000,3,9282610,PS PDH
883,882,883,1748874402,1748874402614,1,0,0.48000000,21353.72000000,-25.46000000,0.00000000,0.00000000,0.00000000,4,9282610,sl 21353.69
884,884,884,1748957700,1748957700150,0,1,0.39000000,21510.08000000,0.00000000,-0.24000000,0.00000000,0.00000000,3,9282610,PS PDH
885,884,885,1748958511,1748958511974,1,0,0.39000000,21574.32000000,-25.05000000,0.00000000,0.00000000,0.00000000,4,9282610,sl 21574.32
886,886,886,1749031800,1749031800150,0,1,8.83000000,21737.86000000,0.00000000,-5.52000000,0.00000000,0.00000000,3,9282610,PS PDH
887,886,887,1749031874,1749031874571,1,0,8.83000000,21740.78000000,-25.78000000,0.00000000,0.00000000,0.00000000,4,9282610,sl 21740.63
888,888,888,1749113700,1749113700150,0,1,1.68000000,21779.55000000,0.00000000,-1.05000000,0.00000000,0.00000000,3,9282610,PS PDH
889,888,889,1749115116,1749115116774,1,0,1.68000000,21750.46000000,48.87000000,0.00000000,0.00000000,0.00000000,5,9282610,tp 21750.71
890,890,890,1749147600,1749147600150,0,0,0.40000000,21653.46000000,0.00000000,-0.25000000,0.00000000,0.00000000,3,9282610,PS PDL
891,890,891,1749150938,1749150938370,1,1,0.40000000,21591.77000000,-24.68000000,0.00000000,0.00000000,0.00000000,4,9282610,sl 21591.88
892,892,892,1749435900,1749435900150,0,0,3.13000000,21721.26000000,0.00000000,-1.96000000,0.00000000,0.00000000,3,9282610,PS PDL
893,892,893,1749436288,1749436288672,1,1,3.13000000,21713.25000000,-25.07000000,0.00000000,0.00000000,0.00000000,4,9282610,sl 21713.46
894,894,894,1749469200,1749469200150,0,1,3.49000000,21807.30000000,0.00000000,-2.18000000,0.00000000,0.00000000,3,9282610,PS PDH
895,894,895,1749470854,1749470854588,1,0,3.49000000,21793.44000000,48.37000000,0.00000000,0.00000000,0.00000000,5,9282610,tp 21793.48
896,896,896,1749533100,1749533100150,0,1,0.33000000,21815.87000000,0.00000000,-0.21000000,0.00000000,0.00000000,3,9282610,PS PDH
897,896,897,1749571299,1749571299695,1,0,0.33000000,21890.47000000,-24.62000000,0.00000000,0.00000000,0.00000000,4,9282610,sl 21890.32
898,898,898,1749647100,1749647100150,0,1,1.15000000,21993.90000000,0.00000000,-0.72000000,0.00000000,0.00000000,3,9282610,PS PDH
899,898,899,1749648702,1749648702011,1,0,1.15000000,21951.42000000,48.85000000,0.00000000,0.00000000,0.00000000,5,9282610,tp 21951.58
900,900,900,1749692700,1749692700150,0,0,1.84000000,21770.46000000,0.00000000,-1.15000000,0.00000000,0.00000000,3,9282610,PS PDL
901,900,901,1749692741,1749692741351,1,1,1.84000000,21756.62000000,-25.47000000,0.00000000,0.00000000,0.00000000,4,9282610,sl 21756.93
902,902,902,1749821700,1749821700150,0,0,0.25000000,21761.19000000,0.00000000,-0.16000000,0.00000000,0.00000000,3,9282610,PS PDL
903,902,903,1749824432,1749824432014,1,1,0.25000000,21659.90000000,-25.32000000,0.00000000,0.00000000,0.00000000,4,9282610,sl 21659.95
904,904,904,1750040400,1750040400150,0,1,3.23000000,21698.20000000,0.00000000,-2.02000000,0.00000000,0.00000000,3,9282610,PS PDH
905,904,905,1750044516,1750044516631,1,0,3.23000000,21683.02000000,49.03000000,0.00000000,0.00000000,0.00000000,5,9282610,tp 21683.18
906,906,906,1750292700,1750292700150,0,0,0.78000000,21671.81000000,0.00000000,-0.49000000,0.00000000,0.00000000,3,9282610,PS PDL
907,906,907,1750295069,1750295069014,1,1,0.78000000,21640.05000000,-24.77000000,0.00000000,0.00000000,0.00000000,4,9282610,sl 21640.11
908,908,908,1750731000,1750731000150,0,1,0.75000000,22021.57000000,0.00000000,-0.47000000,0.00000000,0.00000000,3,9282610,PS PDH
909,908,909,1750741923,1750741923000,1,0,0.75000000,22054.43000000,-24.65000000,0.00000000,0.00000000,0.00000000,4,9282610,sl 22054.30
910,910,910,1750843800,1750843800150,0,1,1.84000000,22230.15000000,0.00000000,-1.15000000,0.00000000,0.00000000,3,9282610,PS PDH
911,910,911,1750847734,1750847734411,1,0,1.84000000,22243.62000000,-24.78000000,0.00000000,0.00000000,0.00000000,4,9282610,sl 22243.36
912,912,912,1750922400,1750922400150,0,1,1.33000000,22338.36000000,0.00000000,-0.83000000,0.00000000,0.00000000,3,9282610,PS PDH
913,912,913,1750925790,1750925790000,1,0,1.33000000,22356.84000000,-24.58000000,0.00000000,0.00000000,0.00000000,4,9282610,sl 22356.43
914,914,914,1751004000,1751004000150,0,1,4.18000000,22511.69000000,0.00000000,-2.61000000,0.00000000,0.00000000,3,9282610,PS PDH
915,914,915,1751004620,1751004620000,1,0,4.18000000,22517.38000000,-23.78000000,0.00000000,0.00000000,0.00000000,4,9282610,sl 22517.37
916,916,916,1751240400,1751240400150,0,1,1.47000000,22619.13000000,0.00000000,-0.92000000,0.00000000,0.00000000,3,9282610,PS PDH
917,916,917,1751241000,1751241000150,1,0,1.47000000,22628.17000000,-13.29000000,0.00000000,0.00000000,0.00000000,3,9282610,
918,918,918,1751249700,1751249700150,0,1,6.22000000,22650.10000000,0.00000000,-3.89000000,0.00000000,0.00000000,3,9282610,PS PDH
919,918,919,1751250422,1751250422000,1,0,6.22000000,22642.32000000,48.39000000,0.00000000,0.00000000,0.00000000,5,9282610,tp 22642.60
920,920,920,1751373300,1751373300150,0,0,1.12000000,22603.10000000,0.00000000,-0.70000000,0.00000000,0.00000000,3,9282610,PS PDL
921,920,921,1751373577,1751373577425,1,1,1.12000000,22581.62000000,-24.06000000,0.00000000,0.00000000,0.00000000,4,9282610,sl 22581.71
922,922,922,1751460300,1751460300150,0,0,1.77000000,22405.59000000,0.00000000,-1.11000000,0.00000000,0.00000000,3,9282610,PS PDL
923,922,923,1751461291,1751461291796,1,1,1.77000000,22432.34000000,47.35000000,0.00000000,0.00000000,0.00000000,5,9282610,tp 22432.25
924,924,924,1751506200,1751506200150,0,1,3.34000000,22667.72000000,0.00000000,-2.09000000,0.00000000,0.00000000,3,9282610,PS PDH
925,924,925,1751508124,1751508124000,1,0,3.34000000,22653.15000000,48.66000000,0.00000000,0.00000000,0.00000000,5,9282610,tp 22653.36
926,926,926,1751851800,1751851800150,0,0,1.70000000,22777.80000000,0.00000000,-1.06000000,0.00000000,0.00000000,3,9282610,PS PDL
927,926,927,1751852078,1751852078285,1,1,1.70000000,22763.09000000,-25.01000000,0.00000000,0.00000000,0.00000000,4,9282610,sl 22763.38
928,928,928,1752072600,1752072600150,0,1,0.71000000,22792.17000000,0.00000000,-0.44000000,0.00000000,0.00000000,3,9282610,PS PDH
929,928,929,1752079657,1752079657894,1,0,0.71000000,22826.48000000,-24.36000000,0.00000000,0.00000000,0.00000000,4,9282610,sl 22826.40
930,930,930,1752196500,1752196500150,0,0,1.58000000,22733.65000000,0.00000000,-0.99000000,0.00000000,0.00000000,3,9282610,PS PDL
931,930,931,1752197080,1752197080273,1,1,1.58000000,22764.15000000,48.19000000,0.00000000,0.00000000,0.00000000,5,9282610,tp 22764.03
932,932,932,1752444300,1752444300150,0,0,0.59000000,22682.55000000,0.00000000,-0.37000000,0.00000000,0.00000000,3,9282610,PS PDL
933,932,933,1752450600,1752450600150,1,1,0.59000000,22691.24000000,5.13000000,0.00000000,0.00000000,0.00000000,3,9282610,
934,934,934,1752483900,1752483900150,0,1,4.89000000,22721.94000000,0.00000000,-3.06000000,0.00000000,0.00000000,3,9282610,PS PDH
935,934,935,1752484045,1752484045000,1,0,4.89000000,22727.04000000,-24.94000000,0.00000000,0.00000000,0.00000000,4,9282610,sl 22726.94
936,936,936,1752546900,1752546900150,0,1,1.53000000,22900.45000000,0.00000000,-0.96000000,0.00000000,0.00000000,3,9282610,PS PDH
937,936,937,1752549815,1752549815000,1,0,1.53000000,22916.48000000,-24.53000000,0.00000000,0.00000000,0.00000000,4,9282610,sl 22916.31
938,938,938,1752648300,1752648300150,0,0,2.56000000,22824.63000000,0.00000000,-1.60000000,0.00000000,0.00000000,3,9282610,PS PDL
939,938,939,1752649201,1752649201463,1,1,2.56000000,22815.15000000,-24.27000000,0.00000000,0.00000000,0.00000000,4,9282610,sl 22815.29
940,940,940,1752731700,1752731700150,0,1,2.04000000,22938.63000000,0.00000000,-1.28000000,0.00000000,0.00000000,3,9282610,PS PDH
941,940,941,1752732330,1752732330000,1,0,2.04000000,22950.34000000,-23.89000000,0.00000000,0.00000000,0.00000000,4,9282610,sl 22950.25
942,942,942,1753056300,1753056300150,0,1,20.52000000,23117.89000000,0.00000000,-12.83000000,0.00000000,0.00000000,3,9282610,PS PDH
943,942,943,1753056301,1753056301000,1,0,20.52000000,23119.16000000,-26.06000000,0.00000000,0.00000000,0.00000000,4,9282610,sl 23119.03
944,944,944,1753196400,1753196400150,0,0,0.88000000,23085.17000000,0.00000000,-0.55000000,0.00000000,0.00000000,3,9282610,PS PDL
945,944,945,1753197401,1753197401470,1,1,0.88000000,23058.73000000,-23.27000000,0.00000000,0.00000000,0.00000000,4,9282610,sl 23058.83
946,946,946,1753301100,1753301100150,0,1,0.50000000,23201.05000000,0.00000000,-0.31000000,0.00000000,0.00000000,3,9282610,PS PDH
947,946,947,1753301561,1753301561707,1,0,0.50000000,23246.60000000,-22.78000000,0.00000000,0.00000000,0.00000000,4,9282610,sl 23246.58
948,948,948,1753320000,1753320000150,0,1,8.20000000,23279.40000000,0.00000000,-5.13000000,0.00000000,0.00000000,3,9282610,PS PDH
949,948,949,1753320015,1753320015000,1,0,8.20000000,23282.37000000,-24.35000000,0.00000000,0.00000000,0.00000000,4,9282610,sl 23282.15
950,950,950,1753402800,1753402800150,0,1,13.48000000,23291.05000000,0.00000000,-8.43000000,0.00000000,0.00000000,3,9282610,PS PDH
951,950,951,1753402827,1753402827000,1,0,13.48000000,23292.78000000,-23.32000000,0.00000000,0.00000000,0.00000000,4,9282610,sl 23292.70
952,952,952,1753670700,1753670700150,0,1,6.29000000,23433.20000000,0.00000000,-3.93000000,0.00000000,0.00000000,3,9282610,PS PDH
953,952,953,1753672952,1753672952000,1,0,6.29000000,23426.18000000,44.16000000,0.00000000,0.00000000,0.00000000,5,9282610,tp 23426.22
954,954,954,1753701300,1753701300150,0,0,2.82000000,23385.71000000,0.00000000,-1.76000000,0.00000000,0.00000000,3,9282610,PS PDL
955,954,955,1753701492,1753701492000,1,1,2.82000000,23377.76000000,-22.42000000,0.00000000,0.00000000,0.00000000,4,9282610,sl 23377.79
956,956,956,1753779000,1753779000150,0,1,3.65000000,23462.70000000,0.00000000,-2.28000000,0.00000000,0.00000000,3,9282610,PS PDH
957,956,957,1753779145,1753779145000,1,0,3.65000000,23468.83000000,-22.37000000,0.00000000,0.00000000,0.00000000,4,9282610,sl 23468.76
958,958,958,1753803900,1753803900150,0,0,0.97000000,23338.05000000,0.00000000,-0.61000000,0.00000000,0.00000000,3,9282610,PS PDL
959,958,959,1753804181,1753804181793,1,1,0.97000000,23383.35000000,43.94000000,0.00000000,0.00000000,0.00000000,5,9282610,tp 23383.35
960,960,960,1753902900,1753902900150,0,0,0.48000000,23323.92000000,0.00000000,-0.30000000,0.00000000,0.00000000,3,9282610,PS PDL
961,960,961,1753903412,1753903412023,1,1,0.48000000,23276.67000000,-22.68000000,0.00000000,0.00000000,0.00000000,4,9282610,sl 23276.70
962,962,962,1753921800,1753921800150,0,1,4.40000000,23619.74000000,0.00000000,-2.75000000,0.00000000,0.00000000,3,9282610,PS PDH
963,962,963,1753922254,1753922254153,1,0,4.40000000,23624.92000000,-22.79000000,0.00000000,0.00000000,0.00000000,4,9282610,sl 23624.75
964,964,964,1753986300,1753986300150,0,0,0.53000000,23272.55000000,0.00000000,-0.33000000,0.00000000,0.00000000,3,9282610,PS PDL
965,964,965,1753991506,1753991506380,1,1,0.53000000,23231.23000000,-21.90000000,0.00000000,0.00000000,0.00000000,4,9282610,sl 23231.30
966,966,966,1754008200,1754008200150,0,0,1.24000000,23135.01000000,0.00000000,-0.78000000,0.00000000,0.00000000,3,9282610,PS PDL
967,966,967,1754009015,1754009015510,1,1,1.24000000,23170.07000000,43.47000000,0.00000000,0.00000000,0.00000000,5,9282610,tp 23170.01
968,968,968,1754266500,1754266500150,0,1,2.57000000,22824.96000000,0.00000000,-1.61000000,0.00000000,0.00000000,3,9282610,PS PDH
969,968,969,1754266625,1754266625106,1,0,2.57000000,22833.55000000,-22.08000000,0.00000000,0.00000000,0.00000000,4,9282610,sl 22833.53
970,970,970,1754355300,1754355300150,0,1,1.01000000,23241.54000000,0.00000000,-0.63000000,0.00000000,0.00000000,3,9282610,PS PDH
971,970,971,1754356107,1754356107522,1,0,1.01000000,23263.13000000,-21.81000000,0.00000000,0.00000000,0.00000000,4,9282610,sl 23263.10
972,972,972,1754517900,1754517900150,0,1,0.48000000,23294.90000000,0.00000000,-0.30000000,0.00000000,0.00000000,3,9282610,PS PDH
973,972,973,1754518655,1754518655199,1,0,0.48000000,23340.42000000,-21.85000000,0.00000000,0.00000000,0.00000000,4,9282610,sl 23340.42
974,974,974,1754541600,1754541600150,0,1,3.36000000,23383.89000000,0.00000000,-2.10000000,0.00000000,0.00000000,3,9282610,PS PDH
975,974,975,1754541938,1754541938000,1,0,3.36000000,23371.11000000,42.94000000,0.00000000,0.00000000,0.00000000,5,9282610,tp 23371.19
976,976,976,1754662500,1754662500150,0,1,0.56000000,23544.76000000,0.00000000,-0.35000000,0.00000000,0.00000000,3,9282610,PS PDH
977,976,977,1754663257,1754663257636,1,0,0.56000000,23583.89000000,-21.91000000,0.00000000,0.00000000,0.00000000,4,9282610,sl 23583.61
978,978,978,1754863500,1754863500150,0,1,0.58000000,23645.39000000,0.00000000,-0.36000000,0.00000000,0.00000000,3,9282610,PS PDH
979,978,979,1754869800,1754869800150,1,0,0.58000000,23620.18000000,14.62000000,0.00000000,0.00000000,0.00000000,3,9282610,
980,980,980,1754878800,1754878800150,0,1,6.56000000,23679.38000000,0.00000000,-4.10000000,0.00000000,0.00000000,3,9282610,PS PDH
981,980,981,1754878938,1754878938000,1,0,6.56000000,23682.90000000,-23.09000000,0.00000000,0.00000000,0.00000000,4,9282610,sl 23682.68
982,982,982,1754899200,1754899200150,0,0,1.67000000,23620.12000000,0.00000000,-1.04000000,0.00000000,0.00000000,3,9282610,PS PDL
983,982,983,1754899289,1754899289999,1,1,1.67000000,23607.06000000,-21.81000000,0.00000000,0.00000000,0.00000000,4,9282610,sl 23607.30
984,984,984,1755002400,1755002400150,0,1,1.79000000,23710.12000000,0.00000000,-1.12000000,0.00000000,0.00000000,3,9282610,PS PDH
985,984,985,1755002416,1755002416907,1,0,1.79000000,23722.14000000,-21.52000000,0.00000000,0.00000000,0.00000000,4,9282610,sl 23721.94
986,986,986,1755043800,1755043800150,0,1,3.18000000,23878.18000000,0.00000000,-1.99000000,0.00000000,0.00000000,3,9282610,PS PDH
987,986,987,1755045098,1755045098000,1,0,3.18000000,23864.99000000,41.94000000,0.00000000,0.00000000,0.00000000,5,9282610,tp 23865.00
988,988,988,1755178500,1755178500150,0,0,0.35000000,23820.59000000,0.00000000,-0.22000000,0.00000000,0.00000000,3,9282610,PS PDL
989,988,989,1755215400,1755215400150,1,1,0.35000000,23818.71000000,-0.66000000,0.00000000,0.00000000,0.00000000,3,9282610,
990,990,990,1755266400,1755266400150,0,0,1.00000000,23727.88000000,0.00000000,-0.63000000,0.00000000,0.00000000,3,9282610,PS PDL
991,990,991,1755266423,1755266423879,1,1,1.00000000,23706.57000000,-21.31000000,0.00000000,0.00000000,0.00000000,4,9282610,sl 23706.64
992,992,992,1755476400,1755476400150,0,1,3.12000000,23786.50000000,0.00000000,-1.95000000,0.00000000,0.00000000,3,9282610,PS PDH
993,992,993,1755477541,1755477541000,1,0,3.12000000,23793.30000000,-21.22000000,0.00000000,0.00000000,0.00000000,4,9282610,sl 23793.26
994,994,994,1755498600,1755498600150,0,0,3.93000000,23732.81000000,0.00000000,-2.46000000,0.00000000,0.00000000,3,9282610,PS PDL
995,994,995,1755498693,1755498693230,1,1,3.93000000,23743.81000000,43.23000000,0.00000000,0.00000000,0.00000000,5,9282610,tp 23743.43
996,996,996,1755612300,1755612300150,0,0,0.41000000,23652.26000000,0.00000000,-0.26000000,0.00000000,0.00000000,3,9282610,PS PDL
997,996,997,1755613639,1755613639011,1,1,0.41000000,23599.46000000,-21.65000000,0.00000000,0.00000000,0.00000000,4,9282610,sl 23599.60
998,998,998,1755648300,1755648300150,0,0,2.76000000,23353.92000000,0.00000000,-1.73000000,0.00000000,0.00000000,3,9282610,PS PDL
999,998,999,1755648876,1755648876000,1,1,2.76000000,23346.10000000,-21.58000000,0.00000000,0.00000000,0.00000000,4,9282610,sl 23346.28
1000,1000,1000,1755845400,1755845400150,0,0,0.51000000,23058.26000000,0.00000000,-0.32000000,0.00000000,0.00000000,3,9282610,PS PDL
1001,1000,1001,1755849901,1755849901632,1,1,0.51000000,23140.64000000,42.01000000,0.00000000,0.00000000,0.00000000,5,9282610,tp 23140.54
1002,1002,1002,1756080600,1756080600150,0,1,1.95000000,23525.63000000,0.00000000,-1.22000000,0.00000000,0.00000000,3,9282610,PS PDH
1003,1002,1003,1756081922,1756081922702,1,0,1.95000000,23503.68000000,42.80000000,0.00000000,0.00000000,0.00000000,5,9282610,tp 23503.79
1004,1004,1004,1756085100,1756085100150,0,0,3.00000000,23487.56000000,0.00000000,-1.88000000,0.00000000,0.00000000,3,9282610,PS PDL
1005,1004,1005,1756085555,1756085555454,1,1,3.00000000,23480.27000000,-21.87000000,0.00000000,0.00000000,0.00000000,4,9282610,sl 23480.34
1006,1006,1006,1756166700,1756166700150,0,0,0.38000000,23409.73000000,0.00000000,-0.24000000,0.00000000,0.00000000,3,9282610,PS PDL
1007,1006,1007,1756168829,1756168829016,1,1,0.38000000,23353.19000000,-21.49000000,0.00000000,0.00000000,0.00000000,4,9282610,sl 23353.21
1008,1008,1008,1756240500,1756240500150,0,1,5.35000000,23552.98000000,0.00000000,-3.34000000,0.00000000,0.00000000,3,9282610,PS PDH
1009,1008,1009,1756240888,1756240888000,1,0,5.35000000,23557.01000000,-21.56000000,0.00000000,0.00000000,0.00000000,4,9282610,sl 23556.94
1010,1010,1010,1756260300,1756260300150,0,1,2.12000000,23570.60000000,0.00000000,-1.33000000,0.00000000,0.00000000,3,9282610,PS PDH
1011,1010,1011,1756261504,1756261504000,1,0,2.12000000,23580.52000000,-21.03000000,0.00000000,0.00000000,0.00000000,4,9282610,sl 23580.51
1012,1012,1012,1756389000,1756389000150,0,1,0.41000000,23613.56000000,0.00000000,-0.26000000,0.00000000,0.00000000,3,9282610,PS PDH
1013,1012,1013,1756392437,1756392437623,1,0,0.41000000,23664.92000000,-21.06000000,0.00000000,0.00000000,0.00000000,4,9282610,sl 23664.86
1014,1014,1014,1756477800,1756477800150,0,0,0.40000000,23457.28000000,0.00000000,-0.25000000,0.00000000,0.00000000,3,9282610,PS PDL
1015,1014,1015,1756478980,1756478980329,1,1,0.40000000,23405.07000000,-20.88000000,0.00000000,0.00000000,0.00000000,4,9282610,sl 23405.11
1016,1016,1016,1756685400,1756685400150,0,1,4.12000000,23508.92000000,0.00000000,-2.58000000,0.00000000,0.00000000,3,9282610,PS PDH
1017,1016,1017,1756685500,1756685500194,1,0,4.12000000,23514.05000000,-21.14000000,0.00000000,0.00000000,0.00000000,4,9282610,sl 23513.85
1018,1018,1018,1756694700,1756694700150,0,0,2.54000000,23436.97000000,0.00000000,-1.59000000,0.00000000,0.00000000,3,9282610,PS PDL
1019,1018,1019,1756695637,1756695637699,1,1,2.54000000,23429.02000000,-20.19000000,0.00000000,0.00000000,0.00000000,4,9282610,sl 23429.07
1020,1020,1020,1756844400,1756844400150,0,0,0.69000000,23338.83000000,0.00000000,-0.43000000,0.00000000,0.00000000,3,9282610,PS PDL
1021,1020,1021,1756855169,1756855169999,1,1,0.69000000,23309.91000000,-19.95000000,0.00000000,0.00000000,0.00000000,4,9282610,sl 23309.96
1022,1022,1022,1756913100,1756913100150,0,1,1.11000000,23440.92000000,0.00000000,-0.69000000,0.00000000,0.00000000,3,9282610,PS PDH
1023,1022,1023,1756913309,1756913309874,1,0,1.11000000,23405.37000000,39.46000000,0.00000000,0.00000000,0.00000000,5,9282610,tp 23405.43
1024,1024,1024,1756952400,1756952400150,0,1,4.80000000,23493.37000000,0.00000000,-3.00000000,0.00000000,0.00000000,3,9282610,PS PDH
1025,1024,1025,1756952777,1756952777468,1,0,4.80000000,23485.03000000,40.03000000,0.00000000,0.00000000,0.00000000,5,9282610,tp 23485.03
1026,1026,1026,1757082000,1757082000150,0,1,0.31000000,23669.31000000,0.00000000,-0.19000000,0.00000000,0.00000000,3,9282610,PS PDH
1027,1026,1027,1757084320,1757084320853,1,0,0.31000000,23534.04000000,41.93000000,0.00000000,0.00000000,0.00000000,5,9282610,tp 23534.07
1028,1028,1028,1757290500,1757290500150,0,1,4.67000000,23765.83000000,0.00000000,-2.92000000,0.00000000,0.00000000,3,9282610,PS PDH
1029,1028,1029,1757291045,1757291045684,1,0,4.67000000,23770.29000000,-20.83000000,0.00000000,0.00000000,0.00000000,4,9282610,sl 23770.29
1030,1030,1030,1757403600,1757403600150,0,1,1.51000000,23859.24000000,0.00000000,-0.94000000,0.00000000,0.00000000,3,9282610,PS PDH
1031,1030,1031,1757405368,1757405368137,1,0,1.51000000,23831.90000000,41.28000000,0.00000000,0.00000000,0.00000000,5,9282610,tp 23831.98
1032,1032,1032,1757471700,1757471700150,0,1,6.01000000,23906.32000000,0.00000000,-3.76000000,0.00000000,0.00000000,3,9282610,PS PDH
1033,1032,1033,1757473345,1757473345000,1,0,6.01000000,23909.89000000,-21.46000000,0.00000000,0.00000000,0.00000000,4,9282610,sl 23909.81
1034,1034,1034,1757604300,1757604300150,0,1,1.36000000,24025.34000000,0.00000000,-0.85000000,0.00000000,0.00000000,3,9282610,PS PDH
1035,1034,1035,1757604628,1757604628292,1,0,1.36000000,24040.66000000,-20.84000000,0.00000000,0.00000000,0.00000000,4,9282610,sl 24040.64
1036,1036,1036,1757678700,1757678700150,0,1,1.22000000,24030.82000000,0.00000000,-0.76000000,0.00000000,0.00000000,3,9282610,PS PDH
1037,1036,1037,1757682181,1757682181008,1,0,1.22000000,24047.78000000,-20.69000000,0.00000000,0.00000000,0.00000000,4,9282610,sl 24047.65
1038,1038,1038,1757895600,1757895600150,0,0,1.48000000,24120.01000000,0.00000000,-0.93000000,0.00000000,0.00000000,3,9282610,PS PDL
1039,1038,1039,1757896061,1757896061250,1,1,1.48000000,24106.22000000,-20.41000000,0.00000000,0.00000000,0.00000000,4,9282610,sl 24106.27
1040,1040,1040,1757906400,1757906400150,0,1,5.47000000,24138.76000000,0.00000000,-3.42000000,0.00000000,0.00000000,3,9282610,PS PDH
1041,1040,1041,1757906546,1757906546000,1,0,5.47000000,24142.72000000,-21.66000000,0.00000000,0.00000000,0.00000000,4,9282610,sl 24142.43
1042,1042,1042,1757985300,1757985300150,0,1,4.96000000,24328.33000000,0.00000000,-3.10000000,0.00000000,0.00000000,3,9282610,PS PDH
1043,1042,1043,1757986597,1757986597000,1,0,4.96000000,24332.35000000,-19.94000000,0.00000000,0.00000000,0.00000000,4,9282610,sl 24332.33
1044,1044,1044,1758099000,1758099000150,0,0,0.93000000,24280.04000000,0.00000000,-0.58000000,0.00000000,0.00000000,3,9282610,PS PDL
1045,1044,1045,1758116429,1758116429807,1,1,0.93000000,24258.82000000,-19.73000000,0.00000000,0.00000000,0.00000000,4,9282610,sl 24258.84
1046,1046,1046,1758157800,1758157800150,0,1,4.02000000,24363.76000000,0.00000000,-2.51000000,0.00000000,0.00000000,3,9282610,PS PDH
1047,1046,1047,1758157824,1758157824705,1,0,4.02000000,24368.68000000,-19.78000000,0.00000000,0.00000000,0.00000000,4,9282610,sl 24368.59
1048,1048,1048,1758290100,1758290100150,0,1,1.37000000,24581.82000000,0.00000000,-0.86000000,0.00000000,0.00000000,3,9282610,PS PDH
1049,1048,1049,1758291451,1758291451936,1,0,1.37000000,24553.82000000,38.36000000,0.00000000,0.00000000,0.00000000,5,9282610,tp 24553.84
1050,1050,1050,1758501300,1758501300150,0,1,2.12000000,24643.64000000,0.00000000,-1.33000000,0.00000000,0.00000000,3,9282610,PS PDH
1051,1050,1051,1758502519,1758502519090,1,0,2.12000000,24624.96000000,39.60000000,0.00000000,0.00000000,0.00000000,5,9282610,tp 24625.18
1052,1052,1052,1758521700,1758521700150,0,0,2.52000000,24614.84000000,0.00000000,-1.58000000,0.00000000,0.00000000,3,9282610,PS PDL
1053,1052,1053,1758523230,1758523230186,1,1,2.52000000,24606.87000000,-20.08000000,0.00000000,0.00000000,0.00000000,4,9282610,sl 24606.91
1054,1054,1054,1758616200,1758616200150,0,1,4.09000000,24808.63000000,0.00000000,-2.56000000,0.00000000,0.00000000,3,9282610,PS PDH
1055,1054,1055,1758617198,1758617198571,1,0,4.09000000,24798.88000000,39.88000000,0.00000000,0.00000000,0.00000000,5,9282610,tp 24798.99
1056,1056,1056,1759097100,1759097100150,0,1,1.38000000,24532.17000000,0.00000000,-0.86000000,0.00000000,0.00000000,3,9282610,PS PDH
1057,1056,1057,1759097285,1759097285542,1,0,1.38000000,24546.76000000,-20.13000000,0.00000000,0.00000000,0.00000000,4,9282610,sl 24546.72
1058,1058,1058,1759218300,1759218300150,0,0,1.61000000,24576.07000000,0.00000000,-1.01000000,0.00000000,0.00000000,3,9282610,PS PDL
1059,1058,1059,1759219001,1759219001434,1,1,1.61000000,24600.91000000,39.99000000,0.00000000,0.00000000,0.00000000,5,9282610,tp 24600.89
1060,1060,1060,1759308300,1759308300150,0,0,1.03000000,24537.07000000,0.00000000,-0.64000000,0.00000000,0.00000000,3,9282610,PS PDL
1061,1060,1061,1759316909,1759316909878,1,1,1.03000000,24576.66000000,40.78000000,0.00000000,0.00000000,0.00000000,5,9282610,tp 24576.61
1062,1062,1062,1759331100,1759331100150,0,1,1.32000000,24713.84000000,0.00000000,-0.83000000,0.00000000,0.00000000,3,9282610,PS PDH
1063,1062,1063,1759333032,1759333032430,1,0,1.32000000,24729.51000000,-20.68000000,0.00000000,0.00000000,0.00000000,4,9282610,sl 24729.48
1064,1064,1064,1759363500,1759363500150,0,1,3.44000000,24839.74000000,0.00000000,-2.15000000,0.00000000,0.00000000,3,9282610,PS PDH
1065,1064,1065,1759363595,1759363595820,1,0,3.44000000,24845.77000000,-20.74000000,0.00000000,0.00000000,0.00000000,4,9282610,sl 24845.69
1066,1066,1066,1759468200,1759468200150,0,1,11.89000000,24993.23000000,0.00000000,-7.43000000,0.00000000,0.00000000,3,9282610,PS PDH
1067,1066,1067,1759468218,1759468218000,1,0,11.89000000,24995.01000000,-21.16000000,0.00000000,0.00000000,0.00000000,4,9282610,sl 24994.93
1068,1068,1068,1759515600,1759515600150,0,0,0.54000000,24821.11000000,0.00000000,-0.34000000,0.00000000,0.00000000,3,9282610,PS PDL
1069,1068,1069,1759701600,1759701600150,1,1,0.54000000,24829.46000000,4.51000000,0.00000000,-11.28000000,0.00000000,3,9282610,
1070,1070,1070,1759723500,1759723500150,0,1,1.45000000,24897.00000000,0.00000000,-0.91000000,0.00000000,0.00000000,3,9282610,PS PDH
1071,1070,1071,1759723956,1759723956000,1,0,1.45000000,24910.78000000,-19.98000000,0.00000000,0.00000000,0.00000000,4,9282610,sl 24910.72
1072,1072,1072,1759841700,1759841700150,0,1,3.58000000,25066.19000000,0.00000000,-2.24000000,0.00000000,0.00000000,3,9282610,PS PDH
1073,1072,1073,1759841735,1759841735049,1,0,3.58000000,25071.80000000,-20.08000000,0.00000000,0.00000000,0.00000000,4,9282610,sl 25071.69
1074,1074,1074,1759853100,1759853100150,0,0,0.73000000,24876.94000000,0.00000000,-0.46000000,0.00000000,0.00000000,3,9282610,PS PDL
1075,1074,1075,1759853200,1759853200660,1,1,0.73000000,24850.11000000,-19.59000000,0.00000000,0.00000000,0.00000000,4,9282610,sl 24850.16
1076,1076,1076,1759940400,1759940400150,0,1,2.33000000,25093.29000000,0.00000000,-1.46000000,0.00000000,0.00000000,3,9282610,PS PDH
1077,1076,1077,1759940799,1759940799452,1,0,2.33000000,25076.78000000,38.47000000,0.00000000,0.00000000,0.00000000,5,9282610,tp 25076.79
1078,1078,1078,1760104200,1760104200150,0,1,0.60000000,25183.99000000,0.00000000,-0.38000000,0.00000000,0.00000000,3,9282610,PS PDH
1079,1078,1079,1760108258,1760108258359,1,0,0.60000000,25117.74000000,39.75000000,0.00000000,0.00000000,0.00000000,5,9282610,tp 25117.88
1080,1080,1080,1760108400,1760108400150,0,0,0.31000000,25024.74000000,0.00000000,-0.19000000,0.00000000,0.00000000,3,9282610,PS PDL
1081,1080,1081,1760108415,1760108415196,1,1,0.31000000,24958.08000000,-20.66000000,0.00000000,0.00000000,0.00000000,4,9282610,sl 24958.11
1082,1082,1082,1760313900,1760313900150,0,1,0.70000000,24608.20000000,0.00000000,-0.44000000,0.00000000,0.00000000,3,9282610,PS PDH
1083,1082,1083,1760314721,1760314721189,1,0,0.70000000,24636.66000000,-19.92000000,0.00000000,0.00000000,0.00000000,4,9282610,sl 24636.57
1084,1084,1084,1760422500,1760422500150,0,0,0.54000000,24594.69000000,0.00000000,-0.34000000,0.00000000,0.00000000,3,9282610,PS PDL
1085,1084,1085,1760422881,1760422881428,1,1,0.54000000,24557.97000000,-19.83000000,0.00000000,0.00000000,0.00000000,4,9282610,sl 24558.02
1086,1086,1086,1760537100,1760537100150,0,1,4.52000000,24885.03000000,0.00000000,-2.83000000,0.00000000,0.00000000,3,9282610,PS PDH
1087,1086,1087,1760537120,1760537120237,1,0,4.52000000,24889.34000000,-19.48000000,0.00000000,0.00000000,0.00000000,4,9282610,sl 24889.32
1088,1088,1088,1760622600,1760622600150,0,1,0.25000000,24897.45000000,0.00000000,-0.16000000,0.00000000,0.00000000,3,9282610,PS PDH
1089,1088,1089,1760625389,1760625389535,1,0,0.25000000,24974.85000000,-19.35000000,0.00000000,0.00000000,0.00000000,4,9282610,sl 24974.84
1090,1090,1090,1760640000,1760640000150,0,0,0.31000000,24552.59000000,0.00000000,-0.19000000,0.00000000,0.00000000,3,9282610,PS PDL
1091,1090,1091,1760644359,1760644359495,1,1,0.31000000,24676.28000000,38.34000000,0.00000000,0.00000000,0.00000000,5,9282610,tp 24676.27
1092,1092,1092,1760680500,1760680500150,0,0,0.65000000,24516.48000000,0.00000000,-0.41000000,0.00000000,0.00000000,3,9282610,PS PDL
1093,1092,1093,1760682519,1760682519189,1,1,0.65000000,24486.58000000,-19.44000000,0.00000000,0.00000000,0.00000000,4,9282610,sl 24486.69
1094,1094,1094,1760913300,1760913300150,0,1,2.61000000,24907.15000000,0.00000000,-1.63000000,0.00000000,0.00000000,3,9282610,PS PDH
1095,1094,1095,1760913344,1760913344892,1,0,2.61000000,24914.59000000,-19.42000000,0.00000000,0.00000000,0.00000000,4,9282610,sl 24914.50
1096,1096,1096,1760920800,1760920800150,0,0,0.56000000,24866.86000000,0.00000000,-0.35000000,0.00000000,0.00000000,3,9282610,PS PDL
1097,1096,1097,1760923374,1760923374137,1,1,0.56000000,24935.79000000,38.60000000,0.00000000,0.00000000,0.00000000,5,9282610,tp 24935.67
1098,1098,1098,1760932500,1760932500150,0,1,1.66000000,24948.83000000,0.00000000,-1.04000000,0.00000000,0.00000000,3,9282610,PS PDH
1099,1098,1099,1760932776,1760932776969,1,0,1.66000000,24960.59000000,-19.52000000,0.00000000,0.00000000,0.00000000,4,9282610,sl 24960.50
1100,1100,1100,1761009900,1761009900150,0,1,1.54000000,25213.32000000,0.00000000,-0.96000000,0.00000000,0.00000000,3,9282610,PS PDH
1101,1100,1101,1761013285,1761013285000,1,0,1.54000000,25225.88000000,-19.34000000,0.00000000,0.00000000,0.00000000,4,9282610,sl 25225.79
1102,1102,1102,1761140400,1761140400150,0,0,0.36000000,25094.65000000,0.00000000,-0.23000000,0.00000000,0.00000000,3,9282610,PS PDL
1103,1102,1103,1761143239,1761143239659,1,1,0.36000000,25040.94000000,-19.34000000,0.00000000,0.00000000,0.00000000,4,9282610,sl 25040.98
1104,1104,1104,1761264300,1761264300150,0,1,4.17000000,25175.13000000,0.00000000,-2.61000000,0.00000000,0.00000000,3,9282610,PS PDH
1105,1104,1105,1761264688,1761264688192,1,0,4.17000000,25166.05000000,37.86000000,0.00000000,0.00000000,0.00000000,5,9282610,tp 25166.15
1106,1106,1106,1761534600,1761534600150,0,1,11.15000000,25635.02000000,0.00000000,-6.97000000,0.00000000,0.00000000,3,9282610,PS PDH
1107,1106,1107,1761534604,1761534604000,1,0,11.15000000,25637.08000000,-22.97000000,0.00000000,0.00000000,0.00000000,4,9282610,sl 25636.73
1108,1108,1108,1761654900,1761654900150,0,1,2.31000000,25896.24000000,0.00000000,-1.44000000,0.00000000,0.00000000,3,9282610,PS PDH
1109,1108,1109,1761656487,1761656487692,1,0,2.31000000,25904.39000000,-18.83000000,0.00000000,0.00000000,0.00000000,4,9282610,sl 25904.38
1110,1110,1110,1761703800,1761703800150,0,1,3.01000000,26112.11000000,0.00000000,-1.88000000,0.00000000,0.00000000,3,9282610,PS PDH
1111,1110,1111,1761703945,1761703945853,1,0,3.01000000,26118.48000000,-19.17000000,0.00000000,0.00000000,0.00000000,4,9282610,sl 26118.28
1112,1112,1112,1761793800,1761793800150,0,1,2.41000000,26258.40000000,0.00000000,-1.51000000,0.00000000,0.00000000,3,9282610,PS PDH
1113,1112,1113,1761793884,1761793884761,1,0,2.41000000,26266.02000000,-18.36000000,0.00000000,0.00000000,0.00000000,4,9282610,sl 26266.02
1114,1114,1114,1761832200,1761832200150,0,0,0.21000000,25945.28000000,0.00000000,-0.13000000,0.00000000,0.00000000,3,9282610,PS PDL
1115,1114,1115,1761851190,1761851190291,1,1,0.21000000,25854.73000000,-19.02000000,0.00000000,0.00000000,0.00000000,4,9282610,sl 25854.80
1116,1116,1116,1762128600,1762128600150,0,1,3.72000000,25996.66000000,0.00000000,-2.33000000,0.00000000,0.00000000,3,9282610,PS PDH
1117,1116,1117,1762128636,1762128636792,1,0,3.72000000,26001.49000000,-17.97000000,0.00000000,0.00000000,0.00000000,4,9282610,sl 26001.49
1118,1118,1118,1762217400,1762217400150,0,0,1.21000000,25929.82000000,0.00000000,-0.76000000,0.00000000,0.00000000,3,9282610,PS PDL
1119,1118,1119,1762218037,1762218037281,1,1,1.21000000,25914.86000000,-18.10000000,0.00000000,0.00000000,0.00000000,4,9282610,sl 25915.10
1120,1120,1120,1762315200,1762315200150,0,0,0.65000000,25431.49000000,0.00000000,-0.41000000,0.00000000,0.00000000,3,9282610,PS PDL
1121,1120,1121,1762315592,1762315592790,1,1,0.65000000,25404.39000000,-17.62000000,0.00000000,0.00000000,0.00000000,4,9282610,sl 25404.40
1122,1122,1122,1762449000,1762449000150,0,0,0.40000000,25200.32000000,0.00000000,-0.25000000,0.00000000,0.00000000,3,9282610,PS PDL
1123,1122,1123,1762449689,1762449689633,1,1,0.40000000,25155.95000000,-17.75000000,0.00000000,0.00000000,0.00000000,4,9282610,sl 25156.03
1124,1124,1124,1762488900,1762488900150,0,0,1.85000000,25122.70000000,0.00000000,-1.16000000,0.00000000,0.00000000,3,9282610,PS PDL
1125,1124,1125,1762488938,1762488938028,1,1,1.85000000,25141.62000000,35.00000000,0.00000000,0.00000000,0.00000000,5,9282610,tp 25141.38
1126,1126,1126,1762729500,1762729500150,0,1,0.37000000,25270.79000000,0.00000000,-0.23000000,0.00000000,0.00000000,3,9282610,PS PDH
1127,1126,1127,1762732200,1762732200150,1,0,0.37000000,25260.46000000,3.82000000,0.00000000,0.00000000,0.00000000,3,9282610,
1128,1128,1128,1762733400,1762733400150,0,0,0.39000000,25247.67000000,0.00000000,-0.24000000,0.00000000,0.00000000,3,9282610,PS PDL
1129,1128,1129,1762739358,1762739358139,1,1,0.39000000,25338.28000000,35.34000000,0.00000000,0.00000000,0.00000000,5,9282610,tp 25338.17
1130,1130,1130,1762819800,1762819800150,0,1,0.79000000,25683.05000000,0.00000000,-0.49000000,0.00000000,0.00000000,3,9282610,PS PDH
1131,1130,1131,1762824038,1762824038333,1,0,0.79000000,25705.99000000,-18.12000000,0.00000000,0.00000000,0.00000000,4,9282610,sl 25705.99
1132,1132,1132,1762934700,1762934700150,0,1,1.19000000,25706.91000000,0.00000000,-0.74000000,0.00000000,0.00000000,3,9282610,PS PDH
1133,1132,1133,1762935421,1762935421621,1,0,1.19000000,25722.03000000,-17.99000000,0.00000000,0.00000000,0.00000000,4,9282610,sl 25721.87
1134,1134,1134,1763042700,1763042700150,0,0,1.27000000,25439.95000000,0.00000000,-0.79000000,0.00000000,0.00000000,3,9282610,PS PDL
1135,1134,1135,1763042796,1763042796428,1,1,1.27000000,25426.02000000,-17.69000000,0.00000000,0.00000000,0.00000000,4,9282610,sl 25426.02
1136,1136,1136,1763097600,1763097600150,0,0,0.42000000,24956.90000000,0.00000000,-0.26000000,0.00000000,0.00000000,3,9282610,PS PDL
1137,1136,1137,1763098838,1763098838783,1,1,0.42000000,25041.55000000,35.55000000,0.00000000,0.00000000,0.00000000,5,9282610,tp 25041.52
1138,1138,1138,1763376900,1763376900150,0,1,1.13000000,25137.09000000,0.00000000,-0.71000000,0.00000000,0.00000000,3,9282610,PS PDH
1139,1138,1139,1763377901,1763377901860,1,0,1.13000000,25152.90000000,-17.87000000,0.00000000,0.00000000,0.00000000,4,9282610,sl 25152.89
1140,1140,1140,1763387700,1763387700150,0,0,0.50000000,24997.08000000,0.00000000,-0.31000000,0.00000000,0.00000000,3,9282610,PS PDL
1141,1140,1141,1763389660,1763389660454,1,1,0.50000000,24961.30000000,-17.89000000,0.00000000,0.00000000,0.00000000,4,9282610,sl 24961.36
1142,1142,1142,1763442000,1763442000150,0,0,2.30000000,24683.67000000,0.00000000,-1.44000000,0.00000000,0.00000000,3,9282610,PS PDL
1143,1142,1143,1763442042,1763442042297,1,1,2.30000000,24676.11000000,-17.39000000,0.00000000,0.00000000,0.00000000,4,9282610,sl 24676.12
1144,1144,1144,1763566200,1763566200150,0,1,1.25000000,24909.95000000,0.00000000,-0.78000000,0.00000000,0.00000000,3,9282610,PS PDH
1145,1144,1145,1763566215,1763566215028,1,0,1.25000000,24923.50000000,-16.94000000,0.00000000,0.00000000,0.00000000,4,9282610,sl 24923.48
1146,1146,1146,1763597100,1763597100150,0,1,1.02000000,25054.80000000,0.00000000,-0.64000000,0.00000000,0.00000000,3,9282610,PS PDH
1147,1146,1147,1763597863,1763597863157,1,0,1.02000000,25071.58000000,-17.12000000,0.00000000,0.00000000,0.00000000,4,9282610,sl 25071.57
1148,1148,1148,1763658900,1763658900150,0,0,0.28000000,24447.29000000,0.00000000,-0.18000000,0.00000000,0.00000000,3,9282610,PS PDL
1149,1148,1149,1763658990,1763658990439,1,1,0.28000000,24385.39000000,-17.33000000,0.00000000,0.00000000,0.00000000,4,9282610,sl 24385.43
1150,1150,1150,1763721600,1763721600150,0,0,0.33000000,24002.88000000,0.00000000,-0.21000000,0.00000000,0.00000000,3,9282610,PS PDL
1151,1150,1151,1763723740,1763723740757,1,1,0.33000000,24105.48000000,33.86000000,0.00000000,0.00000000,0.00000000,5,9282610,tp 24105.41
1152,1152,1152,1763944800,1763944800150,0,0,0.73000000,24429.02000000,0.00000000,-0.46000000,0.00000000,0.00000000,3,9282610,PS PDL
1153,1152,1153,1763944981,1763944981818,1,1,0.73000000,24405.52000000,-17.16000000,0.00000000,0.00000000,0.00000000,4,9282610,sl 24405.74
1154,1154,1154,1763973300,1763973300150,0,1,0.94000000,24492.51000000,0.00000000,-0.59000000,0.00000000,0.00000000,3,9282610,PS PDH
1155,1154,1155,1763973509,1763973509508,1,0,0.94000000,24510.54000000,-16.95000000,0.00000000,0.00000000,0.00000000,4,9282610,sl 24510.41
1156,1156,1156,1764093600,1764093600150,0,1,0.45000000,24948.82000000,0.00000000,-0.28000000,0.00000000,0.00000000,3,9282610,PS PDH
1157,1156,1157,1764095398,1764095398714,1,0,0.45000000,24986.32000000,-16.88000000,0.00000000,0.00000000,0.00000000,4,9282610,sl 24986.24
1158,1158,1158,1764159600,1764159600150,0,1,1.42000000,25093.42000000,0.00000000,-0.89000000,0.00000000,0.00000000,3,9282610,PS PDH
1159,1158,1159,1764159864,1764159864262,1,0,1.42000000,25105.04000000,-16.50000000,0.00000000,0.00000000,0.00000000,4,9282610,sl 25105.04
1160,1160,1160,1764543900,1764543900150,0,1,0.28000000,25458.57000000,0.00000000,-0.18000000,0.00000000,0.00000000,3,9282610,PS PDH
1161,1160,1161,1764546600,1764546600150,1,0,0.28000000,25444.25000000,4.01000000,0.00000000,0.00000000,0.00000000,3,9282610,
1162,1162,1162,1764547500,1764547500150,0,0,1.48000000,25432.62000000,0.00000000,-0.93000000,0.00000000,0.00000000,3,9282610,PS PDL
1163,1162,1163,1764547542,1764547542686,1,1,1.48000000,25421.42000000,-16.58000000,0.00000000,0.00000000,0.00000000,4,9282610,sl 25421.58
1164,1164,1164,1764673200,1764673200150,0,1,1.69000000,25481.86000000,0.00000000,-1.06000000,0.00000000,0.00000000,3,9282610,PS PDH
1165,1164,1165,1764674965,1764674965871,1,0,1.69000000,25491.58000000,-16.43000000,0.00000000,0.00000000,0.00000000,4,9282610,sl 25491.42
1166,1166,1166,1764729000,1764729000150,0,1,2.07000000,25658.35000000,0.00000000,-1.29000000,0.00000000,0.00000000,3,9282610,PS PDH
1167,1166,1167,1764729506,1764729506363,1,0,2.07000000,25642.89000000,32.00000000,0.00000000,0.00000000,0.00000000,5,9282610,tp 25642.89
1168,1168,1168,1764843300,1764843300150,0,1,1.65000000,25670.80000000,0.00000000,-1.03000000,0.00000000,0.00000000,3,9282610,PS PDH
1169,1168,1169,1764844722,1764844722197,1,0,1.65000000,25651.04000000,32.60000000,0.00000000,0.00000000,0.00000000,5,9282610,tp 25651.04
1170,1170,1170,1764924900,1764924900150,0,1,1.03000000,25721.37000000,0.00000000,-0.64000000,0.00000000,0.00000000,3,9282610,PS PDH
1171,1170,1171,1764937345,1764937345617,1,0,1.03000000,25688.49000000,33.87000000,0.00000000,0.00000000,0.00000000,5,9282610,tp 25688.87
1172,1172,1172,1765153500,1765153500150,0,0,1.44000000,25730.71000000,0.00000000,-0.90000000,0.00000000,0.00000000,3,9282610,PS PDL
1173,1172,1173,1765155723,1765155723846,1,1,1.44000000,25754.28000000,33.94000000,0.00000000,0.00000000,0.00000000,5,9282610,tp 25754.25
1174,1174,1174,1765158000,1765158000150,0,1,3.63000000,25764.82000000,0.00000000,-2.27000000,0.00000000,0.00000000,3,9282610,PS PDH
1175,1174,1175,1765158022,1765158022000,1,0,3.63000000,25769.85000000,-18.26000000,0.00000000,0.00000000,0.00000000,4,9282610,sl 25769.58
1176,1176,1176,1765290900,1765290900150,0,0,0.74000000,25588.26000000,0.00000000,-0.46000000,0.00000000,0.00000000,3,9282610,PS PDL
1177,1176,1177,1765291126,1765291126960,1,1,0.74000000,25634.96000000,34.56000000,0.00000000,0.00000000,0.00000000,5,9282610,tp 25634.94
1178,1178,1178,1765355400,1765355400150,0,1,3.42000000,25738.62000000,0.00000000,-2.14000000,0.00000000,0.00000000,3,9282610,PS PDH
1179,1178,1179,1765355616,1765355616000,1,0,3.42000000,25728.27000000,35.40000000,0.00000000,0.00000000,0.00000000,5,9282610,tp 25728.44
1180,1180,1180,1765382400,1765382400150,0,0,1.04000000,25578.76000000,0.00000000,-0.65000000,0.00000000,0.00000000,3,9282610,PS PDL
1181,1180,1181,1765382437,1765382437615,1,1,1.04000000,25561.54000000,-17.91000000,0.00000000,0.00000000,0.00000000,4,9282610,sl 25561.69
1182,1182,1182,1765426800,1765426800150,0,0,1.98000000,25538.36000000,0.00000000,-1.24000000,0.00000000,0.00000000,3,9282610,PS PDL
1183,1182,1183,1765426948,1765426948285,1,1,1.98000000,25529.07000000,-18.39000000,0.00000000,0.00000000,0.00000000,4,9282610,sl 25529.50
1184,1184,1184,1765554300,1765554300150,0,0,0.38000000,25414.05000000,0.00000000,-0.24000000,0.00000000,0.00000000,3,9282610,PS PDL
1185,1184,1185,1765554870,1765554870833,1,1,0.38000000,25367.25000000,-17.78000000,0.00000000,0.00000000,0.00000000,4,9282610,sl 25367.29
1186,1186,1186,1765760400,1765760400150,0,1,2.31000000,25265.21000000,0.00000000,-1.44000000,0.00000000,0.00000000,3,9282610,PS PDH
1187,1186,1187,1765762238,1765762238761,1,0,2.31000000,25272.69000000,-17.28000000,0.00000000,0.00000000,0.00000000,4,9282610,sl 25272.66
1188,1188,1188,1765813500,1765813500150,0,0,0.17000000,25207.02000000,0.00000000,-0.11000000,0.00000000,0.00000000,3,9282610,PS PDL
1189,1188,1189,1765841654,1765841654358,1,1,0.17000000,25106.44000000,-17.10000000,0.00000000,0.00000000,0.00000000,4,9282610,sl 25106.57
1190,1190,1190,1765845000,1765845000150,0,0,1.67000000,25067.26000000,0.00000000,-1.04000000,0.00000000,0.00000000,3,9282610,PS PDL
1191,1190,1191,1765845330,1765845330252,1,1,1.67000000,25057.03000000,-17.08000000,0.00000000,0.00000000,0.00000000,4,9282610,sl 25057.15
1192,1192,1192,1765963800,1765963800150,0,1,1.37000000,25219.66000000,0.00000000,-0.86000000,0.00000000,0.00000000,3,9282610,PS PDH
1193,1192,1193,1765964130,1765964130441,1,0,1.37000000,25231.92000000,-16.80000000,0.00000000,0.00000000,0.00000000,4,9282610,sl 25231.85
1194,1194,1194,1765986900,1765986900150,0,0,0.61000000,24870.91000000,0.00000000,-0.38000000,0.00000000,0.00000000,3,9282610,PS PDL
1195,1194,1195,1765986939,1765986939356,1,1,0.61000000,24843.46000000,-16.74000000,0.00000000,0.00000000,0.00000000,4,9282610,sl 24843.46
1196,1196,1196,1766361900,1766361900150,0,1,0.90000000,25458.60000000,0.00000000,-0.56000000,0.00000000,0.00000000,3,9282610,PS PDH
1197,1196,1197,1766365480,1766365480000,1,0,0.90000000,25477.00000000,-16.56000000,0.00000000,0.00000000,0.00000000,4,9282610,sl 25476.83
1198,1198,1198,1766497500,1766497500150,0,0,0.57000000,25438.65000000,0.00000000,-0.36000000,0.00000000,0.00000000,3,9282610,PS PDL
1199,1198,1199,1766498319,1766498319804,1,1,0.57000000,25410.06000000,-16.30000000,0.00000000,0.00000000,0.00000000,4,9282610,sl 25410.12
1200,1200,1200,1766534700,1766534700150,0,1,2.97000000,25616.66000000,0.00000000,-1.86000000,0.00000000,0.00000000,3,9282610,PS PDH
1201,1200,1201,1766534790,1766534790000,1,0,2.97000000,25622.26000000,-16.63000000,0.00000000,0.00000000,0.00000000,4,9282610,sl 25622.04
1202,1202,1202,1766703900,1766703900150,0,1,1.99000000,25691.87000000,0.00000000,-1.24000000,0.00000000,0.00000000,3,9282610,PS PDH
1203,1202,1203,1766704214,1766704214468,1,0,1.99000000,25675.92000000,31.74000000,0.00000000,0.00000000,0.00000000,5,9282610,tp 25676.03
1204,1204,1204,1766710200,1766710200150,0,1,2.16000000,25705.59000000,0.00000000,-1.35000000,0.00000000,0.00000000,3,9282610,PS PDH
1205,1204,1205,1766710756,1766710756000,1,0,2.16000000,25713.18000000,-16.39000000,0.00000000,0.00000000,0.00000000,4,9282610,sl 25713.04
1206,1206,1206,1766734500,1766734500150,0,0,1.54000000,25676.63000000,0.00000000,-0.96000000,0.00000000,0.00000000,3,9282610,PS PDL
1207,1206,1207,1766736004,1766736004736,1,1,1.54000000,25665.89000000,-16.54000000,0.00000000,0.00000000,0.00000000,4,9282610,sl 25666.26
1208,1208,1208,1766968500,1766968500150,0,1,8.54000000,25693.91000000,0.00000000,-5.34000000,0.00000000,0.00000000,3,9282610,PS PDH
1209,1208,1209,1766968504,1766968504000,1,0,8.54000000,25695.75000000,-15.71000000,0.00000000,0.00000000,0.00000000,4,9282610,sl 25695.75
1210,1210,1210,1766973000,1766973000150,0,0,5.35000000,25661.54000000,0.00000000,-3.34000000,0.00000000,0.00000000,3,9282610,PS PDL
1211,1210,1211,1766973055,1766973055000,1,1,5.35000000,25658.62000000,-15.62000000,0.00000000,0.00000000,0.00000000,4,9282610,sl 25658.64
1212,1212,1212,1767141000,1767141000150,0,0,3.05000000,25470.37000000,0.00000000,-1.91000000,0.00000000,0.00000000,3,9282610,PS PDL
1213,1212,1213,1767141095,1767141095000,1,1,3.05000000,25465.33000000,-15.37000000,0.00000000,0.00000000,0.00000000,4,9282610,sl 25465.35
1214,1214,1214,1767313504,1767313504152,0,1,2.61000000,25334.45000000,0.00000000,-1.63000000,0.00000000,0.00000000,3,9282610,PS PDH
1215,1214,1215,1767313774,1767313774003,1,0,2.61000000,25340.28000000,-15.22000000,0.00000000,0.00000000,0.00000000,4,9282610,sl 25340.25
1216,1216,1216,1767571800,1767571800237,0,1,0.78000000,25297.55000000,0.00000000,-0.49000000,0.00000000,0.00000000,3,9282610,PS PDH
1217,1216,1217,1767572462,1767572462937,1,0,0.78000000,25317.16000000,-15.30000000,0.00000000,0.00000000,0.00000000,4,9282610,sl 25317.16
1218,1218,1218,1767714900,1767714900191,0,1,0.46000000,25538.30000000,0.00000000,-0.29000000,0.00000000,0.00000000,3,9282610,PS PDH
1219,1218,1219,1767720124,1767720124950,1,0,0.46000000,25571.15000000,-15.11000000,0.00000000,0.00000000,0.00000000,4,9282610,sl 25571.15
1220,1220,1220,1767798300,1767798300179,0,1,0.75000000,25682.81000000,0.00000000,-0.47000000,0.00000000,0.00000000,3,9282610,PS PDH
1221,1220,1221,1767798415,1767798415306,1,0,0.75000000,25702.24000000,-14.57000000,0.00000000,0.00000000,0.00000000,4,9282610,sl 25702.02
1222,1222,1222,1767857100,1767857100243,0,0,0.19000000,25632.40000000,0.00000000,-0.12000000,0.00000000,0.00000000,3,9282610,PS PDL
1223,1222,1223,1767882860,1767882860474,1,1,0.19000000,25553.03000000,-15.08000000,0.00000000,0.00000000,0.00000000,4,9282610,sl 25553.32
1224,1224,1224,1767973200,1767973200187,0,1,0.52000000,25686.40000000,0.00000000,-0.33000000,0.00000000,0.00000000,3,9282610,PS PDH
1225,1224,1225,1767973449,1767973449158,1,0,0.52000000,25630.62000000,29.01000000,0.00000000,0.00000000,0.00000000,5,9282610,tp 25630.85
1226,1226,1226,1768176600,1768176600473,0,0,1.48000000,25729.14000000,0.00000000,-0.93000000,0.00000000,0.00000000,3,9282610,PS PDL
1227,1226,1227,1768176635,1768176635760,1,1,1.48000000,25719.05000000,-14.93000000,0.00000000,0.00000000,0.00000000,4,9282610,sl 25719.23
1228,1228,1228,1768234800,1768234800162,0,1,1.36000000,25804.99000000,0.00000000,-0.85000000,0.00000000,0.00000000,3,9282610,PS PDH
1229,1228,1229,1768236305,1768236305580,1,0,1.36000000,25783.47000000,29.27000000,0.00000000,0.00000000,0.00000000,5,9282610,tp 25783.69
1230,1230,1230,1768311300,1768311300436,0,1,0.52000000,25876.81000000,0.00000000,-0.33000000,0.00000000,0.00000000,3,9282610,PS PDH
1231,1230,1231,1768312321,1768312321161,1,0,0.52000000,25819.43000000,29.84000000,0.00000000,0.00000000,0.00000000,5,9282610,tp 25819.62
1232,1232,1232,1768487400,1768487400159,0,1,0.56000000,25777.07000000,0.00000000,-0.35000000,0.00000000,0.00000000,3,9282610,PS PDH
1233,1232,1233,1768487732,1768487732088,1,0,0.56000000,25723.58000000,29.95000000,0.00000000,0.00000000,0.00000000,5,9282610,tp 25723.94
1234,1234,1234,1768782000,1768782000289,0,0,0.52000000,25283.79000000,0.00000000,-0.33000000,0.00000000,0.00000000,3,9282610,PS PDL
1235,1234,1235,1768782603,1768782603523,1,1,0.52000000,25253.28000000,-15.87000000,0.00000000,0.00000000,0.00000000,4,9282610,sl 25253.63
1236,1236,1236,1768896600,1768896600242,0,0,0.43000000,25137.69000000,0.00000000,-0.27000000,0.00000000,0.00000000,3,9282610,PS PDL
1237,1236,1237,1768897227,1768897227907,1,1,0.43000000,25100.75000000,-15.88000000,0.00000000,0.00000000,0.00000000,4,9282610,sl 25101.59
1238,1238,1238,1769001000,1769001000556,0,0,0.53000000,24983.59000000,0.00000000,-0.33000000,0.00000000,0.00000000,3,9282610,PS PDL
1239,1238,1239,1769001746,1769001746636,1,1,0.53000000,24954.78000000,-15.27000000,0.00000000,0.00000000,0.00000000,4,9282610,sl 24955.01
1240,1240,1240,1769013300,1769013300170,0,1,0.36000000,25295.47000000,0.00000000,-0.23000000,0.00000000,0.00000000,3,9282610,PS PDH
1241,1240,1241,1769013590,1769013590413,1,0,0.36000000,25213.05000000,29.67000000,0.00000000,0.00000000,0.00000000,5,9282610,tp 25213.53
1242,1242,1242,1769093100,1769093100174,0,1,0.34000000,25528.10000000,0.00000000,-0.21000000,0.00000000,0.00000000,3,9282610,PS PDH
1243,1242,1243,1769094009,1769094009036,1,0,0.34000000,25431.43000000,32.87000000,0.00000000,0.00000000,0.00000000,5,9282610,tp 25432.57
1244,1244,1244,1769190300,1769190300230,0,1,0.33000000,25609.41000000,0.00000000,-0.21000000,0.00000000,0.00000000,3,9282610,PS PDH
1245,1244,1245,1769382001,1769382001001,1,0,0.33000000,25386.57000000,73.54000000,0.00000000,0.00000000,0.00000000,5,9282610,tp 25514.32
1246,1246,1246,1769385900,1769385900232,0,1,1.60000000,25458.54000000,0.00000000,-1.00000000,0.00000000,0.00000000,3,9282610,PS PDH
1247,1246,1247,1769385923,1769385923480,1,0,1.60000000,25468.94000000,-16.64000000,0.00000000,0.00000000,0.00000000,4,9282610,sl 25468.73
1248,1248,1248,1769618700,1769618700155,0,1,0.52000000,26014.92000000,0.00000000,-0.33000000,0.00000000,0.00000000,3,9282610,PS PDH
1249,1248,1249,1769620389,1769620389344,1,0,0.52000000,26045.61000000,-15.96000000,0.00000000,0.00000000,0.00000000,4,9282610,sl 26045.42
1250,1250,1250,1769994600,1769994600390,0,1,0.20000000,25453.59000000,0.00000000,-0.13000000,0.00000000,0.00000000,3,9282610,PS PDH
1251,1250,1251,1770000617,1770000617030,1,0,0.20000000,25288.70000000,32.98000000,0.00000000,0.00000000,0.00000000,5,9282610,tp 25289.52
1252,1252,1252,1770000900,1770000900510,0,0,0.65000000,25286.54000000,0.00000000,-0.41000000,0.00000000,0.00000000,3,9282610,PS PDL
1253,1252,1253,1770002041,1770002041697,1,1,0.65000000,25260.01000000,-17.24000000,0.00000000,0.00000000,0.00000000,4,9282610,sl 25261.38
1254,1254,1254,1770078600,1770078600302,0,1,1.43000000,25880.38000000,0.00000000,-0.89000000,0.00000000,0.00000000,3,9282610,PS PDH
1255,1254,1255,1770079930,1770079930802,1,0,1.43000000,25857.63000000,32.53000000,0.00000000,0.00000000,0.00000000,5,9282610,tp 25857.88
1256,1256,1256,1770217800,1770217800196,0,0,0.18000000,25154.19000000,0.00000000,-0.11000000,0.00000000,0.00000000,3,9282610,PS PDL
1257,1256,1257,1770219361,1770219361731,1,1,0.18000000,25060.43000000,-16.88000000,0.00000000,0.00000000,0.00000000,4,9282610,sl 25060.62
1258,1258,1258,1770295500,1770295500156,0,0,0.46000000,24703.59000000,0.00000000,-0.29000000,0.00000000,0.00000000,3,9282610,PS PDL
1259,1258,1259,1770295605,1770295605665,1,1,0.46000000,24668.80000000,-16.00000000,0.00000000,0.00000000,0.00000000,4,9282610,sl 24668.89
1260,1260,1260,1770337200,1770337200335,0,0,0.27000000,24222.38000000,0.00000000,-0.17000000,0.00000000,0.00000000,3,9282610,PS PDL
1261,1260,1261,1770339618,1770339618010,1,1,0.27000000,24345.10000000,33.13000000,0.00000000,0.00000000,0.00000000,5,9282610,tp 24345.05
1262,1262,1262,1770598200,1770598200373,0,1,0.68000000,25202.84000000,0.00000000,-0.43000000,0.00000000,0.00000000,3,9282610,PS PDH
1263,1262,1263,1770601115,1770601115842,1,0,0.68000000,25154.33000000,32.99000000,0.00000000,0.00000000,0.00000000,5,9282610,tp 25154.52
1264,1264,1264,1770617100,1770617100336,0,0,1.09000000,25107.96000000,0.00000000,-0.68000000,0.00000000,0.00000000,3,9282610,PS PDL
1265,1264,1265,1770617924,1770617924015,1,1,1.09000000,25092.01000000,-17.39000000,0.00000000,0.00000000,0.00000000,4,9282610,sl 25092.16
1266,1266,1266,1770736500,1770736500299,0,1,0.30000000,25319.53000000,0.00000000,-0.19000000,0.00000000,0.00000000,3,9282610,PS PDH
1267,1266,1267,1770748466,1770748466073,1,0,0.30000000,25207.98000000,33.47000000,0.00000000,0.00000000,0.00000000,5,9282610,tp 25209.42
1268,1268,1268,1770807600,1770807600443,0,0,0.58000000,25136.51000000,0.00000000,-0.36000000,0.00000000,0.00000000,3,9282610,PS PDL
1269,1268,1269,1770811860,1770811860275,1,1,0.58000000,25194.42000000,33.59000000,0.00000000,0.00000000,0.00000000,5,9282610,tp 25194.30
1270,1270,1270,1770818400,1770818400622,0,1,2.54000000,25376.03000000,0.00000000,-1.59000000,0.00000000,0.00000000,3,9282610,PS PDH
1271,1270,1271,1770818445,1770818445758,1,0,2.54000000,25361.22000000,37.62000000,0.00000000,0.00000000,0.00000000,5,9282610,tp 25361.36
1272,1272,1272,1770943800,1770943800239,0,0,0.97000000,24662.42000000,0.00000000,-0.61000000,0.00000000,0.00000000,3,9282610,PS PDL
1273,1272,1273,1770944017,1770944017565,1,1,0.97000000,24644.24000000,-17.63000000,0.00000000,0.00000000,0.00000000,4,9282610,sl 24644.36
1274,1274,1274,1771200300,1771200300478,0,1,0.64000000,24756.70000000,0.00000000,-0.40000000,0.00000000,0.00000000,3,9282610,PS PDH
1275,1274,1275,1771200577,1771200577281,1,0,0.64000000,24782.95000000,-16.80000000,0.00000000,0.00000000,0.00000000,4,9282610,sl 24782.77
1276,1276,1276,1771252200,1771252200240,0,0,1.84000000,24703.25000000,0.00000000,-1.15000000,0.00000000,0.00000000,3,9282610,PS PDL
1277,1276,1277,1771252233,1771252233957,1,1,1.84000000,24693.94000000,-17.13000000,0.00000000,0.00000000,0.00000000,4,9282610,sl 24694.16
1278,1278,1278,1771294500,1771294500425,0,0,0.81000000,24613.58000000,0.00000000,-0.51000000,0.00000000,0.00000000,3,9282610,PS PDL
1279,1278,1279,1771297332,1771297332644,1,1,0.81000000,24592.50000000,-17.07000000,0.00000000,0.00000000,0.00000000,4,9282610,sl 24592.60
1280,1280,1280,1771418100,1771418100265,0,1,0.32000000,24792.57000000,0.00000000,-0.20000000,0.00000000,0.00000000,3,9282610,PS PDH
1281,1280,1281,1771421401,1771421401298,1,0,0.32000000,24849.22000000,-18.13000000,0.00000000,0.00000000,0.00000000,4,9282610,sl 24847.89
1282,1282,1282,1771595100,1771595100157,0,0,0.84000000,24692.46000000,0.00000000,-0.53000000,0.00000000,0.00000000,3,9282610,PS PDL
1283,1282,1283,1771595229,1771595229361,1,1,0.84000000,24672.38000000,-16.87000000,0.00000000,0.00000000,0.00000000,4,9282610,sl 24672.55
1284,1284,1284,1771599900,1771599900162,0,1,0.16000000,24924.14000000,0.00000000,-0.10000000,0.00000000,0.00000000,3,9282610,PS PDH
1285,1284,1285,1771602537,1771602537768,1,0,0.16000000,25029.69000000,-16.89000000,0.00000000,0.00000000,0.00000000,4,9282610,sl 25027.46
1286,1286,1286,1771837501,1771837501686,0,0,0.52000000,24919.58000000,0.00000000,-0.33000000,0.00000000,0.00000000,3,9282610,PS PDL
1287,1286,1287,1771847277,1771847277261,1,1,0.52000000,24887.64000000,-16.61000000,0.00000000,0.00000000,0.00000000,4,9282610,sl 24887.79
1288,1288,1288,1771949700,1771949700242,0,1,1.21000000,24994.76000000,0.00000000,-0.76000000,0.00000000,0.00000000,3,9282610,PS PDH
1289,1288,1289,1771950020,1771950020913,1,0,1.21000000,24967.96000000,32.43000000,0.00000000,0.00000000,0.00000000,5,9282610,tp 24968.20
1290,1290,1290,1771981800,1771981800349,0,1,1.70000000,25036.45000000,0.00000000,-1.06000000,0.00000000,0.00000000,3,9282610,PS PDH
1291,1290,1291,1771981920,1771981920893,1,0,1.70000000,25047.32000000,-18.48000000,0.00000000,0.00000000,0.00000000,4,9282610,sl 25046.59
1292,1292,1292,1772121000,1772121000252,0,0,0.48000000,24980.64000000,0.00000000,-0.30000000,0.00000000,0.00000000,3,9282610,PS PDL
1293,1292,1293,1772123163,1772123163002,1,1,0.48000000,25049.31000000,32.96000000,0.00000000,0.00000000,0.00000000,5,9282610,tp 25049.26
1294,1294,1294,1772200800,1772200800278,0,0,0.53000000,24836.32000000,0.00000000,-0.33000000,0.00000000,0.00000000,3,9282610,PS PDL
1295,1294,1295,1772201135,1772201135640,1,1,0.53000000,24804.88000000,-16.66000000,0.00000000,0.00000000,0.00000000,4,9282610,sl 24805.61
1296,1296,1296,1772406600,1772406600233,0,0,0.30000000,24764.69000000,0.00000000,-0.19000000,0.00000000,0.00000000,3,9282610,PS PDL
1297,1296,1297,1772407889,1772407889779,1,1,0.30000000,24710.94000000,-16.13000000,0.00000000,0.00000000,0.00000000,4,9282610,sl 24710.95
1298,1298,1298,1772418600,1772418600325,0,1,1.13000000,24786.44000000,0.00000000,-0.71000000,0.00000000,0.00000000,3,9282610,PS PDH
1299,1298,1299,1772418748,1772418748412,1,0,1.13000000,24801.30000000,-16.79000000,0.00000000,0.00000000,0.00000000,4,9282610,sl 24801.07
1300,1300,1300,1772433000,1772433000289,0,0,0.60000000,24651.26000000,0.00000000,-0.38000000,0.00000000,0.00000000,3,9282610,PS PDL
1301,1300,1301,1772433487,1772433487421,1,1,0.60000000,24619.12000000,-19.28000000,0.00000000,0.00000000,0.00000000,4,9282610,sl 24619.67
1302,1302,1302,1772531400,1772531400279,0,0,1.25000000,24467.13000000,0.00000000,-0.78000000,0.00000000,0.00000000,3,9282610,PS PDL
1303,1302,1303,1772531439,1772531439868,1,1,1.25000000,24452.96000000,-17.71000000,0.00000000,0.00000000,0.00000000,4,9282610,sl 24453.29
1304,1304,1304,1772636700,1772636700152,0,1,0.32000000,24917.36000000,0.00000000,-0.20000000,0.00000000,0.00000000,3,9282610,PS PDH
1305,1304,1305,1772636919,1772636919488,1,0,0.32000000,24967.47000000,-16.04000000,0.00000000,0.00000000,0.00000000,4,9282610,sl 24967.13
1306,1306,1306,1772670600,1772670600557,0,1,2.43000000,25199.88000000,0.00000000,-1.52000000,0.00000000,0.00000000,3,9282610,PS PDH
1307,1306,1307,1772671210,1772671210282,1,0,2.43000000,25206.71000000,-16.60000000,0.00000000,0.00000000,0.00000000,4,9282610,sl 25206.28
1308,1308,1308,1772804100,1772804100228,0,0,0.19000000,24806.19000000,0.00000000,-0.12000000,0.00000000,0.00000000,3,9282610,PS PDL
1309,1308,1309,1772804520,1772804520390,1,1,0.19000000,24726.23000000,-15.19000000,0.00000000,0.00000000,0.00000000,4,9282610,sl 24726.66
1310,1310,1310,1773016500,1773016500240,0,0,0.31000000,24190.99000000,0.00000000,-0.19000000,0.00000000,0.00000000,3,9282610,PS PDL
1311,1310,1311,1773016846,1773016846273,1,1,0.31000000,24140.71000000,-15.59000000,0.00000000,0.00000000,0.00000000,4,9282610,sl 24141.00
1312,1312,1312,1773049200,1773049200168,0,1,0.51000000,24460.16000000,0.00000000,-0.32000000,0.00000000,0.00000000,3,9282610,PS PDH
1313,1312,1313,1773049959,1773049959037,1,0,0.51000000,24399.37000000,31.00000000,0.00000000,0.00000000,0.00000000,5,9282610,tp 24399.48
1314,1314,1314,1773128100,1773128100308,0,1,0.43000000,25036.10000000,0.00000000,-0.27000000,0.00000000,0.00000000,3,9282610,PS PDH
1315,1314,1315,1773129601,1773129601133,1,0,0.43000000,25071.89000000,-15.39000000,0.00000000,0.00000000,0.00000000,4,9282610,sl 25071.47
1316,1316,1316,1773269100,1773269100430,0,0,1.05000000,24831.61000000,0.00000000,-0.66000000,0.00000000,0.00000000,3,9282610,PS PDL
1317,1316,1317,1773270573,1773270573146,1,1,1.05000000,24810.73000000,-21.92000000,0.00000000,0.00000000,0.00000000,4,9282610,sl 24817.06
1318,1318,1318,1773284700,1773284700280,0,0,1.29000000,24739.60000000,0.00000000,-0.81000000,0.00000000,0.00000000,3,9282610,PS PDL
1319,1318,1319,1773285409,1773285409754,1,1,1.29000000,24727.82000000,-15.20000000,0.00000000,0.00000000,0.00000000,4,9282610,sl 24727.98
1320,1320,1320,1773360600,1773360600300,0,0,0.37000000,24545.82000000,0.00000000,-0.23000000,0.00000000,0.00000000,3,9282610,PS PDL
1321,1320,1321,1773361608,1773361608827,1,1,0.37000000,24627.26000000,30.13000000,0.00000000,0.00000000,0.00000000,5,9282610,tp 24626.98
1322,1322,1322,1773612300,1773612300204,0,0,0.21000000,24364.40000000,0.00000000,-0.13000000,0.00000000,0.00000000,3,9282610,PS PDL
1323,1322,1323,1773618600,1773618600278,1,1,0.21000000,24464.38000000,21.00000000,0.00000000,0.00000000,0.00000000,3,9282610,
1324,1324,1324,1773620700,1773620700205,0,1,1.04000000,24502.63000000,0.00000000,-0.65000000,0.00000000,0.00000000,3,9282610,PS PDH
1325,1324,1325,1773621582,1773621582188,1,0,1.04000000,24517.67000000,-15.64000000,0.00000000,0.00000000,0.00000000,4,9282610,sl 24517.39
1326,1326,1326,1773756900,1773756900293,0,1,0.35000000,24822.14000000,0.00000000,-0.22000000,0.00000000,0.00000000,3,9282610,PS PDH
1327,1326,1327,1773757432,1773757432703,1,0,0.35000000,24865.79000000,-15.28000000,0.00000000,0.00000000,0.00000000,4,9282610,sl 24865.79
1328,1328,1328,1773862500,1773862500240,0,0,0.73000000,24539.47000000,0.00000000,-0.46000000,0.00000000,0.00000000,3,9282610,PS PDL
1329,1328,1329,1773862678,1773862678744,1,1,0.73000000,24516.75000000,-16.59000000,0.00000000,0.00000000,0.00000000,4,9282610,sl 24517.27
1330,1330,1330,1773904500,1773904500273,0,0,1.11000000,24380.70000000,0.00000000,-0.69000000,0.00000000,0.00000000,3,9282610,PS PDL
1331,1330,1331,1773904615,1773904615419,1,1,1.11000000,24406.97000000,29.16000000,0.00000000,0.00000000,0.00000000,5,9282610,tp 24406.85
1332,1332,1332,1774001700,1774001700220,0,0,0.46000000,24161.33000000,0.00000000,-0.29000000,0.00000000,0.00000000,3,9282610,PS PDL
1333,1332,1333,1774003086,1774003086667,1,1,0.46000000,24227.96000000,30.65000000,0.00000000,0.00000000,0.00000000,5,9282610,tp 24227.96
1334,1334,1334,1774217100,1774217100178,0,0,0.25000000,23785.93000000,0.00000000,-0.16000000,0.00000000,0.00000000,3,9282610,PS PDL
1335,1334,1335,1774223400,1774223400309,1,1,0.25000000,23822.02000000,9.02000000,0.00000000,0.00000000,0.00000000,3,9282610,
1336,1336,1336,1774253700,1774253700338,0,0,0.29000000,23734.20000000,0.00000000,-0.18000000,0.00000000,0.00000000,3,9282610,PS PDL
1337,1336,1337,1774258530,1774258530636,1,1,0.29000000,23679.04000000,-16.00000000,0.00000000,0.00000000,0.00000000,4,9282610,sl 23679.34
1338,1338,1338,1774493400,1774493400220,0,0,2.05000000,24108.32000000,0.00000000,-1.28000000,0.00000000,0.00000000,3,9282610,PS PDL
1339,1338,1339,1774493543,1774493543244,1,1,2.05000000,24100.54000000,-15.95000000,0.00000000,0.00000000,0.00000000,4,9282610,sl 24100.73
1340,1340,1340,1774603200,1774603200527,0,0,0.52000000,23590.07000000,0.00000000,-0.33000000,0.00000000,0.00000000,3,9282610,PS PDL
1341,1340,1341,1774605558,1774605558402,1,1,0.52000000,23561.19000000,-15.02000000,0.00000000,0.00000000,0.00000000,4,9282610,sl 23561.36
1342,1342,1342,1774829400,1774829400386,0,0,0.69000000,22957.02000000,0.00000000,-0.43000000,0.00000000,0.00000000,3,9282610,PS PDL
1343,1342,1343,1774829871,1774829871536,1,1,0.69000000,23000.89000000,30.27000000,0.00000000,0.00000000,0.00000000,5,9282610,tp 23000.54
1344,1344,1344,1774830300,1774830300203,0,1,0.34000000,23039.58000000,0.00000000,-0.21000000,0.00000000,0.00000000,3,9282610,PS PDH
1345,1344,1345,1774830436,1774830436744,1,0,0.34000000,23087.66000000,-16.35000000,0.00000000,0.00000000,0.00000000,4,9282610,sl 23086.11
1346,1346,1346,1774917600,1774917600259,0,0,0.21000000,22909.94000000,0.00000000,-0.13000000,0.00000000,0.00000000,3,9282610,PS PDL
1347,1346,1347,1774917936,1774917936562,1,1,0.21000000,23055.81000000,30.63000000,0.00000000,0.00000000,0.00000000,5,9282610,tp 23055.60
1348,1348,1348,1774965600,1774965600241,0,1,2.26000000,23405.95000000,0.00000000,-1.41000000,0.00000000,0.00000000,3,9282610,PS PDH
1349,1348,1349,1774965600,1774965600346,1,0,2.26000000,23412.60000000,-15.03000000,0.00000000,0.00000000,0.00000000,4,9282610,sl 23412.24
1350,1350,1350,1775002200,1775002200309,0,1,0.98000000,23870.71000000,0.00000000,-0.61000000,0.00000000,0.00000000,3,9282610,PS PDH
1351,1350,1351,1775003539,1775003539708,1,0,0.98000000,23839.95000000,30.14000000,0.00000000,0.00000000,0.00000000,5,9282610,tp 23840.24
1352,1352,1352,1775094000,1775094000399,0,0,0.53000000,23809.56000000,0.00000000,-0.33000000,0.00000000,0.00000000,3,9282610,PS PDL
1353,1352,1353,1775094343,1775094343830,1,1,0.53000000,23778.88000000,-16.26000000,0.00000000,0.00000000,0.00000000,4,9282610,sl 23779.34
1354,1354,1354,1775571900,1775571900153,0,0,0.24000000,23976.87000000,0.00000000,-0.15000000,0.00000000,0.00000000,3,9282610,PS PDL
1355,1354,1355,1775573502,1775573502979,1,1,0.24000000,23909.87000000,-16.08000000,0.00000000,0.00000000,0.00000000,4,9282610,sl 23910.00
1356,1356,1356,1775594700,1775594700390,0,1,0.41000000,24267.87000000,0.00000000,-0.26000000,0.00000000,0.00000000,3,9282610,PS PDH
1357,1356,1357,1775599202,1775599202185,1,0,0.41000000,24387.80000000,-49.17000000,0.00000000,0.00000000,0.00000000,4,9282610,sl 24307.39
1358,1358,1358,1775606700,1775606700329,0,1,0.41000000,24910.63000000,0.00000000,-0.26000000,0.00000000,0.00000000,3,9282610,PS PDH
1359,1358,1359,1775609392,1775609392188,1,0,0.41000000,24947.31000000,-15.04000000,0.00000000,0.00000000,0.00000000,4,9282610,sl 24947.20
1360,1360,1360,1775750700,1775750700254,0,1,0.54000000,25092.67000000,0.00000000,-0.34000000,0.00000000,0.00000000,3,9282610,PS PDH
1361,1360,1361,1775752750,1775752750752,1,0,0.54000000,25038.03000000,29.51000000,0.00000000,0.00000000,0.00000000,5,9282610,tp 25038.48
1362,1362,1362,1775783100,1775783100189,0,1,1.98000000,25120.58000000,0.00000000,-1.24000000,0.00000000,0.00000000,3,9282610,PS PDH
1363,1362,1363,1775784466,1775784466687,1,0,1.98000000,25128.19000000,-15.07000000,0.00000000,0.00000000,0.00000000,4,9282610,sl 25128.09
1364,1364,1364,1776040500,1776040500310,0,1,1.90000000,24877.33000000,0.00000000,-1.19000000,0.00000000,0.00000000,3,9282610,PS PDH
1365,1364,1365,1776040861,1776040861833,1,0,1.90000000,24885.57000000,-15.66000000,0.00000000,0.00000000,0.00000000,4,9282610,sl 24885.52
1366,1366,1366,1776151200,1776151200823,0,1,1.12000000,25477.49000000,0.00000000,-0.70000000,0.00000000,0.00000000,3,9282610,PS PDH
1367,1366,1367,1776151312,1776151312441,1,0,1.12000000,25491.07000000,-15.21000000,0.00000000,0.00000000,0.00000000,4,9282610,sl 25490.91
1368,1368,1368,1776215701,1776215701282,0,1,5.12000000,25903.83000000,0.00000000,-3.20000000,0.00000000,0.00000000,3,9282610,PS PDH
1369,1368,1369,1776215966,1776215966840,1,0,5.12000000,25907.00000000,-16.23000000,0.00000000,0.00000000,0.00000000,4,9282610,sl 25906.64
1370,1370,1370,1776298500,1776298500184,0,1,2.70000000,26283.27000000,0.00000000,-1.69000000,0.00000000,0.00000000,3,9282610,PS PDH
1371,1370,1371,1776298558,1776298558601,1,0,2.70000000,26288.94000000,-15.31000000,0.00000000,0.00000000,0.00000000,4,9282610,sl 26288.57
1372,1372,1372,1776657000,1776657000381,0,1,2.00000000,26560.20000000,0.00000000,-1.25000000,0.00000000,0.00000000,3,9282610,PS PDH
1373,1372,1373,1776658866,1776658866108,1,0,2.00000000,26545.80000000,28.80000000,0.00000000,0.00000000,0.00000000,5,9282610,tp 26546.16
1374,1374,1374,1776732600,1776732600357,0,1,0.85000000,26700.77000000,0.00000000,-0.53000000,0.00000000,0.00000000,3,9282610,PS PDH
1375,1374,1375,1776747963,1776747963816,1,0,0.85000000,26717.38000000,-14.12000000,0.00000000,0.00000000,0.00000000,4,9282610,sl 26717.34
1376,1376,1376,1776800700,1776800700195,0,0,0.72000000,26454.56000000,0.00000000,-0.45000000,0.00000000,0.00000000,3,9282610,PS PDL
1377,1376,1377,1776800834,1776800834585,1,1,0.72000000,26492.33000000,27.19000000,0.00000000,0.00000000,0.00000000,5,9282610,tp 26492.15
1378,1378,1378,1776860100,1776860100400,0,1,5.63000000,26780.19000000,0.00000000,-3.52000000,0.00000000,0.00000000,3,9282610,PS PDH
1379,1378,1379,1776860108,1776860108837,1,0,5.63000000,26775.15000000,28.38000000,0.00000000,0.00000000,0.00000000,5,9282610,tp 26775.17
1380,1380,1380,1776958200,1776958200258,0,1,0.86000000,27007.67000000,0.00000000,-0.54000000,0.00000000,0.00000000,3,9282610,PS PDH
1381,1380,1381,1776958347,1776958347306,1,0,0.86000000,27025.73000000,-15.53000000,0.00000000,0.00000000,0.00000000,4,9282610,sl 27025.68
1382,1382,1382,1776966900,1776966900310,0,0,0.12000000,26709.77000000,0.00000000,-0.08000000,0.00000000,0.00000000,3,9282610,PS PDL
1383,1382,1383,1776988067,1776988067939,1,1,0.12000000,26959.04000000,29.91000000,0.00000000,0.00000000,0.00000000,5,9282610,tp 26958.67
1384,1384,1384,1777019100,1777019100367,0,1,0.71000000,27011.22000000,0.00000000,-0.44000000,0.00000000,0.00000000,3,9282610,PS PDH
1385,1384,1385,1777019668,1777019668771,1,0,0.71000000,26967.74000000,30.87000000,0.00000000,0.00000000,0.00000000,5,9282610,tp 26969.18
1386,1386,1386,1777249500,1777249500299,0,1,1.95000000,27297.78000000,0.00000000,-1.22000000,0.00000000,0.00000000,3,9282610,PS PDH
1387,1386,1387,1777249751,1777249751751,1,0,1.95000000,27305.57000000,-15.19000000,0.00000000,0.00000000,0.00000000,4,9282610,sl 27305.53
1388,1388,1388,1777297800,1777297800252,0,0,0.64000000,27236.76000000,0.00000000,-0.40000000,0.00000000,0.00000000,3,9282610,PS PDL
1389,1388,1389,1777297826,1777297826108,1,1,0.64000000,27211.98000000,-15.86000000,0.00000000,0.00000000,0.00000000,4,9282610,sl 27212.22
1390,1390,1390,1777515600,1777515600236,0,1,0.73000000,27439.50000000,0.00000000,-0.46000000,0.00000000,0.00000000,3,9282610,PS PDH
1391,1390,1391,1777516206,1777516206884,1,0,0.73000000,27398.32000000,30.06000000,0.00000000,0.00000000,0.00000000,5,9282610,tp 27398.52
1392,1392,1392,1777598700,1777598700688,0,1,6.01000000,27540.36000000,0.00000000,-3.76000000,0.00000000,0.00000000,3,9282610,PS PDH
1393,1392,1393,1777598703,1777598703654,1,0,6.01000000,27543.22000000,-17.19000000,0.00000000,0.00000000,0.00000000,4,9282610,sl 27542.87
1394,1394,1394,1777845900,1777845900277,0,1,0.32000000,27780.48000000,0.00000000,-0.20000000,0.00000000,0.00000000,3,9282610,PS PDH
1395,1394,1395,1777852200,1777852200402,1,0,0.32000000,27728.78000000,16.54000000,0.00000000,0.00000000,0.00000000,3,9282610,
1396,1396,1396,1777853100,1777853100331,0,0,0.55000000,27731.00000000,0.00000000,-0.34000000,0.00000000,0.00000000,3,9282610,PS PDL
1397,1396,1397,1777856161,1777856161223,1,1,0.55000000,27786.25000000,30.39000000,0.00000000,0.00000000,0.00000000,5,9282610,tp 27786.15
1398,1398,1398,1777866001,1777866001204,0,1,2.31000000,27822.23000000,0.00000000,-1.44000000,0.00000000,0.00000000,3,9282610,PS PDH
1399,1398,1399,1777866167,1777866167552,1,0,2.31000000,27828.94000000,-15.50000000,0.00000000,0.00000000,0.00000000,4,9282610,sl 27828.89
1400,1400,1400,1777983000,1777983000249,0,1,2.97000000,27864.23000000,0.00000000,-1.86000000,0.00000000,0.00000000,3,9282610,PS PDH
1401,1400,1401,1777983012,1777983012824,1,0,2.97000000,27870.62000000,-18.98000000,0.00000000,0.00000000,0.00000000,4,9282610,sl 27869.82
1402,1402,1402,1778073000,1778073000170,0,1,0.44000000,28310.33000000,0.00000000,-0.28000000,0.00000000,0.00000000,3,9282610,PS PDH
1403,1402,1403,1778074487,1778074487719,1,0,0.44000000,28345.90000000,-15.65000000,0.00000000,0.00000000,0.00000000,4,9282610,sl 28345.81
1404,1404,1404,1778138400,1778138400755,0,1,0.34000000,28668.14000000,0.00000000,-0.21000000,0.00000000,0.00000000,3,9282610,PS PDH
1405,1404,1405,1778141013,1778141013589,1,0,0.34000000,28712.70000000,-15.15000000,0.00000000,0.00000000,0.00000000,4,9282610,sl 28712.36
1406,1406,1406,1778244600,1778244600288,0,1,0.50000000,28839.61000000,0.00000000,-0.31000000,0.00000000,0.00000000,3,9282610,PS PDH
1407,1406,1407,1778245937,1778245937732,1,0,0.50000000,28779.79000000,29.91000000,0.00000000,0.00000000,0.00000000,5,9282610,tp 28779.89
1408,1408,1408,1778460900,1778460900385,0,1,0.22000000,29209.68000000,0.00000000,-0.14000000,0.00000000,0.00000000,3,9282610,PS PDH
1409,1408,1409,1778498585,1778498585934,1,0,0.22000000,29280.10000000,-15.49000000,0.00000000,0.00000000,0.00000000,4,9282610,sl 29280.07
1410,1410,1410,1778550300,1778550300260,0,0,0.35000000,29186.27000000,0.00000000,-0.22000000,0.00000000,0.00000000,3,9282610,PS PDL
1411,1410,1411,1778554367,1778554367211,1,1,0.35000000,29269.77000000,29.23000000,0.00000000,0.00000000,0.00000000,5,9282610,tp 29269.55
1412,1412,1412,1778660100,1778660100283,0,1,1.88000000,29341.06000000,0.00000000,-1.18000000,0.00000000,0.00000000,3,9282610,PS PDH
1413,1412,1413,1778660132,1778660132514,1,0,1.88000000,29349.18000000,-15.27000000,0.00000000,0.00000000,0.00000000,4,9282610,sl 29349.08
1414,1414,1414,1778718001,1778718001262,0,1,0.63000000,29556.71000000,0.00000000,-0.39000000,0.00000000,0.00000000,3,9282610,PS PDH
1415,1414,1415,1778718604,1778718604020,1,0,0.63000000,29581.72000000,-15.76000000,0.00000000,0.00000000,0.00000000,4,9282610,sl 29580.54
1416,1416,1416,1778821500,1778821500311,0,0,0.99000000,29377.64000000,0.00000000,-0.62000000,0.00000000,0.00000000,3,9282610,PS PDL
1417,1416,1417,1778821572,1778821572222,1,1,0.99000000,29361.71000000,-15.77000000,0.00000000,0.00000000,0.00000000,4,9282610,sl 29361.91
1418,1418,1418,1779061500,1779061500213,0,0,0.14000000,29054.18000000,0.00000000,-0.09000000,0.00000000,0.00000000,3,9282610,PS PDL
1419,1418,1419,1779061800,1779061800272,1,1,0.14000000,29079.23000000,3.51000000,0.00000000,0.00000000,0.00000000,3,9282610,
1420,1420,1420,1779063300,1779063300457,0,0,0.20000000,28952.95000000,0.00000000,-0.13000000,0.00000000,0.00000000,3,9282610,PS PDL
1421,1420,1421,1779068257,1779068257958,1,1,0.20000000,28873.76000000,-15.84000000,0.00000000,0.00000000,0.00000000,4,9282610,sl 28875.25
1422,1422,1422,1779108000,1779108000157,0,1,0.76000000,29203.97000000,0.00000000,-0.48000000,0.00000000,0.00000000,3,9282610,PS PDH
1423,1422,1423,1779108077,1779108077093,1,0,0.76000000,29223.77000000,-15.05000000,0.00000000,0.00000000,0.00000000,4,9282610,sl 29223.64
1424,1424,1424,1779197100,1779197100208,0,0,0.46000000,28771.10000000,0.00000000,-0.29000000,0.00000000,0.00000000,3,9282610,PS PDL
1425,1424,1425,1779197277,1779197277506,1,1,0.46000000,28741.75000000,-13.50000000,0.00000000,0.00000000,0.00000000,4,9282610,sl 28742.19
1426,1426,1426,1779285000,1779285000258,0,1,0.24000000,29072.70000000,0.00000000,-0.15000000,0.00000000,0.00000000,3,9282610,PS PDH
1427,1426,1427,1779286386,1779286386035,1,0,0.24000000,28951.64000000,29.05000000,0.00000000,0.00000000,0.00000000,5,9282610,tp 28952.11
1428,1428,1428,1779338100,1779338100476,0,1,0.82000000,29332.04000000,0.00000000,-0.51000000,0.00000000,0.00000000,3,9282610,PS PDH
1429,1428,1429,1779339163,1779339163427,1,0,0.82000000,29350.34000000,-15.01000000,0.00000000,0.00000000,0.00000000,4,9282610,sl 29349.82
1430,1430,1430,1779408300,1779408300273,0,1,0.49000000,29492.37000000,0.00000000,-0.31000000,0.00000000,0.00000000,3,9282610,PS PDH
1431,1430,1431,1779408399,1779408399623,1,0,0.49000000,29522.25000000,-14.64000000,0.00000000,0.00000000,0.00000000,4,9282610,sl 29522.02
1432,1432,1432,1779751200,1779751200967,0,1,0.73000000,29821.09000000,0.00000000,-0.46000000,0.00000000,0.00000000,3,9282610,PS PDH
1433,1432,1433,1779752707,1779752707237,1,0,0.73000000,29840.73000000,-14.34000000,0.00000000,0.00000000,0.00000000,4,9282610,sl 29840.70
1434,1434,1434,1779754500,1779754500326,0,0,0.56000000,29783.63000000,0.00000000,-0.35000000,0.00000000,0.00000000,3,9282610,PS PDL
1435,1434,1435,1779757758,1779757758689,1,1,0.56000000,29757.96000000,-14.38000000,0.00000000,0.00000000,0.00000000,4,9282610,sl 29758.28
1436,1436,1436,1779804300,1779804300281,0,1,0.51000000,29947.36000000,0.00000000,-0.32000000,0.00000000,0.00000000,3,9282610,PS PDH
1437,1436,1437,1779804882,1779804882569,1,0,0.51000000,29974.86000000,-14.03000000,0.00000000,0.00000000,0.00000000,4,9282610,sl 29974.11
1438,1438,1438,1779842400,1779842400266,0,1,0.50000000,30052.98000000,0.00000000,-0.31000000,0.00000000,0.00000000,3,9282610,PS PDH
1439,1438,1439,1779842743,1779842743868,1,0,0.50000000,30082.17000000,-14.60000000,0.00000000,0.00000000,0.00000000,4,9282610,sl 30081.63
1440,1440,1440,1779946500,1779946500403,0,0,0.30000000,29842.59000000,0.00000000,-0.19000000,0.00000000,0.00000000,3,9282610,PS PDL
1441,1440,1441,1779955298,1779955298339,1,1,0.30000000,29935.54000000,27.89000000,0.00000000,0.00000000,0.00000000,5,9282610,tp 29935.42
1442,1442,1442,1780046700,1780046700216,0,1,0.59000000,30310.06000000,0.00000000,-0.37000000,0.00000000,0.00000000,3,9282610,PS PDH
1443,1442,1443,1780053407,1780053407889,1,0,0.59000000,30334.13000000,-14.20000000,0.00000000,0.00000000,0.00000000,4,9282610,sl 30333.68
1444,1444,1444,1780301400,1780301400439,0,1,0.66000000,30457.64000000,0.00000000,-0.41000000,0.00000000,0.00000000,3,9282610,PS PDH
1445,1444,1445,1780304392,1780304392277,1,0,0.66000000,30478.69000000,-13.89000000,0.00000000,0.00000000,0.00000000,4,9282610,sl 30478.46
1446,1446,1446,1780320900,1780320900240,0,0,0.20000000,30360.57000000,0.00000000,-0.13000000,0.00000000,0.00000000,3,9282610,PS PDL
1447,1446,1447,1780322395,1780322395584,1,1,0.20000000,30290.57000000,-14.00000000,0.00000000,0.00000000,0.00000000,4,9282610,sl 30290.82
1448,1448,1448,1780415700,1780415700341,0,1,3.63000000,30670.72000000,0.00000000,-2.27000000,0.00000000,0.00000000,3,9282610,PS PDH
1449,1448,1449,1780415751,1780415751980,1,0,3.63000000,30674.62000000,-14.16000000,0.00000000,0.00000000,0.00000000,4,9282610,sl 30674.42
1450,1450,1450,1780478700,1780478700231,0,1,0.54000000,30728.64000000,0.00000000,-0.34000000,0.00000000,0.00000000,3,9282610,PS PDH
1451,1450,1451,1780478889,1780478889206,1,0,0.54000000,30754.19000000,-13.80000000,0.00000000,0.00000000,0.00000000,4,9282610,sl 30754.05
1452,1452,1452,1780539600,1780539600481,0,0,0.51000000,30369.38000000,0.00000000,-0.32000000,0.00000000,0.00000000,3,9282610,PS PDL
1453,1452,1453,1780541292,1780541292189,1,1,0.51000000,30421.32000000,26.49000000,0.00000000,0.00000000,0.00000000,5,9282610,tp 30421.24
1454,1454,1454,1780620600,1780620600262,0,0,0.88000000,30155.44000000,0.00000000,-0.55000000,0.00000000,0.00000000,3,9282610,PS PDL
1455,1454,1455,1780620688,1780620688537,1,1,0.88000000,30140.05000000,-13.54000000,0.00000000,0.00000000,0.00000000,4,9282610,sl 30140.20
1456,1456,1456,1780882200,1780882200241,0,1,0.25000000,29076.89000000,0.00000000,-0.16000000,0.00000000,0.00000000,3,9282610,PS PDH
1457,1456,1457,1780882306,1780882306660,1,0,0.25000000,29130.95000000,-13.52000000,0.00000000,0.00000000,0.00000000,4,9282610,sl 29130.59
1458,1458,1458,1781029500,1781029500175,0,0,0.19000000,28974.54000000,0.00000000,-0.12000000,0.00000000,0.00000000,3,9282610,PS PDL
1459,1458,1459,1781029615,1781029615834,1,1,0.19000000,28903.85000000,-13.43000000,0.00000000,0.00000000,0.00000000,4,9282610,sl 28904.30
1460,1460,1460,1781199300,1781199300238,0,1,0.23000000,29219.77000000,0.00000000,-0.14000000,0.00000000,0.00000000,3,9282610,PS PDH
1461,1460,1461,1781199822,1781199822875,1,0,0.23000000,29275.82000000,-12.89000000,0.00000000,0.00000000,0.00000000,4,9282610,sl 29275.78
1462,1462,1462,1781223000,1781223000523,0,1,0.60000000,29595.74000000,0.00000000,-0.38000000,0.00000000,0.00000000,3,9282610,PS PDH
1463,1462,1463,1781224147,1781224147218,1,0,0.60000000,29625.29000000,-17.73000000,0.00000000,0.00000000,0.00000000,4,9282610,sl 29617.23
1464,1464,1464,1781601600,1781601600267,0,1,0.32000000,30621.28000000,0.00000000,-0.20000000,0.00000000,0.00000000,3,9282610,PS PDH
1465,1464,1465,1781606343,1781606343235,1,0,0.32000000,30661.27000000,-12.80000000,0.00000000,0.00000000,0.00000000,4,9282610,sl 30661.14
1466,1466,1466,1781651700,1781651700221,0,0,0.52000000,30092.07000000,0.00000000,-0.33000000,0.00000000,0.00000000,3,9282610,PS PDL
1467,1466,1467,1781653039,1781653039849,1,1,0.52000000,30068.21000000,-12.41000000,0.00000000,0.00000000,0.00000000,4,9282610,sl 30068.21
1468,1468,1468,1781720400,1781720400281,0,0,0.18000000,30064.01000000,0.00000000,-0.11000000,0.00000000,0.00000000,3,9282610,PS PDL
1469,1468,1469,1781720651,1781720651887,1,1,0.18000000,29994.86000000,-12.45000000,0.00000000,0.00000000,0.00000000,4,9282610,sl 29994.95
1470,1470,1470,1781789700,1781789700157,0,1,0.10000000,30226.41000000,0.00000000,-0.06000000,0.00000000,0.00000000,3,9282610,PS PDH
1471,1470,1471,1781792369,1781792369611,1,0,0.10000000,30357.32000000,-13.09000000,0.00000000,0.00000000,0.00000000,4,9282610,sl 30357.08
1472,1472,1472,1782085500,1782085500285,0,0,0.78000000,30137.71000000,0.00000000,-0.49000000,0.00000000,0.00000000,3,9282610,PS PDL
1473,1472,1473,1782085692,1782085692087,1,1,0.78000000,30121.96000000,-12.29000000,0.00000000,0.00000000,0.00000000,4,9282610,sl 30121.99
1474,1474,1474,1782093300,1782093300360,0,1,0.42000000,30369.65000000,0.00000000,-0.26000000,0.00000000,0.00000000,3,9282610,PS PDH
1475,1474,1475,1782097305,1782097305540,1,0,0.42000000,30311.62000000,24.37000000,0.00000000,0.00000000,0.00000000,5,9282610,tp 30312.07
1476,1476,1476,1782186900,1782186900193,0,0,0.32000000,30135.72000000,0.00000000,-0.20000000,0.00000000,0.00000000,3,9282610,PS PDL
1477,1476,1477,1782188159,1782188159430,1,1,0.32000000,30096.77000000,-12.46000000,0.00000000,0.00000000,0.00000000,4,9282610,sl 30097.01
1478,1478,1478,1782309000,1782309000152,0,0,0.13000000,29423.91000000,0.00000000,-0.08000000,0.00000000,0.00000000,3,9282610,PS PDL
1479,1478,1479,1782310806,1782310806540,1,1,0.13000000,29324.66000000,-12.90000000,0.00000000,0.00000000,0.00000000,4,9282610,sl 29326.88
1480,1480,1480,1782374100,1782374100194,0,1,1.50000000,29928.44000000,0.00000000,-0.94000000,0.00000000,0.00000000,3,9282610,PS PDH
1481,1480,1481,1782374226,1782374226978,1,0,1.50000000,29935.91000000,-11.21000000,0.00000000,0.00000000,0.00000000,4,9282610,sl 29935.87
1482,1482,1482,1782446100,1782446100711,0,0,0.16000000,29091.28000000,0.00000000,-0.10000000,0.00000000,0.00000000,3,9282610,PS PDL
1483,1482,1483,1782456395,1782456395189,1,1,0.16000000,29249.72000000,25.35000000,0.00000000,0.00000000,0.00000000,5,9282610,tp 29247.50
1484,1484,1484,1782714900,1782714900335,0,1,2.28000000,29458.04000000,0.00000000,-1.43000000,0.00000000,0.00000000,3,9282610,PS PDH
1485,1484,1485,1782714953,1782714953953,1,0,2.28000000,29446.88000000,25.44000000,0.00000000,0.00000000,0.00000000,5,9282610,tp 29447.40
1486,1486,1486,1782742800,1782742800161,0,0,0.12000000,29162.98000000,0.00000000,-0.08000000,0.00000000,0.00000000,3,9282610,PS PDL
1487,1486,1487,1782743496,1782743496775,1,1,0.12000000,29376.68000000,25.64000000,0.00000000,0.00000000,0.00000000,5,9282610,tp 29376.33
1488,1488,1488,1782778200,1782778200151,0,1,0.44000000,29833.18000000,0.00000000,-0.28000000,0.00000000,0.00000000,3,9282610,PS PDH
1489,1488,1489,1782778365,1782778365617,1,0,0.44000000,29864.96000000,-13.98000000,0.00000000,0.00000000,0.00000000,4,9282610,sl 29863.68
1490,1490,1490,1782951900,1782951900512,0,0,0.19000000,29829.35000000,0.00000000,-0.12000000,0.00000000,0.00000000,3,9282610,PS PDL
1491,1490,1491,1782954555,1782954555537,1,1,0.19000000,29965.69000000,25.90000000,0.00000000,0.00000000,0.00000000,5,9282610,tp 29965.33
1492,1492,1492,1783289100,1783289100244,0,1,0.15000000,29684.81000000,0.00000000,-0.09000000,0.00000000,0.00000000,3,9282610,PS PDH
1493,1492,1493,1783293171,1783293171775,1,0,0.15000000,29774.76000000,-13.49000000,0.00000000,0.00000000,0.00000000,4,9282610,sl 29774.46
1494,1494,1494,1783298100,1783298100684,0,0,0.24000000,29693.76000000,0.00000000,-0.15000000,0.00000000,0.00000000,3,9282610,PS PDL
1495,1494,1495,1783301021,1783301021285,1,1,0.24000000,29640.24000000,-12.84000000,0.00000000,0.00000000,0.00000000,4,9282610,sl 29640.68
1496,1496,1496,1783347600,1783347600195,0,1,0.36000000,29803.49000000,0.00000000,-0.23000000,0.00000000,0.00000000,3,9282610,PS PDH
1497,1496,1497,1783348374,1783348374969,1,0,0.36000000,29838.46000000,-12.59000000,0.00000000,0.00000000,0.00000000,4,9282610,sl 29838.10
1498,1498,1498,1783395000,1783395000383,0,0,2.38000000,29483.63000000,0.00000000,-1.49000000,0.00000000,0.00000000,3,9282610,PS PDL
1499,1498,1499,1783395001,1783395001946,1,1,2.38000000,29478.54000000,-12.11000000,0.00000000,0.00000000,0.00000000,4,9282610,sl 29478.86
1500,1500,1500,1783515300,1783515300273,0,0,0.30000000,29020.72000000,0.00000000,-0.19000000,0.00000000,0.00000000,3,9282610,PS PDL
1501,1500,1501,1783515429,1783515429456,1,1,0.30000000,28978.78000000,-12.58000000,0.00000000,0.00000000,0.00000000,4,9282610,sl 28979.15
1502,1502,1502,1783556400,1783556400552,0,1,0.29000000,29328.97000000,0.00000000,-0.18000000,0.00000000,0.00000000,3,9282610,PS PDH
1503,1502,1503,1783557005,1783557005020,1,0,0.29000000,29372.09000000,-12.50000000,0.00000000,0.00000000,0.00000000,4,9282610,sl 29371.56
1504,1504,1504,1783697700,1783697700263,0,1,1.32000000,29790.16000000,0.00000000,-0.83000000,0.00000000,0.00000000,3,9282610,PS PDH
1505,1504,1505,1783697733,1783697733054,1,0,1.32000000,29771.29000000,24.91000000,0.00000000,0.00000000,0.00000000,5,9282610,tp 29771.51
1506,1506,1506,1783901100,1783901100283,0,1,0.63000000,29784.36000000,0.00000000,-0.39000000,0.00000000,0.00000000,3,9282610,PS PDH
1507,1506,1507,1783901210,1783901210094,1,0,0.63000000,29804.08000000,-12.42000000,0.00000000,0.00000000,0.00000000,4,9282610,sl 29803.92
1508,1508,1508,1783987800,1783987800220,0,0,0.36000000,29189.19000000,0.00000000,-0.23000000,0.00000000,0.00000000,3,9282610,PS PDL
1509,1508,1509,1783987839,1783987839318,1,1,0.36000000,29251.75000000,22.52000000,0.00000000,0.00000000,0.00000000,5,9282610,tp 29251.44
1510,1510,1510,1784075100,1784075100443,0,1,0.53000000,29737.84000000,0.00000000,-0.33000000,0.00000000,0.00000000,3,9282610,PS PDH
1511,1510,1511,1784076174,1784076174217,1,0,0.53000000,29690.76000000,24.95000000,0.00000000,0.00000000,0.00000000,5,9282610,tp 29691.12
1512,1512,1512,1784202901,1784202901800,0,0,0.31000000,29255.81000000,0.00000000,-0.19000000,0.00000000,0.00000000,3,9282610,PS PDL
1513,1512,1513,1784204676,1784204676661,1,1,0.31000000,29214.45000000,-12.82000000,0.00000000,0.00000000,0.00000000,4,9282610,sl 29214.59
1514,1514,1514,1784247000,1784247000342,0,0,1.08000000,28900.50000000,0.00000000,-0.68000000,0.00000000,0.00000000,3,9282610,PS PDL
1515,1514,1515,1784247026,1784247026200,1,1,1.08000000,28889.90000000,-11.45000000,0.00000000,0.00000000,0.00000000,4,9282610,sl 28890.28
1516,1516,1516,1784508900,1784508900727,0,1,0.58000000,28705.19000000,0.00000000,-0.36000000,0.00000000,0.00000000,3,9282610,PS PDH
1517,1516,1517,1784508975,1784508975903,1,0,0.58000000,28726.79000000,-12.53000000,0.00000000,0.00000000,0.00000000,4,9282610,sl 28726.45
1518,1518,1518,1784625900,1784625900445,0,1,0.93000000,29030.25000000,0.00000000,-0.58000000,0.00000000,0.00000000,3,9282610,PS PDH
1519,1518,1519,1784626617,1784626617100,1,0,0.93000000,29003.91000000,24.50000000,0.00000000,0.00000000,0.00000000,5,9282610,tp 29003.95
1520,1520,1520,1784790900,1784790900286,0,0,0.30000000,28859.62000000,0.00000000,-0.19000000,0.00000000,0.00000000,3,9282610,PS PDL
1521,1520,1521,1784792537,1784792537182,1,1,0.30000000,28815.51000000,-13.23000000,0.00000000,0.00000000,0.00000000,4,9282610,sl 28815.80
1522,1522,1522,1784905200,1784905200217,0,0,0.13000000,28313.99000000,0.00000000,-0.08000000,0.00000000,0.00000000,3,9282610,PS PDL
1523,1522,1523,1784917675,1784917675144,1,1,0.13000000,28211.32000000,-13.35000000,0.00000000,0.00000000,0.00000000,4,9282610,sl 28211.79
1524,1524,1524,1785110700,1785110700234,0,1,0.12000000,28495.07000000,0.00000000,-0.08000000,0.00000000,0.00000000,3,9282610,PS PDH
1525,1524,1525,1785141734,1785141734426,1,0,0.12000000,28604.11000000,-13.08000000,0.00000000,0.00000000,0.00000000,4,9282610,sl 28603.32
1526,1526,1526,1785159300,1785159300154,0,0,0.25000000,28408.74000000,0.00000000,-0.16000000,0.00000000,0.00000000,3,9282610,PS PDL
1527,1526,1527,1785159754,1785159754738,1,1,0.25000000,28358.56000000,-12.55000000,0.00000000,0.00000000,0.00000000,4,9282610,sl 28358.56
1528,1528,1528,1785208500,1785208500256,0,0,0.33000000,27841.75000000,0.00000000,-0.21000000,0.00000000,0.00000000,3,9282610,PS PDL
1529,1528,1529,1785208970,1785208970596,1,1,0.33000000,27915.66000000,24.39000000,0.00000000,0.00000000,0.00000000,5,9282610,tp 27915.43
1530,1530,1530,1785335700,1785335700259,0,0,0.23000000,27495.50000000,0.00000000,-0.14000000,0.00000000,0.00000000,3,9282610,PS PDL
1531,1530,1531,1785335984,1785335984573,1,1,0.23000000,27443.01000000,-12.07000000,0.00000000,0.00000000,0.00000000,4,9282610,sl 27443.49
1532,1532,1532,1785420300,1785420300192,0,1,0.52000000,28043.91000000,0.00000000,-0.33000000,0.00000000,0.00000000,3,9282610,PS PDH
1533,1532,1533,1785420474,1785420474579,1,0,0.52000000,27996.60000000,24.60000000,0.00000000,0.00000000,0.00000000,5,9282610,tp 27997.39
1534,1534,1534,1785456600,1785456600277,0,1,0.91000000,28326.47000000,0.00000000,-0.57000000,0.00000000,0.00000000,3,9282610,PS PDH
1535,1534,1535,1785456791,1785456791291,1,0,0.91000000,28341.14000000,-13.35000000,0.00000000,0.00000000,0.00000000,4,9282610,sl 28340.97
1536,1536,1536,1785717000,1785717000247,0,0,0.65000000,28448.39000000,0.00000000,-0.41000000,0.00000000,0.00000000,3,9282610,PS PDL
1537,1536,1537,1785717358,1785717358410,1,1,0.65000000,28487.65000000,25.52000000,0.00000000,0.00000000,0.00000000,5,9282610,tp 28487.50
1538,1538,1538,1785723000,1785723000663,0,1,0.61000000,28533.47000000,0.00000000,-0.38000000,0.00000000,0.00000000,3,9282610,PS PDH
1539,1538,1539,1785723224,1785723224489,1,0,0.61000000,28554.14000000,-12.61000000,0.00000000,0.00000000,0.00000000,4,9282610,sl 28553.72
1540,1540,1540,1785801900,1785801900251,0,1,1.32000000,28865.06000000,0.00000000,-0.83000000,0.00000000,0.00000000,3,9282610,PS PDH
1541,1540,1541,1785802036,1785802036832,1,0,1.32000000,28845.32000000,26.06000000,0.00000000,0.00000000,0.00000000,5,9282610,tp 28845.58
1542,1542,1542,1785911100,1785911100306,0,1,0.35000000,29836.20000000,0.00000000,-0.22000000,0.00000000,0.00000000,3,9282610,PS PDH
1543,1542,1543,1785913250,1785913250902,1,0,0.35000000,29873.45000000,-13.04000000,0.00000000,0.00000000,0.00000000,4,9282610,sl 29872.71
1544,1544,1544,1786105800,1786105800154,0,1,0.84000000,29575.93000000,0.00000000,-0.53000000,0.00000000,0.00000000,3,9282610,PS PDH
1545,1544,1545,1786105801,1786105801271,1,0,0.84000000,29589.09000000,-11.05000000,0.00000000,0.00000000,0.00000000,4,9282610,sl 29588.45
1546,1546,1546,1786313400,1786313400478,0,1,0.75000000,29761.70000000,0.00000000,-0.47000000,0.00000000,0.00000000,3,9282610,PS PDH
1547,1546,1547,1786313765,1786313765921,1,0,0.75000000,29728.21000000,25.12000000,0.00000000,0.00000000,0.00000000,5,9282610,tp 29728.68
1548,1548,1548,1786320300,1786320300314,0,0,0.45000000,29735.20000000,0.00000000,-0.28000000,0.00000000,0.00000000,3,9282610,PS PDL
1549,1548,1549,1786320535,1786320535190,1,1,0.45000000,29791.19000000,25.20000000,0.00000000,0.00000000,0.00000000,5,9282610,tp 29791.18
1550,1550,1550,1786320900,1786320900339,0,1,0.96000000,29802.70000000,0.00000000,-0.60000000,0.00000000,0.00000000,3,9282610,PS PDH
1551,1550,1551,1786321285,1786321285440,1,0,0.96000000,29775.95000000,25.68000000,0.00000000,0.00000000,0.00000000,5,9282610,tp 29776.22
1552,1552,1552,1786406700,1786406700235,0,0,0.63000000,29600.45000000,0.00000000,-0.39000000,0.00000000,0.00000000,3,9282610,PS PDL
1553,1552,1553,1786407089,1786407089239,1,1,0.63000000,29642.45000000,26.46000000,0.00000000,0.00000000,0.00000000,5,9282610,tp 29641.97
1554,1554,1554,1786541700,1786541700158,0,1,0.11000000,29793.66000000,0.00000000,-0.07000000,0.00000000,0.00000000,3,9282610,PS PDH
1555,1554,1555,1786578600,1786578600511,1,0,0.11000000,29715.21000000,8.63000000,0.00000000,0.00000000,0.00000000,3,9282610,
1556,1556,1556,1786709100,1786709100262,0,1,0.79000000,30182.26000000,0.00000000,-0.49000000,0.00000000,0.00000000,3,9282610,PS PDH
1557,1556,1557,1786709611,1786709611077,1,0,0.79000000,30145.96000000,28.68000000,0.00000000,0.00000000,0.00000000,5,9282610,tp 30148.78
1558,1558,1558,1786929000,1786929000258,0,1,1.94000000,30154.65000000,0.00000000,-1.21000000,0.00000000,0.00000000,3,9282610,PS PDH
1559,1558,1559,1786929340,1786929340537,1,0,1.94000000,30140.65000000,27.16000000,0.00000000,0.00000000,0.00000000,5,9282610,tp 30140.65
1560,1560,1560,1786975800,1786975800259,0,0,0.39000000,30125.64000000,0.00000000,-0.24000000,0.00000000,0.00000000,3,9282610,PS PDL
1561,1560,1561,1786976665,1786976665010,1,1,0.39000000,30087.15000000,-15.01000000,0.00000000,0.00000000,0.00000000,4,9282610,sl 30089.64
1562,1562,1562,1787099400,1787099400156,0,0,0.45000000,29465.50000000,0.00000000,-0.28000000,0.00000000,0.00000000,3,9282610,PS PDL
1563,1562,1563,1787101657,1787101657479,1,1,0.45000000,29527.50000000,27.90000000,0.00000000,0.00000000,0.00000000,5,9282610,tp 29527.27
1564,1564,1564,1787226600,1787226600173,0,0,1.14000000,29318.75000000,0.00000000,-0.71000000,0.00000000,0.00000000,3,9282610,PS PDL
1565,1564,1565,1787226900,1787226900327,1,1,1.14000000,29304.37000000,-16.39000000,0.00000000,0.00000000,0.00000000,4,9282610,sl 29307.75
1566,1566,1566,1787537400,1787537400262,0,0,0.71000000,29264.39000000,0.00000000,-0.44000000,0.00000000,0.00000000,3,9282610,PS PDL
1567,1566,1567,1787537747,1787537747256,1,1,0.71000000,29303.65000000,27.87000000,0.00000000,0.00000000,0.00000000,5,9282610,tp 29303.39
1568,1568,1568,1787789100,1787789100237,0,1,0.35000000,29572.15000000,0.00000000,-0.22000000,0.00000000,0.00000000,3,9282610,PS PDH
1569,1568,1569,1787790868,1787790868356,1,0,0.35000000,29489.90000000,28.79000000,0.00000000,0.00000000,0.00000000,5,9282610,tp 29490.13
1570,1570,1570,1787887800,1787887800180,0,1,2.13000000,29660.40000000,0.00000000,-1.33000000,0.00000000,0.00000000,3,9282610,PS PDH
1571,1570,1571,1787888038,1787888038389,1,0,2.13000000,29645.65000000,31.42000000,0.00000000,0.00000000,0.00000000,5,9282610,tp 29645.65
1572,1572,1572,1788134700,1788134700312,0,0,0.81000000,29261.95000000,0.00000000,-0.51000000,0.00000000,0.00000000,3,9282610,PS PDL
1573,1572,1573,1788135163,1788135163285,1,1,0.81000000,29298.44000000,29.56000000,0.00000000,0.00000000,0.00000000,5,9282610,tp 29298.20
1574,1574,1574,1788241800,1788241800244,0,1,1.39000000,29499.05000000,0.00000000,-0.87000000,0.00000000,0.00000000,3,9282610,PS PDH
1575,1574,1575,1788241977,1788241977849,1,0,1.39000000,29510.79000000,-16.32000000,0.00000000,0.00000000,0.00000000,4,9282610,sl 29510.31
1576,1576,1576,1788277500,1788277500255,0,0,0.70000000,29260.12000000,0.00000000,-0.44000000,0.00000000,0.00000000,3,9282610,PS PDL
1577,1576,1577,1788278793,1788278793647,1,1,0.70000000,29240.01000000,-14.08000000,0.00000000,0.00000000,0.00000000,4,9282610,sl 29240.04
1578,1578,1578,1788339900,1788339900288,0,0,0.42000000,28986.00000000,0.00000000,-0.26000000,0.00000000,0.00000000,3,9282610,PS PDL
1579,1578,1579,1788340493,1788340493832,1,1,0.42000000,28950.26000000,-15.01000000,0.00000000,0.00000000,0.00000000,4,9282610,sl 28950.74
1580,1580,1580,1788411600,1788411600326,0,1,1.38000000,29185.75000000,0.00000000,-0.86000000,0.00000000,0.00000000,3,9282610,PS PDH
1581,1580,1581,1788411796,1788411796145,1,0,1.38000000,29164.75000000,28.98000000,0.00000000,0.00000000,0.00000000,5,9282610,tp 29164.98
1582,1582,1582,1788495900,1788495900234,0,1,8.33000000,29559.26000000,0.00000000,-5.21000000,0.00000000,0.00000000,3,9282610,PS PDH
1583,1582,1583,1788495917,1788495917406,1,0,8.33000000,29557.01000000,18.74000000,0.00000000,0.00000000,0.00000000,5,9282610,tp 29557.21
1584,1584,1584,1788743100,1788743100217,0,0,0.42000000,29558.75000000,0.00000000,-0.26000000,0.00000000,0.00000000,3,9282610,PS PDL
1585,1584,1585,1788761566,1788761566462,1,1,0.42000000,29630.99000000,30.34000000,0.00000000,0.00000000,0.00000000,5,9282610,tp 29630.52
1586,1586,1586,1788831600,1788831600376,0,1,1.65000000,29670.50000000,0.00000000,-1.03000000,0.00000000,0.00000000,3,9282610,PS PDH
1587,1586,1587,1788832195,1788832195040,1,0,1.65000000,29680.99000000,-17.31000000,0.00000000,0.00000000,0.00000000,4,9282610,sl 29680.75
1588,1588,1588,1788858600,1788858600292,0,0,0.69000000,29522.00000000,0.00000000,-0.43000000,0.00000000,0.00000000,3,9282610,PS PDL
1589,1588,1589,1788860352,1788860352710,1,1,0.69000000,29566.25000000,30.53000000,0.00000000,0.00000000,0.00000000,5,9282610,tp 29565.77
1590,1590,1590,1788949200,1788949200262,0,0,0.41000000,29419.00000000,0.00000000,-0.26000000,0.00000000,0.00000000,3,9282610,PS PDL
1591,1590,1591,1788950945,1788950945348,1,1,0.41000000,29380.28000000,-15.88000000,0.00000000,0.00000000,0.00000000,4,9282610,sl 29380.49
1592,1592,1592,1789038900,1789038900386,0,0,1.01000000,29344.40000000,0.00000000,-0.63000000,0.00000000,0.00000000,3,9282610,PS PDL
1593,1592,1593,1789040859,1789040859471,1,1,1.01000000,29329.15000000,-15.40000000,0.00000000,0.00000000,0.00000000,4,9282610,sl 29329.15
1594,1594,1594,1789099500,1789099500290,0,0,0.49000000,29075.25000000,0.00000000,-0.31000000,0.00000000,0.00000000,3,9282610,PS PDL
1595,1594,1595,1789101613,1789101613623,1,1,0.49000000,29137.25000000,30.38000000,0.00000000,0.00000000,0.00000000,5,9282610,tp 29137.02
1596,1596,1596,1789338000,1789338000155,0,0,0.57000000,29051.00000000,0.00000000,-0.36000000,0.00000000,0.00000000,3,9282610,PS PDL
1597,1596,1597,1789338846,1789338846235,1,1,0.57000000,29105.25000000,30.92000000,0.00000000,0.00000000,0.00000000,5,9282610,tp 29105.00
1598,1598,1598,1789393800,1789393800151,0,0,0.19000000,29043.70000000,0.00000000,-0.12000000,0.00000000,0.00000000,3,9282610,PS PDL
1599,1598,1599,1789400505,1789400505251,1,1,0.19000000,29212.50000000,32.07000000,0.00000000,0.00000000,0.00000000,5,9282610,tp 29211.87
1600,1600,1600,1789572900,1789572900194,0,1,0.77000000,29215.30000000,0.00000000,-0.48000000,0.00000000,0.00000000,3,9282610,PS PDH
1601,1600,1601,1789573630,1789573630460,1,0,0.77000000,29235.51000000,-15.56000000,0.00000000,0.00000000,0.00000000,4,9282610,sl 29232.76
1602,1602,1602,1789588200,1789588200152,0,0,0.30000000,28954.35000000,0.00000000,-0.19000000,0.00000000,0.00000000,3,9282610,PS PDL
1603,1602,1603,1789597577,1789597577548,1,1,0.30000000,29050.74000000,28.92000000,0.00000000,0.00000000,0.00000000,5,9282610,tp 29050.52
1604,1604,1604,1789630800,1789630800176,0,1,3.37000000,29268.80000000,0.00000000,-2.11000000,0.00000000,0.00000000,3,9282610,PS PDH
1605,1604,1605,1789631132,1789631132182,1,0,3.37000000,29259.06000000,32.82000000,0.00000000,0.00000000,0.00000000,5,9282610,tp 29259.28
1606,1606,1606,1789734000,1789734000308,0,1,0.89000000,29514.50000000,0.00000000,-0.56000000,0.00000000,0.00000000,3,9282610,PS PDH
1607,1606,1607,1789738080,1789738080212,1,0,0.89000000,29533.75000000,-17.13000000,0.00000000,0.00000000,0.00000000,4,9282610,sl 29533.01
1608,1608,1608,1789943100,1789943100419,0,1,1.06000000,29727.75000000,0.00000000,-0.66000000,0.00000000,0.00000000,3,9282610,PS PDH
1609,1608,1609,1789943473,1789943473855,1,0,1.06000000,29742.74000000,-15.89000000,0.00000000,0.00000000,0.00000000,4,9282610,sl 29742.51
1610,1610,1610,1789950000,1789950000176,0,1,0.77000000,29771.00000000,0.00000000,-0.48000000,0.00000000,0.00000000,3,9282610,PS PDH
1611,1610,1611,1789950138,1789950138161,1,0,0.77000000,29792.49000000,-16.55000000,0.00000000,0.00000000,0.00000000,4,9282610,sl 29792.26
1612,1612,1612,1790050200,1790050200206,0,1,0.80000000,30590.25000000,0.00000000,-0.50000000,0.00000000,0.00000000,3,9282610,PS PDH
1613,1612,1613,1790050291,1790050291219,1,0,0.80000000,30609.74000000,-15.59000000,0.00000000,0.00000000,0.00000000,4,9282610,sl 30609.51
1614,1614,1614,1790146500,1790146500167,0,1,0.93000000,30814.30000000,0.00000000,-0.58000000,0.00000000,0.00000000,3,9282610,PS PDH
1615,1614,1615,1790147366,1790147366400,1,0,0.93000000,30780.05000000,31.85000000,0.00000000,0.00000000,0.00000000,5,9282610,tp 30780.28
1616,1616,1616,1790173500,1790173500171,0,0,0.57000000,30424.79000000,0.00000000,-0.36000000,0.00000000,0.00000000,3,9282610,PS PDL
1617,1616,1617,1790173590,1790173590263,1,1,0.57000000,30396.31000000,-16.23000000,0.00000000,0.00000000,0.00000000,4,9282610,sl 30396.41
1618,1618,1618,1790266800,1790266800152,0,0,0.13000000,30436.95000000,0.00000000,-0.08000000,0.00000000,0.00000000,3,9282610,PS PDL
1619,1618,1619,1790293800,1790293800264,1,1,0.13000000,30459.05000000,2.87000000,0.00000000,0.00000000,0.00000000,3,9282610,
1620,1620,1620,1790343000,1790343000153,0,1,0.39000000,30574.81000000,0.00000000,-0.24000000,0.00000000,0.00000000,3,9282610,PS PDH
1621,1620,1621,1790343326,1790343326191,1,0,0.39000000,30619.05000000,-17.25000000,0.00000000,0.00000000,0.00000000,4,9282610,sl 30618.81
