deal,position,order,time,time_msc,entry,type,volume,price,profit,commission,swap,fee,reason,magic,comment
1,0,0,1691884800,1691884800000,0,2,0.00000000,0.00000000,10000.00000000,0.00000000,0.00000000,0.00000000,0,0,
2,2,2,1695810000,1695810000150,0,1,2.41000000,26383.26000000,0.00000000,-10.54000000,0.00000000,0.00000000,3,9282610,PS PDH
3,2,3,1695810867,1695810867906,1,0,2.41000000,26425.31000000,-101.34000000,0.00000000,0.00000000,0.00000000,4,9282610,sl 26424.85
4,4,4,1695913200,1695913200150,0,1,0.93000000,26794.27000000,0.00000000,-4.07000000,0.00000000,0.00000000,3,9282610,PS PDH
5,4,5,1695913876,1695913876071,1,0,0.93000000,26901.25000000,-99.49000000,0.00000000,0.00000000,0.00000000,4,9282610,sl 26900.88
6,6,6,1696141200,1696141200150,0,1,6.43000000,27088.39000000,0.00000000,-28.13000000,0.00000000,0.00000000,3,9282610,PS PDH
7,6,7,1696141492,1696141492000,1,0,6.43000000,27103.62000000,-97.93000000,0.00000000,0.00000000,0.00000000,4,9282610,sl 27103.62
8,8,8,1696221000,1696221000150,0,1,4.21000000,28044.39000000,0.00000000,-18.42000000,0.00000000,0.00000000,3,9282610,PS PDH
9,8,9,1696221336,1696221336144,1,0,4.21000000,28068.31000000,-100.71000000,0.00000000,0.00000000,0.00000000,4,9282610,sl 28067.35
10,10,10,1696344900,1696344900150,0,0,0.94000000,27349.37000000,0.00000000,-4.11000000,0.00000000,0.00000000,3,9282610,PS PDL
11,10,11,1696348453,1696348453181,1,1,0.94000000,27246.97000000,-96.26000000,0.00000000,0.00000000,0.00000000,4,9282610,sl 27247.54
12,12,12,1696448400,1696448400150,0,1,0.56000000,27548.37000000,0.00000000,-2.45000000,0.00000000,0.00000000,3,9282610,PS PDH
13,12,13,1696450599,1696450599047,1,0,0.56000000,27720.27000000,-96.26000000,0.00000000,0.00000000,0.00000000,4,9282610,sl 27719.26
14,14,14,1696467600,1696467600150,0,1,1.50000000,27802.47000000,0.00000000,-6.56000000,0.00000000,0.00000000,3,9282610,PS PDH
15,14,15,1696473216,1696473216562,1,0,1.50000000,27677.39000000,187.62000000,0.00000000,0.00000000,0.00000000,5,9282610,tp 27677.69
16,16,16,1696597800,1696597800150,0,0,1.32000000,27380.86000000,0.00000000,-5.78000000,0.00000000,0.00000000,3,9282610,PS PDL
17,16,17,1696599157,1696599157159,1,1,1.32000000,27526.47000000,192.20000000,0.00000000,0.00000000,0.00000000,5,9282610,tp 27525.54
18,18,18,1696629600,1696629600150,0,1,1.28000000,28048.42000000,0.00000000,-5.60000000,0.00000000,0.00000000,3,9282610,PS PDH
19,18,19,1696630469,1696630469999,1,0,1.28000000,28125.30000000,-98.40000000,0.00000000,0.00000000,0.00000000,4,9282610,sl 28124.31
20,20,20,1696730100,1696730100150,0,1,3.80000000,27985.57000000,0.00000000,-16.63000000,0.00000000,0.00000000,3,9282610,PS PDH
21,20,21,1696730365,1696730365599,1,0,3.80000000,28011.38000000,-98.07000000,0.00000000,0.00000000,0.00000000,4,9282610,sl 28010.87
22,22,22,1696761600,1696761600150,0,0,2.00000000,27858.07000000,0.00000000,-8.75000000,0.00000000,0.00000000,3,9282610,PS PDL
23,22,23,1696761759,1696761759729,1,1,2.00000000,27810.25000000,-95.64000000,0.00000000,0.00000000,0.00000000,4,9282610,sl 27810.55
24,24,24,1696964400,1696964400150,0,0,1.39000000,27352.25000000,0.00000000,-6.08000000,0.00000000,0.00000000,3,9282610,PS PDL
25,24,25,1696981800,1696981800150,1,1,1.39000000,27409.55000000,79.64000000,0.00000000,0.00000000,0.00000000,3,9282610,
26,26,26,1697019900,1697019900150,0,0,2.44000000,27294.37000000,0.00000000,-10.68000000,0.00000000,0.00000000,3,9282610,PS PDL
27,26,27,1697020240,1697020240961,1,1,2.44000000,27254.54000000,-97.18000000,0.00000000,0.00000000,0.00000000,4,9282610,sl 27255.54
28,28,28,1697202300,1697202300150,0,1,1.20000000,26859.89000000,0.00000000,-5.25000000,0.00000000,0.00000000,3,9282610,PS PDH
29,28,29,1697210618,1697210618125,1,0,1.20000000,26703.26000000,187.96000000,0.00000000,0.00000000,0.00000000,5,9282610,tp 26703.59
30,30,30,1697391300,1697391300150,0,1,1.66000000,26951.27000000,0.00000000,-7.26000000,0.00000000,0.00000000,3,9282610,PS PDH
31,30,31,1697394915,1697394915590,1,0,1.66000000,27008.87000000,-95.61000000,0.00000000,0.00000000,0.00000000,4,9282610,sl 27008.71
32,32,32,1697612700,1697612700150,0,1,1.01000000,28561.38000000,0.00000000,-4.42000000,0.00000000,0.00000000,3,9282610,PS PDH
33,32,33,1697623161,1697623161067,1,0,1.01000000,28372.97000000,190.29000000,0.00000000,0.00000000,0.00000000,5,9282610,tp 28373.66
34,34,34,1697680200,1697680200150,0,0,1.19000000,28199.96000000,0.00000000,-5.21000000,0.00000000,0.00000000,3,9282610,PS PDL
35,34,35,1697707824,1697707824146,1,1,1.19000000,28362.17000000,193.03000000,0.00000000,0.00000000,0.00000000,5,9282610,tp 28361.84
36,36,36,1697911500,1697911500150,0,1,0.42000000,30095.70000000,0.00000000,-1.84000000,0.00000000,0.00000000,3,9282610,PS PDH
37,36,37,1697932200,1697932200150,1,0,0.42000000,29895.99000000,83.87000000,0.00000000,0.00000000,0.00000000,3,9282610,
38,38,38,1698027300,1698027300150,0,1,2.68000000,30177.11000000,0.00000000,-11.73000000,0.00000000,0.00000000,3,9282610,PS PDH
39,38,39,1698027340,1698027340481,1,0,2.68000000,30214.61000000,-100.50000000,0.00000000,0.00000000,0.00000000,4,9282610,sl 30214.01
40,40,40,1698110700,1698110700150,0,1,1.26000000,33680.49000000,0.00000000,-5.51000000,0.00000000,0.00000000,3,9282610,PS PDH
41,40,41,1698111396,1698111396964,1,0,1.26000000,33524.20000000,196.93000000,0.00000000,0.00000000,0.00000000,5,9282610,tp 33524.95
42,42,42,1698438000,1698438000150,0,0,1.65000000,33755.95000000,0.00000000,-7.22000000,0.00000000,0.00000000,3,9282610,PS PDL
43,42,43,1698449712,1698449712567,1,1,1.65000000,33878.28000000,201.84000000,0.00000000,0.00000000,0.00000000,5,9282610,tp 33877.33
44,44,44,1698493200,1698493200150,0,1,0.60000000,34218.19000000,0.00000000,-2.63000000,0.00000000,0.00000000,3,9282610,PS PDH
45,44,45,1698537000,1698537000150,1,0,0.60000000,34095.45000000,73.64000000,0.00000000,0.00000000,0.00000000,3,9282610,
46,46,46,1698585300,1698585300150,0,1,0.77000000,34380.11000000,0.00000000,-3.37000000,0.00000000,0.00000000,3,9282610,PS PDH
47,46,47,1698591636,1698591636279,1,0,0.77000000,34513.17000000,-102.46000000,0.00000000,0.00000000,0.00000000,4,9282610,sl 34513.16
48,48,48,1698668700,1698668700150,0,1,2.72000000,34710.90000000,0.00000000,-11.90000000,0.00000000,0.00000000,3,9282610,PS PDH
49,48,49,1698668790,1698668790000,1,0,2.72000000,34748.80000000,-103.09000000,0.00000000,0.00000000,0.00000000,4,9282610,sl 34748.26
50,50,50,1698739500,1698739500150,0,0,6.12000000,34087.46000000,0.00000000,-26.78000000,0.00000000,0.00000000,3,9282610,PS PDL
51,50,51,1698739596,1698739596666,1,1,6.12000000,34070.80000000,-101.96000000,0.00000000,0.00000000,0.00000000,4,9282610,sl 34071.09
52,52,52,1698845700,1698845700150,0,1,0.43000000,34522.25000000,0.00000000,-1.88000000,0.00000000,0.00000000,3,9282610,PS PDH
53,52,53,1698870142,1698870142173,1,0,0.43000000,34755.39000000,-100.25000000,0.00000000,0.00000000,0.00000000,4,9282610,sl 34755.19
54,54,54,1698885000,1698885000150,0,1,1.01000000,35510.98000000,0.00000000,-4.42000000,0.00000000,0.00000000,3,9282610,PS PDH
55,54,55,1698889466,1698889466285,1,0,1.01000000,35609.64000000,-99.65000000,0.00000000,0.00000000,0.00000000,4,9282610,sl 35608.59
56,56,56,1699001400,1699001400150,0,0,0.58000000,34400.55000000,0.00000000,-2.54000000,0.00000000,0.00000000,3,9282610,PS PDL
57,56,57,1699004345,1699004345156,1,1,0.58000000,34231.76000000,-97.90000000,0.00000000,0.00000000,0.00000000,4,9282610,sl 34231.93
58,58,58,1699078500,1699078500150,0,1,1.53000000,34889.88000000,0.00000000,-6.69000000,0.00000000,0.00000000,3,9282610,PS PDH
59,58,59,1699079059,1699079059448,1,0,1.53000000,34763.51000000,193.35000000,0.00000000,0.00000000,0.00000000,5,9282610,tp 34764.54
60,60,60,1699157400,1699157400150,0,1,2.12000000,35251.94000000,0.00000000,-9.28000000,0.00000000,0.00000000,3,9282610,PS PDH
61,60,61,1699159297,1699159297741,1,0,2.12000000,35158.67000000,197.73000000,0.00000000,0.00000000,0.00000000,5,9282610,tp 35159.44
62,62,62,1699221300,1699221300150,0,0,0.54000000,34642.68000000,0.00000000,-2.36000000,0.00000000,0.00000000,3,9282610,PS PDL
63,62,63,1699225180,1699225180000,1,1,0.54000000,35016.99000000,202.12000000,0.00000000,0.00000000,0.00000000,5,9282610,tp 35015.74
64,64,64,1699350000,1699350000150,0,0,4.45000000,34771.00000000,0.00000000,-19.47000000,0.00000000,0.00000000,3,9282610,PS PDL
65,64,65,1699350004,1699350004883,1,1,4.45000000,34747.08000000,-106.44000000,0.00000000,0.00000000,0.00000000,4,9282610,sl 34748.15
66,66,66,1699380900,1699380900150,0,1,1.60000000,35266.65000000,0.00000000,-7.00000000,0.00000000,0.00000000,3,9282610,PS PDH
67,66,67,1699380927,1699380927966,1,0,1.60000000,35331.82000000,-104.27000000,0.00000000,0.00000000,0.00000000,4,9282610,sl 35329.69
68,68,68,1699482300,1699482300150,0,1,0.52000000,35723.94000000,0.00000000,-2.28000000,0.00000000,0.00000000,3,9282610,PS PDH
69,68,69,1699487111,1699487111760,1,0,0.52000000,35919.31000000,-101.59000000,0.00000000,0.00000000,0.00000000,4,9282610,sl 35918.08
70,70,70,1699548000,1699548000150,0,1,0.20000000,35954.18000000,0.00000000,-0.88000000,0.00000000,0.00000000,3,9282610,PS PDH
71,70,71,1699548636,1699548636972,1,0,0.20000000,36455.71000000,-100.30000000,0.00000000,0.00000000,0.00000000,4,9282610,sl 36455.62
72,72,72,1699839300,1699839300150,0,1,0.62000000,37112.36000000,0.00000000,-2.71000000,0.00000000,0.00000000,3,9282610,PS PDH
73,72,73,1699839880,1699839880862,1,0,0.62000000,37270.47000000,-98.03000000,0.00000000,0.00000000,0.00000000,4,9282610,sl 37270.43
74,74,74,1699876200,1699876200150,0,0,1.74000000,36728.13000000,0.00000000,-7.61000000,0.00000000,0.00000000,3,9282610,PS PDL
75,74,75,1699878035,1699878035294,1,1,1.74000000,36672.70000000,-96.45000000,0.00000000,0.00000000,0.00000000,4,9282610,sl 36672.75
76,76,76,1699920900,1699920900150,0,0,4.02000000,36356.35000000,0.00000000,-17.59000000,0.00000000,0.00000000,3,9282610,PS PDL
77,76,77,1699920903,1699920903576,1,1,4.02000000,36331.95000000,-98.09000000,0.00000000,0.00000000,0.00000000,4,9282610,sl 36332.70
78,78,78,1700324400,1700324400150,0,1,2.07000000,36764.80000000,0.00000000,-9.06000000,0.00000000,0.00000000,3,9282610,PS PDH
79,78,79,1700325219,1700325219157,1,0,2.07000000,36673.43000000,189.14000000,0.00000000,0.00000000,0.00000000,5,9282610,tp 36673.90
80,80,80,1700419800,1700419800150,0,1,1.60000000,36827.57000000,0.00000000,-7.00000000,0.00000000,0.00000000,3,9282610,PS PDH
81,80,81,1700420026,1700420026451,1,0,1.60000000,36887.86000000,-96.47000000,0.00000000,0.00000000,0.00000000,4,9282610,sl 36887.46
82,82,82,1700496600,1700496600150,0,1,0.57000000,37460.27000000,0.00000000,-2.49000000,0.00000000,0.00000000,3,9282610,PS PDH
83,82,83,1700501299,1700501299078,1,0,0.57000000,37123.64000000,191.88000000,0.00000000,0.00000000,0.00000000,5,9282610,tp 37123.75
84,84,84,1700581800,1700581800150,0,0,0.23000000,36945.91000000,0.00000000,-1.01000000,0.00000000,0.00000000,3,9282610,PS PDL
85,84,85,1700605840,1700605840827,1,1,0.23000000,36510.00000000,-100.26000000,0.00000000,0.00000000,0.00000000,4,9282610,sl 36510.80
86,86,86,1700611500,1700611500150,0,0,0.35000000,35904.96000000,0.00000000,-1.53000000,0.00000000,0.00000000,3,9282610,PS PDL
87,86,87,1700627857,1700627857837,1,1,0.35000000,36467.78000000,196.98000000,0.00000000,0.00000000,0.00000000,5,9282610,tp 36466.64
88,88,88,1700687100,1700687100150,0,1,3.28000000,37646.99000000,0.00000000,-14.35000000,0.00000000,0.00000000,3,9282610,PS PDH
89,88,89,1700687113,1700687113480,1,0,3.28000000,37587.33000000,195.69000000,0.00000000,0.00000000,0.00000000,5,9282610,tp 37587.47
90,90,90,1700818800,1700818800150,0,1,2.00000000,37611.59000000,0.00000000,-8.75000000,0.00000000,0.00000000,3,9282610,PS PDH
91,90,91,1700818958,1700818958674,1,0,2.00000000,37662.36000000,-101.54000000,0.00000000,0.00000000,0.00000000,4,9282610,sl 37661.24
92,92,92,1701001800,1701001800150,0,0,0.47000000,37587.52000000,0.00000000,-2.06000000,0.00000000,0.00000000,3,9282610,PS PDL
93,92,93,1701006218,1701006218942,1,1,0.47000000,37373.88000000,-100.41000000,0.00000000,0.00000000,0.00000000,4,9282610,sl 37375.61
94,94,94,1701070500,1701070500150,0,0,0.95000000,37147.32000000,0.00000000,-4.16000000,0.00000000,0.00000000,3,9282610,PS PDL
95,94,95,1701073528,1701073528333,1,1,0.95000000,37354.23000000,196.57000000,0.00000000,0.00000000,0.00000000,5,9282610,tp 37353.92
96,96,96,1701188700,1701188700150,0,1,0.78000000,37555.46000000,0.00000000,-3.41000000,0.00000000,0.00000000,3,9282610,PS PDH
97,96,97,1701189102,1701189102197,1,0,0.78000000,37683.18000000,-99.62000000,0.00000000,0.00000000,0.00000000,4,9282610,sl 37682.97
98,98,98,1701251700,1701251700150,0,1,0.39000000,38175.36000000,0.00000000,-1.71000000,0.00000000,0.00000000,3,9282610,PS PDH
99,98,99,1701270559,1701270559905,1,0,0.39000000,37668.17000000,197.80000000,0.00000000,0.00000000,0.00000000,5,9282610,tp 37669.06
100,100,100,1701353100,1701353100150,0,0,0.96000000,37583.59000000,0.00000000,-4.20000000,0.00000000,0.00000000,3,9282610,PS PDL
101,100,101,1701368563,1701368563428,1,1,0.96000000,37792.76000000,200.80000000,0.00000000,0.00000000,0.00000000,5,9282610,tp 37792.27
102,102,102,1701405300,1701405300150,0,1,1.60000000,38149.64000000,0.00000000,-7.00000000,0.00000000,0.00000000,3,9282610,PS PDH
103,102,103,1701405398,1701405398285,1,0,1.60000000,38213.94000000,-102.88000000,0.00000000,0.00000000,0.00000000,4,9282610,sl 38213.46
104,104,104,1701542400,1701542400150,0,1,0.73000000,38833.91000000,0.00000000,-3.19000000,0.00000000,0.00000000,3,9282610,PS PDH
105,104,105,1701544099,1701544099163,1,0,0.73000000,38973.81000000,-102.13000000,0.00000000,0.00000000,0.00000000,4,9282610,sl 38972.44
106,106,106,1701612000,1701612000150,0,1,1.01000000,39644.07000000,0.00000000,-4.42000000,0.00000000,0.00000000,3,9282610,PS PDH
107,106,107,1701618397,1701618397500,1,0,1.01000000,39743.99000000,-100.92000000,0.00000000,0.00000000,0.00000000,4,9282610,sl 39743.70
108,108,108,1701652200,1701652200150,0,1,3.29000000,40142.83000000,0.00000000,-14.39000000,0.00000000,0.00000000,3,9282610,PS PDH
109,108,109,1701652264,1701652264705,1,0,3.29000000,40173.83000000,-101.99000000,0.00000000,0.00000000,0.00000000,4,9282610,sl 40172.90
110,110,110,1701791400,1701791400150,0,1,0.51000000,42286.61000000,0.00000000,-2.23000000,0.00000000,0.00000000,3,9282610,PS PDH
111,110,111,1701794421,1701794421679,1,0,0.51000000,42478.93000000,-98.08000000,0.00000000,0.00000000,0.00000000,4,9282610,sl 42478.31
112,112,112,1701940500,1701940500150,0,0,1.74000000,43410.49000000,0.00000000,-7.61000000,0.00000000,0.00000000,3,9282610,PS PDL
113,112,113,1701940519,1701940519375,1,1,1.74000000,43352.61000000,-100.71000000,0.00000000,0.00000000,0.00000000,4,9282610,sl 43354.82
114,114,114,1702202700,1702202700150,0,0,0.84000000,43661.77000000,0.00000000,-3.68000000,0.00000000,0.00000000,3,9282610,PS PDL
115,114,115,1702221329,1702221329724,1,1,0.84000000,43892.57000000,193.87000000,0.00000000,0.00000000,0.00000000,5,9282610,tp 43890.29
116,116,116,1702434600,1702434600150,0,0,0.33000000,40886.02000000,0.00000000,-1.44000000,0.00000000,0.00000000,3,9282610,PS PDL
117,116,117,1702479688,1702479688923,1,1,0.33000000,41495.67000000,201.18000000,0.00000000,0.00000000,0.00000000,5,9282610,tp 41494.50
118,118,118,1702484400,1702484400150,0,1,0.90000000,42042.64000000,0.00000000,-3.94000000,0.00000000,0.00000000,3,9282610,PS PDH
119,118,119,1702485636,1702485636923,1,0,0.90000000,41820.27000000,200.14000000,0.00000000,0.00000000,0.00000000,5,9282610,tp 41821.58
120,120,120,1702687200,1702687200150,0,0,0.78000000,41743.83000000,0.00000000,-3.41000000,0.00000000,0.00000000,3,9282610,PS PDL
121,120,121,1702688836,1702688836513,1,1,0.78000000,42005.81000000,204.34000000,0.00000000,0.00000000,0.00000000,5,9282610,tp 42005.63
122,122,122,1702824000,1702824000150,0,0,0.69000000,41650.62000000,0.00000000,-3.02000000,0.00000000,0.00000000,3,9282610,PS PDL
123,122,123,1702831202,1702831202521,1,1,0.69000000,41952.80000000,208.50000000,0.00000000,0.00000000,0.00000000,5,9282610,tp 41950.78
124,124,124,1702858800,1702858800150,0,0,0.84000000,41262.17000000,0.00000000,-3.68000000,0.00000000,0.00000000,3,9282610,PS PDL
125,124,125,1702863100,1702863100000,1,1,0.84000000,41133.69000000,-107.92000000,0.00000000,0.00000000,0.00000000,4,9282610,sl 41135.84
126,126,126,1702933800,1702933800150,0,1,2.96000000,42341.31000000,0.00000000,-12.95000000,0.00000000,0.00000000,3,9282610,PS PDH
127,126,127,1702933818,1702933818547,1,0,2.96000000,42377.48000000,-107.06000000,0.00000000,0.00000000,0.00000000,4,9282610,sl 42376.70
128,128,128,1702944900,1702944900150,0,1,0.50000000,42653.03000000,0.00000000,-2.19000000,0.00000000,0.00000000,3,9282610,PS PDH
129,128,129,1702950157,1702950157043,1,0,0.50000000,42863.22000000,-105.09000000,0.00000000,0.00000000,0.00000000,4,9282610,sl 42861.92
130,130,130,1703103000,1703103000150,0,1,0.46000000,43374.39000000,0.00000000,-2.01000000,0.00000000,0.00000000,3,9282610,PS PDH
131,130,131,1703103244,1703103244390,1,0,0.46000000,43600.77000000,-104.13000000,0.00000000,0.00000000,0.00000000,4,9282610,sl 43598.44
132,132,132,1703210100,1703210100150,0,1,0.67000000,44126.12000000,0.00000000,-2.93000000,0.00000000,0.00000000,3,9282610,PS PDH
133,132,133,1703223999,1703223999157,1,0,0.67000000,44278.50000000,-102.10000000,0.00000000,0.00000000,0.00000000,4,9282610,sl 44277.06
134,134,134,1703305200,1703305200150,0,0,0.80000000,43443.57000000,0.00000000,-3.50000000,0.00000000,0.00000000,3,9282610,PS PDL
135,134,135,1703334695,1703334695555,1,1,0.80000000,43696.08000000,202.00000000,0.00000000,0.00000000,0.00000000,5,9282610,tp 43694.95
136,136,136,1703569200,1703569200150,0,0,0.70000000,42799.45000000,0.00000000,-3.06000000,0.00000000,0.00000000,3,9282610,PS PDL
137,136,137,1703570489,1703570489610,1,1,0.70000000,42652.33000000,-102.99000000,0.00000000,0.00000000,0.00000000,4,9282610,sl 42652.92
138,138,138,1703715900,1703715900150,0,1,0.70000000,43510.89000000,0.00000000,-3.06000000,0.00000000,0.00000000,3,9282610,PS PDH
139,138,139,1703721000,1703721000150,1,0,0.70000000,43403.47000000,75.19000000,0.00000000,0.00000000,0.00000000,3,9282610,
140,140,140,1703723700,1703723700150,0,1,1.29000000,43647.78000000,0.00000000,-5.64000000,0.00000000,0.00000000,3,9282610,PS PDH
141,140,141,1703723787,1703723787662,1,0,1.29000000,43730.59000000,-106.82000000,0.00000000,0.00000000,0.00000000,4,9282610,sl 43727.02
142,142,142,1703811900,1703811900150,0,0,0.52000000,42328.44000000,0.00000000,-2.28000000,0.00000000,0.00000000,3,9282610,PS PDL
143,142,143,1703814123,1703814123529,1,1,0.52000000,42132.28000000,-102.00000000,0.00000000,0.00000000,0.00000000,4,9282610,sl 42132.46
144,144,144,1704008400,1704008400150,0,1,1.01000000,42561.92000000,0.00000000,-4.42000000,0.00000000,0.00000000,3,9282610,PS PDH
145,144,145,1704011414,1704011414399,1,0,1.01000000,42363.16000000,200.75000000,0.00000000,0.00000000,0.00000000,5,9282610,tp 42364.02
146,146,146,1704419400,1704419400150,0,0,0.16000000,43208.88000000,0.00000000,-0.70000000,0.00000000,0.00000000,3,9282610,PS PDL
147,146,147,1704498600,1704498600150,1,1,0.16000000,44040.75000000,133.10000000,0.00000000,0.00000000,0.00000000,3,9282610,
148,148,148,1704588900,1704588900150,0,1,1.52000000,44191.00000000,0.00000000,-6.65000000,0.00000000,0.00000000,3,9282610,PS PDH
149,148,149,1704589357,1704589357636,1,0,1.52000000,44053.31000000,209.29000000,0.00000000,0.00000000,0.00000000,5,9282610,tp 44055.24
150,150,150,1704675900,1704675900150,0,0,0.81000000,43740.28000000,0.00000000,-3.54000000,0.00000000,0.00000000,3,9282610,PS PDL
151,150,151,1704680245,1704680245028,1,1,0.81000000,43610.47000000,-105.15000000,0.00000000,0.00000000,0.00000000,4,9282610,sl 43610.66
152,152,152,1704835200,1704835200150,0,1,0.08000000,46478.03000000,0.00000000,-0.35000000,0.00000000,0.00000000,3,9282610,PS PDH
153,152,153,1704844200,1704844200150,1,0,0.08000000,46006.02000000,37.76000000,0.00000000,0.00000000,0.00000000,3,9282610,
154,154,154,1704891000,1704891000150,0,0,0.43000000,45000.68000000,0.00000000,-1.88000000,0.00000000,0.00000000,3,9282610,PS PDL
155,154,155,1704891222,1704891222379,1,1,0.43000000,44755.19000000,-105.56000000,0.00000000,0.00000000,0.00000000,4,9282610,sl 44756.92
156,156,156,1704982200,1704982200150,0,1,1.03000000,47676.34000000,0.00000000,-4.51000000,0.00000000,0.00000000,3,9282610,PS PDH
157,156,157,1704982477,1704982477033,1,0,1.03000000,47778.65000000,-105.38000000,0.00000000,0.00000000,0.00000000,4,9282610,sl 47776.53
158,158,158,1705051800,1705051800150,0,0,0.82000000,45623.56000000,0.00000000,-3.59000000,0.00000000,0.00000000,3,9282610,PS PDL
159,158,159,1705052498,1705052498947,1,1,0.82000000,45875.13000000,206.29000000,0.00000000,0.00000000,0.00000000,5,9282610,tp 45873.86
160,160,160,1705262700,1705262700150,0,0,0.31000000,42466.12000000,0.00000000,-1.36000000,0.00000000,0.00000000,3,9282610,PS PDL
161,160,161,1705268080,1705268080759,1,1,0.31000000,42126.46000000,-105.30000000,0.00000000,0.00000000,0.00000000,4,9282610,sl 42126.77
162,162,162,1705344900,1705344900150,0,1,0.54000000,42994.92000000,0.00000000,-2.36000000,0.00000000,0.00000000,3,9282610,PS PDH
163,162,163,1705356785,1705356785000,1,0,0.54000000,42608.40000000,208.72000000,0.00000000,0.00000000,0.00000000,5,9282610,tp 42609.36
164,164,164,1705421100,1705421100150,0,1,0.81000000,43283.65000000,0.00000000,-3.54000000,0.00000000,0.00000000,3,9282610,PS PDH
165,164,165,1705427703,1705427703941,1,0,0.81000000,43021.80000000,212.10000000,0.00000000,0.00000000,0.00000000,5,9282610,tp 43021.93
166,166,166,1705596000,1705596000150,0,0,1.18000000,42200.82000000,0.00000000,-5.16000000,0.00000000,0.00000000,3,9282610,PS PDL
167,166,167,1705596020,1705596020384,1,1,1.18000000,42109.34000000,-107.95000000,0.00000000,0.00000000,0.00000000,4,9282610,sl 42109.43
168,168,168,1705681500,1705681500150,0,0,0.63000000,40736.46000000,0.00000000,-2.76000000,0.00000000,0.00000000,3,9282610,PS PDL
169,168,169,1705681657,1705681657582,1,1,0.63000000,40567.13000000,-106.68000000,0.00000000,0.00000000,0.00000000,4,9282610,sl 40567.42
170,170,170,1705845900,1705845900150,0,1,3.14000000,41842.37000000,0.00000000,-13.74000000,0.00000000,0.00000000,3,9282610,PS PDH
171,170,171,1705846046,1705846046399,1,0,3.14000000,41876.50000000,-107.17000000,0.00000000,0.00000000,0.00000000,4,9282610,sl 41875.82
172,172,172,1705884300,1705884300150,0,0,1.09000000,41550.20000000,0.00000000,-4.77000000,0.00000000,0.00000000,3,9282610,PS PDL
173,172,173,1705886008,1705886008915,1,1,1.09000000,41453.30000000,-105.62000000,0.00000000,0.00000000,0.00000000,4,9282610,sl 41454.36
174,174,174,1706000100,1706000100150,0,0,0.70000000,39471.32000000,0.00000000,-3.06000000,0.00000000,0.00000000,3,9282610,PS PDL
175,174,175,1706000557,1706000557662,1,1,0.70000000,39324.14000000,-103.02000000,0.00000000,0.00000000,0.00000000,4,9282610,sl 39324.85
176,176,176,1706058300,1706058300150,0,1,0.85000000,40079.56000000,0.00000000,-3.72000000,0.00000000,0.00000000,3,9282610,PS PDH
177,176,177,1706059240,1706059240110,1,0,0.85000000,39839.24000000,204.28000000,0.00000000,0.00000000,0.00000000,5,9282610,tp 39840.32
178,178,178,1706262900,1706262900150,0,1,0.70000000,40217.91000000,0.00000000,-3.06000000,0.00000000,0.00000000,3,9282610,PS PDH
179,178,179,1706265267,1706265267272,1,0,0.70000000,40367.40000000,-104.64000000,0.00000000,0.00000000,0.00000000,4,9282610,sl 40366.67
180,180,180,1706405400,1706405400150,0,1,1.58000000,42186.40000000,0.00000000,-6.91000000,0.00000000,0.00000000,3,9282610,PS PDH
181,180,181,1706405490,1706405490315,1,0,1.58000000,42252.91000000,-105.09000000,0.00000000,0.00000000,0.00000000,4,9282610,sl 42251.48
182,182,182,1706573100,1706573100150,0,1,0.84000000,43197.75000000,0.00000000,-3.68000000,0.00000000,0.00000000,3,9282610,PS PDH
183,182,183,1706577268,1706577268125,1,0,0.84000000,43320.03000000,-102.72000000,0.00000000,0.00000000,0.00000000,4,9282610,sl 43318.47
184,184,184,1706695500,1706695500150,0,0,0.82000000,42712.02000000,0.00000000,-3.59000000,0.00000000,0.00000000,3,9282610,PS PDL
185,184,185,1706697988,1706697988510,1,1,0.82000000,42589.07000000,-100.82000000,0.00000000,0.00000000,0.00000000,4,9282610,sl 42589.20
186,186,186,1706748300,1706748300150,0,0,0.46000000,42386.18000000,0.00000000,-2.01000000,0.00000000,0.00000000,3,9282610,PS PDL
187,186,187,1706750138,1706750138553,1,1,0.46000000,42166.61000000,-101.00000000,0.00000000,0.00000000,0.00000000,4,9282610,sl 42167.22
188,188,188,1706833200,1706833200150,0,1,2.08000000,43290.21000000,0.00000000,-9.10000000,0.00000000,0.00000000,3,9282610,PS PDH
189,188,189,1706833227,1706833227512,1,0,2.08000000,43338.30000000,-100.02000000,0.00000000,0.00000000,0.00000000,4,9282610,sl 43337.52
190,190,190,1707027900,1707027900150,0,0,2.12000000,42877.79000000,0.00000000,-9.28000000,0.00000000,0.00000000,3,9282610,PS PDL
191,190,191,1707027937,1707027937565,1,1,2.12000000,42830.44000000,-100.38000000,0.00000000,0.00000000,0.00000000,4,9282610,sl 42831.95
192,192,192,1707095700,1707095700150,0,0,1.24000000,42297.00000000,0.00000000,-5.43000000,0.00000000,0.00000000,3,9282610,PS PDL
193,192,193,1707096915,1707096915176,1,1,1.24000000,42452.25000000,192.51000000,0.00000000,0.00000000,0.00000000,5,9282610,tp 42451.74
194,194,194,1707119400,1707119400150,0,1,1.40000000,43071.87000000,0.00000000,-6.13000000,0.00000000,0.00000000,3,9282610,PS PDH
195,194,195,1707119440,1707119440776,1,0,1.40000000,43142.51000000,-98.89000000,0.00000000,0.00000000,0.00000000,4,9282610,sl 43141.79
196,196,196,1707351000,1707351000150,0,1,1.08000000,44338.10000000,0.00000000,-4.73000000,0.00000000,0.00000000,3,9282610,PS PDH
197,196,197,1707351457,1707351457419,1,0,1.08000000,44429.51000000,-98.72000000,0.00000000,0.00000000,0.00000000,4,9282610,sl 44427.64
198,198,198,1707630600,1707630600150,0,1,1.03000000,48137.52000000,0.00000000,-4.51000000,0.00000000,0.00000000,3,9282610,PS PDH
199,198,199,1707630916,1707630916216,1,0,1.03000000,48231.36000000,-96.65000000,0.00000000,0.00000000,0.00000000,4,9282610,sl 48231.18
200,200,200,1707698400,1707698400150,0,1,0.72000000,48563.78000000,0.00000000,-3.15000000,0.00000000,0.00000000,3,9282610,PS PDH
201,200,201,1707705336,1707705336631,1,0,0.72000000,48298.91000000,190.70000000,0.00000000,0.00000000,0.00000000,5,9282610,tp 48300.30
202,202,202,1707788400,1707788400150,0,1,0.41000000,50087.28000000,0.00000000,-1.79000000,0.00000000,0.00000000,3,9282610,PS PDH
203,202,203,1707831038,1707831038838,1,0,0.41000000,49613.13000000,194.40000000,0.00000000,0.00000000,0.00000000,5,9282610,tp 49614.40
204,204,204,1707960000,1707960000150,0,1,0.95000000,51988.86000000,0.00000000,-4.16000000,0.00000000,0.00000000,3,9282610,PS PDH
205,204,205,1707960824,1707960824347,1,0,0.95000000,51778.89000000,199.47000000,0.00000000,0.00000000,0.00000000,5,9282610,tp 51780.92
206,206,206,1708164900,1708164900150,0,0,0.99000000,51613.25000000,0.00000000,-4.33000000,0.00000000,0.00000000,3,9282610,PS PDL
207,206,207,1708164963,1708164963646,1,1,0.99000000,51511.43000000,-100.80000000,0.00000000,0.00000000,0.00000000,4,9282610,sl 51511.79
208,208,208,1708294500,1708294500150,0,1,1.00000000,52158.73000000,0.00000000,-4.38000000,0.00000000,0.00000000,3,9282610,PS PDH
209,208,209,1708294798,1708294798378,1,0,1.00000000,52259.27000000,-100.54000000,0.00000000,0.00000000,0.00000000,4,9282610,sl 52258.36
210,210,210,1708303500,1708303500150,0,1,0.37000000,52119.96000000,0.00000000,-1.62000000,0.00000000,0.00000000,3,9282610,PS PDH
211,210,211,1708323460,1708323460729,1,0,0.37000000,52392.33000000,-100.77000000,0.00000000,0.00000000,0.00000000,4,9282610,sl 52390.29
212,212,212,1708390200,1708390200150,0,0,0.57000000,51672.48000000,0.00000000,-2.49000000,0.00000000,0.00000000,3,9282610,PS PDL
213,212,213,1708391974,1708391974545,1,1,0.57000000,51498.09000000,-99.40000000,0.00000000,0.00000000,0.00000000,4,9282610,sl 51500.41
214,214,214,1708438200,1708438200150,0,1,0.26000000,52354.03000000,0.00000000,-1.14000000,0.00000000,0.00000000,3,9282610,PS PDH
215,214,215,1708442558,1708442558041,1,0,0.26000000,51594.22000000,197.55000000,0.00000000,0.00000000,0.00000000,5,9282610,tp 51594.95
216,216,216,1708517400,1708517400150,0,0,0.30000000,50845.58000000,0.00000000,-1.31000000,0.00000000,0.00000000,3,9282610,PS PDL
217,216,217,1708556354,1708556354318,1,1,0.30000000,51500.54000000,196.49000000,0.00000000,0.00000000,0.00000000,5,9282610,tp 51500.42
218,218,218,1708675200,1708675200150,0,0,1.55000000,50902.46000000,0.00000000,-6.78000000,0.00000000,0.00000000,3,9282610,PS PDL
219,218,219,1708675239,1708675239827,1,1,1.55000000,50836.98000000,-101.49000000,0.00000000,0.00000000,0.00000000,4,9282610,sl 50837.84
220,220,220,1708829100,1708829100150,0,1,1.44000000,51642.89000000,0.00000000,-6.30000000,0.00000000,0.00000000,3,9282610,PS PDH
221,220,221,1708830507,1708830507407,1,0,1.44000000,51503.37000000,200.91000000,0.00000000,0.00000000,0.00000000,5,9282610,tp 51505.07
222,222,222,1708937700,1708937700150,0,0,1.26000000,51271.62000000,0.00000000,-5.51000000,0.00000000,0.00000000,3,9282610,PS PDL
223,222,223,1708938782,1708938782000,1,1,1.26000000,51188.81000000,-104.34000000,0.00000000,0.00000000,0.00000000,4,9282610,sl 51190.87
224,224,224,1709451000,1709451000150,0,0,0.38000000,61660.78000000,0.00000000,-1.66000000,0.00000000,0.00000000,3,9282610,PS PDL
225,224,225,1709451158,1709451158553,1,1,0.38000000,61391.30000000,-102.41000000,0.00000000,0.00000000,0.00000000,4,9282610,sl 61391.75
226,226,226,1709469300,1709469300150,0,1,0.50000000,62444.58000000,0.00000000,-2.19000000,0.00000000,0.00000000,3,9282610,PS PDH
227,226,227,1709471994,1709471994000,1,0,0.50000000,62042.94000000,200.82000000,0.00000000,0.00000000,0.00000000,5,9282610,tp 62043.92
228,228,228,1709513400,1709513400150,0,1,0.06000000,62458.62000000,0.00000000,-0.26000000,0.00000000,0.00000000,3,9282610,PS PDH
229,228,229,1709538340,1709538340169,1,0,0.06000000,64177.39000000,-103.12000000,0.00000000,0.00000000,0.00000000,4,9282610,sl 64176.01
230,230,230,1709604300,1709604300150,0,1,0.85000000,68447.50000000,0.00000000,-3.72000000,0.00000000,0.00000000,3,9282610,PS PDH
231,230,231,1709604747,1709604747882,1,0,0.85000000,68209.08000000,202.66000000,0.00000000,0.00000000,0.00000000,5,9282610,tp 68210.36
232,232,232,1709669100,1709669100150,0,0,0.09000000,62392.16000000,0.00000000,-0.39000000,0.00000000,0.00000000,3,9282610,PS PDL
233,232,233,1709682600,1709682600150,1,1,0.09000000,64359.88000000,177.10000000,0.00000000,0.00000000,0.00000000,3,9282610,
234,234,234,1709822700,1709822700150,0,1,0.14000000,67239.94000000,0.00000000,-0.61000000,0.00000000,0.00000000,3,9282610,PS PDH
235,234,235,1709831739,1709831739600,1,0,0.14000000,67990.45000000,-105.07000000,0.00000000,0.00000000,0.00000000,4,9282610,sl 67988.29
236,236,236,1709907300,1709907300150,0,1,0.39000000,67839.07000000,0.00000000,-1.71000000,0.00000000,0.00000000,3,9282610,PS PDH
237,236,237,1709907579,1709907579020,1,0,0.39000000,68106.40000000,-104.26000000,0.00000000,0.00000000,0.00000000,4,9282610,sl 68105.73
238,238,238,1710109200,1710109200150,0,1,0.32000000,68639.72000000,0.00000000,-1.40000000,0.00000000,0.00000000,3,9282610,PS PDH
239,238,239,1710114448,1710114448199,1,0,0.32000000,68960.31000000,-102.59000000,0.00000000,0.00000000,0.00000000,4,9282610,sl 68959.34
240,240,240,1710119400,1710119400150,0,0,0.18000000,68287.09000000,0.00000000,-0.79000000,0.00000000,0.00000000,3,9282610,PS PDL
241,240,241,1710121057,1710121057241,1,1,0.18000000,67712.15000000,-103.49000000,0.00000000,0.00000000,0.00000000,4,9282610,sl 67714.67
242,242,242,1710252600,1710252600150,0,1,0.12000000,72026.43000000,0.00000000,-0.53000000,0.00000000,0.00000000,3,9282610,PS PDH
243,242,243,1710260763,1710260763768,1,0,0.12000000,70280.27000000,209.54000000,0.00000000,0.00000000,0.00000000,5,9282610,tp 70281.47
244,244,244,1710315300,1710315300150,0,1,0.54000000,72866.30000000,0.00000000,-2.36000000,0.00000000,0.00000000,3,9282610,PS PDH
245,244,245,1710315991,1710315991006,1,0,0.54000000,73058.97000000,-104.04000000,0.00000000,0.00000000,0.00000000,4,9282610,sl 73057.50
246,246,246,1710400200,1710400200150,0,1,0.64000000,73567.45000000,0.00000000,-2.80000000,0.00000000,0.00000000,3,9282610,PS PDH
247,246,247,1710401381,1710401381102,1,0,0.64000000,73251.96000000,201.92000000,0.00000000,0.00000000,0.00000000,5,9282610,tp 73253.61
248,248,248,1710428100,1710428100150,0,0,0.28000000,71449.47000000,0.00000000,-1.23000000,0.00000000,0.00000000,3,9282610,PS PDL
249,248,249,1710429931,1710429931590,1,1,0.28000000,71069.60000000,-106.36000000,0.00000000,0.00000000,0.00000000,4,9282610,sl 71072.13
250,250,250,1710471600,1710471600150,0,0,0.18000000,68995.68000000,0.00000000,-0.79000000,0.00000000,0.00000000,3,9282610,PS PDL
251,250,251,1710472898,1710472898807,1,1,0.18000000,68398.15000000,-107.55000000,0.00000000,0.00000000,0.00000000,4,9282610,sl 68401.25
252,252,252,1710631500,1710631500150,0,0,0.13000000,65807.82000000,0.00000000,-0.57000000,0.00000000,0.00000000,3,9282610,PS PDL
253,252,253,1710633000,1710633000150,1,1,0.13000000,65304.48000000,-65.44000000,0.00000000,0.00000000,0.00000000,3,9282610,
254,254,254,1710660300,1710660300150,0,0,0.23000000,64916.20000000,0.00000000,-1.01000000,0.00000000,0.00000000,3,9282610,PS PDL
255,254,255,1710664297,1710664297605,1,1,0.23000000,65794.18000000,201.93000000,0.00000000,0.00000000,0.00000000,5,9282610,tp 65793.16
256,256,256,1710740400,1710740400150,0,1,2.00000000,68867.70000000,0.00000000,-8.75000000,0.00000000,0.00000000,3,9282610,PS PDH
257,256,257,1710740404,1710740404114,1,0,2.00000000,68919.28000000,-103.16000000,0.00000000,0.00000000,0.00000000,4,9282610,sl 68918.59
258,258,258,1710811500,1710811500150,0,0,0.29000000,66678.17000000,0.00000000,-1.27000000,0.00000000,0.00000000,3,9282610,PS PDL
259,258,259,1710811601,1710811601223,1,1,0.29000000,66324.66000000,-102.52000000,0.00000000,0.00000000,0.00000000,4,9282610,sl 66328.45
260,260,260,1710910200,1710910200150,0,0,0.28000000,61611.91000000,0.00000000,-1.23000000,0.00000000,0.00000000,3,9282610,PS PDL
261,260,261,1710911320,1710911320173,1,1,0.28000000,61244.20000000,-102.95000000,0.00000000,0.00000000,0.00000000,4,9282610,sl 61245.06
262,262,262,1710973200,1710973200150,0,1,0.36000000,67893.95000000,0.00000000,-1.58000000,0.00000000,0.00000000,3,9282610,PS PDH
263,262,263,1710978600,1710978600150,1,0,0.36000000,67873.12000000,7.50000000,0.00000000,0.00000000,0.00000000,3,9282610,
264,264,264,1710981900,1710981900150,0,1,0.49000000,68039.68000000,0.00000000,-2.14000000,0.00000000,0.00000000,3,9282610,PS PDH
265,264,265,1710989736,1710989736503,1,0,0.49000000,67632.68000000,199.43000000,0.00000000,0.00000000,0.00000000,5,9282610,tp 67632.78
266,266,266,1711105500,1711105500150,0,0,0.73000000,64670.90000000,0.00000000,-3.19000000,0.00000000,0.00000000,3,9282610,PS PDL
267,266,267,1711108118,1711108118319,1,1,0.73000000,64529.67000000,-103.10000000,0.00000000,0.00000000,0.00000000,4,9282610,sl 64532.81
268,268,268,1711305300,1711305300150,0,1,5.28000000,66021.56000000,0.00000000,-23.10000000,0.00000000,0.00000000,3,9282610,PS PDH
269,268,269,1711305301,1711305301075,1,0,5.28000000,66040.62000000,-100.63000000,0.00000000,0.00000000,0.00000000,4,9282610,sl 66040.38
270,270,270,1711343100,1711343100150,0,1,3.06000000,67602.19000000,0.00000000,-13.39000000,0.00000000,0.00000000,3,9282610,PS PDH
271,270,271,1711343138,1711343138219,1,0,3.06000000,67536.50000000,201.01000000,0.00000000,0.00000000,0.00000000,5,9282610,tp 67537.85
272,272,272,1711438800,1711438800150,0,1,0.48000000,71137.76000000,0.00000000,-2.10000000,0.00000000,0.00000000,3,9282610,PS PDH
273,272,273,1711439668,1711439668348,1,0,0.48000000,70715.05000000,202.90000000,0.00000000,0.00000000,0.00000000,5,9282610,tp 70719.22
274,274,274,1711546500,1711546500150,0,1,0.23000000,71217.30000000,0.00000000,-1.01000000,0.00000000,0.00000000,3,9282610,PS PDH
275,274,275,1711547127,1711547127339,1,0,0.23000000,70307.36000000,209.29000000,0.00000000,0.00000000,0.00000000,5,9282610,tp 70310.64
276,276,276,1711549200,1711549200150,0,0,0.21000000,69438.10000000,0.00000000,-0.92000000,0.00000000,0.00000000,3,9282610,PS PDL
277,276,277,1711554747,1711554747096,1,1,0.21000000,68939.27000000,-104.75000000,0.00000000,0.00000000,0.00000000,4,9282610,sl 68940.72
278,278,278,1711864500,1711864500150,0,1,0.86000000,70313.48000000,0.00000000,-3.76000000,0.00000000,0.00000000,3,9282610,PS PDH
279,278,279,1711873298,1711873298936,1,0,0.86000000,70435.42000000,-104.87000000,0.00000000,0.00000000,0.00000000,4,9282610,sl 70434.06
280,280,280,1711950600,1711950600150,0,0,0.62000000,69680.80000000,0.00000000,-2.71000000,0.00000000,0.00000000,3,9282610,PS PDL
281,280,281,1711950620,1711950620147,1,1,0.62000000,69513.93000000,-103.46000000,0.00000000,0.00000000,0.00000000,4,9282610,sl 69514.09
282,282,282,1712104800,1712104800150,0,0,0.38000000,64801.45000000,0.00000000,-1.66000000,0.00000000,0.00000000,3,9282610,PS PDL
283,282,283,1712105141,1712105141652,1,1,0.38000000,65338.21000000,203.97000000,0.00000000,0.00000000,0.00000000,5,9282610,tp 65337.47
284,284,284,1712443500,1712443500150,0,1,1.43000000,68719.35000000,0.00000000,-6.26000000,0.00000000,0.00000000,3,9282610,PS PDH
285,284,285,1712443505,1712443505052,1,0,1.43000000,68793.71000000,-106.34000000,0.00000000,0.00000000,0.00000000,4,9282610,sl 68791.41
286,286,286,1712455800,1712455800150,0,1,1.81000000,69635.96000000,0.00000000,-7.92000000,0.00000000,0.00000000,3,9282610,PS PDH
287,286,287,1712455818,1712455818461,1,0,1.81000000,69692.86000000,-102.99000000,0.00000000,0.00000000,0.00000000,4,9282610,sl 69692.20
288,288,288,1712673900,1712673900150,0,0,0.31000000,69192.67000000,0.00000000,-1.36000000,0.00000000,0.00000000,3,9282610,PS PDL
289,288,289,1712674108,1712674108037,1,1,0.31000000,68864.39000000,-101.77000000,0.00000000,0.00000000,0.00000000,4,9282610,sl 68866.71
290,290,290,1712752500,1712752500150,0,0,0.41000000,68280.68000000,0.00000000,-1.79000000,0.00000000,0.00000000,3,9282610,PS PDL
291,290,291,1712752590,1712752590365,1,1,0.41000000,68031.03000000,-102.36000000,0.00000000,0.00000000,0.00000000,4,9282610,sl 68032.91
292,292,292,1712820600,1712820600150,0,1,0.33000000,70916.09000000,0.00000000,-1.44000000,0.00000000,0.00000000,3,9282610,PS PDH
293,292,293,1712825019,1712825019677,1,0,0.33000000,71223.03000000,-101.29000000,0.00000000,0.00000000,0.00000000,4,9282610,sl 71221.85
294,294,294,1712933100,1712933100150,0,0,0.36000000,69664.17000000,0.00000000,-1.58000000,0.00000000,0.00000000,3,9282610,PS PDL
295,294,295,1712933432,1712933432477,1,1,0.36000000,69384.57000000,-100.65000000,0.00000000,0.00000000,0.00000000,4,9282610,sl 69387.95
296,296,296,1713049800,1713049800150,0,0,0.20000000,65338.24000000,0.00000000,-0.88000000,0.00000000,0.00000000,3,9282610,PS PDL
297,296,297,1713050175,1713050175473,1,1,0.20000000,64853.96000000,-96.86000000,0.00000000,0.00000000,0.00000000,4,9282610,sl 64854.15
298,298,298,1713140100,1713140100150,0,1,0.65000000,65847.60000000,0.00000000,-2.84000000,0.00000000,0.00000000,3,9282610,PS PDH
299,298,299,1713140618,1713140618933,1,0,0.65000000,65549.90000000,193.50000000,0.00000000,0.00000000,0.00000000,5,9282610,tp 65552.12
300,300,300,1713241800,1713241800150,0,0,0.42000000,62474.78000000,0.00000000,-1.84000000,0.00000000,0.00000000,3,9282610,PS PDL
301,300,301,1713242517,1713242517058,1,1,0.42000000,62238.69000000,-99.16000000,0.00000000,0.00000000,0.00000000,4,9282610,sl 62239.49
302,302,302,1713331500,1713331500150,0,1,0.44000000,64239.84000000,0.00000000,-1.93000000,0.00000000,0.00000000,3,9282610,PS PDH
303,302,303,1713334781,1713334781772,1,0,0.44000000,63795.09000000,195.69000000,0.00000000,0.00000000,0.00000000,5,9282610,tp 63795.90
304,304,304,1713365100,1713365100150,0,0,0.18000000,61850.01000000,0.00000000,-0.79000000,0.00000000,0.00000000,3,9282610,PS PDL
305,304,305,1713365618,1713365618823,1,1,0.18000000,61302.25000000,-98.59000000,0.00000000,0.00000000,0.00000000,4,9282610,sl 61302.55
306,306,306,1713491400,1713491400150,0,0,0.16000000,61185.20000000,0.00000000,-0.70000000,0.00000000,0.00000000,3,9282610,PS PDL
307,306,307,1713492702,1713492702905,1,1,0.16000000,60569.29000000,-98.54000000,0.00000000,0.00000000,0.00000000,4,9282610,sl 60572.78
308,308,308,1713537000,1713537000150,0,1,0.27000000,64068.28000000,0.00000000,-1.18000000,0.00000000,0.00000000,3,9282610,PS PDH
309,308,309,1713537280,1713537280199,1,0,0.27000000,64429.64000000,-97.56000000,0.00000000,0.00000000,0.00000000,4,9282610,sl 64429.42
310,310,310,1713670200,1713670200150,0,1,0.35000000,65198.88000000,0.00000000,-1.53000000,0.00000000,0.00000000,3,9282610,PS PDH
311,310,311,1713698260,1713698260930,1,0,0.35000000,65478.06000000,-97.71000000,0.00000000,0.00000000,0.00000000,4,9282610,sl 65472.96
312,312,312,1713759300,1713759300150,0,1,0.43000000,65585.68000000,0.00000000,-1.88000000,0.00000000,0.00000000,3,9282610,PS PDH
313,312,313,1713759876,1713759876363,1,0,0.43000000,65810.48000000,-96.67000000,0.00000000,0.00000000,0.00000000,4,9282610,sl 65807.06
314,314,314,1713968700,1713968700150,0,0,0.48000000,65913.31000000,0.00000000,-2.10000000,0.00000000,0.00000000,3,9282610,PS PDL
315,314,315,1713968764,1713968764855,1,1,0.48000000,65711.98000000,-96.64000000,0.00000000,0.00000000,0.00000000,4,9282610,sl 65715.86
316,316,316,1714041900,1714041900150,0,0,0.61000000,63597.76000000,0.00000000,-2.67000000,0.00000000,0.00000000,3,9282610,PS PDL
317,316,317,1714042504,1714042504761,1,1,0.61000000,63440.20000000,-96.11000000,0.00000000,0.00000000,0.00000000,4,9282610,sl 63443.74
318,318,318,1714227300,1714227300150,0,0,0.44000000,63350.03000000,0.00000000,-1.93000000,0.00000000,0.00000000,3,9282610,PS PDL
319,318,319,1714227936,1714227936363,1,1,0.44000000,63139.07000000,-92.82000000,0.00000000,0.00000000,0.00000000,4,9282610,sl 63141.41
320,320,320,1714272900,1714272900150,0,1,0.85000000,63919.86000000,0.00000000,-3.72000000,0.00000000,0.00000000,3,9282610,PS PDH
321,320,321,1714272933,1714272933947,1,0,0.85000000,64029.46000000,-93.16000000,0.00000000,0.00000000,0.00000000,4,9282610,sl 64026.73
322,322,322,1714359000,1714359000150,0,0,0.82000000,62809.36000000,0.00000000,-3.59000000,0.00000000,0.00000000,3,9282610,PS PDL
323,322,323,1714359040,1714359040336,1,1,0.82000000,62696.97000000,-92.16000000,0.00000000,0.00000000,0.00000000,4,9282610,sl 62699.22
324,324,324,1714440900,1714440900150,0,1,0.42000000,64070.48000000,0.00000000,-1.84000000,0.00000000,0.00000000,3,9282610,PS PDH
325,324,325,1714442396,1714442396734,1,0,0.42000000,63646.26000000,178.17000000,0.00000000,0.00000000,0.00000000,5,9282610,tp 63647.04
326,326,326,1714467900,1714467900150,0,0,0.77000000,61861.93000000,0.00000000,-3.37000000,0.00000000,0.00000000,3,9282610,PS PDL
327,326,327,1714468623,1714468623130,1,1,0.77000000,62100.14000000,183.42000000,0.00000000,0.00000000,0.00000000,5,9282610,tp 62099.09
328,328,328,1714589700,1714589700150,0,0,0.12000000,59419.59000000,0.00000000,-0.53000000,0.00000000,0.00000000,3,9282610,PS PDL
329,328,329,1714590697,1714590697317,1,1,0.12000000,58626.48000000,-95.17000000,0.00000000,0.00000000,0.00000000,4,9282610,sl 58628.29
330,330,330,1714703100,1714703100150,0,1,0.43000000,59607.90000000,0.00000000,-1.88000000,0.00000000,0.00000000,3,9282610,PS PDH
331,330,331,1714705635,1714705635319,1,0,0.43000000,59821.54000000,-91.86000000,0.00000000,0.00000000,0.00000000,4,9282610,sl 59821.10
332,332,332,1714786500,1714786500150,0,1,0.19000000,63105.49000000,0.00000000,-0.83000000,0.00000000,0.00000000,3,9282610,PS PDH
333,332,333,1714819339,1714819339484,1,0,0.19000000,63605.03000000,-94.92000000,0.00000000,0.00000000,0.00000000,4,9282610,sl 63604.17
334,334,334,1714924800,1714924800150,0,1,0.49000000,64433.80000000,0.00000000,-2.14000000,0.00000000,0.00000000,3,9282610,PS PDH
335,334,335,1714932637,1714932637777,1,0,0.49000000,64064.20000000,181.10000000,0.00000000,0.00000000,0.00000000,5,9282610,tp 64066.40
336,336,336,1714992000,1714992000150,0,1,0.28000000,64437.95000000,0.00000000,-1.23000000,0.00000000,0.00000000,3,9282610,PS PDH
337,336,337,1714998627,1714998627692,1,0,0.28000000,63778.63000000,184.61000000,0.00000000,0.00000000,0.00000000,5,9282610,tp 63780.73
338,338,338,1715008200,1715008200150,0,0,0.52000000,63076.23000000,0.00000000,-2.28000000,0.00000000,0.00000000,3,9282610,PS PDL
339,338,339,1715009414,1715009414705,1,1,0.52000000,63435.05000000,186.59000000,0.00000000,0.00000000,0.00000000,5,9282610,tp 63434.71
340,340,340,1715128500,1715128500150,0,0,0.24000000,62526.85000000,0.00000000,-1.05000000,0.00000000,0.00000000,3,9282610,PS PDL
341,340,341,1715149815,1715149815104,1,1,0.24000000,62130.62000000,-95.09000000,0.00000000,0.00000000,0.00000000,4,9282610,sl 62131.75
342,342,342,1715253300,1715253300150,0,0,0.46000000,61001.50000000,0.00000000,-2.01000000,0.00000000,0.00000000,3,9282610,PS PDL
343,342,343,1715257886,1715257886756,1,1,0.46000000,61418.23000000,191.70000000,0.00000000,0.00000000,0.00000000,5,9282610,tp 61415.84
344,344,344,1715296800,1715296800150,0,1,0.78000000,63010.18000000,0.00000000,-3.41000000,0.00000000,0.00000000,3,9282610,PS PDH
345,344,345,1715298578,1715298578888,1,0,0.78000000,63134.00000000,-96.58000000,0.00000000,0.00000000,0.00000000,4,9282610,sl 63133.59
346,346,346,1715343000,1715343000150,0,1,0.37000000,63211.30000000,0.00000000,-1.62000000,0.00000000,0.00000000,3,9282610,PS PDH
347,346,347,1715349702,1715349702222,1,0,0.37000000,62696.12000000,190.62000000,0.00000000,0.00000000,0.00000000,5,9282610,tp 62699.18
348,348,348,1715357400,1715357400150,0,0,0.14000000,60939.94000000,0.00000000,-0.61000000,0.00000000,0.00000000,3,9282610,PS PDL
349,348,349,1715363464,1715363464897,1,1,0.14000000,60225.32000000,-100.05000000,0.00000000,0.00000000,0.00000000,4,9282610,sl 60227.21
350,350,350,1715528700,1715528700150,0,1,0.62000000,61403.96000000,0.00000000,-2.71000000,0.00000000,0.00000000,3,9282610,PS PDH
351,350,351,1715530297,1715530297826,1,0,0.62000000,61560.79000000,-97.23000000,0.00000000,0.00000000,0.00000000,4,9282610,sl 61560.23
352,352,352,1715818500,1715818500150,0,1,0.29000000,66358.14000000,0.00000000,-1.27000000,0.00000000,0.00000000,3,9282610,PS PDH
353,352,353,1715839290,1715839290285,1,0,0.29000000,65704.37000000,189.59000000,0.00000000,0.00000000,0.00000000,5,9282610,tp 65705.54
354,354,354,1715958300,1715958300150,0,1,0.36000000,66612.57000000,0.00000000,-1.58000000,0.00000000,0.00000000,3,9282610,PS PDH
355,354,355,1715958698,1715958698723,1,0,0.36000000,66886.12000000,-98.47000000,0.00000000,0.00000000,0.00000000,4,9282610,sl 66884.61
356,356,356,1716115800,1716115800150,0,1,0.25000000,67229.13000000,0.00000000,-1.09000000,0.00000000,0.00000000,3,9282610,PS PDH
357,356,357,1716145452,1716145452599,1,0,0.25000000,66462.47000000,191.66000000,0.00000000,0.00000000,0.00000000,5,9282610,tp 66464.95
358,358,358,1716221700,1716221700150,0,1,0.50000000,67515.15000000,0.00000000,-2.19000000,0.00000000,0.00000000,3,9282610,PS PDH
359,358,359,1716222266,1716222266603,1,0,0.50000000,67713.48000000,-99.16000000,0.00000000,0.00000000,0.00000000,4,9282610,sl 67712.35
360,360,360,1716249900,1716249900150,0,1,0.68000000,71356.56000000,0.00000000,-2.98000000,0.00000000,0.00000000,3,9282610,PS PDH
361,360,361,1716250624,1716250624090,1,0,0.68000000,71501.38000000,-98.48000000,0.00000000,0.00000000,0.00000000,4,9282610,sl 71498.70
362,362,362,1716412800,1716412800150,0,0,0.63000000,69169.19000000,0.00000000,-2.76000000,0.00000000,0.00000000,3,9282610,PS PDL
363,362,363,1716413811,1716413811999,1,1,0.63000000,69475.91000000,193.23000000,0.00000000,0.00000000,0.00000000,5,9282610,tp 69474.65
364,364,364,1716638100,1716638100150,0,1,0.64000000,69236.55000000,0.00000000,-2.80000000,0.00000000,0.00000000,3,9282610,PS PDH
365,364,365,1716644261,1716644261421,1,0,0.64000000,68925.72000000,198.93000000,0.00000000,0.00000000,0.00000000,5,9282610,tp 68928.29
366,366,366,1716761100,1716761100150,0,0,0.59000000,68568.33000000,0.00000000,-2.58000000,0.00000000,0.00000000,3,9282610,PS PDL
367,366,367,1716765573,1716765573417,1,1,0.59000000,68396.69000000,-101.26000000,0.00000000,0.00000000,0.00000000,4,9282610,sl 68399.77
368,368,368,1716839400,1716839400150,0,1,0.16000000,69163.03000000,0.00000000,-0.70000000,0.00000000,0.00000000,3,9282610,PS PDH
369,368,369,1716847105,1716847105116,1,0,0.16000000,69791.40000000,-100.54000000,0.00000000,0.00000000,0.00000000,4,9282610,sl 69784.16
370,370,370,1716889500,1716889500150,0,0,0.42000000,68354.06000000,0.00000000,-1.84000000,0.00000000,0.00000000,3,9282610,PS PDL
371,370,371,1716891475,1716891475434,1,1,0.42000000,68818.45000000,195.04000000,0.00000000,0.00000000,0.00000000,5,9282610,tp 68816.86
372,372,372,1716999600,1716999600150,0,0,0.35000000,67393.39000000,0.00000000,-1.53000000,0.00000000,0.00000000,3,9282610,PS PDL
373,372,373,1717013320,1717013320434,1,1,0.35000000,67104.08000000,-101.26000000,0.00000000,0.00000000,0.00000000,4,9282610,sl 67104.24
374,374,374,1717089600,1717089600150,0,1,0.71000000,68798.74000000,0.00000000,-3.11000000,0.00000000,0.00000000,3,9282610,PS PDH
375,374,375,1717089756,1717089756845,1,0,0.71000000,68938.33000000,-99.10000000,0.00000000,0.00000000,0.00000000,4,9282610,sl 68938.04
376,376,376,1717171500,1717171500150,0,0,0.51000000,67167.86000000,0.00000000,-2.23000000,0.00000000,0.00000000,3,9282610,PS PDL
377,376,377,1717171594,1717171594976,1,1,0.51000000,66974.70000000,-98.51000000,0.00000000,0.00000000,0.00000000,4,9282610,sl 66975.39
378,378,378,1717289700,1717289700150,0,1,2.60000000,67829.41000000,0.00000000,-11.38000000,0.00000000,0.00000000,3,9282610,PS PDH
379,378,379,1717289714,1717289714788,1,0,2.60000000,67866.88000000,-97.42000000,0.00000000,0.00000000,0.00000000,4,9282610,sl 67866.49
380,380,380,1717321500,1717321500150,0,0,1.24000000,67396.04000000,0.00000000,-5.43000000,0.00000000,0.00000000,3,9282610,PS PDL
381,380,381,1717323638,1717323638108,1,1,1.24000000,67316.22000000,-98.98000000,0.00000000,0.00000000,0.00000000,4,9282610,sl 67318.96
382,382,382,1717379700,1717379700150,0,1,1.38000000,68405.01000000,0.00000000,-6.04000000,0.00000000,0.00000000,3,9282610,PS PDH
383,382,383,1717379763,1717379763750,1,0,1.38000000,68474.26000000,-95.57000000,0.00000000,0.00000000,0.00000000,4,9282610,sl 68473.32
384,384,384,1717530000,1717530000150,0,1,0.30000000,70131.82000000,0.00000000,-1.31000000,0.00000000,0.00000000,3,9282610,PS PDH
385,384,385,1717531160,1717531160000,1,0,0.30000000,70450.36000000,-95.56000000,0.00000000,0.00000000,0.00000000,4,9282610,sl 70449.47
386,386,386,1717551900,1717551900150,0,1,0.56000000,70994.30000000,0.00000000,-2.45000000,0.00000000,0.00000000,3,9282610,PS PDH
387,386,387,1717554855,1717554855813,1,0,0.56000000,71160.58000000,-93.11000000,0.00000000,0.00000000,0.00000000,4,9282610,sl 71159.98
388,388,388,1717704900,1717704900150,0,0,0.78000000,70382.92000000,0.00000000,-3.41000000,0.00000000,0.00000000,3,9282610,PS PDL
389,388,389,1717705478,1717705478313,1,1,0.78000000,70619.63000000,184.63000000,0.00000000,0.00000000,0.00000000,5,9282610,tp 70618.26
390,390,390,1717763100,1717763100150,0,1,0.32000000,71602.95000000,0.00000000,-1.40000000,0.00000000,0.00000000,3,9282610,PS PDH
391,390,391,1717763396,1717763396666,1,0,0.32000000,71902.61000000,-95.90000000,0.00000000,0.00000000,0.00000000,4,9282610,sl 71901.51
392,392,392,1717900800,1717900800150,0,0,1.67000000,69169.94000000,0.00000000,-7.31000000,0.00000000,0.00000000,3,9282610,PS PDL
393,392,393,1717900825,1717900825263,1,1,1.67000000,69114.34000000,-92.85000000,0.00000000,0.00000000,0.00000000,4,9282610,sl 69114.93
394,394,394,1717939200,1717939200150,0,1,0.68000000,69529.56000000,0.00000000,-2.98000000,0.00000000,0.00000000,3,9282610,PS PDH
395,394,395,1717939961,1717939961111,1,0,0.68000000,69257.28000000,185.15000000,0.00000000,0.00000000,0.00000000,5,9282610,tp 69259.76
396,396,396,1718037000,1718037000150,0,1,0.81000000,69779.80000000,0.00000000,-3.54000000,0.00000000,0.00000000,3,9282610,PS PDH
397,396,397,1718037690,1718037690750,1,0,0.81000000,69897.35000000,-95.21000000,0.00000000,0.00000000,0.00000000,4,9282610,sl 69894.64
398,398,398,1718198100,1718198100150,0,1,0.53000000,69407.92000000,0.00000000,-2.32000000,0.00000000,0.00000000,3,9282610,PS PDH
399,398,399,1718201652,1718201652549,1,0,0.53000000,69582.58000000,-92.57000000,0.00000000,0.00000000,0.00000000,4,9282610,sl 69582.53
400,400,400,1718292900,1718292900150,0,0,1.46000000,66899.64000000,0.00000000,-6.39000000,0.00000000,0.00000000,3,9282610,PS PDL
401,400,401,1718292938,1718292938282,1,1,1.46000000,66835.75000000,-93.27000000,0.00000000,0.00000000,0.00000000,4,9282610,sl 66837.31
402,402,402,1718401200,1718401200150,0,0,0.26000000,66438.65000000,0.00000000,-1.14000000,0.00000000,0.00000000,3,9282610,PS PDL
403,402,403,1718401394,1718401394926,1,1,0.26000000,66086.10000000,-91.66000000,0.00000000,0.00000000,0.00000000,4,9282610,sl 66087.74
404,404,404,1718538900,1718538900150,0,1,1.27000000,66397.66000000,0.00000000,-5.56000000,0.00000000,0.00000000,3,9282610,PS PDH
405,404,405,1718538986,1718538986756,1,0,1.27000000,66468.44000000,-89.89000000,0.00000000,0.00000000,0.00000000,4,9282610,sl 66467.76
406,406,406,1718609100,1718609100150,0,0,0.41000000,66150.95000000,0.00000000,-1.79000000,0.00000000,0.00000000,3,9282610,PS PDL
407,406,407,1718613435,1718613435813,1,1,0.41000000,65935.61000000,-88.29000000,0.00000000,0.00000000,0.00000000,4,9282610,sl 65936.08
408,408,408,1718648100,1718648100150,0,1,1.17000000,66860.60000000,0.00000000,-5.12000000,0.00000000,0.00000000,3,9282610,PS PDH
409,408,409,1718648138,1718648138540,1,0,1.17000000,66936.63000000,-88.96000000,0.00000000,0.00000000,0.00000000,4,9282610,sl 66935.36
410,410,410,1718675700,1718675700150,0,0,0.26000000,65120.11000000,0.00000000,-1.14000000,0.00000000,0.00000000,3,9282610,PS PDL
411,410,411,1718676458,1718676458275,1,1,0.26000000,64786.56000000,-86.72000000,0.00000000,0.00000000,0.00000000,4,9282610,sl 64787.61
412,412,412,1718872500,1718872500150,0,1,1.29000000,65724.15000000,0.00000000,-5.64000000,0.00000000,0.00000000,3,9282610,PS PDH
413,412,413,1718875744,1718875744044,1,0,1.29000000,65591.90000000,170.60000000,0.00000000,0.00000000,0.00000000,5,9282610,tp 65591.97
414,414,414,1718893500,1718893500150,0,0,0.48000000,64795.04000000,0.00000000,-2.10000000,0.00000000,0.00000000,3,9282610,PS PDL
415,414,415,1718899478,1718899478212,1,1,0.48000000,64611.24000000,-88.22000000,0.00000000,0.00000000,0.00000000,4,9282610,sl 64611.48
416,416,416,1718943300,1718943300150,0,0,1.34000000,64549.90000000,0.00000000,-5.86000000,0.00000000,0.00000000,3,9282610,PS PDL
417,416,417,1718949398,1718949398437,1,1,1.34000000,64679.65000000,173.86000000,0.00000000,0.00000000,0.00000000,5,9282610,tp 64678.50
418,418,418,1719161700,1719161700150,0,0,1.58000000,63986.81000000,0.00000000,-6.91000000,0.00000000,0.00000000,3,9282610,PS PDL
419,418,419,1719161729,1719161729647,1,1,1.58000000,63930.14000000,-89.54000000,0.00000000,0.00000000,0.00000000,4,9282610,sl 63931.12
420,420,420,1719189600,1719189600150,0,0,0.29000000,63274.19000000,0.00000000,-1.27000000,0.00000000,0.00000000,3,9282610,PS PDL
421,420,421,1719191855,1719191855769,1,1,0.29000000,62974.10000000,-87.03000000,0.00000000,0.00000000,0.00000000,4,9282610,sl 62975.47
422,422,422,1719368400,1719368400150,0,1,0.46000000,62271.64000000,0.00000000,-2.01000000,0.00000000,0.00000000,3,9282610,PS PDH
423,422,423,1719372989,1719372989126,1,0,0.46000000,61894.81000000,173.34000000,0.00000000,0.00000000,0.00000000,5,9282610,tp 61896.18
424,424,424,1719468600,1719468600150,0,0,0.51000000,60848.96000000,0.00000000,-2.23000000,0.00000000,0.00000000,3,9282610,PS PDL
425,424,425,1719468989,1719468989441,1,1,0.51000000,60674.56000000,-88.94000000,0.00000000,0.00000000,0.00000000,4,9282610,sl 60674.67
426,426,426,1719823200,1719823200150,0,1,0.54000000,62892.05000000,0.00000000,-2.36000000,0.00000000,0.00000000,3,9282610,PS PDH
427,426,427,1719834900,1719834900000,1,0,0.54000000,62566.37000000,175.87000000,0.00000000,0.00000000,0.00000000,5,9282610,tp 62568.11
428,428,428,1719907800,1719907800150,0,0,0.76000000,62563.60000000,0.00000000,-3.33000000,0.00000000,0.00000000,3,9282610,PS PDL
429,428,429,1719907949,1719907949130,1,1,0.76000000,62444.46000000,-90.55000000,0.00000000,0.00000000,0.00000000,4,9282610,sl 62446.42
430,430,430,1720057500,1720057500150,0,0,0.23000000,59566.32000000,0.00000000,-1.01000000,0.00000000,0.00000000,3,9282610,PS PDL
431,430,431,1720057704,1720057704827,1,1,0.23000000,59173.88000000,-90.26000000,0.00000000,0.00000000,0.00000000,4,9282610,sl 59174.60
432,432,432,1720140000,1720140000150,0,0,0.22000000,57099.68000000,0.00000000,-0.96000000,0.00000000,0.00000000,3,9282610,PS PDL
433,432,433,1720146481,1720146481866,1,1,0.22000000,56701.80000000,-87.53000000,0.00000000,0.00000000,0.00000000,4,9282610,sl 56702.01
434,434,434,1720397100,1720397100150,0,0,0.74000000,55765.39000000,0.00000000,-3.24000000,0.00000000,0.00000000,3,9282610,PS PDL
435,434,435,1720397131,1720397131331,1,1,0.74000000,55646.75000000,-87.79000000,0.00000000,0.00000000,0.00000000,4,9282610,sl 55649.07
436,436,436,1720565700,1720565700150,0,1,0.42000000,58116.22000000,0.00000000,-1.84000000,0.00000000,0.00000000,3,9282610,PS PDH
437,436,437,1720569000,1720569000150,1,0,0.42000000,58114.73000000,0.62000000,0.00000000,0.00000000,0.00000000,3,9282610,
438,438,438,1720614900,1720614900150,0,1,0.19000000,58020.48000000,0.00000000,-0.83000000,0.00000000,0.00000000,3,9282610,PS PDH
439,438,439,1720655400,1720655400150,1,0,0.19000000,57821.32000000,37.84000000,0.00000000,0.00000000,0.00000000,3,9282610,
440,440,440,1720668300,1720668300150,0,0,0.26000000,57423.86000000,0.00000000,-1.14000000,0.00000000,0.00000000,3,9282610,PS PDL
441,440,441,1720677035,1720677035272,1,1,0.26000000,58094.31000000,174.32000000,0.00000000,0.00000000,0.00000000,5,9282610,tp 58092.26
442,442,442,1720750800,1720750800150,0,0,0.54000000,57147.45000000,0.00000000,-2.36000000,0.00000000,0.00000000,3,9282610,PS PDL
443,442,443,1720754379,1720754379452,1,1,0.54000000,56983.94000000,-88.29000000,0.00000000,0.00000000,0.00000000,4,9282610,sl 56986.70
444,444,444,1720866900,1720866900150,0,1,0.51000000,58539.28000000,0.00000000,-2.23000000,0.00000000,0.00000000,3,9282610,PS PDH
445,444,445,1720873838,1720873838969,1,0,0.51000000,58710.20000000,-87.17000000,0.00000000,0.00000000,0.00000000,4,9282610,sl 58709.64
446,446,446,1720931400,1720931400150,0,1,0.36000000,59801.96000000,0.00000000,-1.58000000,0.00000000,0.00000000,3,9282610,PS PDH
447,446,447,1720933177,1720933177792,1,0,0.36000000,60045.88000000,-87.81000000,0.00000000,0.00000000,0.00000000,4,9282610,sl 60043.87
448,448,448,1721007000,1721007000150,0,1,0.34000000,61468.47000000,0.00000000,-1.49000000,0.00000000,0.00000000,3,9282610,PS PDH
449,448,449,1721010395,1721010395028,1,0,0.34000000,61719.99000000,-85.52000000,0.00000000,0.00000000,0.00000000,4,9282610,sl 61719.92
450,450,450,1721088900,1721088900150,0,1,0.30000000,64704.14000000,0.00000000,-1.31000000,0.00000000,0.00000000,3,9282610,PS PDH
451,450,451,1721102919,1721102919519,1,0,0.30000000,64985.55000000,-84.43000000,0.00000000,0.00000000,0.00000000,4,9282610,sl 64984.63
452,452,452,1721175900,1721175900150,0,1,1.04000000,65328.41000000,0.00000000,-4.55000000,0.00000000,0.00000000,3,9282610,PS PDH
453,452,453,1721176288,1721176288387,1,0,1.04000000,65409.15000000,-83.97000000,0.00000000,0.00000000,0.00000000,4,9282610,sl 65407.96
454,454,454,1721314500,1721314500150,0,0,0.46000000,64015.79000000,0.00000000,-2.01000000,0.00000000,0.00000000,3,9282610,PS PDL
455,454,455,1721314840,1721314840079,1,1,0.46000000,63835.52000000,-82.92000000,0.00000000,0.00000000,0.00000000,4,9282610,sl 63836.53
456,456,456,1721397900,1721397900150,0,1,0.45000000,65052.21000000,0.00000000,-1.97000000,0.00000000,0.00000000,3,9282610,PS PDH
457,456,457,1721398093,1721398093278,1,0,0.45000000,65235.36000000,-82.42000000,0.00000000,0.00000000,0.00000000,4,9282610,sl 65234.61
458,458,458,1721496000,1721496000150,0,1,0.36000000,67386.14000000,0.00000000,-1.58000000,0.00000000,0.00000000,3,9282610,PS PDH
459,458,459,1721501258,1721501258216,1,0,0.36000000,67613.40000000,-81.81000000,0.00000000,0.00000000,0.00000000,4,9282610,sl 67612.92
460,460,460,1721581500,1721581500150,0,1,0.25000000,67412.45000000,0.00000000,-1.09000000,0.00000000,0.00000000,3,9282610,PS PDH
461,460,461,1721584347,1721584347885,1,0,0.25000000,66758.72000000,163.43000000,0.00000000,0.00000000,0.00000000,5,9282610,tp 66759.55
462,462,462,1721585700,1721585700150,0,0,0.18000000,66285.72000000,0.00000000,-0.79000000,0.00000000,0.00000000,3,9282610,PS PDL
463,462,463,1721586686,1721586686116,1,1,0.18000000,67202.07000000,164.94000000,0.00000000,0.00000000,0.00000000,5,9282610,tp 67201.06
464,464,464,1721609700,1721609700150,0,1,0.44000000,68325.77000000,0.00000000,-1.93000000,0.00000000,0.00000000,3,9282610,PS PDH
465,464,465,1721611106,1721611106903,1,0,0.44000000,67946.30000000,166.97000000,0.00000000,0.00000000,0.00000000,5,9282610,tp 67948.49
466,466,466,1721712600,1721712600150,0,0,0.44000000,66560.35000000,0.00000000,-1.93000000,0.00000000,0.00000000,3,9282610,PS PDL
467,466,467,1721712843,1721712843661,1,1,0.44000000,66365.90000000,-85.55000000,0.00000000,0.00000000,0.00000000,4,9282610,sl 66366.16
468,468,468,1721856900,1721856900150,0,0,0.22000000,65619.73000000,0.00000000,-0.96000000,0.00000000,0.00000000,3,9282610,PS PDL
469,468,469,1721862245,1721862245133,1,1,0.22000000,65229.42000000,-85.87000000,0.00000000,0.00000000,0.00000000,4,9282610,sl 65229.42
470,470,470,1721931600,1721931600150,0,0,0.74000000,65152.50000000,0.00000000,-3.24000000,0.00000000,0.00000000,3,9282610,PS PDL
471,470,471,1721931688,1721931688571,1,1,0.74000000,65039.36000000,-83.72000000,0.00000000,0.00000000,0.00000000,4,9282610,sl 65040.34
472,472,472,1721953200,1721953200150,0,1,2.84000000,66127.84000000,0.00000000,-12.43000000,0.00000000,0.00000000,3,9282610,PS PDH
473,472,473,1721953219,1721953219090,1,0,2.84000000,66157.10000000,-83.09000000,0.00000000,0.00000000,0.00000000,4,9282610,sl 66156.50
474,474,474,1722064500,1722064500150,0,1,0.97000000,68189.68000000,0.00000000,-4.24000000,0.00000000,0.00000000,3,9282610,PS PDH
475,474,475,1722065238,1722065238636,1,0,0.97000000,68275.30000000,-83.05000000,0.00000000,0.00000000,0.00000000,4,9282610,sl 68272.47
476,476,476,1722264900,1722264900150,0,1,0.32000000,68270.87000000,0.00000000,-1.40000000,0.00000000,0.00000000,3,9282610,PS PDH
477,476,477,1722266262,1722266262371,1,0,0.32000000,67772.48000000,159.49000000,0.00000000,0.00000000,0.00000000,5,9282610,tp 67773.67
478,478,478,1722270900,1722270900150,0,0,0.21000000,67204.37000000,0.00000000,-0.92000000,0.00000000,0.00000000,3,9282610,PS PDL
479,478,479,1722271476,1722271476851,1,1,0.21000000,66813.12000000,-82.16000000,0.00000000,0.00000000,0.00000000,4,9282610,sl 66814.08
480,480,480,1722300900,1722300900150,0,0,0.37000000,66575.94000000,0.00000000,-1.62000000,0.00000000,0.00000000,3,9282610,PS PDL
481,480,481,1722303686,1722303686433,1,1,0.37000000,66357.97000000,-80.65000000,0.00000000,0.00000000,0.00000000,4,9282610,sl 66359.29
482,482,482,1722456300,1722456300150,0,0,0.24000000,65362.19000000,0.00000000,-1.05000000,0.00000000,0.00000000,3,9282610,PS PDL
483,482,483,1722456697,1722456697665,1,1,0.24000000,65023.11000000,-81.38000000,0.00000000,0.00000000,0.00000000,4,9282610,sl 65024.94
484,484,484,1722472200,1722472200150,0,0,0.48000000,64572.28000000,0.00000000,-2.10000000,0.00000000,0.00000000,3,9282610,PS PDL
485,484,485,1722473246,1722473246631,1,1,0.48000000,64407.20000000,-79.23000000,0.00000000,0.00000000,0.00000000,4,9282610,sl 64408.13
486,486,486,1722645600,1722645600150,0,0,0.88000000,61403.67000000,0.00000000,-3.85000000,0.00000000,0.00000000,3,9282610,PS PDL
487,486,487,1722646424,1722646424554,1,1,0.88000000,61315.10000000,-77.94000000,0.00000000,0.00000000,0.00000000,4,9282610,sl 61315.40
488,488,488,1722998100,1722998100150,0,1,0.34000000,57124.69000000,0.00000000,-1.49000000,0.00000000,0.00000000,3,9282610,PS PDH
489,488,489,1722998859,1722998859468,1,0,0.34000000,56661.52000000,157.47000000,0.00000000,0.00000000,0.00000000,5,9282610,tp 56662.17
490,490,490,1723124100,1723124100150,0,1,0.29000000,57628.70000000,0.00000000,-1.27000000,0.00000000,0.00000000,3,9282610,PS PDH
491,490,491,1723124920,1723124920260,1,0,0.29000000,57071.49000000,161.59000000,0.00000000,0.00000000,0.00000000,5,9282610,tp 57072.02
492,492,492,1723368600,1723368600150,0,1,0.56000000,61434.57000000,0.00000000,-2.45000000,0.00000000,0.00000000,3,9282610,PS PDH
493,492,493,1723369122,1723369122522,1,0,0.56000000,61147.53000000,160.74000000,0.00000000,0.00000000,0.00000000,5,9282610,tp 61148.81
494,494,494,1723378800,1723378800150,0,0,0.32000000,60494.72000000,0.00000000,-1.40000000,0.00000000,0.00000000,3,9282610,PS PDL
495,494,495,1723381888,1723381888095,1,1,0.32000000,60238.73000000,-81.92000000,0.00000000,0.00000000,0.00000000,4,9282610,sl 60239.91
496,496,496,1723422900,1723422900150,0,0,0.25000000,58468.31000000,0.00000000,-1.09000000,0.00000000,0.00000000,3,9282610,PS PDL
497,496,497,1723446867,1723446867769,1,1,0.25000000,58131.30000000,-84.25000000,0.00000000,0.00000000,0.00000000,4,9282610,sl 58132.32
498,498,498,1723567500,1723567500150,0,1,1.25000000,60656.43000000,0.00000000,-5.47000000,0.00000000,0.00000000,3,9282610,PS PDH
499,498,499,1723567530,1723567530710,1,0,1.25000000,60721.22000000,-80.99000000,0.00000000,0.00000000,0.00000000,4,9282610,sl 60721.14
500,500,500,1723638900,1723638900150,0,1,0.14000000,61339.54000000,0.00000000,-0.61000000,0.00000000,0.00000000,3,9282610,PS PDH
501,500,501,1723643065,1723643065551,1,0,0.14000000,60178.34000000,162.57000000,0.00000000,0.00000000,0.00000000,5,9282610,tp 60179.15
502,502,502,1723673100,1723673100150,0,0,0.35000000,58674.05000000,0.00000000,-1.53000000,0.00000000,0.00000000,3,9282610,PS PDL
503,502,503,1723679400,1723679400150,1,1,0.35000000,58787.86000000,39.83000000,0.00000000,0.00000000,0.00000000,3,9282610,
504,504,504,1723689600,1723689600150,0,0,0.53000000,58469.66000000,0.00000000,-2.32000000,0.00000000,0.00000000,3,9282610,PS PDL
505,504,505,1723695276,1723695276046,1,1,0.53000000,58315.25000000,-81.84000000,0.00000000,0.00000000,0.00000000,4,9282610,sl 58315.68
506,506,506,1723836900,1723836900150,0,1,0.57000000,59747.12000000,0.00000000,-2.49000000,0.00000000,0.00000000,3,9282610,PS PDH
507,506,507,1723837177,1723837177839,1,0,0.57000000,59890.28000000,-81.60000000,0.00000000,0.00000000,0.00000000,4,9282610,sl 59889.79
508,508,508,1723941600,1723941600150,0,1,2.53000000,59761.84000000,0.00000000,-11.07000000,0.00000000,0.00000000,3,9282610,PS PDH
509,508,509,1723941749,1723941749565,1,0,2.53000000,59793.86000000,-81.01000000,0.00000000,0.00000000,0.00000000,4,9282610,sl 59793.26
510,510,510,1724024700,1724024700150,0,0,1.30000000,58866.99000000,0.00000000,-5.69000000,0.00000000,0.00000000,3,9282610,PS PDL
511,510,511,1724024741,1724024741081,1,1,1.30000000,58805.73000000,-79.64000000,0.00000000,0.00000000,0.00000000,4,9282610,sl 58806.52
512,512,512,1724026500,1724026500150,0,0,0.21000000,58695.57000000,0.00000000,-0.92000000,0.00000000,0.00000000,3,9282610,PS PDL
513,512,513,1724026896,1724026896581,1,1,0.21000000,58315.28000000,-79.86000000,0.00000000,0.00000000,0.00000000,4,9282610,sl 58316.15
514,514,514,1724165700,1724165700150,0,1,0.60000000,59634.80000000,0.00000000,-2.63000000,0.00000000,0.00000000,3,9282610,PS PDH
515,514,515,1724166021,1724166021061,1,0,0.60000000,59375.56000000,155.54000000,0.00000000,0.00000000,0.00000000,5,9282610,tp 59377.84
516,516,516,1724269500,1724269500150,0,1,0.30000000,61198.24000000,0.00000000,-1.31000000,0.00000000,0.00000000,3,9282610,PS PDH
517,516,517,1724269875,1724269875509,1,0,0.30000000,61459.24000000,-78.30000000,0.00000000,0.00000000,0.00000000,4,9282610,sl 61459.11
518,518,518,1724424600,1724424600150,0,1,0.09000000,60815.26000000,0.00000000,-0.39000000,0.00000000,0.00000000,3,9282610,PS PDH
519,518,519,1724427510,1724427510742,1,0,0.09000000,61676.41000000,-77.51000000,0.00000000,0.00000000,0.00000000,4,9282610,sl 61676.11
520,520,520,1724544600,1724544600150,0,1,0.27000000,64341.47000000,0.00000000,-1.18000000,0.00000000,0.00000000,3,9282610,PS PDH
521,520,521,1724620901,1724620901073,1,0,0.27000000,64634.34000000,-79.07000000,0.00000000,0.00000000,0.00000000,4,9282610,sl 64632.47
522,522,522,1724639100,1724639100150,0,0,0.42000000,63973.36000000,0.00000000,-1.84000000,0.00000000,0.00000000,3,9282610,PS PDL
523,522,523,1724655005,1724655005631,1,1,0.42000000,63791.50000000,-76.38000000,0.00000000,0.00000000,0.00000000,4,9282610,sl 63791.67
524,524,524,1724717100,1724717100150,0,0,0.90000000,62838.43000000,0.00000000,-3.94000000,0.00000000,0.00000000,3,9282610,PS PDL
525,524,525,1724718042,1724718042151,1,1,0.90000000,63008.22000000,152.81000000,0.00000000,0.00000000,0.00000000,5,9282610,tp 63006.89
526,526,526,1724862600,1724862600150,0,0,0.17000000,58456.53000000,0.00000000,-0.74000000,0.00000000,0.00000000,3,9282610,PS PDL
527,526,527,1724871271,1724871271496,1,1,0.17000000,59401.30000000,160.61000000,0.00000000,0.00000000,0.00000000,5,9282610,tp 59400.97
528,528,528,1724932800,1724932800150,0,1,0.47000000,60097.65000000,0.00000000,-2.06000000,0.00000000,0.00000000,3,9282610,PS PDH
529,528,529,1724934397,1724934397099,1,0,0.47000000,60265.79000000,-79.02000000,0.00000000,0.00000000,0.00000000,4,9282610,sl 60264.62
530,530,530,1724995200,1724995200150,0,0,0.63000000,58855.29000000,0.00000000,-2.76000000,0.00000000,0.00000000,3,9282610,PS PDL
531,530,531,1724999859,1724999859032,1,1,0.63000000,59104.28000000,156.87000000,0.00000000,0.00000000,0.00000000,5,9282610,tp 59104.01
532,532,532,1725238500,1725238500150,0,0,0.35000000,57382.03000000,0.00000000,-1.53000000,0.00000000,0.00000000,3,9282610,PS PDL
533,532,533,1725255612,1725255612393,1,1,0.35000000,57835.31000000,158.65000000,0.00000000,0.00000000,0.00000000,5,9282610,tp 57834.95
534,534,534,1725310500,1725310500150,0,1,2.71000000,59139.16000000,0.00000000,-11.86000000,0.00000000,0.00000000,3,9282610,PS PDH
535,534,535,1725310519,1725310519363,1,0,2.71000000,59170.27000000,-84.31000000,0.00000000,0.00000000,0.00000000,4,9282610,sl 59169.31
536,536,536,1725332100,1725332100150,0,1,0.76000000,59429.60000000,0.00000000,-3.33000000,0.00000000,0.00000000,3,9282610,PS PDH
537,536,537,1725334097,1725334097073,1,0,0.76000000,59219.47000000,159.70000000,0.00000000,0.00000000,0.00000000,5,9282610,tp 59219.88
538,538,538,1725461700,1725461700150,0,0,0.42000000,57453.10000000,0.00000000,-1.84000000,0.00000000,0.00000000,3,9282610,PS PDL
539,538,539,1725464680,1725464680505,1,1,0.42000000,57844.15000000,164.24000000,0.00000000,0.00000000,0.00000000,5,9282610,tp 57843.98
540,540,540,1725608700,1725608700150,0,0,0.32000000,55733.69000000,0.00000000,-1.40000000,0.00000000,0.00000000,3,9282610,PS PDL
541,540,541,1725618735,1725618735473,1,1,0.32000000,56252.36000000,165.98000000,0.00000000,0.00000000,0.00000000,5,9282610,tp 56251.83
542,542,542,1725810900,1725810900150,0,0,1.73000000,53821.60000000,0.00000000,-7.57000000,0.00000000,0.00000000,3,9282610,PS PDL
543,542,543,1725810927,1725810927350,1,1,1.73000000,53772.36000000,-85.19000000,0.00000000,0.00000000,0.00000000,4,9282610,sl 53772.79
544,544,544,1725834900,1725834900150,0,1,0.23000000,54916.04000000,0.00000000,-1.01000000,0.00000000,0.00000000,3,9282610,PS PDH
545,544,545,1725839400,1725839400150,1,0,0.23000000,55019.13000000,-23.71000000,0.00000000,0.00000000,0.00000000,3,9282610,
546,546,546,1725843900,1725843900150,0,1,1.17000000,55345.11000000,0.00000000,-5.12000000,0.00000000,0.00000000,3,9282610,PS PDH
547,546,547,1725844203,1725844203843,1,0,1.17000000,55201.90000000,167.56000000,0.00000000,0.00000000,0.00000000,5,9282610,tp 55202.45
548,548,548,1726028700,1726028700150,0,0,0.42000000,56488.47000000,0.00000000,-1.84000000,0.00000000,0.00000000,3,9282610,PS PDL
549,548,549,1726030213,1726030213708,1,1,0.42000000,56283.17000000,-86.23000000,0.00000000,0.00000000,0.00000000,4,9282610,sl 56283.53
550,550,550,1726107300,1726107300150,0,1,0.28000000,57990.83000000,0.00000000,-1.23000000,0.00000000,0.00000000,3,9282610,PS PDH
551,550,551,1726110338,1726110338549,1,0,0.28000000,58293.21000000,-84.67000000,0.00000000,0.00000000,0.00000000,4,9282610,sl 58292.54
552,552,552,1726239600,1726239600150,0,1,0.75000000,58504.40000000,0.00000000,-3.28000000,0.00000000,0.00000000,3,9282610,PS PDH
553,552,553,1726240937,1726240937298,1,0,0.75000000,58617.30000000,-84.68000000,0.00000000,0.00000000,0.00000000,4,9282610,sl 58615.73
554,554,554,1726438500,1726438500150,0,0,1.06000000,59470.75000000,0.00000000,-4.64000000,0.00000000,0.00000000,3,9282610,PS PDL
555,554,555,1726441418,1726441418486,1,1,1.06000000,59392.32000000,-83.14000000,0.00000000,0.00000000,0.00000000,4,9282610,sl 59392.56
556,556,556,1726447500,1726447500150,0,0,0.51000000,58789.88000000,0.00000000,-2.23000000,0.00000000,0.00000000,3,9282610,PS PDL
557,556,557,1726449197,1726449197394,1,1,0.51000000,58629.87000000,-81.61000000,0.00000000,0.00000000,0.00000000,4,9282610,sl 58630.24
558,558,558,1726569600,1726569600150,0,1,0.96000000,59196.63000000,0.00000000,-4.20000000,0.00000000,0.00000000,3,9282610,PS PDH
559,558,559,1726569960,1726569960229,1,0,0.96000000,59281.06000000,-81.06000000,0.00000000,0.00000000,0.00000000,4,9282610,sl 59280.48
560,560,560,1726702800,1726702800150,0,1,0.62000000,61290.32000000,0.00000000,-2.71000000,0.00000000,0.00000000,3,9282610,PS PDH
561,560,561,1726703400,1726703400150,1,0,0.62000000,61266.26000000,14.92000000,0.00000000,0.00000000,0.00000000,3,9282610,
562,562,562,1726709400,1726709400150,0,1,0.57000000,61769.76000000,0.00000000,-2.49000000,0.00000000,0.00000000,3,9282610,PS PDH
563,562,563,1726710014,1726710014769,1,0,0.57000000,61910.56000000,-80.26000000,0.00000000,0.00000000,0.00000000,4,9282610,sl 61910.42
564,564,564,1726805100,1726805100150,0,1,3.34000000,63911.19000000,0.00000000,-14.61000000,0.00000000,0.00000000,3,9282610,PS PDH
565,564,565,1726805138,1726805138098,1,0,3.34000000,63863.60000000,158.95000000,0.00000000,0.00000000,0.00000000,5,9282610,tp 63863.81
566,566,566,1726998900,1726998900150,0,0,1.63000000,62727.94000000,0.00000000,-7.13000000,0.00000000,0.00000000,3,9282610,PS PDL
567,566,567,1726998936,1726998936346,1,1,1.63000000,62677.65000000,-81.97000000,0.00000000,0.00000000,0.00000000,4,9282610,sl 62678.35
568,568,568,1727045100,1727045100150,0,1,0.32000000,63504.96000000,0.00000000,-1.40000000,0.00000000,0.00000000,3,9282610,PS PDH
569,568,569,1727045609,1727045609999,1,0,0.32000000,63759.96000000,-81.60000000,0.00000000,0.00000000,0.00000000,4,9282610,sl 63758.48
570,570,570,1727060700,1727060700150,0,1,2.11000000,63990.19000000,0.00000000,-9.23000000,0.00000000,0.00000000,3,9282610,PS PDH
571,570,571,1727060739,1727060739461,1,0,2.11000000,64027.92000000,-79.61000000,0.00000000,0.00000000,0.00000000,4,9282610,sl 64027.58
572,572,572,1727228700,1727228700150,0,1,0.35000000,64606.69000000,0.00000000,-1.53000000,0.00000000,0.00000000,3,9282610,PS PDH
573,572,573,1727243404,1727243404897,1,0,0.35000000,64160.50000000,156.16000000,0.00000000,0.00000000,0.00000000,5,9282610,tp 64160.73
574,574,574,1727312100,1727312100150,0,0,0.53000000,62982.10000000,0.00000000,-2.32000000,0.00000000,0.00000000,3,9282610,PS PDL
575,574,575,1727312909,1727312909999,1,1,0.53000000,62827.68000000,-81.84000000,0.00000000,0.00000000,0.00000000,4,9282610,sl 62830.39
576,576,576,1727360100,1727360100150,0,1,0.75000000,64805.94000000,0.00000000,-3.28000000,0.00000000,0.00000000,3,9282610,PS PDH
577,576,577,1727360251,1727360251235,1,0,0.75000000,64913.08000000,-80.35000000,0.00000000,0.00000000,0.00000000,4,9282610,sl 64911.90
578,578,578,1727427900,1727427900150,0,1,0.95000000,65811.89000000,0.00000000,-4.16000000,0.00000000,0.00000000,3,9282610,PS PDH
579,578,579,1727428057,1727428057719,1,0,0.95000000,65894.54000000,-78.51000000,0.00000000,0.00000000,0.00000000,4,9282610,sl 65894.36
580,580,580,1727654700,1727654700150,0,0,0.56000000,65581.38000000,0.00000000,-2.45000000,0.00000000,0.00000000,3,9282610,PS PDL
581,580,581,1727655783,1727655783620,1,1,0.56000000,65443.39000000,-77.27000000,0.00000000,0.00000000,0.00000000,4,9282610,sl 65444.14
582,582,582,1727791200,1727791200150,0,0,0.33000000,62858.16000000,0.00000000,-1.44000000,0.00000000,0.00000000,3,9282610,PS PDL
583,582,583,1727791831,1727791831862,1,1,0.33000000,62626.54000000,-76.43000000,0.00000000,0.00000000,0.00000000,4,9282610,sl 62627.08
584,584,584,1727898000,1727898000150,0,0,0.27000000,60338.36000000,0.00000000,-1.18000000,0.00000000,0.00000000,3,9282610,PS PDL
585,584,585,1727898205,1727898205461,1,1,0.27000000,60049.44000000,-78.01000000,0.00000000,0.00000000,0.00000000,4,9282610,sl 60050.08
586,586,586,1727961600,1727961600150,0,0,0.25000000,60144.45000000,0.00000000,-1.09000000,0.00000000,0.00000000,3,9282610,PS PDL
587,586,587,1727964458,1727964458945,1,1,0.25000000,60761.77000000,154.33000000,0.00000000,0.00000000,0.00000000,5,9282610,tp 60761.53
588,588,588,1728028800,1728028800150,0,1,1.75000000,61433.84000000,0.00000000,-7.66000000,0.00000000,0.00000000,3,9282610,PS PDH
589,588,589,1728029742,1728029742715,1,0,1.75000000,61346.13000000,153.49000000,0.00000000,0.00000000,0.00000000,5,9282610,tp 61346.76
590,590,590,1728225300,1728225300150,0,1,1.05000000,62344.77000000,0.00000000,-4.59000000,0.00000000,0.00000000,3,9282610,PS PDH
591,590,591,1728225387,1728225387401,1,0,1.05000000,62419.63000000,-78.60000000,0.00000000,0.00000000,0.00000000,4,9282610,sl 62419.10
592,592,592,1728296700,1728296700150,0,1,0.63000000,62982.54000000,0.00000000,-2.76000000,0.00000000,0.00000000,3,9282610,PS PDH
593,592,593,1728299190,1728299190175,1,0,0.63000000,62736.75000000,154.85000000,0.00000000,0.00000000,0.00000000,5,9282610,tp 62738.18
594,594,594,1728372300,1728372300150,0,0,0.47000000,62145.94000000,0.00000000,-2.06000000,0.00000000,0.00000000,3,9282610,PS PDL
595,594,595,1728381027,1728381027898,1,1,0.47000000,62480.51000000,157.25000000,0.00000000,0.00000000,0.00000000,5,9282610,tp 62479.02
596,596,596,1728477900,1728477900150,0,0,0.64000000,61845.08000000,0.00000000,-2.80000000,0.00000000,0.00000000,3,9282610,PS PDL
597,596,597,1728478084,1728478084205,1,1,0.64000000,61717.82000000,-81.45000000,0.00000000,0.00000000,0.00000000,4,9282610,sl 61719.34
598,598,598,1728579600,1728579600150,0,0,1.11000000,60270.14000000,0.00000000,-4.86000000,0.00000000,0.00000000,3,9282610,PS PDL
599,598,599,1728579734,1728579734016,1,1,1.11000000,60412.79000000,158.34000000,0.00000000,0.00000000,0.00000000,5,9282610,tp 60412.34
600,600,600,1728648900,1728648900150,0,1,0.78000000,61175.87000000,0.00000000,-3.41000000,0.00000000,0.00000000,3,9282610,PS PDH
601,600,601,1728649803,1728649803741,1,0,0.78000000,61280.66000000,-81.73000000,0.00000000,0.00000000,0.00000000,4,9282610,sl 61279.64
602,602,602,1728746100,1728746100150,0,1,1.18000000,63471.93000000,0.00000000,-5.16000000,0.00000000,0.00000000,3,9282610,PS PDH
603,602,603,1728746814,1728746814545,1,0,1.18000000,63336.36000000,159.98000000,0.00000000,0.00000000,0.00000000,5,9282610,tp 63336.61
604,604,604,1728837300,1728837300150,0,0,0.42000000,62678.94000000,0.00000000,-1.84000000,0.00000000,0.00000000,3,9282610,PS PDL
605,604,605,1728841478,1728841478048,1,1,0.42000000,62481.93000000,-82.74000000,0.00000000,0.00000000,0.00000000,4,9282610,sl 62482.89
606,606,606,1729003200,1729003200150,0,1,0.11000000,65873.76000000,0.00000000,-0.48000000,0.00000000,0.00000000,3,9282610,PS PDH
607,606,607,1729009178,1729009178753,1,0,0.11000000,66624.79000000,-82.62000000,0.00000000,0.00000000,0.00000000,4,9282610,sl 66624.72
608,608,608,1729077900,1729077900150,0,1,1.66000000,67921.19000000,0.00000000,-7.26000000,0.00000000,0.00000000,3,9282610,PS PDH
609,608,609,1729077929,1729077929785,1,0,1.66000000,67969.43000000,-80.07000000,0.00000000,0.00000000,0.00000000,4,9282610,sl 67969.00
610,610,610,1729172400,1729172400150,0,0,0.32000000,66884.63000000,0.00000000,-1.40000000,0.00000000,0.00000000,3,9282610,PS PDL
611,610,611,1729174061,1729174061341,1,1,0.32000000,66638.51000000,-78.76000000,0.00000000,0.00000000,0.00000000,4,9282610,sl 66638.60
612,612,612,1729216200,1729216200150,0,1,3.47000000,67927.58000000,0.00000000,-15.18000000,0.00000000,0.00000000,3,9282610,PS PDH
613,612,613,1729216238,1729216238023,1,0,3.47000000,67950.06000000,-78.01000000,0.00000000,0.00000000,0.00000000,4,9282610,sl 67949.98
614,614,614,1729434600,1729434600150,0,1,1.47000000,68636.44000000,0.00000000,-6.43000000,0.00000000,0.00000000,3,9282610,PS PDH
615,614,615,1729434638,1729434638035,1,0,1.47000000,68689.16000000,-77.50000000,0.00000000,0.00000000,0.00000000,4,9282610,sl 68688.84
616,616,616,1729470300,1729470300150,0,1,0.48000000,69327.46000000,0.00000000,-2.10000000,0.00000000,0.00000000,3,9282610,PS PDH
617,616,617,1729470663,1729470663913,1,0,0.48000000,69486.49000000,-76.34000000,0.00000000,0.00000000,0.00000000,4,9282610,sl 69485.78
618,618,618,1729514400,1729514400150,0,0,0.58000000,68168.78000000,0.00000000,-2.54000000,0.00000000,0.00000000,3,9282610,PS PDL
619,618,619,1729514668,1729514668831,1,1,0.58000000,68037.74000000,-76.00000000,0.00000000,0.00000000,0.00000000,4,9282610,sl 68038.35
620,620,620,1729557900,1729557900150,0,0,0.25000000,66923.93000000,0.00000000,-1.09000000,0.00000000,0.00000000,3,9282610,PS PDL
621,620,621,1729562499,1729562499801,1,1,0.25000000,67527.69000000,150.94000000,0.00000000,0.00000000,0.00000000,5,9282610,tp 67527.21
622,622,622,1729673700,1729673700150,0,0,1.00000000,66584.71000000,0.00000000,-4.38000000,0.00000000,0.00000000,3,9282610,PS PDL
623,622,623,1729673837,1729673837826,1,1,1.00000000,66507.88000000,-76.83000000,0.00000000,0.00000000,0.00000000,4,9282610,sl 66508.88
624,624,624,1729731600,1729731600150,0,1,2.05000000,67366.01000000,0.00000000,-8.97000000,0.00000000,0.00000000,3,9282610,PS PDH
625,624,625,1729731602,1729731602393,1,0,2.05000000,67403.39000000,-76.63000000,0.00000000,0.00000000,0.00000000,4,9282610,sl 67402.67
626,626,626,1729879500,1729879500150,0,0,0.25000000,66556.26000000,0.00000000,-1.09000000,0.00000000,0.00000000,3,9282610,PS PDL
627,626,627,1729879651,1729879651491,1,1,0.25000000,66249.26000000,-76.75000000,0.00000000,0.00000000,0.00000000,4,9282610,sl 66250.09
628,628,628,1730032800,1730032800150,0,1,1.74000000,67372.02000000,0.00000000,-7.61000000,0.00000000,0.00000000,3,9282610,PS PDH
629,628,629,1730034199,1730034199925,1,0,1.74000000,67414.93000000,-74.67000000,0.00000000,0.00000000,0.00000000,4,9282610,sl 67414.27
630,630,630,1730105700,1730105700150,0,1,0.78000000,68276.52000000,0.00000000,-3.41000000,0.00000000,0.00000000,3,9282610,PS PDH
631,630,631,1730106601,1730106601551,1,0,0.78000000,68370.76000000,-73.50000000,0.00000000,0.00000000,0.00000000,4,9282610,sl 68370.46
632,632,632,1730167200,1730167200150,0,1,0.93000000,70254.13000000,0.00000000,-4.07000000,0.00000000,0.00000000,3,9282610,PS PDH
633,632,633,1730167401,1730167401013,1,0,0.93000000,70333.68000000,-73.98000000,0.00000000,0.00000000,0.00000000,4,9282610,sl 70332.09
634,634,634,1730382600,1730382600150,0,0,1.10000000,71385.65000000,0.00000000,-4.81000000,0.00000000,0.00000000,3,9282610,PS PDL
635,634,635,1730382641,1730382641929,1,1,1.10000000,71515.88000000,143.25000000,0.00000000,0.00000000,0.00000000,5,9282610,tp 71514.83
636,636,636,1730424900,1730424900150,0,0,0.29000000,69650.81000000,0.00000000,-1.27000000,0.00000000,0.00000000,3,9282610,PS PDL
637,636,637,1730425840,1730425840740,1,1,0.29000000,69391.43000000,-75.22000000,0.00000000,0.00000000,0.00000000,4,9282610,sl 69393.72
638,638,638,1730596800,1730596800150,0,0,1.26000000,68982.30000000,0.00000000,-5.51000000,0.00000000,0.00000000,3,9282610,PS PDL
639,638,639,1730597753,1730597753333,1,1,1.26000000,69096.42000000,143.79000000,0.00000000,0.00000000,0.00000000,5,9282610,tp 69096.20
640,640,640,1730689500,1730689500150,0,1,0.40000000,69269.37000000,0.00000000,-1.75000000,0.00000000,0.00000000,3,9282610,PS PDH
641,640,641,1730698204,1730698204434,1,0,0.40000000,68900.92000000,147.38000000,0.00000000,0.00000000,0.00000000,5,9282610,tp 68900.99
642,642,642,1730741100,1730741100150,0,0,0.15000000,67714.57000000,0.00000000,-0.66000000,0.00000000,0.00000000,3,9282610,PS PDL
643,642,643,1730755470,1730755470263,1,1,0.15000000,67201.56000000,-76.96000000,0.00000000,0.00000000,0.00000000,4,9282610,sl 67202.29
644,644,644,1730817000,1730817000150,0,1,0.51000000,69316.69000000,0.00000000,-2.23000000,0.00000000,0.00000000,3,9282610,PS PDH
645,644,645,1730817035,1730817035974,1,0,0.51000000,69463.57000000,-74.91000000,0.00000000,0.00000000,0.00000000,4,9282610,sl 69463.03
646,646,646,1731002400,1731002400150,0,1,0.33000000,76337.57000000,0.00000000,-1.44000000,0.00000000,0.00000000,3,9282610,PS PDH
647,646,647,1731002859,1731002859945,1,0,0.33000000,75886.45000000,148.87000000,0.00000000,0.00000000,0.00000000,5,9282610,tp 75887.13
648,648,648,1731091500,1731091500150,0,1,0.39000000,76876.85000000,0.00000000,-1.71000000,0.00000000,0.00000000,3,9282610,PS PDH
649,648,649,1731093338,1731093338085,1,0,0.39000000,77070.93000000,-75.69000000,0.00000000,0.00000000,0.00000000,4,9282610,sl 77069.96
650,650,650,1731200100,1731200100150,0,1,1.39000000,76882.86000000,0.00000000,-6.08000000,0.00000000,0.00000000,3,9282610,PS PDH
651,650,651,1731200124,1731200124545,1,0,1.39000000,76936.67000000,-74.79000000,0.00000000,0.00000000,0.00000000,4,9282610,sl 76936.04
652,652,652,1731290100,1731290100150,0,1,0.22000000,81452.24000000,0.00000000,-0.96000000,0.00000000,0.00000000,3,9282610,PS PDH
653,652,653,1731297012,1731297012151,1,0,0.22000000,81794.64000000,-75.33000000,0.00000000,0.00000000,0.00000000,4,9282610,sl 81793.68
654,654,654,1731394800,1731394800150,0,1,0.26000000,89606.37000000,0.00000000,-1.14000000,0.00000000,0.00000000,3,9282610,PS PDH
655,654,655,1731395608,1731395608390,1,0,0.26000000,89894.67000000,-74.95000000,0.00000000,0.00000000,0.00000000,4,9282610,sl 89894.31
656,656,656,1731528300,1731528300150,0,1,0.09000000,89489.56000000,0.00000000,-0.39000000,0.00000000,0.00000000,3,9282610,PS PDH
657,656,657,1731528518,1731528518131,1,0,0.09000000,90373.53000000,-79.56000000,0.00000000,0.00000000,0.00000000,4,9282610,sl 90371.72
658,658,658,1731707700,1731707700150,0,1,0.55000000,91748.41000000,0.00000000,-2.41000000,0.00000000,0.00000000,3,9282610,PS PDH
659,658,659,1731707740,1731707740073,1,0,0.55000000,91877.02000000,-70.73000000,0.00000000,0.00000000,0.00000000,4,9282610,sl 91876.59
660,660,660,1731808500,1731808500150,0,0,0.98000000,90090.26000000,0.00000000,-4.29000000,0.00000000,0.00000000,3,9282610,PS PDL
661,660,661,1731808503,1731808503661,1,1,0.98000000,90016.66000000,-72.12000000,0.00000000,0.00000000,0.00000000,4,9282610,sl 90018.98
662,662,662,1731912300,1731912300150,0,1,0.81000000,91370.54000000,0.00000000,-3.54000000,0.00000000,0.00000000,3,9282610,PS PDH
663,662,663,1731912328,1731912328252,1,0,0.81000000,91456.42000000,-69.56000000,0.00000000,0.00000000,0.00000000,4,9282610,sl 91456.29
664,664,664,1732022400,1732022400150,0,1,0.20000000,92403.51000000,0.00000000,-0.88000000,0.00000000,0.00000000,3,9282610,PS PDH
665,664,665,1732023219,1732023219342,1,0,0.20000000,91701.95000000,140.31000000,0.00000000,0.00000000,0.00000000,5,9282610,tp 91705.79
666,666,666,1732119900,1732119900150,0,1,0.13000000,93843.75000000,0.00000000,-0.57000000,0.00000000,0.00000000,3,9282610,PS PDH
667,666,667,1732122279,1732122279230,1,0,0.13000000,94394.66000000,-71.62000000,0.00000000,0.00000000,0.00000000,4,9282610,sl 94393.00
668,668,668,1732149000,1732149000150,0,1,1.06000000,94901.57000000,0.00000000,-4.64000000,0.00000000,0.00000000,3,9282610,PS PDH
669,668,669,1732149035,1732149035166,1,0,1.06000000,94769.63000000,139.85000000,0.00000000,0.00000000,0.00000000,5,9282610,tp 94771.07
670,670,670,1732245900,1732245900150,0,1,0.24000000,99095.34000000,0.00000000,-1.05000000,0.00000000,0.00000000,3,9282610,PS PDH
671,670,671,1732246779,1732246779849,1,0,0.24000000,98483.22000000,146.91000000,0.00000000,0.00000000,0.00000000,5,9282610,tp 98484.54
672,672,672,1732451400,1732451400150,0,0,0.34000000,97275.86000000,0.00000000,-1.49000000,0.00000000,0.00000000,3,9282610,PS PDL
673,672,673,1732451493,1732451493818,1,1,0.34000000,97059.08000000,-73.70000000,0.00000000,0.00000000,0.00000000,4,9282610,sl 97059.71
674,674,674,1732526100,1732526100150,0,1,0.42000000,98603.95000000,0.00000000,-1.84000000,0.00000000,0.00000000,3,9282610,PS PDH
675,674,675,1732526248,1732526248037,1,0,0.42000000,98775.80000000,-72.18000000,0.00000000,0.00000000,0.00000000,4,9282610,sl 98775.34
676,676,676,1732548600,1732548600150,0,0,0.13000000,96099.89000000,0.00000000,-0.57000000,0.00000000,0.00000000,3,9282610,PS PDL
677,676,677,1732554340,1732554340155,1,1,0.13000000,95530.40000000,-74.04000000,0.00000000,0.00000000,0.00000000,4,9282610,sl 95531.62
678,678,678,1732609500,1732609500150,0,0,0.13000000,92984.70000000,0.00000000,-0.57000000,0.00000000,0.00000000,3,9282610,PS PDL
679,678,679,1732609782,1732609782962,1,1,0.13000000,92438.09000000,-71.06000000,0.00000000,0.00000000,0.00000000,4,9282610,sl 92438.50
680,680,680,1732850400,1732850400150,0,1,0.66000000,96683.59000000,0.00000000,-2.89000000,0.00000000,0.00000000,3,9282610,PS PDH
681,680,681,1732851395,1732851395476,1,0,0.66000000,96788.91000000,-69.51000000,0.00000000,0.00000000,0.00000000,4,9282610,sl 96788.23
682,682,682,1733018700,1733018700150,0,0,0.46000000,96285.69000000,0.00000000,-2.01000000,0.00000000,0.00000000,3,9282610,PS PDL
683,682,683,1733019399,1733019399357,1,1,0.46000000,96135.64000000,-69.03000000,0.00000000,0.00000000,0.00000000,4,9282610,sl 96136.64
684,684,684,1733077200,1733077200150,0,1,0.44000000,97504.67000000,0.00000000,-1.93000000,0.00000000,0.00000000,3,9282610,PS PDH
685,684,685,1733080997,1733080997692,1,0,0.44000000,97195.45000000,136.05000000,0.00000000,0.00000000,0.00000000,5,9282610,tp 97196.31
686,686,686,1733103300,1733103300150,0,1,0.19000000,97922.54000000,0.00000000,-0.83000000,0.00000000,0.00000000,3,9282610,PS PDH
687,686,687,1733111005,1733111005811,1,0,0.19000000,97161.66000000,144.56000000,0.00000000,0.00000000,0.00000000,5,9282610,tp 97162.66
688,688,688,1733146200,1733146200150,0,0,0.50000000,95769.44000000,0.00000000,-2.19000000,0.00000000,0.00000000,3,9282610,PS PDL
689,688,689,1733147082,1733147082145,1,1,0.50000000,95628.75000000,-70.34000000,0.00000000,0.00000000,0.00000000,4,9282610,sl 95629.11
690,690,690,1733233200,1733233200150,0,0,0.29000000,94612.58000000,0.00000000,-1.27000000,0.00000000,0.00000000,3,9282610,PS PDL
691,690,691,1733233301,1733233301367,1,1,0.29000000,94364.76000000,-71.87000000,0.00000000,0.00000000,0.00000000,4,9282610,sl 94365.40
692,692,692,1733277600,1733277600150,0,1,0.94000000,96366.99000000,0.00000000,-4.11000000,0.00000000,0.00000000,3,9282610,PS PDH
693,692,693,1733277797,1733277797468,1,0,0.94000000,96218.21000000,139.85000000,0.00000000,0.00000000,0.00000000,5,9282610,tp 96219.31
694,694,694,1733428500,1733428500150,0,1,0.14000000,99111.02000000,0.00000000,-0.61000000,0.00000000,0.00000000,3,9282610,PS PDH
695,694,695,1733429919,1733429919379,1,0,0.14000000,98080.70000000,144.24000000,0.00000000,0.00000000,0.00000000,5,9282610,tp 98081.72
696,696,696,1733438100,1733438100150,0,0,0.05000000,95468.26000000,0.00000000,-0.22000000,0.00000000,0.00000000,3,9282610,PS PDL
697,696,697,1733442600,1733442600150,1,1,0.05000000,97035.38000000,78.36000000,0.00000000,0.00000000,0.00000000,3,9282610,
698,698,698,1733648700,1733648700150,0,0,0.40000000,99060.99000000,0.00000000,-1.75000000,0.00000000,0.00000000,3,9282610,PS PDL
699,698,699,1733651657,1733651657391,1,1,0.40000000,98876.08000000,-73.97000000,0.00000000,0.00000000,0.00000000,4,9282610,sl 98877.04
700,700,700,1733666400,1733666400150,0,1,0.59000000,100465.88000000,0.00000000,-2.58000000,0.00000000,0.00000000,3,9282610,PS PDH
701,700,701,1733666849,1733666849058,1,0,0.59000000,100220.86000000,144.56000000,0.00000000,0.00000000,0.00000000,5,9282610,tp 100221.38
702,702,702,1733716500,1733716500150,0,0,0.19000000,98888.65000000,0.00000000,-0.83000000,0.00000000,0.00000000,3,9282610,PS PDL
703,702,703,1733728443,1733728443307,1,1,0.19000000,98493.44000000,-75.09000000,0.00000000,0.00000000,0.00000000,4,9282610,sl 98493.55
704,704,704,1733907000,1733907000150,0,1,0.16000000,98077.61000000,0.00000000,-0.70000000,0.00000000,0.00000000,3,9282610,PS PDH
705,704,705,1733916582,1733916582448,1,0,0.16000000,98536.06000000,-73.35000000,0.00000000,0.00000000,0.00000000,4,9282610,sl 98535.99
706,706,706,1734021000,1734021000150,0,1,0.15000000,101840.42000000,0.00000000,-0.66000000,0.00000000,0.00000000,3,9282610,PS PDH
707,706,707,1734029621,1734029621921,1,0,0.15000000,100869.38000000,145.65000000,0.00000000,0.00000000,0.00000000,5,9282610,tp 100869.85
708,708,708,1734054900,1734054900150,0,0,0.31000000,99430.22000000,0.00000000,-1.36000000,0.00000000,0.00000000,3,9282610,PS PDL
709,708,709,1734064465,1734064465657,1,1,0.31000000,99914.56000000,150.14000000,0.00000000,0.00000000,0.00000000,5,9282610,tp 99914.50
710,710,710,1734138600,1734138600150,0,1,0.28000000,101832.19000000,0.00000000,-1.23000000,0.00000000,0.00000000,3,9282610,PS PDH
711,710,711,1734138999,1734138999699,1,0,0.28000000,102100.22000000,-75.05000000,0.00000000,0.00000000,0.00000000,4,9282610,sl 102099.59
712,712,712,1734237000,1734237000150,0,1,0.30000000,102550.75000000,0.00000000,-1.31000000,0.00000000,0.00000000,3,9282610,PS PDH
713,712,713,1734242728,1734242728073,1,0,0.30000000,102044.38000000,151.92000000,0.00000000,0.00000000,0.00000000,5,9282610,tp 102044.41
714,714,714,1734311100,1734311100150,0,1,0.29000000,105208.65000000,0.00000000,-1.27000000,0.00000000,0.00000000,3,9282610,PS PDH
715,714,715,1734312038,1734312038913,1,0,0.29000000,105470.08000000,-75.81000000,0.00000000,0.00000000,0.00000000,4,9282610,sl 105470.05
716,716,716,1734446700,1734446700150,0,1,0.51000000,107708.22000000,0.00000000,-2.23000000,0.00000000,0.00000000,3,9282610,PS PDH
717,716,717,1734446798,1734446798167,1,0,0.51000000,107854.76000000,-74.74000000,0.00000000,0.00000000,0.00000000,4,9282610,sl 107854.72
718,718,718,1734487200,1734487200150,0,0,0.17000000,105280.47000000,0.00000000,-0.74000000,0.00000000,0.00000000,3,9282610,PS PDL
719,718,719,1734491307,1734491307508,1,1,0.17000000,104834.44000000,-75.83000000,0.00000000,0.00000000,0.00000000,4,9282610,sl 104836.65
720,720,720,1734577200,1734577200150,0,0,0.12000000,100432.67000000,0.00000000,-0.53000000,0.00000000,0.00000000,3,9282610,PS PDL
721,720,721,1734596905,1734596905479,1,1,0.12000000,101722.96000000,154.84000000,0.00000000,0.00000000,0.00000000,5,9282610,tp 101722.63
722,722,722,1734684600,1734684600150,0,0,0.43000000,95559.81000000,0.00000000,-1.88000000,0.00000000,0.00000000,3,9282610,PS PDL
723,722,723,1734684691,1734684691578,1,1,0.43000000,95382.86000000,-76.09000000,0.00000000,0.00000000,0.00000000,4,9282610,sl 95383.73
724,724,724,1734778500,1734778500150,0,1,0.38000000,98000.22000000,0.00000000,-1.66000000,0.00000000,0.00000000,3,9282610,PS PDH
725,724,725,1734781051,1734781051999,1,0,0.38000000,98199.44000000,-75.71000000,0.00000000,0.00000000,0.00000000,4,9282610,sl 98196.59
726,726,726,1734848700,1734848700150,0,0,0.29000000,96552.11000000,0.00000000,-1.27000000,0.00000000,0.00000000,3,9282610,PS PDL
727,726,727,1734852973,1734852973442,1,1,0.29000000,96298.31000000,-73.60000000,0.00000000,0.00000000,0.00000000,4,9282610,sl 96298.93
728,728,728,1734916200,1734916200150,0,0,0.26000000,94358.15000000,0.00000000,-1.14000000,0.00000000,0.00000000,3,9282610,PS PDL
729,728,729,1734916587,1734916587321,1,1,0.26000000,94069.52000000,-75.04000000,0.00000000,0.00000000,0.00000000,4,9282610,sl 94071.18
730,730,730,1735172700,1735172700150,0,1,0.23000000,99403.33000000,0.00000000,-1.01000000,0.00000000,0.00000000,3,9282610,PS PDH
731,730,731,1735175201,1735175201369,1,0,0.23000000,98771.58000000,145.31000000,0.00000000,0.00000000,0.00000000,5,9282610,tp 98772.13
732,732,732,1735285800,1735285800150,0,0,0.22000000,95075.66000000,0.00000000,-0.96000000,0.00000000,0.00000000,3,9282610,PS PDL
733,732,733,1735287087,1735287087164,1,1,0.22000000,95758.92000000,150.31000000,0.00000000,0.00000000,0.00000000,5,9282610,tp 95757.68
734,734,734,1735482900,1735482900150,0,0,0.29000000,94127.63000000,0.00000000,-1.27000000,0.00000000,0.00000000,3,9282610,PS PDL
735,734,735,1735483983,1735483983046,1,1,0.29000000,94645.50000000,150.19000000,0.00000000,0.00000000,0.00000000,5,9282610,tp 94642.67
736,736,736,1735566000,1735566000150,0,0,2.25000000,92902.09000000,0.00000000,-9.84000000,0.00000000,0.00000000,3,9282610,PS PDL
737,736,737,1735566005,1735566005060,1,1,2.25000000,92867.59000000,-77.62000000,0.00000000,0.00000000,0.00000000,4,9282610,sl 92868.30
738,738,738,1735657800,1735657800150,0,1,0.13000000,94932.04000000,0.00000000,-0.57000000,0.00000000,0.00000000,3,9282610,PS PDH
739,738,739,1735658800,1735658800202,1,0,0.13000000,95529.97000000,-77.73000000,0.00000000,0.00000000,0.00000000,4,9282610,sl 95528.98
740,740,740,1735779600,1735779600150,0,1,0.46000000,95018.35000000,0.00000000,-2.01000000,0.00000000,0.00000000,3,9282610,PS PDH
741,740,741,1735779683,1735779683961,1,0,0.46000000,95180.73000000,-74.70000000,0.00000000,0.00000000,0.00000000,4,9282610,sl 95180.52
742,742,742,1735922700,1735922700150,0,1,0.43000000,97654.37000000,0.00000000,-1.88000000,0.00000000,0.00000000,3,9282610,PS PDH
743,742,743,1735923399,1735923399707,1,0,0.43000000,97309.00000000,148.51000000,0.00000000,0.00000000,0.00000000,5,9282610,tp 97309.81
744,744,744,1736088000,1736088000150,0,0,0.57000000,97544.33000000,0.00000000,-2.49000000,0.00000000,0.00000000,3,9282610,PS PDL
745,744,745,1736088400,1736088400067,1,1,0.57000000,97810.43000000,151.68000000,0.00000000,0.00000000,0.00000000,5,9282610,tp 97810.23
746,746,746,1736118300,1736118300150,0,1,0.76000000,98737.44000000,0.00000000,-3.33000000,0.00000000,0.00000000,3,9282610,PS PDH
747,746,747,1736118876,1736118876459,1,0,0.76000000,98535.36000000,153.58000000,0.00000000,0.00000000,0.00000000,5,9282610,tp 98535.62
748,748,748,1736130300,1736130300150,0,1,0.38000000,98768.25000000,0.00000000,-1.66000000,0.00000000,0.00000000,3,9282610,PS PDH
749,748,749,1736130875,1736130875953,1,0,0.38000000,98976.21000000,-79.02000000,0.00000000,0.00000000,0.00000000,4,9282610,sl 98975.49
750,750,750,1736210100,1736210100150,0,1,2.32000000,102484.47000000,0.00000000,-10.15000000,0.00000000,0.00000000,3,9282610,PS PDH
751,750,751,1736210116,1736210116666,1,0,2.32000000,102518.07000000,-77.95000000,0.00000000,0.00000000,0.00000000,4,9282610,sl 102517.63
752,752,752,1736265000,1736265000150,0,0,0.09000000,97960.53000000,0.00000000,-0.39000000,0.00000000,0.00000000,3,9282610,PS PDL
753,752,753,1736271315,1736271315050,1,1,0.09000000,97089.46000000,-78.40000000,0.00000000,0.00000000,0.00000000,4,9282610,sl 97089.54
754,754,754,1736311800,1736311800150,0,0,0.29000000,96341.41000000,0.00000000,-1.27000000,0.00000000,0.00000000,3,9282610,PS PDL
755,754,755,1736317951,1736317951764,1,1,0.29000000,96073.51000000,-77.69000000,0.00000000,0.00000000,0.00000000,4,9282610,sl 96073.69
756,756,756,1736432400,1736432400150,0,0,0.22000000,92657.21000000,0.00000000,-0.96000000,0.00000000,0.00000000,3,9282610,PS PDL
757,756,757,1736432620,1736432620706,1,1,0.22000000,92307.86000000,-76.86000000,0.00000000,0.00000000,0.00000000,4,9282610,sl 92308.39
758,758,758,1736533500,1736533500150,0,1,0.25000000,95197.08000000,0.00000000,-1.09000000,0.00000000,0.00000000,3,9282610,PS PDH
759,758,759,1736534562,1736534562264,1,0,0.25000000,94590.43000000,151.66000000,0.00000000,0.00000000,0.00000000,5,9282610,tp 94590.82
760,760,760,1736675700,1736675700150,0,0,0.66000000,93810.91000000,0.00000000,-2.89000000,0.00000000,0.00000000,3,9282610,PS PDL
761,760,761,1736679996,1736679996363,1,1,0.66000000,94039.16000000,150.65000000,0.00000000,0.00000000,0.00000000,5,9282610,tp 94038.79
762,762,762,1736697900,1736697900150,0,1,0.69000000,94991.09000000,0.00000000,-3.02000000,0.00000000,0.00000000,3,9282610,PS PDH
763,762,763,1736701409,1736701409531,1,0,0.69000000,95102.99000000,-77.21000000,0.00000000,0.00000000,0.00000000,4,9282610,sl 95102.32
764,764,764,1736728200,1736728200150,0,1,0.24000000,95223.20000000,0.00000000,-1.05000000,0.00000000,0.00000000,3,9282610,PS PDH
765,764,765,1736728280,1736728280165,1,0,0.24000000,95554.29000000,-79.46000000,0.00000000,0.00000000,0.00000000,4,9282610,sl 95552.03
766,766,766,1736753700,1736753700150,0,0,0.67000000,93683.04000000,0.00000000,-2.93000000,0.00000000,0.00000000,3,9282610,PS PDL
767,766,767,1736754543,1736754543812,1,1,0.67000000,93568.15000000,-76.98000000,0.00000000,0.00000000,0.00000000,4,9282610,sl 93569.50
768,768,768,1736860200,1736860200150,0,1,0.43000000,95906.80000000,0.00000000,-1.88000000,0.00000000,0.00000000,3,9282610,PS PDH
769,768,769,1736861404,1736861404105,1,0,0.43000000,96083.46000000,-75.97000000,0.00000000,0.00000000,0.00000000,4,9282610,sl 96082.28
770,770,770,1736905500,1736905500150,0,1,0.44000000,97300.20000000,0.00000000,-1.93000000,0.00000000,0.00000000,3,9282610,PS PDH
771,770,771,1736906130,1736906130106,1,0,0.44000000,97468.93000000,-74.24000000,0.00000000,0.00000000,0.00000000,4,9282610,sl 97468.14
772,772,772,1736985900,1736985900150,0,1,0.22000000,100562.54000000,0.00000000,-0.96000000,0.00000000,0.00000000,3,9282610,PS PDH
773,772,773,1736987799,1736987799339,1,0,0.22000000,99870.56000000,152.24000000,0.00000000,0.00000000,0.00000000,5,9282610,tp 99870.90
774,774,774,1737253500,1737253500150,0,1,1.43000000,104977.66000000,0.00000000,-6.26000000,0.00000000,0.00000000,3,9282610,PS PDH
775,774,775,1737253526,1737253526742,1,0,1.43000000,105030.59000000,-75.69000000,0.00000000,0.00000000,0.00000000,4,9282610,sl 105029.81
776,776,776,1737327300,1737327300150,0,0,0.06000000,102870.56000000,0.00000000,-0.26000000,0.00000000,0.00000000,3,9282610,PS PDL
777,776,777,1737327823,1737327823012,1,1,0.06000000,101506.97000000,-81.81000000,0.00000000,0.00000000,0.00000000,4,9282610,sl 101508.87
778,778,778,1737333900,1737333900150,0,0,0.06000000,100658.54000000,0.00000000,-0.26000000,0.00000000,0.00000000,3,9282610,PS PDL
779,778,779,1737355114,1737355114709,1,1,0.06000000,103171.25000000,150.77000000,0.00000000,0.00000000,0.00000000,5,9282610,tp 103170.90
780,780,780,1737355800,1737355800150,0,1,0.15000000,106149.61000000,0.00000000,-0.66000000,0.00000000,0.00000000,3,9282610,PS PDH
781,780,781,1737355888,1737355888940,1,0,0.15000000,106673.03000000,-78.51000000,0.00000000,0.00000000,0.00000000,4,9282610,sl 106670.04
782,782,782,1737592200,1737592200150,0,0,0.24000000,103328.90000000,0.00000000,-1.05000000,0.00000000,0.00000000,3,9282610,PS PDL
783,782,783,1737593260,1737593260618,1,1,0.24000000,103017.23000000,-74.80000000,0.00000000,0.00000000,0.00000000,4,9282610,sl 103018.43
784,784,784,1737649200,1737649200150,0,1,0.07000000,105870.39000000,0.00000000,-0.31000000,0.00000000,0.00000000,3,9282610,PS PDH
785,784,785,1737662010,1737662010090,1,0,0.07000000,103764.02000000,147.45000000,0.00000000,0.00000000,0.00000000,5,9282610,tp 103765.65
786,786,786,1737742200,1737742200150,0,1,0.42000000,106882.62000000,0.00000000,-1.84000000,0.00000000,0.00000000,3,9282610,PS PDH
787,786,787,1737742359,1737742359838,1,0,0.42000000,106523.47000000,150.84000000,0.00000000,0.00000000,0.00000000,5,9282610,tp 106524.94
788,788,788,1737866400,1737866400150,0,1,0.52000000,105171.60000000,0.00000000,-2.28000000,0.00000000,0.00000000,3,9282610,PS PDH
789,788,789,1737878607,1737878607857,1,0,0.52000000,104879.40000000,151.94000000,0.00000000,0.00000000,0.00000000,5,9282610,tp 104880.70
790,790,790,1737936300,1737936300150,0,0,0.15000000,102789.47000000,0.00000000,-0.66000000,0.00000000,0.00000000,3,9282610,PS PDL
791,790,791,1737938832,1737938832450,1,1,0.15000000,102239.06000000,-82.56000000,0.00000000,0.00000000,0.00000000,4,9282610,sl 102241.88
792,792,792,1738038900,1738038900150,0,1,0.86000000,103161.87000000,0.00000000,-3.76000000,0.00000000,0.00000000,3,9282610,PS PDH
793,792,793,1738038921,1738038921441,1,0,0.86000000,103251.12000000,-76.75000000,0.00000000,0.00000000,0.00000000,4,9282610,sl 103250.84
794,794,794,1738179900,1738179900150,0,1,0.13000000,103432.86000000,0.00000000,-0.57000000,0.00000000,0.00000000,3,9282610,PS PDH
795,794,795,1738182258,1738182258481,1,0,0.13000000,104020.77000000,-76.43000000,0.00000000,0.00000000,0.00000000,4,9282610,sl 104020.72
796,796,796,1738208100,1738208100150,0,1,1.31000000,104748.30000000,0.00000000,-5.73000000,0.00000000,0.00000000,3,9282610,PS PDH
797,796,797,1738208179,1738208179597,1,0,1.31000000,104806.60000000,-76.38000000,0.00000000,0.00000000,0.00000000,4,9282610,sl 104805.31
798,798,798,1738348800,1738348800150,0,0,0.20000000,103575.22000000,0.00000000,-0.88000000,0.00000000,0.00000000,3,9282610,PS PDL
799,798,799,1738349067,1738349067050,1,1,0.20000000,103201.76000000,-74.69000000,0.00000000,0.00000000,0.00000000,4,9282610,sl 103203.29
800,800,800,1738403400,1738403400150,0,0,1.44000000,101539.82000000,0.00000000,-6.30000000,0.00000000,0.00000000,3,9282610,PS PDL
801,800,801,1738403431,1738403431632,1,1,1.44000000,101488.95000000,-73.25000000,0.00000000,0.00000000,0.00000000,4,9282610,sl 101489.02
802,802,802,1738475700,1738475700150,0,0,0.45000000,100264.22000000,0.00000000,-1.97000000,0.00000000,0.00000000,3,9282610,PS PDL
803,802,803,1738476037,1738476037783,1,1,0.45000000,100099.53000000,-74.11000000,0.00000000,0.00000000,0.00000000,4,9282610,sl 100100.34
804,804,804,1738542300,1738542300150,0,0,0.19000000,96318.18000000,0.00000000,-0.83000000,0.00000000,0.00000000,3,9282610,PS PDL
805,804,805,1738542358,1738542358810,1,1,0.19000000,97097.70000000,148.11000000,0.00000000,0.00000000,0.00000000,5,9282610,tp 97097.23
806,806,806,1738613400,1738613400150,0,1,0.13000000,101253.96000000,0.00000000,-0.57000000,0.00000000,0.00000000,3,9282610,PS PDH
807,806,807,1738614091,1738614091421,1,0,0.13000000,101832.59000000,-75.23000000,0.00000000,0.00000000,0.00000000,4,9282610,sl 101832.18
808,808,808,1738866900,1738866900150,0,0,0.18000000,96338.05000000,0.00000000,-0.79000000,0.00000000,0.00000000,3,9282610,PS PDL
809,808,809,1738871248,1738871248666,1,1,0.18000000,95917.15000000,-75.76000000,0.00000000,0.00000000,0.00000000,4,9282610,sl 95919.05
810,810,810,1738940700,1738940700150,0,1,0.09000000,98873.32000000,0.00000000,-0.39000000,0.00000000,0.00000000,3,9282610,PS PDH
811,810,811,1738948873,1738948873608,1,0,0.09000000,97195.62000000,150.99000000,0.00000000,0.00000000,0.00000000,5,9282610,tp 97196.11
812,812,812,1738962000,1738962000150,0,0,0.41000000,95787.81000000,0.00000000,-1.79000000,0.00000000,0.00000000,3,9282610,PS PDL
813,812,813,1738963002,1738963002352,1,1,0.41000000,96153.27000000,149.84000000,0.00000000,0.00000000,0.00000000,5,9282610,tp 96152.77
814,814,814,1739064600,1739064600150,0,1,2.50000000,96927.43000000,0.00000000,-10.94000000,0.00000000,0.00000000,3,9282610,PS PDH
815,814,815,1739064941,1739064941983,1,0,2.50000000,96867.70000000,149.33000000,0.00000000,0.00000000,0.00000000,5,9282610,tp 96867.79
816,816,816,1739140200,1739140200150,0,0,0.28000000,95785.13000000,0.00000000,-1.23000000,0.00000000,0.00000000,3,9282610,PS PDL
817,816,817,1739140301,1739140301625,1,1,0.28000000,95503.68000000,-78.81000000,0.00000000,0.00000000,0.00000000,4,9282610,sl 95504.54
818,818,818,1739167200,1739167200150,0,1,0.19000000,97018.71000000,0.00000000,-0.83000000,0.00000000,0.00000000,3,9282610,PS PDH
819,818,819,1739173997,1739173997120,1,0,0.19000000,97435.57000000,-79.21000000,0.00000000,0.00000000,0.00000000,4,9282610,sl 97435.15
820,820,820,1739253900,1739253900150,0,1,0.43000000,98284.34000000,0.00000000,-1.88000000,0.00000000,0.00000000,3,9282610,PS PDH
821,820,821,1739256749,1739256749907,1,0,0.43000000,98459.26000000,-75.21000000,0.00000000,0.00000000,0.00000000,4,9282610,sl 98458.99
822,822,822,1739304600,1739304600150,0,0,0.39000000,95297.93000000,0.00000000,-1.71000000,0.00000000,0.00000000,3,9282610,PS PDL
823,822,823,1739304935,1739304935368,1,1,0.39000000,95107.63000000,-74.21000000,0.00000000,0.00000000,0.00000000,4,9282610,sl 95108.29
824,824,824,1739367300,1739367300150,0,0,0.58000000,94905.12000000,0.00000000,-2.54000000,0.00000000,0.00000000,3,9282610,PS PDL
825,824,825,1739367329,1739367329999,1,1,0.58000000,94775.14000000,-75.39000000,0.00000000,0.00000000,0.00000000,4,9282610,sl 94777.47
826,826,826,1739561700,1739561700150,0,1,0.20000000,97776.04000000,0.00000000,-0.88000000,0.00000000,0.00000000,3,9282610,PS PDH
827,826,827,1739562151,1739562151045,1,0,0.20000000,98147.24000000,-74.24000000,0.00000000,0.00000000,0.00000000,4,9282610,sl 98146.14
828,828,828,1739692800,1739692800150,0,0,0.73000000,97237.08000000,0.00000000,-3.19000000,0.00000000,0.00000000,3,9282610,PS PDL
829,828,829,1739695453,1739695453537,1,1,0.73000000,97138.48000000,-71.98000000,0.00000000,0.00000000,0.00000000,4,9282610,sl 97138.92
830,830,830,1739766300,1739766300150,0,0,0.41000000,96182.39000000,0.00000000,-1.79000000,0.00000000,0.00000000,3,9282610,PS PDL
831,830,831,1739768432,1739768432083,1,1,0.41000000,96008.59000000,-71.26000000,0.00000000,0.00000000,0.00000000,4,9282610,sl 96008.93
832,832,832,1739868900,1739868900150,0,0,0.53000000,95221.34000000,0.00000000,-2.32000000,0.00000000,0.00000000,3,9282610,PS PDL
833,832,833,1739870186,1739870186927,1,1,0.53000000,95485.33000000,139.91000000,0.00000000,0.00000000,0.00000000,5,9282610,tp 95485.21
834,834,834,1740006600,1740006600150,0,1,0.52000000,96699.79000000,0.00000000,-2.28000000,0.00000000,0.00000000,3,9282610,PS PDH
835,834,835,1740007349,1740007349337,1,0,0.52000000,96838.82000000,-72.30000000,0.00000000,0.00000000,0.00000000,4,9282610,sl 96838.51
836,836,836,1740013500,1740013500150,0,1,0.35000000,96848.40000000,0.00000000,-1.53000000,0.00000000,0.00000000,3,9282610,PS PDH
837,836,837,1740019769,1740019769291,1,0,0.35000000,97052.21000000,-71.33000000,0.00000000,0.00000000,0.00000000,4,9282610,sl 97051.79
838,838,838,1740129900,1740129900150,0,1,0.32000000,98664.17000000,0.00000000,-1.40000000,0.00000000,0.00000000,3,9282610,PS PDH
839,838,839,1740130961,1740130961600,1,0,0.32000000,98220.01000000,142.13000000,0.00000000,0.00000000,0.00000000,5,9282610,tp 98220.23
840,840,840,1740164700,1740164700150,0,0,0.39000000,96513.80000000,0.00000000,-1.71000000,0.00000000,0.00000000,3,9282610,PS PDL
841,840,841,1740165397,1740165397571,1,1,0.39000000,96328.50000000,-72.26000000,0.00000000,0.00000000,0.00000000,4,9282610,sl 96330.06
842,842,842,1740314700,1740314700150,0,0,0.81000000,95851.06000000,0.00000000,-3.54000000,0.00000000,0.00000000,3,9282610,PS PDL
843,842,843,1740314978,1740314978974,1,1,0.81000000,95763.37000000,-71.03000000,0.00000000,0.00000000,0.00000000,4,9282610,sl 95763.58
844,844,844,1740371700,1740371700150,0,0,0.54000000,95309.29000000,0.00000000,-2.36000000,0.00000000,0.00000000,3,9282610,PS PDL
845,844,845,1740371737,1740371737943,1,1,0.54000000,95178.23000000,-70.78000000,0.00000000,0.00000000,0.00000000,4,9282610,sl 95179.67
846,846,846,1740442800,1740442800150,0,0,0.08000000,91946.04000000,0.00000000,-0.35000000,0.00000000,0.00000000,3,9282610,PS PDL
847,846,847,1740467198,1740467198580,1,1,0.08000000,91007.91000000,-75.05000000,0.00000000,0.00000000,0.00000000,4,9282610,sl 91009.55
848,848,848,1740580800,1740580800150,0,0,0.09000000,86524.98000000,0.00000000,-0.39000000,0.00000000,0.00000000,3,9282610,PS PDL
849,848,849,1740582689,1740582689999,1,1,0.09000000,88154.62000000,146.67000000,0.00000000,0.00000000,0.00000000,5,9282610,tp 88154.04
850,850,850,1740755400,1740755400150,0,0,0.13000000,82971.27000000,0.00000000,-0.57000000,0.00000000,0.00000000,3,9282610,PS PDL
851,850,851,1740756321,1740756321309,1,1,0.13000000,84097.19000000,146.36000000,0.00000000,0.00000000,0.00000000,5,9282610,tp 84095.84
852,852,852,1740798600,1740798600150,0,1,0.25000000,85045.66000000,0.00000000,-1.09000000,0.00000000,0.00000000,3,9282610,PS PDH
853,852,853,1740800130,1740800130074,1,0,0.25000000,85339.26000000,-73.40000000,0.00000000,0.00000000,0.00000000,4,9282610,sl 85338.47
854,854,854,1740898200,1740898200150,0,1,1.33000000,86552.65000000,0.00000000,-5.82000000,0.00000000,0.00000000,3,9282610,PS PDH
855,854,855,1740898300,1740898300979,1,0,1.33000000,86446.05000000,141.77000000,0.00000000,0.00000000,0.00000000,5,9282610,tp 86446.43
856,856,856,1741039200,1741039200150,0,0,0.25000000,85326.04000000,0.00000000,-1.09000000,0.00000000,0.00000000,3,9282610,PS PDL
857,856,857,1741039460,1741039460273,1,1,0.25000000,85914.20000000,147.04000000,0.00000000,0.00000000,0.00000000,5,9282610,tp 85914.02
858,858,858,1741110000,1741110000150,0,0,0.11000000,85304.02000000,0.00000000,-0.48000000,0.00000000,0.00000000,3,9282610,PS PDL
859,858,859,1741114581,1741114581556,1,1,0.11000000,86659.86000000,149.14000000,0.00000000,0.00000000,0.00000000,5,9282610,tp 86658.07
860,860,860,1741185600,1741185600150,0,1,0.10000000,88732.57000000,0.00000000,-0.44000000,0.00000000,0.00000000,3,9282610,PS PDH
861,860,861,1741185748,1741185748600,1,0,0.10000000,89555.86000000,-82.33000000,0.00000000,0.00000000,0.00000000,4,9282610,sl 89554.56
862,862,862,1741252200,1741252200150,0,1,0.25000000,90890.85000000,0.00000000,-1.09000000,0.00000000,0.00000000,3,9282610,PS PDH
863,862,863,1741256180,1741256180968,1,0,0.25000000,91191.44000000,-75.15000000,0.00000000,0.00000000,0.00000000,4,9282610,sl 91190.73
864,864,864,1741311900,1741311900150,0,0,0.06000000,88720.55000000,0.00000000,-0.26000000,0.00000000,0.00000000,3,9282610,PS PDL
865,864,865,1741314162,1741314162556,1,1,0.06000000,87394.22000000,-79.58000000,0.00000000,0.00000000,0.00000000,4,9282610,sl 87395.57
866,866,866,1741516200,1741516200150,0,0,0.42000000,85303.84000000,0.00000000,-1.84000000,0.00000000,0.00000000,3,9282610,PS PDL
867,866,867,1741516240,1741516240430,1,1,0.42000000,85128.98000000,-73.44000000,0.00000000,0.00000000,0.00000000,4,9282610,sl 85129.77
868,868,868,1741616700,1741616700150,0,0,0.09000000,80333.26000000,0.00000000,-0.39000000,0.00000000,0.00000000,3,9282610,PS PDL
869,868,869,1741618023,1741618023771,1,1,0.09000000,79467.96000000,-77.87000000,0.00000000,0.00000000,0.00000000,4,9282610,sl 79470.07
870,870,870,1741654800,1741654800150,0,0,0.11000000,77672.66000000,0.00000000,-0.48000000,0.00000000,0.00000000,3,9282610,PS PDL
871,870,871,1741655190,1741655190794,1,1,0.11000000,76978.89000000,-76.31000000,0.00000000,0.00000000,0.00000000,4,9282610,sl 76980.14
872,872,872,1741744800,1741744800150,0,1,0.16000000,83354.48000000,0.00000000,-0.70000000,0.00000000,0.00000000,3,9282610,PS PDH
873,872,873,1741746936,1741746936551,1,0,0.16000000,82460.46000000,143.05000000,0.00000000,0.00000000,0.00000000,5,9282610,tp 82462.40
874,874,874,1741885800,1741885800150,0,0,0.44000000,80741.19000000,0.00000000,-1.93000000,0.00000000,0.00000000,3,9282610,PS PDL
875,874,875,1741885888,1741885888106,1,1,0.44000000,80576.06000000,-72.65000000,0.00000000,0.00000000,0.00000000,4,9282610,sl 80578.48
876,876,876,1741965000,1741965000150,0,1,0.24000000,84122.39000000,0.00000000,-1.05000000,0.00000000,0.00000000,3,9282610,PS PDH
877,876,877,1741965100,1741965100960,1,0,0.24000000,84426.71000000,-73.04000000,0.00000000,0.00000000,0.00000000,4,9282610,sl 84424.94
878,878,878,1742144400,1742144400150,0,0,0.32000000,83647.49000000,0.00000000,-1.40000000,0.00000000,0.00000000,3,9282610,PS PDL
879,878,879,1742144945,1742144945130,1,1,0.32000000,84098.50000000,144.32000000,0.00000000,0.00000000,0.00000000,5,9282610,tp 84096.71
880,880,880,1742280600,1742280600150,0,0,0.33000000,82477.94000000,0.00000000,-1.44000000,0.00000000,0.00000000,3,9282610,PS PDL
881,880,881,1742281538,1742281538060,1,1,0.33000000,82923.82000000,147.14000000,0.00000000,0.00000000,0.00000000,5,9282610,tp 82922.34
882,882,882,1742384700,1742384700150,0,1,0.59000000,84029.53000000,0.00000000,-2.58000000,0.00000000,0.00000000,3,9282610,PS PDH
883,882,883,1742385844,1742385844846,1,0,0.59000000,83780.17000000,147.12000000,0.00000000,0.00000000,0.00000000,5,9282610,tp 83780.29
884,884,884,1742430300,1742430300150,0,1,0.23000000,86876.68000000,0.00000000,-1.01000000,0.00000000,0.00000000,3,9282610,PS PDH
885,884,885,1742431660,1742431660830,1,0,0.23000000,86217.94000000,151.51000000,0.00000000,0.00000000,0.00000000,5,9282610,tp 86219.60
886,886,886,1742563200,1742563200150,0,0,0.38000000,83791.99000000,0.00000000,-1.66000000,0.00000000,0.00000000,3,9282610,PS PDL
887,886,887,1742563411,1742563411564,1,1,0.38000000,83588.63000000,-77.28000000,0.00000000,0.00000000,0.00000000,4,9282610,sl 83588.63
888,888,888,1742778000,1742778000150,0,1,0.43000000,86084.50000000,0.00000000,-1.88000000,0.00000000,0.00000000,3,9282610,PS PDH
889,888,889,1742779718,1742779718581,1,0,0.43000000,85735.00000000,150.29000000,0.00000000,0.00000000,0.00000000,5,9282610,tp 85735.32
890,890,890,1743017700,1743017700150,0,0,0.32000000,86379.19000000,0.00000000,-1.40000000,0.00000000,0.00000000,3,9282610,PS PDL
891,890,891,1743019649,1743019649164,1,1,0.32000000,86869.18000000,156.80000000,0.00000000,0.00000000,0.00000000,5,9282610,tp 86868.39
892,892,892,1743082800,1743082800150,0,0,0.77000000,85951.65000000,0.00000000,-3.37000000,0.00000000,0.00000000,3,9282610,PS PDL
893,892,893,1743082803,1743082803826,1,1,0.77000000,85852.05000000,-76.69000000,0.00000000,0.00000000,0.00000000,4,9282610,sl 85852.66
894,894,894,1743145800,1743145800150,0,0,0.65000000,85846.11000000,0.00000000,-2.84000000,0.00000000,0.00000000,3,9282610,PS PDL
895,894,895,1743145900,1743145900155,1,1,0.65000000,85726.60000000,-77.68000000,0.00000000,0.00000000,0.00000000,4,9282610,sl 85726.81
896,896,896,1743372600,1743372600150,0,0,0.55000000,81685.36000000,0.00000000,-2.41000000,0.00000000,0.00000000,3,9282610,PS PDL
897,896,897,1743372942,1743372942800,1,1,0.55000000,81967.02000000,154.91000000,0.00000000,0.00000000,0.00000000,5,9282610,tp 81966.70
898,898,898,1743382800,1743382800150,0,0,0.46000000,81682.06000000,0.00000000,-2.01000000,0.00000000,0.00000000,3,9282610,PS PDL
899,898,899,1743383251,1743383251287,1,1,0.46000000,82026.15000000,158.28000000,0.00000000,0.00000000,0.00000000,5,9282610,tp 82024.82
900,900,900,1743430800,1743430800150,0,1,0.15000000,83088.89000000,0.00000000,-0.66000000,0.00000000,0.00000000,3,9282610,PS PDH
901,900,901,1743432630,1743432630115,1,0,0.15000000,83620.09000000,-79.68000000,0.00000000,0.00000000,0.00000000,4,9282610,sl 83619.74
902,902,902,1743496200,1743496200150,0,1,0.71000000,83937.62000000,0.00000000,-3.11000000,0.00000000,0.00000000,3,9282610,PS PDH
903,902,903,1743496242,1743496242519,1,0,0.71000000,84048.68000000,-78.85000000,0.00000000,0.00000000,0.00000000,4,9282610,sl 84048.29
904,904,904,1743602400,1743602400150,0,1,0.14000000,85222.66000000,0.00000000,-0.61000000,0.00000000,0.00000000,3,9282610,PS PDH
905,904,905,1743602679,1743602679913,1,0,0.14000000,85799.35000000,-80.74000000,0.00000000,0.00000000,0.00000000,4,9282610,sl 85799.02
906,906,906,1743635100,1743635100150,0,0,0.38000000,82436.36000000,0.00000000,-1.66000000,0.00000000,0.00000000,3,9282610,PS PDL
907,906,907,1743637800,1743637800150,1,1,0.38000000,82458.63000000,8.46000000,0.00000000,0.00000000,0.00000000,3,9282610,
908,908,908,1743638700,1743638700150,0,0,0.39000000,82270.90000000,0.00000000,-1.71000000,0.00000000,0.00000000,3,9282610,PS PDL
909,908,909,1743639210,1743639210466,1,1,0.39000000,82672.75000000,156.72000000,0.00000000,0.00000000,0.00000000,5,9282610,tp 82672.32
910,910,910,1743753000,1743753000150,0,1,0.88000000,83852.82000000,0.00000000,-3.85000000,0.00000000,0.00000000,3,9282610,PS PDH
911,910,911,1743753037,1743753037028,1,0,0.88000000,83942.76000000,-79.15000000,0.00000000,0.00000000,0.00000000,4,9282610,sl 83942.18
912,912,912,1743947400,1743947400150,0,0,0.59000000,82429.73000000,0.00000000,-2.58000000,0.00000000,0.00000000,3,9282610,PS PDL
913,912,913,1743947600,1743947600984,1,1,0.59000000,82295.12000000,-79.42000000,0.00000000,0.00000000,0.00000000,4,9282610,sl 82295.92
914,914,914,1743999600,1743999600150,0,0,0.24000000,77189.06000000,0.00000000,-1.05000000,0.00000000,0.00000000,3,9282610,PS PDL
915,914,915,1744000591,1744000591422,1,1,0.24000000,76857.04000000,-79.68000000,0.00000000,0.00000000,0.00000000,4,9282610,sl 76857.18
916,916,916,1744157700,1744157700150,0,0,0.18000000,76511.45000000,0.00000000,-0.79000000,0.00000000,0.00000000,3,9282610,PS PDL
917,916,917,1744160863,1744160863792,1,1,0.18000000,76064.44000000,-80.46000000,0.00000000,0.00000000,0.00000000,4,9282610,sl 76064.98
918,918,918,1744219500,1744219500150,0,1,0.51000000,80745.15000000,0.00000000,-2.23000000,0.00000000,0.00000000,3,9282610,PS PDH
919,918,919,1744219503,1744219503003,1,0,0.51000000,80892.34000000,-75.06000000,0.00000000,0.00000000,0.00000000,4,9282610,sl 80891.46
920,920,920,1744367100,1744367100150,0,1,0.46000000,82678.09000000,0.00000000,-2.01000000,0.00000000,0.00000000,3,9282610,PS PDH
921,920,921,1744367583,1744367583818,1,0,0.46000000,82841.32000000,-75.09000000,0.00000000,0.00000000,0.00000000,4,9282610,sl 82840.82
922,922,922,1744465500,1744465500150,0,1,0.20000000,84154.90000000,0.00000000,-0.88000000,0.00000000,0.00000000,3,9282610,PS PDH
923,922,923,1744466140,1744466140465,1,0,0.20000000,84536.34000000,-76.29000000,0.00000000,0.00000000,0.00000000,4,9282610,sl 84535.54
924,924,924,1744508100,1744508100150,0,1,0.16000000,85667.95000000,0.00000000,-0.70000000,0.00000000,0.00000000,3,9282610,PS PDH
925,924,925,1744518819,1744518819020,1,0,0.16000000,84705.79000000,153.94000000,0.00000000,0.00000000,0.00000000,5,9282610,tp 84706.33
926,926,926,1744695600,1744695600150,0,1,0.89000000,85799.24000000,0.00000000,-3.89000000,0.00000000,0.00000000,3,9282610,PS PDH
927,926,927,1744696467,1744696467016,1,0,0.89000000,85631.23000000,149.53000000,0.00000000,0.00000000,0.00000000,5,9282610,tp 85631.54
928,928,928,1744758600,1744758600150,0,0,0.80000000,83689.58000000,0.00000000,-3.50000000,0.00000000,0.00000000,3,9282610,PS PDL
929,928,929,1744761000,1744761000150,1,1,0.80000000,83637.75000000,-41.46000000,0.00000000,0.00000000,0.00000000,3,9282610,
930,930,930,1744761900,1744761900150,0,0,0.86000000,83671.98000000,0.00000000,-3.76000000,0.00000000,0.00000000,3,9282610,PS PDL
931,930,931,1744761929,1744761929371,1,1,0.86000000,83583.27000000,-76.29000000,0.00000000,0.00000000,0.00000000,4,9282610,sl 83583.39
932,932,932,1745037600,1745037600150,0,1,1.57000000,85090.70000000,0.00000000,-6.87000000,0.00000000,0.00000000,3,9282610,PS PDH
933,932,933,1745037640,1745037640051,1,0,1.57000000,85138.68000000,-75.33000000,0.00000000,0.00000000,0.00000000,4,9282610,sl 85138.50
934,934,934,1745144400,1745144400150,0,0,1.24000000,84392.09000000,0.00000000,-5.43000000,0.00000000,0.00000000,3,9282610,PS PDL
935,934,935,1745145027,1745145027650,1,1,1.24000000,84332.14000000,-74.34000000,0.00000000,0.00000000,0.00000000,4,9282610,sl 84332.42
936,936,936,1745284800,1745284800150,0,1,0.46000000,88386.59000000,0.00000000,-2.01000000,0.00000000,0.00000000,3,9282610,PS PDH
937,936,937,1745284828,1745284828089,1,0,0.46000000,88549.31000000,-74.85000000,0.00000000,0.00000000,0.00000000,4,9282610,sl 88547.97
938,938,938,1745395500,1745395500150,0,1,0.42000000,93950.16000000,0.00000000,-1.84000000,0.00000000,0.00000000,3,9282610,PS PDH
939,938,939,1745396007,1745396007462,1,0,0.42000000,94124.92000000,-73.40000000,0.00000000,0.00000000,0.00000000,4,9282610,sl 94123.52
940,940,940,1745483700,1745483700150,0,0,0.24000000,92043.90000000,0.00000000,-1.05000000,0.00000000,0.00000000,3,9282610,PS PDL
941,940,941,1745484460,1745484460405,1,1,0.24000000,91734.03000000,-74.37000000,0.00000000,0.00000000,0.00000000,4,9282610,sl 91735.08
942,942,942,1745544000,1745544000150,0,1,0.18000000,93838.70000000,0.00000000,-0.79000000,0.00000000,0.00000000,3,9282610,PS PDH
943,942,943,1745549789,1745549789054,1,0,0.18000000,93009.95000000,149.18000000,0.00000000,0.00000000,0.00000000,5,9282610,tp 93011.46
944,944,944,1745716500,1745716500150,0,1,0.45000000,95124.31000000,0.00000000,-1.97000000,0.00000000,0.00000000,3,9282610,PS PDH
945,944,945,1745716646,1745716646223,1,0,0.45000000,95285.50000000,-72.54000000,0.00000000,0.00000000,0.00000000,4,9282610,sl 95285.08
946,946,946,1745731500,1745731500150,0,0,1.56000000,93896.21000000,0.00000000,-6.83000000,0.00000000,0.00000000,3,9282610,PS PDL
947,946,947,1745731518,1745731518407,1,1,1.56000000,93848.25000000,-74.82000000,0.00000000,0.00000000,0.00000000,4,9282610,sl 93849.94
948,948,948,1745800500,1745800500150,0,0,0.45000000,93667.70000000,0.00000000,-1.97000000,0.00000000,0.00000000,3,9282610,PS PDL
949,948,949,1745801191,1745801191265,1,1,0.45000000,93508.13000000,-71.81000000,0.00000000,0.00000000,0.00000000,4,9282610,sl 93508.68
950,950,950,1745838900,1745838900150,0,1,0.37000000,95248.51000000,0.00000000,-1.62000000,0.00000000,0.00000000,3,9282610,PS PDH
951,950,951,1745839535,1745839535468,1,0,0.37000000,95440.11000000,-70.89000000,0.00000000,0.00000000,0.00000000,4,9282610,sl 95439.16
952,952,952,1746020700,1746020700150,0,0,0.25000000,93897.48000000,0.00000000,-1.09000000,0.00000000,0.00000000,3,9282610,PS PDL
953,952,953,1746020801,1746020801106,1,1,0.25000000,93614.76000000,-70.68000000,0.00000000,0.00000000,0.00000000,4,9282610,sl 93615.64
954,954,954,1746197100,1746197100150,0,1,0.22000000,97336.54000000,0.00000000,-0.96000000,0.00000000,0.00000000,3,9282610,PS PDH
955,954,955,1746197642,1746197642368,1,0,0.22000000,97648.93000000,-68.72000000,0.00000000,0.00000000,0.00000000,4,9282610,sl 97648.22
956,956,956,1746243600,1746243600150,0,0,0.92000000,96335.77000000,0.00000000,-4.03000000,0.00000000,0.00000000,3,9282610,PS PDL
957,956,957,1746246218,1746246218141,1,1,0.92000000,96483.86000000,136.24000000,0.00000000,0.00000000,0.00000000,5,9282610,tp 96483.48
958,958,958,1746323700,1746323700150,0,0,0.23000000,96013.45000000,0.00000000,-1.01000000,0.00000000,0.00000000,3,9282610,PS PDL
959,958,959,1746328177,1746328177959,1,1,0.23000000,95701.92000000,-71.65000000,0.00000000,0.00000000,0.00000000,4,9282610,sl 95702.04
960,960,960,1746411600,1746411600150,0,0,0.32000000,94331.20000000,0.00000000,-1.40000000,0.00000000,0.00000000,3,9282610,PS PDL
961,960,961,1746415001,1746415001514,1,1,0.32000000,94112.51000000,-69.98000000,0.00000000,0.00000000,0.00000000,4,9282610,sl 94113.11
962,962,962,1746540000,1746540000150,0,0,0.32000000,93590.78000000,0.00000000,-1.40000000,0.00000000,0.00000000,3,9282610,PS PDL
963,962,963,1746540556,1746540556298,1,1,0.32000000,94023.95000000,138.61000000,0.00000000,0.00000000,0.00000000,5,9282610,tp 94023.60
964,964,964,1746569700,1746569700150,0,1,0.64000000,95192.38000000,0.00000000,-2.80000000,0.00000000,0.00000000,3,9282610,PS PDH
965,964,965,1746569773,1746569773986,1,0,0.64000000,95302.55000000,-70.51000000,0.00000000,0.00000000,0.00000000,4,9282610,sl 95300.95
966,966,966,1746576300,1746576300150,0,1,0.36000000,96766.85000000,0.00000000,-1.58000000,0.00000000,0.00000000,3,9282610,PS PDH
967,966,967,1746576448,1746576448235,1,0,0.36000000,96957.14000000,-68.50000000,0.00000000,0.00000000,0.00000000,4,9282610,sl 96956.66
968,968,968,1746666000,1746666000150,0,1,1.02000000,97732.82000000,0.00000000,-4.46000000,0.00000000,0.00000000,3,9282610,PS PDH
969,968,969,1746666017,1746666017795,1,0,1.02000000,97799.87000000,-68.39000000,0.00000000,0.00000000,0.00000000,4,9282610,sl 97799.71
970,970,970,1746777000,1746777000150,0,1,0.25000000,104124.20000000,0.00000000,-1.09000000,0.00000000,0.00000000,3,9282610,PS PDH
971,970,971,1746778122,1746778122212,1,0,0.25000000,103569.71000000,138.62000000,0.00000000,0.00000000,0.00000000,5,9282610,tp 103570.26
972,972,972,1746920100,1746920100150,0,1,0.16000000,104368.49000000,0.00000000,-0.70000000,0.00000000,0.00000000,3,9282610,PS PDH
973,972,973,1746921000,1746921000150,1,0,0.16000000,104561.44000000,-30.87000000,0.00000000,0.00000000,0.00000000,3,9282610,
974,974,974,1747012500,1747012500150,0,1,0.21000000,104726.93000000,0.00000000,-0.92000000,0.00000000,0.00000000,3,9282610,PS PDH
975,974,975,1747013670,1747013670000,1,0,0.21000000,104070.54000000,137.85000000,0.00000000,0.00000000,0.00000000,5,9282610,tp 104071.85
976,976,976,1747060800,1747060800150,0,0,0.17000000,103407.45000000,0.00000000,-0.74000000,0.00000000,0.00000000,3,9282610,PS PDL
977,976,977,1747061472,1747061472786,1,1,0.17000000,102985.30000000,-71.77000000,0.00000000,0.00000000,0.00000000,4,9282610,sl 102985.44
978,978,978,1747290300,1747290300150,0,0,0.43000000,102604.65000000,0.00000000,-1.88000000,0.00000000,0.00000000,3,9282610,PS PDL
979,978,979,1747290758,1747290758762,1,1,0.43000000,102441.60000000,-70.11000000,0.00000000,0.00000000,0.00000000,4,9282610,sl 102441.79
980,980,980,1747362000,1747362000150,0,1,0.24000000,104010.60000000,0.00000000,-1.05000000,0.00000000,0.00000000,3,9282610,PS PDH
981,980,981,1747362327,1747362327575,1,0,0.24000000,104301.68000000,-69.86000000,0.00000000,0.00000000,0.00000000,4,9282610,sl 104301.01
982,982,982,1747442700,1747442700150,0,0,0.50000000,103222.73000000,0.00000000,-2.19000000,0.00000000,0.00000000,3,9282610,PS PDL
983,982,983,1747443859,1747443859633,1,1,0.50000000,103087.65000000,-67.54000000,0.00000000,0.00000000,0.00000000,4,9282610,sl 103088.01
984,984,984,1747598700,1747598700150,0,1,0.22000000,103580.93000000,0.00000000,-0.96000000,0.00000000,0.00000000,3,9282610,PS PDH
985,984,985,1747599698,1747599698430,1,0,0.22000000,103892.52000000,-68.55000000,0.00000000,0.00000000,0.00000000,4,9282610,sl 103892.51
986,986,986,1747613700,1747613700150,0,1,0.18000000,106545.07000000,0.00000000,-0.79000000,0.00000000,0.00000000,3,9282610,PS PDH
987,986,987,1747614750,1747614750334,1,0,0.18000000,105811.24000000,132.09000000,0.00000000,0.00000000,0.00000000,5,9282610,tp 105812.36
988,988,988,1747627800,1747627800150,0,0,0.18000000,103266.08000000,0.00000000,-0.79000000,0.00000000,0.00000000,3,9282610,PS PDL
989,988,989,1747630228,1747630228378,1,1,0.18000000,102883.76000000,-68.81000000,0.00000000,0.00000000,0.00000000,4,9282610,sl 102884.15
990,990,990,1747771200,1747771200150,0,1,0.25000000,107001.60000000,0.00000000,-1.09000000,0.00000000,0.00000000,3,9282610,PS PDH
991,990,991,1747772198,1747772198922,1,0,0.25000000,106468.76000000,133.21000000,0.00000000,0.00000000,0.00000000,5,9282610,tp 106469.40
992,992,992,1747803300,1747803300150,0,1,0.43000000,107246.72000000,0.00000000,-1.88000000,0.00000000,0.00000000,3,9282610,PS PDH
993,992,993,1747803457,1747803457476,1,0,0.43000000,107405.27000000,-68.18000000,0.00000000,0.00000000,0.00000000,4,9282610,sl 107404.23
994,994,994,1747881600,1747881600150,0,1,0.38000000,110789.62000000,0.00000000,-1.66000000,0.00000000,0.00000000,3,9282610,PS PDH
995,994,995,1747881808,1747881808779,1,0,0.38000000,110428.63000000,137.18000000,0.00000000,0.00000000,0.00000000,5,9282610,tp 110429.90
996,996,996,1748007300,1748007300150,0,0,0.09000000,109407.17000000,0.00000000,-0.39000000,0.00000000,0.00000000,3,9282610,PS PDL
997,996,997,1748016451,1748016451382,1,1,0.09000000,108560.90000000,-76.17000000,0.00000000,0.00000000,0.00000000,4,9282610,sl 108561.43
998,998,998,1748165100,1748165100150,0,0,0.28000000,107038.87000000,0.00000000,-1.23000000,0.00000000,0.00000000,3,9282610,PS PDL
999,998,999,1748165779,1748165779162,1,1,0.28000000,106791.22000000,-69.34000000,0.00000000,0.00000000,0.00000000,4,9282610,sl 106791.46
1000,1000,1000,1748220600,1748220600150,0,1,0.36000000,109121.04000000,0.00000000,-1.58000000,0.00000000,0.00000000,3,9282610,PS PDH
1001,1000,1001,1748220759,1748220759384,1,0,0.36000000,109312.91000000,-69.08000000,0.00000000,0.00000000,0.00000000,4,9282610,sl 109311.28
1002,1002,1002,1748315400,1748315400150,0,0,0.26000000,108688.50000000,0.00000000,-1.14000000,0.00000000,0.00000000,3,9282610,PS PDL
1003,1002,1003,1748315859,1748315859409,1,1,0.26000000,109209.08000000,135.35000000,0.00000000,0.00000000,0.00000000,5,9282610,tp 109206.30
1004,1004,1004,1748351700,1748351700150,0,1,0.32000000,110335.10000000,0.00000000,-1.40000000,0.00000000,0.00000000,3,9282610,PS PDH
1005,1004,1005,1748351840,1748351840898,1,0,0.32000000,110549.76000000,-68.69000000,0.00000000,0.00000000,0.00000000,4,9282610,sl 110548.51
1006,1006,1006,1748444400,1748444400150,0,0,0.70000000,107521.92000000,0.00000000,-3.06000000,0.00000000,0.00000000,3,9282610,PS PDL
1007,1006,1007,1748444966,1748444966511,1,1,0.70000000,107423.63000000,-68.80000000,0.00000000,0.00000000,0.00000000,4,9282610,sl 107425.23
1008,1008,1008,1748529600,1748529600150,0,0,0.10000000,107179.83000000,0.00000000,-0.44000000,0.00000000,0.00000000,3,9282610,PS PDL
1009,1008,1009,1748540548,1748540548746,1,1,0.10000000,106484.41000000,-69.54000000,0.00000000,0.00000000,0.00000000,4,9282610,sl 106487.78
1010,1010,1010,1748567400,1748567400150,0,0,0.14000000,105395.09000000,0.00000000,-0.61000000,0.00000000,0.00000000,3,9282610,PS PDL
1011,1010,1011,1748591140,1748591140701,1,1,0.14000000,104899.74000000,-69.35000000,0.00000000,0.00000000,0.00000000,4,9282610,sl 104900.90
1012,1012,1012,1748650800,1748650800150,0,0,0.45000000,103688.11000000,0.00000000,-1.97000000,0.00000000,0.00000000,3,9282610,PS PDL
1013,1012,1013,1748651081,1748651081538,1,1,0.45000000,103981.59000000,132.07000000,0.00000000,0.00000000,0.00000000,5,9282610,tp 103980.26
1014,1014,1014,1748802300,1748802300150,0,1,0.30000000,104854.10000000,0.00000000,-1.31000000,0.00000000,0.00000000,3,9282610,PS PDH
1015,1014,1015,1748803420,1748803420384,1,0,0.30000000,104411.72000000,132.71000000,0.00000000,0.00000000,0.00000000,5,9282610,tp 104412.94
1016,1016,1016,1748853000,1748853000150,0,1,0.45000000,105871.69000000,0.00000000,-1.97000000,0.00000000,0.00000000,3,9282610,PS PDH
1017,1016,1017,1748853821,1748853821860,1,0,0.45000000,105566.94000000,137.14000000,0.00000000,0.00000000,0.00000000,5,9282610,tp 105567.41
1018,1018,1018,1748872500,1748872500150,0,0,0.73000000,103805.00000000,0.00000000,-3.19000000,0.00000000,0.00000000,3,9282610,PS PDL
1019,1018,1019,1748872513,1748872513617,1,1,0.73000000,103711.51000000,-68.25000000,0.00000000,0.00000000,0.00000000,4,9282610,sl 103712.02
1020,1020,1020,1748919000,1748919000150,0,1,0.17000000,105705.61000000,0.00000000,-0.74000000,0.00000000,0.00000000,3,9282610,PS PDH
1021,1020,1021,1748940182,1748940182776,1,0,0.17000000,104894.86000000,137.82000000,0.00000000,0.00000000,0.00000000,5,9282610,tp 104895.23
1022,1022,1022,1749040500,1749040500150,0,0,0.36000000,104936.32000000,0.00000000,-1.58000000,0.00000000,0.00000000,3,9282610,PS PDL
1023,1022,1023,1749045279,1749045279857,1,1,0.36000000,104738.97000000,-71.05000000,0.00000000,0.00000000,0.00000000,4,9282610,sl 104739.52
1024,1024,1024,1749133800,1749133800150,0,0,0.34000000,104286.63000000,0.00000000,-1.49000000,0.00000000,0.00000000,3,9282610,PS PDL
1025,1024,1025,1749133960,1749133960658,1,1,0.34000000,104082.81000000,-69.29000000,0.00000000,0.00000000,0.00000000,4,9282610,sl 104083.08
1026,1026,1026,1749315000,1749315000150,0,1,0.85000000,105449.70000000,0.00000000,-3.72000000,0.00000000,0.00000000,3,9282610,PS PDH
1027,1026,1027,1749315700,1749315700602,1,0,0.85000000,105530.77000000,-68.90000000,0.00000000,0.00000000,0.00000000,4,9282610,sl 105530.30
1028,1028,1028,1749390900,1749390900150,0,1,0.23000000,105824.11000000,0.00000000,-1.01000000,0.00000000,0.00000000,3,9282610,PS PDH
1029,1028,1029,1749395256,1749395256741,1,0,0.23000000,106121.81000000,-68.47000000,0.00000000,0.00000000,0.00000000,4,9282610,sl 106121.55
1030,1030,1030,1749682200,1749682200150,0,0,0.58000000,108375.76000000,0.00000000,-2.54000000,0.00000000,0.00000000,3,9282610,PS PDL
1031,1030,1031,1749684253,1749684253382,1,1,0.58000000,108608.55000000,135.02000000,0.00000000,0.00000000,0.00000000,5,9282610,tp 108608.44
1032,1032,1032,1749748800,1749748800150,0,0,0.35000000,108089.42000000,0.00000000,-1.53000000,0.00000000,0.00000000,3,9282610,PS PDL
1033,1032,1033,1749750460,1749750460285,1,1,0.35000000,108487.10000000,139.19000000,0.00000000,0.00000000,0.00000000,5,9282610,tp 108486.72
1034,1034,1034,1749829500,1749829500150,0,0,0.57000000,105700.01000000,0.00000000,-2.49000000,0.00000000,0.00000000,3,9282610,PS PDL
1035,1034,1035,1749829599,1749829599460,1,1,0.57000000,105576.56000000,-70.37000000,0.00000000,0.00000000,0.00000000,4,9282610,sl 105577.19
1036,1036,1036,1749862500,1749862500150,0,1,0.18000000,105894.93000000,0.00000000,-0.79000000,0.00000000,0.00000000,3,9282610,PS PDH
1037,1036,1037,1749884536,1749884536850,1,0,0.18000000,105108.34000000,141.59000000,0.00000000,0.00000000,0.00000000,5,9282610,tp 105108.43
1038,1038,1038,1750047900,1750047900150,0,1,0.45000000,106206.10000000,0.00000000,-1.97000000,0.00000000,0.00000000,3,9282610,PS PDH
1039,1038,1039,1750050027,1750050027000,1,0,0.45000000,106366.70000000,-72.27000000,0.00000000,0.00000000,0.00000000,4,9282610,sl 106363.01
1040,1040,1040,1750171500,1750171500150,0,0,0.31000000,105075.28000000,0.00000000,-1.36000000,0.00000000,0.00000000,3,9282610,PS PDL
1041,1040,1041,1750172251,1750172251000,1,1,0.31000000,104842.57000000,-72.14000000,0.00000000,0.00000000,0.00000000,4,9282610,sl 104848.01
1042,1042,1042,1750599300,1750599300150,0,0,0.26000000,100904.07000000,0.00000000,-1.14000000,0.00000000,0.00000000,3,9282610,PS PDL
1043,1042,1043,1750599399,1750599399927,1,1,0.26000000,100634.92000000,-69.98000000,0.00000000,0.00000000,0.00000000,4,9282610,sl 100636.40
1044,1044,1044,1750704000,1750704000150,0,1,0.33000000,103142.57000000,0.00000000,-1.44000000,0.00000000,0.00000000,3,9282610,PS PDH
1045,1044,1045,1750707195,1750707195645,1,0,0.33000000,102728.90000000,136.51000000,0.00000000,0.00000000,0.00000000,5,9282610,tp 102728.94
1046,1046,1046,1750785000,1750785000150,0,1,0.47000000,106103.78000000,0.00000000,-2.06000000,0.00000000,0.00000000,3,9282610,PS PDH
1047,1046,1047,1750785818,1750785818521,1,0,0.47000000,105804.07000000,140.87000000,0.00000000,0.00000000,0.00000000,5,9282610,tp 105805.10
1048,1048,1048,1750810800,1750810800150,0,1,0.38000000,106335.33000000,0.00000000,-1.66000000,0.00000000,0.00000000,3,9282610,PS PDH
1049,1048,1049,1750811727,1750811727013,1,0,0.38000000,105960.73000000,142.35000000,0.00000000,0.00000000,0.00000000,5,9282610,tp 105961.37
1050,1050,1050,1750907400,1750907400150,0,1,0.27000000,108095.40000000,0.00000000,-1.18000000,0.00000000,0.00000000,3,9282610,PS PDH
1051,1050,1051,1750928910,1750928910757,1,0,0.27000000,107561.11000000,144.26000000,0.00000000,0.00000000,0.00000000,5,9282610,tp 107563.22
1052,1052,1052,1750986900,1750986900150,0,0,0.20000000,106940.88000000,0.00000000,-0.88000000,0.00000000,0.00000000,3,9282610,PS PDL
1053,1052,1053,1751008778,1751008778992,1,1,0.20000000,107694.60000000,150.74000000,0.00000000,0.00000000,0.00000000,5,9282610,tp 107694.41
1054,1054,1054,1751214300,1751214300150,0,1,0.63000000,107590.25000000,0.00000000,-2.76000000,0.00000000,0.00000000,3,9282610,PS PDH
1055,1054,1055,1751215661,1751215661114,1,0,0.63000000,107351.33000000,150.52000000,0.00000000,0.00000000,0.00000000,5,9282610,tp 107352.41
1056,1056,1056,1751245800,1751245800150,0,1,1.01000000,108526.53000000,0.00000000,-4.42000000,0.00000000,0.00000000,3,9282610,PS PDH
1057,1056,1057,1751246141,1751246141333,1,0,1.01000000,108602.37000000,-76.59000000,0.00000000,0.00000000,0.00000000,4,9282610,sl 108602.15
1058,1058,1058,1751292900,1751292900150,0,0,0.20000000,107529.13000000,0.00000000,-0.88000000,0.00000000,0.00000000,3,9282610,PS PDL
1059,1058,1059,1751295027,1751295027373,1,1,0.20000000,107144.63000000,-76.90000000,0.00000000,0.00000000,0.00000000,4,9282610,sl 107145.15
1060,1060,1060,1751354700,1751354700150,0,0,0.69000000,106796.59000000,0.00000000,-3.02000000,0.00000000,0.00000000,3,9282610,PS PDL
1061,1060,1061,1751354978,1751354978325,1,1,0.69000000,107013.46000000,149.64000000,0.00000000,0.00000000,0.00000000,5,9282610,tp 107013.31
1062,1062,1062,1751419200,1751419200150,0,0,0.21000000,105590.69000000,0.00000000,-0.92000000,0.00000000,0.00000000,3,9282610,PS PDL
1063,1062,1063,1751426680,1751426680857,1,1,0.21000000,106347.85000000,159.01000000,0.00000000,0.00000000,0.00000000,5,9282610,tp 106347.37
1064,1064,1064,1751444400,1751444400150,0,1,2.59000000,107604.59000000,0.00000000,-11.33000000,0.00000000,0.00000000,3,9282610,PS PDH
1065,1064,1065,1751444405,1751444405811,1,0,2.59000000,107634.48000000,-77.41000000,0.00000000,0.00000000,0.00000000,4,9282610,sl 107633.83
1066,1066,1066,1751538000,1751538000150,0,1,0.29000000,109728.90000000,0.00000000,-1.27000000,0.00000000,0.00000000,3,9282610,PS PDH
1067,1066,1067,1751545816,1751545816213,1,0,0.29000000,110001.43000000,-79.03000000,0.00000000,0.00000000,0.00000000,4,9282610,sl 110000.80
1068,1068,1068,1751617200,1751617200150,0,0,0.50000000,108722.95000000,0.00000000,-2.19000000,0.00000000,0.00000000,3,9282610,PS PDL
1069,1068,1069,1751621072,1751621072089,1,1,0.50000000,109028.67000000,152.86000000,0.00000000,0.00000000,0.00000000,5,9282610,tp 109028.35
1070,1070,1070,1751827500,1751827500150,0,1,0.42000000,108478.41000000,0.00000000,-1.84000000,0.00000000,0.00000000,3,9282610,PS PDH
1071,1070,1071,1751828671,1751828671282,1,0,0.42000000,108663.35000000,-77.68000000,0.00000000,0.00000000,0.00000000,4,9282610,sl 108662.90
1072,1072,1072,1751908200,1751908200150,0,0,1.24000000,107890.33000000,0.00000000,-5.43000000,0.00000000,0.00000000,3,9282610,PS PDL
1073,1072,1073,1751908349,1751908349298,1,1,1.24000000,108015.30000000,154.96000000,0.00000000,0.00000000,0.00000000,5,9282610,tp 108014.27
1074,1074,1074,1751941200,1751941200150,0,0,0.37000000,107685.25000000,0.00000000,-1.62000000,0.00000000,0.00000000,3,9282610,PS PDL
1075,1074,1075,1751952090,1751952090240,1,1,0.37000000,108112.71000000,158.16000000,0.00000000,0.00000000,0.00000000,5,9282610,tp 108112.30
1076,1076,1076,1752063000,1752063000150,0,1,0.87000000,109266.50000000,0.00000000,-3.81000000,0.00000000,0.00000000,3,9282610,PS PDH
1077,1076,1077,1752063029,1752063029457,1,0,0.87000000,109358.57000000,-80.10000000,0.00000000,0.00000000,0.00000000,4,9282610,sl 109358.27
1078,1078,1078,1752217800,1752217800150,0,1,1.16000000,117467.53000000,0.00000000,-5.08000000,0.00000000,0.00000000,3,9282610,PS PDH
1079,1078,1079,1752217831,1752217831133,1,0,1.16000000,117536.55000000,-80.07000000,0.00000000,0.00000000,0.00000000,4,9282610,sl 117535.62
1080,1080,1080,1752412500,1752412500150,0,1,0.33000000,118125.87000000,0.00000000,-1.44000000,0.00000000,0.00000000,3,9282610,PS PDH
1081,1080,1081,1752413601,1752413601428,1,0,0.33000000,118363.06000000,-78.27000000,0.00000000,0.00000000,0.00000000,4,9282610,sl 118362.73
1082,1082,1082,1752461400,1752461400150,0,1,0.14000000,119427.48000000,0.00000000,-0.61000000,0.00000000,0.00000000,3,9282610,PS PDH
1083,1082,1083,1752464536,1752464536623,1,0,0.14000000,119991.81000000,-79.00000000,0.00000000,0.00000000,0.00000000,4,9282610,sl 119989.47
1084,1084,1084,1752543000,1752543000150,0,0,0.29000000,119006.87000000,0.00000000,-1.27000000,0.00000000,0.00000000,3,9282610,PS PDL
1085,1084,1085,1752544662,1752544662317,1,1,0.29000000,118738.05000000,-77.96000000,0.00000000,0.00000000,0.00000000,4,9282610,sl 118740.00
1086,1086,1086,1752691800,1752691800150,0,1,0.70000000,119879.21000000,0.00000000,-3.06000000,0.00000000,0.00000000,3,9282610,PS PDH
1087,1086,1087,1752691890,1752691890895,1,0,0.70000000,119661.69000000,152.27000000,0.00000000,0.00000000,0.00000000,5,9282610,tp 119662.65
1088,1088,1088,1752786900,1752786900150,0,1,1.30000000,120133.51000000,0.00000000,-5.69000000,0.00000000,0.00000000,3,9282610,PS PDH
1089,1088,1089,1752786920,1752786920083,1,0,1.30000000,120194.62000000,-79.45000000,0.00000000,0.00000000,0.00000000,4,9282610,sl 120193.09
1090,1090,1090,1752849900,1752849900150,0,0,0.16000000,117786.19000000,0.00000000,-0.70000000,0.00000000,0.00000000,3,9282610,PS PDL
1091,1090,1091,1752865170,1752865170537,1,1,0.16000000,117304.07000000,-77.14000000,0.00000000,0.00000000,0.00000000,4,9282610,sl 117305.18
1092,1092,1092,1753023300,1753023300150,0,1,0.46000000,118424.80000000,0.00000000,-2.01000000,0.00000000,0.00000000,3,9282610,PS PDH
1093,1092,1093,1753024437,1753024437230,1,0,0.46000000,118589.98000000,-75.98000000,0.00000000,0.00000000,0.00000000,4,9282610,sl 118589.88
1094,1094,1094,1753049400,1753049400150,0,0,0.26000000,117398.54000000,0.00000000,-1.14000000,0.00000000,0.00000000,3,9282610,PS PDL
1095,1094,1095,1753049559,1753049559908,1,1,0.26000000,117101.62000000,-77.20000000,0.00000000,0.00000000,0.00000000,4,9282610,sl 117102.27
1096,1096,1096,1753079100,1753079100150,0,1,0.34000000,118715.68000000,0.00000000,-1.49000000,0.00000000,0.00000000,3,9282610,PS PDH
1097,1096,1097,1753079420,1753079420202,1,0,0.34000000,118940.93000000,-76.59000000,0.00000000,0.00000000,0.00000000,4,9282610,sl 118939.22
1098,1098,1098,1753147200,1753147200150,0,0,0.10000000,116866.94000000,0.00000000,-0.44000000,0.00000000,0.00000000,3,9282610,PS PDL
1099,1098,1099,1753169129,1753169129436,1,1,0.10000000,118493.54000000,162.66000000,0.00000000,0.00000000,0.00000000,5,9282610,tp 118492.77
1100,1100,1100,1753211100,1753211100150,0,1,0.31000000,119661.74000000,0.00000000,-1.36000000,0.00000000,0.00000000,3,9282610,PS PDH
1101,1100,1101,1753211321,1753211321713,1,0,0.31000000,119912.50000000,-77.74000000,0.00000000,0.00000000,0.00000000,4,9282610,sl 119911.66
1102,1102,1102,1753341000,1753341000150,0,0,0.15000000,117648.82000000,0.00000000,-0.66000000,0.00000000,0.00000000,3,9282610,PS PDL
1103,1102,1103,1753344639,1753344639605,1,1,0.15000000,118681.72000000,154.94000000,0.00000000,0.00000000,0.00000000,5,9282610,tp 118681.15
1104,1104,1104,1753409700,1753409700150,0,0,0.75000000,117206.63000000,0.00000000,-3.28000000,0.00000000,0.00000000,3,9282610,PS PDL
1105,1104,1105,1753410340,1753410340137,1,1,0.75000000,117105.42000000,-75.90000000,0.00000000,0.00000000,0.00000000,4,9282610,sl 117105.54
1106,1106,1106,1753584900,1753584900150,0,1,1.41000000,118380.26000000,0.00000000,-6.17000000,0.00000000,0.00000000,3,9282610,PS PDH
1107,1106,1107,1753585589,1753585589471,1,0,1.41000000,118273.34000000,150.76000000,0.00000000,0.00000000,0.00000000,5,9282610,tp 118273.64
1108,1108,1108,1753670100,1753670100150,0,1,1.81000000,119795.89000000,0.00000000,-7.92000000,0.00000000,0.00000000,3,9282610,PS PDH
1109,1108,1109,1753670104,1753670104147,1,0,1.81000000,119837.40000000,-75.13000000,0.00000000,0.00000000,0.00000000,4,9282610,sl 119836.60
1110,1110,1110,1753723500,1753723500150,0,0,0.36000000,117880.55000000,0.00000000,-1.58000000,0.00000000,0.00000000,3,9282610,PS PDL
1111,1110,1111,1753725637,1753725637939,1,1,0.36000000,117666.78000000,-76.96000000,0.00000000,0.00000000,0.00000000,4,9282610,sl 117667.03
1112,1112,1112,1753803900,1753803900150,0,0,0.41000000,117424.25000000,0.00000000,-1.79000000,0.00000000,0.00000000,3,9282610,PS PDL
1113,1112,1113,1753806663,1753806663707,1,1,0.41000000,117239.28000000,-75.84000000,0.00000000,0.00000000,0.00000000,4,9282610,sl 117239.77
1114,1114,1114,1753905000,1753905000150,0,0,0.25000000,117039.83000000,0.00000000,-1.09000000,0.00000000,0.00000000,3,9282610,PS PDL
1115,1114,1115,1753916790,1753916790738,1,1,0.25000000,117643.18000000,150.84000000,0.00000000,0.00000000,0.00000000,5,9282610,tp 117643.15
1116,1116,1116,1753947000,1753947000150,0,1,1.01000000,118851.58000000,0.00000000,-4.42000000,0.00000000,0.00000000,3,9282610,PS PDH
1117,1116,1117,1753947630,1753947630673,1,0,1.01000000,118700.77000000,152.32000000,0.00000000,0.00000000,0.00000000,5,9282610,tp 118701.12
1118,1118,1118,1754005500,1754005500150,0,0,0.27000000,115875.44000000,0.00000000,-1.18000000,0.00000000,0.00000000,3,9282610,PS PDL
1119,1118,1119,1754005800,1754005800150,1,1,0.27000000,115940.33000000,17.52000000,0.00000000,0.00000000,0.00000000,3,9282610,
1120,1120,1120,1754007600,1754007600150,0,0,0.15000000,115942.25000000,0.00000000,-0.66000000,0.00000000,0.00000000,3,9282610,PS PDL
1121,1120,1121,1754009200,1754009200333,1,1,0.15000000,115416.98000000,-78.79000000,0.00000000,0.00000000,0.00000000,4,9282610,sl 115418.71
1122,1122,1122,1754157600,1754157600150,0,0,0.69000000,112747.36000000,0.00000000,-3.02000000,0.00000000,0.00000000,3,9282610,PS PDL
1123,1122,1123,1754158120,1754158120500,1,1,0.69000000,112635.69000000,-77.05000000,0.00000000,0.00000000,0.00000000,4,9282610,sl 112636.54
1124,1124,1124,1754181600,1754181600150,0,0,0.18000000,112362.74000000,0.00000000,-0.79000000,0.00000000,0.00000000,3,9282610,PS PDL
1125,1124,1125,1754184691,1754184691150,1,1,0.18000000,113247.84000000,159.32000000,0.00000000,0.00000000,0.00000000,5,9282610,tp 113247.11
1126,1126,1126,1754220900,1754220900150,0,1,1.63000000,114081.12000000,0.00000000,-7.13000000,0.00000000,0.00000000,3,9282610,PS PDH
1127,1126,1127,1754221298,1754221298512,1,0,1.63000000,113986.22000000,154.69000000,0.00000000,0.00000000,0.00000000,5,9282610,tp 113986.38
1128,1128,1128,1754268600,1754268600150,0,1,1.01000000,114900.06000000,0.00000000,-4.42000000,0.00000000,0.00000000,3,9282610,PS PDH
1129,1128,1129,1754268640,1754268640794,1,0,1.01000000,114979.90000000,-80.64000000,0.00000000,0.00000000,0.00000000,4,9282610,sl 114978.97
1130,1130,1130,1754376900,1754376900150,0,0,1.14000000,114183.65000000,0.00000000,-4.99000000,0.00000000,0.00000000,3,9282610,PS PDL
1131,1130,1131,1754378164,1754378164366,1,1,1.14000000,114320.15000000,155.61000000,0.00000000,0.00000000,0.00000000,5,9282610,tp 114319.71
1132,1132,1132,1754492700,1754492700150,0,1,0.24000000,115064.66000000,0.00000000,-1.05000000,0.00000000,0.00000000,3,9282610,PS PDH
1133,1132,1133,1754494540,1754494540283,1,0,0.24000000,115404.54000000,-81.57000000,0.00000000,0.00000000,0.00000000,4,9282610,sl 115404.04
1134,1134,1134,1754736000,1754736000150,0,1,0.56000000,117591.24000000,0.00000000,-2.45000000,0.00000000,0.00000000,3,9282610,PS PDH
1135,1134,1135,1754737840,1754737840880,1,0,0.56000000,117309.58000000,157.73000000,0.00000000,0.00000000,0.00000000,5,9282610,tp 117310.28
1136,1136,1136,1754795700,1754795700150,0,1,1.28000000,117906.62000000,0.00000000,-5.60000000,0.00000000,0.00000000,3,9282610,PS PDH
1137,1136,1137,1754795714,1754795714511,1,0,1.28000000,117782.27000000,159.16000000,0.00000000,0.00000000,0.00000000,5,9282610,tp 117783.48
1138,1138,1138,1754872500,1754872500150,0,1,0.69000000,119350.74000000,0.00000000,-3.02000000,0.00000000,0.00000000,3,9282610,PS PDH
1139,1138,1139,1754873295,1754873295789,1,0,0.69000000,119112.04000000,164.70000000,0.00000000,0.00000000,0.00000000,5,9282610,tp 119112.36
1140,1140,1140,1755089700,1755089700150,0,1,0.42000000,120265.24000000,0.00000000,-1.84000000,0.00000000,0.00000000,3,9282610,PS PDH
1141,1140,1141,1755090569,1755090569885,1,0,0.42000000,120465.11000000,-83.95000000,0.00000000,0.00000000,0.00000000,4,9282610,sl 120465.00
1142,1142,1142,1755132600,1755132600150,0,1,0.35000000,123666.68000000,0.00000000,-1.53000000,0.00000000,0.00000000,3,9282610,PS PDH
1143,1142,1143,1755132941,1755132941661,1,0,0.35000000,123902.72000000,-82.61000000,0.00000000,0.00000000,0.00000000,4,9282610,sl 123902.09
1144,1144,1144,1755175200,1755175200150,0,0,0.06000000,119068.22000000,0.00000000,-0.26000000,0.00000000,0.00000000,3,9282610,PS PDL
1145,1144,1145,1755188142,1755188142360,1,1,0.06000000,117534.15000000,-92.04000000,0.00000000,0.00000000,0.00000000,4,9282610,sl 117535.50
1146,1146,1146,1755270900,1755270900150,0,0,0.26000000,117409.76000000,0.00000000,-1.14000000,0.00000000,0.00000000,3,9282610,PS PDL
1147,1146,1147,1755271661,1755271661746,1,1,0.26000000,117086.70000000,-84.00000000,0.00000000,0.00000000,0.00000000,4,9282610,sl 117089.00
1148,1148,1148,1755414300,1755414300150,0,1,1.12000000,117978.16000000,0.00000000,-4.90000000,0.00000000,0.00000000,3,9282610,PS PDH
1149,1148,1149,1755414567,1755414567500,1,0,1.12000000,118050.29000000,-80.78000000,0.00000000,0.00000000,0.00000000,4,9282610,sl 118049.75
1150,1150,1150,1755477600,1755477600150,0,0,0.68000000,117309.41000000,0.00000000,-2.98000000,0.00000000,0.00000000,3,9282610,PS PDL
1151,1150,1151,1755480122,1755480122532,1,1,0.68000000,117192.87000000,-79.25000000,0.00000000,0.00000000,0.00000000,4,9282610,sl 117193.49
1152,1152,1152,1755576900,1755576900150,0,0,0.40000000,114812.99000000,0.00000000,-1.75000000,0.00000000,0.00000000,3,9282610,PS PDL
1153,1152,1153,1755578561,1755578561373,1,1,0.40000000,115207.58000000,157.83000000,0.00000000,0.00000000,0.00000000,5,9282610,tp 115207.13
1154,1154,1154,1755654600,1755654600150,0,0,0.34000000,112925.51000000,0.00000000,-1.49000000,0.00000000,0.00000000,3,9282610,PS PDL
1155,1154,1155,1755658302,1755658302094,1,1,0.34000000,113393.36000000,159.07000000,0.00000000,0.00000000,0.00000000,5,9282610,tp 113393.33
1156,1156,1156,1755741900,1755741900150,0,1,0.37000000,114608.37000000,0.00000000,-1.62000000,0.00000000,0.00000000,3,9282610,PS PDH
1157,1156,1157,1755742580,1755742580304,1,0,0.37000000,114164.05000000,164.40000000,0.00000000,0.00000000,0.00000000,5,9282610,tp 114164.49
1158,1158,1158,1755795600,1755795600150,0,0,0.96000000,112374.36000000,0.00000000,-4.20000000,0.00000000,0.00000000,3,9282610,PS PDL
1159,1158,1159,1755795871,1755795871904,1,1,0.96000000,112287.86000000,-83.04000000,0.00000000,0.00000000,0.00000000,4,9282610,sl 112288.27
1160,1160,1160,1755864900,1755864900150,0,0,0.73000000,112056.81000000,0.00000000,-3.19000000,0.00000000,0.00000000,3,9282610,PS PDL
1161,1160,1161,1755865938,1755865938480,1,1,0.73000000,111944.09000000,-82.28000000,0.00000000,0.00000000,0.00000000,4,9282610,sl 111944.84
1162,1162,1162,1755871800,1755871800150,0,1,0.26000000,114796.52000000,0.00000000,-1.14000000,0.00000000,0.00000000,3,9282610,PS PDH
1163,1162,1163,1755872071,1755872071961,1,0,0.26000000,115115.59000000,-82.95000000,0.00000000,0.00000000,0.00000000,4,9282610,sl 115114.56
1164,1164,1164,1756047300,1756047300150,0,0,0.53000000,114607.63000000,0.00000000,-2.32000000,0.00000000,0.00000000,3,9282610,PS PDL
1165,1164,1165,1756047638,1756047638392,1,1,0.53000000,114454.51000000,-81.15000000,0.00000000,0.00000000,0.00000000,4,9282610,sl 114454.67
1166,1166,1166,1756129800,1756129800150,0,0,0.12000000,111209.64000000,0.00000000,-0.53000000,0.00000000,0.00000000,3,9282610,PS PDL
1167,1166,1167,1756135542,1756135542028,1,1,0.12000000,112545.52000000,160.30000000,0.00000000,0.00000000,0.00000000,5,9282610,tp 112543.91
1168,1168,1168,1756169400,1756169400150,0,0,0.15000000,109504.46000000,0.00000000,-0.66000000,0.00000000,0.00000000,3,9282610,PS PDL
1169,1168,1169,1756170081,1756170081192,1,1,0.15000000,108936.08000000,-85.26000000,0.00000000,0.00000000,0.00000000,4,9282610,sl 108936.41
1170,1170,1170,1756305600,1756305600150,0,1,0.39000000,112404.64000000,0.00000000,-1.71000000,0.00000000,0.00000000,3,9282610,PS PDH
1171,1170,1171,1756305896,1756305896651,1,0,0.39000000,111984.50000000,163.85000000,0.00000000,0.00000000,0.00000000,5,9282610,tp 111985.81
1172,1172,1172,1756356000,1756356000150,0,1,0.55000000,112598.42000000,0.00000000,-2.41000000,0.00000000,0.00000000,3,9282610,PS PDH
1173,1172,1173,1756356035,1756356035871,1,0,0.55000000,112749.47000000,-83.08000000,0.00000000,0.00000000,0.00000000,4,9282610,sl 112748.55
1174,1174,1174,1756519200,1756519200150,0,0,0.64000000,107462.94000000,0.00000000,-2.80000000,0.00000000,0.00000000,3,9282610,PS PDL
1175,1174,1175,1756519524,1756519524795,1,1,0.64000000,107717.12000000,162.68000000,0.00000000,0.00000000,0.00000000,5,9282610,tp 107716.90
1176,1176,1176,1756614300,1756614300150,0,1,0.98000000,108905.50000000,0.00000000,-4.29000000,0.00000000,0.00000000,3,9282610,PS PDH
1177,1176,1177,1756615481,1756615481118,1,0,0.98000000,108736.72000000,165.40000000,0.00000000,0.00000000,0.00000000,5,9282610,tp 108736.90
1178,1178,1178,1756687500,1756687500150,0,0,0.21000000,108178.73000000,0.00000000,-0.92000000,0.00000000,0.00000000,3,9282610,PS PDL
1179,1178,1179,1756693518,1756693518014,1,1,0.21000000,107765.24000000,-86.83000000,0.00000000,0.00000000,0.00000000,4,9282610,sl 107766.60
1180,1180,1180,1756715400,1756715400150,0,1,0.45000000,109440.42000000,0.00000000,-1.97000000,0.00000000,0.00000000,3,9282610,PS PDH
1181,1180,1181,1756716222,1756716222048,1,0,0.45000000,109626.57000000,-83.77000000,0.00000000,0.00000000,0.00000000,4,9282610,sl 109626.42
1182,1182,1182,1756812600,1756812600150,0,1,0.77000000,109904.82000000,0.00000000,-3.37000000,0.00000000,0.00000000,3,9282610,PS PDH
1183,1182,1183,1756814249,1756814249230,1,0,0.77000000,109690.33000000,165.16000000,0.00000000,0.00000000,0.00000000,5,9282610,tp 109690.72
1184,1184,1184,1756903200,1756903200150,0,1,0.47000000,111722.01000000,0.00000000,-2.06000000,0.00000000,0.00000000,3,9282610,PS PDH
1185,1184,1185,1756903421,1756903421895,1,0,0.47000000,111362.32000000,169.05000000,0.00000000,0.00000000,0.00000000,5,9282610,tp 111362.67
1186,1186,1186,1756967400,1756967400150,0,0,0.57000000,110562.59000000,0.00000000,-2.49000000,0.00000000,0.00000000,3,9282610,PS PDL
1187,1186,1187,1756967884,1756967884104,1,1,0.57000000,110411.57000000,-86.09000000,0.00000000,0.00000000,0.00000000,4,9282610,sl 110411.74
1188,1188,1188,1757055900,1757055900150,0,1,0.80000000,112175.64000000,0.00000000,-3.50000000,0.00000000,0.00000000,3,9282610,PS PDH
1189,1188,1189,1757055939,1757055939023,1,0,0.80000000,112282.89000000,-85.80000000,0.00000000,0.00000000,0.00000000,4,9282610,sl 112281.94
1190,1190,1190,1757174700,1757174700150,0,0,0.48000000,110301.11000000,0.00000000,-2.10000000,0.00000000,0.00000000,3,9282610,PS PDL
1191,1190,1191,1757175640,1757175640686,1,1,0.48000000,110124.10000000,-84.96000000,0.00000000,0.00000000,0.00000000,4,9282610,sl 110124.58
1192,1192,1192,1757233800,1757233800150,0,1,0.97000000,111242.08000000,0.00000000,-4.24000000,0.00000000,0.00000000,3,9282610,PS PDH
1193,1192,1193,1757233830,1757233830354,1,0,0.97000000,111328.73000000,-84.05000000,0.00000000,0.00000000,0.00000000,4,9282610,sl 111327.93
1194,1194,1194,1757320200,1757320200150,0,1,1.67000000,111582.41000000,0.00000000,-7.31000000,0.00000000,0.00000000,3,9282610,PS PDH
1195,1194,1195,1757320349,1757320349701,1,0,1.67000000,111632.16000000,-83.09000000,0.00000000,0.00000000,0.00000000,4,9282610,sl 111631.50
1196,1196,1196,1757400600,1757400600150,0,1,0.43000000,112907.20000000,0.00000000,-1.88000000,0.00000000,0.00000000,3,9282610,PS PDH
1197,1196,1197,1757400739,1757400739349,1,0,0.43000000,113099.81000000,-82.82000000,0.00000000,0.00000000,0.00000000,4,9282610,sl 113099.72
1198,1198,1198,1757508000,1757508000150,0,1,0.17000000,113026.97000000,0.00000000,-0.74000000,0.00000000,0.00000000,3,9282610,PS PDH
1199,1198,1199,1757509202,1757509202608,1,0,0.17000000,113522.99000000,-84.33000000,0.00000000,0.00000000,0.00000000,4,9282610,sl 113522.52
1200,1200,1200,1757563500,1757563500150,0,1,0.73000000,114333.48000000,0.00000000,-3.19000000,0.00000000,0.00000000,3,9282610,PS PDH
1201,1200,1201,1757565280,1757565280909,1,0,0.73000000,114114.41000000,159.92000000,0.00000000,0.00000000,0.00000000,5,9282610,tp 114114.56
1202,1202,1202,1757636400,1757636400150,0,1,0.67000000,115532.41000000,0.00000000,-2.93000000,0.00000000,0.00000000,3,9282610,PS PDH
1203,1202,1203,1757636441,1757636441138,1,0,0.67000000,115654.75000000,-81.97000000,0.00000000,0.00000000,0.00000000,4,9282610,sl 115653.86
1204,1204,1204,1757895900,1757895900150,0,0,0.47000000,115196.08000000,0.00000000,-2.06000000,0.00000000,0.00000000,3,9282610,PS PDL
1205,1204,1205,1757898387,1757898387952,1,1,0.47000000,115021.73000000,-81.95000000,0.00000000,0.00000000,0.00000000,4,9282610,sl 115022.55
1206,1206,1206,1757913300,1757913300150,0,1,1.15000000,116200.59000000,0.00000000,-5.03000000,0.00000000,0.00000000,3,9282610,PS PDH
1207,1206,1207,1757913627,1757913627336,1,0,1.15000000,116270.49000000,-80.38000000,0.00000000,0.00000000,0.00000000,4,9282610,sl 116269.72
1208,1208,1208,1758043800,1758043800150,0,1,1.42000000,116794.74000000,0.00000000,-6.21000000,0.00000000,0.00000000,3,9282610,PS PDH
1209,1208,1209,1758043831,1758043831172,1,0,1.42000000,116850.51000000,-79.19000000,0.00000000,0.00000000,0.00000000,4,9282610,sl 116849.91
1210,1210,1210,1758077700,1758077700150,0,1,0.24000000,116844.20000000,0.00000000,-1.05000000,0.00000000,0.00000000,3,9282610,PS PDH
1211,1210,1211,1758087940,1758087940588,1,0,0.24000000,117171.33000000,-78.51000000,0.00000000,0.00000000,0.00000000,4,9282610,sl 117168.63
1212,1212,1212,1758170400,1758170400150,0,1,1.00000000,117332.75000000,0.00000000,-4.38000000,0.00000000,0.00000000,3,9282610,PS PDH
1213,1212,1213,1758170431,1758170431796,1,0,1.00000000,117410.31000000,-77.56000000,0.00000000,0.00000000,0.00000000,4,9282610,sl 117409.60
1214,1214,1214,1758288000,1758288000150,0,0,4.12000000,116128.85000000,0.00000000,-18.03000000,0.00000000,0.00000000,3,9282610,PS PDL
1215,1214,1215,1758288037,1758288037629,1,1,4.12000000,116110.51000000,-75.56000000,0.00000000,0.00000000,0.00000000,4,9282610,sl 116110.54
1216,1216,1216,1758447300,1758447300150,0,0,1.70000000,115477.52000000,0.00000000,-7.44000000,0.00000000,0.00000000,3,9282610,PS PDL
1217,1216,1217,1758447341,1758447341605,1,1,1.70000000,115432.77000000,-76.07000000,0.00000000,0.00000000,0.00000000,4,9282610,sl 115433.27
1218,1218,1218,1758500400,1758500400150,0,0,1.38000000,115276.48000000,0.00000000,-6.04000000,0.00000000,0.00000000,3,9282610,PS PDL
1219,1218,1219,1758500643,1758500643389,1,1,1.38000000,115222.76000000,-74.13000000,0.00000000,0.00000000,0.00000000,4,9282610,sl 115222.77
1220,1220,1220,1758597000,1758597000150,0,0,1.73000000,111692.20000000,0.00000000,-7.57000000,0.00000000,0.00000000,3,9282610,PS PDL
1221,1220,1221,1758597080,1758597080599,1,1,1.73000000,111649.30000000,-74.22000000,0.00000000,0.00000000,0.00000000,4,9282610,sl 111649.80
1222,1222,1222,1758687300,1758687300150,0,0,0.17000000,111506.16000000,0.00000000,-0.74000000,0.00000000,0.00000000,3,9282610,PS PDL
1223,1222,1223,1758688721,1758688721179,1,1,0.17000000,112384.97000000,149.39000000,0.00000000,0.00000000,0.00000000,5,9282610,tp 112384.58
1224,1224,1224,1758730200,1758730200150,0,1,0.74000000,113327.15000000,0.00000000,-3.24000000,0.00000000,0.00000000,3,9282610,PS PDH
1225,1224,1225,1758730563,1758730563811,1,0,0.74000000,113428.25000000,-74.82000000,0.00000000,0.00000000,0.00000000,4,9282610,sl 113428.07
1226,1226,1226,1758806100,1758806100150,0,0,0.20000000,111288.42000000,0.00000000,-0.88000000,0.00000000,0.00000000,3,9282610,PS PDL
1227,1226,1227,1758807808,1758807808149,1,1,0.20000000,110906.97000000,-76.29000000,0.00000000,0.00000000,0.00000000,4,9282610,sl 110909.60
1228,1228,1228,1759019400,1759019400150,0,1,2.25000000,109824.61000000,0.00000000,-9.84000000,0.00000000,0.00000000,3,9282610,PS PDH
1229,1228,1229,1759019501,1759019501158,1,0,2.25000000,109759.97000000,145.44000000,0.00000000,0.00000000,0.00000000,5,9282610,tp 109760.19
1230,1230,1230,1759135800,1759135800150,0,1,0.31000000,112238.57000000,0.00000000,-1.36000000,0.00000000,0.00000000,3,9282610,PS PDH
1231,1230,1231,1759149081,1759149081212,1,0,0.31000000,112481.30000000,-75.24000000,0.00000000,0.00000000,0.00000000,4,9282610,sl 112480.05
1232,1232,1232,1759191300,1759191300150,0,1,0.47000000,114367.16000000,0.00000000,-2.06000000,0.00000000,0.00000000,3,9282610,PS PDH
1233,1232,1233,1759193368,1759193368895,1,0,0.47000000,114524.71000000,-74.04000000,0.00000000,0.00000000,0.00000000,4,9282610,sl 114523.54
1234,1234,1234,1759307100,1759307100150,0,1,0.19000000,114706.86000000,0.00000000,-0.83000000,0.00000000,0.00000000,3,9282610,PS PDH
1235,1234,1235,1759307258,1759307258964,1,0,0.19000000,115097.32000000,-74.19000000,0.00000000,0.00000000,0.00000000,4,9282610,sl 115096.11
1236,1236,1236,1759365900,1759365900150,0,1,0.28000000,118655.66000000,0.00000000,-1.23000000,0.00000000,0.00000000,3,9282610,PS PDH
1237,1236,1237,1759369599,1759369599420,1,0,0.28000000,118913.41000000,-72.17000000,0.00000000,0.00000000,0.00000000,4,9282610,sl 118912.54
1238,1238,1238,1759658700,1759658700150,0,1,0.18000000,122702.52000000,0.00000000,-0.79000000,0.00000000,0.00000000,3,9282610,PS PDH
1239,1238,1239,1759659637,1759659637988,1,0,0.18000000,123112.79000000,-73.85000000,0.00000000,0.00000000,0.00000000,4,9282610,sl 123109.02
1240,1240,1240,1759771500,1759771500150,0,1,1.76000000,125885.73000000,0.00000000,-7.70000000,0.00000000,0.00000000,3,9282610,PS PDH
1241,1240,1241,1759771528,1759771528392,1,0,1.76000000,125800.20000000,150.53000000,0.00000000,0.00000000,0.00000000,5,9282610,tp 125805.91
1242,1242,1242,1759846200,1759846200150,0,0,0.62000000,123184.70000000,0.00000000,-2.71000000,0.00000000,0.00000000,3,9282610,PS PDL
1243,1242,1243,1759846227,1759846227662,1,1,0.62000000,123068.02000000,-72.34000000,0.00000000,0.00000000,0.00000000,4,9282610,sl 123068.99
1244,1244,1244,1760021400,1760021400150,0,0,0.23000000,121116.75000000,0.00000000,-1.01000000,0.00000000,0.00000000,3,9282610,PS PDL
1245,1244,1245,1760022089,1760022089774,1,1,0.23000000,121736.03000000,142.44000000,0.00000000,0.00000000,0.00000000,5,9282610,tp 121733.81
1246,1246,1246,1760283000,1760283000150,0,1,0.20000000,113235.88000000,0.00000000,-0.88000000,0.00000000,0.00000000,3,9282610,PS PDH
1247,1246,1247,1760283341,1760283341354,1,0,0.20000000,112506.42000000,145.90000000,0.00000000,0.00000000,0.00000000,5,9282610,tp 112508.18
1248,1248,1248,1760315100,1760315100150,0,1,0.14000000,115472.06000000,0.00000000,-0.61000000,0.00000000,0.00000000,3,9282610,PS PDH
1249,1248,1249,1760320864,1760320864857,1,0,0.14000000,116005.77000000,-74.72000000,0.00000000,0.00000000,0.00000000,4,9282610,sl 116004.69
1250,1250,1250,1760410500,1760410500150,0,0,1.34000000,113769.86000000,0.00000000,-5.86000000,0.00000000,0.00000000,3,9282610,PS PDL
1251,1250,1251,1760410736,1760410736000,1,1,1.34000000,113880.02000000,147.62000000,0.00000000,0.00000000,0.00000000,5,9282610,tp 113878.56
1252,1252,1252,1760607900,1760607900150,0,0,0.05000000,111272.66000000,0.00000000,-0.22000000,0.00000000,0.00000000,3,9282610,PS PDL
1253,1252,1253,1760629278,1760629278374,1,1,0.05000000,109660.83000000,-80.59000000,0.00000000,0.00000000,0.00000000,4,9282610,sl 109661.20
1254,1254,1254,1760736600,1760736600150,0,0,1.04000000,107467.46000000,0.00000000,-4.55000000,0.00000000,0.00000000,3,9282610,PS PDL
1255,1254,1255,1760736761,1760736761000,1,1,1.04000000,107392.04000000,-78.44000000,0.00000000,0.00000000,0.00000000,4,9282610,sl 107396.51
1256,1256,1256,1760862600,1760862600150,0,0,0.16000000,106726.81000000,0.00000000,-0.70000000,0.00000000,0.00000000,3,9282610,PS PDL
1257,1256,1257,1760864736,1760864736176,1,1,0.16000000,106268.99000000,-73.25000000,0.00000000,0.00000000,0.00000000,4,9282610,sl 106272.75
1258,1258,1258,1760868000,1760868000150,0,1,0.26000000,107436.20000000,0.00000000,-1.14000000,0.00000000,0.00000000,3,9282610,PS PDH
1259,1258,1259,1760869526,1760869526739,1,0,0.26000000,107718.57000000,-73.42000000,0.00000000,0.00000000,0.00000000,4,9282610,sl 107716.32
1260,1260,1260,1761072000,1761072000150,0,1,0.29000000,111678.00000000,0.00000000,-1.27000000,0.00000000,0.00000000,3,9282610,PS PDH
1261,1260,1261,1761072389,1761072389016,1,0,0.29000000,111928.71000000,-72.71000000,0.00000000,0.00000000,0.00000000,4,9282610,sl 111928.12
1262,1262,1262,1761131700,1761131700150,0,0,0.11000000,108020.02000000,0.00000000,-0.48000000,0.00000000,0.00000000,3,9282610,PS PDL
1263,1262,1263,1761166875,1761166875894,1,1,0.11000000,107372.89000000,-71.18000000,0.00000000,0.00000000,0.00000000,4,9282610,sl 107376.48
1264,1264,1264,1761210900,1761210900150,0,1,0.30000000,109171.50000000,0.00000000,-1.31000000,0.00000000,0.00000000,3,9282610,PS PDH
1265,1264,1265,1761211514,1761211514754,1,0,0.30000000,109412.83000000,-72.40000000,0.00000000,0.00000000,0.00000000,4,9282610,sl 109409.45
1266,1266,1266,1761280500,1761280500150,0,1,0.29000000,111341.87000000,0.00000000,-1.27000000,0.00000000,0.00000000,3,9282610,PS PDH
1267,1266,1267,1761289513,1761289513000,1,0,0.29000000,111580.65000000,-69.25000000,0.00000000,0.00000000,0.00000000,4,9282610,sl 111580.03
1268,1268,1268,1761542700,1761542700150,0,1,1.06000000,115523.51000000,0.00000000,-4.64000000,0.00000000,0.00000000,3,9282610,PS PDH
1269,1268,1269,1761542800,1761542800000,1,0,1.06000000,115589.72000000,-70.18000000,0.00000000,0.00000000,0.00000000,4,9282610,sl 115588.15
1270,1270,1270,1761612600,1761612600150,0,0,0.51000000,113902.19000000,0.00000000,-2.23000000,0.00000000,0.00000000,3,9282610,PS PDL
1271,1270,1271,1761613593,1761613593000,1,1,0.51000000,114171.34000000,137.26000000,0.00000000,0.00000000,0.00000000,5,9282610,tp 114168.75
1272,1272,1272,1761701400,1761701400150,0,0,0.52000000,112225.06000000,0.00000000,-2.28000000,0.00000000,0.00000000,3,9282610,PS PDL
1273,1272,1273,1761701609,1761701609158,1,1,0.52000000,112499.85000000,142.89000000,0.00000000,0.00000000,0.00000000,5,9282610,tp 112493.34
1274,1274,1274,1761799200,1761799200150,0,0,0.07000000,109463.96000000,0.00000000,-0.31000000,0.00000000,0.00000000,3,9282610,PS PDL
1275,1274,1275,1761828723,1761828723488,1,1,0.07000000,108319.42000000,-80.12000000,0.00000000,0.00000000,0.00000000,4,9282610,sl 108320.25
1276,1276,1276,1762059000,1762059000150,0,1,0.62000000,110425.85000000,0.00000000,-2.71000000,0.00000000,0.00000000,3,9282610,PS PDH
1277,1276,1277,1762059089,1762059089000,1,0,0.62000000,110540.55000000,-71.11000000,0.00000000,0.00000000,0.00000000,4,9282610,sl 110538.60
1278,1278,1278,1762134000,1762134000150,0,0,0.24000000,109655.10000000,0.00000000,-1.05000000,0.00000000,0.00000000,3,9282610,PS PDL
1279,1278,1279,1762136845,1762136845454,1,1,0.24000000,109364.05000000,-69.85000000,0.00000000,0.00000000,0.00000000,4,9282610,sl 109364.54
1280,1280,1280,1762516500,1762516500150,0,0,0.38000000,100356.33000000,0.00000000,-1.66000000,0.00000000,0.00000000,3,9282610,PS PDL
1281,1280,1281,1762517857,1762517857037,1,1,0.38000000,100173.92000000,-69.32000000,0.00000000,0.00000000,0.00000000,4,9282610,sl 100175.67
1282,1282,1282,1762659000,1762659000150,0,0,0.41000000,101493.96000000,0.00000000,-1.79000000,0.00000000,0.00000000,3,9282610,PS PDL
1283,1282,1283,1762661725,1762661725000,1,1,0.41000000,101826.04000000,136.16000000,0.00000000,0.00000000,0.00000000,5,9282610,tp 101825.50
1284,1284,1284,1762699800,1762699800150,0,1,0.22000000,103041.74000000,0.00000000,-0.96000000,0.00000000,0.00000000,3,9282610,PS PDH
1285,1284,1285,1762700939,1762700939422,1,0,0.22000000,103367.43000000,-71.65000000,0.00000000,0.00000000,0.00000000,4,9282610,sl 103366.59
1286,1286,1286,1762786200,1762786200150,0,1,0.14000000,105202.93000000,0.00000000,-0.61000000,0.00000000,0.00000000,3,9282610,PS PDH
1287,1286,1287,1762796436,1762796436551,1,0,0.14000000,105698.18000000,-69.34000000,0.00000000,0.00000000,0.00000000,4,9282610,sl 105693.89
1288,1288,1288,1762824900,1762824900150,0,1,0.44000000,106649.37000000,0.00000000,-1.93000000,0.00000000,0.00000000,3,9282610,PS PDH
1289,1288,1289,1762825057,1762825057832,1,0,0.44000000,106337.27000000,137.32000000,0.00000000,0.00000000,0.00000000,5,9282610,tp 106338.77
1290,1290,1290,1762867800,1762867800150,0,0,0.56000000,104326.34000000,0.00000000,-2.45000000,0.00000000,0.00000000,3,9282610,PS PDL
1291,1290,1291,1762871678,1762871678823,1,1,0.56000000,104200.72000000,-70.35000000,0.00000000,0.00000000,0.00000000,4,9282610,sl 104202.09
1292,1292,1292,1763051400,1763051400150,0,0,0.19000000,101033.92000000,0.00000000,-0.83000000,0.00000000,0.00000000,3,9282610,PS PDL
1293,1292,1293,1763052928,1763052928278,1,1,0.19000000,100660.33000000,-70.98000000,0.00000000,0.00000000,0.00000000,4,9282610,sl 100664.78
1294,1294,1294,1763308800,1763308800150,0,0,0.31000000,94523.97000000,0.00000000,-1.36000000,0.00000000,0.00000000,3,9282610,PS PDL
1295,1294,1295,1763309909,1763309909999,1,1,0.31000000,94299.73000000,-69.51000000,0.00000000,0.00000000,0.00000000,4,9282610,sl 94302.14
1296,1296,1296,1763427000,1763427000150,0,0,0.10000000,91755.08000000,0.00000000,-0.44000000,0.00000000,0.00000000,3,9282610,PS PDL
1297,1296,1297,1763432017,1763432017534,1,1,0.10000000,91077.99000000,-67.71000000,0.00000000,0.00000000,0.00000000,4,9282610,sl 91078.38
1298,1298,1298,1763573700,1763573700150,0,0,0.73000000,89107.58000000,0.00000000,-3.19000000,0.00000000,0.00000000,3,9282610,PS PDL
1299,1298,1299,1763573779,1763573779834,1,1,0.73000000,89014.51000000,-67.94000000,0.00000000,0.00000000,0.00000000,4,9282610,sl 89016.77
1300,1300,1300,1763615400,1763615400150,0,1,0.28000000,92848.79000000,0.00000000,-1.23000000,0.00000000,0.00000000,3,9282610,PS PDH
1301,1300,1301,1763619823,1763619823000,1,0,0.28000000,92379.78000000,131.32000000,0.00000000,0.00000000,0.00000000,5,9282610,tp 92380.81
1302,1302,1302,1763655300,1763655300150,0,0,0.25000000,88613.90000000,0.00000000,-1.09000000,0.00000000,0.00000000,3,9282610,PS PDL
1303,1302,1303,1763655737,1763655737119,1,1,0.25000000,88341.12000000,-68.20000000,0.00000000,0.00000000,0.00000000,4,9282610,sl 88342.73
1304,1304,1304,1763693400,1763693400150,0,0,0.21000000,86076.52000000,0.00000000,-0.92000000,0.00000000,0.00000000,3,9282610,PS PDL
1305,1304,1305,1763693549,1763693549473,1,1,0.21000000,85747.81000000,-69.03000000,0.00000000,0.00000000,0.00000000,4,9282610,sl 85750.90
1306,1306,1306,1763883000,1763883000150,0,1,0.29000000,85486.08000000,0.00000000,-1.27000000,0.00000000,0.00000000,3,9282610,PS PDH
1307,1306,1307,1763884165,1763884165000,1,0,0.29000000,85713.65000000,-66.00000000,0.00000000,0.00000000,0.00000000,4,9282610,sl 85713.46
1308,1308,1308,1764249600,1764249600150,0,1,0.22000000,90572.12000000,0.00000000,-0.96000000,0.00000000,0.00000000,3,9282610,PS PDH
1309,1308,1309,1764250722,1764250722477,1,0,0.22000000,90882.27000000,-68.23000000,0.00000000,0.00000000,0.00000000,4,9282610,sl 90877.46
1310,1310,1310,1764327900,1764327900150,0,1,0.21000000,91724.25000000,0.00000000,-0.92000000,0.00000000,0.00000000,3,9282610,PS PDH
1311,1310,1311,1764328540,1764328540325,1,0,0.21000000,91108.69000000,129.27000000,0.00000000,0.00000000,0.00000000,5,9282610,tp 91111.67
1312,1312,1312,1764440100,1764440100150,0,0,0.28000000,90410.09000000,0.00000000,-1.23000000,0.00000000,0.00000000,3,9282610,PS PDL
1313,1312,1313,1764444517,1764444517000,1,1,0.28000000,90876.95000000,130.72000000,0.00000000,0.00000000,0.00000000,5,9282610,tp 90873.87
1314,1314,1314,1764491400,1764491400150,0,1,0.46000000,91170.70000000,0.00000000,-2.01000000,0.00000000,0.00000000,3,9282610,PS PDH
1315,1314,1315,1764492759,1764492759000,1,0,0.46000000,91317.22000000,-67.40000000,0.00000000,0.00000000,0.00000000,4,9282610,sl 91316.93
1316,1316,1316,1764689400,1764689400150,0,1,0.16000000,90184.59000000,0.00000000,-0.70000000,0.00000000,0.00000000,3,9282610,PS PDH
1317,1316,1317,1764690150,1764690150638,1,0,0.16000000,90607.47000000,-67.67000000,0.00000000,0.00000000,0.00000000,4,9282610,sl 90605.43
1318,1318,1318,1764726900,1764726900150,0,1,0.35000000,92335.66000000,0.00000000,-1.53000000,0.00000000,0.00000000,3,9282610,PS PDH
1319,1318,1319,1764727460,1764727460632,1,0,0.35000000,92521.43000000,-65.02000000,0.00000000,0.00000000,0.00000000,4,9282610,sl 92520.53
1320,1320,1320,1764876600,1764876600150,0,0,0.15000000,91371.95000000,0.00000000,-0.66000000,0.00000000,0.00000000,3,9282610,PS PDL
1321,1320,1321,1764878560,1764878560312,1,1,0.15000000,92236.90000000,129.75000000,0.00000000,0.00000000,0.00000000,5,9282610,tp 92236.61
1322,1322,1322,1764941700,1764941700150,0,0,0.26000000,90932.05000000,0.00000000,-1.14000000,0.00000000,0.00000000,3,9282610,PS PDL
1323,1322,1323,1764941979,1764941979230,1,1,0.26000000,90673.09000000,-67.33000000,0.00000000,0.00000000,0.00000000,4,9282610,sl 90679.55
1324,1324,1324,1765113900,1765113900150,0,0,0.21000000,88951.30000000,0.00000000,-0.92000000,0.00000000,0.00000000,3,9282610,PS PDL
1325,1324,1325,1765117347,1765117347272,1,1,0.21000000,88628.75000000,-67.73000000,0.00000000,0.00000000,0.00000000,4,9282610,sl 88628.77
1326,1326,1326,1765144200,1765144200150,0,1,0.21000000,90259.15000000,0.00000000,-0.92000000,0.00000000,0.00000000,3,9282610,PS PDH
1327,1326,1327,1765145139,1765145139934,1,0,0.21000000,89643.75000000,129.23000000,0.00000000,0.00000000,0.00000000,5,9282610,tp 89644.75
1328,1328,1328,1765179900,1765179900150,0,1,0.40000000,91673.08000000,0.00000000,-1.75000000,0.00000000,0.00000000,3,9282610,PS PDH
1329,1328,1329,1765183464,1765183464000,1,0,0.40000000,91842.69000000,-67.85000000,0.00000000,0.00000000,0.00000000,4,9282610,sl 91838.02
1330,1330,1330,1765257600,1765257600150,0,0,0.17000000,89861.86000000,0.00000000,-0.74000000,0.00000000,0.00000000,3,9282610,PS PDL
1331,1330,1331,1765282947,1765282947586,1,1,0.17000000,90645.29000000,133.18000000,0.00000000,0.00000000,0.00000000,5,9282610,tp 90640.72
1332,1332,1332,1765317300,1765317300150,0,1,0.21000000,92306.50000000,0.00000000,-0.92000000,0.00000000,0.00000000,3,9282610,PS PDH
1333,1332,1333,1765317399,1765317399278,1,0,0.21000000,92635.63000000,-69.11000000,0.00000000,0.00000000,0.00000000,4,9282610,sl 92631.90
1334,1334,1334,1765485900,1765485900150,0,0,0.42000000,91594.57000000,0.00000000,-1.84000000,0.00000000,0.00000000,3,9282610,PS PDL
1335,1334,1335,1765485964,1765485964838,1,1,0.42000000,91433.13000000,-67.81000000,0.00000000,0.00000000,0.00000000,4,9282610,sl 91435.80
1336,1336,1336,1765710900,1765710900150,0,0,0.60000000,89767.83000000,0.00000000,-2.63000000,0.00000000,0.00000000,3,9282610,PS PDL
1337,1336,1337,1765711354,1765711354864,1,1,0.60000000,89658.52000000,-65.59000000,0.00000000,0.00000000,0.00000000,4,9282610,sl 89659.80
1338,1338,1338,1765811400,1765811400150,0,0,0.15000000,87887.77000000,0.00000000,-0.66000000,0.00000000,0.00000000,3,9282610,PS PDL
1339,1338,1339,1765811720,1765811720273,1,1,0.15000000,87446.65000000,-66.17000000,0.00000000,0.00000000,0.00000000,4,9282610,sl 87447.98
1340,1340,1340,1765986900,1765986900150,0,1,0.10000000,87640.67000000,0.00000000,-0.44000000,0.00000000,0.00000000,3,9282610,PS PDH
1341,1340,1341,1765989029,1765989029137,1,0,0.10000000,86239.35000000,140.13000000,0.00000000,0.00000000,0.00000000,5,9282610,tp 86240.89
1342,1342,1342,1766085600,1766085600150,0,0,0.15000000,85498.89000000,0.00000000,-0.66000000,0.00000000,0.00000000,3,9282610,PS PDL
1343,1342,1343,1766086827,1766086827631,1,1,0.15000000,85063.68000000,-65.28000000,0.00000000,0.00000000,0.00000000,4,9282610,sl 85067.16
1344,1344,1344,1766307000,1766307000150,0,1,0.50000000,88502.50000000,0.00000000,-2.19000000,0.00000000,0.00000000,3,9282610,PS PDH
1345,1344,1345,1766307635,1766307635999,1,0,0.50000000,88636.37000000,-66.94000000,0.00000000,0.00000000,0.00000000,4,9282610,sl 88632.05
1346,1346,1346,1766324100,1766324100150,0,0,0.21000000,88004.20000000,0.00000000,-0.92000000,0.00000000,0.00000000,3,9282610,PS PDL
1347,1346,1347,1766324862,1766324862569,1,1,0.21000000,87694.90000000,-64.95000000,0.00000000,0.00000000,0.00000000,4,9282610,sl 87698.11
1348,1348,1348,1766363100,1766363100150,0,1,0.22000000,88881.70000000,0.00000000,-0.96000000,0.00000000,0.00000000,3,9282610,PS PDH
1349,1348,1349,1766363894,1766363894142,1,0,0.22000000,89169.44000000,-63.31000000,0.00000000,0.00000000,0.00000000,4,9282610,sl 89168.17
1350,1350,1350,1766459400,1766459400150,0,0,0.23000000,88004.95000000,0.00000000,-1.01000000,0.00000000,0.00000000,3,9282610,PS PDL
1351,1350,1351,1766468000,1766468000342,1,1,0.23000000,87731.35000000,-62.93000000,0.00000000,0.00000000,0.00000000,4,9282610,sl 87733.50
1352,1352,1352,1766587200,1766587200150,0,0,0.29000000,86581.85000000,0.00000000,-1.27000000,0.00000000,0.00000000,3,9282610,PS PDL
1353,1352,1353,1766587357,1766587357058,1,1,0.29000000,87019.12000000,126.80000000,0.00000000,0.00000000,0.00000000,5,9282610,tp 87017.65
1354,1354,1354,1766676900,1766676900150,0,1,0.34000000,87916.41000000,0.00000000,-1.49000000,0.00000000,0.00000000,3,9282610,PS PDH
1355,1354,1355,1766677226,1766677226181,1,0,0.34000000,88104.69000000,-64.01000000,0.00000000,0.00000000,0.00000000,4,9282610,sl 88103.30
1356,1356,1356,1766709000,1766709000150,0,0,0.45000000,87030.24000000,0.00000000,-1.97000000,0.00000000,0.00000000,3,9282610,PS PDL
1357,1356,1357,1766709783,1766709783966,1,1,0.45000000,86882.35000000,-66.55000000,0.00000000,0.00000000,0.00000000,4,9282610,sl 86890.32
1358,1358,1358,1766721900,1766721900150,0,1,0.21000000,88469.64000000,0.00000000,-0.92000000,0.00000000,0.00000000,3,9282610,PS PDH
1359,1358,1359,1766723783,1766723783000,1,0,0.21000000,88771.99000000,-63.50000000,0.00000000,0.00000000,0.00000000,4,9282610,sl 88770.19
1360,1360,1360,1766918400,1766918400150,0,1,0.40000000,87799.52000000,0.00000000,-1.75000000,0.00000000,0.00000000,3,9282610,PS PDH
1361,1360,1361,1766932889,1766932889538,1,0,0.40000000,87954.53000000,-62.00000000,0.00000000,0.00000000,0.00000000,4,9282610,sl 87953.12
1362,1362,1362,1766970300,1766970300150,0,1,0.25000000,88007.32000000,0.00000000,-1.09000000,0.00000000,0.00000000,3,9282610,PS PDH
1363,1362,1363,1766972428,1766972428915,1,0,0.25000000,88252.56000000,-61.31000000,0.00000000,0.00000000,0.00000000,4,9282610,sl 88250.19
1364,1364,1364,1767013500,1767013500150,0,0,0.36000000,87395.49000000,0.00000000,-1.58000000,0.00000000,0.00000000,3,9282610,PS PDL
1365,1364,1365,1767014061,1767014061000,1,1,0.36000000,87224.22000000,-61.66000000,0.00000000,0.00000000,0.00000000,4,9282610,sl 87229.92
1366,1366,1366,1767324001,1767324001414,0,1,0.47000000,88764.27000000,0.00000000,-2.06000000,0.00000000,0.00000000,3,9282610,PS PDH
1367,1366,1367,1767325151,1767325151930,1,0,0.47000000,88893.15000000,-60.57000000,0.00000000,0.00000000,0.00000000,4,9282610,sl 88890.94
1368,1368,1368,1767571800,1767571800196,0,1,0.57000000,91701.51000000,0.00000000,-2.49000000,0.00000000,0.00000000,3,9282610,PS PDH
1369,1368,1369,1767572014,1767572014097,1,0,0.57000000,91821.18000000,-68.21000000,0.00000000,0.00000000,0.00000000,4,9282610,sl 91820.04
1370,1370,1370,1767722700,1767722700423,0,0,0.12000000,91686.44000000,0.00000000,-0.53000000,0.00000000,0.00000000,3,9282610,PS PDL
1371,1370,1371,1767732194,1767732194021,1,1,0.12000000,92647.84000000,115.37000000,0.00000000,0.00000000,0.00000000,5,9282610,tp 92645.36
1372,1372,1372,1767799500,1767799500252,0,0,0.24000000,91241.66000000,0.00000000,-1.05000000,0.00000000,0.00000000,3,9282610,PS PDL
1373,1372,1373,1767803048,1767803048689,1,1,0.24000000,91724.52000000,115.88000000,0.00000000,0.00000000,0.00000000,5,9282610,tp 91721.97
1374,1374,1374,1767844201,1767844201449,0,0,0.38000000,90666.38000000,0.00000000,-1.66000000,0.00000000,0.00000000,3,9282610,PS PDL
1375,1374,1375,1767846380,1767846380985,1,1,0.38000000,90989.09000000,122.63000000,0.00000000,0.00000000,0.00000000,5,9282610,tp 90985.38
1376,1376,1376,1767972600,1767972600661,0,1,1.09000000,91587.26000000,0.00000000,-4.77000000,0.00000000,0.00000000,3,9282610,PS PDH
1377,1376,1377,1767972606,1767972606013,1,0,1.09000000,91644.81000000,-62.73000000,0.00000000,0.00000000,0.00000000,4,9282610,sl 91643.43
1378,1378,1378,1768110600,1768110600307,0,1,1.23000000,90689.14000000,0.00000000,-5.38000000,0.00000000,0.00000000,3,9282610,PS PDH
1379,1378,1379,1768112380,1768112380369,1,0,1.23000000,90587.86000000,124.57000000,0.00000000,0.00000000,0.00000000,5,9282610,tp 90591.44
1380,1380,1380,1768162200,1768162200480,0,0,0.35000000,90425.18000000,0.00000000,-1.53000000,0.00000000,0.00000000,3,9282610,PS PDL
1381,1380,1381,1768172641,1768172641455,1,1,0.35000000,90243.94000000,-63.43000000,0.00000000,0.00000000,0.00000000,4,9282610,sl 90245.88
1382,1382,1382,1768181700,1768181700743,0,1,0.18000000,91076.57000000,0.00000000,-0.79000000,0.00000000,0.00000000,3,9282610,PS PDH
1383,1382,1383,1768183476,1768183476175,1,0,0.18000000,91412.25000000,-60.43000000,0.00000000,0.00000000,0.00000000,4,9282610,sl 91410.97
1384,1384,1384,1768227900,1768227900165,0,0,0.54000000,90113.80000000,0.00000000,-2.36000000,0.00000000,0.00000000,3,9282610,PS PDL
1385,1384,1385,1768228310,1768228310769,1,1,0.54000000,90349.39000000,127.22000000,0.00000000,0.00000000,0.00000000,5,9282610,tp 90344.31
1386,1386,1386,1768296900,1768296900740,0,1,0.62000000,92394.20000000,0.00000000,-2.71000000,0.00000000,0.00000000,3,9282610,PS PDH
1387,1386,1387,1768297238,1768297238280,1,0,0.62000000,92194.30000000,123.93000000,0.00000000,0.00000000,0.00000000,5,9282610,tp 92196.32
1388,1388,1388,1768402800,1768402800163,0,1,0.19000000,96492.88000000,0.00000000,-0.83000000,0.00000000,0.00000000,3,9282610,PS PDH
1389,1388,1389,1768403507,1768403507980,1,0,0.19000000,96817.13000000,-61.60000000,0.00000000,0.00000000,0.00000000,4,9282610,sl 96815.59
1390,1390,1390,1768575900,1768575900175,0,0,0.29000000,95232.08000000,0.00000000,-1.27000000,0.00000000,0.00000000,3,9282610,PS PDL
1391,1390,1391,1768576793,1768576793097,1,1,0.29000000,95016.82000000,-62.42000000,0.00000000,0.00000000,0.00000000,4,9282610,sl 95020.87
1392,1392,1392,1768699800,1768699800674,0,0,1.90000000,95007.75000000,0.00000000,-8.31000000,0.00000000,0.00000000,3,9282610,PS PDL
1393,1392,1393,1768700016,1768700016308,1,1,1.90000000,94972.57000000,-66.85000000,0.00000000,0.00000000,0.00000000,4,9282610,sl 94975.48
1394,1394,1394,1769015100,1769015100382,0,0,0.13000000,88008.93000000,0.00000000,-0.57000000,0.00000000,0.00000000,3,9282610,PS PDL
1395,1394,1395,1769015569,1769015569420,1,1,0.13000000,87534.87000000,-61.63000000,0.00000000,0.00000000,0.00000000,4,9282610,sl 87537.14
1396,1396,1396,1769186700,1769186700426,0,1,0.35000000,90166.00000000,0.00000000,-1.53000000,0.00000000,0.00000000,3,9282610,PS PDH
1397,1396,1397,1769187009,1769187009435,1,0,0.35000000,90348.82000000,-63.99000000,0.00000000,0.00000000,0.00000000,4,9282610,sl 90345.04
1398,1398,1398,1769304903,1769304903400,0,0,0.70000000,89033.72000000,0.00000000,-3.06000000,0.00000000,0.00000000,3,9282610,PS PDL
1399,1398,1399,1769310979,1769310979441,1,1,0.70000000,88945.70000000,-61.61000000,0.00000000,0.00000000,0.00000000,4,9282610,sl 88948.96
1400,1400,1400,1769483100,1769483100377,0,1,0.77000000,88734.02000000,0.00000000,-3.37000000,0.00000000,0.00000000,3,9282610,PS PDH
1401,1400,1401,1769483358,1769483358430,1,0,0.77000000,88580.64000000,118.11000000,0.00000000,0.00000000,0.00000000,5,9282610,tp 88581.00
1402,1402,1402,1769594701,1769594701950,0,1,0.67000000,89411.31000000,0.00000000,-2.93000000,0.00000000,0.00000000,3,9282610,PS PDH
1403,1402,1403,1769595304,1769595304198,1,0,0.67000000,89503.07000000,-61.48000000,0.00000000,0.00000000,0.00000000,4,9282610,sl 89501.62
1404,1404,1404,1769784000,1769784000370,0,0,0.16000000,83316.76000000,0.00000000,-0.70000000,0.00000000,0.00000000,3,9282610,PS PDL
1405,1404,1405,1769784833,1769784833131,1,1,0.16000000,82924.50000000,-62.76000000,0.00000000,0.00000000,0.00000000,4,9282610,sl 82940.41
1406,1406,1406,1769870400,1769870400217,0,0,0.22000000,80938.82000000,0.00000000,-0.96000000,0.00000000,0.00000000,3,9282610,PS PDL
1407,1406,1407,1769871950,1769871950100,1,1,0.22000000,81497.41000000,122.89000000,0.00000000,0.00000000,0.00000000,5,9282610,tp 81496.51
1408,1408,1408,1770004200,1770004200197,0,0,0.05000000,75852.40000000,0.00000000,-0.22000000,0.00000000,0.00000000,3,9282610,PS PDL
1409,1408,1409,1770042916,1770042916851,1,1,0.05000000,78491.17000000,131.94000000,0.00000000,0.00000000,0.00000000,5,9282610,tp 78488.84
1410,1410,1410,1770142800,1770142800229,0,0,0.28000000,74664.36000000,0.00000000,-1.23000000,0.00000000,0.00000000,3,9282610,PS PDL
1411,1410,1411,1770142901,1770142901707,1,1,0.28000000,74433.12000000,-64.75000000,0.00000000,0.00000000,0.00000000,4,9282610,sl 74436.54
1412,1412,1412,1770225300,1770225300179,0,0,0.08000000,73474.10000000,0.00000000,-0.35000000,0.00000000,0.00000000,3,9282610,PS PDL
1413,1412,1413,1770225890,1770225890178,1,1,0.08000000,72679.46000000,-63.57000000,0.00000000,0.00000000,0.00000000,4,9282610,sl 72680.26
1414,1414,1414,1770258000,1770258000529,0,0,0.13000000,71949.51000000,0.00000000,-0.57000000,0.00000000,0.00000000,3,9282610,PS PDL
1415,1414,1415,1770260147,1770260147207,1,1,0.13000000,71474.06000000,-61.81000000,0.00000000,0.00000000,0.00000000,4,9282610,sl 71477.26
1416,1416,1416,1770336300,1770336300254,0,0,0.16000000,62174.73000000,0.00000000,-0.70000000,0.00000000,0.00000000,3,9282610,PS PDL
1417,1416,1417,1770336343,1770336343751,1,1,0.16000000,61825.43000000,-55.89000000,0.00000000,0.00000000,0.00000000,4,9282610,sl 61829.18
1418,1418,1418,1770592501,1770592501085,0,1,0.11000000,71339.77000000,0.00000000,-0.48000000,0.00000000,0.00000000,3,9282610,PS PDH
1419,1418,1419,1770593448,1770593448337,1,0,0.11000000,70181.04000000,127.46000000,0.00000000,0.00000000,0.00000000,5,9282610,tp 70191.77
1420,1420,1420,1770635100,1770635100181,0,0,0.31000000,68859.68000000,0.00000000,-1.36000000,0.00000000,0.00000000,3,9282610,PS PDL
1421,1420,1421,1770635512,1770635512492,1,1,0.31000000,68667.86000000,-59.46000000,0.00000000,0.00000000,0.00000000,4,9282610,sl 68670.82
1422,1422,1422,1770735300,1770735300433,0,0,0.14000000,68352.17000000,0.00000000,-0.61000000,0.00000000,0.00000000,3,9282610,PS PDL
1423,1422,1423,1770737209,1770737209865,1,1,0.14000000,69269.72000000,128.46000000,0.00000000,0.00000000,0.00000000,5,9282610,tp 69267.75
1424,1424,1424,1770819000,1770819000449,0,0,0.20000000,67981.37000000,0.00000000,-0.88000000,0.00000000,0.00000000,3,9282610,PS PDL
1425,1424,1425,1770819027,1770819027554,1,1,0.20000000,68594.66000000,122.66000000,0.00000000,0.00000000,0.00000000,5,9282610,tp 68590.43
1426,1426,1426,1770915600,1770915600417,0,0,0.24000000,65799.95000000,0.00000000,-1.05000000,0.00000000,0.00000000,3,9282610,PS PDL
1427,1426,1427,1770916398,1770916398101,1,1,0.24000000,65557.86000000,-58.10000000,0.00000000,0.00000000,0.00000000,4,9282610,sl 65559.23
1428,1428,1428,1770995700,1770995700390,0,1,0.26000000,68353.13000000,0.00000000,-1.14000000,0.00000000,0.00000000,3,9282610,PS PDH
1429,1428,1429,1770996396,1770996396751,1,0,0.26000000,68589.22000000,-61.39000000,0.00000000,0.00000000,0.00000000,4,9282610,sl 68583.04
1430,1430,1430,1771074300,1771074300274,0,1,0.24000000,69430.03000000,0.00000000,-1.05000000,0.00000000,0.00000000,3,9282610,PS PDH
1431,1430,1431,1771074765,1771074765940,1,0,0.24000000,69693.67000000,-63.27000000,0.00000000,0.00000000,0.00000000,4,9282610,sl 69690.65
1432,1432,1432,1771144200,1771144200635,0,1,0.26000000,70529.60000000,0.00000000,-1.14000000,0.00000000,0.00000000,3,9282610,PS PDH
1433,1432,1433,1771157830,1771157830854,1,0,0.26000000,70048.80000000,125.01000000,0.00000000,0.00000000,0.00000000,5,9282610,tp 70053.66
1434,1434,1434,1771179901,1771179901280,0,0,1.48000000,68727.32000000,0.00000000,-6.48000000,0.00000000,0.00000000,3,9282610,PS PDL
1435,1434,1435,1771179955,1771179955042,1,1,1.48000000,68681.85000000,-67.29000000,0.00000000,0.00000000,0.00000000,4,9282610,sl 68683.58
1436,1436,1436,1771265400,1771265400650,0,0,0.55000000,68083.30000000,0.00000000,-2.41000000,0.00000000,0.00000000,3,9282610,PS PDL
1437,1436,1437,1771266997,1771266997201,1,1,0.55000000,67971.34000000,-61.58000000,0.00000000,0.00000000,0.00000000,4,9282610,sl 67973.37
1438,1438,1438,1771343700,1771343700610,0,0,0.31000000,67247.41000000,0.00000000,-1.36000000,0.00000000,0.00000000,3,9282610,PS PDL
1439,1438,1439,1771344118,1771344118633,1,1,0.31000000,67650.23000000,124.87000000,0.00000000,0.00000000,0.00000000,5,9282610,tp 67647.09
1440,1440,1440,1771509305,1771509305837,0,0,0.28000000,65952.93000000,0.00000000,-1.23000000,0.00000000,0.00000000,3,9282610,PS PDL
1441,1440,1441,1771511658,1771511658642,1,1,0.28000000,65726.54000000,-63.39000000,0.00000000,0.00000000,0.00000000,4,9282610,sl 65728.26
1442,1442,1442,1771547701,1771547701750,0,1,0.53000000,67264.01000000,0.00000000,-2.32000000,0.00000000,0.00000000,3,9282610,PS PDH
1443,1442,1443,1771557687,1771557687662,1,0,0.53000000,67371.61000000,-57.02000000,0.00000000,0.00000000,0.00000000,4,9282610,sl 67367.60
1444,1444,1444,1771690801,1771690801973,0,1,0.60000000,68246.85000000,0.00000000,-2.63000000,0.00000000,0.00000000,3,9282610,PS PDH
1445,1444,1445,1771692298,1771692298919,1,0,0.60000000,68349.19000000,-61.40000000,0.00000000,0.00000000,0.00000000,4,9282610,sl 68346.36
1446,1446,1446,1771769402,1771769402029,0,0,0.49000000,67580.93000000,0.00000000,-2.14000000,0.00000000,0.00000000,3,9282610,PS PDL
1447,1446,1447,1771771413,1771771413789,1,1,0.49000000,67447.89000000,-65.19000000,0.00000000,0.00000000,0.00000000,4,9282610,sl 67458.52
1448,1448,1448,1771807200,1771807200422,0,0,1.34000000,67170.49000000,0.00000000,-5.86000000,0.00000000,0.00000000,3,9282610,PS PDL
1449,1448,1449,1771807509,1771807509729,1,1,1.34000000,67124.07000000,-62.21000000,0.00000000,0.00000000,0.00000000,4,9282610,sl 67131.74
1450,1450,1450,1771896300,1771896300575,0,0,0.11000000,64222.60000000,0.00000000,-0.48000000,0.00000000,0.00000000,3,9282610,PS PDL
1451,1450,1451,1771902201,1771902201420,1,1,0.11000000,63671.21000000,-60.66000000,0.00000000,0.00000000,0.00000000,4,9282610,sl 63674.66
1452,1452,1452,1771998000,1771998000441,0,1,0.42000000,64915.35000000,0.00000000,-1.84000000,0.00000000,0.00000000,3,9282610,PS PDH
1453,1452,1453,1772000468,1772000468958,1,0,0.42000000,65054.21000000,-58.32000000,0.00000000,0.00000000,0.00000000,4,9282610,sl 65051.01
1454,1454,1454,1772191500,1772191500452,0,0,0.42000000,66533.90000000,0.00000000,-1.84000000,0.00000000,0.00000000,3,9282610,PS PDL
1455,1454,1455,1772192100,1772192100219,1,1,0.42000000,66356.57000000,-74.48000000,0.00000000,0.00000000,0.00000000,4,9282610,sl 66389.31
1456,1456,1456,1772259600,1772259600327,0,0,0.13000000,64961.96000000,0.00000000,-0.57000000,0.00000000,0.00000000,3,9282610,PS PDL
1457,1456,1457,1772260119,1772260119981,1,1,0.13000000,64495.69000000,-60.61000000,0.00000000,0.00000000,0.00000000,4,9282610,sl 64495.86
1458,1458,1458,1772331900,1772331900183,0,1,0.33000000,67640.89000000,0.00000000,-1.44000000,0.00000000,0.00000000,3,9282610,PS PDH
1459,1458,1459,1772332146,1772332146178,1,0,0.33000000,67812.62000000,-56.67000000,0.00000000,0.00000000,0.00000000,4,9282610,sl 67810.08
1460,1460,1460,1772760900,1772760900401,0,0,0.14000000,70863.72000000,0.00000000,-0.61000000,0.00000000,0.00000000,3,9282610,PS PDL
1461,1460,1461,1772772059,1772772059333,1,1,0.14000000,70455.85000000,-57.10000000,0.00000000,0.00000000,0.00000000,4,9282610,sl 70459.41
1462,1462,1462,1772868901,1772868901677,0,0,1.01000000,67749.53000000,0.00000000,-4.42000000,0.00000000,0.00000000,3,9282610,PS PDL
1463,1462,1463,1772869055,1772869055030,1,1,1.01000000,67694.64000000,-55.44000000,0.00000000,0.00000000,0.00000000,4,9282610,sl 67695.99
1464,1464,1464,1772938500,1772938500349,0,0,0.25000000,67008.28000000,0.00000000,-1.09000000,0.00000000,0.00000000,3,9282610,PS PDL
1465,1464,1465,1772945291,1772945291552,1,1,0.25000000,66797.60000000,-52.67000000,0.00000000,0.00000000,0.00000000,4,9282610,sl 66798.00
1466,1466,1466,1773048900,1773048900525,0,1,0.42000000,68164.60000000,0.00000000,-1.84000000,0.00000000,0.00000000,3,9282610,PS PDH
1467,1466,1467,1773048926,1773048926241,1,0,0.42000000,68290.21000000,-52.76000000,0.00000000,0.00000000,0.00000000,4,9282610,sl 68285.16
1468,1468,1468,1773114901,1773114901279,0,1,0.70000000,69522.60000000,0.00000000,-3.06000000,0.00000000,0.00000000,3,9282610,PS PDH
1469,1468,1469,1773115445,1773115445753,1,0,0.70000000,69606.43000000,-58.68000000,0.00000000,0.00000000,0.00000000,4,9282610,sl 69604.00
1470,1470,1470,1773439500,1773439500340,0,1,0.14000000,70820.65000000,0.00000000,-0.61000000,0.00000000,0.00000000,3,9282610,PS PDH
1471,1470,1471,1773445800,1773445800552,1,0,0.14000000,70923.24000000,-14.36000000,0.00000000,0.00000000,0.00000000,3,9282610,
1472,1472,1472,1773470700,1773470700652,0,0,0.32000000,70481.48000000,0.00000000,-1.40000000,0.00000000,0.00000000,3,9282610,PS PDL
1473,1472,1473,1773489721,1773489721963,1,1,0.32000000,70811.15000000,105.50000000,0.00000000,0.00000000,0.00000000,5,9282610,tp 70807.25
1474,1474,1474,1773540300,1773540300988,0,1,0.27000000,71193.80000000,0.00000000,-1.18000000,0.00000000,0.00000000,3,9282610,PS PDH
1475,1474,1475,1773542685,1773542685451,1,0,0.27000000,71409.36000000,-58.20000000,0.00000000,0.00000000,0.00000000,4,9282610,sl 71408.23
1476,1476,1476,1773650400,1773650400338,0,1,0.40000000,73200.76000000,0.00000000,-1.75000000,0.00000000,0.00000000,3,9282610,PS PDH
1477,1476,1477,1773650697,1773650697474,1,0,0.40000000,72920.44000000,112.12000000,0.00000000,0.00000000,0.00000000,5,9282610,tp 72940.36
1478,1478,1478,1773717901,1773717901033,0,1,0.28000000,74820.78000000,0.00000000,-1.23000000,0.00000000,0.00000000,3,9282610,PS PDH
1479,1478,1479,1773718856,1773718856161,1,0,0.28000000,74431.07000000,109.12000000,0.00000000,0.00000000,0.00000000,5,9282610,tp 74432.94
1480,1480,1480,1773913800,1773913800493,0,0,0.42000000,70539.39000000,0.00000000,-1.84000000,0.00000000,0.00000000,3,9282610,PS PDL
1481,1480,1481,1773914687,1773914687571,1,1,0.42000000,70416.34000000,-51.68000000,0.00000000,0.00000000,0.00000000,4,9282610,sl 70416.63
1482,1482,1482,1774138201,1774138201387,0,0,0.12000000,68835.72000000,0.00000000,-0.53000000,0.00000000,0.00000000,3,9282610,PS PDL
1483,1482,1483,1774179663,1774179663591,1,1,0.12000000,68356.99000000,-57.45000000,0.00000000,0.00000000,0.00000000,4,9282610,sl 68358.51
1484,1484,1484,1774428002,1774428002482,0,1,0.40000000,71350.69000000,0.00000000,-1.75000000,0.00000000,0.00000000,3,9282610,PS PDH
1485,1484,1485,1774432102,1774432102657,1,0,0.40000000,71079.94000000,108.30000000,0.00000000,0.00000000,0.00000000,5,9282610,tp 71080.29
1486,1486,1486,1774825500,1774825500750,0,0,0.31000000,65968.09000000,0.00000000,-1.36000000,0.00000000,0.00000000,3,9282610,PS PDL
1487,1486,1487,1774828200,1774828200308,1,1,0.31000000,65986.42000000,5.68000000,0.00000000,0.00000000,0.00000000,3,9282610,
1488,1488,1488,1774839600,1774839600535,0,1,0.72000000,67059.61000000,0.00000000,-3.15000000,0.00000000,0.00000000,3,9282610,PS PDH
1489,1488,1489,1774841041,1774841041499,1,0,0.72000000,67138.74000000,-56.97000000,0.00000000,0.00000000,0.00000000,4,9282610,sl 67135.45
1490,1490,1490,1774921500,1774921500151,0,1,0.20000000,67879.76000000,0.00000000,-0.88000000,0.00000000,0.00000000,3,9282610,PS PDH
1491,1490,1491,1774934070,1774934070009,1,0,0.20000000,67344.68000000,107.01000000,0.00000000,0.00000000,0.00000000,5,9282610,tp 67347.31
1492,1492,1492,1775021400,1775021400228,0,1,0.31000000,68539.90000000,0.00000000,-1.36000000,0.00000000,0.00000000,3,9282610,PS PDH
1493,1492,1493,1775024400,1775024400143,1,0,0.31000000,68726.18000000,-57.75000000,0.00000000,0.00000000,0.00000000,4,9282610,sl 68718.08
1494,1494,1494,1775092801,1775092801209,0,0,0.35000000,67607.38000000,0.00000000,-1.53000000,0.00000000,0.00000000,3,9282610,PS PDL
1495,1494,1495,1775092963,1775092963257,1,1,0.35000000,67436.21000000,-59.91000000,0.00000000,0.00000000,0.00000000,4,9282610,sl 67439.30
1496,1496,1496,1775316303,1775316303023,0,1,0.44000000,67345.33000000,0.00000000,-1.93000000,0.00000000,0.00000000,3,9282610,PS PDH
1497,1496,1497,1775320146,1775320146276,1,0,0.44000000,67472.80000000,-56.08000000,0.00000000,0.00000000,0.00000000,4,9282610,sl 67467.03
1498,1498,1498,1775370900,1775370900428,0,0,1.21000000,66797.36000000,0.00000000,-5.29000000,0.00000000,0.00000000,3,9282610,PS PDL
1499,1498,1499,1775372845,1775372845157,1,1,1.21000000,66888.31000000,110.05000000,0.00000000,0.00000000,0.00000000,5,9282610,tp 66884.62
1500,1500,1500,1775403300,1775403300915,0,1,0.15000000,67458.98000000,0.00000000,-0.66000000,0.00000000,0.00000000,3,9282610,PS PDH
1501,1500,1501,1775429046,1775429046819,1,0,0.15000000,67876.48000000,-62.62000000,0.00000000,0.00000000,0.00000000,4,9282610,sl 67839.46
1502,1502,1502,1775435701,1775435701048,0,1,0.23000000,69102.53000000,0.00000000,-1.01000000,0.00000000,0.00000000,3,9282610,PS PDH
1503,1502,1503,1775436078,1775436078154,1,0,0.23000000,69334.54000000,-53.36000000,0.00000000,0.00000000,0.00000000,4,9282610,sl 69334.37
1504,1504,1504,1775527803,1775527803512,0,0,0.34000000,68433.74000000,0.00000000,-1.49000000,0.00000000,0.00000000,3,9282610,PS PDL
1505,1504,1505,1775530874,1775530874406,1,1,0.34000000,68736.37000000,102.90000000,0.00000000,0.00000000,0.00000000,5,9282610,tp 68733.52
1506,1506,1506,1775599800,1775599800675,0,1,0.14000000,70192.35000000,0.00000000,-0.61000000,0.00000000,0.00000000,3,9282610,PS PDH
1507,1506,1507,1775601147,1775601147285,1,0,0.14000000,70594.80000000,-56.34000000,0.00000000,0.00000000,0.00000000,4,9282610,sl 70591.68
1508,1508,1508,1775654101,1775654101965,0,1,0.26000000,72635.19000000,0.00000000,-1.14000000,0.00000000,0.00000000,3,9282610,PS PDH
1509,1508,1509,1775654301,1775654301344,1,0,0.26000000,72839.99000000,-53.25000000,0.00000000,0.00000000,0.00000000,4,9282610,sl 72835.72
1510,1510,1510,1775695800,1775695800486,0,0,0.62000000,70758.77000000,0.00000000,-2.71000000,0.00000000,0.00000000,3,9282610,PS PDL
1511,1510,1511,1775695859,1775695859576,1,1,0.62000000,70673.02000000,-53.17000000,0.00000000,0.00000000,0.00000000,4,9282610,sl 70673.34
1512,1512,1512,1775773201,1775773201181,0,1,0.15000000,72806.66000000,0.00000000,-0.66000000,0.00000000,0.00000000,3,9282610,PS PDH
1513,1512,1513,1775775472,1775775472741,1,0,0.15000000,72076.90000000,109.46000000,0.00000000,0.00000000,0.00000000,5,9282610,tp 72083.23
1514,1514,1514,1775832000,1775832000332,0,1,0.47000000,73083.27000000,0.00000000,-2.06000000,0.00000000,0.00000000,3,9282610,PS PDH
1515,1514,1515,1775832177,1775832177972,1,0,0.47000000,72854.16000000,107.68000000,0.00000000,0.00000000,0.00000000,5,9282610,tp 72856.79
1516,1516,1516,1775939101,1775939101251,0,1,1.50000000,73462.39000000,0.00000000,-6.56000000,0.00000000,0.00000000,3,9282610,PS PDH
1517,1516,1517,1775939170,1775939170067,1,0,1.50000000,73498.26000000,-53.80000000,0.00000000,0.00000000,0.00000000,4,9282610,sl 73496.54
1518,1518,1518,1776108900,1776108900420,0,1,1.51000000,73150.58000000,0.00000000,-6.61000000,0.00000000,0.00000000,3,9282610,PS PDH
1519,1518,1519,1776108904,1776108904917,1,0,1.51000000,73067.42000000,125.58000000,0.00000000,0.00000000,0.00000000,5,9282610,tp 73067.87
1520,1520,1520,1776150901,1776150901129,0,1,0.34000000,74808.58000000,0.00000000,-1.49000000,0.00000000,0.00000000,3,9282610,PS PDH
1521,1520,1521,1776160110,1776160110956,1,0,0.34000000,74479.61000000,111.85000000,0.00000000,0.00000000,0.00000000,5,9282610,tp 74482.68
1522,1522,1522,1776240903,1776240903296,0,0,0.42000000,73879.12000000,0.00000000,-1.84000000,0.00000000,0.00000000,3,9282610,PS PDL
1523,1522,1523,1776242061,1776242061151,1,1,0.42000000,74153.90000000,115.41000000,0.00000000,0.00000000,0.00000000,5,9282610,tp 74150.62
1524,1524,1524,1776348000,1776348000660,0,0,0.12000000,73807.89000000,0.00000000,-0.53000000,0.00000000,0.00000000,3,9282610,PS PDL
1525,1524,1525,1776353844,1776353844364,1,1,0.12000000,74782.21000000,116.92000000,0.00000000,0.00000000,0.00000000,5,9282610,tp 74780.33
1526,1526,1526,1776369901,1776369901982,0,1,0.29000000,75359.05000000,0.00000000,-1.27000000,0.00000000,0.00000000,3,9282610,PS PDH
1527,1526,1527,1776374470,1776374470432,1,0,0.29000000,74953.50000000,117.60000000,0.00000000,0.00000000,0.00000000,5,9282610,tp 74953.53
1528,1528,1528,1776421800,1776421800198,0,1,0.12000000,75256.76000000,0.00000000,-0.53000000,0.00000000,0.00000000,3,9282610,PS PDH
1529,1528,1529,1776428299,1776428299748,1,0,0.12000000,75759.19000000,-60.29000000,0.00000000,0.00000000,0.00000000,4,9282610,sl 75757.91
1530,1530,1530,1776565801,1776565801223,0,0,0.56000000,75529.68000000,0.00000000,-2.45000000,0.00000000,0.00000000,3,9282610,PS PDL
1531,1530,1531,1776566539,1776566539154,1,1,0.56000000,75743.80000000,119.91000000,0.00000000,0.00000000,0.00000000,5,9282610,tp 75740.26
1532,1532,1532,1776643500,1776643500705,0,0,0.18000000,74085.26000000,0.00000000,-0.79000000,0.00000000,0.00000000,3,9282610,PS PDL
1533,1532,1533,1776667260,1776667260646,1,1,0.18000000,74794.98000000,127.75000000,0.00000000,0.00000000,0.00000000,5,9282610,tp 74790.35
1534,1534,1534,1776708300,1776708300301,0,1,0.30000000,76115.22000000,0.00000000,-1.31000000,0.00000000,0.00000000,3,9282610,PS PDH
1535,1534,1535,1776708596,1776708596226,1,0,0.30000000,76324.91000000,-62.90000000,0.00000000,0.00000000,0.00000000,4,9282610,sl 76323.10
1536,1536,1536,1776761706,1776761706082,0,1,0.50000000,76565.33000000,0.00000000,-2.19000000,0.00000000,0.00000000,3,9282610,PS PDH
1537,1536,1537,1776763647,1776763647017,1,0,0.50000000,76330.59000000,117.37000000,0.00000000,0.00000000,0.00000000,5,9282610,tp 76331.64
1538,1538,1538,1777135200,1777135200391,0,0,0.49000000,77299.79000000,0.00000000,-2.14000000,0.00000000,0.00000000,3,9282610,PS PDL
1539,1538,1539,1777151248,1777151248826,1,1,0.49000000,77557.30000000,126.18000000,0.00000000,0.00000000,0.00000000,5,9282610,tp 77555.05
1540,1540,1540,1777207802,1777207802237,0,1,0.62000000,77860.99000000,0.00000000,-2.71000000,0.00000000,0.00000000,3,9282610,PS PDH
1541,1540,1541,1777209322,1777209322068,1,0,0.62000000,77962.73000000,-63.08000000,0.00000000,0.00000000,0.00000000,4,9282610,sl 77962.71
1542,1542,1542,1777251300,1777251300628,0,1,1.40000000,78989.09000000,0.00000000,-6.13000000,0.00000000,0.00000000,3,9282610,PS PDH
1543,1542,1543,1777251308,1777251308959,1,0,1.40000000,79030.78000000,-58.36000000,0.00000000,0.00000000,0.00000000,4,9282610,sl 79030.10
1544,1544,1544,1777302300,1777302300432,0,0,0.67000000,77358.61000000,0.00000000,-2.93000000,0.00000000,0.00000000,3,9282610,PS PDL
1545,1544,1545,1777302334,1777302334793,1,1,0.67000000,77561.36000000,135.84000000,0.00000000,0.00000000,0.00000000,5,9282610,tp 77559.26
1546,1546,1546,1777360800,1777360800435,0,0,0.59000000,76495.80000000,0.00000000,-2.58000000,0.00000000,0.00000000,3,9282610,PS PDL
1547,1546,1547,1777361514,1777361514365,1,1,0.59000000,76719.15000000,131.78000000,0.00000000,0.00000000,0.00000000,5,9282610,tp 76717.01
1548,1548,1548,1777464300,1777464300713,0,1,0.51000000,77470.07000000,0.00000000,-2.23000000,0.00000000,0.00000000,3,9282610,PS PDH
1549,1548,1549,1777465229,1777465229888,1,0,0.51000000,77215.52000000,129.82000000,0.00000000,0.00000000,0.00000000,5,9282610,tp 77215.71
1550,1550,1550,1777494900,1777494900720,0,0,0.58000000,75670.07000000,0.00000000,-2.54000000,0.00000000,0.00000000,3,9282610,PS PDL
1551,1550,1551,1777498805,1777498805397,1,1,0.58000000,75900.31000000,133.54000000,0.00000000,0.00000000,0.00000000,5,9282610,tp 75899.13
1552,1552,1552,1777601701,1777601701803,0,1,1.44000000,76659.44000000,0.00000000,-6.30000000,0.00000000,0.00000000,3,9282610,PS PDH
1553,1552,1553,1777601818,1777601818235,1,0,1.44000000,76697.05000000,-54.16000000,0.00000000,0.00000000,0.00000000,4,9282610,sl 76695.36
1554,1554,1554,1777758000,1777758000326,0,1,0.23000000,78889.02000000,0.00000000,-1.01000000,0.00000000,0.00000000,3,9282610,PS PDH
1555,1554,1555,1777765806,1777765806530,1,0,0.23000000,78681.36000000,47.76000000,0.00000000,0.00000000,0.00000000,3,9282610,
1556,1556,1556,1777840800,1777840800515,0,1,0.25000000,79031.11000000,0.00000000,-1.09000000,0.00000000,0.00000000,3,9282610,PS PDH
1557,1556,1557,1777846441,1777846441756,1,0,0.25000000,79300.81000000,-67.42000000,0.00000000,0.00000000,0.00000000,4,9282610,sl 79293.74
1558,1558,1558,1777889100,1777889100265,0,1,0.11000000,79213.79000000,0.00000000,-0.48000000,0.00000000,0.00000000,3,9282610,PS PDH
1559,1558,1559,1777906097,1777906097019,1,0,0.11000000,79883.07000000,-73.62000000,0.00000000,0.00000000,0.00000000,4,9282610,sl 79874.64
1560,1560,1560,1777949401,1777949401729,0,1,0.19000000,80562.99000000,0.00000000,-0.83000000,0.00000000,0.00000000,3,9282610,PS PDH
1561,1560,1561,1777952275,1777952275914,1,0,0.19000000,80912.39000000,-66.38000000,0.00000000,0.00000000,0.00000000,4,9282610,sl 80908.74
1562,1562,1562,1778056501,1778056501043,0,1,0.37000000,81734.01000000,0.00000000,-1.62000000,0.00000000,0.00000000,3,9282610,PS PDH
1563,1562,1563,1778057564,1778057564410,1,0,0.37000000,81897.63000000,-60.54000000,0.00000000,0.00000000,0.00000000,4,9282610,sl 81897.06
1564,1564,1564,1778150401,1778150401786,0,0,0.46000000,80799.40000000,0.00000000,-2.01000000,0.00000000,0.00000000,3,9282610,PS PDL
1565,1564,1565,1778156000,1778156000754,1,1,0.46000000,81081.21000000,129.64000000,0.00000000,0.00000000,0.00000000,5,9282610,tp 81079.24
1566,1566,1566,1778207700,1778207700803,0,0,0.33000000,79634.39000000,0.00000000,-1.44000000,0.00000000,0.00000000,3,9282610,PS PDL
1567,1566,1567,1778209000,1778209000570,1,1,0.33000000,79429.99000000,-67.45000000,0.00000000,0.00000000,0.00000000,4,9282610,sl 79432.88
1568,1568,1568,1778297100,1778297100817,0,1,0.71000000,80476.69000000,0.00000000,-3.11000000,0.00000000,0.00000000,3,9282610,PS PDH
1569,1568,1569,1778299569,1778299569691,1,0,0.71000000,80569.57000000,-65.94000000,0.00000000,0.00000000,0.00000000,4,9282610,sl 80568.55
1570,1570,1570,1778425500,1778425500609,0,1,0.71000000,81043.92000000,0.00000000,-3.11000000,0.00000000,0.00000000,3,9282610,PS PDH
1571,1570,1571,1778427648,1778427648021,1,0,0.71000000,81129.76000000,-60.95000000,0.00000000,0.00000000,0.00000000,4,9282610,sl 81126.95
1572,1572,1572,1778594400,1778594400546,0,0,0.73000000,80459.48000000,0.00000000,-3.19000000,0.00000000,0.00000000,3,9282610,PS PDL
1573,1572,1573,1778594752,1778594752488,1,1,0.73000000,80630.35000000,124.74000000,0.00000000,0.00000000,0.00000000,5,9282610,tp 80629.79
1574,1574,1574,1778679901,1778679901388,0,0,0.70000000,79814.43000000,0.00000000,-3.06000000,0.00000000,0.00000000,3,9282610,PS PDL
1575,1574,1575,1778679924,1778679924049,1,1,0.70000000,79739.86000000,-52.20000000,0.00000000,0.00000000,0.00000000,4,9282610,sl 79742.03
1576,1576,1576,1778774100,1778774100894,0,1,2.28000000,81294.26000000,0.00000000,-9.98000000,0.00000000,0.00000000,3,9282610,PS PDH
1577,1576,1577,1778774121,1778774121462,1,0,2.28000000,81314.26000000,-45.60000000,0.00000000,0.00000000,0.00000000,4,9282610,sl 81310.70
1578,1578,1578,1778853300,1778853300953,0,0,0.17000000,79027.35000000,0.00000000,-0.74000000,0.00000000,0.00000000,3,9282610,PS PDL
1579,1578,1579,1778853608,1778853608736,1,1,0.17000000,78656.33000000,-63.07000000,0.00000000,0.00000000,0.00000000,4,9282610,sl 78657.46
1580,1580,1580,1778914500,1778914500344,0,0,0.30000000,78624.01000000,0.00000000,-1.31000000,0.00000000,0.00000000,3,9282610,PS PDL
1581,1580,1581,1778915408,1778915408263,1,1,0.30000000,78403.98000000,-66.01000000,0.00000000,0.00000000,0.00000000,4,9282610,sl 78413.86
1582,1582,1582,1779072900,1779072900919,0,0,1.04000000,76714.31000000,0.00000000,-4.55000000,0.00000000,0.00000000,3,9282610,PS PDL
1583,1582,1583,1779073206,1779073206864,1,1,1.04000000,76836.08000000,126.64000000,0.00000000,0.00000000,0.00000000,5,9282610,tp 76834.11
1584,1584,1584,1779262200,1779262200349,0,1,1.00000000,77322.12000000,0.00000000,-4.38000000,0.00000000,0.00000000,3,9282610,PS PDH
1585,1584,1585,1779263409,1779263409522,1,0,1.00000000,77191.92000000,130.20000000,0.00000000,0.00000000,0.00000000,5,9282610,tp 77194.58
1586,1586,1586,1779327602,1779327602331,0,1,0.89000000,77783.10000000,0.00000000,-3.89000000,0.00000000,0.00000000,3,9282610,PS PDH
1587,1586,1587,1779327729,1779327729432,1,0,0.89000000,77851.62000000,-60.98000000,0.00000000,0.00000000,0.00000000,4,9282610,sl 77851.08
1588,1588,1588,1779461701,1779461701538,0,0,1.12000000,76700.91000000,0.00000000,-4.90000000,0.00000000,0.00000000,3,9282610,PS PDL
1589,1588,1589,1779462004,1779462004097,1,1,1.12000000,76645.06000000,-62.55000000,0.00000000,0.00000000,0.00000000,4,9282610,sl 76646.11
1590,1590,1590,1779496502,1779496502147,0,0,0.44000000,75324.93000000,0.00000000,-1.93000000,0.00000000,0.00000000,3,9282610,PS PDL
1591,1590,1591,1779496665,1779496665352,1,1,0.44000000,75170.75000000,-67.84000000,0.00000000,0.00000000,0.00000000,4,9282610,sl 75178.72
1592,1592,1592,1779618602,1779618602206,0,1,0.16000000,77121.85000000,0.00000000,-0.70000000,0.00000000,0.00000000,3,9282610,PS PDH
1593,1592,1593,1779632198,1779632198487,1,0,0.16000000,76323.36000000,127.76000000,0.00000000,0.00000000,0.00000000,5,9282610,tp 76324.44
1594,1594,1594,1779689400,1779689400486,0,1,0.54000000,77467.68000000,0.00000000,-2.36000000,0.00000000,0.00000000,3,9282610,PS PDH
1595,1594,1595,1779689692,1779689692999,1,0,0.54000000,77234.81000000,125.75000000,0.00000000,0.00000000,0.00000000,5,9282610,tp 77237.51
1596,1596,1596,1779774000,1779774000241,0,0,3.03000000,76847.40000000,0.00000000,-13.26000000,0.00000000,0.00000000,3,9282610,PS PDL
1597,1596,1597,1779774030,1779774030042,1,1,3.03000000,76825.66000000,-65.87000000,0.00000000,0.00000000,0.00000000,4,9282610,sl 76825.94
1598,1598,1598,1779806100,1779806100770,0,1,0.16000000,77504.50000000,0.00000000,-0.70000000,0.00000000,0.00000000,3,9282610,PS PDH
1599,1598,1599,1779806714,1779806714369,1,0,0.16000000,76655.37000000,135.86000000,0.00000000,0.00000000,0.00000000,5,9282610,tp 76659.12
1600,1600,1600,1779931200,1779931200877,0,0,0.29000000,74250.23000000,0.00000000,-1.27000000,0.00000000,0.00000000,3,9282610,PS PDL
1601,1600,1601,1779935755,1779935755561,1,1,0.29000000,74017.85000000,-67.39000000,0.00000000,0.00000000,0.00000000,4,9282610,sl 74018.30
1602,1602,1602,1780065000,1780065000455,0,0,0.29000000,72615.66000000,0.00000000,-1.27000000,0.00000000,0.00000000,3,9282610,PS PDL
1603,1602,1603,1780066636,1780066636694,1,1,0.29000000,73123.16000000,147.18000000,0.00000000,0.00000000,0.00000000,5,9282610,tp 73076.86
1604,1604,1604,1780190101,1780190101988,0,1,1.93000000,74034.23000000,0.00000000,-8.44000000,0.00000000,0.00000000,3,9282610,PS PDH
1605,1604,1605,1780190178,1780190178692,1,0,1.93000000,74069.38000000,-67.84000000,0.00000000,0.00000000,0.00000000,4,9282610,sl 74068.68
1606,1606,1606,1780279802,1780279802614,0,0,0.41000000,73429.36000000,0.00000000,-1.79000000,0.00000000,0.00000000,3,9282610,PS PDL
1607,1606,1607,1780281773,1780281773531,1,1,0.41000000,73754.07000000,133.13000000,0.00000000,0.00000000,0.00000000,5,9282610,tp 73753.96
1608,1608,1608,1780367400,1780367400981,0,0,0.29000000,70712.44000000,0.00000000,-1.27000000,0.00000000,0.00000000,3,9282610,PS PDL
1609,1608,1609,1780378263,1780378263343,1,1,0.29000000,70462.29000000,-72.55000000,0.00000000,0.00000000,0.00000000,4,9282610,sl 70463.79
1610,1610,1610,1780459500,1780459500646,0,0,0.10000000,66400.25000000,0.00000000,-0.44000000,0.00000000,0.00000000,3,9282610,PS PDL
1611,1610,1611,1780503701,1780503701606,1,1,0.10000000,65735.85000000,-66.44000000,0.00000000,0.00000000,0.00000000,4,9282610,sl 65737.55
1612,1612,1612,1780543202,1780543202024,0,0,0.52000000,63991.61000000,0.00000000,-2.28000000,0.00000000,0.00000000,3,9282610,PS PDL
1613,1612,1613,1780543273,1780543273093,1,1,0.52000000,63874.40000000,-60.95000000,0.00000000,0.00000000,0.00000000,4,9282610,sl 63876.84
1614,1614,1614,1780640700,1780640700379,0,0,0.20000000,61402.52000000,0.00000000,-0.88000000,0.00000000,0.00000000,3,9282610,PS PDL
1615,1614,1615,1780641861,1780641861713,1,1,0.20000000,62086.29000000,136.76000000,0.00000000,0.00000000,0.00000000,5,9282610,tp 62084.98
1616,1616,1616,1780795200,1780795200919,0,1,0.50000000,61481.84000000,0.00000000,-2.19000000,0.00000000,0.00000000,3,9282610,PS PDH
1617,1616,1617,1780795766,1780795766363,1,0,0.50000000,61627.82000000,-72.99000000,0.00000000,0.00000000,0.00000000,4,9282610,sl 61626.11
1618,1618,1618,1781012700,1781012700725,0,0,0.23000000,62401.91000000,0.00000000,-1.01000000,0.00000000,0.00000000,3,9282610,PS PDL
1619,1618,1619,1781013887,1781013887023,1,1,0.23000000,62110.46000000,-67.03000000,0.00000000,0.00000000,0.00000000,4,9282610,sl 62111.58
1620,1620,1620,1781083503,1781083503296,0,0,0.26000000,60923.83000000,0.00000000,-1.14000000,0.00000000,0.00000000,3,9282610,PS PDL
1621,1620,1621,1781094613,1781094613875,1,1,0.26000000,61443.43000000,135.09000000,0.00000000,0.00000000,0.00000000,5,9282610,tp 61442.05
1622,1622,1622,1781150400,1781150400765,0,1,0.30000000,62608.38000000,0.00000000,-1.31000000,0.00000000,0.00000000,3,9282610,PS PDH
1623,1622,1623,1781158869,1781158869171,1,0,0.30000000,62838.57000000,-69.06000000,0.00000000,0.00000000,0.00000000,4,9282610,sl 62832.24
1624,1624,1624,1781256900,1781256900344,0,1,1.12000000,63835.86000000,0.00000000,-4.90000000,0.00000000,0.00000000,3,9282610,PS PDH
1625,1624,1625,1781258095,1781258095073,1,0,1.12000000,63715.70000000,134.58000000,0.00000000,0.00000000,0.00000000,5,9282610,tp 63716.70
1626,1626,1626,1781472000,1781472000425,0,1,0.26000000,64709.40000000,0.00000000,-1.14000000,0.00000000,0.00000000,3,9282610,PS PDH
1627,1626,1627,1781473200,1781473200697,1,0,0.26000000,64973.70000000,-68.72000000,0.00000000,0.00000000,0.00000000,4,9282610,sl 64973.34
1628,1628,1628,1781482201,1781482201652,0,1,1.05000000,65725.34000000,0.00000000,-4.59000000,0.00000000,0.00000000,3,9282610,PS PDH
1629,1628,1629,1781482473,1781482473086,1,0,1.05000000,65788.62000000,-66.44000000,0.00000000,0.00000000,0.00000000,4,9282610,sl 65788.46
1630,1630,1630,1781620500,1781620500370,0,0,0.30000000,65531.51000000,0.00000000,-1.31000000,0.00000000,0.00000000,3,9282610,PS PDL
1631,1630,1631,1781624163,1781624163609,1,1,0.30000000,65961.45000000,128.99000000,0.00000000,0.00000000,0.00000000,5,9282610,tp 65960.80
1632,1632,1632,1781683202,1781683202985,0,0,0.29000000,65470.15000000,0.00000000,-1.27000000,0.00000000,0.00000000,3,9282610,PS PDL
1633,1632,1633,1781684191,1781684191331,1,1,0.29000000,65239.04000000,-67.02000000,0.00000000,0.00000000,0.00000000,4,9282610,sl 65239.47
1634,1634,1634,1781756100,1781756100582,0,0,0.54000000,63888.60000000,0.00000000,-2.36000000,0.00000000,0.00000000,3,9282610,PS PDL
1635,1634,1635,1781758975,1781758975103,1,1,0.54000000,63754.42000000,-72.45000000,0.00000000,0.00000000,0.00000000,4,9282610,sl 63759.69
1636,1636,1636,1781916000,1781916000189,0,1,0.33000000,63527.15000000,0.00000000,-1.44000000,0.00000000,0.00000000,3,9282610,PS PDH
1637,1636,1637,1781932212,1781932212988,1,0,0.33000000,63728.17000000,-66.34000000,0.00000000,0.00000000,0.00000000,4,9282610,sl 63725.44
1638,1638,1638,1782092100,1782092100160,0,1,0.26000000,64396.53000000,0.00000000,-1.14000000,0.00000000,0.00000000,3,9282610,PS PDH
1639,1638,1639,1782097311,1782097311440,1,0,0.26000000,63888.26000000,132.15000000,0.00000000,0.00000000,0.00000000,5,9282610,tp 63890.05
1640,1640,1640,1782308100,1782308100433,0,0,0.21000000,61949.67000000,0.00000000,-0.92000000,0.00000000,0.00000000,3,9282610,PS PDL
1641,1640,1641,1782308471,1782308471869,1,1,0.21000000,61623.95000000,-68.40000000,0.00000000,0.00000000,0.00000000,4,9282610,sl 61624.31
1642,1642,1642,1782396600,1782396600328,0,0,0.11000000,59379.17000000,0.00000000,-0.48000000,0.00000000,0.00000000,3,9282610,PS PDL
1643,1642,1643,1782397006,1782397006068,1,1,0.11000000,58777.33000000,-66.20000000,0.00000000,0.00000000,0.00000000,4,9282610,sl 58777.41
1644,1644,1644,1782573602,1782573602323,0,1,0.57000000,60669.06000000,0.00000000,-2.49000000,0.00000000,0.00000000,3,9282610,PS PDH
1645,1644,1645,1782574668,1782574668627,1,0,0.57000000,60783.65000000,-65.32000000,0.00000000,0.00000000,0.00000000,4,9282610,sl 60782.36
1646,1646,1646,1782624900,1782624900255,0,0,0.50000000,59849.23000000,0.00000000,-2.19000000,0.00000000,0.00000000,3,9282610,PS PDL
1647,1646,1647,1782630125,1782630125727,1,1,0.50000000,60099.55000000,125.16000000,0.00000000,0.00000000,0.00000000,5,9282610,tp 60099.53
1648,1648,1648,1782699300,1782699300329,0,0,0.42000000,58946.10000000,0.00000000,-1.84000000,0.00000000,0.00000000,3,9282610,PS PDL
1649,1648,1649,1782699982,1782699982531,1,1,0.42000000,59261.55000000,132.49000000,0.00000000,0.00000000,0.00000000,5,9282610,tp 59261.34
1650,1650,1650,1782735000,1782735000247,0,1,0.25000000,60392.57000000,0.00000000,-1.09000000,0.00000000,0.00000000,3,9282610,PS PDH
1651,1650,1651,1782735153,1782735153121,1,0,0.25000000,60668.76000000,-69.05000000,0.00000000,0.00000000,0.00000000,4,9282610,sl 60668.22
1652,1652,1652,1782828300,1782828300854,0,0,0.19000000,58918.30000000,0.00000000,-0.83000000,0.00000000,0.00000000,3,9282610,PS PDL
1653,1652,1653,1782830321,1782830321695,1,1,0.19000000,58561.03000000,-67.88000000,0.00000000,0.00000000,0.00000000,4,9282610,sl 58561.68
1654,1654,1654,1782868500,1782868500166,0,0,0.17000000,58093.51000000,0.00000000,-0.74000000,0.00000000,0.00000000,3,9282610,PS PDL
1655,1654,1655,1782870068,1782870068651,1,1,0.17000000,58871.08000000,132.18000000,0.00000000,0.00000000,0.00000000,5,9282610,tp 58868.53
1656,1656,1656,1782920400,1782920400539,0,1,0.64000000,60125.51000000,0.00000000,-2.80000000,0.00000000,0.00000000,3,9282610,PS PDH
1657,1656,1657,1782922962,1782922962683,1,0,0.64000000,59913.55000000,135.66000000,0.00000000,0.00000000,0.00000000,5,9282610,tp 59914.82
1658,1658,1658,1782986100,1782986100269,0,1,0.69000000,61219.88000000,0.00000000,-3.02000000,0.00000000,0.00000000,3,9282610,PS PDH
1659,1658,1659,1782986118,1782986118316,1,0,0.69000000,61324.40000000,-72.12000000,0.00000000,0.00000000,0.00000000,4,9282610,sl 61316.18
1660,1660,1660,1783086900,1783086900523,0,1,0.41000000,62070.37000000,0.00000000,-1.79000000,0.00000000,0.00000000,3,9282610,PS PDH
1661,1660,1661,1783088020,1783088020464,1,0,0.41000000,61743.03000000,134.21000000,0.00000000,0.00000000,0.00000000,5,9282610,tp 61744.93
1662,1662,1662,1783178100,1783178100693,0,1,0.25000000,62776.82000000,0.00000000,-1.09000000,0.00000000,0.00000000,3,9282610,PS PDH
1663,1662,1663,1783186387,1783186387288,1,0,0.25000000,63049.70000000,-68.22000000,0.00000000,0.00000000,0.00000000,4,9282610,sl 63048.94
1664,1664,1664,1783350600,1783350600504,0,0,0.30000000,62385.68000000,0.00000000,-1.31000000,0.00000000,0.00000000,3,9282610,PS PDL
1665,1664,1665,1783352643,1783352643388,1,1,0.30000000,62857.46000000,141.54000000,0.00000000,0.00000000,0.00000000,5,9282610,tp 62857.26
1666,1666,1666,1783478400,1783478400740,0,0,0.28000000,62729.83000000,0.00000000,-1.23000000,0.00000000,0.00000000,3,9282610,PS PDL
1667,1666,1667,1783491668,1783491668985,1,1,0.28000000,62470.48000000,-72.62000000,0.00000000,0.00000000,0.00000000,4,9282610,sl 62473.78
1668,1668,1668,1783814700,1783814700401,0,0,0.65000000,63852.78000000,0.00000000,-2.84000000,0.00000000,0.00000000,3,9282610,PS PDL
1669,1668,1669,1783814865,1783814865219,1,1,0.65000000,63744.11000000,-70.64000000,0.00000000,0.00000000,0.00000000,4,9282610,sl 63746.75
1670,1670,1670,1783902000,1783902000376,0,1,0.32000000,64195.96000000,0.00000000,-1.40000000,0.00000000,0.00000000,3,9282610,PS PDH
1671,1670,1671,1783903185,1783903185683,1,0,0.32000000,63766.20000000,137.53000000,0.00000000,0.00000000,0.00000000,5,9282610,tp 63768.91
1672,1672,1672,1783903500,1783903500511,0,0,0.31000000,63755.69000000,0.00000000,-1.36000000,0.00000000,0.00000000,3,9282610,PS PDL
1673,1672,1673,1783906509,1783906509517,1,1,0.31000000,63533.04000000,-69.02000000,0.00000000,0.00000000,0.00000000,4,9282610,sl 63534.13
1674,1674,1674,1784061600,1784061600842,0,1,6.25000000,64403.51000000,0.00000000,-27.34000000,0.00000000,0.00000000,3,9282610,PS PDH
1675,1674,1675,1784061746,1784061746468,1,0,6.25000000,64381.67000000,136.50000000,0.00000000,0.00000000,0.00000000,5,9282610,tp 64381.79
1676,1676,1676,1784097600,1784097600844,0,1,0.31000000,65018.47000000,0.00000000,-1.36000000,0.00000000,0.00000000,3,9282610,PS PDH
1677,1676,1677,1784100420,1784100420323,1,0,0.31000000,64561.21000000,141.75000000,0.00000000,0.00000000,0.00000000,5,9282610,tp 64562.61
1678,1678,1678,1784165100,1784165100199,0,0,0.59000000,64466.84000000,0.00000000,-2.58000000,0.00000000,0.00000000,3,9282610,PS PDL
1679,1678,1679,1784166572,1784166572989,1,1,0.59000000,64732.47000000,156.72000000,0.00000000,0.00000000,0.00000000,5,9282610,tp 64707.90
1680,1680,1680,1784249100,1784249100733,0,0,0.54000000,63734.56000000,0.00000000,-2.36000000,0.00000000,0.00000000,3,9282610,PS PDL
1681,1680,1681,1784250528,1784250528443,1,1,0.54000000,64004.57000000,145.81000000,0.00000000,0.00000000,0.00000000,5,9282610,tp 64003.74
1682,1682,1682,1784395501,1784395501071,0,1,0.47000000,64256.05000000,0.00000000,-2.06000000,0.00000000,0.00000000,3,9282610,PS PDH
1683,1682,1683,1784396487,1784396487174,1,0,0.47000000,64415.61000000,-75.00000000,0.00000000,0.00000000,0.00000000,4,9282610,sl 64413.55
1684,1684,1684,1784421000,1784421000701,0,1,0.60000000,64756.76000000,0.00000000,-2.63000000,0.00000000,0.00000000,3,9282610,PS PDH
1685,1684,1685,1784426827,1784426827388,1,0,0.60000000,64880.17000000,-74.04000000,0.00000000,0.00000000,0.00000000,4,9282610,sl 64878.42
1686,1686,1686,1784507100,1784507100963,0,1,0.57000000,64872.76000000,0.00000000,-2.49000000,0.00000000,0.00000000,3,9282610,PS PDH
1687,1686,1687,1784508578,1784508578866,1,0,0.57000000,64615.85000000,146.44000000,0.00000000,0.00000000,0.00000000,5,9282610,tp 64617.04
1688,1688,1688,1784524800,1784524800465,0,0,0.39000000,64325.55000000,0.00000000,-1.71000000,0.00000000,0.00000000,3,9282610,PS PDL
1689,1688,1689,1784524981,1784524981710,1,1,0.39000000,64135.81000000,-73.99000000,0.00000000,0.00000000,0.00000000,4,9282610,sl 64136.88
1690,1690,1690,1784613300,1784613300885,0,1,0.88000000,65708.44000000,0.00000000,-3.85000000,0.00000000,0.00000000,3,9282610,PS PDH
1691,1690,1691,1784615351,1784615351224,1,0,0.88000000,65793.93000000,-75.23000000,0.00000000,0.00000000,0.00000000,4,9282610,sl 65791.74
1692,1692,1692,1784794500,1784794500728,0,0,2.66000000,65499.94000000,0.00000000,-11.64000000,0.00000000,0.00000000,3,9282610,PS PDL
1693,1692,1693,1784794573,1784794573764,1,1,2.66000000,65470.84000000,-77.41000000,0.00000000,0.00000000,0.00000000,4,9282610,sl 65472.92
1694,1694,1694,1785026401,1785026401097,0,1,1.99000000,64363.91000000,0.00000000,-8.71000000,0.00000000,0.00000000,3,9282610,PS PDH
1695,1694,1695,1785027210,1785027210063,1,0,1.99000000,64404.71000000,-81.19000000,0.00000000,0.00000000,0.00000000,4,9282610,sl 64399.63
1696,1696,1696,1785132600,1785132600790,0,1,0.35000000,65508.46000000,0.00000000,-1.53000000,0.00000000,0.00000000,3,9282610,PS PDH
1697,1696,1697,1785140169,1785140169097,1,0,0.35000000,65084.66000000,148.33000000,0.00000000,0.00000000,0.00000000,5,9282610,tp 65086.53
1698,1698,1698,1785197700,1785197700356,0,0,0.37000000,63626.80000000,0.00000000,-1.62000000,0.00000000,0.00000000,3,9282610,PS PDL
1699,1698,1699,1785199916,1785199916402,1,1,0.37000000,63433.07000000,-71.68000000,0.00000000,0.00000000,0.00000000,4,9282610,sl 63433.35
1700,1700,1700,1785283800,1785283800157,0,1,0.45000000,63963.04000000,0.00000000,-1.97000000,0.00000000,0.00000000,3,9282610,PS PDH
1701,1700,1701,1785285956,1785285956210,1,0,0.45000000,64123.49000000,-72.20000000,0.00000000,0.00000000,0.00000000,4,9282610,sl 64121.53
1702,1702,1702,1785418500,1785418500510,0,1,0.63000000,64653.22000000,0.00000000,-2.76000000,0.00000000,0.00000000,3,9282610,PS PDH
1703,1702,1703,1785418939,1785418939018,1,0,0.63000000,64774.18000000,-76.20000000,0.00000000,0.00000000,0.00000000,4,9282610,sl 64773.18
1704,1704,1704,1785460800,1785460800460,0,1,0.58000000,65025.97000000,0.00000000,-2.54000000,0.00000000,0.00000000,3,9282610,PS PDH
1705,1704,1705,1785461223,1785461223810,1,0,0.58000000,65146.26000000,-69.77000000,0.00000000,0.00000000,0.00000000,4,9282610,sl 65146.25
1706,1706,1706,1785504900,1785504900243,0,0,0.43000000,63638.44000000,0.00000000,-1.88000000,0.00000000,0.00000000,3,9282610,PS PDL
1707,1706,1707,1785505265,1785505265310,1,1,0.43000000,63475.72000000,-69.97000000,0.00000000,0.00000000,0.00000000,4,9282610,sl 63475.85
1708,1708,1708,1785609600,1785609600591,0,0,1.89000000,62379.66000000,0.00000000,-8.27000000,0.00000000,0.00000000,3,9282610,PS PDL
1709,1708,1709,1785609779,1785609779268,1,1,1.89000000,62332.21000000,-89.68000000,0.00000000,0.00000000,0.00000000,4,9282610,sl 62333.86
1710,1710,1710,1785661500,1785661500599,0,1,0.51000000,63038.17000000,0.00000000,-2.23000000,0.00000000,0.00000000,3,9282610,PS PDH
1711,1710,1711,1785661789,1785661789116,1,0,0.51000000,63177.41000000,-71.01000000,0.00000000,0.00000000,0.00000000,4,9282610,sl 63169.04
1712,1712,1712,1785729000,1785729000777,0,0,0.41000000,62849.69000000,0.00000000,-1.79000000,0.00000000,0.00000000,3,9282610,PS PDL
1713,1712,1713,1785733545,1785733545917,1,1,0.41000000,62686.56000000,-66.88000000,0.00000000,0.00000000,0.00000000,4,9282610,sl 62687.91
1714,1714,1714,1785767701,1785767701017,0,1,0.52000000,63676.76000000,0.00000000,-2.28000000,0.00000000,0.00000000,3,9282610,PS PDH
1715,1714,1715,1785768036,1785768036172,1,0,0.52000000,63804.75000000,-66.55000000,0.00000000,0.00000000,0.00000000,4,9282610,sl 63803.95
1716,1716,1716,1785819600,1785819600310,0,1,0.60000000,63974.94000000,0.00000000,-2.63000000,0.00000000,0.00000000,3,9282610,PS PDH
1717,1716,1717,1785821166,1785821166040,1,0,0.60000000,63757.00000000,130.76000000,0.00000000,0.00000000,0.00000000,5,9282610,tp 63757.82
1718,1718,1718,1785932700,1785932700258,0,1,0.47000000,64403.34000000,0.00000000,-2.06000000,0.00000000,0.00000000,3,9282610,PS PDH
1719,1718,1719,1785935410,1785935410434,1,0,0.47000000,64119.29000000,133.50000000,0.00000000,0.00000000,0.00000000,5,9282610,tp 64120.16
1720,1720,1720,1786101001,1786101001117,0,1,9.74000000,64935.24000000,0.00000000,-42.61000000,0.00000000,0.00000000,3,9282610,PS PDH
1721,1720,1721,1786101021,1786101021845,1,0,9.74000000,64942.44000000,-70.13000000,0.00000000,0.00000000,0.00000000,4,9282610,sl 64942.14
1722,1722,1722,1786241400,1786241400270,0,0,1.96000000,64787.87000000,0.00000000,-8.58000000,0.00000000,0.00000000,3,9282610,PS PDL
1723,1722,1723,1786243436,1786243436294,1,1,1.96000000,64753.49000000,-67.39000000,0.00000000,0.00000000,0.00000000,4,9282610,sl 64754.14
1724,1724,1724,1786285500,1786285500669,0,1,1.32000000,65119.46000000,0.00000000,-5.78000000,0.00000000,0.00000000,3,9282610,PS PDH
1725,1724,1725,1786285976,1786285976620,1,0,1.32000000,65171.84000000,-69.14000000,0.00000000,0.00000000,0.00000000,4,9282610,sl 65168.99
1726,1726,1726,1786371300,1786371300910,0,0,0.54000000,64674.24000000,0.00000000,-2.36000000,0.00000000,0.00000000,3,9282610,PS PDL
1727,1726,1727,1786373826,1786373826607,1,1,0.54000000,64559.30000000,-62.07000000,0.00000000,0.00000000,0.00000000,4,9282610,sl 64559.71
1728,1728,1728,1786460700,1786460700624,0,0,0.82000000,63766.70000000,0.00000000,-3.59000000,0.00000000,0.00000000,3,9282610,PS PDL
1729,1728,1729,1786461106,1786461106559,1,1,0.82000000,63688.00000000,-64.53000000,0.00000000,0.00000000,0.00000000,4,9282610,sl 63688.01
1730,1730,1730,1786647301,1786647301079,0,0,0.46000000,63272.99000000,0.00000000,-2.01000000,0.00000000,0.00000000,3,9282610,PS PDL
1731,1730,1731,1786658927,1786658927773,1,1,0.46000000,63552.65000000,128.64000000,0.00000000,0.00000000,0.00000000,5,9282610,tp 63550.41
1732,1732,1732,1786696800,1786696800567,0,0,1.15000000,62786.50000000,0.00000000,-5.03000000,0.00000000,0.00000000,3,9282610,PS PDL
1733,1732,1733,1786699767,1786699767331,1,1,1.15000000,62729.70000000,-65.32000000,0.00000000,0.00000000,0.00000000,4,9282610,sl 62730.09
1734,1734,1734,1786901401,1786901401096,0,1,3.64000000,63127.38000000,0.00000000,-15.93000000,0.00000000,0.00000000,3,9282610,PS PDH
1735,1734,1735,1786901607,1786901607356,1,0,3.64000000,63089.12000000,139.26000000,0.00000000,0.00000000,0.00000000,5,9282610,tp 63092.30
1736,1736,1736,1786916700,1786916700530,0,0,0.32000000,62872.60000000,0.00000000,-1.40000000,0.00000000,0.00000000,3,9282610,PS PDL
1737,1736,1737,1786919860,1786919860956,1,1,0.32000000,62666.79000000,-65.86000000,0.00000000,0.00000000,0.00000000,4,9282610,sl 62668.97
1738,1738,1738,1786935900,1786935900584,0,1,0.91000000,63318.33000000,0.00000000,-3.98000000,0.00000000,0.00000000,3,9282610,PS PDH
1739,1738,1739,1786938803,1786938803740,1,0,0.91000000,63393.76000000,-68.64000000,0.00000000,0.00000000,0.00000000,4,9282610,sl 63389.58
1740,1740,1740,1787083501,1787083501187,0,1,0.98000000,64561.22000000,0.00000000,-4.29000000,0.00000000,0.00000000,3,9282610,PS PDH
1741,1740,1741,1787094123,1787094123225,1,0,0.98000000,64631.20000000,-68.58000000,0.00000000,0.00000000,0.00000000,4,9282610,sl 64626.62
1742,1742,1742,1787146500,1787146500435,0,1,0.38000000,65003.74000000,0.00000000,-1.66000000,0.00000000,0.00000000,3,9282610,PS PDH
1743,1742,1743,1787148333,1787148333870,1,0,0.38000000,65170.59000000,-63.40000000,0.00000000,0.00000000,0.00000000,4,9282610,sl 65169.87
1744,1744,1744,1787461200,1787461200456,0,0,0.46000000,76587.55000000,0.00000000,-2.01000000,0.00000000,0.00000000,3,9282610,PS PDL
1745,1744,1745,1787461689,1787461689251,1,1,0.46000000,76456.22000000,-60.41000000,0.00000000,0.00000000,0.00000000,4,9282610,sl 76457.80
1746,1746,1746,1787644200,1787644200241,0,1,0.10000000,79854.19000000,0.00000000,-0.44000000,0.00000000,0.00000000,3,9282610,PS PDH
1747,1746,1747,1787664195,1787664195124,1,0,0.10000000,78574.02000000,128.02000000,0.00000000,0.00000000,0.00000000,5,9282610,tp 78578.23
1748,1748,1748,1787757000,1787757000247,0,0,0.23000000,77911.81000000,0.00000000,-1.01000000,0.00000000,0.00000000,3,9282610,PS PDL
1749,1748,1749,1787765264,1787765264671,1,1,0.23000000,78473.92000000,129.28000000,0.00000000,0.00000000,0.00000000,5,9282610,tp 78470.76
1750,1750,1750,1787837700,1787837700418,0,1,0.30000000,79147.47000000,0.00000000,-1.31000000,0.00000000,0.00000000,3,9282610,PS PDH
1751,1750,1751,1787838913,1787838913299,1,0,0.30000000,79362.28000000,-64.44000000,0.00000000,0.00000000,0.00000000,4,9282610,sl 79361.39
1752,1752,1752,1787879700,1787879700228,0,1,0.44000000,80757.35000000,0.00000000,-1.93000000,0.00000000,0.00000000,3,9282610,PS PDH
1753,1752,1753,1787879929,1787879929351,1,0,0.44000000,80907.37000000,-66.01000000,0.00000000,0.00000000,0.00000000,4,9282610,sl 80902.79
1754,1754,1754,1787926500,1787926500169,0,0,0.31000000,78637.10000000,0.00000000,-1.36000000,0.00000000,0.00000000,3,9282610,PS PDL
1755,1754,1755,1787927522,1787927522546,1,1,0.31000000,79053.66000000,129.13000000,0.00000000,0.00000000,0.00000000,5,9282610,tp 79047.34
1756,1756,1756,1788131100,1788131100932,0,1,0.52000000,78302.78000000,0.00000000,-2.28000000,0.00000000,0.00000000,3,9282610,PS PDH
1757,1756,1757,1788131549,1788131549843,1,0,0.52000000,78430.03000000,-66.17000000,0.00000000,0.00000000,0.00000000,4,9282610,sl 78426.79
1758,1758,1758,1788133500,1788133500470,0,0,0.44000000,77488.43000000,0.00000000,-1.93000000,0.00000000,0.00000000,3,9282610,PS PDL
1759,1758,1759,1788133562,1788133562055,1,1,0.44000000,77339.54000000,-65.51000000,0.00000000,0.00000000,0.00000000,4,9282610,sl 77340.11
1760,1760,1760,1788280800,1788280800842,0,0,0.24000000,77531.89000000,0.00000000,-1.05000000,0.00000000,0.00000000,3,9282610,PS PDL
1761,1760,1761,1788285471,1788285471440,1,1,0.24000000,77262.72000000,-64.60000000,0.00000000,0.00000000,0.00000000,4,9282610,sl 77262.80
1762,1762,1762,1788346500,1788346500740,0,0,0.23000000,76460.16000000,0.00000000,-1.01000000,0.00000000,0.00000000,3,9282610,PS PDL
1763,1762,1763,1788356552,1788356552157,1,1,0.23000000,77025.71000000,130.07000000,0.00000000,0.00000000,0.00000000,5,9282610,tp 77019.50
1764,1764,1764,1788403200,1788403200572,0,1,0.39000000,77715.94000000,0.00000000,-1.71000000,0.00000000,0.00000000,3,9282610,PS PDH
1765,1764,1765,1788412836,1788412836519,1,0,0.39000000,77385.51000000,128.87000000,0.00000000,0.00000000,0.00000000,5,9282610,tp 77385.90
1766,1766,1766,1788705300,1788705300561,0,0,0.19000000,79550.03000000,0.00000000,-0.83000000,0.00000000,0.00000000,3,9282610,PS PDL
1767,1766,1767,1788735804,1788735804727,1,1,0.19000000,80263.41000000,135.54000000,0.00000000,0.00000000,0.00000000,5,9282610,tp 80257.44
1768,1768,1768,1788736500,1788736500297,0,1,0.97000000,80180.27000000,0.00000000,-4.24000000,0.00000000,0.00000000,3,9282610,PS PDH
1769,1768,1769,1788736703,1788736703199,1,0,0.97000000,80252.41000000,-69.98000000,0.00000000,0.00000000,0.00000000,4,9282610,sl 80248.32
1770,1770,1770,1788766500,1788766500888,0,0,0.46000000,79325.92000000,0.00000000,-2.01000000,0.00000000,0.00000000,3,9282610,PS PDL
1771,1770,1771,1788766811,1788766811628,1,1,0.46000000,79182.19000000,-66.11000000,0.00000000,0.00000000,0.00000000,4,9282610,sl 79182.45
1772,1772,1772,1788844501,1788844501135,0,0,1.49000000,78685.10000000,0.00000000,-6.52000000,0.00000000,0.00000000,3,9282610,PS PDL
1773,1772,1773,1788844524,1788844524462,1,1,1.49000000,78636.58000000,-72.30000000,0.00000000,0.00000000,0.00000000,4,9282610,sl 78641.71
1774,1774,1774,1788941400,1788941400948,0,1,1.30000000,79454.42000000,0.00000000,-5.69000000,0.00000000,0.00000000,3,9282610,PS PDH
1775,1774,1775,1788941423,1788941423600,1,0,1.30000000,79504.17000000,-64.67000000,0.00000000,0.00000000,0.00000000,4,9282610,sl 79503.50
1776,1776,1776,1789038601,1789038601036,0,0,0.66000000,77788.25000000,0.00000000,-2.89000000,0.00000000,0.00000000,3,9282610,PS PDL
1777,1776,1777,1789038922,1789038922278,1,1,0.66000000,77978.62000000,125.64000000,0.00000000,0.00000000,0.00000000,5,9282610,tp 77972.49
1778,1778,1778,1789130100,1789130100432,0,0,0.06000000,77114.35000000,0.00000000,-0.26000000,0.00000000,0.00000000,3,9282610,PS PDL
1779,1778,1779,1789135226,1789135226936,1,1,0.06000000,79375.65000000,135.68000000,0.00000000,0.00000000,0.00000000,5,9282610,tp 79373.38
1780,1780,1780,1789282800,1789282800418,0,0,0.94000000,77102.50000000,0.00000000,-4.11000000,0.00000000,0.00000000,3,9282610,PS PDL
1781,1780,1781,1789287182,1789287182669,1,1,0.94000000,77030.93000000,-67.28000000,0.00000000,0.00000000,0.00000000,4,9282610,sl 77032.35
1782,1782,1782,1789346100,1789346100423,0,0,0.27000000,76661.11000000,0.00000000,-1.18000000,0.00000000,0.00000000,3,9282610,PS PDL
1783,1782,1783,1789351707,1789351707469,1,1,0.27000000,77153.46000000,132.93000000,0.00000000,0.00000000,0.00000000,5,9282610,tp 77152.45
1784,1784,1784,1789479900,1789479900522,0,0,0.38000000,76402.35000000,0.00000000,-1.66000000,0.00000000,0.00000000,3,9282610,PS PDL
1785,1784,1785,1789480005,1789480005526,1,1,0.38000000,76192.91000000,-79.58000000,0.00000000,0.00000000,0.00000000,4,9282610,sl 76209.62
1786,1786,1786,1789609800,1789609800559,0,1,1.59000000,76493.72000000,0.00000000,-6.96000000,0.00000000,0.00000000,3,9282610,PS PDH
1787,1786,1787,1789609984,1789609984766,1,0,1.59000000,76404.63000000,141.65000000,0.00000000,0.00000000,0.00000000,5,9282610,tp 76407.51
1788,1788,1788,1789779300,1789779300336,0,1,0.65000000,81405.76000000,0.00000000,-2.84000000,0.00000000,0.00000000,3,9282610,PS PDH
1789,1788,1789,1789779355,1789779355825,1,0,0.65000000,81510.81000000,-68.29000000,0.00000000,0.00000000,0.00000000,4,9282610,sl 81508.85
1790,1790,1790,1789918801,1789918801056,0,0,0.50000000,80823.15000000,0.00000000,-2.19000000,0.00000000,0.00000000,3,9282610,PS PDL
1791,1790,1791,1789920686,1789920686666,1,1,0.50000000,81095.42000000,136.13000000,0.00000000,0.00000000,0.00000000,5,9282610,tp 81089.80
1792,1792,1792,1789949400,1789949400572,0,1,0.55000000,81490.81000000,0.00000000,-2.41000000,0.00000000,0.00000000,3,9282610,PS PDH
1793,1792,1793,1789949570,1789949570818,1,0,0.55000000,81602.76000000,-61.57000000,0.00000000,0.00000000,0.00000000,4,9282610,sl 81600.45
1794,1794,1794,1790240400,1790240400406,0,0,0.32000000,83639.55000000,0.00000000,-1.40000000,0.00000000,0.00000000,3,9282610,PS PDL
1795,1794,1795,1790241292,1790241292629,1,1,0.32000000,83425.24000000,-68.58000000,0.00000000,0.00000000,0.00000000,4,9282610,sl 83425.88
1796,1796,1796,1790336100,1790336100404,0,1,1.17000000,84887.55000000,0.00000000,-5.12000000,0.00000000,0.00000000,3,9282610,PS PDH
1797,1796,1797,1790336119,1790336119504,1,0,1.17000000,84945.42000000,-67.71000000,0.00000000,0.00000000,0.00000000,4,9282610,sl 84944.11
