deal,time,time_msc,symbol,position_id,type,entry,reason,volume,price,profit,commission,swap,fee,comment
1,2023.09.05 00:00:00,1693872000000,,0,2,0,0,0.0,0.0,10000.0,0.0,0.0,0.0,
2,2023.11.15 01:45:00,1700012700001,XAUUSD,2,0,0,3,0.62,1963.084,0.0,-3.41,0.0,0.0,Safe LTA EM1-DoubleWick PD-VAH 
3,2023.11.15 06:22:05,1700029325538,XAUUSD,2,1,1,5,0.62,1968.193,316.76,0.0,0.0,0.0,tp 1968.177
4,2023.11.15 07:30:00,1700033400001,XAUUSD,4,0,0,3,0.48,1969.312,0.0,-2.64,0.0,0.0,Safe LTA EM1-DoubleWick PW-POC 
5,2023.11.15 07:38:20,1700033900487,XAUUSD,4,1,1,5,0.48,1970.527,58.32,0.0,0.0,0.0,tp 1970.526
6,2023.11.15 07:45:00,1700034300001,XAUUSD,6,0,0,3,0.32,1970.373,0.0,-1.76,0.0,0.0,Safe LTA EM1-DoubleWick PW-VAH 
7,2023.11.15 07:58:27,1700035107096,XAUUSD,6,1,1,5,0.32,1970.53,5.02,0.0,0.0,0.0,tp 1970.526
8,2023.11.15 08:00:00,1700035200001,XAUUSD,8,0,0,3,0.72,1970.454,0.0,-3.96,0.0,0.0,Safe LTA EM1-DoubleWick PW-VAH 
9,2023.11.15 08:00:05,1700035205217,XAUUSD,8,1,1,5,0.72,1970.534,5.76,0.0,0.0,0.0,tp 1970.526
10,2023.11.15 08:15:00,1700036100001,XAUUSD,10,0,0,3,0.92,1970.597,0.0,-5.06,0.0,0.0,Safe LTA EM1-DoubleWick PW-VAH 
11,2023.11.15 10:24:05,1700043845753,XAUUSD,10,1,1,5,0.92,1974.002,313.26,0.0,0.0,0.0,tp 1973.984
12,2023.11.15 13:00:00,1700053200001,XAUUSD,12,0,0,3,0.71,1971.651,0.0,-3.91,0.0,0.0,Safe LTA EM1-DoubleWick PW-VAH 
13,2023.11.15 13:31:35,1700055095444,XAUUSD,12,1,1,4,0.71,1970.09,-110.83,0.0,0.0,0.0,sl 1970.126
14,2023.11.16 02:30:00,1700101800001,XAUUSD,14,0,0,3,0.55,1958.265,0.0,-3.03,0.0,0.0,Safe LTA EM1-DoubleWick PD-VAL 
15,2023.11.16 09:09:18,1700125758461,XAUUSD,14,1,1,5,0.55,1968.202,546.53,0.0,0.0,0.0,tp 1968.177
16,2023.11.16 09:15:00,1700126100001,XAUUSD,16,0,0,3,0.57,1968.194,0.0,-3.14,0.0,0.0,Safe LTA EM1-DoubleWick PW-POC 
17,2023.11.16 09:58:36,1700128716000,XAUUSD,16,1,1,4,0.57,1966.223,-112.35,0.0,0.0,0.0,sl 1966.237
18,2023.11.16 12:30:00,1700137800001,XAUUSD,18,0,0,3,0.66,1963.632,0.0,-3.63,0.0,0.0,Safe LTA EM1-DoubleWick PD-POC 
19,2023.11.16 13:30:29,1700141429557,XAUUSD,18,1,1,5,0.66,1968.204,301.75,0.0,0.0,0.0,tp 1968.177
20,2023.11.17 00:00:00,1700179200001,XAUUSD,20,0,0,3,0.72,1982.812,0.0,-3.96,0.0,0.0,Safe LTA EM1-DoubleWick PD-VAH 
21,2023.11.17 07:59:39,1700207979259,XAUUSD,20,1,1,5,0.72,1987.562,342.0,0.0,0.0,0.0,tp 1987.534
22,2023.11.22 06:00:00,1700632800001,XAUUSD,22,0,0,3,0.51,1998.931,0.0,-2.81,0.0,0.0,Safe LTA EM1-DoubleWick PD-POC 
23,2023.11.22 08:09:38,1700640578526,XAUUSD,22,1,1,5,0.51,2005.925,356.7,0.0,0.0,0.0,tp 2005.909
24,2023.11.22 14:15:00,1700662500001,XAUUSD,24,0,0,3,0.43,1999.973,0.0,-2.37,0.0,0.0,Safe LTA EM1-DoubleWick PD-POC 
25,2023.11.22 15:02:36,1700665356063,XAUUSD,24,1,1,4,0.43,1997.161,-120.92,0.0,0.0,0.0,sl 1997.177
26,2023.11.22 15:45:00,1700667900001,XAUUSD,26,0,0,3,0.22,1995.064,0.0,-1.21,0.0,0.0,Safe LTA EM1-DoubleWick PW-VAH 
27,2023.11.22 17:07:00,1700672820000,XAUUSD,26,1,1,4,0.22,1989.55,-121.31,0.0,0.0,0.0,sl 1989.562
28,2023.11.23 01:15:00,1700702100001,XAUUSD,28,0,0,3,0.74,1992.687,0.0,-4.07,0.0,0.0,Safe LTA EM1-DoubleWick PW-VAH 
29,2023.11.23 03:49:14,1700711354904,XAUUSD,28,1,1,5,0.74,1997.49,355.42,0.0,0.0,0.0,tp 1997.487
30,2023.11.27 01:15:00,1701047700001,XAUUSD,30,0,0,3,0.28,2006.087,0.0,-1.54,0.0,0.0,Safe LTA EM4-Continuation PW-VA
31,2023.11.28 13:42:29,1701178949595,XAUUSD,30,1,1,5,0.28,2019.455,374.3,0.0,-14.98,0.0,tp 2019.437
32,2023.11.28 13:45:00,1701179100001,XAUUSD,32,0,0,3,0.14,2020.251,0.0,-0.77,0.0,0.0,Safe LTA EM4-Continuation PD-VA
33,2023.11.29 00:47:30,1701218850800,XAUUSD,32,1,1,5,0.14,2047.558,382.3,0.0,-7.49,0.0,tp 2047.536
34,2023.11.30 02:45:00,1701312300001,XAUUSD,34,0,0,3,0.55,2044.825,0.0,-3.03,0.0,0.0,Safe LTA EM1-DoubleWick PD-POC 
35,2023.11.30 05:23:25,1701321805454,XAUUSD,34,1,1,4,0.55,2042.459,-130.13,0.0,0.0,0.0,sl 2042.461
36,2023.11.30 06:45:00,1701326700001,XAUUSD,36,0,0,3,0.6,2044.379,0.0,-3.3,0.0,0.0,Safe LTA EM1-DoubleWick PD-POC 
37,2023.11.30 08:34:04,1701333244897,XAUUSD,36,1,1,4,0.6,2042.239,-128.4,0.0,0.0,0.0,sl 2042.246
38,2023.12.04 08:30:00,1701678600001,XAUUSD,38,0,0,3,0.16,2065.206,0.0,-0.88,0.0,0.0,Safe LTA EM1-DoubleWick PW-VAH 
39,2023.12.04 13:50:38,1701697838934,XAUUSD,38,1,1,4,0.16,2057.104,-129.64,0.0,0.0,0.0,sl 2057.142
40,2023.12.27 00:30:00,1703637000001,XAUUSD,40,0,0,3,0.99,2064.98,0.0,-5.45,0.0,0.0,Safe LTA EM1-DoubleWick PD-VAH 
41,2023.12.27 09:22:40,1703668960000,XAUUSD,40,1,1,5,0.99,2068.814,379.57,0.0,0.0,0.0,tp 2068.772
42,2023.12.27 10:45:00,1703673900001,XAUUSD,42,0,0,3,0.41,2064.443,0.0,-2.26,0.0,0.0,Safe LTA EM1-DoubleWick PD-POC 
43,2023.12.27 15:17:27,1703690247843,XAUUSD,42,1,1,5,0.41,2073.858,386.02,0.0,0.0,0.0,tp 2073.833
44,2023.12.28 08:45:00,1703753100001,XAUUSD,44,0,0,3,0.8,2078.021,0.0,-4.4,0.0,0.0,Safe LTA EM1-DoubleWick PD-VAH 
45,2023.12.28 09:06:30,1703754390215,XAUUSD,44,1,1,4,0.8,2076.351,-133.6,0.0,0.0,0.0,sl 2076.364
46,2023.12.28 10:00:00,1703757600001,XAUUSD,46,0,0,3,0.41,2077.091,0.0,-2.26,0.0,0.0,Safe LTA EM1-DoubleWick PD-VAH 
47,2023.12.28 12:02:29,1703764949423,XAUUSD,46,1,1,4,0.41,2073.829,-133.74,0.0,0.0,0.0,sl 2073.850
48,2023.12.29 01:00:00,1703811600001,XAUUSD,48,0,0,3,0.23,2067.048,0.0,-1.27,0.0,0.0,Safe LTA EM1-DoubleWick Demand(
49,2023.12.29 13:54:39,1703858079411,XAUUSD,48,1,1,4,0.23,2061.336,-131.37,0.0,0.0,0.0,sl 2061.349
50,2024.03.06 07:30:00,1709710200001,XAUUSD,50,0,0,3,0.48,2129.556,0.0,-2.64,0.0,0.0,Safe LTA EM1-DoubleWick PD-POC 
51,2024.03.06 08:01:36,1709712096857,XAUUSD,50,1,1,4,0.48,2126.841,-130.32,0.0,0.0,0.0,sl 2126.864
52,2024.03.06 14:00:00,1709733600001,XAUUSD,52,0,0,3,0.15,2139.579,0.0,-0.83,0.0,0.0,Safe LTA EM1-DoubleWick PD-VAH 
53,2024.03.08 08:28:41,1709886521481,XAUUSD,52,1,1,5,0.15,2165.022,381.64,0.0,-32.09,0.0,tp 2164.986
54,2024.03.08 13:45:00,1709905500001,XAUUSD,54,0,0,3,0.06,2180.876,0.0,-0.33,0.0,0.0,Safe LTA EM1-DoubleWick PD-VAH 
55,2024.03.12 14:05:38,1710252338918,XAUUSD,54,1,1,4,0.06,2155.895,-149.89,0.0,-6.42,0.0,sl 2155.916
56,2024.03.14 09:45:00,1710409500001,XAUUSD,56,0,0,3,0.33,2171.656,0.0,-1.8199999999999998,0.0,0.0,Safe LTA EM1-DoubleWick PD-VAH 
57,2024.03.14 11:47:27,1710416847428,XAUUSD,56,1,1,4,0.33,2167.724,-129.76,0.0,0.0,0.0,sl 2167.750
58,2024.03.14 14:00:00,1710424800001,XAUUSD,58,0,0,3,0.3,2162.551,0.0,-1.65,0.0,0.0,Safe LTA EM1-DoubleWick PW-POC 
59,2024.03.14 14:22:39,1710426159529,XAUUSD,58,1,1,4,0.3,2158.157,-131.82,0.0,0.0,0.0,sl 2158.172
60,2024.03.19 09:00:00,1710838800001,XAUUSD,60,0,0,3,0.25,2153.169,0.0,-1.38,0.0,0.0,Safe LTA EM1-DoubleWick PD-VAL 
61,2024.03.19 11:46:14,1710848774516,XAUUSD,60,1,1,5,0.25,2156.551,84.55,0.0,0.0,0.0,tp 2156.541
62,2024.03.19 12:45:00,1710852300001,XAUUSD,62,0,0,3,0.17,2158.002,0.0,-0.94,0.0,0.0,Safe LTA EM1-DoubleWick PW-VAL 
63,2024.03.19 13:47:38,1710856058800,XAUUSD,62,1,1,4,0.17,2150.461,-128.19,0.0,0.0,0.0,sl 2150.464
64,2024.03.19 14:30:00,1710858600001,XAUUSD,64,0,0,3,0.26,2152.964,0.0,-1.43,0.0,0.0,Safe LTA EM1-DoubleWick PD-VAL 
65,2024.03.19 17:01:41,1710867701290,XAUUSD,64,1,1,5,0.26,2156.544,93.08,0.0,0.0,0.0,tp 2156.541
66,2024.03.22 00:15:00,1711066500001,XAUUSD,66,0,0,3,0.64,2182.702,0.0,-3.52,0.0,0.0,Safe LTA EM1-DoubleWick PD-VAL 
67,2024.03.22 01:36:38,1711071398360,XAUUSD,66,1,1,4,0.64,2180.722,-126.72,0.0,0.0,0.0,sl 2180.728
68,2024.03.22 07:45:00,1711093500001,XAUUSD,68,0,0,3,0.07,2167.383,0.0,-0.39,0.0,0.0,Safe LTA EM1-DoubleWick Demand(
69,2024.03.22 13:47:03,1711115223956,XAUUSD,68,1,1,5,0.07,2177.027,67.51,0.0,0.0,0.0,tp 2177.008
70,2024.03.26 02:00:00,1711418400001,XAUUSD,70,0,0,3,0.56,2169.633,0.0,-3.08,0.0,0.0,Safe LTA EM1-DoubleWick PD-VAL 
71,2024.03.26 09:10:03,1711444203000,XAUUSD,70,1,1,5,0.56,2180.409,603.45,0.0,0.0,0.0,tp 2180.401
72,2024.03.26 09:15:00,1711444500001,XAUUSD,72,0,0,3,0.19,2183.885,0.0,-1.05,0.0,0.0,Safe LTA EM1-DoubleWick PW-VAH 
73,2024.03.26 15:13:04,1711465984634,XAUUSD,72,1,1,4,0.19,2176.584,-138.72,0.0,0.0,0.0,sl 2176.588
74,2024.03.27 01:00:00,1711501200001,XAUUSD,74,0,0,3,1.1,2177.632,0.0,-6.05,0.0,0.0,Safe LTA EM1-DoubleWick PD-POC 
75,2024.03.27 01:39:37,1711503577500,XAUUSD,74,1,1,4,1.1,2176.433,-131.89,0.0,0.0,0.0,sl 2176.447
76,2024.03.27 02:15:00,1711505700001,XAUUSD,76,0,0,3,0.4,2176.671,0.0,-2.2,0.0,0.0,Safe LTA EM1-DoubleWick PD-POC 
77,2024.03.27 03:14:38,1711509278095,XAUUSD,76,1,1,5,0.4,2180.405,149.36,0.0,0.0,0.0,tp 2180.401
78,2024.03.27 03:15:00,1711509300001,XAUUSD,78,0,0,3,0.23,2180.331,0.0,-1.27,0.0,0.0,Safe LTA EM1-DoubleWick PW-VAH 
79,2024.03.27 03:15:01,1711509301209,XAUUSD,78,1,1,5,0.23,2180.408,1.77,0.0,0.0,0.0,tp 2180.401
80,2024.03.27 07:30:00,1711524600001,XAUUSD,80,0,0,3,0.4,2180.103,0.0,-2.2,0.0,0.0,Safe LTA EM1-DoubleWick PW-VAH 
81,2024.03.27 07:53:25,1711526005263,XAUUSD,80,1,1,5,0.4,2180.416,12.52,0.0,0.0,0.0,tp 2180.401
82,2024.03.27 08:00:00,1711526400001,XAUUSD,82,0,0,3,0.56,2180.689,0.0,-3.08,0.0,0.0,Safe LTA EM1-DoubleWick PW-VAH 
83,2024.03.27 08:36:36,1711528596144,XAUUSD,82,1,1,4,0.56,2178.351,-130.92,0.0,0.0,0.0,sl 2178.360
84,2024.03.27 09:00:00,1711530000001,XAUUSD,84,0,0,3,1.03,2177.477,0.0,-5.67,0.0,0.0,Safe LTA EM1-DoubleWick PD-POC 
85,2024.03.27 09:13:04,1711530784329,XAUUSD,84,1,1,5,1.03,2180.416,302.72,0.0,0.0,0.0,tp 2180.401
86,2024.03.27 09:15:00,1711530900001,XAUUSD,86,0,0,3,0.28,2181.029,0.0,-1.54,0.0,0.0,Safe LTA EM1-DoubleWick PW-VAH 
87,2024.03.27 11:01:27,1711537287870,XAUUSD,86,1,1,5,0.28,2195.526,405.92,0.0,0.0,0.0,tp 2195.507
88,2024.03.27 12:30:00,1711542600001,XAUUSD,88,0,0,3,0.38,2187.442,0.0,-2.09,0.0,0.0,Safe LTA EM1-DoubleWick PD-VAH 
89,2024.03.27 13:03:37,1711544617241,XAUUSD,88,1,1,4,0.38,2183.813,-137.91,0.0,0.0,0.0,sl 2183.813
90,2024.03.27 13:15:00,1711545300001,XAUUSD,90,0,0,3,0.42,2186.217,0.0,-2.31,0.0,0.0,Safe LTA EM1-DoubleWick PD-VAH 
91,2024.03.28 02:32:13,1711593133980,XAUUSD,90,1,1,5,0.42,2195.896,406.52,0.0,-67.4,0.0,tp 2195.856
92,2024.03.28 07:00:00,1711609200001,XAUUSD,92,0,0,3,0.42,2198.859,0.0,-2.31,0.0,0.0,Safe LTA EM1-DoubleWick PD-VAH 
93,2024.03.28 07:12:27,1711609947631,XAUUSD,92,1,1,4,0.42,2195.544,-139.23,0.0,0.0,0.0,sl 2195.550
94,2024.03.28 08:30:00,1711614600001,XAUUSD,94,0,0,3,0.38,2194.221,0.0,-2.09,0.0,0.0,Safe LTA EM1-DoubleWick PD-POC 
95,2024.03.28 10:22:26,1711621346620,XAUUSD,94,1,1,5,0.38,2205.205,417.39,0.0,0.0,0.0,tp 2205.171
96,2024.03.28 10:30:00,1711621800001,XAUUSD,96,0,0,3,0.19,2204.55,0.0,-1.05,0.0,0.0,Safe LTA EM1-DoubleWick PD-VAH 
97,2024.03.28 20:49:19,1711658959818,XAUUSD,96,1,1,5,0.19,2228.004,445.63,0.0,0.0,0.0,tp 2227.956
98,2024.04.01 00:00:00,1711929600001,XAUUSD,98,0,0,3,0.22,2246.2,0.0,-1.21,0.0,0.0,Safe LTA EM1-DoubleWick PD-VAH 
99,2024.04.01 13:50:42,1711979442229,XAUUSD,98,1,1,4,0.22,2239.476,-147.93,0.0,0.0,0.0,sl 2239.488
100,2024.04.01 15:00:00,1711983600001,XAUUSD,100,0,0,3,0.18,2236.062,0.0,-0.99,0.0,0.0,Safe LTA EM1-DoubleWick PD-VAL 
101,2024.04.02 08:06:40,1712045200340,XAUUSD,100,1,1,5,0.18,2260.864,446.43,0.0,-9.63,0.0,tp 2260.854
102,2024.04.02 08:45:00,1712047500001,XAUUSD,102,0,0,3,0.61,2262.016,0.0,-3.36,0.0,0.0,Safe LTA EM1-DoubleWick PD-VAH 
103,2024.04.02 10:02:30,1712052150000,XAUUSD,102,1,1,4,0.61,2259.506,-153.11,0.0,0.0,0.0,sl 2259.555
104,2024.04.02 13:45:00,1712065500001,XAUUSD,104,0,0,3,0.24,2262.138,0.0,-1.32,0.0,0.0,Safe LTA EM1-DoubleWick PD-VAH 
105,2024.04.02 15:04:41,1712070281386,XAUUSD,104,1,1,4,0.24,2255.927,-149.06,0.0,0.0,0.0,sl 2255.927
106,2024.04.02 15:45:00,1712072700001,XAUUSD,106,0,0,3,0.21,2257.154,0.0,-1.16,0.0,0.0,Safe LTA EM1-DoubleWick PD-POC 
107,2024.04.02 19:54:02,1712087642741,XAUUSD,106,1,1,5,0.21,2278.632,451.04,0.0,0.0,0.0,tp 2278.589
108,2024.04.03 08:45:00,1712133900001,XAUUSD,108,0,0,3,0.24,2273.72,0.0,-1.32,0.0,0.0,Safe LTA EM1-DoubleWick PD-VAH 
109,2024.04.03 12:23:29,1712147009918,XAUUSD,108,1,1,4,0.24,2267.245,-155.4,0.0,0.0,0.0,sl 2267.248
110,2024.04.03 12:45:00,1712148300001,XAUUSD,110,0,0,3,0.2,2272.471,0.0,-1.1,0.0,0.0,Safe LTA EM1-DoubleWick PD-VAH 
111,2024.04.03 16:33:39,1712162019333,XAUUSD,110,1,1,5,0.2,2294.941,449.4,0.0,0.0,0.0,tp 2294.932
112,2024.04.04 13:30:00,1712237400001,XAUUSD,112,0,0,3,0.29,2290.152,0.0,-1.6,0.0,0.0,Safe LTA EM1-DoubleWick PD-VAH 
113,2024.04.04 19:39:42,1712259582432,XAUUSD,112,1,1,4,0.29,2284.757,-156.46,0.0,0.0,0.0,sl 2284.759
114,2024.04.08 01:15:00,1712538900001,XAUUSD,114,0,0,3,0.33,2306.985,0.0,-1.8199999999999998,0.0,0.0,Safe LTA EM1-DoubleWick PW-VAH 
115,2024.04.08 01:53:39,1712541219818,XAUUSD,114,1,1,5,0.33,2321.123,466.55,0.0,0.0,0.0,tp 2321.118
116,2024.04.09 00:15:00,1712621700001,XAUUSD,116,0,0,3,0.39,2341.566,0.0,-2.15,0.0,0.0,Safe LTA EM1-DoubleWick PD-POC 
117,2024.04.09 07:14:44,1712646884305,XAUUSD,116,1,1,5,0.39,2353.737,474.67,0.0,0.0,0.0,tp 2353.734
118,2024.04.10 02:00:00,1712714400001,XAUUSD,118,0,0,3,0.39,2349.536,0.0,-2.15,0.0,0.0,Safe LTA EM1-DoubleWick PD-POC 
119,2024.04.10 09:36:38,1712741798150,XAUUSD,118,1,1,4,0.39,2345.34,-163.64,0.0,0.0,0.0,sl 2345.351
120,2024.04.10 10:15:00,1712744100001,XAUUSD,120,0,0,3,0.55,2347.849,0.0,-3.03,0.0,0.0,Safe LTA EM1-DoubleWick PD-POC 
121,2024.04.10 11:17:39,1712747859487,XAUUSD,120,1,1,4,0.55,2344.919,-161.15,0.0,0.0,0.0,sl 2344.930
122,2024.04.15 01:30:00,1713144600001,XAUUSD,122,0,0,3,0.18,2356.224,0.0,-0.99,0.0,0.0,Safe LTA EM1-DoubleWick PD-VAL 
123,2024.04.15 02:14:03,1713147243294,XAUUSD,122,1,1,5,0.18,2363.213,125.8,0.0,0.0,0.0,tp 2363.211
124,2024.04.15 02:15:00,1713147300001,XAUUSD,124,0,0,3,0.15,2362.981,0.0,-0.83,0.0,0.0,Safe LTA EM1-DoubleWick PW-VAH 
125,2024.04.15 02:15:04,1713147304472,XAUUSD,124,1,1,5,0.15,2363.211,3.45,0.0,0.0,0.0,tp 2363.211
126,2024.04.16 08:15:00,1713255300001,XAUUSD,126,0,0,3,0.28,2368.246,0.0,-1.54,0.0,0.0,Safe LTA EM1-DoubleWick PW-VAH 
127,2024.04.16 15:02:12,1713279732278,XAUUSD,126,1,1,5,0.28,2385.6,485.91,0.0,0.0,0.0,tp 2385.598
128,2024.04.17 01:00:00,1713315600001,XAUUSD,128,0,0,3,0.4,2384.572,0.0,-2.2,0.0,0.0,Safe LTA EM1-DoubleWick PD-POC 
129,2024.04.17 04:35:36,1713328536986,XAUUSD,128,1,1,4,0.4,2380.397,-167.0,0.0,0.0,0.0,sl 2380.407
130,2024.04.17 06:30:00,1713335400001,XAUUSD,130,0,0,3,0.38,2376.659,0.0,-2.09,0.0,0.0,Safe LTA EM1-DoubleWick PD-VAL 
131,2024.04.17 08:33:29,1713342809638,XAUUSD,130,1,1,5,0.38,2389.534,489.25,0.0,0.0,0.0,tp 2389.502
132,2024.04.17 08:45:00,1713343500001,XAUUSD,132,0,0,3,0.24,2390.053,0.0,-1.32,0.0,0.0,Safe LTA EM1-DoubleWick PD-POC 
133,2024.04.17 12:30:39,1713357039929,XAUUSD,132,1,1,4,0.24,2382.884,-172.05,0.0,0.0,0.0,sl 2382.898
134,2024.04.17 13:15:00,1713359700001,XAUUSD,134,0,0,3,0.2,2387.393,0.0,-1.1,0.0,0.0,Safe LTA EM1-DoubleWick PD-POC 
135,2024.04.17 16:27:04,1713371224510,XAUUSD,134,1,1,4,0.2,2379.039,-167.08,0.0,0.0,0.0,sl 2379.041
136,2024.04.19 00:45:00,1713487500001,XAUUSD,136,0,0,3,0.49,2376.881,0.0,-2.7,0.0,0.0,Safe LTA EM1-DoubleWick PD-VAL 
137,2024.04.19 01:08:26,1713488906832,XAUUSD,136,1,1,5,0.49,2386.919,491.86,0.0,0.0,0.0,tp 2386.919
138,2024.04.19 11:30:00,1713526200001,XAUUSD,138,0,0,3,0.64,2374.957,0.0,-3.52,0.0,0.0,Safe LTA EM1-DoubleWick PD-VAL 
139,2024.04.19 12:31:05,1713529865163,XAUUSD,138,1,1,5,0.64,2382.852,505.28,0.0,0.0,0.0,tp 2382.847
140,2024.04.19 12:45:00,1713530700001,XAUUSD,140,0,0,3,0.33,2382.722,0.0,-1.8199999999999998,0.0,0.0,Safe LTA EM1-DoubleWick PD-POC 
141,2024.04.19 13:14:26,1713532466324,XAUUSD,140,1,1,4,0.33,2377.356,-177.08,0.0,0.0,0.0,sl 2377.361
142,2024.04.19 13:30:00,1713533400001,XAUUSD,142,0,0,3,0.19,2382.039,0.0,-1.05,0.0,0.0,Safe LTA EM1-DoubleWick PD-POC 
143,2024.04.22 03:00:02,1713754802142,XAUUSD,142,1,1,4,0.19,2372.529,-180.69,0.0,-10.16,0.0,sl 2372.547
144,2024.04.22 04:15:00,1713759300001,XAUUSD,144,0,0,3,0.23,2371.566,0.0,-1.27,0.0,0.0,Safe LTA EM4-Continuation PW-VA
145,2024.04.22 05:37:40,1713764260540,XAUUSD,144,1,1,4,0.23,2364.047,-172.94,0.0,0.0,0.0,sl 2364.049
146,2024.04.24 13:00:00,1713963600001,XAUUSD,146,0,0,3,0.18,2323.287,0.0,-0.99,0.0,0.0,Safe LTA EM1-DoubleWick PD-POC 
147,2024.04.24 20:46:33,1713991593506,XAUUSD,146,1,1,4,0.18,2313.872,-169.47,0.0,0.0,0.0,sl 2313.896
148,2024.04.25 00:00:00,1714003200001,XAUUSD,148,0,0,3,1.38,2316.386,0.0,-7.59,0.0,0.0,Safe LTA EM1-DoubleWick PD-VAL 
149,2024.04.25 03:10:30,1714014630368,XAUUSD,148,1,1,4,1.38,2315.149,-170.71,0.0,0.0,0.0,sl 2315.179
150,2024.04.25 07:00:00,1714028400001,XAUUSD,150,0,0,3,0.31,2322.768,0.0,-1.71,0.0,0.0,Safe LTA EM1-DoubleWick PD-POC 
151,2024.04.25 13:15:29,1714050929063,XAUUSD,150,1,1,4,0.31,2317.446,-164.98,0.0,0.0,0.0,sl 2317.462
152,2024.04.26 02:00:00,1714096800001,XAUUSD,152,0,0,3,0.48,2332.233,0.0,-2.64,0.0,0.0,Safe LTA EM1-DoubleWick PD-POC 
153,2024.04.26 14:54:42,1714143282432,XAUUSD,152,1,1,4,0.48,2328.839,-162.91,0.0,0.0,0.0,sl 2328.851
154,2024.04.26 15:15:00,1714144500001,XAUUSD,154,0,0,3,0.26,2334.231,0.0,-1.43,0.0,0.0,Safe LTA EM1-DoubleWick PD-VAH 
155,2024.04.29 01:00:24,1714352424123,XAUUSD,154,1,1,4,0.26,2328.028,-161.28,0.0,-13.91,0.0,sl 2328.045
156,2024.04.29 02:00:00,1714356000001,XAUUSD,156,0,0,3,0.14,2331.139,0.0,-0.77,0.0,0.0,Safe LTA EM1-DoubleWick PW-POC 
157,2024.04.29 04:19:21,1714364361176,XAUUSD,156,1,1,5,0.14,2331.638,6.98,0.0,0.0,0.0,tp 2331.636
158,2024.04.29 04:30:00,1714365000001,XAUUSD,158,0,0,3,0.34,2331.645,0.0,-1.87,0.0,0.0,Safe LTA EM1-DoubleWick PW-POC 
159,2024.04.29 13:42:27,1714398147262,XAUUSD,158,1,1,4,0.34,2326.858,-162.76,0.0,0.0,0.0,sl 2326.864
160,2024.05.02 06:15:00,1714630500001,XAUUSD,160,0,0,3,0.39,2316.439,0.0,-2.15,0.0,0.0,Safe LTA EM1-DoubleWick PW-VAL 
161,2024.05.02 07:08:44,1714633724132,XAUUSD,160,1,1,4,0.39,2312.324,-160.48,0.0,0.0,0.0,sl 2312.336
162,2024.05.02 13:30:00,1714656600001,XAUUSD,162,0,0,3,0.32,2290.458,0.0,-1.76,0.0,0.0,Safe LTA EM1-DoubleWick PD-POC 
163,2024.05.02 13:52:42,1714657962402,XAUUSD,162,1,1,4,0.32,2285.46,-159.94,0.0,0.0,0.0,sl 2285.471
164,2024.05.03 01:00:00,1714698000001,XAUUSD,164,0,0,3,0.49,2304.062,0.0,-2.7,0.0,0.0,Safe LTA EM1-DoubleWick PD-POC 
165,2024.05.03 02:10:17,1714702217647,XAUUSD,164,1,1,4,0.49,2300.863,-156.75,0.0,0.0,0.0,sl 2300.871
166,2024.05.06 13:15:00,1715001300001,XAUUSD,166,0,0,3,0.41,2324.946,0.0,-2.26,0.0,0.0,Safe LTA EM1-DoubleWick PW-VAH 
167,2024.05.06 14:39:01,1715006341885,XAUUSD,166,1,1,4,0.41,2321.177,-154.53,0.0,0.0,0.0,sl 2321.179
168,2024.05.06 23:30:00,1715038200001,XAUUSD,168,0,0,3,0.49,2325.096,0.0,-2.7,0.0,0.0,Safe LTA EM1-DoubleWick PW-VAH 
169,2024.05.07 02:12:00,1715047920000,XAUUSD,168,1,1,4,0.49,2321.956,-153.86,0.0,-26.21,0.0,sl 2321.960
170,2024.05.07 03:15:00,1715051700001,XAUUSD,170,0,0,3,0.71,2322.884,0.0,-3.91,0.0,0.0,Safe LTA EM1-DoubleWick PW-VAH 
171,2024.05.07 05:36:35,1715060195454,XAUUSD,170,1,1,4,0.71,2320.743,-152.01,0.0,0.0,0.0,sl 2320.774
172,2024.05.13 00:15:00,1715559300001,XAUUSD,172,0,0,3,0.63,2361.918,0.0,-3.4699999999999998,0.0,0.0,Safe LTA EM1-DoubleWick PD-VAH 
173,2024.05.13 01:13:40,1715562820487,XAUUSD,172,1,1,4,0.63,2359.536,-150.06,0.0,0.0,0.0,sl 2359.549
174,2024.05.15 01:30:00,1715736600001,XAUUSD,174,0,0,3,0.72,2356.796,0.0,-3.96,0.0,0.0,Safe LTA EM1-DoubleWick PD-VAH 
175,2024.05.15 07:17:24,1715757444000,XAUUSD,174,1,1,5,0.72,2362.915,440.57,0.0,0.0,0.0,tp 2362.907
176,2024.05.15 14:15:00,1715782500001,XAUUSD,176,0,0,3,0.14,2362.139,0.0,-0.77,0.0,0.0,Safe LTA EM1-DoubleWick PD-VAH 
177,2024.05.16 01:00:29,1715821229100,XAUUSD,176,1,1,5,0.14,2395.52,467.33,0.0,-22.47,0.0,tp 2395.493
178,2024.05.16 13:15:00,1715865300001,XAUUSD,178,0,0,3,0.45,2379.828,0.0,-2.48,0.0,0.0,Safe LTA EM1-DoubleWick PD-VAH 
179,2024.05.16 13:17:37,1715865457407,XAUUSD,178,1,1,4,0.45,2376.36,-156.06,0.0,0.0,0.0,sl 2376.369
180,2024.05.17 02:30:00,1715913000001,XAUUSD,180,0,0,3,0.36,2381.05,0.0,-1.98,0.0,0.0,Safe LTA EM1-DoubleWick PD-POC 
181,2024.05.17 02:49:37,1715914177752,XAUUSD,180,1,1,4,0.36,2376.756,-154.58,0.0,0.0,0.0,sl 2376.776
182,2024.05.17 03:15:00,1715915700001,XAUUSD,182,0,0,3,0.61,2376.246,0.0,-3.36,0.0,0.0,Safe LTA EM1-DoubleWick PD-VAL 
183,2024.05.17 06:15:28,1715926528571,XAUUSD,182,1,1,5,0.61,2383.813,461.58,0.0,0.0,0.0,tp 2383.788
184,2024.05.20 01:00:00,1716166800001,XAUUSD,184,0,0,3,0.3,2425.482,0.0,-1.65,0.0,0.0,Safe LTA EM1-DoubleWick PD-VAH 
185,2024.05.20 05:30:21,1716183021347,XAUUSD,184,1,1,5,0.3,2441.17,470.64,0.0,0.0,0.0,tp 2441.169
186,2024.05.20 13:30:00,1716211800001,XAUUSD,186,0,0,3,0.25,2418.804,0.0,-1.38,0.0,0.0,Safe LTA EM1-DoubleWick PD-POC 
187,2024.05.20 13:34:42,1716212082269,XAUUSD,186,1,1,4,0.25,2412.355,-161.22,0.0,0.0,0.0,sl 2412.368
188,2024.05.20 14:00:00,1716213600001,XAUUSD,188,0,0,3,0.15,2420.355,0.0,-0.83,0.0,0.0,Safe LTA EM1-DoubleWick PD-VAH 
189,2024.05.21 03:24:39,1716261879841,XAUUSD,188,1,1,4,0.15,2409.484,-163.07,0.0,-8.02,0.0,sl 2409.504
190,2024.05.21 07:15:00,1716275700001,XAUUSD,190,0,0,3,0.18,2414.117,0.0,-0.99,0.0,0.0,Safe LTA EM1-DoubleWick Demand(
191,2024.05.22 11:57:38,1716379058456,XAUUSD,190,1,1,4,0.18,2405.303,-158.66,0.0,-9.63,0.0,sl 2405.327
192,2024.07.18 01:15:00,1721265300001,XAUUSD,192,0,0,3,0.3,2462.656,0.0,-1.65,0.0,0.0,Safe LTA EM1-DoubleWick PD-VAL 
193,2024.07.18 16:03:15,1721318595315,XAUUSD,192,1,1,4,0.3,2457.363,-158.79,0.0,0.0,0.0,sl 2457.376
194,2024.08.02 00:30:00,1722558600001,XAUUSD,194,0,0,3,0.26,2449.602,0.0,-1.43,0.0,0.0,Safe LTA EM1-DoubleWick PD-POC 
195,2024.08.02 01:13:28,1722561208208,XAUUSD,194,1,1,4,0.26,2443.637,-155.09,0.0,0.0,0.0,sl 2443.659
196,2024.08.02 01:30:00,1722562200001,XAUUSD,196,0,0,3,0.18,2443.221,0.0,-0.99,0.0,0.0,Safe LTA EM1-DoubleWick PD-VAL 
197,2024.08.02 12:30:38,1722601838635,XAUUSD,196,1,1,5,0.18,2469.509,473.18,0.0,0.0,0.0,tp 2469.504
198,2024.08.02 16:15:00,1722615300001,XAUUSD,198,0,0,3,0.07,2437.661,0.0,-0.39,0.0,0.0,Safe LTA EM1-DoubleWick Demand(
199,2024.08.05 10:56:21,1722855381554,XAUUSD,198,1,1,4,0.07,2412.872,-173.53,0.0,-3.74,0.0,sl 2412.876
200,2024.08.13 02:00:00,1723514400001,XAUUSD,200,0,0,3,0.38,2466.459,0.0,-2.09,0.0,0.0,Safe LTA EM1-DoubleWick PD-VAH 
201,2024.08.13 02:57:14,1723517834117,XAUUSD,200,1,1,4,0.38,2462.271,-159.14,0.0,0.0,0.0,sl 2462.271
202,2024.08.13 07:30:00,1723534200001,XAUUSD,202,0,0,3,0.36,2464.82,0.0,-1.98,0.0,0.0,Safe LTA EM4-Continuation PD-VA
203,2024.08.13 08:19:15,1723537155286,XAUUSD,202,1,1,4,0.36,2460.438,-157.75,0.0,0.0,0.0,sl 2460.446
204,2024.08.14 00:15:00,1723594500001,XAUUSD,204,0,0,3,0.45,2466.478,0.0,-2.48,0.0,0.0,Safe LTA EM1-DoubleWick PD-POC 
205,2024.08.14 02:03:02,1723600982583,XAUUSD,204,1,1,4,0.45,2463.049,-154.3,0.0,0.0,0.0,sl 2463.051
206,2024.08.14 03:15:00,1723605300001,XAUUSD,206,0,0,3,0.6,2460.91,0.0,-3.3,0.0,0.0,Safe LTA EM1-DoubleWick PD-VAL 
207,2024.08.14 07:12:26,1723619546796,XAUUSD,206,1,1,5,0.6,2468.566,459.36,0.0,0.0,0.0,tp 2468.566
208,2024.08.14 08:45:00,1723625100001,XAUUSD,208,0,0,3,0.17,2477.824,0.0,-0.94,0.0,0.0,Safe LTA EM4-Continuation PD-VA
209,2024.08.14 12:31:29,1723638689111,XAUUSD,208,1,1,4,0.17,2468.331,-161.38,0.0,0.0,0.0,sl 2468.356
210,2024.08.19 00:15:00,1724026500001,XAUUSD,210,0,0,3,0.69,2506.637,0.0,-3.8,0.0,0.0,Safe LTA EM1-DoubleWick PD-VAH 
211,2024.08.19 00:23:35,1724027015433,XAUUSD,210,1,1,4,0.69,2504.402,-154.21,0.0,0.0,0.0,sl 2504.404
212,2024.08.19 03:00:00,1724036400001,XAUUSD,212,0,0,3,0.23,2503.576,0.0,-1.27,0.0,0.0,Safe LTA EM1-DoubleWick PD-VAL 
213,2024.08.19 10:11:04,1724062264171,XAUUSD,212,1,1,4,0.23,2496.779,-156.33,0.0,0.0,0.0,sl 2496.826
214,2024.08.20 00:15:00,1724112900001,XAUUSD,214,0,0,3,0.96,2504.278,0.0,-5.28,0.0,0.0,Safe LTA EM1-DoubleWick PD-POC 
215,2024.08.20 01:13:29,1724116409079,XAUUSD,214,1,1,4,0.96,2502.688,-152.64,0.0,0.0,0.0,sl 2502.698
216,2024.08.20 01:45:00,1724118300001,XAUUSD,216,0,0,3,0.62,2505.029,0.0,-3.41,0.0,0.0,Safe LTA EM1-DoubleWick PD-POC 
217,2024.08.20 01:53:29,1724118809370,XAUUSD,216,1,1,4,0.62,2502.592,-151.1,0.0,0.0,0.0,sl 2502.607
218,2024.08.21 13:00:00,1724245200001,XAUUSD,218,0,0,3,0.38,2510.674,0.0,-2.09,0.0,0.0,Safe LTA EM1-DoubleWick PD-VAL 
219,2024.08.21 13:24:37,1724246677125,XAUUSD,218,1,1,4,0.38,2506.765,-148.54,0.0,0.0,0.0,sl 2506.774
220,2024.08.25 23:15:00,1724627700001,XAUUSD,220,0,0,3,0.35,2515.075,0.0,-1.9300000000000002,0.0,0.0,Safe LTA EM4-Continuation PD-PO
221,2024.08.26 01:41:27,1724636487977,XAUUSD,220,1,1,4,0.35,2510.836,-148.37,0.0,0.0,0.0,sl 2510.839
222,2024.08.26 02:00:00,1724637600001,XAUUSD,222,0,0,3,0.45,2513.513,0.0,-2.48,0.0,0.0,Safe LTA EM1-DoubleWick PD-VAL 
223,2024.08.26 03:38:38,1724643518048,XAUUSD,222,1,1,4,0.45,2510.252,-146.75,0.0,0.0,0.0,sl 2510.280
224,2024.08.27 01:30:00,1724722200001,XAUUSD,224,0,0,3,0.45,2512.597,0.0,-2.48,0.0,0.0,Safe LTA EM1-DoubleWick PD-VAL 
225,2024.08.27 01:48:30,1724723310989,XAUUSD,224,1,1,4,0.45,2509.352,-146.03,0.0,0.0,0.0,sl 2509.397
226,2024.08.27 05:45:00,1724737500001,XAUUSD,226,0,0,3,0.38,2511.893,0.0,-2.09,0.0,0.0,Safe LTA EM1-DoubleWick PD-VAL 
227,2024.08.27 06:29:39,1724740179322,XAUUSD,226,1,1,5,0.38,2517.454,211.32,0.0,0.0,0.0,tp 2517.436
228,2024.08.27 06:30:00,1724740200001,XAUUSD,228,0,0,3,0.33,2517.161,0.0,-1.8199999999999998,0.0,0.0,Safe LTA EM1-DoubleWick PW-VAH 
229,2024.08.27 07:10:04,1724742604122,XAUUSD,228,1,1,5,0.33,2517.44,9.21,0.0,0.0,0.0,tp 2517.436
230,2024.08.27 08:30:00,1724747400001,XAUUSD,230,0,0,3,0.18,2511.309,0.0,-0.99,0.0,0.0,Safe LTA EM4-Continuation PW-PO
231,2024.08.27 14:13:42,1724768022096,XAUUSD,230,1,1,5,0.18,2517.447,110.49,0.0,0.0,0.0,tp 2517.436
232,2024.09.11 13:00:00,1726059600001,XAUUSD,232,0,0,3,0.23,2508.244,0.0,-1.27,0.0,0.0,Safe LTA EM1-DoubleWick PD-POC 
233,2024.09.11 14:05:36,1726063536749,XAUUSD,232,1,1,4,0.23,2501.716,-150.14,0.0,0.0,0.0,sl 2501.718
234,2024.09.11 14:30:00,1726065000001,XAUUSD,234,0,0,3,0.22,2506.939,0.0,-1.21,0.0,0.0,Safe LTA EM1-DoubleWick PD-POC 
235,2024.09.11 15:13:43,1726067623000,XAUUSD,234,1,1,5,0.22,2514.006,155.47,0.0,0.0,0.0,tp 2513.998
236,2024.09.12 01:15:00,1726103700001,XAUUSD,236,0,0,3,0.52,2513.979,0.0,-2.86,0.0,0.0,Safe LTA EM1-DoubleWick PW-VAH 
237,2024.09.12 01:16:27,1726103787079,XAUUSD,236,1,1,5,0.52,2514.011,1.6600000000000001,0.0,0.0,0.0,tp 2513.998
238,2024.09.12 01:30:00,1726104600001,XAUUSD,238,0,0,3,0.48,2514.61,0.0,-2.64,0.0,0.0,Safe LTA EM1-DoubleWick PW-VAH 
239,2024.09.12 02:48:15,1726109295867,XAUUSD,238,1,1,4,0.48,2511.57,-145.92,0.0,0.0,0.0,sl 2511.574
240,2024.09.12 06:00:00,1726120800001,XAUUSD,240,0,0,3,0.69,2519.551,0.0,-3.8,0.0,0.0,Safe LTA EM1-DoubleWick PD-POC 
241,2024.09.12 06:37:37,1726123057702,XAUUSD,240,1,1,4,0.69,2517.451,-144.9,0.0,0.0,0.0,sl 2517.453
242,2024.09.15 23:45:00,1726443900001,XAUUSD,242,0,0,3,0.63,2580.29,0.0,-3.4699999999999998,0.0,0.0,Safe LTA EM1-DoubleWick PD-VAH 
243,2024.09.16 03:06:18,1726455978318,XAUUSD,242,1,1,5,0.63,2587.054,426.13,0.0,0.0,0.0,tp 2587.043
244,2024.09.16 07:45:00,1726472700001,XAUUSD,244,0,0,3,0.34,2583.505,0.0,-1.87,0.0,0.0,Safe LTA EM1-DoubleWick PD-VAH 
245,2024.09.16 10:41:01,1726483261250,XAUUSD,244,1,1,4,0.34,2579.147,-148.17,0.0,0.0,0.0,sl 2579.181
246,2024.09.16 11:00:00,1726484400001,XAUUSD,246,0,0,3,0.3,2579.934,0.0,-1.65,0.0,0.0,Safe LTA EM1-DoubleWick PD-VAH 
247,2024.09.17 04:39:40,1726547980677,XAUUSD,246,1,1,4,0.3,2574.954,-149.4,0.0,-16.05,0.0,sl 2574.971
248,2024.09.17 06:45:00,1726555500001,XAUUSD,248,0,0,3,0.36,2585.81,0.0,-1.98,0.0,0.0,Safe LTA EM1-DoubleWick PD-VAH 
249,2024.09.17 08:27:11,1726561631404,XAUUSD,248,1,1,4,0.36,2581.737,-146.63,0.0,0.0,0.0,sl 2581.752
250,2024.09.20 02:00:00,1726797600001,XAUUSD,250,0,0,3,0.42,2588.381,0.0,-2.31,0.0,0.0,Safe LTA EM1-DoubleWick PD-POC 
251,2024.09.20 06:24:15,1726813455126,XAUUSD,250,1,1,5,0.42,2598.678,432.48,0.0,0.0,0.0,tp 2598.647
252,2024.09.23 01:45:00,1727055900001,XAUUSD,252,0,0,3,0.34,2621.187,0.0,-1.87,0.0,0.0,Safe LTA EM1-DoubleWick PD-VAH 
253,2024.09.23 07:35:03,1727076903474,XAUUSD,252,1,1,4,0.34,2616.871,-146.75,0.0,0.0,0.0,sl 2616.873
254,2024.09.23 12:45:00,1727095500001,XAUUSD,254,0,0,3,0.33,2624.099,0.0,-1.8199999999999998,0.0,0.0,Safe LTA EM1-DoubleWick PD-VAH 
255,2024.09.24 04:55:27,1727153727022,XAUUSD,254,1,1,5,0.33,2637.419,439.56,0.0,-17.65,0.0,tp 2637.410
256,2024.09.24 07:00:00,1727161200001,XAUUSD,256,0,0,3,0.31,2628.878,0.0,-1.71,0.0,0.0,Safe LTA EM1-DoubleWick PD-POC 
257,2024.09.24 07:39:29,1727163569694,XAUUSD,256,1,1,4,0.31,2624.084,-148.62,0.0,0.0,0.0,sl 2624.096
258,2024.09.24 08:00:00,1727164800001,XAUUSD,258,0,0,3,0.21,2629.141,0.0,-1.16,0.0,0.0,Safe LTA EM1-DoubleWick PD-POC 
259,2024.09.24 16:14:27,1727194467794,XAUUSD,258,1,1,5,0.21,2650.336,445.1,0.0,0.0,0.0,tp 2650.321
260,2024.09.26 01:15:00,1727313300001,XAUUSD,260,0,0,3,0.46,2660.738,0.0,-2.5300000000000002,0.0,0.0,Safe LTA EM4-Continuation PD-PO
261,2024.09.26 02:49:29,1727318969508,XAUUSD,260,1,1,4,0.46,2657.392,-153.92,0.0,0.0,0.0,sl 2657.396
262,2024.09.26 03:15:00,1727320500001,XAUUSD,262,0,0,3,0.5,2659.743,0.0,-2.75,0.0,0.0,Safe LTA EM1-DoubleWick PD-POC 
263,2024.09.26 08:21:26,1727338886849,XAUUSD,262,1,1,5,0.5,2668.778,451.75,0.0,0.0,0.0,tp 2668.755
264,2024.09.26 13:30:00,1727357400001,XAUUSD,264,0,0,3,0.12,2667.96,0.0,-0.66,0.0,0.0,Safe LTA EM1-DoubleWick Demand(
265,2024.09.27 14:49:29,1727448569298,XAUUSD,264,1,1,4,0.12,2654.478,-161.78,0.0,-6.42,0.0,sl 2654.482
266,2024.10.02 01:30:00,1727832600001,XAUUSD,266,0,0,3,0.37,2659.317,0.0,-2.04,0.0,0.0,Safe LTA EM1-DoubleWick Demand(
267,2024.10.02 01:48:29,1727833709256,XAUUSD,266,1,1,5,0.37,2660.415,40.63,0.0,0.0,0.0,tp 2660.389
268,2024.10.02 02:00:00,1727834400001,XAUUSD,268,0,0,3,0.28,2660.747,0.0,-1.54,0.0,0.0,Safe LTA EM1-DoubleWick Demand(
269,2024.10.02 03:56:15,1727841375428,XAUUSD,268,1,1,4,0.28,2655.103,-158.04,0.0,0.0,0.0,sl 2655.106
270,2024.10.02 05:15:00,1727846100001,XAUUSD,270,0,0,3,1.0,2655.033,0.0,-5.5,0.0,0.0,Safe LTA EM1-DoubleWick Demand(
271,2024.10.02 05:27:36,1727846856666,XAUUSD,270,1,1,4,1.0,2653.491,-154.2,0.0,0.0,0.0,sl 2653.511
272,2024.10.03 00:00:00,1727913600001,XAUUSD,272,0,0,3,0.29,2660.435,0.0,-1.6,0.0,0.0,Safe LTA EM1-DoubleWick Demand(
273,2024.10.03 01:37:35,1727919455492,XAUUSD,272,1,1,4,0.29,2655.144,-153.44,0.0,0.0,0.0,sl 2655.157
274,2024.10.03 02:00:00,1727920800001,XAUUSD,274,0,0,3,0.42,2658.348,0.0,-2.31,0.0,0.0,Safe LTA EM1-DoubleWick Demand(
275,2024.10.03 03:13:36,1727925216923,XAUUSD,274,1,1,4,0.42,2654.808,-148.68,0.0,0.0,0.0,sl 2654.813
276,2024.10.04 07:15:00,1728026100001,XAUUSD,276,0,0,3,0.27,2660.567,0.0,-1.49,0.0,0.0,Safe LTA EM1-DoubleWick Demand(
277,2024.10.04 12:30:18,1728045018719,XAUUSD,276,1,1,4,0.27,2654.953,-151.58,0.0,0.0,0.0,sl 2655.053
278,2024.10.04 14:30:00,1728052200001,XAUUSD,278,0,0,3,0.31,2650.512,0.0,-1.71,0.0,0.0,Safe LTA EM1-DoubleWick PD-POC 
279,2024.10.04 14:55:38,1728053738504,XAUUSD,278,1,1,5,0.31,2660.392,306.28,0.0,0.0,0.0,tp 2660.389
280,2024.10.04 15:00:00,1728054000001,XAUUSD,280,0,0,3,0.14,2658.474,0.0,-0.77,0.0,0.0,Safe LTA EM1-DoubleWick Demand(
281,2024.10.04 15:01:13,1728054073882,XAUUSD,280,1,1,5,0.14,2660.391,26.83,0.0,0.0,0.0,tp 2660.389
282,2024.10.04 15:15:00,1728054900001,XAUUSD,282,0,0,3,0.11,2666.756,0.0,-0.61,0.0,0.0,Safe LTA EM1-DoubleWick Demand(
283,2024.10.04 15:40:40,1728056440056,XAUUSD,282,1,1,4,0.11,2652.177,-160.37,0.0,0.0,0.0,sl 2652.190
284,2024.10.04 16:00:00,1728057600001,XAUUSD,284,0,0,3,0.23,2653.363,0.0,-1.27,0.0,0.0,Safe LTA EM1-DoubleWick Demand(
285,2024.10.04 16:33:20,1728059600533,XAUUSD,284,1,1,4,0.23,2646.68,-153.71,0.0,0.0,0.0,sl 2646.701
286,2024.10.07 01:00:00,1728262800001,XAUUSD,286,0,0,3,0.77,2649.435,0.0,-4.24,0.0,0.0,Safe LTA EM1-DoubleWick PW-POC 
287,2024.10.07 01:46:26,1728265586132,XAUUSD,286,1,1,4,0.77,2647.528,-146.84,0.0,0.0,0.0,sl 2647.541
288,2024.10.15 00:30:00,1728952200001,XAUUSD,288,0,0,3,0.86,2649.469,0.0,-4.73,0.0,0.0,Safe LTA EM1-DoubleWick PD-POC 
289,2024.10.15 01:00:15,1728954015398,XAUUSD,288,1,1,4,0.86,2647.79,-144.39,0.0,0.0,0.0,sl 2647.790
290,2024.10.15 01:30:00,1728955800001,XAUUSD,290,0,0,3,0.46,2650.218,0.0,-2.5300000000000002,0.0,0.0,Safe LTA EM1-DoubleWick PD-POC 
291,2024.10.15 03:18:33,1728962313417,XAUUSD,290,1,1,4,0.46,2647.089,-143.94,0.0,0.0,0.0,sl 2647.103
292,2024.10.16 01:00:00,1729040400001,XAUUSD,292,0,0,3,0.28,2660.303,0.0,-1.54,0.0,0.0,Safe LTA EM1-DoubleWick Demand(
293,2024.10.16 01:00:20,1729040420833,XAUUSD,292,1,1,5,0.28,2660.566,7.37,0.0,0.0,0.0,tp 2660.561
294,2024.10.16 01:15:00,1729041300001,XAUUSD,294,0,0,3,0.16,2663.943,0.0,-0.88,0.0,0.0,Safe LTA EM1-DoubleWick Demand(
295,2024.10.17 14:00:39,1729173639819,XAUUSD,294,1,1,5,0.16,2690.405,423.39,0.0,-25.68,0.0,tp 2690.400
296,2024.10.21 00:30:00,1729470600001,XAUUSD,296,0,0,3,0.92,2723.164,0.0,-5.06,0.0,0.0,Safe LTA EM1-DoubleWick PD-POC 
297,2024.10.21 00:55:38,1729472138601,XAUUSD,296,1,1,4,0.92,2721.58,-145.73,0.0,0.0,0.0,sl 2721.590
298,2024.10.21 01:15:00,1729473300001,XAUUSD,298,0,0,3,0.19,2728.335,0.0,-1.05,0.0,0.0,Safe LTA EM4-Continuation PD-VA
299,2024.10.21 15:08:28,1729523308201,XAUUSD,298,1,1,4,0.19,2720.751,-144.1,0.0,0.0,0.0,sl 2720.756
300,2024.10.22 01:30:00,1729560600001,XAUUSD,300,0,0,3,0.3,2728.478,0.0,-1.65,0.0,0.0,Safe LTA EM1-DoubleWick PD-POC 
301,2024.10.22 14:54:12,1729608852687,XAUUSD,300,1,1,5,0.3,2742.688,426.3,0.0,0.0,0.0,tp 2742.683
302,2024.10.23 03:45:00,1729655100001,XAUUSD,302,0,0,3,0.27,2743.929,0.0,-1.49,0.0,0.0,Safe LTA EM1-DoubleWick PD-VAH 
303,2024.10.23 13:13:41,1729689221656,XAUUSD,302,1,1,4,0.27,2738.318,-151.49,0.0,0.0,0.0,sl 2738.321
304,2024.10.23 13:30:00,1729690200001,XAUUSD,304,0,0,3,0.18,2739.386,0.0,-0.99,0.0,0.0,Safe LTA EM1-DoubleWick PD-POC 
305,2024.10.23 14:10:27,1729692627990,XAUUSD,304,1,1,4,0.18,2731.155,-148.16,0.0,0.0,0.0,sl 2731.167
306,2024.10.25 03:00:00,1729825200001,XAUUSD,306,0,0,3,0.55,2728.517,0.0,-3.03,0.0,0.0,Safe LTA EM1-DoubleWick PD-VAL 
307,2024.10.25 03:13:13,1729825993714,XAUUSD,306,1,1,4,0.55,2725.894,-144.27,0.0,0.0,0.0,sl 2725.905
308,2024.10.25 05:45:00,1729835100001,XAUUSD,308,0,0,3,0.69,2728.546,0.0,-3.8,0.0,0.0,Safe LTA EM1-DoubleWick PD-VAL 
309,2024.10.25 06:10:39,1729836639024,XAUUSD,308,1,1,4,0.69,2726.486,-142.14,0.0,0.0,0.0,sl 2726.493
310,2024.10.28 02:00:00,1730080800001,XAUUSD,310,0,0,3,0.22,2732.396,0.0,-1.21,0.0,0.0,Safe LTA EM1-DoubleWick PD-VAL 
311,2024.10.28 05:36:36,1730093796136,XAUUSD,310,1,1,5,0.22,2737.091,103.29,0.0,0.0,0.0,tp 2737.089
312,2024.10.28 05:45:00,1730094300001,XAUUSD,312,0,0,3,0.26,2736.251,0.0,-1.43,0.0,0.0,Safe LTA EM1-DoubleWick PD-POC 
313,2024.10.28 05:48:24,1730094504339,XAUUSD,312,1,1,5,0.26,2737.093,21.89,0.0,0.0,0.0,tp 2737.089
314,2024.10.28 06:45:00,1730097900001,XAUUSD,314,0,0,3,0.34,2744.466,0.0,-1.87,0.0,0.0,Safe LTA EM1-DoubleWick PW-VAH 
315,2024.10.28 06:55:39,1730098539847,XAUUSD,314,1,1,4,0.34,2740.205,-144.87,0.0,0.0,0.0,sl 2740.233
316,2024.10.28 07:45:00,1730101500001,XAUUSD,316,0,0,3,0.32,2739.853,0.0,-1.76,0.0,0.0,Safe LTA EM1-DoubleWick PW-VAH 
317,2024.10.28 07:50:29,1730101829795,XAUUSD,316,1,1,5,0.32,2740.611,24.25,0.0,0.0,0.0,tp 2740.598
318,2024.10.28 08:15:00,1730103300001,XAUUSD,318,0,0,3,0.5,2739.796,0.0,-2.75,0.0,0.0,Safe LTA EM1-DoubleWick PW-POC 
319,2024.10.28 08:15:36,1730103336809,XAUUSD,318,1,1,5,0.5,2740.61,40.7,0.0,0.0,0.0,tp 2740.598
320,2024.10.28 12:45:00,1730119500001,XAUUSD,320,0,0,3,0.45,2734.351,0.0,-2.48,0.0,0.0,Safe LTA EM1-DoubleWick PD-VAL 
321,2024.10.28 12:55:15,1730120115949,XAUUSD,320,1,1,4,0.45,2731.195,-142.02,0.0,0.0,0.0,sl 2731.199
322,2024.10.28 13:00:00,1730120400001,XAUUSD,322,0,0,3,0.39,2734.435,0.0,-2.15,0.0,0.0,Safe LTA EM1-DoubleWick PD-VAL 
323,2024.10.28 13:08:41,1730120921559,XAUUSD,322,1,1,5,0.39,2737.095,103.74,0.0,0.0,0.0,tp 2737.089
324,2024.10.28 13:15:00,1730121300001,XAUUSD,324,0,0,3,0.22,2737.483,0.0,-1.21,0.0,0.0,Safe LTA EM1-DoubleWick PW-POC 
325,2024.10.28 13:32:38,1730122358431,XAUUSD,324,1,1,5,0.22,2740.601,68.59,0.0,0.0,0.0,tp 2740.598
326,2024.10.28 14:15:00,1730124900001,XAUUSD,326,0,0,3,0.28,2743.629,0.0,-1.54,0.0,0.0,Safe LTA EM1-DoubleWick PW-VAH 
327,2024.10.29 13:37:41,1730209061391,XAUUSD,326,1,1,5,0.28,2758.983,429.91,0.0,-14.98,0.0,tp 2758.983
328,2024.10.31 00:15:00,1730333700001,XAUUSD,328,0,0,3,0.61,2786.851,0.0,-3.36,0.0,0.0,Safe LTA EM1-DoubleWick PD-VAH 
329,2024.10.31 01:53:38,1730339618723,XAUUSD,328,1,1,4,0.61,2784.448,-146.58,0.0,0.0,0.0,sl 2784.469
330,2024.10.31 02:45:00,1730342700001,XAUUSD,330,0,0,3,0.36,2788.303,0.0,-1.98,0.0,0.0,Safe LTA EM1-DoubleWick PD-VAH 
331,2024.10.31 04:04:35,1730347475675,XAUUSD,330,1,1,4,0.36,2784.228,-146.7,0.0,0.0,0.0,sl 2784.234
332,2024.11.06 01:15:00,1730855700001,XAUUSD,332,0,0,3,0.22,2738.994,0.0,-1.21,0.0,0.0,Safe LTA EM1-DoubleWick PD-VAL 
333,2024.11.06 03:29:29,1730863769567,XAUUSD,332,1,1,4,0.22,2732.285,-147.6,0.0,0.0,0.0,sl 2732.293
334,2024.11.06 08:30:00,1730881800001,XAUUSD,334,0,0,3,0.19,2729.36,0.0,-1.05,0.0,0.0,Safe LTA EM1-DoubleWick PW-VAL 
335,2024.11.06 09:02:01,1730883721525,XAUUSD,334,1,1,4,0.19,2721.945,-140.88,0.0,0.0,0.0,sl 2721.955
336,2024.12.19 02:00:00,1734573600001,XAUUSD,336,1,0,3,0.21,2611.989,0.0,-1.16,0.0,0.0,Safe LTA EM1-DoubleWick PD-VAL 
337,2024.12.19 07:25:29,1734593129872,XAUUSD,336,0,1,4,0.21,2618.771,-142.42,0.0,0.0,0.0,sl 2618.751
338,2024.12.19 07:45:00,1734594300001,XAUUSD,338,1,0,3,0.2,2615.969,0.0,-1.1,0.0,0.0,Safe LTA EM1-DoubleWick PD-VAL 
339,2024.12.19 10:45:37,1734605137222,XAUUSD,338,0,1,4,0.2,2623.128,-143.18,0.0,0.0,0.0,sl 2623.112
340,2025.01.31 06:00:00,1738303200001,XAUUSD,340,0,0,3,0.68,2795.699,0.0,-3.74,0.0,0.0,Safe LTA EM1-DoubleWick PD-POC 
341,2025.01.31 06:18:24,1738304304642,XAUUSD,340,1,1,4,0.68,2793.693,-136.41,0.0,0.0,0.0,sl 2793.698
342,2025.01.31 06:45:00,1738305900001,XAUUSD,342,0,0,3,0.92,2794.775,0.0,-5.06,0.0,0.0,Safe LTA EM1-DoubleWick PD-POC 
343,2025.01.31 06:55:30,1738306530329,XAUUSD,342,1,1,4,0.92,2793.289,-136.71,0.0,0.0,0.0,sl 2793.306
344,2025.02.02 23:15:00,1738538100001,XAUUSD,344,0,0,3,0.12,2802.568,0.0,-0.66,0.0,0.0,Safe LTA EM1-DoubleWick Demand(
345,2025.02.02 23:24:42,1738538682930,XAUUSD,344,1,1,4,0.12,2790.583,-143.82,0.0,0.0,0.0,sl 2790.590
346,2025.02.02 23:45:00,1738539900001,XAUUSD,346,0,0,3,0.15,2792.731,0.0,-0.83,0.0,0.0,Safe LTA EM1-DoubleWick Demand(
347,2025.02.03 01:11:30,1738545090000,XAUUSD,346,1,1,4,0.15,2783.79,-134.12,0.0,0.0,0.0,sl 2783.799
348,2025.02.03 08:15:00,1738570500001,XAUUSD,348,0,0,3,0.2,2793.322,0.0,-1.1,0.0,0.0,Safe LTA EM1-DoubleWick PW-VAH 
349,2025.02.03 14:10:29,1738591829298,XAUUSD,348,1,1,5,0.2,2813.476,403.08,0.0,0.0,0.0,tp 2813.473
350,2025.02.04 01:30:00,1738632600001,XAUUSD,350,0,0,3,0.28,2820.64,0.0,-1.54,0.0,0.0,Safe LTA EM1-DoubleWick PD-POC 
351,2025.02.04 05:05:42,1738645542386,XAUUSD,350,1,1,4,0.28,2815.68,-138.88,0.0,0.0,0.0,sl 2815.688
352,2025.02.04 12:30:00,1738672200001,XAUUSD,352,0,0,3,0.26,2819.421,0.0,-1.43,0.0,0.0,Safe LTA EM1-DoubleWick PD-POC 
353,2025.02.04 13:30:27,1738675827228,XAUUSD,352,1,1,5,0.26,2835.371,414.7,0.0,0.0,0.0,tp 2835.360
354,2025.02.04 14:15:00,1738678500001,XAUUSD,354,0,0,3,0.3,2833.033,0.0,-1.65,0.0,0.0,Safe LTA EM1-DoubleWick PD-VAH 
355,2025.02.05 00:34:28,1738715668621,XAUUSD,354,1,1,5,0.3,2846.823,413.7,0.0,-16.05,0.0,tp 2846.806
356,2025.02.06 02:00:00,1738807200001,XAUUSD,356,0,0,3,0.23,2871.696,0.0,-1.27,0.0,0.0,Safe LTA EM1-DoubleWick PD-POC 
357,2025.02.06 03:27:16,1738812436186,XAUUSD,356,1,1,4,0.23,2865.306,-146.97,0.0,0.0,0.0,sl 2865.312
358,2025.02.06 06:00:00,1738821600001,XAUUSD,358,0,0,3,0.42,2868.454,0.0,-2.31,0.0,0.0,Safe LTA EM1-DoubleWick PD-POC 
359,2025.02.06 06:48:12,1738824492670,XAUUSD,358,1,1,4,0.42,2865.077,-141.84,0.0,0.0,0.0,sl 2865.098
360,2025.02.10 01:15:00,1739150100001,XAUUSD,360,0,0,3,0.11,2871.129,0.0,-0.61,0.0,0.0,Safe LTA EM1-DoubleWick Demand(
361,2025.02.10 06:10:38,1739167838360,XAUUSD,360,1,1,5,0.11,2883.221,133.01,0.0,0.0,0.0,tp 2883.194
362,2025.02.11 03:00:00,1739242800001,XAUUSD,362,0,0,3,0.1,2919.143,0.0,-0.55,0.0,0.0,Safe LTA EM1-DoubleWick PD-VAH 
363,2025.02.11 09:40:41,1739266841149,XAUUSD,362,1,1,4,0.1,2904.412,-147.31,0.0,0.0,0.0,sl 2904.432
364,2025.02.11 10:15:00,1739268900001,XAUUSD,364,0,0,3,0.31,2905.838,0.0,-1.71,0.0,0.0,Safe LTA EM1-DoubleWick PD-POC 
365,2025.02.11 12:08:39,1739275719661,XAUUSD,364,1,1,4,0.31,2901.263,-141.83,0.0,0.0,0.0,sl 2901.271
366,2025.02.12 01:45:00,1739324700001,XAUUSD,366,0,0,3,0.13,2893.867,0.0,-0.72,0.0,0.0,Safe LTA EM1-DoubleWick PW-VAH 
367,2025.02.12 10:32:41,1739356361437,XAUUSD,366,1,1,4,0.13,2883.351,-136.71,0.0,0.0,0.0,sl 2883.358
368,2025.02.14 14:15:00,1739542500001,XAUUSD,368,0,0,3,0.16,2922.4,0.0,-0.88,0.0,0.0,Safe LTA EM1-DoubleWick PD-VAH 
369,2025.02.14 15:17:19,1739546239899,XAUUSD,368,1,1,4,0.16,2913.527,-141.97,0.0,0.0,0.0,sl 2913.530
370,2025.02.18 14:30:00,1739889000001,XAUUSD,370,0,0,3,0.22,2923.429,0.0,-1.21,0.0,0.0,Safe LTA EM1-DoubleWick PW-VAH 
371,2025.02.19 09:15:30,1739956530281,XAUUSD,370,1,1,5,0.22,2941.775,403.61,0.0,-11.77,0.0,tp 2941.747
372,2025.02.19 14:45:00,1739976300001,XAUUSD,372,0,0,3,0.21,2936.395,0.0,-1.16,0.0,0.0,Safe LTA EM1-DoubleWick PD-VAH 
373,2025.02.19 15:58:38,1739980718471,XAUUSD,372,1,1,4,0.21,2929.557,-143.6,0.0,0.0,0.0,sl 2929.582
374,2025.02.19 16:15:00,1739981700001,XAUUSD,374,0,0,3,0.24,2928.049,0.0,-1.32,0.0,0.0,Safe LTA EM1-DoubleWick PW-VAH 
375,2025.02.19 17:45:29,1739987129855,XAUUSD,374,1,1,4,0.24,2922.252,-139.13,0.0,0.0,0.0,sl 2922.277
376,2025.02.20 01:00:00,1740013200001,XAUUSD,376,0,0,3,0.6,2941.015,0.0,-3.3,0.0,0.0,Safe LTA EM1-DoubleWick PD-VAH 
377,2025.02.20 01:28:26,1740014906666,XAUUSD,376,1,1,4,0.6,2938.745,-136.2,0.0,0.0,0.0,sl 2938.747
378,2025.02.20 01:45:00,1740015900001,XAUUSD,378,0,0,3,0.52,2936.929,0.0,-2.86,0.0,0.0,Safe LTA EM1-DoubleWick PD-POC 
379,2025.02.20 02:08:37,1740017317101,XAUUSD,378,1,1,4,0.52,2934.359,-133.64,0.0,0.0,0.0,sl 2934.363
380,2025.02.21 01:15:00,1740100500001,XAUUSD,380,0,0,3,0.19,2946.074,0.0,-1.05,0.0,0.0,Safe LTA EM1-DoubleWick PD-POC 
381,2025.02.21 01:42:57,1740102177272,XAUUSD,380,1,1,4,0.19,2938.956,-135.25,0.0,0.0,0.0,sl 2938.963
382,2025.02.24 11:00:00,1740394800001,XAUUSD,382,0,0,3,0.33,2938.526,0.0,-1.8199999999999998,0.0,0.0,Safe LTA EM1-DoubleWick PW-POC 
383,2025.02.24 14:00:26,1740405626886,XAUUSD,382,1,1,5,0.33,2955.008,543.9,0.0,0.0,0.0,tp 2954.999
384,2025.02.24 14:45:00,1740408300001,XAUUSD,384,0,0,3,0.16,2942.744,0.0,-0.88,0.0,0.0,Safe LTA EM1-DoubleWick PW-POC 
385,2025.02.24 15:03:29,1740409409684,XAUUSD,384,1,1,4,0.16,2934.033,-139.37,0.0,0.0,0.0,sl 2934.049
386,2025.02.24 16:00:00,1740412800001,XAUUSD,386,0,0,3,0.34,2936.636,0.0,-1.87,0.0,0.0,Safe LTA EM1-DoubleWick PW-POC 
387,2025.02.25 07:47:15,1740469635319,XAUUSD,386,1,1,4,0.34,2932.663,-135.08,0.0,-18.19,0.0,sl 2932.663
388,2025.02.25 08:30:00,1740472200001,XAUUSD,388,0,0,3,0.24,2934.946,0.0,-1.32,0.0,0.0,Safe LTA EM1-DoubleWick PW-POC 
389,2025.02.25 08:30:42,1740472242038,XAUUSD,388,1,1,5,0.24,2935.265,7.66,0.0,0.0,0.0,tp 2935.265
390,2025.02.25 08:45:00,1740473100001,XAUUSD,390,0,0,3,0.15,2940.942,0.0,-0.83,0.0,0.0,Safe LTA EM1-DoubleWick PW-POC 
391,2025.02.25 12:31:30,1740486690568,XAUUSD,390,1,1,4,0.15,2931.51,-141.48,0.0,0.0,0.0,sl 2931.530
392,2025.02.25 13:45:00,1740491100001,XAUUSD,392,0,0,3,0.18,2934.427,0.0,-0.99,0.0,0.0,Safe LTA EM1-DoubleWick PW-POC 
393,2025.02.25 13:46:41,1740491201818,XAUUSD,392,1,1,5,0.18,2935.265,15.08,0.0,0.0,0.0,tp 2935.265
394,2025.02.25 14:00:00,1740492000001,XAUUSD,394,0,0,3,0.13,2937.519,0.0,-0.72,0.0,0.0,Safe LTA EM1-DoubleWick PW-POC 
395,2025.02.25 15:14:42,1740496482080,XAUUSD,394,1,1,4,0.13,2927.169,-134.55,0.0,0.0,0.0,sl 2927.171
396,2025.03.03 20:15:00,1741032900001,XAUUSD,396,0,0,3,0.23,2883.552,0.0,-1.27,0.0,0.0,Safe LTA EM1-DoubleWick PW-VAL 
397,2025.03.12 17:38:04,1741801084954,XAUUSD,396,1,1,5,0.23,2939.791,1293.49,0.0,-110.71,0.0,tp 2939.789
398,2025.03.17 00:30:00,1742171400001,XAUUSD,398,0,0,3,0.43,2989.396,0.0,-2.37,0.0,0.0,Safe LTA EM1-DoubleWick PD-POC 
399,2025.03.17 03:31:13,1742182273599,XAUUSD,398,1,1,4,0.43,2986.019,-145.21,0.0,0.0,0.0,sl 2986.021
400,2025.03.17 06:30:00,1742193000001,XAUUSD,400,0,0,3,0.28,2990.188,0.0,-1.54,0.0,0.0,Safe LTA EM1-DoubleWick PD-POC 
401,2025.03.17 07:46:41,1742197601946,XAUUSD,400,1,1,4,0.28,2985.126,-141.73,0.0,0.0,0.0,sl 2985.133
402,2025.03.19 00:30:00,1742344200001,XAUUSD,402,0,0,3,0.43,3033.59,0.0,-2.37,0.0,0.0,Safe LTA EM1-DoubleWick PD-POC 
403,2025.03.19 01:03:42,1742346222197,XAUUSD,402,1,1,4,0.43,3030.328,-140.27,0.0,0.0,0.0,sl 3030.341
404,2025.03.19 03:00:00,1742353200001,XAUUSD,404,0,0,3,0.34,3033.508,0.0,-1.87,0.0,0.0,Safe LTA EM4-Continuation PD-PO
405,2025.03.19 08:38:40,1742373520687,XAUUSD,404,1,1,4,0.34,3029.362,-140.96,0.0,0.0,0.0,sl 3029.379
406,2025.03.20 11:00:00,1742468400001,XAUUSD,406,0,0,3,0.15,3034.293,0.0,-0.83,0.0,0.0,Safe LTA EM1-DoubleWick PD-POC 
407,2025.03.21 05:42:19,1742535739397,XAUUSD,406,1,1,4,0.15,3025.149,-137.16,0.0,-8.02,0.0,sl 3025.159
408,2025.03.26 01:45:00,1742953500001,XAUUSD,408,0,0,3,0.26,3022.74,0.0,-1.43,0.0,0.0,Safe LTA EM1-DoubleWick PD-POC 
409,2025.03.26 03:40:34,1742960434090,XAUUSD,408,1,1,4,0.26,3017.455,-137.41,0.0,0.0,0.0,sl 3017.457
410,2025.03.26 12:45:00,1742993100001,XAUUSD,410,0,0,3,0.34,3028.884,0.0,-1.87,0.0,0.0,Safe LTA EM4-Continuation PD-VA
411,2025.03.26 13:02:29,1742994149347,XAUUSD,410,1,1,4,0.34,3024.918,-134.85,0.0,0.0,0.0,sl 3024.935
412,2025.03.27 01:00:00,1743037200001,XAUUSD,412,0,0,3,0.33,3025.488,0.0,-1.8199999999999998,0.0,0.0,Safe LTA EM1-DoubleWick PD-VAH 
413,2025.03.27 02:43:37,1743043417377,XAUUSD,412,1,1,5,0.33,3032.207,221.73,0.0,0.0,0.0,tp 3032.187
414,2025.03.27 03:00:00,1743044400001,XAUUSD,414,0,0,3,0.28,3031.791,0.0,-1.54,0.0,0.0,Safe LTA EM1-DoubleWick PW-POC 
415,2025.03.27 03:21:27,1743045687272,XAUUSD,414,1,1,5,0.28,3032.188,11.11,0.0,0.0,0.0,tp 3032.187
416,2025.03.27 03:30:00,1743046200001,XAUUSD,416,0,0,3,0.51,3032.037,0.0,-2.81,0.0,0.0,Safe LTA EM1-DoubleWick PW-POC 
417,2025.03.27 03:30:27,1743046227378,XAUUSD,416,1,1,5,0.51,3032.193,7.95,0.0,0.0,0.0,tp 3032.187
418,2025.03.27 07:15:00,1743059700001,XAUUSD,418,0,0,3,0.25,3031.79,0.0,-1.38,0.0,0.0,Safe LTA EM1-DoubleWick PW-POC 
419,2025.03.27 07:16:56,1743059816086,XAUUSD,418,1,1,5,0.25,3032.189,9.98,0.0,0.0,0.0,tp 3032.187
420,2025.03.27 07:45:00,1743061500001,XAUUSD,420,0,0,3,0.31,3033.651,0.0,-1.71,0.0,0.0,Safe LTA EM1-DoubleWick PW-POC 
421,2025.03.27 10:30:28,1743071428554,XAUUSD,420,1,1,5,0.31,3053.954,629.39,0.0,0.0,0.0,tp 3053.953
422,2025.03.27 11:15:00,1743074100001,XAUUSD,422,0,0,3,0.43,3053.331,0.0,-2.37,0.0,0.0,Safe LTA EM1-DoubleWick PW-VAH 
423,2025.03.27 11:15:36,1743074136990,XAUUSD,422,1,1,5,0.43,3053.957,26.92,0.0,0.0,0.0,tp 3053.953
424,2025.03.27 14:00:00,1743084000001,XAUUSD,424,0,0,3,0.18,3040.774,0.0,-0.99,0.0,0.0,Safe LTA EM1-DoubleWick PW-POC 
425,2025.03.27 14:39:18,1743086358738,XAUUSD,424,1,1,5,0.18,3053.962,237.39,0.0,0.0,0.0,tp 3053.953
426,2025.03.27 15:45:00,1743090300001,XAUUSD,426,0,0,3,0.26,3058.266,0.0,-1.43,0.0,0.0,Safe LTA EM1-DoubleWick PW-VAH 
427,2025.03.27 15:56:42,1743091002222,XAUUSD,426,1,1,4,0.26,3052.569,-148.13,0.0,0.0,0.0,sl 3052.584
428,2025.03.31 01:30:00,1743384600001,XAUUSD,428,0,0,3,0.1,3091.638,0.0,-0.55,0.0,0.0,Safe LTA EM1-DoubleWick PD-VAH 
429,2025.04.01 01:47:35,1743472055730,XAUUSD,428,1,1,5,0.1,3137.836,461.98,0.0,-5.35,0.0,tp 3137.826
430,2025.04.01 06:30:00,1743489000001,XAUUSD,430,0,0,3,0.15,3136.385,0.0,-0.83,0.0,0.0,Safe LTA EM1-DoubleWick PD-VAH 
431,2025.04.01 07:43:14,1743493394960,XAUUSD,430,1,1,4,0.15,3125.999,-155.79,0.0,0.0,0.0,sl 3126.006
432,2025.04.01 08:00:00,1743494400001,XAUUSD,432,0,0,3,0.35,3127.73,0.0,-1.9300000000000002,0.0,0.0,Safe LTA EM1-DoubleWick PD-VAH 
433,2025.04.01 15:42:26,1743522146488,XAUUSD,432,1,1,4,0.35,3123.464,-149.31,0.0,0.0,0.0,sl 3123.470
434,2025.04.02 00:00:00,1743552000001,XAUUSD,434,0,0,3,0.34,3115.262,0.0,-1.87,0.0,0.0,Safe LTA EM1-DoubleWick PD-VAL 
435,2025.04.02 01:07:42,1743556062553,XAUUSD,434,1,1,5,0.34,3128.107,436.73,0.0,0.0,0.0,tp 3128.096
436,2025.04.02 01:30:00,1743557400001,XAUUSD,436,0,0,3,0.12,3133.582,0.0,-0.66,0.0,0.0,Safe LTA EM1-DoubleWick PD-POC 
437,2025.04.02 04:37:26,1743568646310,XAUUSD,436,1,1,4,0.12,3120.882,-152.4,0.0,0.0,0.0,sl 3120.907
438,2025.04.02 05:15:00,1743570900001,XAUUSD,438,0,0,3,0.5,3116.677,0.0,-2.75,0.0,0.0,Safe LTA EM1-DoubleWick PD-VAL 
439,2025.04.02 05:29:21,1743571761048,XAUUSD,438,1,1,4,0.5,3113.743,-146.7,0.0,0.0,0.0,sl 3113.743
440,2025.04.02 05:45:00,1743572700001,XAUUSD,440,0,0,3,0.18,3116.519,0.0,-0.99,0.0,0.0,Safe LTA EM1-DoubleWick PD-VAL 
441,2025.04.02 20:14:03,1743624843702,XAUUSD,440,1,1,4,0.18,3108.14,-150.82,0.0,0.0,0.0,sl 3108.155
442,2025.04.03 06:00:00,1743660000001,XAUUSD,442,0,0,3,0.07,3132.06,0.0,-0.39,0.0,0.0,Safe LTA EM1-DoubleWick Demand(
443,2025.04.03 10:26:19,1743675979817,XAUUSD,442,1,1,4,0.07,3109.417,-158.5,0.0,0.0,0.0,sl 3109.423
444,2025.04.03 11:15:00,1743678900001,XAUUSD,444,0,0,3,0.13,3098.441,0.0,-0.72,0.0,0.0,Safe LTA EM1-DoubleWick Demand(
445,2025.04.03 11:41:36,1743680496025,XAUUSD,444,1,1,4,0.13,3086.622,-153.64,0.0,0.0,0.0,sl 3086.629
446,2025.04.10 00:15:00,1744244100001,XAUUSD,446,0,0,3,0.22,3087.068,0.0,-1.21,0.0,0.0,Safe LTA EM1-DoubleWick PW-VAL 
447,2025.04.10 01:36:27,1744248987237,XAUUSD,446,1,1,4,0.22,3080.398,-146.74,0.0,0.0,0.0,sl 3080.418
448,2025.04.10 01:45:00,1744249500001,XAUUSD,448,0,0,3,0.13,3088.246,0.0,-0.72,0.0,0.0,Safe LTA EM1-DoubleWick PW-VAL 
449,2025.04.10 03:13:31,1744254811225,XAUUSD,448,1,1,5,0.13,3123.813,462.37,0.0,0.0,0.0,tp 3123.810
450,2025.04.10 03:15:00,1744254900001,XAUUSD,450,0,0,3,0.09,3125.765,0.0,-0.5,0.0,0.0,Safe LTA EM1-DoubleWick Demand(
451,2025.04.10 07:38:15,1744270695721,XAUUSD,450,1,1,4,0.09,3108.858,-152.17,0.0,0.0,0.0,sl 3108.872
452,2025.04.10 12:15:00,1744287300001,XAUUSD,452,0,0,3,0.09,3126.086,0.0,-0.5,0.0,0.0,Safe LTA EM1-DoubleWick Demand(
453,2025.04.10 14:07:39,1744294059814,XAUUSD,452,1,1,5,0.09,3139.288,118.82,0.0,0.0,0.0,tp 3139.272
454,2025.04.10 14:15:00,1744294500001,XAUUSD,454,0,0,3,0.05,3143.036,0.0,-0.28,0.0,0.0,Safe LTA EM4-Continuation Deman
455,2025.04.14 02:10:40,1744596640792,XAUUSD,454,1,1,5,0.05,3245.601,512.83,0.0,-5.34,0.0,tp 3245.591
456,2025.04.14 05:45:00,1744609500001,XAUUSD,456,0,0,3,0.21,3228.15,0.0,-1.16,0.0,0.0,Safe LTA EM1-DoubleWick PD-VAH 
457,2025.04.14 08:05:36,1744617936824,XAUUSD,456,1,1,4,0.21,3220.72,-156.03,0.0,0.0,0.0,sl 3220.741
458,2025.04.14 08:30:00,1744619400001,XAUUSD,458,0,0,3,0.17,3224.678,0.0,-0.94,0.0,0.0,Safe LTA EM1-DoubleWick PD-VAH 
459,2025.04.14 10:20:24,1744626024077,XAUUSD,458,1,1,4,0.17,3215.813,-150.71,0.0,0.0,0.0,sl 3215.817
460,2025.04.14 11:30:00,1744630200001,XAUUSD,460,0,0,3,0.15,3223.153,0.0,-0.83,0.0,0.0,Safe LTA EM1-DoubleWick PD-VAH 
461,2025.04.14 12:27:38,1744633658632,XAUUSD,460,1,1,4,0.15,3213.062,-151.37,0.0,0.0,0.0,sl 3213.076
462,2025.04.17 01:15:00,1744852500001,XAUUSD,462,0,0,3,0.13,3353.022,0.0,-0.72,0.0,0.0,Safe LTA EM4-Continuation PD-VA
463,2025.04.17 01:30:39,1744853439601,XAUUSD,462,1,1,4,0.13,3341.317,-152.17,0.0,0.0,0.0,sl 3341.342
464,2025.04.17 15:15:00,1744902900001,XAUUSD,464,0,0,3,0.08,3303.542,0.0,-0.44,0.0,0.0,Safe LTA EM1-DoubleWick PD-POC 
465,2025.04.21 00:35:41,1745195741385,XAUUSD,464,1,1,5,0.08,3360.099,452.45,0.0,-8.56,0.0,tp 3360.086
466,2025.04.21 00:45:00,1745196300001,XAUUSD,466,0,0,3,0.08,3369.932,0.0,-0.44,0.0,0.0,Safe LTA EM1-DoubleWick PD-VAH 
467,2025.04.21 13:53:41,1745243621127,XAUUSD,466,1,1,5,0.08,3425.237,442.44,0.0,0.0,0.0,tp 3425.234
468,2025.04.22 01:00:00,1745283600001,XAUUSD,468,0,0,3,0.19,3425.639,0.0,-1.05,0.0,0.0,Safe LTA EM1-DoubleWick PD-POC 
469,2025.04.22 01:38:29,1745285909161,XAUUSD,468,1,1,5,0.19,3449.64,456.02,0.0,0.0,0.0,tp 3449.624
470,2025.04.22 02:00:00,1745287200001,XAUUSD,470,0,0,3,0.1,3453.117,0.0,-0.55,0.0,0.0,Safe LTA EM1-DoubleWick PD-VAH 
471,2025.04.22 12:46:32,1745325992295,XAUUSD,470,1,1,4,0.1,3436.485,-166.32,0.0,0.0,0.0,sl 3436.488
472,2025.04.22 13:15:00,1745327700001,XAUUSD,472,0,0,3,0.07,3443.385,0.0,-0.39,0.0,0.0,Safe LTA EM1-DoubleWick PD-VAH 
473,2025.04.22 13:40:38,1745329238125,XAUUSD,472,1,1,4,0.07,3419.195,-169.33,0.0,0.0,0.0,sl 3419.221
474,2025.04.22 14:30:00,1745332200001,XAUUSD,474,0,0,3,0.1,3432.264,0.0,-0.55,0.0,0.0,Safe LTA EM1-DoubleWick PD-POC 
475,2025.04.22 15:27:59,1745335679363,XAUUSD,474,1,1,4,0.1,3416.239,-160.25,0.0,0.0,0.0,sl 3416.260
476,2025.04.25 02:15:00,1745547300001,XAUUSD,476,0,0,3,0.14,3352.69,0.0,-0.77,0.0,0.0,Safe LTA EM1-DoubleWick PD-VAH 
477,2025.04.25 03:41:39,1745552499301,XAUUSD,476,1,1,4,0.14,3341.883,-151.3,0.0,0.0,0.0,sl 3341.883
478,2025.04.29 01:30:00,1745890200001,XAUUSD,478,0,0,3,0.19,3331.324,0.0,-1.05,0.0,0.0,Safe LTA EM1-DoubleWick PD-VAH 
479,2025.04.29 01:35:40,1745890540687,XAUUSD,478,1,1,5,0.19,3336.951,106.91,0.0,0.0,0.0,tp 3336.938
480,2025.04.29 02:15:00,1745892900001,XAUUSD,480,0,0,3,0.16,3331.477,0.0,-0.88,0.0,0.0,Safe LTA EM1-DoubleWick PD-VAH 
481,2025.04.29 02:55:38,1745895338223,XAUUSD,480,1,1,4,0.16,3322.003,-151.58,0.0,0.0,0.0,sl 3322.016
482,2025.04.29 06:45:00,1745909100001,XAUUSD,482,0,0,3,0.14,3322.983,0.0,-0.77,0.0,0.0,Safe LTA EM1-DoubleWick PD-VAH 
483,2025.04.29 08:59:37,1745917177297,XAUUSD,482,1,1,4,0.14,3312.151,-151.65,0.0,0.0,0.0,sl 3312.178
484,2025.04.30 00:15:00,1745972100001,XAUUSD,484,0,0,3,0.15,3324.385,0.0,-0.83,0.0,0.0,Safe LTA EM1-DoubleWick PD-VAH 
485,2025.04.30 00:44:39,1745973879161,XAUUSD,484,1,1,4,0.15,3314.057,-154.92,0.0,0.0,0.0,sl 3314.089
486,2025.04.30 01:15:00,1745975700001,XAUUSD,486,0,0,3,0.18,3315.907,0.0,-0.99,0.0,0.0,Safe LTA EM1-DoubleWick PD-POC 
487,2025.04.30 02:00:21,1745978421873,XAUUSD,486,1,1,4,0.18,3307.559,-150.27,0.0,0.0,0.0,sl 3307.565
488,2025.05.05 01:15:00,1746407700001,XAUUSD,488,0,0,3,0.08,3259.253,0.0,-0.44,0.0,0.0,Safe LTA EM4-Continuation PW-VA
489,2025.05.05 10:00:39,1746439239734,XAUUSD,488,1,1,5,0.08,3311.714,419.69,0.0,0.0,0.0,tp 3311.712
490,2025.05.05 10:15:00,1746440100001,XAUUSD,490,0,0,3,0.13,3310.655,0.0,-0.72,0.0,0.0,Safe LTA EM1-DoubleWick PW-POC 
491,2025.05.05 10:17:28,1746440248811,XAUUSD,490,1,1,5,0.13,3311.746,14.18,0.0,0.0,0.0,tp 3311.712
492,2025.05.05 12:30:00,1746448200001,XAUUSD,492,0,0,3,0.22,3318.828,0.0,-1.21,0.0,0.0,Safe LTA EM1-DoubleWick PW-POC 
493,2025.05.05 13:36:15,1746452175714,XAUUSD,492,1,1,4,0.22,3311.984,-150.57,0.0,0.0,0.0,sl 3312.010
494,2025.05.05 14:15:00,1746454500001,XAUUSD,494,0,0,3,0.21,3316.198,0.0,-1.16,0.0,0.0,Safe LTA EM1-DoubleWick PW-POC 
495,2025.05.05 15:09:42,1746457782485,XAUUSD,494,1,1,4,0.21,3309.129,-148.45,0.0,0.0,0.0,sl 3309.136
496,2025.05.06 01:15:00,1746494100001,XAUUSD,496,0,0,3,0.04,3362.314,0.0,-0.22,0.0,0.0,Safe LTA EM1-DoubleWick PW-VAH 
497,2025.05.08 06:48:39,1746686919003,XAUUSD,496,1,1,4,0.04,3322.262,-160.21,0.0,-8.56,0.0,sl 3322.287
498,2025.05.14 07:45:00,1747208700001,XAUUSD,498,0,0,3,0.14,3235.911,0.0,-0.77,0.0,0.0,Safe LTA EM1-DoubleWick PD-VAL 
499,2025.05.14 11:55:12,1747223712573,XAUUSD,498,1,1,4,0.14,3225.182,-150.2,0.0,0.0,0.0,sl 3225.193
500,2025.05.22 00:15:00,1747872900001,XAUUSD,500,0,0,3,0.2,3323.898,0.0,-1.1,0.0,0.0,Safe LTA EM1-DoubleWick PD-VAH 
501,2025.05.22 03:18:14,1747883894454,XAUUSD,500,1,1,5,0.2,3345.346,428.96,0.0,0.0,0.0,tp 3345.336
502,2025.05.22 10:45:00,1747910700001,XAUUSD,502,0,0,3,0.16,3299.549,0.0,-0.88,0.0,0.0,Safe LTA EM1-DoubleWick PD-VAL 
503,2025.05.22 10:58:15,1747911495581,XAUUSD,502,1,1,4,0.16,3289.807,-155.87,0.0,0.0,0.0,sl 3289.813
504,2025.05.22 12:00:00,1747915200001,XAUUSD,504,0,0,3,0.07,3314.441,0.0,-0.39,0.0,0.0,Safe LTA EM1-DoubleWick PD-POC 
505,2025.05.22 13:59:23,1747922363956,XAUUSD,504,1,1,4,0.07,3290.428,-168.09,0.0,0.0,0.0,sl 3290.442
506,2025.05.26 01:45:00,1748223900001,XAUUSD,506,0,0,3,0.16,3345.051,0.0,-0.88,0.0,0.0,Safe LTA EM1-DoubleWick PD-VAL 
507,2025.05.26 07:01:26,1748242886974,XAUUSD,506,1,1,4,0.16,3335.85,-147.22,0.0,0.0,0.0,sl 3335.862
508,2025.05.27 00:15:00,1748304900001,XAUUSD,508,0,0,3,0.26,3349.581,0.0,-1.43,0.0,0.0,Safe LTA EM1-DoubleWick PD-POC 
509,2025.05.27 00:29:04,1748305744695,XAUUSD,508,1,1,4,0.26,3343.916,-147.29,0.0,0.0,0.0,sl 3343.946
510,2025.09.04 02:30:00,1756953000001,XAUUSD,510,0,0,3,0.08,3545.301,0.0,-0.44,0.0,0.0,Safe LTA EM1-DoubleWick Demand(
511,2025.09.04 03:11:02,1756955462357,XAUUSD,510,1,1,4,0.08,3526.096,-153.64,0.0,0.0,0.0,sl 3526.110
512,2025.09.04 06:15:00,1756966500001,XAUUSD,512,0,0,3,0.17,3532.068,0.0,-0.94,0.0,0.0,Safe LTA EM1-DoubleWick PD-VAL 
513,2025.09.04 13:37:31,1756993051690,XAUUSD,512,1,1,5,0.17,3557.277,428.55,0.0,0.0,0.0,tp 3557.277
514,2025.09.04 14:45:00,1756997100001,XAUUSD,514,0,0,3,0.14,3545.382,0.0,-0.77,0.0,0.0,Safe LTA EM1-DoubleWick PD-POC 
515,2025.09.05 12:32:38,1757075558294,XAUUSD,514,1,1,5,0.14,3578.375,461.9,0.0,-7.49,0.0,tp 3578.349
516,2025.09.05 12:45:00,1757076300001,XAUUSD,516,0,0,3,0.05,3583.901,0.0,-0.28,0.0,0.0,Safe LTA EM1-DoubleWick PD-VAH 
517,2025.09.16 01:00:38,1757984438386,XAUUSD,516,1,1,5,0.05,3688.405,522.52,0.0,-24.04,0.0,tp 3688.397
518,2025.09.17 14:15:00,1758118500001,XAUUSD,518,0,0,3,0.19,3684.043,0.0,-1.05,0.0,0.0,Safe LTA EM1-DoubleWick PD-VAL 
519,2025.09.17 18:01:00,1758132060959,XAUUSD,518,1,1,4,0.19,3675.53,-161.75,0.0,0.0,0.0,sl 3675.749
520,2025.09.22 00:15:00,1758500100001,XAUUSD,520,0,0,3,0.29,3690.629,0.0,-1.6,0.0,0.0,Safe LTA EM4-Continuation PD-VA
521,2025.09.22 03:52:04,1758513124931,XAUUSD,520,1,1,5,0.29,3697.442,197.58,0.0,0.0,0.0,tp 3697.421
522,2025.09.22 06:15:00,1758521700001,XAUUSD,522,0,0,3,0.28,3700.706,0.0,-1.54,0.0,0.0,Safe LTA EM1-DoubleWick PW-VAH 
523,2025.09.22 06:44:42,1758523482105,XAUUSD,522,1,1,5,0.28,3717.429,468.24,0.0,0.0,0.0,tp 3717.422
524,2025.09.23 00:00:00,1758585600001,XAUUSD,524,0,0,3,0.63,3747.946,0.0,-3.4699999999999998,0.0,0.0,Safe LTA EM1-DoubleWick PD-VAH 
525,2025.09.23 00:21:30,1758586890209,XAUUSD,524,1,1,4,0.63,3745.398,-160.53,0.0,0.0,0.0,sl 3745.433
526,2025.09.23 00:30:00,1758587400001,XAUUSD,526,0,0,3,0.36,3748.969,0.0,-1.98,0.0,0.0,Safe LTA EM1-DoubleWick PD-VAH 
527,2025.09.23 02:11:32,1758593492275,XAUUSD,526,1,1,4,0.36,3744.531,-159.76,0.0,0.0,0.0,sl 3744.559
528,2025.09.24 02:45:00,1758681900001,XAUUSD,528,0,0,3,0.3,3755.333,0.0,-1.65,0.0,0.0,Safe LTA EM1-DoubleWick PD-VAL 
529,2025.09.24 05:13:36,1758690816774,XAUUSD,528,1,1,5,0.3,3771.121,473.64,0.0,0.0,0.0,tp 3771.110
530,2025.09.24 15:15:00,1758726900001,XAUUSD,530,0,0,3,0.09,3754.647,0.0,-0.5,0.0,0.0,Safe LTA EM1-DoubleWick Demand(
531,2025.09.24 16:43:31,1758732211813,XAUUSD,530,1,1,4,0.09,3736.065,-167.23,0.0,0.0,0.0,sl 3736.074
532,2025.09.26 13:00:00,1758891600001,XAUUSD,532,0,0,3,0.1,3752.209,0.0,-0.55,0.0,0.0,Safe LTA EM1-DoubleWick Demand(
533,2025.09.29 04:30:01,1759120201866,XAUUSD,532,1,1,5,0.1,3799.99,477.81,0.0,-5.35,0.0,tp 3799.987
534,2025.09.30 00:00:00,1759190400001,XAUUSD,534,0,0,3,0.31,3833.007,0.0,-1.71,0.0,0.0,Safe LTA EM1-DoubleWick PD-VAH 
535,2025.09.30 01:33:15,1759195995562,XAUUSD,534,1,1,5,0.31,3848.791,489.3,0.0,0.0,0.0,tp 3848.790
536,2025.09.30 09:00:00,1759222800001,XAUUSD,536,0,0,3,0.17,3816.483,0.0,-0.94,0.0,0.0,Safe LTA EM1-DoubleWick Demand(
537,2025.09.30 09:11:43,1759223503026,XAUUSD,536,1,1,4,0.17,3806.478,-170.08,0.0,0.0,0.0,sl 3806.503
538,2025.09.30 13:45:00,1759239900001,XAUUSD,538,0,0,3,0.1,3824.943,0.0,-0.55,0.0,0.0,Safe LTA EM1-DoubleWick Demand(
539,2025.10.01 02:05:41,1759284341282,XAUUSD,538,1,1,5,0.1,3874.649,497.06,0.0,-5.35,0.0,tp 3874.644
540,2025.10.01 08:00:00,1759305600001,XAUUSD,540,0,0,3,0.13,3879.354,0.0,-0.72,0.0,0.0,Safe LTA EM4-Continuation PD-VA
541,2025.10.01 12:57:04,1759323424055,XAUUSD,540,1,1,4,0.13,3865.321,-182.43,0.0,0.0,0.0,sl 3865.329
542,2025.10.01 13:30:00,1759325400001,XAUUSD,542,0,0,3,0.25,3869.97,0.0,-1.38,0.0,0.0,Safe LTA EM1-DoubleWick PD-VAH 
543,2025.10.01 14:47:41,1759330061597,XAUUSD,542,1,1,4,0.25,3863.005,-174.12,0.0,0.0,0.0,sl 3863.012
544,2025.10.02 00:00:00,1759363200001,XAUUSD,544,0,0,3,0.26,3863.592,0.0,-1.43,0.0,0.0,Safe LTA EM1-DoubleWick PD-POC 
545,2025.10.02 00:20:37,1759364437071,XAUUSD,544,1,1,4,0.26,3856.997,-171.47,0.0,0.0,0.0,sl 3857.013
546,2025.10.02 01:15:00,1759367700001,XAUUSD,546,0,0,3,0.23,3859.815,0.0,-1.27,0.0,0.0,Safe LTA EM1-DoubleWick PD-VAL 
547,2025.10.02 10:21:28,1759400488725,XAUUSD,546,1,1,5,0.23,3882.282,516.74,0.0,0.0,0.0,tp 3882.258
548,2025.10.02 15:00:00,1759417200001,XAUUSD,548,0,0,3,0.06,3839.947,0.0,-0.33,0.0,0.0,Safe LTA EM1-DoubleWick Demand(
549,2025.10.06 04:34:42,1759725282485,XAUUSD,548,1,1,5,0.06,3935.71,574.58,0.0,-6.42,0.0,tp 3935.695
550,2025.10.07 01:45:00,1759801500001,XAUUSD,550,0,0,3,0.37,3959.933,0.0,-2.04,0.0,0.0,Safe LTA EM1-DoubleWick PD-VAH 
551,2025.10.07 03:51:38,1759809098267,XAUUSD,550,1,1,5,0.37,3974.385,534.73,0.0,0.0,0.0,tp 3974.357
552,2025.10.08 01:30:00,1759887000001,XAUUSD,552,0,0,3,0.18,3994.167,0.0,-0.99,0.0,0.0,Safe LTA EM1-DoubleWick PD-VAH 
553,2025.10.08 04:53:05,1759899185156,XAUUSD,552,1,1,5,0.18,4024.695,549.5,0.0,0.0,0.0,tp 4024.689
554,2025.10.09 00:30:00,1759969800001,XAUUSD,554,0,0,3,0.1,4027.293,0.0,-0.55,0.0,0.0,Safe LTA EM1-DoubleWick PD-VAL 
555,2025.10.09 02:17:27,1759976247979,XAUUSD,554,1,1,4,0.1,4007.613,-196.8,0.0,0.0,0.0,sl 4007.636
556,2025.10.09 07:15:00,1759994100001,XAUUSD,556,0,0,3,0.34,4027.522,0.0,-1.87,0.0,0.0,Safe LTA EM1-DoubleWick PD-VAL 
557,2025.10.09 10:59:39,1760007579298,XAUUSD,556,1,1,5,0.34,4044.104,563.79,0.0,0.0,0.0,tp 4044.088
558,2025.10.09 12:00:00,1760011200001,XAUUSD,558,0,0,3,0.21,4044.567,0.0,-1.16,0.0,0.0,Safe LTA EM1-DoubleWick PD-POC 
559,2025.10.09 13:42:58,1760017378280,XAUUSD,558,1,1,4,0.21,4035.487,-190.68,0.0,0.0,0.0,sl 4035.498
560,2025.10.09 14:15:00,1760019300001,XAUUSD,560,0,0,3,0.15,4023.986,0.0,-0.83,0.0,0.0,Safe LTA EM1-DoubleWick PD-VAL 
561,2025.10.09 14:23:39,1760019819449,XAUUSD,560,1,1,4,0.15,4011.444,-188.13,0.0,0.0,0.0,sl 4011.448
562,2025.10.13 05:30:00,1760333400001,XAUUSD,562,0,0,3,0.11,4071.468,0.0,-0.61,0.0,0.0,Safe LTA EM4-Continuation PD-VA
563,2025.10.13 23:34:29,1760398469831,XAUUSD,562,1,1,5,0.11,4123.628,573.76,0.0,0.0,0.0,tp 4123.623
564,2025.10.14 00:30:00,1760401800001,XAUUSD,564,0,0,3,0.27,4126.341,0.0,-1.49,0.0,0.0,Safe LTA EM1-DoubleWick PD-VAH 
565,2025.10.14 01:24:41,1760405081848,XAUUSD,564,1,1,5,0.27,4148.437,596.59,0.0,0.0,0.0,tp 4148.418
566,2025.10.14 06:00:00,1760421600001,XAUUSD,566,0,0,3,0.18,4121.283,0.0,-0.99,0.0,0.0,Safe LTA EM1-DoubleWick PD-VAH 
567,2025.10.14 06:14:39,1760422479615,XAUUSD,566,1,1,4,0.18,4109.654,-209.32,0.0,0.0,0.0,sl 4109.670
568,2025.10.14 13:45:00,1760449500001,XAUUSD,568,0,0,3,0.09,4126.994,0.0,-0.5,0.0,0.0,Safe LTA EM1-DoubleWick PD-VAH 
569,2025.10.15 06:46:42,1760510802264,XAUUSD,568,1,1,5,0.09,4196.956,629.65,0.0,-4.8100000000000005,0.0,tp 4196.927
570,2025.10.16 00:15:00,1760573700001,XAUUSD,570,0,0,3,0.19,4215.049,0.0,-1.05,0.0,0.0,Safe LTA EM1-DoubleWick PD-VAH 
571,2025.10.16 05:47:42,1760593662703,XAUUSD,570,1,1,4,0.19,4204.234,-205.48,0.0,0.0,0.0,sl 4204.241
572,2025.10.17 02:00:00,1760666400001,XAUUSD,572,0,0,3,0.06,4314.152,0.0,-0.33,0.0,0.0,Safe LTA EM1-DoubleWick PD-VAH 
573,2025.10.17 13:35:15,1760708115467,XAUUSD,572,1,1,4,0.06,4276.292,-227.16,0.0,0.0,0.0,sl 4276.333
574,2025.10.17 14:45:00,1760712300001,XAUUSD,574,0,0,3,0.05,4259.176,0.0,-0.28,0.0,0.0,Safe LTA EM1-DoubleWick PD-POC 
575,2025.10.17 16:30:02,1760718602090,XAUUSD,574,1,1,4,0.05,4213.639,-227.68,0.0,0.0,0.0,sl 4213.645
576,2025.10.20 01:15:00,1760922900001,XAUUSD,576,0,0,3,0.08,4255.275,0.0,-0.44,0.0,0.0,Safe LTA EM1-DoubleWick PD-VAH 
577,2025.10.20 06:29:32,1760941772436,XAUUSD,576,1,1,4,0.08,4227.939,-218.69,0.0,0.0,0.0,sl 4227.941
578,2025.10.21 06:15:00,1761027300001,XAUUSD,578,0,0,3,0.15,4329.503,0.0,-0.83,0.0,0.0,Safe LTA EM1-DoubleWick PD-VAH 
579,2025.10.21 07:33:20,1761032000090,XAUUSD,578,1,1,4,0.15,4316.305,-197.97,0.0,0.0,0.0,sl 4316.307
580,2025.10.21 08:45:00,1761036300001,XAUUSD,580,0,0,3,0.07,4272.202,0.0,-0.39,0.0,0.0,Safe LTA EM1-DoubleWick PD-POC 
581,2025.10.21 12:10:21,1761048621239,XAUUSD,580,1,1,4,0.07,4242.95,-204.76,0.0,0.0,0.0,sl 4242.965
582,2025.10.24 00:00:00,1761264000001,XAUUSD,582,0,0,3,0.12,4121.864,0.0,-0.66,0.0,0.0,Safe LTA EM1-DoubleWick PD-POC 
583,2025.10.24 00:08:27,1761264507789,XAUUSD,582,1,1,5,0.12,4127.712,70.17,0.0,0.0,0.0,tp 4127.698
584,2025.10.24 00:15:00,1761264900001,XAUUSD,584,0,0,3,0.13,4128.601,0.0,-0.72,0.0,0.0,Safe LTA EM1-DoubleWick PW-POC 
585,2025.10.24 01:52:05,1761270725337,XAUUSD,584,1,1,4,0.13,4113.89,-191.24,0.0,0.0,0.0,sl 4113.900
586,2025.10.24 02:45:00,1761273900001,XAUUSD,586,0,0,3,0.31,4114.435,0.0,-1.71,0.0,0.0,Safe LTA EM1-DoubleWick PD-POC 
587,2025.10.24 03:02:41,1761274961679,XAUUSD,586,1,1,4,0.31,4108.319,-189.6,0.0,0.0,0.0,sl 4108.324
588,2025.10.29 14:00:00,1761746400001,XAUUSD,588,0,0,3,0.18,4012.37,0.0,-0.99,0.0,0.0,Safe LTA EM1-DoubleWick PW-VAL 
589,2025.10.29 15:46:19,1761752779744,XAUUSD,588,1,1,4,0.18,4001.459,-196.4,0.0,0.0,0.0,sl 4001.465
590,2025.10.29 19:00:00,1761764400001,XAUUSD,590,0,0,3,0.07,3969.548,0.0,-0.39,0.0,0.0,Safe LTA EM1-DoubleWick PD-VAH 
591,2025.10.29 19:33:31,1761766411823,XAUUSD,590,1,1,4,0.07,3941.255,-198.05,0.0,0.0,0.0,sl 3941.266
592,2025.10.30 04:30:00,1761798600001,XAUUSD,592,0,0,3,0.07,3959.484,0.0,-0.39,0.0,0.0,Safe LTA EM1-DoubleWick PD-VAL 
593,2025.10.30 09:15:41,1761815741822,XAUUSD,592,1,1,5,0.07,4010.185,354.91,0.0,0.0,0.0,tp 4010.162
594,2025.10.30 23:30:00,1761867000001,XAUUSD,594,0,0,3,0.19,4028.186,0.0,-1.05,0.0,0.0,Safe LTA EM1-DoubleWick PD-POC 
595,2025.10.31 01:54:05,1761875645769,XAUUSD,594,1,1,4,0.19,4017.947,-194.54,0.0,-10.16,0.0,sl 4017.948
596,2025.10.31 05:45:00,1761889500001,XAUUSD,596,0,0,3,0.14,4006.79,0.0,-0.77,0.0,0.0,Safe LTA EM1-DoubleWick PD-VAH 
597,2025.10.31 05:46:38,1761889598350,XAUUSD,596,1,1,5,0.14,4010.163,47.22,0.0,0.0,0.0,tp 4010.162
598,2025.10.31 06:15:00,1761891300001,XAUUSD,598,0,0,3,0.21,4009.786,0.0,-1.16,0.0,0.0,Safe LTA EM1-DoubleWick PW-VAL 
599,2025.10.31 06:15:30,1761891330977,XAUUSD,598,1,1,5,0.21,4010.163,7.91,0.0,0.0,0.0,tp 4010.162
600,2025.10.31 07:15:00,1761894900001,XAUUSD,600,0,0,3,0.16,4015.784,0.0,-0.88,0.0,0.0,Safe LTA EM1-DoubleWick PW-VAL 
601,2025.10.31 09:15:37,1761902137967,XAUUSD,600,1,1,4,0.16,4004.218,-185.05,0.0,0.0,0.0,sl 4004.229
602,2025.10.31 12:30:00,1761913800001,XAUUSD,602,0,0,3,0.17,4019.521,0.0,-0.94,0.0,0.0,Safe LTA EM1-DoubleWick PW-VAL 
603,2025.10.31 16:04:30,1761926670250,XAUUSD,602,1,1,4,0.17,4008.268,-191.3,0.0,0.0,0.0,sl 4008.274
604,2025.11.03 03:15:00,1762139700001,XAUUSD,604,0,0,3,0.16,4007.793,0.0,-0.88,0.0,0.0,Safe LTA EM1-DoubleWick PW-POC 
605,2025.11.03 09:44:41,1762163081260,XAUUSD,604,1,1,4,0.16,3996.482,-180.98,0.0,0.0,0.0,sl 3996.487
606,2025.11.06 02:00:00,1762394400001,XAUUSD,606,0,0,3,0.19,3976.74,0.0,-1.05,0.0,0.0,Safe LTA EM4-Continuation PD-PO
607,2025.11.06 07:20:13,1762413613136,XAUUSD,606,1,1,5,0.19,4003.205,502.84,0.0,0.0,0.0,tp 4003.193
608,2025.11.06 13:15:00,1762434900001,XAUUSD,608,0,0,3,0.2,4011.851,0.0,-1.1,0.0,0.0,Safe LTA EM1-DoubleWick PW-POC 
609,2025.11.06 14:18:40,1762438720231,XAUUSD,608,1,1,4,0.2,4002.301,-191.0,0.0,0.0,0.0,sl 4002.326
610,2025.11.06 15:30:00,1762443000001,XAUUSD,610,0,0,3,0.19,3986.925,0.0,-1.05,0.0,0.0,Safe LTA EM1-DoubleWick PD-VAH 
611,2025.11.06 15:37:39,1762443459215,XAUUSD,610,1,1,4,0.19,3977.292,-183.03,0.0,0.0,0.0,sl 3977.294
612,2025.11.06 16:30:00,1762446600001,XAUUSD,612,0,0,3,0.22,3983.822,0.0,-1.21,0.0,0.0,Safe LTA EM1-DoubleWick PD-VAH 
613,2025.11.06 17:16:42,1762449402152,XAUUSD,612,1,1,4,0.22,3975.612,-180.62,0.0,0.0,0.0,sl 3975.617
614,2025.11.07 01:45:00,1762479900001,XAUUSD,614,0,0,3,0.24,4002.038,0.0,-1.32,0.0,0.0,Safe LTA EM1-DoubleWick PW-POC 
615,2025.11.07 02:02:35,1762480955876,XAUUSD,614,1,1,5,0.24,4003.203,27.96,0.0,0.0,0.0,tp 4003.193
616,2025.11.07 06:45:00,1762497900001,XAUUSD,616,0,0,3,0.24,4001.609,0.0,-1.32,0.0,0.0,Safe LTA EM1-DoubleWick PD-VAH 
617,2025.11.07 06:48:27,1762498107067,XAUUSD,616,1,1,5,0.24,4003.198,38.13,0.0,0.0,0.0,tp 4003.193
618,2025.11.07 07:00:00,1762498800001,XAUUSD,618,0,0,3,0.17,4006.852,0.0,-0.94,0.0,0.0,Safe LTA EM1-DoubleWick PW-POC 
619,2025.11.07 11:33:41,1762515221600,XAUUSD,618,1,1,4,0.17,3995.81,-187.71,0.0,0.0,0.0,sl 3995.829
620,2025.11.07 12:00:00,1762516800001,XAUUSD,620,0,0,3,0.18,4003.052,0.0,-0.99,0.0,0.0,Safe LTA EM1-DoubleWick PW-POC 
621,2025.11.07 12:00:42,1762516842407,XAUUSD,620,1,1,5,0.18,4003.197,2.61,0.0,0.0,0.0,tp 4003.193
622,2025.11.07 14:15:00,1762524900001,XAUUSD,622,0,0,3,0.17,4003.032,0.0,-0.94,0.0,0.0,Safe LTA EM1-DoubleWick PW-POC 
623,2025.11.07 14:15:01,1762524901682,XAUUSD,622,1,1,5,0.17,4003.202,2.89,0.0,0.0,0.0,tp 4003.193
624,2025.11.07 15:00:00,1762527600001,XAUUSD,624,0,0,3,0.18,3993.45,0.0,-0.99,0.0,0.0,Safe LTA EM1-DoubleWick PD-POC 
625,2025.11.07 16:23:40,1762532620916,XAUUSD,624,1,1,5,0.18,4003.193,175.37,0.0,0.0,0.0,tp 4003.193
626,2025.11.07 16:45:00,1762533900001,XAUUSD,626,0,0,3,0.07,4020.951,0.0,-0.39,0.0,0.0,Safe LTA EM1-DoubleWick PW-POC 
627,2025.11.07 17:18:31,1762535911482,XAUUSD,626,1,1,4,0.07,3994.318,-186.43,0.0,0.0,0.0,sl 3994.332
628,2025.11.07 20:45:00,1762548300001,XAUUSD,628,0,0,3,0.24,4001.216,0.0,-1.32,0.0,0.0,Safe LTA EM1-DoubleWick PD-VAH 
629,2025.11.07 20:56:45,1762549005599,XAUUSD,628,1,1,5,0.24,4003.206,47.76,0.0,0.0,0.0,tp 4003.193
630,2025.11.10 00:15:00,1762733700001,XAUUSD,630,0,0,3,0.16,4015.838,0.0,-0.88,0.0,0.0,Safe LTA EM1-DoubleWick PW-VAH 
631,2025.11.10 01:26:29,1762737989627,XAUUSD,630,1,1,5,0.16,4050.686,557.57,0.0,0.0,0.0,tp 4050.686
632,2025.11.11 00:30:00,1762821000001,XAUUSD,632,0,0,3,0.2,4125.084,0.0,-1.1,0.0,0.0,Safe LTA EM1-DoubleWick PD-VAH 
633,2025.11.11 15:19:42,1762874382155,XAUUSD,632,1,1,4,0.2,4115.747,-186.74,0.0,0.0,0.0,sl 4115.755
634,2025.11.12 01:15:00,1762910100001,XAUUSD,634,0,0,3,0.24,4134.962,0.0,-1.32,0.0,0.0,Safe LTA EM1-DoubleWick PD-POC 
635,2025.11.12 01:35:02,1762911302911,XAUUSD,634,1,1,4,0.24,4127.13,-187.97,0.0,0.0,0.0,sl 4127.143
636,2025.11.12 01:45:00,1762911900001,XAUUSD,636,0,0,3,0.23,4133.835,0.0,-1.27,0.0,0.0,Safe LTA EM1-DoubleWick PD-POC 
637,2025.11.12 02:41:04,1762915264824,XAUUSD,636,1,1,4,0.23,4125.708,-186.93,0.0,0.0,0.0,sl 4125.727
638,2025.11.13 01:45:00,1762998300001,XAUUSD,638,0,0,3,0.19,4188.507,0.0,-1.05,0.0,0.0,Safe LTA EM1-DoubleWick PD-VAH 
639,2025.11.13 04:06:38,1763006798395,XAUUSD,638,1,1,5,0.19,4217.525,551.35,0.0,0.0,0.0,tp 4217.523
640,2025.11.13 15:15:00,1763046900001,XAUUSD,640,0,0,3,0.11,4201.671,0.0,-0.61,0.0,0.0,Safe LTA EM1-DoubleWick PD-VAH 
641,2025.11.13 18:31:21,1763058681305,XAUUSD,640,1,1,4,0.11,4183.733,-197.32,0.0,0.0,0.0,sl 4183.754
642,2025.11.14 02:00:00,1763085600001,XAUUSD,642,0,0,3,0.11,4190.21,0.0,-0.61,0.0,0.0,Safe LTA EM4-Continuation PD-VA
643,2025.11.14 06:49:27,1763102967111,XAUUSD,642,1,1,4,0.11,4172.758,-191.97,0.0,0.0,0.0,sl 4172.763
644,2025.11.19 08:30:00,1763541000001,XAUUSD,644,0,0,3,0.17,4088.041,0.0,-0.94,0.0,0.0,Safe LTA EM1-DoubleWick PD-VAH 
645,2025.11.19 15:14:43,1763565283338,XAUUSD,644,1,1,5,0.17,4130.421,720.46,0.0,0.0,0.0,tp 4130.421
646,2025.11.19 15:15:00,1763565300001,XAUUSD,646,0,0,3,0.09,4129.893,0.0,-0.5,0.0,0.0,Safe LTA EM1-DoubleWick PW-POC 
647,2025.11.19 15:15:27,1763565327830,XAUUSD,646,1,1,5,0.09,4130.43,4.83,0.0,0.0,0.0,tp 4130.421
648,2025.11.19 17:00:00,1763571600001,XAUUSD,648,0,0,3,0.21,4074.848,0.0,-1.16,0.0,0.0,Safe LTA EM1-DoubleWick PW-VAL 
649,2025.11.19 17:03:32,1763571812414,XAUUSD,648,1,1,4,0.21,4065.956,-186.73,0.0,0.0,0.0,sl 4065.976
650,2025.11.19 17:30:00,1763573400001,XAUUSD,650,0,0,3,0.11,4072.204,0.0,-0.61,0.0,0.0,Safe LTA EM1-DoubleWick PW-VAL 
651,2025.11.20 02:17:41,1763605061295,XAUUSD,650,1,1,4,0.11,4053.862,-201.76,0.0,-17.65,0.0,sl 4053.874
652,2025.11.20 02:45:00,1763606700001,XAUUSD,652,0,0,3,0.08,4061.462,0.0,-0.44,0.0,0.0,Safe LTA EM1-DoubleWick PD-VAL 
653,2025.11.20 02:52:36,1763607156614,XAUUSD,652,1,1,5,0.08,4068.226,54.11,0.0,0.0,0.0,tp 4068.212
654,2025.11.20 06:15:00,1763619300001,XAUUSD,654,0,0,3,0.19,4073.558,0.0,-1.05,0.0,0.0,Safe LTA EM4-Continuation PW-VA
655,2025.11.20 06:25:38,1763619938734,XAUUSD,654,1,1,4,0.19,4063.544,-190.26,0.0,0.0,0.0,sl 4063.569
656,2025.11.20 08:00:00,1763625600001,XAUUSD,656,0,0,3,0.26,4060.018,0.0,-1.43,0.0,0.0,Safe LTA EM1-DoubleWick PD-VAL 
657,2025.11.20 08:03:42,1763625822481,XAUUSD,656,1,1,4,0.26,4053.024,-181.85,0.0,0.0,0.0,sl 4053.034
658,2025.12.12 01:15:00,1765502100001,XAUUSD,658,0,0,3,0.2,4274.725,0.0,-1.1,0.0,0.0,Safe LTA EM1-DoubleWick PD-VAH 
659,2025.12.12 01:28:38,1765502918516,XAUUSD,658,1,1,4,0.2,4265.667,-181.16,0.0,0.0,0.0,sl 4265.678
660,2025.12.12 17:00:00,1765558800001,XAUUSD,660,0,0,3,0.07,4282.145,0.0,-0.39,0.0,0.0,Safe LTA EM1-DoubleWick PD-VAH 
661,2025.12.18 16:13:30,1766074410726,XAUUSD,660,1,1,5,0.07,4364.506,576.52,0.0,-22.45,0.0,tp 4364.498
662,2025.12.18 16:15:00,1766074500001,XAUUSD,662,0,0,3,0.07,4362.471,0.0,-0.39,0.0,0.0,Safe LTA EM1-DoubleWick PD-VAH 
663,2025.12.18 17:09:38,1766077778132,XAUUSD,662,1,1,4,0.07,4332.989,-206.38,0.0,0.0,0.0,sl 4332.997
664,2025.12.19 02:00:00,1766109600001,XAUUSD,664,0,0,3,0.13,4323.428,0.0,-0.72,0.0,0.0,Safe LTA EM1-DoubleWick PD-VAL 
665,2025.12.22 01:00:15,1766365215264,XAUUSD,664,1,1,5,0.13,4367.953,578.83,0.0,-6.95,0.0,tp 4367.948
666,2025.12.23 15:15:00,1766502900001,XAUUSD,666,0,0,3,0.1,4448.53,0.0,-0.55,0.0,0.0,Safe LTA EM1-DoubleWick PD-VAH 
667,2025.12.23 23:38:55,1766533135354,XAUUSD,666,1,1,5,0.1,4506.342,578.12,0.0,0.0,0.0,tp 4506.322
668,2025.12.24 03:15:00,1766546100001,XAUUSD,668,0,0,3,0.11,4485.6,0.0,-0.61,0.0,0.0,Safe LTA EM1-DoubleWick PD-POC 
669,2025.12.24 14:50:33,1766587833086,XAUUSD,668,1,1,4,0.11,4467.582,-198.2,0.0,0.0,0.0,sl 4467.596
670,2025.12.24 16:15:00,1766592900001,XAUUSD,670,0,0,3,0.1,4466.366,0.0,-0.55,0.0,0.0,Safe LTA EM1-DoubleWick PD-VAL 
671,2025.12.26 01:04:38,1766711078860,XAUUSD,670,1,1,5,0.1,4524.819,584.53,0.0,-21.4,0.0,tp 4524.788
672,2025.12.28 23:30:00,1766964600001,XAUUSD,672,0,0,3,0.14,4536.55,0.0,-0.77,0.0,0.0,Safe LTA EM1-DoubleWick PD-VAH 
673,2025.12.29 00:00:39,1766966439341,XAUUSD,672,1,1,4,0.14,4522.336,-199.0,0.0,0.0,0.0,sl 4522.356
674,2025.12.29 00:45:00,1766969100001,XAUUSD,674,0,0,3,0.1,4490.148,0.0,-0.55,0.0,0.0,Safe LTA EM1-DoubleWick PW-POC 
675,2025.12.29 07:00:05,1766991605190,XAUUSD,674,1,1,4,0.1,4470.723,-194.25,0.0,0.0,0.0,sl 4470.727
676,2026.01.05 01:00:00,1767574800052,XAUUSD,676,0,0,3,0.17,4395.122,0.0,-0.94,0.0,0.0,Safe LTA EM1-DoubleWick PW-VAH 
677,2026.01.05 08:17:02,1767601022684,XAUUSD,676,1,1,5,0.17,4429.031,576.46,0.0,0.0,0.0,tp 4428.983
678,2026.01.06 01:15:00,1767662100207,XAUUSD,678,0,0,3,0.14,4441.859,0.0,-0.77,0.0,0.0,Safe LTA EM1-DoubleWick PD-POC 
679,2026.01.06 14:52:53,1767711173459,XAUUSD,678,1,1,5,0.14,4486.696,627.71,0.0,0.0,0.0,tp 4486.694
680,2026.01.07 01:00:00,1767747600005,XAUUSD,680,0,0,3,0.21,4491.916,0.0,-1.16,0.0,0.0,Safe LTA EM1-DoubleWick PD-VAH 
681,2026.01.07 01:03:03,1767747783170,XAUUSD,680,1,1,4,0.21,4481.997,-208.3,0.0,0.0,0.0,sl 4482.010
682,2026.01.07 02:15:00,1767752100126,XAUUSD,682,0,0,3,0.15,4472.508,0.0,-0.83,0.0,0.0,Safe LTA EM1-DoubleWick PD-POC 
683,2026.01.07 05:33:46,1767764026152,XAUUSD,682,1,1,4,0.15,4458.506,-210.03,0.0,0.0,0.0,sl 4458.513
684,2026.01.13 01:15:00,1768266900230,XAUUSD,684,0,0,3,0.17,4592.591,0.0,-0.94,0.0,0.0,Safe LTA EM1-DoubleWick PD-POC 
685,2026.01.13 01:30:02,1768267802705,XAUUSD,684,1,1,4,0.17,4580.49,-205.72,0.0,0.0,0.0,sl 4580.540
686,2026.01.13 01:45:00,1768268700151,XAUUSD,686,0,0,3,0.22,4583.319,0.0,-1.21,0.0,0.0,Safe LTA EM1-DoubleWick PD-POC 
687,2026.01.13 06:41:46,1768286506447,XAUUSD,686,1,1,4,0.22,4574.286,-198.73,0.0,0.0,0.0,sl 4574.353
688,2026.01.14 17:00:00,1768410000117,XAUUSD,688,0,0,3,0.2,4617.121,0.0,-1.1,0.0,0.0,Safe LTA EM1-DoubleWick PD-VAH 
689,2026.01.14 17:24:53,1768411493506,XAUUSD,688,1,1,4,0.2,4607.213,-198.16,0.0,0.0,0.0,sl 4607.236
690,2026.01.15 01:45:00,1768441500031,XAUUSD,690,0,0,3,0.07,4602.644,0.0,-0.39,0.0,0.0,Safe LTA EM1-DoubleWick Demand(
691,2026.01.16 15:28:59,1768577339510,XAUUSD,690,1,1,4,0.07,4572.232,-212.89,0.0,-3.74,0.0,sl 4572.235
692,2026.01.20 00:15:00,1768868100208,XAUUSD,692,0,0,3,0.44,4668.012,0.0,-2.42,0.0,0.0,Safe LTA EM1-DoubleWick PD-POC 
693,2026.01.20 00:26:09,1768868769313,XAUUSD,692,1,1,4,0.44,4663.61,-193.69,0.0,0.0,0.0,sl 4663.648
694,2026.01.20 01:15:00,1768871700063,XAUUSD,694,0,0,3,0.18,4670.215,0.0,-0.99,0.0,0.0,Safe LTA EM4-Continuation PD-PO
695,2026.01.20 05:34:40,1768887280149,XAUUSD,694,1,1,5,0.18,4703.412,597.55,0.0,0.0,0.0,tp 4703.392
696,2026.01.21 20:00:00,1769025600144,XAUUSD,696,0,0,3,0.07,4781.285,0.0,-0.39,0.0,0.0,Safe LTA EM1-DoubleWick PD-VAH 
697,2026.01.22 15:35:04,1769096104757,XAUUSD,696,1,1,5,0.07,4864.882,585.17,0.0,-11.23,0.0,tp 4864.850
698,2026.01.22 16:15:00,1769098500414,XAUUSD,698,0,0,3,0.14,4873.75,0.0,-0.77,0.0,0.0,Safe LTA EM1-DoubleWick PD-VAH 
699,2026.01.22 18:50:37,1769107837843,XAUUSD,698,1,1,5,0.14,4917.181,608.03,0.0,0.0,0.0,tp 4917.148
700,2026.01.27 01:15:00,1769476500108,XAUUSD,700,0,0,3,0.04,5071.69,0.0,-0.22,0.0,0.0,Safe LTA EM1-DoubleWick PD-VAL 
701,2026.01.28 05:10:12,1769577012103,XAUUSD,700,1,1,5,0.04,5254.141,729.8,0.0,-2.14,0.0,tp 5254.066
702,2026.01.29 16:30:00,1769704200041,XAUUSD,702,0,0,3,0.02,5289.889,0.0,-0.11,0.0,0.0,Safe LTA EM1-DoubleWick Demand(
703,2026.01.30 02:19:07,1769739547455,XAUUSD,702,1,1,4,0.02,5162.607,-254.57,0.0,-1.07,0.0,sl 5162.857
704,2026.01.30 03:00:00,1769742000119,XAUUSD,704,0,0,3,0.03,5224.856,0.0,-0.17,0.0,0.0,Safe LTA EM1-DoubleWick Demand(
705,2026.01.30 07:00:28,1769756428196,XAUUSD,704,1,1,4,0.03,5133.063,-275.38,0.0,0.0,0.0,sl 5133.073
706,2026.02.04 01:15:00,1770167700112,XAUUSD,706,0,0,3,0.03,5051.191,0.0,-0.17,0.0,0.0,Safe LTA EM1-DoubleWick PW-VAL 
707,2026.02.04 04:47:01,1770180421864,XAUUSD,706,1,1,5,0.03,5075.068,71.63,0.0,0.0,0.0,tp 5075.002
708,2026.02.04 15:15:00,1770218100039,XAUUSD,708,0,0,3,0.1,4990.556,0.0,-0.55,0.0,0.0,Safe LTA EM1-DoubleWick PD-VAH 
709,2026.02.04 15:22:41,1770218561653,XAUUSD,708,1,1,4,0.1,4967.645,-229.11,0.0,0.0,0.0,sl 4967.721
710,2026.02.04 16:15:00,1770221700071,XAUUSD,710,0,0,3,0.05,4932.165,0.0,-0.28,0.0,0.0,Safe LTA EM1-DoubleWick PD-POC 
711,2026.02.04 16:23:56,1770222236779,XAUUSD,710,1,1,4,0.05,4890.656,-207.55,0.0,0.0,0.0,sl 4890.706
712,2026.02.05 01:45:00,1770255900171,XAUUSD,712,0,0,3,0.05,4980.1,0.0,-0.28,0.0,0.0,Safe LTA EM1-DoubleWick PD-VAL 
713,2026.02.05 02:07:41,1770257261356,XAUUSD,712,1,1,4,0.05,4933.385,-233.57,0.0,0.0,0.0,sl 4933.439
714,2026.02.05 02:30:00,1770258600197,XAUUSD,714,0,0,3,0.05,4937.024,0.0,-0.28,0.0,0.0,Safe LTA EM1-DoubleWick PD-VAL 
715,2026.02.05 02:45:08,1770259508452,XAUUSD,714,1,1,4,0.05,4891.396,-228.14,0.0,0.0,0.0,sl 4891.489
716,2026.02.08 23:15:00,1770592500067,XAUUSD,716,0,0,3,0.09,4979.888,0.0,-0.5,0.0,0.0,Safe LTA EM1-DoubleWick PD-VAH 
717,2026.02.08 23:26:08,1770593168337,XAUUSD,716,1,1,5,0.09,5010.901,279.12,0.0,0.0,0.0,tp 5010.839
718,2026.02.10 01:15:00,1770686100544,XAUUSD,718,0,0,3,0.08,5031.536,0.0,-0.44,0.0,0.0,Safe LTA EM1-DoubleWick PD-POC 
719,2026.02.10 15:38:24,1770737904904,XAUUSD,718,1,1,4,0.08,5005.368,-209.35,0.0,0.0,0.0,sl 5006.100
720,2026.02.10 16:00:00,1770739200103,XAUUSD,720,0,0,3,0.09,5019.931,0.0,-0.5,0.0,0.0,Safe LTA EM1-DoubleWick PD-POC 
721,2026.02.11 10:44:10,1770806650563,XAUUSD,720,1,1,5,0.09,5090.198,632.4,0.0,-4.8100000000000005,0.0,tp 5090.008
722,2026.02.11 13:00:00,1770814800146,XAUUSD,722,0,0,3,0.06,5083.512,0.0,-0.33,0.0,0.0,Safe LTA EM1-DoubleWick Demand(
723,2026.02.11 13:30:28,1770816628331,XAUUSD,722,1,1,4,0.06,5044.006,-237.03,0.0,0.0,0.0,sl 5044.482
724,2026.02.11 14:00:00,1770818400469,XAUUSD,724,0,0,3,0.05,5065.919,0.0,-0.28,0.0,0.0,Safe LTA EM1-DoubleWick Demand(
725,2026.02.12 16:11:43,1770912703284,XAUUSD,724,1,1,4,0.05,5015.974,-249.73,0.0,-8.02,0.0,sl 5016.233
726,2026.02.12 17:00:00,1770915600104,XAUUSD,726,0,0,3,0.04,4954.793,0.0,-0.22,0.0,0.0,Safe LTA EM1-DoubleWick PW-POC 
727,2026.02.12 17:07:25,1770916045709,XAUUSD,726,1,1,5,0.04,4962.744,31.81,0.0,0.0,0.0,tp 4962.641
728,2026.02.12 17:15:00,1770916500155,XAUUSD,728,0,0,3,0.07,4959.398,0.0,-0.39,0.0,0.0,Safe LTA EM1-DoubleWick PW-VAH 
729,2026.02.12 17:16:59,1770916619415,XAUUSD,728,1,1,5,0.07,4962.696,23.08,0.0,0.0,0.0,tp 4962.641
730,2026.02.12 17:30:00,1770917400106,XAUUSD,730,0,0,3,0.07,4965.596,0.0,-0.39,0.0,0.0,Safe LTA EM1-DoubleWick PW-VAH 
731,2026.02.12 18:00:27,1770919227118,XAUUSD,730,1,1,4,0.07,4935.267,-212.3,0.0,0.0,0.0,sl 4935.362
732,2026.02.16 16:30:00,1771259400176,XAUUSD,732,0,0,3,0.15,4986.299,0.0,-0.83,0.0,0.0,Safe LTA EM1-DoubleWick PW-VAL 
733,2026.02.16 16:30:10,1771259410196,XAUUSD,732,1,1,5,0.15,4987.698,20.98,0.0,0.0,0.0,tp 4987.641
734,2026.02.16 23:30:00,1771284600147,XAUUSD,734,0,0,3,0.21,4994.493,0.0,-1.16,0.0,0.0,Safe LTA EM1-DoubleWick PW-VAL 
735,2026.02.17 00:04:20,1771286660258,XAUUSD,734,1,1,4,0.21,4984.623,-207.27,0.0,-11.23,0.0,sl 4984.719
736,2026.02.19 08:15:00,1771488900173,XAUUSD,736,0,0,3,0.32,5011.741,0.0,-1.76,0.0,0.0,Safe LTA EM1-DoubleWick PD-VAH 
737,2026.02.19 09:28:37,1771493317389,XAUUSD,736,1,1,4,0.32,5004.604,-228.38,0.0,0.0,0.0,sl 5005.429
738,2026.02.19 10:45:00,1771497900853,XAUUSD,738,0,0,3,0.24,4988.864,0.0,-1.32,0.0,0.0,Safe LTA EM1-DoubleWick PW-VAL 
739,2026.02.19 11:17:02,1771499822032,XAUUSD,738,1,1,4,0.24,4980.384,-203.52,0.0,0.0,0.0,sl 4980.461
740,2026.02.20 01:00:00,1771549200436,XAUUSD,740,0,0,3,0.1,5006.494,0.0,-0.55,0.0,0.0,Safe LTA EM1-DoubleWick PW-VAL 
741,2026.02.20 03:42:00,1771558920177,XAUUSD,740,1,1,4,0.1,4986.142,-203.52,0.0,0.0,0.0,sl 4986.236
742,2026.02.20 04:00:00,1771560000023,XAUUSD,742,0,0,3,0.25,4988.419,0.0,-1.38,0.0,0.0,Safe LTA EM1-DoubleWick PW-VAL 
743,2026.02.20 08:58:13,1771577893005,XAUUSD,742,1,1,5,0.25,5031.03,1065.27,0.0,0.0,0.0,tp 5030.904
744,2026.02.20 12:45:00,1771591500107,XAUUSD,744,0,0,3,0.11,5025.121,0.0,-0.61,0.0,0.0,Safe LTA EM1-DoubleWick PD-VAH 
745,2026.02.20 13:20:15,1771593615246,XAUUSD,744,1,1,5,0.11,5030.912,63.7,0.0,0.0,0.0,tp 5030.904
746,2026.02.20 13:45:00,1771595100023,XAUUSD,746,0,0,3,0.15,5030.984,0.0,-0.83,0.0,0.0,Safe LTA EM1-DoubleWick PW-POC 
747,2026.02.20 15:03:56,1771599836733,XAUUSD,746,1,1,4,0.15,5016.428,-218.34,0.0,0.0,0.0,sl 5017.185
748,2026.02.20 15:30:00,1771601400026,XAUUSD,748,0,0,3,0.06,5025.685,0.0,-0.33,0.0,0.0,Safe LTA EM1-DoubleWick PW-VAL 
749,2026.02.20 15:37:30,1771601850174,XAUUSD,748,1,1,5,0.06,5031.039,32.12,0.0,0.0,0.0,tp 5030.904
750,2026.02.20 15:45:00,1771602300097,XAUUSD,750,0,0,3,0.06,5045.279,0.0,-0.33,0.0,0.0,Safe LTA EM1-DoubleWick PW-POC 
751,2026.02.20 20:18:54,1771618734169,XAUUSD,750,1,1,5,0.06,5081.693,218.49,0.0,0.0,0.0,tp 5081.690
752,2026.02.23 16:15:00,1771863300845,XAUUSD,752,0,0,3,0.03,5202.526,0.0,-0.17,0.0,0.0,Safe LTA EM1-DoubleWick Demand(
753,2026.02.24 13:59:25,1771941565742,XAUUSD,752,1,1,4,0.03,5120.049,-247.43,0.0,-1.6,0.0,sl 5120.522
754,2026.02.24 14:30:00,1771943400023,XAUUSD,754,0,0,3,0.09,5115.404,0.0,-0.5,0.0,0.0,Safe LTA EM1-DoubleWick Demand(
755,2026.02.25 01:21:50,1771982510096,XAUUSD,754,1,1,5,0.09,5186.245,637.57,0.0,-4.8100000000000005,0.0,tp 5186.117
756,2026.02.26 00:15:00,1772064900099,XAUUSD,756,0,0,3,0.05,5168.009,0.0,-0.28,0.0,0.0,Safe LTA EM1-DoubleWick Demand(
757,2026.03.01 23:01:31,1772406091816,XAUUSD,756,1,1,5,0.05,5319.478,757.34,0.0,-5.34,0.0,tp 5310.461
758,2026.03.03 02:15:00,1772504100015,XAUUSD,758,0,0,3,0.12,5350.196,0.0,-0.66,0.0,0.0,Safe LTA EM1-DoubleWick PD-POC 
759,2026.03.03 05:48:40,1772516920420,XAUUSD,758,1,1,4,0.12,5330.881,-231.78,0.0,0.0,0.0,sl 5330.977
760,2026.03.03 07:00:00,1772521200115,XAUUSD,760,0,0,3,0.1,5310.389,0.0,-0.55,0.0,0.0,Safe LTA EM1-DoubleWick PD-VAL 
761,2026.03.03 09:05:00,1772528700258,XAUUSD,760,1,1,4,0.1,5288.643,-217.46,0.0,0.0,0.0,sl 5288.682
762,2026.03.05 13:45:00,1772718300040,XAUUSD,762,0,0,3,0.05,5131.546,0.0,-0.28,0.0,0.0,Safe LTA EM1-DoubleWick PD-VAL 
763,2026.03.05 15:08:39,1772723319213,XAUUSD,762,1,1,4,0.05,5079.844,-258.51,0.0,0.0,0.0,sl 5080.125
764,2026.03.10 02:00:00,1773108000259,XAUUSD,764,0,0,3,0.07,5184.348,0.0,-0.39,0.0,0.0,Safe LTA EM1-DoubleWick PW-POC 
765,2026.03.10 13:18:58,1773148738824,XAUUSD,764,1,1,5,0.07,5214.377,210.2,0.0,0.0,0.0,tp 5214.224
766,2026.03.10 20:00:00,1773172800093,XAUUSD,766,0,0,3,0.03,5198.924,0.0,-0.17,0.0,0.0,Safe LTA EM1-DoubleWick Demand(
767,2026.03.11 00:26:25,1773188785963,XAUUSD,766,1,1,5,0.03,5214.262,46.02,0.0,-1.6,0.0,tp 5214.224
768,2026.03.23 00:15:00,1774224900105,XAUUSD,768,1,0,3,0.04,4436.906,0.0,-0.22,0.0,0.0,Safe LTA EM4-Continuation PD-VA
769,2026.03.23 06:28:19,1774247299117,XAUUSD,768,0,1,5,0.04,4256.801,720.42,0.0,0.0,0.0,tp 4256.813
770,2026.03.24 01:45:00,1774316700004,XAUUSD,770,1,0,3,0.05,4321.438,0.0,-0.28,0.0,0.0,Safe LTA EM1-DoubleWick PD-VAL 
771,2026.03.24 02:36:12,1774319772790,XAUUSD,770,0,1,4,0.05,4373.112,-258.37,0.0,0.0,0.0,sl 4373.065
772,2026.03.24 12:00:00,1774353600080,XAUUSD,772,1,0,3,0.09,4407.856,0.0,-0.5,0.0,0.0,Safe LTA EM1-DoubleWick PD-POC 
773,2026.03.24 20:23:44,1774383824596,XAUUSD,772,0,1,4,0.09,4434.492,-239.73,0.0,0.0,0.0,sl 4434.433
774,2026.03.27 03:15:00,1774581300003,XAUUSD,774,1,0,3,0.17,4429.715,0.0,-0.94,0.0,0.0,Safe LTA EM1-DoubleWick PD-POC 
775,2026.03.27 03:39:55,1774582795172,XAUUSD,774,0,1,4,0.17,4442.521,-217.7,0.0,0.0,0.0,sl 4442.484
776,2026.03.27 06:00:00,1774591200093,XAUUSD,776,1,0,3,0.1,4454.679,0.0,-0.55,0.0,0.0,Safe LTA EM1-DoubleWick PD-VAH 
777,2026.03.27 14:50:35,1774623035115,XAUUSD,776,0,1,4,0.1,4476.791,-221.12,0.0,0.0,0.0,sl 4476.723
778,2026.04.05 22:15:00,1775427300145,XAUUSD,778,1,0,3,0.05,4630.573,0.0,-0.28,0.0,0.0,Safe LTA EM4-Continuation PD-PO
779,2026.04.06 05:20:22,1775452822470,XAUUSD,778,0,1,4,0.05,4678.58,-240.03,0.0,0.0,0.0,sl 4678.549
780,2026.04.06 10:00:00,1775469600098,XAUUSD,780,1,0,3,0.15,4693.83,0.0,-0.83,0.0,0.0,Safe LTA EM1-DoubleWick PW-VAH 
781,2026.04.06 12:21:07,1775478067658,XAUUSD,780,0,1,5,0.15,4666.157,415.09,0.0,0.0,0.0,tp 4666.230
782,2026.04.06 12:30:00,1775478600118,XAUUSD,782,1,0,3,0.1,4666.297,0.0,-0.55,0.0,0.0,Safe LTA EM1-DoubleWick PW-POC 
783,2026.04.06 12:30:03,1775478603736,XAUUSD,782,0,1,5,0.1,4666.216,0.81,0.0,0.0,0.0,tp 4666.230
784,2026.04.06 13:30:00,1775482200099,XAUUSD,784,1,0,3,0.21,4668.978,0.0,-1.16,0.0,0.0,Safe LTA EM1-DoubleWick PW-POC 
785,2026.04.06 13:32:33,1775482353360,XAUUSD,784,0,1,5,0.21,4666.202,58.3,0.0,0.0,0.0,tp 4666.230
786,2026.04.06 13:45:00,1775483100215,XAUUSD,786,1,0,3,0.15,4665.893,0.0,-0.83,0.0,0.0,Safe LTA EM1-DoubleWick PW-POC 
787,2026.04.06 13:56:43,1775483803836,XAUUSD,786,0,1,4,0.15,4680.588,-220.42,0.0,0.0,0.0,sl 4680.535
788,2026.04.06 15:15:00,1775488500046,XAUUSD,788,1,0,3,0.08,4662.505,0.0,-0.44,0.0,0.0,Safe LTA EM1-DoubleWick PW-POC 
789,2026.04.07 08:23:47,1775550227093,XAUUSD,788,0,1,4,0.08,4690.447,-223.54,0.0,0.0,0.0,sl 4690.421
790,2026.04.09 12:15:00,1775736900565,XAUUSD,790,1,0,3,0.12,4742.777,0.0,-0.66,0.0,0.0,Safe LTA EM4-Continuation PD-VA
791,2026.04.09 13:35:10,1775741710382,XAUUSD,790,0,1,4,0.12,4761.135,-220.3,0.0,0.0,0.0,sl 4760.999
792,2026.04.09 16:15:00,1775751300063,XAUUSD,792,1,0,3,0.15,4788.398,0.0,-0.83,0.0,0.0,Safe LTA EM1-DoubleWick PD-POC 
793,2026.04.12 22:06:02,1776031562568,XAUUSD,792,0,1,5,0.15,4670.508,1768.35,0.0,0.0,0.0,tp 4704.999
794,2026.04.14 01:00:00,1776128400168,XAUUSD,794,1,0,3,0.32,4769.791,0.0,-1.76,0.0,0.0,Safe LTA EM1-DoubleWick PW-VAH 
795,2026.04.14 01:00:00,1776128400477,XAUUSD,794,0,1,5,0.32,4769.152,20.45,0.0,0.0,0.0,tp 4769.212
796,2026.04.14 05:45:00,1776145500120,XAUUSD,796,1,0,3,0.29,4761.209,0.0,-1.6,0.0,0.0,Safe LTA EM1-DoubleWick PW-VAH 
797,2026.04.14 06:07:49,1776146869742,XAUUSD,796,0,1,4,0.29,4769.219,-232.29,0.0,0.0,0.0,sl 4768.981
798,2026.04.16 14:00:00,1776348000078,XAUUSD,798,1,0,3,0.08,4794.764,0.0,-0.44,0.0,0.0,Safe LTA EM1-DoubleWick PD-VAL 
799,2026.04.17 01:28:49,1776389329230,XAUUSD,798,0,1,5,0.08,4769.202,204.49,0.0,0.0,0.0,tp 4769.212
800,2026.04.17 01:30:00,1776389400114,XAUUSD,800,1,0,3,0.09,4769.008,0.0,-0.5,0.0,0.0,Safe LTA EM1-DoubleWick PW-VAH 
801,2026.04.17 03:06:10,1776395170764,XAUUSD,800,0,1,4,0.09,4796.674,-249.0,0.0,0.0,0.0,sl 4796.635
802,2026.04.17 03:30:00,1776396600227,XAUUSD,802,1,0,3,0.42,4794.118,0.0,-2.31,0.0,0.0,Safe LTA EM1-DoubleWick PD-POC 
803,2026.04.17 04:39:08,1776400748878,XAUUSD,802,0,1,4,0.42,4799.646,-232.17,0.0,0.0,0.0,sl 4799.388
804,2026.04.21 01:15:00,1776734100363,XAUUSD,804,1,0,3,0.18,4814.991,0.0,-0.99,0.0,0.0,Safe LTA EM1-DoubleWick PD-VAH 
805,2026.04.21 04:24:18,1776745458700,XAUUSD,804,0,1,5,0.18,4791.823,417.03,0.0,0.0,0.0,tp 4792.021
806,2026.04.21 06:00:00,1776751200126,XAUUSD,806,1,0,3,0.17,4784.318,0.0,-0.94,0.0,0.0,Safe LTA EM4-Continuation PW-PO
807,2026.04.21 11:48:16,1776772096418,XAUUSD,806,0,1,4,0.17,4797.777,-228.8,0.0,0.0,0.0,sl 4797.648
808,2026.04.21 12:15:00,1776773700316,XAUUSD,808,1,0,3,0.29,4791.405,0.0,-1.6,0.0,0.0,Safe LTA EM1-DoubleWick PW-POC 
809,2026.04.21 14:40:18,1776782418209,XAUUSD,808,0,1,5,0.29,4759.298,931.11,0.0,0.0,0.0,tp 4759.410
810,2026.04.21 15:30:00,1776785400070,XAUUSD,810,1,0,3,0.14,4742.58,0.0,-0.77,0.0,0.0,Safe LTA EM1-DoubleWick PW-VAL 
811,2026.04.21 19:41:55,1776800515552,XAUUSD,810,0,1,5,0.14,4690.818,724.67,0.0,0.0,0.0,tp 4691.190
812,2026.04.22 08:15:00,1776845700114,XAUUSD,812,1,0,3,0.34,4758.008,0.0,-1.87,0.0,0.0,Safe LTA EM1-DoubleWick PW-VAL 
813,2026.04.22 13:18:22,1776863902703,XAUUSD,812,0,1,5,0.34,4736.658,725.9,0.0,0.0,0.0,tp 4736.666
814,2026.04.22 14:00:00,1776866400093,XAUUSD,814,1,0,3,0.27,4752.866,0.0,-1.49,0.0,0.0,Safe LTA EM1-DoubleWick PW-VAL 
815,2026.04.22 15:51:43,1776873103655,XAUUSD,814,0,1,5,0.27,4725.744,732.29,0.0,0.0,0.0,tp 4725.836
816,2026.04.23 01:15:00,1776906900219,XAUUSD,816,1,0,3,0.14,4736.956,0.0,-0.77,0.0,0.0,Safe LTA EM1-DoubleWick PD-VAL 
817,2026.04.23 17:42:52,1776966172695,XAUUSD,816,0,1,5,0.14,4681.917,770.54,0.0,0.0,0.0,tp 4681.954
818,2026.04.24 00:45:00,1776991500179,XAUUSD,818,1,0,3,0.37,4701.712,0.0,-2.04,0.0,0.0,Safe LTA EM1-DoubleWick PD-POC 
819,2026.04.24 01:11:21,1776993081811,XAUUSD,818,0,1,4,0.37,4708.849,-264.07,0.0,0.0,0.0,sl 4708.744
820,2026.04.24 01:45:00,1776995100034,XAUUSD,820,1,0,3,0.13,4691.029,0.0,-0.72,0.0,0.0,Safe LTA EM1-DoubleWick PD-VAL 
821,2026.04.24 11:24:31,1777029871300,XAUUSD,820,0,1,4,0.13,4712.151,-274.58,0.0,0.0,0.0,sl 4712.148
822,2026.04.26 22:15:00,1777241700085,XAUUSD,822,1,0,3,0.11,4685.423,0.0,-0.61,0.0,0.0,Safe LTA EM1-DoubleWick PD-VAL 
823,2026.04.27 02:37:17,1777257437285,XAUUSD,822,0,1,4,0.11,4710.289,-273.53,0.0,0.0,0.0,sl 4710.149
824,2026.04.28 02:00:00,1777341600184,XAUUSD,824,1,0,3,0.12,4670.951,0.0,-0.66,0.0,0.0,Safe LTA EM1-DoubleWick PW-VAL 
825,2026.04.28 09:56:35,1777370195771,XAUUSD,824,0,1,5,0.12,4607.297,763.85,0.0,0.0,0.0,tp 4607.396
826,2026.04.29 01:30:00,1777426200282,XAUUSD,826,1,0,3,0.13,4580.447,0.0,-0.72,0.0,0.0,Safe LTA EM1-DoubleWick PD-POC 
827,2026.04.29 02:07:46,1777428466984,XAUUSD,826,0,1,4,0.13,4601.616,-275.2,0.0,0.0,0.0,sl 4601.510
828,2026.04.29 02:45:00,1777430700044,XAUUSD,828,1,0,3,0.31,4597.11,0.0,-1.71,0.0,0.0,Safe LTA EM1-DoubleWick PD-POC 
829,2026.04.29 04:36:11,1777437371483,XAUUSD,828,0,1,4,0.31,4605.487,-259.69,0.0,0.0,0.0,sl 4605.390
830,2026.04.30 01:15:00,1777511700151,XAUUSD,830,1,0,3,0.41,4568.671,0.0,-2.26,0.0,0.0,Safe LTA EM1-DoubleWick PD-VAH 
831,2026.04.30 01:27:53,1777512473944,XAUUSD,830,0,1,4,0.41,4574.996,-259.33,0.0,0.0,0.0,sl 4574.932
832,2026.05.04 15:30:00,1777908600016,XAUUSD,832,1,0,3,0.09,4537.847,0.0,-0.5,0.0,0.0,Safe LTA EM1-DoubleWick PW-VAL 
833,2026.05.05 12:21:26,1777983686458,XAUUSD,832,0,1,4,0.09,4568.307,-274.14,0.0,0.0,0.0,sl 4568.015
834,2026.05.06 01:15:00,1778030100171,XAUUSD,834,1,0,3,0.2,4611.67,0.0,-1.1,0.0,0.0,Safe LTA EM1-DoubleWick PW-POC 
835,2026.05.06 01:25:51,1778030751830,XAUUSD,834,0,1,4,0.2,4624.127,-249.14,0.0,0.0,0.0,sl 4624.094
836,2026.05.20 00:00:00,1779235200107,XAUUSD,836,1,0,3,0.32,4489.513,0.0,-1.76,0.0,0.0,Safe LTA EM1-DoubleWick PD-VAL 
837,2026.05.20 00:25:42,1779236742158,XAUUSD,836,0,1,4,0.32,4497.241,-247.29,0.0,0.0,0.0,sl 4497.160
838,2026.05.20 01:15:00,1779239700133,XAUUSD,838,1,0,3,0.14,4492.822,0.0,-0.77,0.0,0.0,Safe LTA EM1-DoubleWick PD-VAL 
839,2026.05.20 14:22:28,1779286948231,XAUUSD,838,0,1,4,0.14,4510.206,-243.37,0.0,0.0,0.0,sl 4510.196
840,2026.05.25 00:30:00,1779669000118,XAUUSD,840,1,0,3,0.54,4572.468,0.0,-2.9699999999999998,0.0,0.0,Safe LTA EM1-DoubleWick PD-POC 
841,2026.05.25 00:49:41,1779670181491,XAUUSD,840,0,1,4,0.54,4577.006,-245.05,0.0,0.0,0.0,sl 4576.943
842,2026.05.25 01:00:00,1779670800294,XAUUSD,842,1,0,3,0.2,4569.295,0.0,-1.1,0.0,0.0,Safe LTA EM1-DoubleWick PD-POC 
843,2026.05.25 06:05:14,1779689114478,XAUUSD,842,0,1,5,0.2,4551.156,362.78,0.0,0.0,0.0,tp 4551.201
844,2026.05.27 05:30:00,1779859800132,XAUUSD,844,1,0,3,0.32,4507.11,0.0,-1.76,0.0,0.0,Safe LTA EM1-DoubleWick PD-POC 
845,2026.05.27 05:33:30,1779860010874,XAUUSD,844,0,1,5,0.32,4493.859,424.03,0.0,0.0,0.0,tp 4493.864
846,2026.05.27 06:15:00,1779862500735,XAUUSD,846,1,0,3,0.28,4494.402,0.0,-1.54,0.0,0.0,Safe LTA EM1-DoubleWick PW-VAL 
847,2026.05.27 06:16:57,1779862617646,XAUUSD,846,0,1,5,0.28,4493.619,21.93,0.0,0.0,0.0,tp 4493.864
848,2026.05.27 06:30:00,1779863400173,XAUUSD,848,1,0,3,0.18,4486.455,0.0,-0.99,0.0,0.0,Safe LTA EM1-DoubleWick PW-VAL 
849,2026.05.27 10:48:33,1779878913054,XAUUSD,848,0,1,5,0.18,4444.623,752.98,0.0,0.0,0.0,tp 4444.680
850,2026.05.28 00:00:00,1779926400076,XAUUSD,850,1,0,3,0.34,4447.316,0.0,-1.87,0.0,0.0,Safe LTA EM1-DoubleWick PD-POC 
851,2026.05.28 00:46:26,1779929186801,XAUUSD,850,0,1,4,0.34,4454.919,-258.51,0.0,0.0,0.0,sl 4454.870
852,2026.05.28 01:15:00,1779930900155,XAUUSD,852,1,0,3,0.12,4438.373,0.0,-0.66,0.0,0.0,Safe LTA EM4-Continuation PD-PO
853,2026.05.28 03:38:20,1779939500151,XAUUSD,852,0,1,5,0.12,4373.594,777.35,0.0,0.0,0.0,tp 4373.603
854,2026.05.28 11:00:00,1779966000098,XAUUSD,854,1,0,3,0.13,4382.963,0.0,-0.72,0.0,0.0,Safe LTA EM4-Continuation PD-VA
855,2026.05.28 12:45:59,1779972359602,XAUUSD,854,0,1,4,0.13,4403.808,-270.98,0.0,0.0,0.0,sl 4403.736
856,2026.05.28 23:45:00,1780011900138,XAUUSD,856,1,0,3,0.07,4490.185,0.0,-0.39,0.0,0.0,Safe LTA EM1-DoubleWick Supply(
857,2026.05.29 09:13:23,1780046003211,XAUUSD,856,0,1,4,0.07,4528.624,-269.07,0.0,0.0,0.0,sl 4528.573
858,2026.06.02 12:45:00,1780404300118,XAUUSD,858,1,0,3,0.26,4525.051,0.0,-1.43,0.0,0.0,Safe LTA EM1-DoubleWick PD-VAH 
859,2026.06.02 13:30:10,1780407010893,XAUUSD,858,0,1,5,0.26,4507.539,455.32,0.0,0.0,0.0,tp 4507.658
860,2026.06.02 13:45:00,1780407900109,XAUUSD,860,1,0,3,0.27,4508.632,0.0,-1.49,0.0,0.0,Safe LTA EM1-DoubleWick PW-POC 
861,2026.06.02 13:47:35,1780408055554,XAUUSD,860,0,1,5,0.27,4507.422,32.67,0.0,0.0,0.0,tp 4507.658
862,2026.06.02 14:00:00,1780408800081,XAUUSD,862,1,0,3,0.21,4502.962,0.0,-1.16,0.0,0.0,Safe LTA EM1-DoubleWick PW-POC 
863,2026.06.03 08:00:11,1780473611460,XAUUSD,862,0,1,5,0.21,4452.205,1065.89,0.0,0.0,0.0,tp 4452.208
864,2026.06.03 09:00:00,1780477200082,XAUUSD,864,1,0,3,0.17,4443.846,0.0,-0.94,0.0,0.0,Safe LTA EM1-DoubleWick PW-VAL 
865,2026.06.03 10:07:04,1780481224962,XAUUSD,864,0,1,4,0.17,4460.32,-280.06,0.0,0.0,0.0,sl 4460.258
866,2026.06.03 12:30:00,1780489800085,XAUUSD,866,1,0,3,0.21,4453.09,0.0,-1.16,0.0,0.0,Safe LTA EM1-DoubleWick PW-VAL 
867,2026.06.03 12:30:22,1780489822754,XAUUSD,866,0,1,5,0.21,4452.041,22.03,0.0,0.0,0.0,tp 4452.208
868,2026.06.03 13:30:00,1780493400092,XAUUSD,868,1,0,3,0.15,4448.616,0.0,-0.83,0.0,0.0,Safe LTA EM1-DoubleWick PW-VAL 
869,2026.06.04 01:12:57,1780535577946,XAUUSD,868,0,1,4,0.15,4467.478,-282.93,0.0,0.0,0.0,sl 4467.404
870,2026.06.04 01:45:00,1780537500034,XAUUSD,870,1,0,3,0.17,4459.5,0.0,-0.94,0.0,0.0,Safe LTA EM1-DoubleWick PD-POC 
871,2026.06.04 02:52:13,1780541533713,XAUUSD,870,0,1,4,0.17,4475.113,-265.42,0.0,0.0,0.0,sl 4475.061
872,2026.06.08 02:00:00,1780884000043,XAUUSD,872,1,0,3,0.48,4325.967,0.0,-2.64,0.0,0.0,Safe LTA EM1-DoubleWick PD-POC 
873,2026.06.08 02:31:33,1780885893932,XAUUSD,872,0,1,5,0.48,4309.539,788.55,0.0,0.0,0.0,tp 4309.542
874,2026.06.08 03:00:00,1780887600118,XAUUSD,874,1,0,3,0.23,4310.769,0.0,-1.27,0.0,0.0,Safe LTA EM1-DoubleWick PD-VAL 
875,2026.06.08 05:37:21,1780897041918,XAUUSD,874,0,1,5,0.23,4275.557,809.88,0.0,0.0,0.0,tp 4275.567
876,2026.06.08 05:45:00,1780897500307,XAUUSD,876,1,0,3,0.11,4288.255,0.0,-0.61,0.0,0.0,Safe LTA EM1-DoubleWick PD-VAL 
877,2026.06.08 07:25:45,1780903545011,XAUUSD,876,0,1,4,0.11,4315.753,-302.47,0.0,0.0,0.0,sl 4315.575
878,2026.06.08 11:45:00,1780919100123,XAUUSD,878,1,0,3,0.26,4324.345,0.0,-1.43,0.0,0.0,Safe LTA EM1-DoubleWick PD-POC 
879,2026.06.08 12:08:37,1780920517847,XAUUSD,878,0,1,4,0.26,4335.005,-277.16,0.0,0.0,0.0,sl 4334.951
880,2026.06.08 12:15:00,1780920900025,XAUUSD,880,1,0,3,0.2,4322.826,0.0,-1.1,0.0,0.0,Safe LTA EM1-DoubleWick PD-POC 
881,2026.06.08 12:42:33,1780922553334,XAUUSD,880,0,1,4,0.2,4337.479,-293.06,0.0,0.0,0.0,sl 4336.464
882,2026.06.08 14:00:00,1780927200090,XAUUSD,882,1,0,3,0.13,4327.162,0.0,-0.72,0.0,0.0,Safe LTA EM1-DoubleWick PD-POC 
883,2026.06.09 05:42:01,1780983721704,XAUUSD,882,0,1,4,0.13,4348.652,-279.37,0.0,0.0,0.0,sl 4348.551
884,2026.06.09 06:15:00,1780985700065,XAUUSD,884,1,0,3,0.31,4341.463,0.0,-1.71,0.0,0.0,Safe LTA EM1-DoubleWick PD-VAH 
885,2026.06.09 13:48:46,1781012926570,XAUUSD,884,0,1,4,0.31,4350.237,-272.0,0.0,0.0,0.0,sl 4350.158
886,2026.06.11 06:15:00,1781158500087,XAUUSD,886,1,0,3,0.11,4084.174,0.0,-0.61,0.0,0.0,Safe LTA EM1-DoubleWick PD-VAL 
887,2026.06.11 07:24:37,1781162677017,XAUUSD,886,0,1,4,0.11,4108.128,-263.5,0.0,0.0,0.0,sl 4108.086
888,2026.06.17 14:00:00,1781704800009,XAUUSD,888,1,0,3,0.43,4339.989,0.0,-2.37,0.0,0.0,Safe LTA EM1-DoubleWick PD-POC 
889,2026.06.17 14:07:34,1781705254228,XAUUSD,888,0,1,4,0.43,4346.148,-264.83,0.0,0.0,0.0,sl 4346.132
890,2026.06.18 02:45:00,1781750700035,XAUUSD,890,1,0,3,0.08,4316.693,0.0,-0.44,0.0,0.0,Safe LTA EM1-DoubleWick Supply(
891,2026.06.19 04:35:22,1781843722802,XAUUSD,890,0,1,5,0.08,4140.606,1408.69,0.0,0.0,0.0,tp 4140.651
892,2026.06.19 04:45:00,1781844300538,XAUUSD,892,1,0,3,0.18,4135.555,0.0,-0.99,0.0,0.0,Safe LTA EM1-DoubleWick PW-VAL 
893,2026.06.19 07:00:37,1781852437983,XAUUSD,892,0,1,4,0.18,4151.079,-279.43,0.0,0.0,0.0,sl 4151.079
894,2026.06.24 00:30:00,1782261000411,XAUUSD,894,1,0,3,0.2,4099.783,0.0,-1.1,0.0,0.0,Safe LTA EM1-DoubleWick PD-VAL 
895,2026.06.24 02:41:19,1782268879529,XAUUSD,894,0,1,5,0.2,4059.564,804.38,0.0,0.0,0.0,tp 4059.640
896,2026.06.25 00:15:00,1782346500101,XAUUSD,896,1,0,3,0.21,4005.811,0.0,-1.16,0.0,0.0,Safe LTA EM1-DoubleWick PD-POC 
897,2026.06.25 02:08:32,1782353312953,XAUUSD,896,0,1,5,0.21,3966.298,829.77,0.0,0.0,0.0,tp 3966.442
898,2026.06.25 02:15:00,1782353700131,XAUUSD,898,1,0,3,0.13,3967.855,0.0,-0.72,0.0,0.0,Safe LTA EM1-DoubleWick PD-VAL 
899,2026.06.25 02:22:40,1782354160341,XAUUSD,898,0,1,4,0.13,3990.667,-296.55,0.0,0.0,0.0,sl 3990.433
900,2026.06.25 13:45:00,1782395100001,XAUUSD,900,1,0,3,0.14,4012.09,0.0,-0.77,0.0,0.0,Safe LTA EM1-DoubleWick PD-POC 
901,2026.06.25 15:22:27,1782400947830,XAUUSD,900,0,1,4,0.14,4033.273,-296.56,0.0,0.0,0.0,sl 4033.213
902,2026.06.26 00:00:00,1782432000083,XAUUSD,902,1,0,3,0.17,4014.69,0.0,-0.94,0.0,0.0,Safe LTA EM4-Continuation PD-VA
903,2026.06.26 06:57:08,1782457028582,XAUUSD,902,0,1,4,0.17,4031.423,-284.46,0.0,0.0,0.0,sl 4031.404
904,2026.06.29 23:45:00,1782776700104,XAUUSD,904,1,0,3,0.35,4015.367,0.0,-1.9300000000000002,0.0,0.0,Safe LTA EM1-DoubleWick PW-POC 
905,2026.06.29 23:45:07,1782776707438,XAUUSD,904,0,1,5,0.35,4014.241,39.41,0.0,0.0,0.0,tp 4014.263
906,2026.06.30 00:00:00,1782777600149,XAUUSD,906,1,0,3,0.37,4015.07,0.0,-2.04,0.0,0.0,Safe LTA EM1-DoubleWick PW-POC 
907,2026.06.30 00:00:00,1782777600389,XAUUSD,906,0,1,5,0.37,4014.254,30.19,0.0,0.0,0.0,tp 4014.263
908,2026.06.30 00:15:00,1782778500007,XAUUSD,908,1,0,3,0.32,4010.243,0.0,-1.76,0.0,0.0,Safe LTA EM1-DoubleWick PW-POC 
909,2026.06.30 01:06:43,1782781603332,XAUUSD,908,0,1,5,0.32,3966.977,1384.52,0.0,0.0,0.0,tp 3967.116
910,2026.06.30 02:15:00,1782785700600,XAUUSD,910,1,0,3,0.17,3957.666,0.0,-0.94,0.0,0.0,Safe LTA EM1-DoubleWick PW-VAL 
911,2026.06.30 04:20:25,1782793225701,XAUUSD,910,0,1,4,0.17,3975.595,-304.8,0.0,0.0,0.0,sl 3975.571
912,2026.06.30 12:15:00,1782821700124,XAUUSD,912,1,0,3,0.26,4026.783,0.0,-1.43,0.0,0.0,Safe LTA EM1-DoubleWick PD-VAL 
913,2026.06.30 12:36:16,1782822976462,XAUUSD,912,0,1,5,0.26,4014.239,326.15,0.0,0.0,0.0,tp 4014.263
914,2026.06.30 13:00:00,1782824400030,XAUUSD,914,1,0,3,0.23,4009.839,0.0,-1.27,0.0,0.0,Safe LTA EM1-DoubleWick PW-POC 
915,2026.06.30 13:09:49,1782824989380,XAUUSD,914,0,1,4,0.23,4022.819,-298.54,0.0,0.0,0.0,sl 4022.819
916,2026.06.30 14:45:00,1782830700031,XAUUSD,916,1,0,3,0.22,4051.342,0.0,-1.21,0.0,0.0,Safe LTA EM1-DoubleWick PD-POC 
917,2026.06.30 20:00:22,1782849622796,XAUUSD,916,0,1,5,0.22,4014.245,816.13,0.0,0.0,0.0,tp 4014.263
918,2026.07.01 01:15:00,1782868500056,XAUUSD,918,1,0,3,0.18,3984.358,0.0,-0.99,0.0,0.0,Safe LTA EM1-DoubleWick PD-VAL 
919,2026.07.01 06:07:16,1782886036684,XAUUSD,918,0,1,5,0.18,3967.065,311.27,0.0,0.0,0.0,tp 3967.116
920,2026.07.01 06:15:00,1782886500129,XAUUSD,920,1,0,3,0.21,3965.116,0.0,-1.16,0.0,0.0,Safe LTA EM1-DoubleWick PW-VAL 
921,2026.07.01 08:17:04,1782893824472,XAUUSD,920,0,1,4,0.21,3979.893,-310.31,0.0,0.0,0.0,sl 3979.844
922,2026.07.01 12:15:00,1782908100101,XAUUSD,922,1,0,3,0.2,4021.959,0.0,-1.1,0.0,0.0,Safe LTA EM1-DoubleWick PD-POC 
923,2026.07.01 13:08:22,1782911302927,XAUUSD,922,0,1,5,0.2,4013.999,159.2,0.0,0.0,0.0,tp 4014.263
924,2026.07.01 13:15:00,1782911700120,XAUUSD,924,1,0,3,0.33,4021.316,0.0,-1.8199999999999998,0.0,0.0,Safe LTA EM1-DoubleWick PD-POC 
925,2026.07.01 13:17:31,1782911851725,XAUUSD,924,0,1,4,0.33,4030.38,-299.11,0.0,0.0,0.0,sl 4030.370
926,2026.07.01 14:00:00,1782914400062,XAUUSD,926,1,0,3,0.15,4089.594,0.0,-0.83,0.0,0.0,Safe LTA EM1-DoubleWick PW-VAH 
927,2026.07.01 14:34:52,1782916492597,XAUUSD,926,0,1,4,0.15,4110.147,-308.3,0.0,0.0,0.0,sl 4110.111
928,2026.07.07 00:45:00,1783385100234,XAUUSD,928,1,0,3,0.22,4149.76,0.0,-1.21,0.0,0.0,Safe LTA EM4-Continuation PD-PO
929,2026.07.07 01:22:56,1783387376194,XAUUSD,928,0,1,5,0.22,4132.096,388.61,0.0,0.0,0.0,tp 4132.256
930,2026.07.07 03:30:00,1783395000037,XAUUSD,930,1,0,3,0.34,4132.356,0.0,-1.87,0.0,0.0,Safe LTA EM1-DoubleWick PW-VAH 
931,2026.07.07 03:30:00,1783395000112,XAUUSD,930,0,1,5,0.34,4132.2,5.3,0.0,0.0,0.0,tp 4132.256
932,2026.07.07 13:30:00,1783431000014,XAUUSD,932,1,0,3,0.23,4166.493,0.0,-1.27,0.0,0.0,Safe LTA EM1-DoubleWick PD-VAH 
933,2026.07.07 13:36:49,1783431409004,XAUUSD,932,0,1,4,0.23,4179.724,-304.31,0.0,0.0,0.0,sl 4179.696
934,2026.07.07 14:00:00,1783432800117,XAUUSD,934,1,0,3,0.13,4158.452,0.0,-0.72,0.0,0.0,Safe LTA EM4-Continuation PD-VA
935,2026.07.07 18:49:22,1783450162385,XAUUSD,934,0,1,5,0.13,4132.202,341.25,0.0,0.0,0.0,tp 4132.256
936,2026.07.07 19:15:00,1783451700110,XAUUSD,936,1,0,3,0.08,4105.975,0.0,-0.44,0.0,0.0,Safe LTA EM4-Continuation PW-VA
937,2026.07.08 08:39:55,1783499995544,XAUUSD,936,0,1,5,0.08,4066.923,312.42,0.0,0.0,0.0,tp 4066.925
938,2026.07.08 09:00:00,1783501200102,XAUUSD,938,1,0,3,0.09,4056.75,0.0,-0.5,0.0,0.0,Safe LTA EM1-DoubleWick PW-POC 
939,2026.07.09 06:00:19,1783576819744,XAUUSD,938,0,1,4,0.09,4094.021,-335.44,0.0,0.0,0.0,sl 4093.707
940,2026.07.09 07:15:00,1783581300210,XAUUSD,940,1,0,3,0.09,4101.726,0.0,-0.5,0.0,0.0,Safe LTA EM1-DoubleWick Supply(
941,2026.07.09 14:05:41,1783605941847,XAUUSD,940,0,1,4,0.09,4135.349,-302.61,0.0,0.0,0.0,sl 4135.280
942,2026.07.13 02:00:00,1783908000059,XAUUSD,942,1,0,3,0.16,4072.423,0.0,-0.88,0.0,0.0,Safe LTA EM1-DoubleWick PD-VAL 
943,2026.07.13 14:16:46,1783952206765,XAUUSD,942,0,1,5,0.16,4015.862,904.98,0.0,0.0,0.0,tp 4015.864
944,2026.07.14 02:45:00,1783997100664,XAUUSD,944,1,0,3,0.32,4011.15,0.0,-1.76,0.0,0.0,Safe LTA EM1-DoubleWick PD-VAL 
945,2026.07.14 04:32:28,1784003548587,XAUUSD,944,0,1,4,0.32,4020.545,-300.64,0.0,0.0,0.0,sl 4020.531
946,2026.07.14 13:15:00,1784034900117,XAUUSD,946,1,0,3,0.14,4075.132,0.0,-0.77,0.0,0.0,Safe LTA EM1-DoubleWick PW-VAL 
947,2026.07.14 15:08:20,1784041700315,XAUUSD,946,0,1,4,0.14,4097.099,-307.54,0.0,0.0,0.0,sl 4097.056
948,2026.07.16 12:15:00,1784204100402,XAUUSD,948,1,0,3,0.24,4031.7,0.0,-1.32,0.0,0.0,Safe LTA EM1-DoubleWick PD-POC 
949,2026.07.16 12:55:14,1784206514249,XAUUSD,948,0,1,5,0.24,3993.908,907.01,0.0,0.0,0.0,tp 3993.909
950,2026.07.16 13:00:00,1784206800068,XAUUSD,950,1,0,3,0.08,3992.28,0.0,-0.44,0.0,0.0,Safe LTA EM1-DoubleWick PD-VAL 
951,2026.07.20 11:30:33,1784547033419,XAUUSD,950,0,1,4,0.08,4031.107,-310.62,0.0,0.0,0.0,sl 4031.107
952,2026.07.24 00:00:00,1784851200142,XAUUSD,952,1,0,3,0.75,4047.245,0.0,-4.13,0.0,0.0,Safe LTA EM1-DoubleWick PD-POC 
953,2026.07.24 07:31:07,1784878267279,XAUUSD,952,0,1,4,0.75,4051.266,-301.57,0.0,0.0,0.0,sl 4051.264
954,2026.07.24 12:15:00,1784895300146,XAUUSD,954,1,0,3,0.5,4056.578,0.0,-2.75,0.0,0.0,Safe LTA EM1-DoubleWick PW-VAH 
955,2026.07.24 13:58:40,1784901520195,XAUUSD,954,0,1,4,0.5,4062.702,-306.2,0.0,0.0,0.0,sl 4062.529
956,2026.08.02 22:01:30,1785708090704,XAUUSD,956,1,0,3,0.55,4073.165,0.0,-3.03,0.0,0.0,Safe LTA EM1-DoubleWick Supply(
957,2026.08.02 22:03:33,1785708213720,XAUUSD,956,0,1,4,0.55,4078.713,-305.14,0.0,0.0,0.0,sl 4078.541
958,2026.08.03 00:15:00,1785716100107,XAUUSD,958,1,0,3,0.36,4071.919,0.0,-1.98,0.0,0.0,Safe LTA EM1-DoubleWick PW-POC 
959,2026.08.03 13:13:35,1785762815063,XAUUSD,958,0,1,5,0.36,4040.674,1124.82,0.0,0.0,0.0,tp 4040.706
960,2026.08.03 13:15:00,1785762900216,XAUUSD,960,1,0,3,0.2,4038.985,0.0,-1.1,0.0,0.0,Safe LTA EM1-DoubleWick PW-VAL 
961,2026.08.03 19:30:12,1785785412131,XAUUSD,960,0,1,4,0.2,4054.736,-315.02,0.0,0.0,0.0,sl 4054.714
962,2026.08.04 01:00:00,1785805200090,XAUUSD,962,1,0,3,0.25,4049.269,0.0,-1.38,0.0,0.0,Safe LTA EM1-DoubleWick PD-POC 
963,2026.08.04 01:53:09,1785808389804,XAUUSD,962,0,1,4,0.25,4061.586,-307.92,0.0,0.0,0.0,sl 4061.571
964,2026.08.04 08:30:00,1785832200103,XAUUSD,964,1,0,3,0.29,4063.291,0.0,-1.6,0.0,0.0,Safe LTA EM1-DoubleWick PD-VAH 
965,2026.08.04 11:47:26,1785844046926,XAUUSD,964,0,1,4,0.29,4073.806,-304.93,0.0,0.0,0.0,sl 4073.711
966,2026.08.12 00:15:00,1786493700002,XAUUSD,966,0,0,3,0.24,4377.989,0.0,-1.32,0.0,0.0,Safe LTA EM1-DoubleWick PD-POC 
967,2026.08.12 03:08:01,1786504081969,XAUUSD,966,1,1,5,0.24,4414.691,880.84,0.0,0.0,0.0,tp 4414.691
968,2026.08.12 12:45:00,1786538700087,XAUUSD,968,0,0,3,0.07,4428.497,0.0,-0.39,0.0,0.0,Safe LTA EM1-DoubleWick PD-VAH 
969,2026.08.13 05:59:11,1786600751133,XAUUSD,968,1,1,4,0.07,4380.782,-334.01,0.0,-11.23,0.0,sl 4380.849
970,2026.08.13 13:00:00,1786626000093,XAUUSD,970,0,0,3,0.14,4402.009,0.0,-0.77,0.0,0.0,Safe LTA EM1-DoubleWick PD-VAL 
971,2026.08.13 13:33:52,1786628032666,XAUUSD,970,1,1,4,0.14,4379.757,-311.53,0.0,0.0,0.0,sl 4379.792
972,2026.08.17 13:15:00,1786972500129,XAUUSD,972,0,0,3,0.3,4386.441,0.0,-1.65,0.0,0.0,Safe LTA EM1-DoubleWick PD-VAH 
973,2026.08.17 13:33:06,1786973586603,XAUUSD,972,1,1,5,0.3,4390.257,114.48,0.0,0.0,0.0,tp 4390.212
974,2026.08.17 14:00:00,1786975200110,XAUUSD,974,0,0,3,0.11,4409.037,0.0,-0.61,0.0,0.0,Safe LTA EM4-Continuation PW-PO
975,2026.08.17 14:21:45,1786976505421,XAUUSD,974,1,1,5,0.11,4421.782,140.19,0.0,0.0,0.0,tp 4421.706
976,2026.08.17 15:15:00,1786979700119,XAUUSD,976,0,0,3,0.35,4421.174,0.0,-1.9300000000000002,0.0,0.0,Safe LTA EM1-DoubleWick PW-VAH 
977,2026.08.17 15:15:53,1786979753292,XAUUSD,976,1,1,5,0.35,4421.744,19.95,0.0,0.0,0.0,tp 4421.706
978,2026.08.18 00:30:00,1787013000066,XAUUSD,978,0,0,3,0.23,4431.335,0.0,-1.27,0.0,0.0,Safe LTA EM4-Continuation PW-VA
979,2026.08.18 01:41:51,1787017311163,XAUUSD,978,1,1,4,0.23,4418.312,-299.53,0.0,0.0,0.0,sl 4418.347
980,2026.08.18 02:30:00,1787020200262,XAUUSD,980,0,0,3,0.61,4402.493,0.0,-3.36,0.0,0.0,Safe LTA EM1-DoubleWick PD-POC 
981,2026.08.18 02:33:59,1787020439344,XAUUSD,980,1,1,4,0.61,4397.613,-297.68,0.0,0.0,0.0,sl 4397.619
982,2026.08.20 02:15:00,1787192100474,XAUUSD,982,0,0,3,0.21,4497.843,0.0,-1.16,0.0,0.0,Safe LTA EM1-DoubleWick PD-VAH 
983,2026.08.20 05:28:15,1787203695722,XAUUSD,982,1,1,4,0.21,4483.462,-302.0,0.0,0.0,0.0,sl 4483.509
984,2026.08.20 13:45:00,1787233500114,XAUUSD,984,0,0,3,0.16,4486.754,0.0,-0.88,0.0,0.0,Safe LTA EM4-Continuation PD-VA
985,2026.08.21 01:35:55,1787276155498,XAUUSD,984,1,1,5,0.16,4543.303,904.79,0.0,-8.56,0.0,tp 4543.166
986,2026.08.24 00:00:00,1787529600062,XAUUSD,986,0,0,3,0.17,4624.113,0.0,-0.94,0.0,0.0,Safe LTA EM4-Continuation PD-VA
987,2026.08.24 00:25:18,1787531118026,XAUUSD,986,1,1,4,0.17,4605.731,-312.49,0.0,0.0,0.0,sl 4605.789
988,2026.08.24 00:45:00,1787532300009,XAUUSD,988,0,0,3,0.21,4607.115,0.0,-1.16,0.0,0.0,Safe LTA EM1-DoubleWick PD-POC 
989,2026.08.24 02:11:00,1787537460165,XAUUSD,988,1,1,5,0.21,4650.121,903.12,0.0,0.0,0.0,tp 4650.057
990,2026.08.24 03:00:00,1787540400663,XAUUSD,990,0,0,3,0.17,4643.776,0.0,-0.94,0.0,0.0,Safe LTA EM1-DoubleWick PD-VAH 
991,2026.08.24 18:09:05,1787594945420,XAUUSD,990,1,1,4,0.17,4625.318,-313.78,0.0,0.0,0.0,sl 4625.318
992,2026.08.25 01:45:00,1787622300073,XAUUSD,992,0,0,3,0.38,4670.81,0.0,-2.09,0.0,0.0,Safe LTA EM1-DoubleWick PD-VAH 
993,2026.08.25 01:55:31,1787622931706,XAUUSD,992,1,1,4,0.38,4662.862,-302.02,0.0,0.0,0.0,sl 4662.874
994,2026.08.25 03:15:00,1787627700451,XAUUSD,994,0,0,3,0.17,4634.031,0.0,-0.94,0.0,0.0,Safe LTA EM1-DoubleWick PD-VAL 
995,2026.08.25 13:23:01,1787664181971,XAUUSD,994,1,1,4,0.17,4615.936,-307.62,0.0,0.0,0.0,sl 4615.939
996,2026.09.04 00:15:00,1788480900056,XAUUSD,996,0,0,3,0.44,4481.055,0.0,-2.42,0.0,0.0,Safe LTA EM1-DoubleWick PD-VAH 
997,2026.09.04 00:25:35,1788481535716,XAUUSD,996,1,1,4,0.44,4474.165,-303.16,0.0,0.0,0.0,sl 4474.283
998,2026.09.04 01:00:00,1788483600086,XAUUSD,998,0,0,3,0.21,4486.408,0.0,-1.16,0.0,0.0,Safe LTA EM4-Continuation PD-VA
999,2026.09.04 01:26:14,1788485174760,XAUUSD,998,1,1,4,0.21,4471.868,-305.34,0.0,0.0,0.0,sl 4472.088
