model,timeframe_minutes,lookback_days,regime_mode,shift_lag_days,shift_threshold_atr,entry_tolerance_atr,retest_expiry_bars,stop_buffer_atr,reward_risk,minimum_reward_risk,maximum_hold_hours,management,train_trades,train_wins,train_losses,train_win_rate_pct,train_profit_factor,train_net_r,train_mean_r,train_return_pct,train_max_drawdown_pct,train_final_balance,validation_trades,validation_wins,validation_losses,validation_win_rate_pct,validation_profit_factor,validation_net_r,validation_mean_r,validation_return_pct,validation_max_drawdown_pct,validation_final_balance,robust_score
breakout_retest,240,80,balanced_value,5,0.5,0.1,6,0.1,3.0,0.0,168,0,12,7,5,58.333333333333336,4.0112320034794715,15.665813797996048,1.3054844831663373,16.571565440991808,2.3143728520609836,11657.156544099182,3,2,1,66.66666666666667,5.938428958611026,4.960306966503213,1.653435655501071,4.988446503379551,2.4724547079609414,10498.844650337955,136.53873047026806
breakout_retest,240,80,balanced_value,5,0.5,0.1,6,0.1,3.0,0.0,336,0,12,7,5,58.333333333333336,4.0112320034794715,15.665813797996048,1.3054844831663373,16.571565440991808,2.3143728520609836,11657.156544099182,3,2,1,66.66666666666667,5.938428958611026,4.960306966503213,1.653435655501071,4.988446503379551,2.4724547079609414,10498.844650337955,136.53873047026806
breakout_retest,240,80,balanced_value,5,0.25,0.1,6,0.1,3.0,0.0,168,0,12,7,5,58.333333333333336,4.0112320034794715,15.665813797996048,1.3054844831663373,16.571565440991808,2.3143728520609836,11657.156544099182,3,2,1,66.66666666666667,5.938428958611026,4.960306966503213,1.653435655501071,4.988446503379551,2.4724547079609414,10498.844650337955,136.53873047026806
breakout_retest,240,80,balanced_value,5,0.25,0.1,6,0.1,3.0,0.0,336,0,12,7,5,58.333333333333336,4.0112320034794715,15.665813797996048,1.3054844831663373,16.571565440991808,2.3143728520609836,11657.156544099182,3,2,1,66.66666666666667,5.938428958611026,4.960306966503213,1.653435655501071,4.988446503379551,2.4724547079609414,10498.844650337955,136.53873047026806
breakout_retest,240,80,balanced_value,5,0.5,0.1,6,0.1,3.0,0.0,168,1,13,7,6,53.84615384615385,4.953254554190946,16.650206913130262,1.2807851471638663,17.73167032411569,2.3143728520609805,11773.16703241157,3,2,1,66.66666666666667,5.938428958611026,4.960306966503213,1.653435655501071,4.988446503379551,2.4724547079609414,10498.844650337955,134.06879687002095
breakout_retest,240,80,balanced_value,5,0.25,0.1,6,0.1,3.0,0.0,168,1,13,7,6,53.84615384615385,4.953254554190946,16.650206913130262,1.2807851471638663,17.73167032411569,2.3143728520609805,11773.16703241157,3,2,1,66.66666666666667,5.938428958611026,4.960306966503213,1.653435655501071,4.988446503379551,2.4724547079609414,10498.844650337955,134.06879687002095
breakout_retest,240,80,balanced_value,5,0.25,0.1,6,0.1,3.0,0.0,336,1,13,7,6,53.84615384615385,4.953254554190946,16.650206913130262,1.2807851471638663,17.73167032411569,2.3143728520609805,11773.16703241157,3,2,1,66.66666666666667,5.938428958611026,4.960306966503213,1.653435655501071,4.988446503379551,2.4724547079609414,10498.844650337955,134.06879687002095
breakout_retest,240,80,balanced_value,5,0.5,0.1,6,0.1,3.0,0.0,336,1,13,7,6,53.84615384615385,4.953254554190946,16.650206913130262,1.2807851471638663,17.73167032411569,2.3143728520609805,11773.16703241157,3,2,1,66.66666666666667,5.938428958611026,4.960306966503213,1.653435655501071,4.988446503379551,2.4724547079609414,10498.844650337955,134.06879687002095
breakout_retest,240,80,balanced_value,5,0.25,0.1,6,0.1,3.0,0.0,72,0,12,7,5,58.333333333333336,3.8801609184016654,14.983921731639956,1.2486601443033296,15.799784593346766,2.3143728520609836,11579.978459334678,3,2,1,66.66666666666667,5.938428958611026,4.960306966503213,1.653435655501071,4.988446503379551,2.4724547079609414,10498.844650337955,130.8562965839673
breakout_retest,240,80,balanced_value,5,0.5,0.1,6,0.1,3.0,0.0,72,0,12,7,5,58.333333333333336,3.8801609184016654,14.983921731639956,1.2486601443033296,15.799784593346766,2.3143728520609836,11579.978459334678,3,2,1,66.66666666666667,5.938428958611026,4.960306966503213,1.653435655501071,4.988446503379551,2.4724547079609414,10498.844650337955,130.8562965839673
breakout_retest,240,80,balanced_value,5,0.5,0.1,6,0.1,3.0,0.0,72,1,13,7,6,53.84615384615385,4.7913530876894646,15.96831484677417,1.2283319112903208,16.952208815010316,2.3143728520609805,11695.220881501033,3,2,1,66.66666666666667,5.938428958611026,4.960306966503213,1.653435655501071,4.988446503379551,2.4724547079609414,10498.844650337955,128.8234732826664
breakout_retest,240,80,balanced_value,5,0.25,0.1,6,0.1,3.0,0.0,72,1,13,7,6,53.84615384615385,4.7913530876894646,15.96831484677417,1.2283319112903208,16.952208815010316,2.3143728520609805,11695.220881501033,3,2,1,66.66666666666667,5.938428958611026,4.960306966503213,1.653435655501071,4.988446503379551,2.4724547079609414,10498.844650337955,128.8234732826664
breakout_retest,240,80,balanced_value,5,0.5,0.1,6,0.25,3.0,0.0,72,0,13,8,5,61.53846153846154,4.014423188520694,15.375860865848761,1.1827585281422124,16.26835915956162,4.318852280751175,11626.835915956162,3,2,1,66.66666666666667,5.948027256388844,4.9680667095216435,1.6560222365072146,4.996373545509214,2.202467627458042,10499.637354550921,124.15535111348815
breakout_retest,240,80,balanced_value,5,0.25,0.1,6,0.25,3.0,0.0,72,0,13,8,5,61.53846153846154,4.014423188520694,15.375860865848761,1.1827585281422124,16.26835915956162,4.318852280751175,11626.835915956162,3,2,1,66.66666666666667,5.948027256388844,4.9680667095216435,1.6560222365072146,4.996373545509214,2.202467627458042,10499.637354550921,124.15535111348815
breakout_retest,240,80,balanced_value,5,0.5,0.0,6,0.1,3.0,0.0,168,1,12,6,6,50.0,4.273616622127091,13.703621555430223,1.1419684629525186,14.362785193547634,2.314372852060987,11436.278519354762,3,2,1,66.66666666666667,5.938428958611026,4.960306966503213,1.653435655501071,4.988446503379551,2.4724547079609414,10498.844650337955,120.18712844888618
breakout_retest,240,80,balanced_value,5,0.25,0.0,6,0.1,3.0,0.0,168,1,12,6,6,50.0,4.273616622127091,13.703621555430223,1.1419684629525186,14.362785193547634,2.314372852060987,11436.278519354762,3,2,1,66.66666666666667,5.938428958611026,4.960306966503213,1.653435655501071,4.988446503379551,2.4724547079609414,10498.844650337955,120.18712844888618
breakout_retest,240,80,balanced_value,5,0.25,0.0,6,0.1,3.0,0.0,336,1,12,6,6,50.0,4.273616622127091,13.703621555430223,1.1419684629525186,14.362785193547634,2.314372852060987,11436.278519354762,3,2,1,66.66666666666667,5.938428958611026,4.960306966503213,1.653435655501071,4.988446503379551,2.4724547079609414,10498.844650337955,120.18712844888618
breakout_retest,240,80,balanced_value,5,0.5,0.0,6,0.1,3.0,0.0,336,1,12,6,6,50.0,4.273616622127091,13.703621555430223,1.1419684629525186,14.362785193547634,2.314372852060987,11436.278519354762,3,2,1,66.66666666666667,5.938428958611026,4.960306966503213,1.653435655501071,4.988446503379551,2.4724547079609414,10498.844650337955,120.18712844888618
breakout_retest,240,80,balanced_value,5,0.25,0.1,6,0.25,3.0,0.0,336,0,13,7,6,53.84615384615385,3.406145457880765,14.709187440784195,1.1314759569833996,15.458538398860245,4.318852280751189,11545.853839886024,3,2,1,66.66666666666667,5.948027256388844,4.9680667095216435,1.6560222365072146,4.996373545509214,2.202467627458042,10499.637354550921,119.02709399760688
breakout_retest,240,80,balanced_value,5,0.5,0.1,6,0.25,3.0,0.0,336,0,13,7,6,53.84615384615385,3.406145457880765,14.709187440784195,1.1314759569833996,15.458538398860245,4.318852280751189,11545.853839886024,3,2,1,66.66666666666667,5.948027256388844,4.9680667095216435,1.6560222365072146,4.996373545509214,2.202467627458042,10499.637354550921,119.02709399760688
breakout_retest,240,80,balanced_value,5,0.5,0.1,6,0.25,3.0,0.0,168,0,13,7,6,53.84615384615385,3.406145457880765,14.709187440784195,1.1314759569833996,15.458538398860245,4.318852280751189,11545.853839886024,3,2,1,66.66666666666667,5.948027256388844,4.9680667095216435,1.6560222365072146,4.996373545509214,2.202467627458042,10499.637354550921,119.02709399760688
breakout_retest,240,80,balanced_value,5,0.25,0.1,6,0.25,3.0,0.0,168,0,13,7,6,53.84615384615385,3.406145457880765,14.709187440784195,1.1314759569833996,15.458538398860245,4.318852280751189,11545.853839886024,3,2,1,66.66666666666667,5.948027256388844,4.9680667095216435,1.6560222365072146,4.996373545509214,2.202467627458042,10499.637354550921,119.02709399760688
breakout_retest,240,80,balanced_value,5,0.5,0.0,6,0.1,3.0,0.0,72,1,12,6,6,50.0,4.110721492989835,13.021729489074131,1.085144124089511,13.605627931724595,2.314372852060987,11360.56279317246,3,2,1,66.66666666666667,5.938428958611026,4.960306966503213,1.653435655501071,4.988446503379551,2.4724547079609414,10498.844650337955,114.50469456258543
breakout_retest,240,80,balanced_value,5,0.25,0.0,6,0.1,3.0,0.0,72,1,12,6,6,50.0,4.110721492989835,13.021729489074131,1.085144124089511,13.605627931724595,2.314372852060987,11360.56279317246,3,2,1,66.66666666666667,5.938428958611026,4.960306966503213,1.653435655501071,4.988446503379551,2.4724547079609414,10498.844650337955,114.50469456258543
breakout_retest,240,80,balanced_value,5,0.25,0.1,6,0.25,3.0,0.0,336,1,14,6,8,42.857142857142854,5.609284943172939,14.69563468182969,1.0496881915592635,15.510051555934323,3.3521634054849434,11551.005155593431,3,2,1,66.66666666666667,5.948027256388844,4.9680667095216435,1.6560222365072146,4.996373545509214,2.202467627458042,10499.637354550921,110.90631878770924
breakout_retest,240,80,balanced_value,5,0.5,0.1,6,0.25,3.0,0.0,336,1,14,6,8,42.857142857142854,5.609284943172939,14.69563468182969,1.0496881915592635,15.510051555934323,3.3521634054849434,11551.005155593431,3,2,1,66.66666666666667,5.948027256388844,4.9680667095216435,1.6560222365072146,4.996373545509214,2.202467627458042,10499.637354550921,110.90631878770924
breakout_retest,240,80,balanced_value,5,0.5,0.1,6,0.25,3.0,0.0,168,1,14,6,8,42.857142857142854,5.609284943172939,14.69563468182969,1.0496881915592635,15.510051555934323,3.3521634054849434,11551.005155593431,3,2,1,66.66666666666667,5.948027256388844,4.9680667095216435,1.6560222365072146,4.996373545509214,2.202467627458042,10499.637354550921,110.90631878770924
breakout_retest,240,80,balanced_value,5,0.25,0.1,6,0.25,3.0,0.0,168,1,14,6,8,42.857142857142854,5.609284943172939,14.69563468182969,1.0496881915592635,15.510051555934323,3.3521634054849434,11551.005155593431,3,2,1,66.66666666666667,5.948027256388844,4.9680667095216435,1.6560222365072146,4.996373545509214,2.202467627458042,10499.637354550921,110.90631878770924
breakout_retest,240,80,balanced_value,5,0.5,0.1,6,0.25,3.0,0.0,72,1,14,7,7,50.0,5.62599863887859,14.691510087513374,1.0493935776795267,15.52615467589169,3.352163405484939,11552.615467589168,3,2,1,66.66666666666667,5.948027256388844,4.9680667095216435,1.6560222365072146,4.996373545509214,2.202467627458042,10499.637354550921,110.87685739973556
breakout_retest,240,80,balanced_value,5,0.25,0.1,6,0.25,3.0,0.0,72,1,14,7,7,50.0,5.62599863887859,14.691510087513374,1.0493935776795267,15.52615467589169,3.352163405484939,11552.615467589168,3,2,1,66.66666666666667,5.948027256388844,4.9680667095216435,1.6560222365072146,4.996373545509214,2.202467627458042,10499.637354550921,110.87685739973556
breakout_retest,240,80,balanced_value,5,0.5,0.0,6,0.25,3.0,0.0,72,1,12,6,6,50.0,4.801981743487949,11.789280339704499,0.9824400283087082,12.270331882247799,3.542998125105492,11227.03318822478,3,2,1,66.66666666666667,5.948027256388844,4.9680667095216435,1.6560222365072146,4.996373545509214,2.202467627458042,10499.637354550921,104.17005237947649
breakout_retest,240,80,balanced_value,5,0.25,0.0,6,0.25,3.0,0.0,72,1,12,6,6,50.0,4.801981743487949,11.789280339704499,0.9824400283087082,12.270331882247799,3.542998125105492,11227.03318822478,3,2,1,66.66666666666667,5.948027256388844,4.9680667095216435,1.6560222365072146,4.996373545509214,2.202467627458042,10499.637354550921,104.17005237947649
breakout_retest,240,80,balanced_value,5,0.5,0.0,6,0.25,3.0,0.0,168,1,12,5,7,41.666666666666664,4.788150144306925,11.793404934020815,0.9827837445017346,12.254682589435873,4.369151794207856,11225.468258943587,3,2,1,66.66666666666667,5.948027256388844,4.9680667095216435,1.6560222365072146,4.996373545509214,2.202467627458042,10499.637354550921,104.15485477863297
breakout_retest,240,80,balanced_value,5,0.25,0.0,6,0.25,3.0,0.0,336,1,12,5,7,41.666666666666664,4.788150144306925,11.793404934020815,0.9827837445017346,12.254682589435873,4.369151794207856,11225.468258943587,3,2,1,66.66666666666667,5.948027256388844,4.9680667095216435,1.6560222365072146,4.996373545509214,2.202467627458042,10499.637354550921,104.15485477863297
breakout_retest,240,80,balanced_value,5,0.5,0.0,6,0.25,3.0,0.0,336,1,12,5,7,41.666666666666664,4.788150144306925,11.793404934020815,0.9827837445017346,12.254682589435873,4.369151794207856,11225.468258943587,3,2,1,66.66666666666667,5.948027256388844,4.9680667095216435,1.6560222365072146,4.996373545509214,2.202467627458042,10499.637354550921,104.15485477863297
breakout_retest,240,80,balanced_value,5,0.25,0.0,6,0.25,3.0,0.0,168,1,12,5,7,41.666666666666664,4.788150144306925,11.793404934020815,0.9827837445017346,12.254682589435873,4.369151794207856,11225.468258943587,3,2,1,66.66666666666667,5.948027256388844,4.9680667095216435,1.6560222365072146,4.996373545509214,2.202467627458042,10499.637354550921,104.15485477863297
breakout_retest,240,80,balanced_value,5,0.5,0.1,6,0.25,2.0,0.0,336,0,13,9,4,69.23076923076923,4.360928985116226,13.709187440784182,1.0545528800603217,14.470532958210725,1.995807448611857,11447.053295821072,4,2,2,50.0,1.9761196232902871,1.9620578679404648,0.4905144669851162,1.931373139745185,2.202467627458042,10193.13731397452,53.03248167868812
breakout_retest,240,80,balanced_value,5,0.5,0.0,6,0.25,2.0,0.0,72,1,12,7,5,58.333333333333336,4.505434892499112,10.793404934020815,0.8994504111684013,11.22914440077487,1.8052266142350128,11122.914440077488,4,2,2,50.0,1.9761196232902871,1.9620578679404648,0.4905144669851162,1.931373139745185,2.202467627458042,10193.13731397452,53.03248167868812
breakout_retest,240,80,balanced_value,5,0.5,0.0,6,0.25,2.0,0.0,336,1,12,7,5,58.333333333333336,4.505434892499112,10.793404934020815,0.8994504111684013,11.22914440077487,1.8052266142350128,11122.914440077488,4,2,2,50.0,1.9761196232902871,1.9620578679404648,0.4905144669851162,1.931373139745185,2.202467627458042,10193.13731397452,53.03248167868812
breakout_retest,240,80,balanced_value,5,0.25,0.0,6,0.25,2.0,0.0,72,1,12,7,5,58.333333333333336,4.505434892499112,10.793404934020815,0.8994504111684013,11.22914440077487,1.8052266142350128,11122.914440077488,4,2,2,50.0,1.9761196232902871,1.9620578679404648,0.4905144669851162,1.931373139745185,2.202467627458042,10193.13731397452,53.03248167868812
breakout_retest,240,80,balanced_value,5,0.25,0.0,6,0.25,2.0,0.0,168,1,12,7,5,58.333333333333336,4.505434892499112,10.793404934020815,0.8994504111684013,11.22914440077487,1.8052266142350128,11122.914440077488,4,2,2,50.0,1.9761196232902871,1.9620578679404648,0.4905144669851162,1.931373139745185,2.202467627458042,10193.13731397452,53.03248167868812
breakout_retest,240,80,balanced_value,5,0.5,0.1,6,0.25,2.0,0.0,72,0,13,9,4,69.23076923076923,4.360928985116226,13.709187440784182,1.0545528800603217,14.470532958210725,1.995807448611857,11447.053295821072,4,2,2,50.0,1.9761196232902871,1.9620578679404648,0.4905144669851162,1.931373139745185,2.202467627458042,10193.13731397452,53.03248167868812
breakout_retest,240,80,balanced_value,5,0.5,0.1,6,0.25,2.0,0.0,72,1,14,9,5,64.28571428571429,5.75973012161106,14.695634681829675,1.0496881915592626,15.611692936351629,1.805226614235001,11561.169293635163,4,2,2,50.0,1.9761196232902871,1.9620578679404648,0.4905144669851162,1.931373139745185,2.202467627458042,10193.13731397452,53.03248167868812
breakout_retest,240,80,balanced_value,5,0.5,0.1,6,0.25,2.0,0.0,168,1,14,9,5,64.28571428571429,5.75973012161106,14.695634681829675,1.0496881915592626,15.611692936351629,1.805226614235001,11561.169293635163,4,2,2,50.0,1.9761196232902871,1.9620578679404648,0.4905144669851162,1.931373139745185,2.202467627458042,10193.13731397452,53.03248167868812
breakout_retest,240,80,balanced_value,5,0.5,0.1,6,0.25,2.0,0.0,336,1,14,9,5,64.28571428571429,5.75973012161106,14.695634681829675,1.0496881915592626,15.611692936351629,1.805226614235001,11561.169293635163,4,2,2,50.0,1.9761196232902871,1.9620578679404648,0.4905144669851162,1.931373139745185,2.202467627458042,10193.13731397452,53.03248167868812
breakout_retest,240,80,balanced_value,5,0.25,0.1,6,0.25,2.0,0.0,336,1,14,9,5,64.28571428571429,5.75973012161106,14.695634681829675,1.0496881915592626,15.611692936351629,1.805226614235001,11561.169293635163,4,2,2,50.0,1.9761196232902871,1.9620578679404648,0.4905144669851162,1.931373139745185,2.202467627458042,10193.13731397452,53.03248167868812
breakout_retest,240,80,balanced_value,5,0.25,0.1,6,0.25,2.0,0.0,336,0,13,9,4,69.23076923076923,4.360928985116226,13.709187440784182,1.0545528800603217,14.470532958210725,1.995807448611857,11447.053295821072,4,2,2,50.0,1.9761196232902871,1.9620578679404648,0.4905144669851162,1.931373139745185,2.202467627458042,10193.13731397452,53.03248167868812
breakout_retest,240,80,balanced_value,5,0.5,0.0,6,0.25,2.0,0.0,168,1,12,7,5,58.333333333333336,4.505434892499112,10.793404934020815,0.8994504111684013,11.22914440077487,1.8052266142350128,11122.914440077488,4,2,2,50.0,1.9761196232902871,1.9620578679404648,0.4905144669851162,1.931373139745185,2.202467627458042,10193.13731397452,53.03248167868812
breakout_retest,240,80,balanced_value,5,0.25,0.0,6,0.25,2.0,0.0,336,1,12,7,5,58.333333333333336,4.505434892499112,10.793404934020815,0.8994504111684013,11.22914440077487,1.8052266142350128,11122.914440077488,4,2,2,50.0,1.9761196232902871,1.9620578679404648,0.4905144669851162,1.931373139745185,2.202467627458042,10193.13731397452,53.03248167868812
breakout_retest,240,80,balanced_value,5,0.25,0.1,6,0.25,2.0,0.0,168,1,14,9,5,64.28571428571429,5.75973012161106,14.695634681829675,1.0496881915592626,15.611692936351629,1.805226614235001,11561.169293635163,4,2,2,50.0,1.9761196232902871,1.9620578679404648,0.4905144669851162,1.931373139745185,2.202467627458042,10193.13731397452,53.03248167868812
breakout_retest,240,80,balanced_value,5,0.25,0.1,6,0.25,2.0,0.0,168,0,13,9,4,69.23076923076923,4.360928985116226,13.709187440784182,1.0545528800603217,14.470532958210725,1.995807448611857,11447.053295821072,4,2,2,50.0,1.9761196232902871,1.9620578679404648,0.4905144669851162,1.931373139745185,2.202467627458042,10193.13731397452,53.03248167868812
breakout_retest,240,80,balanced_value,5,0.25,0.1,6,0.25,2.0,0.0,72,1,14,9,5,64.28571428571429,5.75973012161106,14.695634681829675,1.0496881915592626,15.611692936351629,1.805226614235001,11561.169293635163,4,2,2,50.0,1.9761196232902871,1.9620578679404648,0.4905144669851162,1.931373139745185,2.202467627458042,10193.13731397452,53.03248167868812
breakout_retest,240,80,balanced_value,5,0.25,0.1,6,0.25,2.0,0.0,72,0,13,9,4,69.23076923076923,4.360928985116226,13.709187440784182,1.0545528800603217,14.470532958210725,1.995807448611857,11447.053295821072,4,2,2,50.0,1.9761196232902871,1.9620578679404648,0.4905144669851162,1.931373139745185,2.202467627458042,10193.13731397452,53.03248167868812
breakout_retest,240,80,balanced_value,5,0.5,0.1,6,0.25,2.0,0.0,168,0,13,9,4,69.23076923076923,4.360928985116226,13.709187440784182,1.0545528800603217,14.470532958210725,1.995807448611857,11447.053295821072,4,2,2,50.0,1.9761196232902871,1.9620578679404648,0.4905144669851162,1.931373139745185,2.202467627458042,10193.13731397452,53.03248167868812
breakout_retest,240,80,balanced_value,5,0.5,0.1,6,0.1,2.0,0.0,336,0,12,7,5,58.333333333333336,2.6657146689728752,8.665813797996048,0.722151149833004,8.874910635363765,2.3143728520609828,10887.491063536376,4,2,2,50.0,1.9715470165885125,1.9537594031321586,0.48843985078303964,1.9230512132808464,2.4724547079609414,10192.305121328085,52.799675620246745
breakout_retest,240,80,balanced_value,5,0.5,0.1,6,0.1,2.0,0.0,72,1,13,7,6,53.84615384615385,3.291246266623419,9.650206913130264,0.7423236087023279,9.95835352366068,2.314372852060992,10995.835352366068,4,2,2,50.0,1.9715470165885125,1.9537594031321586,0.48843985078303964,1.9230512132808464,2.4724547079609414,10192.305121328085,52.799675620246745
breakout_retest,240,80,balanced_value,5,0.5,0.1,6,0.1,2.0,0.0,336,1,13,7,6,53.84615384615385,3.291246266623419,9.650206913130264,0.7423236087023279,9.95835352366068,2.314372852060992,10995.835352366068,4,2,2,50.0,1.9715470165885125,1.9537594031321586,0.48843985078303964,1.9230512132808464,2.4724547079609414,10192.305121328085,52.799675620246745
breakout_retest,240,80,balanced_value,5,0.25,0.1,6,0.1,2.0,0.0,72,1,13,7,6,53.84615384615385,3.291246266623419,9.650206913130264,0.7423236087023279,9.95835352366068,2.314372852060992,10995.835352366068,4,2,2,50.0,1.9715470165885125,1.9537594031321586,0.48843985078303964,1.9230512132808464,2.4724547079609414,10192.305121328085,52.799675620246745
breakout_retest,240,80,balanced_value,5,0.25,0.1,6,0.1,2.0,0.0,72,0,12,7,5,58.333333333333336,2.6657146689728752,8.665813797996048,0.722151149833004,8.874910635363765,2.3143728520609828,10887.491063536376,4,2,2,50.0,1.9715470165885125,1.9537594031321586,0.48843985078303964,1.9230512132808464,2.4724547079609414,10192.305121328085,52.799675620246745
breakout_retest,240,80,balanced_value,5,0.25,0.1,6,0.1,2.0,0.0,336,1,13,7,6,53.84615384615385,3.291246266623419,9.650206913130264,0.7423236087023279,9.95835352366068,2.314372852060992,10995.835352366068,4,2,2,50.0,1.9715470165885125,1.9537594031321586,0.48843985078303964,1.9230512132808464,2.4724547079609414,10192.305121328085,52.799675620246745
breakout_retest,240,80,balanced_value,5,0.25,0.1,6,0.1,2.0,0.0,336,0,12,7,5,58.333333333333336,2.6657146689728752,8.665813797996048,0.722151149833004,8.874910635363765,2.3143728520609828,10887.491063536376,4,2,2,50.0,1.9715470165885125,1.9537594031321586,0.48843985078303964,1.9230512132808464,2.4724547079609414,10192.305121328085,52.799675620246745
breakout_retest,240,80,balanced_value,5,0.25,0.0,6,0.1,2.0,0.0,168,1,12,7,5,58.333333333333336,3.3414286732246885,9.703621555430223,0.8086351296191853,10.017450139875429,2.314372852060978,11001.745013987542,4,2,2,50.0,1.9715470165885125,1.9537594031321586,0.48843985078303964,1.9230512132808464,2.4724547079609414,10192.305121328085,52.799675620246745
breakout_retest,240,80,balanced_value,5,0.5,0.0,6,0.1,2.0,0.0,168,1,12,7,5,58.333333333333336,3.3414286732246885,9.703621555430223,0.8086351296191853,10.017450139875429,2.314372852060978,11001.745013987542,4,2,2,50.0,1.9715470165885125,1.9537594031321586,0.48843985078303964,1.9230512132808464,2.4724547079609414,10192.305121328085,52.799675620246745
breakout_retest,240,80,balanced_value,5,0.5,0.0,6,0.1,2.0,0.0,336,1,12,7,5,58.333333333333336,3.3414286732246885,9.703621555430223,0.8086351296191853,10.017450139875429,2.314372852060978,11001.745013987542,4,2,2,50.0,1.9715470165885125,1.9537594031321586,0.48843985078303964,1.9230512132808464,2.4724547079609414,10192.305121328085,52.799675620246745
breakout_retest,240,80,balanced_value,5,0.5,0.0,6,0.1,2.0,0.0,72,1,12,7,5,58.333333333333336,3.3414286732246885,9.703621555430223,0.8086351296191853,10.017450139875429,2.314372852060978,11001.745013987542,4,2,2,50.0,1.9715470165885125,1.9537594031321586,0.48843985078303964,1.9230512132808464,2.4724547079609414,10192.305121328085,52.799675620246745
breakout_retest,240,80,balanced_value,5,0.25,0.0,6,0.1,2.0,0.0,72,1,12,7,5,58.333333333333336,3.3414286732246885,9.703621555430223,0.8086351296191853,10.017450139875429,2.314372852060978,11001.745013987542,4,2,2,50.0,1.9715470165885125,1.9537594031321586,0.48843985078303964,1.9230512132808464,2.4724547079609414,10192.305121328085,52.799675620246745
breakout_retest,240,80,balanced_value,5,0.25,0.0,6,0.1,2.0,0.0,336,1,12,7,5,58.333333333333336,3.3414286732246885,9.703621555430223,0.8086351296191853,10.017450139875429,2.314372852060978,11001.745013987542,4,2,2,50.0,1.9715470165885125,1.9537594031321586,0.48843985078303964,1.9230512132808464,2.4724547079609414,10192.305121328085,52.799675620246745
breakout_retest,240,80,balanced_value,5,0.5,0.1,6,0.1,2.0,0.0,168,1,13,7,6,53.84615384615385,3.291246266623419,9.650206913130264,0.7423236087023279,9.95835352366068,2.314372852060992,10995.835352366068,4,2,2,50.0,1.9715470165885125,1.9537594031321586,0.48843985078303964,1.9230512132808464,2.4724547079609414,10192.305121328085,52.799675620246745
breakout_retest,240,80,balanced_value,5,0.5,0.1,6,0.1,2.0,0.0,168,0,12,7,5,58.333333333333336,2.6657146689728752,8.665813797996048,0.722151149833004,8.874910635363765,2.3143728520609828,10887.491063536376,4,2,2,50.0,1.9715470165885125,1.9537594031321586,0.48843985078303964,1.9230512132808464,2.4724547079609414,10192.305121328085,52.799675620246745
breakout_retest,240,80,balanced_value,5,0.25,0.1,6,0.1,2.0,0.0,168,1,13,7,6,53.84615384615385,3.291246266623419,9.650206913130264,0.7423236087023279,9.95835352366068,2.314372852060992,10995.835352366068,4,2,2,50.0,1.9715470165885125,1.9537594031321586,0.48843985078303964,1.9230512132808464,2.4724547079609414,10192.305121328085,52.799675620246745
breakout_retest,240,80,balanced_value,5,0.25,0.1,6,0.1,2.0,0.0,168,0,12,7,5,58.333333333333336,2.6657146689728752,8.665813797996048,0.722151149833004,8.874910635363765,2.3143728520609828,10887.491063536376,4,2,2,50.0,1.9715470165885125,1.9537594031321586,0.48843985078303964,1.9230512132808464,2.4724547079609414,10192.305121328085,52.799675620246745
breakout_retest,240,80,balanced_value,5,0.5,0.1,6,0.1,2.0,0.0,72,0,12,7,5,58.333333333333336,2.6657146689728752,8.665813797996048,0.722151149833004,8.874910635363765,2.3143728520609828,10887.491063536376,4,2,2,50.0,1.9715470165885125,1.9537594031321586,0.48843985078303964,1.9230512132808464,2.4724547079609414,10192.305121328085,52.799675620246745
breakout_retest,240,80,balanced_value,5,0.25,0.0,6,0.25,1.5,0.0,72,0,12,9,3,75.0,4.386818887971716,10.293404934020835,0.8577837445017362,10.716322834325553,1.805226614235007,11071.632283432555,4,2,2,50.0,1.4786217465763292,0.9620578679404552,0.2405144669851138,0.9343593406170303,2.202467627458042,10093.435934061703,27.037485925259965
breakout_retest,240,80,balanced_value,5,0.25,0.0,6,0.25,1.5,0.0,168,0,12,9,3,75.0,4.386818887971716,10.293404934020835,0.8577837445017362,10.716322834325553,1.805226614235007,11071.632283432555,4,2,2,50.0,1.4786217465763292,0.9620578679404552,0.2405144669851138,0.9343593406170303,2.202467627458042,10093.435934061703,27.037485925259965
breakout_retest,240,80,balanced_value,5,0.25,0.0,6,0.25,1.5,0.0,72,1,12,8,4,66.66666666666667,3.8852022307742713,8.793404934020835,0.7327837445017362,9.079983893414711,1.805226614235007,10907.99838934147,4,2,2,50.0,1.4786217465763292,0.9620578679404552,0.2405144669851138,0.9343593406170303,2.202467627458042,10093.435934061703,27.037485925259965
breakout_retest,240,80,balanced_value,5,0.25,0.0,6,0.25,1.5,0.0,168,1,12,8,4,66.66666666666667,3.8852022307742713,8.793404934020835,0.7327837445017362,9.079983893414711,1.805226614235007,10907.99838934147,4,2,2,50.0,1.4786217465763292,0.9620578679404552,0.2405144669851138,0.9343593406170303,2.202467627458042,10093.435934061703,27.037485925259965
breakout_retest,240,80,balanced_value,5,0.5,0.0,6,0.25,1.5,0.0,72,0,12,9,3,75.0,4.386818887971716,10.293404934020835,0.8577837445017362,10.716322834325553,1.805226614235007,11071.632283432555,4,2,2,50.0,1.4786217465763292,0.9620578679404552,0.2405144669851138,0.9343593406170303,2.202467627458042,10093.435934061703,27.037485925259965
breakout_retest,240,80,balanced_value,5,0.25,0.1,6,0.25,1.5,0.0,72,0,14,10,4,71.42857142857143,3.622129777687211,10.69563468182968,0.7639739058449772,11.145054730899195,1.995807448611857,11114.50547308992,4,2,2,50.0,1.4786217465763292,0.9620578679404552,0.2405144669851138,0.9343593406170303,2.202467627458042,10093.435934061703,27.037485925259965
breakout_retest,240,80,balanced_value,5,0.25,0.1,6,0.25,1.5,0.0,72,1,14,9,5,64.28571428571429,4.302237062550952,10.195634681829679,0.7282596201306913,10.608892721089536,1.8052266142350182,11060.889272108954,4,2,2,50.0,1.4786217465763292,0.9620578679404552,0.2405144669851138,0.9343593406170303,2.202467627458042,10093.435934061703,27.037485925259965
breakout_retest,240,80,balanced_value,5,0.25,0.1,6,0.25,1.5,0.0,168,0,14,10,4,71.42857142857143,3.622129777687211,10.69563468182968,0.7639739058449772,11.145054730899195,1.995807448611857,11114.50547308992,4,2,2,50.0,1.4786217465763292,0.9620578679404552,0.2405144669851138,0.9343593406170303,2.202467627458042,10093.435934061703,27.037485925259965
breakout_retest,240,80,balanced_value,5,0.25,0.1,6,0.25,1.5,0.0,168,1,14,9,5,64.28571428571429,4.302237062550952,10.195634681829679,0.7282596201306913,10.608892721089536,1.8052266142350182,11060.889272108954,4,2,2,50.0,1.4786217465763292,0.9620578679404552,0.2405144669851138,0.9343593406170303,2.202467627458042,10093.435934061703,27.037485925259965
breakout_retest,240,80,balanced_value,5,0.5,0.0,6,0.25,1.5,0.0,336,0,12,9,3,75.0,4.386818887971716,10.293404934020835,0.8577837445017362,10.716322834325553,1.805226614235007,11071.632283432555,4,2,2,50.0,1.4786217465763292,0.9620578679404552,0.2405144669851138,0.9343593406170303,2.202467627458042,10093.435934061703,27.037485925259965
breakout_retest,240,80,balanced_value,5,0.5,0.1,6,0.25,1.5,0.0,72,1,14,9,5,64.28571428571429,4.302237062550952,10.195634681829679,0.7282596201306913,10.608892721089536,1.8052266142350182,11060.889272108954,4,2,2,50.0,1.4786217465763292,0.9620578679404552,0.2405144669851138,0.9343593406170303,2.202467627458042,10093.435934061703,27.037485925259965
breakout_retest,240,80,balanced_value,5,0.5,0.1,6,0.25,1.5,0.0,336,1,14,9,5,64.28571428571429,4.302237062550952,10.195634681829679,0.7282596201306913,10.608892721089536,1.8052266142350182,11060.889272108954,4,2,2,50.0,1.4786217465763292,0.9620578679404552,0.2405144669851138,0.9343593406170303,2.202467627458042,10093.435934061703,27.037485925259965
breakout_retest,240,80,balanced_value,5,0.5,0.1,6,0.25,1.5,0.0,336,0,14,10,4,71.42857142857143,3.622129777687211,10.69563468182968,0.7639739058449772,11.145054730899195,1.995807448611857,11114.50547308992,4,2,2,50.0,1.4786217465763292,0.9620578679404552,0.2405144669851138,0.9343593406170303,2.202467627458042,10093.435934061703,27.037485925259965
breakout_retest,240,80,balanced_value,5,0.5,0.1,6,0.25,1.5,0.0,168,1,14,9,5,64.28571428571429,4.302237062550952,10.195634681829679,0.7282596201306913,10.608892721089536,1.8052266142350182,11060.889272108954,4,2,2,50.0,1.4786217465763292,0.9620578679404552,0.2405144669851138,0.9343593406170303,2.202467627458042,10093.435934061703,27.037485925259965
breakout_retest,240,80,balanced_value,5,0.5,0.1,6,0.25,1.5,0.0,168,0,14,10,4,71.42857142857143,3.622129777687211,10.69563468182968,0.7639739058449772,11.145054730899195,1.995807448611857,11114.50547308992,4,2,2,50.0,1.4786217465763292,0.9620578679404552,0.2405144669851138,0.9343593406170303,2.202467627458042,10093.435934061703,27.037485925259965
breakout_retest,240,80,balanced_value,5,0.5,0.1,6,0.25,1.5,0.0,72,0,14,10,4,71.42857142857143,3.622129777687211,10.69563468182968,0.7639739058449772,11.145054730899195,1.995807448611857,11114.50547308992,4,2,2,50.0,1.4786217465763292,0.9620578679404552,0.2405144669851138,0.9343593406170303,2.202467627458042,10093.435934061703,27.037485925259965
breakout_retest,240,80,balanced_value,5,0.25,0.0,6,0.25,1.5,0.0,336,0,12,9,3,75.0,4.386818887971716,10.293404934020835,0.8577837445017362,10.716322834325553,1.805226614235007,11071.632283432555,4,2,2,50.0,1.4786217465763292,0.9620578679404552,0.2405144669851138,0.9343593406170303,2.202467627458042,10093.435934061703,27.037485925259965
breakout_retest,240,80,balanced_value,5,0.5,0.0,6,0.25,1.5,0.0,72,1,12,8,4,66.66666666666667,3.8852022307742713,8.793404934020835,0.7327837445017362,9.079983893414711,1.805226614235007,10907.99838934147,4,2,2,50.0,1.4786217465763292,0.9620578679404552,0.2405144669851138,0.9343593406170303,2.202467627458042,10093.435934061703,27.037485925259965
breakout_retest,240,80,balanced_value,5,0.25,0.0,6,0.25,1.5,0.0,336,1,12,8,4,66.66666666666667,3.8852022307742713,8.793404934020835,0.7327837445017362,9.079983893414711,1.805226614235007,10907.99838934147,4,2,2,50.0,1.4786217465763292,0.9620578679404552,0.2405144669851138,0.9343593406170303,2.202467627458042,10093.435934061703,27.037485925259965
breakout_retest,240,80,balanced_value,5,0.5,0.0,6,0.25,1.5,0.0,168,0,12,9,3,75.0,4.386818887971716,10.293404934020835,0.8577837445017362,10.716322834325553,1.805226614235007,11071.632283432555,4,2,2,50.0,1.4786217465763292,0.9620578679404552,0.2405144669851138,0.9343593406170303,2.202467627458042,10093.435934061703,27.037485925259965
breakout_retest,240,80,balanced_value,5,0.5,0.0,6,0.25,1.5,0.0,336,1,12,8,4,66.66666666666667,3.8852022307742713,8.793404934020835,0.7327837445017362,9.079983893414711,1.805226614235007,10907.99838934147,4,2,2,50.0,1.4786217465763292,0.9620578679404552,0.2405144669851138,0.9343593406170303,2.202467627458042,10093.435934061703,27.037485925259965
breakout_retest,240,80,balanced_value,5,0.25,0.1,6,0.25,1.5,0.0,336,1,14,9,5,64.28571428571429,4.302237062550952,10.195634681829679,0.7282596201306913,10.608892721089536,1.8052266142350182,11060.889272108954,4,2,2,50.0,1.4786217465763292,0.9620578679404552,0.2405144669851138,0.9343593406170303,2.202467627458042,10093.435934061703,27.037485925259965
breakout_retest,240,80,balanced_value,5,0.5,0.0,6,0.25,1.5,0.0,168,1,12,8,4,66.66666666666667,3.8852022307742713,8.793404934020835,0.7327837445017362,9.079983893414711,1.805226614235007,10907.99838934147,4,2,2,50.0,1.4786217465763292,0.9620578679404552,0.2405144669851138,0.9343593406170303,2.202467627458042,10093.435934061703,27.037485925259965
breakout_retest,240,80,balanced_value,5,0.25,0.1,6,0.25,1.5,0.0,336,0,14,10,4,71.42857142857143,3.622129777687211,10.69563468182968,0.7639739058449772,11.145054730899195,1.995807448611857,11114.50547308992,4,2,2,50.0,1.4786217465763292,0.9620578679404552,0.2405144669851138,0.9343593406170303,2.202467627458042,10093.435934061703,27.037485925259965
breakout_retest,240,80,balanced_value,5,0.5,0.0,6,0.1,1.5,0.0,72,1,13,8,5,61.53846153846154,2.296879097250109,6.684403457472811,0.5141848813440624,6.791576668650712,2.3143728520609907,10679.15766686507,4,2,2,50.0,1.4742764647329554,0.9537594031321586,0.23843985078303964,0.926082828208119,2.4724547079609414,10092.608282820811,26.805134516535635
breakout_retest,240,80,balanced_value,5,0.5,0.1,6,0.1,1.5,0.0,72,1,14,8,6,57.142857142857146,2.2727587271051624,6.637565601323292,0.4741118286659494,6.741377246969016,2.3143728520609885,10674.137724696902,4,2,2,50.0,1.4742764647329554,0.9537594031321586,0.23843985078303964,0.926082828208119,2.4724547079609414,10092.608282820811,26.805134516535635
breakout_retest,240,80,balanced_value,5,0.5,0.0,6,0.1,1.5,0.0,72,0,13,8,5,61.53846153846154,2.296879097250109,6.684403457472811,0.5141848813440624,6.791576668650712,2.3143728520609907,10679.15766686507,4,2,2,50.0,1.4742764647329554,0.9537594031321586,0.23843985078303964,0.926082828208119,2.4724547079609414,10092.608282820811,26.805134516535635
breakout_retest,240,80,balanced_value,5,0.5,0.0,6,0.1,1.5,0.0,168,0,13,8,5,61.53846153846154,2.296879097250109,6.684403457472811,0.5141848813440624,6.791576668650712,2.3143728520609907,10679.15766686507,4,2,2,50.0,1.4742764647329554,0.9537594031321586,0.23843985078303964,0.926082828208119,2.4724547079609414,10092.608282820811,26.805134516535635
breakout_retest,240,80,balanced_value,5,0.5,0.1,6,0.1,1.5,0.0,72,0,14,8,6,57.142857142857146,1.90707542710042,5.637565601323292,0.402683257237378,5.673267507993396,2.3143728520609965,10567.32675079934,4,2,2,50.0,1.4742764647329554,0.9537594031321586,0.23843985078303964,0.926082828208119,2.4724547079609414,10092.608282820811,26.805134516535635
breakout_retest,240,80,balanced_value,5,0.25,0.1,6,0.1,1.5,0.0,168,1,14,8,6,57.142857142857146,2.2727587271051624,6.637565601323292,0.4741118286659494,6.741377246969016,2.3143728520609885,10674.137724696902,4,2,2,50.0,1.4742764647329554,0.9537594031321586,0.23843985078303964,0.926082828208119,2.4724547079609414,10092.608282820811,26.805134516535635
breakout_retest,240,80,balanced_value,5,0.25,0.1,6,0.1,1.5,0.0,168,0,14,8,6,57.142857142857146,1.90707542710042,5.637565601323292,0.402683257237378,5.673267507993396,2.3143728520609965,10567.32675079934,4,2,2,50.0,1.4742764647329554,0.9537594031321586,0.23843985078303964,0.926082828208119,2.4724547079609414,10092.608282820811,26.805134516535635
breakout_retest,240,80,balanced_value,5,0.25,0.1,6,0.1,1.5,0.0,72,0,14,8,6,57.142857142857146,1.90707542710042,5.637565601323292,0.402683257237378,5.673267507993396,2.3143728520609965,10567.32675079934,4,2,2,50.0,1.4742764647329554,0.9537594031321586,0.23843985078303964,0.926082828208119,2.4724547079609414,10092.608282820811,26.805134516535635
breakout_retest,240,80,balanced_value,5,0.25,0.1,6,0.1,1.5,0.0,72,1,14,8,6,57.142857142857146,2.2727587271051624,6.637565601323292,0.4741118286659494,6.741377246969016,2.3143728520609885,10674.137724696902,4,2,2,50.0,1.4742764647329554,0.9537594031321586,0.23843985078303964,0.926082828208119,2.4724547079609414,10092.608282820811,26.805134516535635
breakout_retest,240,80,balanced_value,5,0.5,0.1,6,0.1,1.5,0.0,336,1,14,8,6,57.142857142857146,2.2727587271051624,6.637565601323292,0.4741118286659494,6.741377246969016,2.3143728520609885,10674.137724696902,4,2,2,50.0,1.4742764647329554,0.9537594031321586,0.23843985078303964,0.926082828208119,2.4724547079609414,10092.608282820811,26.805134516535635
breakout_retest,240,80,balanced_value,5,0.5,0.1,6,0.1,1.5,0.0,336,0,14,8,6,57.142857142857146,1.90707542710042,5.637565601323292,0.402683257237378,5.673267507993396,2.3143728520609965,10567.32675079934,4,2,2,50.0,1.4742764647329554,0.9537594031321586,0.23843985078303964,0.926082828208119,2.4724547079609414,10092.608282820811,26.805134516535635
breakout_retest,240,80,balanced_value,5,0.5,0.1,6,0.1,1.5,0.0,168,1,14,8,6,57.142857142857146,2.2727587271051624,6.637565601323292,0.4741118286659494,6.741377246969016,2.3143728520609885,10674.137724696902,4,2,2,50.0,1.4742764647329554,0.9537594031321586,0.23843985078303964,0.926082828208119,2.4724547079609414,10092.608282820811,26.805134516535635
breakout_retest,240,80,balanced_value,5,0.5,0.1,6,0.1,1.5,0.0,168,0,14,8,6,57.142857142857146,1.90707542710042,5.637565601323292,0.402683257237378,5.673267507993396,2.3143728520609965,10567.32675079934,4,2,2,50.0,1.4742764647329554,0.9537594031321586,0.23843985078303964,0.926082828208119,2.4724547079609414,10092.608282820811,26.805134516535635
breakout_retest,240,80,balanced_value,5,0.25,0.0,6,0.1,1.5,0.0,168,0,13,8,5,61.53846153846154,2.296879097250109,6.684403457472811,0.5141848813440624,6.791576668650712,2.3143728520609907,10679.15766686507,4,2,2,50.0,1.4742764647329554,0.9537594031321586,0.23843985078303964,0.926082828208119,2.4724547079609414,10092.608282820811,26.805134516535635
breakout_retest,240,80,balanced_value,5,0.5,0.0,6,0.1,1.5,0.0,168,1,13,8,5,61.53846153846154,2.296879097250109,6.684403457472811,0.5141848813440624,6.791576668650712,2.3143728520609907,10679.15766686507,4,2,2,50.0,1.4742764647329554,0.9537594031321586,0.23843985078303964,0.926082828208119,2.4724547079609414,10092.608282820811,26.805134516535635
breakout_retest,240,80,balanced_value,5,0.25,0.1,6,0.1,1.5,0.0,336,0,14,8,6,57.142857142857146,1.90707542710042,5.637565601323292,0.402683257237378,5.673267507993396,2.3143728520609965,10567.32675079934,4,2,2,50.0,1.4742764647329554,0.9537594031321586,0.23843985078303964,0.926082828208119,2.4724547079609414,10092.608282820811,26.805134516535635
breakout_retest,240,80,balanced_value,5,0.25,0.0,6,0.1,1.5,0.0,72,1,13,8,5,61.53846153846154,2.296879097250109,6.684403457472811,0.5141848813440624,6.791576668650712,2.3143728520609907,10679.15766686507,4,2,2,50.0,1.4742764647329554,0.9537594031321586,0.23843985078303964,0.926082828208119,2.4724547079609414,10092.608282820811,26.805134516535635
breakout_retest,240,80,balanced_value,5,0.25,0.0,6,0.1,1.5,0.0,336,0,13,8,5,61.53846153846154,2.296879097250109,6.684403457472811,0.5141848813440624,6.791576668650712,2.3143728520609907,10679.15766686507,4,2,2,50.0,1.4742764647329554,0.9537594031321586,0.23843985078303964,0.926082828208119,2.4724547079609414,10092.608282820811,26.805134516535635
breakout_retest,240,80,balanced_value,5,0.25,0.0,6,0.1,1.5,0.0,336,1,13,8,5,61.53846153846154,2.296879097250109,6.684403457472811,0.5141848813440624,6.791576668650712,2.3143728520609907,10679.15766686507,4,2,2,50.0,1.4742764647329554,0.9537594031321586,0.23843985078303964,0.926082828208119,2.4724547079609414,10092.608282820811,26.805134516535635
breakout_retest,240,80,balanced_value,5,0.25,0.0,6,0.1,1.5,0.0,72,0,13,8,5,61.53846153846154,2.296879097250109,6.684403457472811,0.5141848813440624,6.791576668650712,2.3143728520609907,10679.15766686507,4,2,2,50.0,1.4742764647329554,0.9537594031321586,0.23843985078303964,0.926082828208119,2.4724547079609414,10092.608282820811,26.805134516535635
breakout_retest,240,80,balanced_value,5,0.5,0.0,6,0.1,1.5,0.0,336,1,13,8,5,61.53846153846154,2.296879097250109,6.684403457472811,0.5141848813440624,6.791576668650712,2.3143728520609907,10679.15766686507,4,2,2,50.0,1.4742764647329554,0.9537594031321586,0.23843985078303964,0.926082828208119,2.4724547079609414,10092.608282820811,26.805134516535635
breakout_retest,240,80,balanced_value,5,0.5,0.0,6,0.1,1.5,0.0,336,0,13,8,5,61.53846153846154,2.296879097250109,6.684403457472811,0.5141848813440624,6.791576668650712,2.3143728520609907,10679.15766686507,4,2,2,50.0,1.4742764647329554,0.9537594031321586,0.23843985078303964,0.926082828208119,2.4724547079609414,10092.608282820811,26.805134516535635
breakout_retest,240,80,balanced_value,5,0.25,0.0,6,0.1,1.5,0.0,168,1,13,8,5,61.53846153846154,2.296879097250109,6.684403457472811,0.5141848813440624,6.791576668650712,2.3143728520609907,10679.15766686507,4,2,2,50.0,1.4742764647329554,0.9537594031321586,0.23843985078303964,0.926082828208119,2.4724547079609414,10092.608282820811,26.805134516535635
breakout_retest,240,80,balanced_value,5,0.25,0.1,6,0.1,1.5,0.0,336,1,14,8,6,57.142857142857146,2.2727587271051624,6.637565601323292,0.4741118286659494,6.741377246969016,2.3143728520609885,10674.137724696902,4,2,2,50.0,1.4742764647329554,0.9537594031321586,0.23843985078303964,0.926082828208119,2.4724547079609414,10092.608282820811,26.805134516535635
breakout_retest,240,80,balanced_value,5,0.5,0.1,6,0.0,3.0,0.0,336,1,12,7,5,58.333333333333336,4.971190814056808,16.64273306571576,1.38689442214298,17.72329579999092,2.374027730808255,11772.329579999092,4,1,3,25.0,0.9819411693982152,-0.054985568391852535,-0.013746392097963134,-0.11430311656049907,4.286059034820906,9988.56968834395,0.49302337815427266
breakout_retest,240,80,balanced_value,5,0.25,0.1,6,0.0,3.0,0.0,336,1,12,7,5,58.333333333333336,4.971190814056808,16.64273306571576,1.38689442214298,17.72329579999092,2.374027730808255,11772.329579999092,4,1,3,25.0,0.9819411693982152,-0.054985568391852535,-0.013746392097963134,-0.11430311656049907,4.286059034820906,9988.56968834395,0.49302337815427266
breakout_retest,240,80,balanced_value,5,0.25,0.1,6,0.0,3.0,0.0,72,1,12,7,5,58.333333333333336,4.842642638591895,16.104004742016347,1.3420003951680288,17.107524604090194,2.3740277308082613,11710.75246040902,4,1,3,25.0,0.9819411693982152,-0.054985568391852535,-0.013746392097963134,-0.11430311656049907,4.286059034820906,9988.56968834395,0.49302337815427266
breakout_retest,240,80,balanced_value,5,0.5,0.1,6,0.0,3.0,0.0,72,1,12,7,5,58.333333333333336,4.842642638591895,16.104004742016347,1.3420003951680288,17.107524604090194,2.3740277308082613,11710.75246040902,4,1,3,25.0,0.9819411693982152,-0.054985568391852535,-0.013746392097963134,-0.11430311656049907,4.286059034820906,9988.56968834395,0.49302337815427266
breakout_retest,240,80,balanced_value,5,0.25,0.1,6,0.0,3.0,0.0,168,1,12,7,5,58.333333333333336,4.971190814056808,16.64273306571576,1.38689442214298,17.72329579999092,2.374027730808255,11772.329579999092,4,1,3,25.0,0.9819411693982152,-0.054985568391852535,-0.013746392097963134,-0.11430311656049907,4.286059034820906,9988.56968834395,0.49302337815427266
breakout_retest,240,80,balanced_value,5,0.5,0.1,6,0.0,3.0,0.0,168,1,12,7,5,58.333333333333336,4.971190814056808,16.64273306571576,1.38689442214298,17.72329579999092,2.374027730808255,11772.329579999092,4,1,3,25.0,0.9819411693982152,-0.054985568391852535,-0.013746392097963134,-0.11430311656049907,4.286059034820906,9988.56968834395,0.49302337815427266
failed_auction,240,20,balanced_value,10,0.5,0.0,0,0.1,0.0,1.0,168,1,12,5,7,41.666666666666664,2.1874328227160054,6.191556627983296,0.5159630523319413,6.216107522063652,4.658185590934008,10621.610752206365,5,1,4,20.0,0.851797932761194,-0.44849607397799374,-0.08969921479559875,-0.4951842502605164,3.724963000901113,9950.481574973948,-7.366640802570722
failed_auction,240,20,balanced_value,10,0.5,0.0,0,0.1,0.0,1.0,72,1,12,5,7,41.666666666666664,1.8991172278355632,4.688210671662287,0.3906842226385239,4.662781771430646,4.658185590934008,10466.278177143065,5,1,4,20.0,0.851797932761194,-0.44849607397799374,-0.08969921479559875,-0.4951842502605164,3.724963000901113,9950.481574973948,-7.366640802570722
failed_auction,240,20,balanced_value,10,0.5,0.0,0,0.1,0.0,1.0,336,1,12,5,7,41.666666666666664,2.1874328227160054,6.191556627983296,0.5159630523319413,6.216107522063652,4.658185590934008,10621.610752206365,5,1,4,20.0,0.851797932761194,-0.44849607397799374,-0.08969921479559875,-0.4951842502605164,3.724963000901113,9950.481574973948,-7.366640802570722
failed_auction,240,20,balanced_value,10,0.5,0.0,0,0.1,0.0,1.5,72,1,12,5,7,41.666666666666664,1.8991172278355632,4.688210671662287,0.3906842226385239,4.662781771430646,4.658185590934008,10466.278177143065,6,1,5,16.666666666666668,0.6371659849615078,-1.4678996857762565,-0.24464994762937609,-1.5095396475061196,4.706393926271262,9849.046035249388,-23.27845541368534
failed_auction,240,20,balanced_value,10,0.5,0.0,0,0.1,0.0,1.5,168,1,12,5,7,41.666666666666664,2.1874328227160054,6.191556627983296,0.5159630523319413,6.216107522063652,4.658185590934008,10621.610752206365,6,1,5,16.666666666666668,0.6371659849615078,-1.4678996857762565,-0.24464994762937609,-1.5095396475061196,4.706393926271262,9849.046035249388,-23.27845541368534
failed_auction,240,20,balanced_value,10,0.5,0.0,0,0.1,0.0,1.5,336,1,12,5,7,41.666666666666664,2.1874328227160054,6.191556627983296,0.5159630523319413,6.216107522063652,4.658185590934008,10621.610752206365,6,1,5,16.666666666666668,0.6371659849615078,-1.4678996857762565,-0.24464994762937609,-1.5095396475061196,4.706393926271262,9849.046035249388,-23.27845541368534
breakout_retest,240,80,balanced_value,5,0.5,0.1,6,0.0,2.0,0.0,336,1,12,7,5,58.333333333333336,3.3008920963742794,9.642733065715761,0.8035610888096468,9.95023476491086,1.8087746124542816,10995.023476491086,4,1,3,25.0,0.6535126175082138,-1.0549855683918525,-0.26374639209796313,-1.0841630510995182,4.286059034820906,9891.583694890049,-25.16383372562573
breakout_retest,240,80,balanced_value,5,0.25,0.1,6,0.0,2.0,0.0,336,1,12,7,5,58.333333333333336,3.3008920963742794,9.642733065715761,0.8035610888096468,9.95023476491086,1.8087746124542816,10995.023476491086,4,1,3,25.0,0.6535126175082138,-1.0549855683918525,-0.26374639209796313,-1.0841630510995182,4.286059034820906,9891.583694890049,-25.16383372562573
breakout_retest,240,80,balanced_value,5,0.5,0.1,6,0.0,2.0,0.0,168,1,12,7,5,58.333333333333336,3.3008920963742794,9.642733065715761,0.8035610888096468,9.95023476491086,1.8087746124542816,10995.023476491086,4,1,3,25.0,0.6535126175082138,-1.0549855683918525,-0.26374639209796313,-1.0841630510995182,4.286059034820906,9891.583694890049,-25.16383372562573
breakout_retest,240,80,balanced_value,5,0.25,0.1,6,0.0,2.0,0.0,168,1,12,7,5,58.333333333333336,3.3008920963742794,9.642733065715761,0.8035610888096468,9.95023476491086,1.8087746124542816,10995.023476491086,4,1,3,25.0,0.6535126175082138,-1.0549855683918525,-0.26374639209796313,-1.0841630510995182,4.286059034820906,9891.583694890049,-25.16383372562573
breakout_retest,240,80,balanced_value,5,0.5,0.1,6,0.0,2.0,0.0,72,1,12,7,5,58.333333333333336,3.3008920963742794,9.642733065715761,0.8035610888096468,9.95023476491086,1.8087746124542816,10995.023476491086,4,1,3,25.0,0.6535126175082138,-1.0549855683918525,-0.26374639209796313,-1.0841630510995182,4.286059034820906,9891.583694890049,-25.16383372562573
breakout_retest,240,80,balanced_value,5,0.25,0.1,6,0.0,2.0,0.0,72,1,12,7,5,58.333333333333336,3.3008920963742794,9.642733065715761,0.8035610888096468,9.95023476491086,1.8087746124542816,10995.023476491086,4,1,3,25.0,0.6535126175082138,-1.0549855683918525,-0.26374639209796313,-1.0841630510995182,4.286059034820906,9891.583694890049,-25.16383372562573
failed_auction,240,20,balanced_value,10,0.5,0.0,0,0.1,0.0,1.0,72,0,12,6,6,50.0,2.116921720974926,6.925318683872889,0.5771098903227407,6.9706429001377135,4.183821161278088,10697.064290013772,5,1,4,20.0,0.6402366662093616,-1.4484960739779933,-0.2896992147955987,-1.4903432201909372,4.687820586517889,9850.965677980907,-27.791541435409414
failed_auction,240,20,balanced_value,10,0.5,0.0,0,0.1,0.0,1.0,168,0,12,6,6,50.0,2.3593827295440986,8.428664640193897,0.7023887200161582,8.55822017800354,4.183821161278088,10855.822017800354,5,1,4,20.0,0.6402366662093616,-1.4484960739779933,-0.2896992147955987,-1.4903432201909372,4.687820586517889,9850.965677980907,-27.791541435409414
failed_auction,240,20,balanced_value,10,0.5,0.0,0,0.1,0.0,1.0,336,0,12,6,6,50.0,2.3593827295440986,8.428664640193897,0.7023887200161582,8.55822017800354,4.183821161278088,10855.822017800354,5,1,4,20.0,0.6402366662093616,-1.4484960739779933,-0.2896992147955987,-1.4903432201909372,4.687820586517889,9850.965677980907,-27.791541435409414
breakout_retest,240,80,balanced_value,5,0.25,0.1,6,0.0,1.5,0.0,336,0,13,8,5,61.53846153846154,2.2760667889218253,6.628882650203269,0.5099140500156361,6.732055836682815,1.8087746124542563,10673.205583668281,4,1,3,25.0,0.4892983415632168,-1.554985568391841,-0.38874639209796025,-1.5690930183690055,4.286059034820906,9843.0906981631,-37.99226227751543
breakout_retest,240,80,balanced_value,5,0.25,0.1,6,0.0,1.5,0.0,336,1,13,8,5,61.53846153846154,2.2760667889218253,6.628882650203269,0.5099140500156361,6.732055836682815,1.8087746124542563,10673.205583668281,4,1,3,25.0,0.4892983415632168,-1.554985568391841,-0.38874639209796025,-1.5690930183690055,4.286059034820906,9843.0906981631,-37.99226227751543
breakout_retest,240,80,balanced_value,5,0.5,0.1,6,0.0,1.5,0.0,72,1,13,8,5,61.53846153846154,2.2760667889218253,6.628882650203269,0.5099140500156361,6.732055836682815,1.8087746124542563,10673.205583668281,4,1,3,25.0,0.4892983415632168,-1.554985568391841,-0.38874639209796025,-1.5690930183690055,4.286059034820906,9843.0906981631,-37.99226227751543
breakout_retest,240,80,balanced_value,5,0.5,0.1,6,0.0,1.5,0.0,72,0,13,8,5,61.53846153846154,2.2760667889218253,6.628882650203269,0.5099140500156361,6.732055836682815,1.8087746124542563,10673.205583668281,4,1,3,25.0,0.4892983415632168,-1.554985568391841,-0.38874639209796025,-1.5690930183690055,4.286059034820906,9843.0906981631,-37.99226227751543
breakout_retest,240,80,balanced_value,5,0.5,0.1,6,0.0,1.5,0.0,168,1,13,8,5,61.53846153846154,2.2760667889218253,6.628882650203269,0.5099140500156361,6.732055836682815,1.8087746124542563,10673.205583668281,4,1,3,25.0,0.4892983415632168,-1.554985568391841,-0.38874639209796025,-1.5690930183690055,4.286059034820906,9843.0906981631,-37.99226227751543
breakout_retest,240,80,balanced_value,5,0.5,0.1,6,0.0,1.5,0.0,168,0,13,8,5,61.53846153846154,2.2760667889218253,6.628882650203269,0.5099140500156361,6.732055836682815,1.8087746124542563,10673.205583668281,4,1,3,25.0,0.4892983415632168,-1.554985568391841,-0.38874639209796025,-1.5690930183690055,4.286059034820906,9843.0906981631,-37.99226227751543
breakout_retest,240,80,balanced_value,5,0.5,0.1,6,0.0,1.5,0.0,336,1,13,8,5,61.53846153846154,2.2760667889218253,6.628882650203269,0.5099140500156361,6.732055836682815,1.8087746124542563,10673.205583668281,4,1,3,25.0,0.4892983415632168,-1.554985568391841,-0.38874639209796025,-1.5690930183690055,4.286059034820906,9843.0906981631,-37.99226227751543
breakout_retest,240,80,balanced_value,5,0.5,0.1,6,0.0,1.5,0.0,336,0,13,8,5,61.53846153846154,2.2760667889218253,6.628882650203269,0.5099140500156361,6.732055836682815,1.8087746124542563,10673.205583668281,4,1,3,25.0,0.4892983415632168,-1.554985568391841,-0.38874639209796025,-1.5690930183690055,4.286059034820906,9843.0906981631,-37.99226227751543
breakout_retest,240,80,balanced_value,5,0.5,0.0,6,0.0,1.5,0.0,72,0,12,8,4,66.66666666666667,2.894178394726514,7.7243969515938415,0.6436997459661534,7.914864991667581,1.792074647002309,10791.486499166758,4,1,3,25.0,0.4892983415632168,-1.554985568391841,-0.38874639209796025,-1.5690930183690055,4.286059034820906,9843.0906981631,-37.99226227751543
breakout_retest,240,80,balanced_value,5,0.25,0.1,6,0.0,1.5,0.0,72,0,13,8,5,61.53846153846154,2.2760667889218253,6.628882650203269,0.5099140500156361,6.732055836682815,1.8087746124542563,10673.205583668281,4,1,3,25.0,0.4892983415632168,-1.554985568391841,-0.38874639209796025,-1.5690930183690055,4.286059034820906,9843.0906981631,-37.99226227751543
breakout_retest,240,80,balanced_value,5,0.25,0.1,6,0.0,1.5,0.0,168,0,13,8,5,61.53846153846154,2.2760667889218253,6.628882650203269,0.5099140500156361,6.732055836682815,1.8087746124542563,10673.205583668281,4,1,3,25.0,0.4892983415632168,-1.554985568391841,-0.38874639209796025,-1.5690930183690055,4.286059034820906,9843.0906981631,-37.99226227751543
breakout_retest,240,80,balanced_value,5,0.25,0.1,6,0.0,1.5,0.0,168,1,13,8,5,61.53846153846154,2.2760667889218253,6.628882650203269,0.5099140500156361,6.732055836682815,1.8087746124542563,10673.205583668281,4,1,3,25.0,0.4892983415632168,-1.554985568391841,-0.38874639209796025,-1.5690930183690055,4.286059034820906,9843.0906981631,-37.99226227751543
breakout_retest,240,80,balanced_value,5,0.25,0.1,6,0.0,1.5,0.0,72,1,13,8,5,61.53846153846154,2.2760667889218253,6.628882650203269,0.5099140500156361,6.732055836682815,1.8087746124542563,10673.205583668281,4,1,3,25.0,0.4892983415632168,-1.554985568391841,-0.38874639209796025,-1.5690930183690055,4.286059034820906,9843.0906981631,-37.99226227751543
breakout_retest,240,80,balanced_value,5,0.5,0.0,6,0.0,1.5,0.0,336,1,12,7,5,58.333333333333336,2.5064867052432973,6.2243969515938415,0.5186997459661534,6.319218834866724,1.792074647002309,10631.921883486673,4,1,3,25.0,0.4892983415632168,-1.554985568391841,-0.38874639209796025,-1.5690930183690055,4.286059034820906,9843.0906981631,-37.99226227751543
breakout_retest,240,80,balanced_value,5,0.5,0.0,6,0.0,1.5,0.0,168,0,12,8,4,66.66666666666667,2.894178394726514,7.7243969515938415,0.6436997459661534,7.914864991667581,1.792074647002309,10791.486499166758,4,1,3,25.0,0.4892983415632168,-1.554985568391841,-0.38874639209796025,-1.5690930183690055,4.286059034820906,9843.0906981631,-37.99226227751543
breakout_retest,240,80,balanced_value,5,0.5,0.0,6,0.0,1.5,0.0,72,1,12,7,5,58.333333333333336,2.5064867052432973,6.2243969515938415,0.5186997459661534,6.319218834866724,1.792074647002309,10631.921883486673,4,1,3,25.0,0.4892983415632168,-1.554985568391841,-0.38874639209796025,-1.5690930183690055,4.286059034820906,9843.0906981631,-37.99226227751543
breakout_retest,240,80,balanced_value,5,0.5,0.0,6,0.0,1.5,0.0,336,0,12,8,4,66.66666666666667,2.894178394726514,7.7243969515938415,0.6436997459661534,7.914864991667581,1.792074647002309,10791.486499166758,4,1,3,25.0,0.4892983415632168,-1.554985568391841,-0.38874639209796025,-1.5690930183690055,4.286059034820906,9843.0906981631,-37.99226227751543
breakout_retest,240,80,balanced_value,5,0.5,0.0,6,0.0,1.5,0.0,168,1,12,7,5,58.333333333333336,2.5064867052432973,6.2243969515938415,0.5186997459661534,6.319218834866724,1.792074647002309,10631.921883486673,4,1,3,25.0,0.4892983415632168,-1.554985568391841,-0.38874639209796025,-1.5690930183690055,4.286059034820906,9843.0906981631,-37.99226227751543
breakout_retest,240,80,balanced_value,5,0.25,0.0,6,0.0,1.5,0.0,72,0,12,8,4,66.66666666666667,2.894178394726514,7.7243969515938415,0.6436997459661534,7.914864991667581,1.792074647002309,10791.486499166758,4,1,3,25.0,0.4892983415632168,-1.554985568391841,-0.38874639209796025,-1.5690930183690055,4.286059034820906,9843.0906981631,-37.99226227751543
breakout_retest,240,80,balanced_value,5,0.25,0.0,6,0.0,1.5,0.0,72,1,12,7,5,58.333333333333336,2.5064867052432973,6.2243969515938415,0.5186997459661534,6.319218834866724,1.792074647002309,10631.921883486673,4,1,3,25.0,0.4892983415632168,-1.554985568391841,-0.38874639209796025,-1.5690930183690055,4.286059034820906,9843.0906981631,-37.99226227751543
breakout_retest,240,80,balanced_value,5,0.25,0.0,6,0.0,1.5,0.0,168,0,12,8,4,66.66666666666667,2.894178394726514,7.7243969515938415,0.6436997459661534,7.914864991667581,1.792074647002309,10791.486499166758,4,1,3,25.0,0.4892983415632168,-1.554985568391841,-0.38874639209796025,-1.5690930183690055,4.286059034820906,9843.0906981631,-37.99226227751543
breakout_retest,240,80,balanced_value,5,0.25,0.0,6,0.0,1.5,0.0,168,1,12,7,5,58.333333333333336,2.5064867052432973,6.2243969515938415,0.5186997459661534,6.319218834866724,1.792074647002309,10631.921883486673,4,1,3,25.0,0.4892983415632168,-1.554985568391841,-0.38874639209796025,-1.5690930183690055,4.286059034820906,9843.0906981631,-37.99226227751543
breakout_retest,240,80,balanced_value,5,0.25,0.0,6,0.0,1.5,0.0,336,0,12,8,4,66.66666666666667,2.894178394726514,7.7243969515938415,0.6436997459661534,7.914864991667581,1.792074647002309,10791.486499166758,4,1,3,25.0,0.4892983415632168,-1.554985568391841,-0.38874639209796025,-1.5690930183690055,4.286059034820906,9843.0906981631,-37.99226227751543
breakout_retest,240,80,balanced_value,5,0.25,0.0,6,0.0,1.5,0.0,336,1,12,7,5,58.333333333333336,2.5064867052432973,6.2243969515938415,0.5186997459661534,6.319218834866724,1.792074647002309,10631.921883486673,4,1,3,25.0,0.4892983415632168,-1.554985568391841,-0.38874639209796025,-1.5690930183690055,4.286059034820906,9843.0906981631,-37.99226227751543
failed_auction,1440,40,balanced_value,10,0.5,0.0,0,0.25,0.0,1.5,72,0,12,7,5,58.333333333333336,2.8380900213888767,8.140331948948628,0.678360995745719,8.310914551567429,3.4147628013572766,10831.091455156742,3,1,2,33.333333333333336,0.4116634075161164,-1.186012909949516,-0.3953376366498387,-1.1924982216273916,2.0011168205657945,9880.75017783726,-38.77669318192108
failed_auction,1440,40,balanced_value,10,0.5,0.0,0,0.25,0.0,1.5,72,1,13,6,7,46.15384615384615,1.9969708352516884,4.4735088369403835,0.3441160643800295,4.477671715721976,3.931839704812919,10447.767171572197,3,1,2,33.333333333333336,0.4116634075161164,-1.186012909949516,-0.3953376366498387,-1.1924982216273916,2.0011168205657945,9880.75017783726,-38.807717796128415
failed_auction,240,20,balanced_value,10,0.5,0.0,0,0.1,0.0,1.5,72,0,12,6,6,50.0,2.116921720974926,6.925318683872889,0.5771098903227407,6.9706429001377135,4.183821161278088,10697.064290013772,6,1,5,16.666666666666668,0.5108857441669823,-2.4678996857762554,-0.41131661429604255,-2.494553933838428,5.659436109674688,9750.544606616157,-40.254865092945245
failed_auction,240,20,balanced_value,10,0.5,0.0,0,0.1,0.0,1.5,336,0,12,6,6,50.0,2.3593827295440986,8.428664640193897,0.7023887200161582,8.55822017800354,4.183821161278088,10855.822017800354,6,1,5,16.666666666666668,0.5108857441669823,-2.4678996857762554,-0.41131661429604255,-2.494553933838428,5.659436109674688,9750.544606616157,-40.254865092945245
failed_auction,240,20,balanced_value,10,0.5,0.0,0,0.1,0.0,1.5,168,0,12,6,6,50.0,2.3593827295440986,8.428664640193897,0.7023887200161582,8.55822017800354,4.183821161278088,10855.822017800354,6,1,5,16.666666666666668,0.5108857441669823,-2.4678996857762554,-0.41131661429604255,-2.494553933838428,5.659436109674688,9750.544606616157,-40.254865092945245
failed_auction,1440,40,balanced_value,10,0.5,0.0,0,0.1,0.0,1.5,72,1,15,6,9,40.0,2.406821235124884,6.627983934589599,0.4418655956393066,6.704627707716626,5.362391477336398,10670.462770771663,5,1,4,20.0,0.324635236710038,-2.059334956803625,-0.411866991360725,-2.0582062592137684,3.224453177135876,9794.179374078623,-40.67999620436981
failed_auction,1440,40,balanced_value,10,0.5,0.0,0,0.0,0.0,1.5,72,1,16,5,11,31.25,1.7079779778387612,4.338164931440814,0.2711353082150509,4.274704842627353,4.989610482223856,10427.470484262736,6,1,5,16.666666666666668,0.2787466265065827,-2.939148735363453,-0.48985812256057554,-2.922721808110451,4.040634528364551,9707.727819188955,-48.53310461707229
failed_auction,1440,20,balanced_value,5,0.25,0.0,0,0.25,0.0,1.5,72,1,13,5,8,38.46153846153846,3.3782864403458124,9.827715225967967,0.7559780943052282,10.016557116225666,9.003784496993708,11001.655711622567,6,0,6,0.0,0.0,-3.2836018781846574,-0.5472669796974429,-3.2453640411416185,5.5049030225390085,9675.463595885838,-55.072334024658375
failed_auction,1440,40,balanced_value,10,0.5,0.0,0,0.1,0.0,1.5,72,0,14,7,7,50.0,2.69223040167578,10.175067029562118,0.7267905021115799,10.426096646728556,5.235302441887106,11042.609664672857,5,1,4,20.0,0.24446292448675944,-3.0593349568036246,-0.6118669913607249,-3.0377413618880023,3.6201395937874215,9696.2258638112,-60.83271548668939
failed_auction,1440,40,balanced_value,10,0.5,0.0,0,0.1,0.0,1.5,336,1,13,4,9,30.76923076923077,2.2697497259970896,5.30941851282099,0.4084168086785377,5.302317907501286,4.54049173430972,10530.23179075013,5,0,5,0.0,0.0,-3.055452360807328,-0.6110904721614656,-3.0242587149437394,3.8996324352028675,9697.574128505627,-61.202300773282346
failed_auction,1440,40,balanced_value,10,0.5,0.0,0,0.1,0.0,1.5,168,1,13,4,9,30.76923076923077,1.9318676580828351,3.8965752809585448,0.2997365600737342,3.8662941219527847,4.54049173430972,10386.629412195278,5,0,5,0.0,0.0,-3.055452360807328,-0.6110904721614656,-3.0242587149437394,3.8996324352028675,9697.574128505627,-61.202300773282346
failed_auction,1440,20,balanced_value,5,0.25,0.0,0,0.25,0.0,1.0,72,1,14,6,8,42.857142857142854,2.743965060392527,7.206529746300738,0.514752124735767,7.277426821748856,9.003784496993708,10727.742682174885,7,0,7,0.0,0.0,-4.288685854580482,-0.6126694077972117,-4.217829383584226,6.454658100739177,9578.217061641577,-61.59922369537281
failed_auction,1440,40,balanced_value,10,0.5,0.0,0,0.25,0.0,1.0,72,0,15,7,8,46.666666666666664,1.8200172004498216,5.6630314580544825,0.3775354305369655,5.648813453317736,4.833225313809934,10564.881345331774,5,1,4,20.0,0.20622899317947863,-3.1941207529111546,-0.638824150582231,-3.166698391784939,3.622898179064815,9683.330160821506,-63.58077464376993
failed_auction,1440,40,balanced_value,10,0.5,0.0,0,0.25,0.0,1.0,72,1,16,6,10,37.5,1.2866302793121038,1.9962083460462388,0.12476302162788992,1.9097853141666121,5.09464793428104,10190.978531416662,5,1,4,20.0,0.20622899317947863,-3.1941207529111546,-0.638824150582231,-3.166698391784939,3.622898179064815,9683.330160821506,-63.59646000099819
failed_auction,1440,40,balanced_value,10,0.5,0.0,0,0.0,0.0,1.5,72,0,15,6,9,40.0,1.5269088000786475,4.533221017191926,0.30221473447946173,4.429369267485028,6.8806797919220255,10442.936926748504,6,1,5,16.666666666666668,0.22382180165432936,-3.939148735363453,-0.6565247892272422,-3.8936548099966606,4.600461110272782,9610.634519000334,-65.42308509202536
failed_auction,1440,40,balanced_value,10,0.5,0.0,0,0.0,0.0,1.0,72,1,17,5,12,29.41176470588235,1.4671132345558284,3.332169727603883,0.196009983976699,3.225706313095422,4.989610482223856,10322.570631309542,9,1,8,11.11111111111111,0.16028899171919447,-5.950719458430705,-0.661191050936745,-5.817022641630376,6.901605464525375,9418.297735836963,-65.98236492880824
failed_auction,1440,40,balanced_value,10,0.5,0.0,0,0.1,0.0,1.0,72,1,16,6,10,37.5,1.98386551906117,5.623541154424708,0.35147132215154425,5.63284077860462,5.362391477336397,10563.284077860462,9,1,8,11.11111111111111,0.14011161663204497,-6.075082625641946,-0.675009180626883,-5.932468298402527,6.781590399353245,9406.753170159747,-67.39733174408599
failed_auction,1440,40,balanced_value,10,0.5,0.0,0,0.25,0.0,1.5,168,1,12,3,9,25.0,1.054621547918237,0.2805052142022064,0.023375434516850535,0.2063641984630049,3.931839704812919,10020.636419846302,3,0,3,0.0,0.0,-2.0211006292477594,-0.6737002097492532,-2.01083645758261,2.4724817265278887,9798.91635424174,-67.4673019211021
failed_auction,1440,40,balanced_value,10,0.5,0.0,0,0.25,0.0,1.5,336,1,12,3,9,25.0,1.2775507030754083,1.4253426053520215,0.11877855044600179,1.333564186879821,3.931839704812919,10133.356418687983,3,0,3,0.0,0.0,-2.0211006292477594,-0.6737002097492532,-2.01083645758261,2.4724817265278887,9798.91635424174,-67.4673019211021
failed_auction,1440,20,balanced_value,5,0.25,0.0,0,0.1,0.0,1.5,168,1,12,2,10,16.666666666666668,2.1564315750926766,6.046017821262489,0.5038348184385407,5.7898343621105575,4.620573788856597,10578.983436211056,6,0,6,0.0,0.0,-4.053430654120299,-0.6755717756867164,-3.9919628320280953,6.550676522553597,9600.80371679719,-67.75562714511933
failed_auction,1440,20,balanced_value,5,0.25,0.0,0,0.1,0.0,1.5,72,1,12,2,10,16.666666666666668,2.1564315750926766,6.046017821262489,0.5038348184385407,5.7898343621105575,4.620573788856597,10578.983436211056,6,0,6,0.0,0.0,-4.053430654120299,-0.6755717756867164,-3.9919628320280953,6.550676522553597,9600.80371679719,-67.75562714511933
failed_auction,1440,20,balanced_value,5,0.25,0.0,0,0.1,0.0,1.5,336,1,12,2,10,16.666666666666668,2.1564315750926766,6.046017821262489,0.5038348184385407,5.7898343621105575,4.620573788856597,10578.983436211056,6,0,6,0.0,0.0,-4.053430654120299,-0.6755717756867164,-3.9919628320280953,6.550676522553597,9600.80371679719,-67.75562714511933
failed_auction,1440,20,balanced_value,5,0.25,0.0,0,0.25,0.0,1.5,168,1,13,2,11,15.384615384615385,1.6476678284799562,2.7058890959805986,0.20814531507543066,2.5849454640788805,12.00086922345049,10258.494546407888,6,0,6,0.0,0.0,-4.039850413924924,-0.6733084023208207,-3.9788828469235704,5.526119434211868,9602.111715307643,-67.85630137058357
failed_auction,1440,20,balanced_value,5,0.25,0.0,0,0.25,0.0,1.5,336,1,13,2,11,15.384615384615385,1.6476678284799562,2.7058890959805986,0.20814531507543066,2.5849454640788805,12.00086922345049,10258.494546407888,6,0,6,0.0,0.0,-4.039850413924924,-0.6733084023208207,-3.9788828469235704,5.526119434211868,9602.111715307643,-67.85630137058357
failed_auction,1440,40,balanced_value,10,0.5,0.0,0,0.0,0.0,1.5,168,1,13,3,10,23.076923076923077,1.4457363478163914,2.269696672525747,0.17459205173274975,2.178331151989621,6.431098218074877,10217.833115198962,6,0,6,0.0,0.0,-4.082210251815527,-0.6803683753025879,-4.01991174325802,5.1251895544182124,9598.008825674198,-68.22811240843777
failed_auction,1440,40,balanced_value,10,0.5,0.0,0,0.0,0.0,1.5,336,1,13,3,10,23.076923076923077,1.774509152454949,3.9438130966421716,0.303370238203244,3.8456550792032695,6.431098218074877,10384.565507920326,6,0,6,0.0,0.0,-4.082210251815527,-0.6803683753025879,-4.01991174325802,5.1251895544182124,9598.008825674198,-68.22811240843777
failed_auction,1440,20,balanced_value,5,0.25,0.0,0,0.1,0.0,1.0,72,1,14,4,10,28.571428571428573,1.172064933035478,0.8995842676324943,0.06425601911660674,0.8225175760034453,4.125248035610462,10082.251757600345,7,0,7,0.0,0.0,-5.059271824357035,-0.7227531177652907,-4.957651196599744,7.490628291397459,9504.234880340025,-72.51680531984492
failed_auction,1440,20,balanced_value,5,0.25,0.0,0,0.1,0.0,1.0,168,1,14,4,10,28.571428571428573,1.172064933035478,0.8995842676324943,0.06425601911660674,0.8225175760034453,4.125248035610462,10082.251757600345,7,0,7,0.0,0.0,-5.059271824357035,-0.7227531177652907,-4.957651196599744,7.490628291397459,9504.234880340025,-72.51680531984492
failed_auction,1440,20,balanced_value,5,0.25,0.0,0,0.1,0.0,1.0,336,1,14,4,10,28.571428571428573,1.172064933035478,0.8995842676324943,0.06425601911660674,0.8225175760034453,4.125248035610462,10082.251757600345,7,0,7,0.0,0.0,-5.059271824357035,-0.7227531177652907,-4.957651196599744,7.490628291397459,9504.234880340025,-72.51680531984492
failed_auction,1440,20,balanced_value,5,0.25,0.0,0,0.25,0.0,1.0,168,1,14,3,11,21.428571428571427,1.020274226066237,0.08470361631336543,0.00605025830809753,0.030843252163093027,12.404132848658797,10003.08432521631,7,0,7,0.0,0.0,-5.044934390320748,-0.720704912902964,-4.943975709385418,6.475661269657943,9505.602429061459,-72.60679510704794
failed_auction,1440,20,balanced_value,5,0.25,0.0,0,0.25,0.0,1.0,336,1,14,3,11,21.428571428571427,1.020274226066237,0.08470361631336543,0.00605025830809753,0.030843252163093027,12.404132848658797,10003.08432521631,7,0,7,0.0,0.0,-5.044934390320748,-0.720704912902964,-4.943975709385418,6.475661269657943,9505.602429061459,-72.60679510704794
failed_auction,1440,40,balanced_value,10,0.25,0.0,0,0.1,0.0,1.5,336,1,12,4,8,33.333333333333336,2.3233359048141837,5.524989880923017,0.4604158234102514,5.525072979567303,4.308457644827874,10552.50729795673,4,0,4,0.0,0.0,-3.0492188351252008,-0.7623047087813002,-3.018213330364705,3.8936416206711524,9698.17866696353,-76.32803454557629
failed_auction,1440,40,balanced_value,10,0.25,0.0,0,0.1,0.0,1.5,168,1,12,4,8,33.333333333333336,1.9849341670928224,4.112146649060572,0.3426788874217143,4.086011449093574,4.308457644827874,10408.601144909357,4,0,4,0.0,0.0,-3.0492188351252008,-0.7623047087813002,-3.018213330364705,3.8936416206711524,9698.17866696353,-76.32803454557629
failed_auction,1440,40,balanced_value,10,0.25,0.0,0,0.1,0.0,1.5,72,1,14,6,8,42.857142857142854,2.614452530791001,7.595834347610582,0.5425595962578987,7.725063987392922,5.132355185266073,10772.506398739293,4,0,4,0.0,0.0,-3.0492188351252008,-0.7623047087813002,-3.018213330364705,3.8936416206711524,9698.17866696353,-76.37746839800258
failed_auction,1440,40,balanced_value,10,0.5,0.0,0,0.0,0.0,1.0,72,0,16,6,10,37.5,1.3670591221004786,3.5272258133549945,0.22045161333468716,3.3788148212569924,6.8806797919220255,10337.881482125698,9,1,8,11.11111111111111,0.1404675044787808,-6.950719458430705,-0.7723021620478562,-6.759007858319133,7.444741152613535,9324.099214168087,-77.16570715568547
failed_auction,1440,40,balanced_value,10,0.5,0.0,0,0.1,0.0,1.0,72,0,15,7,8,46.666666666666664,2.3068673762257674,9.170624249397227,0.6113749499598151,9.31692969154263,5.2353024418870975,10931.692969154263,9,1,8,11.11111111111111,0.12273874638352165,-7.075082625641946,-0.786120291737994,-6.873256146004147,7.4326165788664165,9312.674385399585,-78.58225016646495
failed_auction,1440,40,balanced_value,10,0.5,0.0,0,0.1,0.0,1.0,168,1,14,4,10,28.571428571428573,1.5576903134421565,2.892132500793653,0.20658089291383236,2.8230166296199677,4.7511259804846855,10282.301662961996,9,0,9,0.0,0.0,-7.07120002964565,-0.78568889218285,-6.8603068291659515,7.701053583295796,9313.969317083405,-78.80069392398333
failed_auction,1440,40,balanced_value,10,0.5,0.0,0,0.1,0.0,1.0,336,1,14,4,10,28.571428571428573,1.8301290708662281,4.304975732656098,0.3074982666182927,4.244616377933097,4.7511259804846855,10424.461637793309,9,0,9,0.0,0.0,-7.07120002964565,-0.78568889218285,-6.8603068291659515,7.701053583295796,9313.969317083405,-78.80069392398333
failed_auction,1440,40,balanced_value,10,0.5,0.0,0,0.0,0.0,1.0,168,1,13,3,10,23.076923076923077,1.4457363478163914,2.269696672525747,0.17459205173274975,2.178331151989621,6.431098218074877,10217.833115198962,9,0,9,0.0,0.0,-7.09378097488278,-0.7881978860980866,-6.881500516829641,7.953825132868435,9311.849948317036,-79.06675960848136
failed_auction,1440,40,balanced_value,10,0.5,0.0,0,0.0,0.0,1.0,336,1,13,3,10,23.076923076923077,1.774509152454949,3.9438130966421716,0.303370238203244,3.8456550792032695,6.431098218074877,10384.565507920326,9,0,9,0.0,0.0,-7.09378097488278,-0.7881978860980866,-6.881500516829641,7.953825132868435,9311.849948317036,-79.06675960848136
failed_auction,1440,40,balanced_value,10,0.5,0.0,0,0.25,0.0,1.0,168,1,15,4,11,26.666666666666668,0.9635116546211702,-0.260574051951977,-0.017371603463465134,-0.35504666526360307,4.122393458592087,9964.49533347364,5,0,5,0.0,0.0,-4.0292084722093975,-0.8058416944418795,-3.968686012092637,4.421107485758199,9603.131398790736,-80.67025994641062
failed_auction,1440,40,balanced_value,10,0.5,0.0,0,0.25,0.0,1.0,336,1,15,4,11,26.666666666666668,1.1238239413509772,0.8842633391978381,0.058950889279855874,0.765838132255392,4.122393458592087,10076.58381322554,5,0,5,0.0,0.0,-4.0292084722093975,-0.8058416944418795,-3.968686012092637,4.421107485758199,9603.131398790736,-80.67025994641062
failed_auction,1440,40,balanced_value,5,0.25,0.0,0,0.1,0.0,1.5,72,1,18,6,12,33.333333333333336,2.3932705752824646,6.601308520234365,0.3667393622352425,6.676078452841794,4.402090033205422,10667.60784528418,5,0,5,0.0,0.0,-4.055060005361937,-0.8110120010723874,-3.9936960683190637,4.860318940465699,9600.630393168094,-81.21364329674387
failed_auction,1440,40,balanced_value,5,0.25,0.0,0,0.1,0.0,1.5,168,1,16,4,12,25.0,1.9196215536216397,3.869899866603311,0.24186874166270694,3.8385042747128395,5.126632525848236,10383.850427471285,5,0,5,0.0,0.0,-4.055060005361937,-0.8110120010723874,-3.9936960683190637,4.860318940465699,9600.630393168094,-81.22962211186682
failed_auction,1440,40,balanced_value,5,0.25,0.0,0,0.1,0.0,1.5,336,1,16,4,12,25.0,2.255361787916013,5.282743098465756,0.3301714436541098,5.274143846287327,5.126632525848236,10527.414384628733,5,0,5,0.0,0.0,-4.055060005361937,-0.8110120010723874,-3.9936960683190637,4.860318940465699,9600.630393168094,-81.22962211186682
failed_auction,1440,40,balanced_value,10,0.25,0.0,0,0.0,0.0,1.5,72,1,15,5,10,33.333333333333336,1.8931675623018835,5.466246531236169,0.3644164354157446,5.435230961249604,4.785718271863444,10543.52309612496,5,0,5,0.0,0.0,-4.075057175992923,-0.8150114351985845,-4.013045723638808,5.1184026018146165,9598.69542763612,-81.62907172904453
failed_auction,1440,40,balanced_value,10,0.25,0.0,0,0.0,0.0,1.5,336,1,12,3,9,25.0,1.8306720970529784,4.2235874047708535,0.3519656170642378,4.13005600267109,6.23029943909775,10413.00560026711,5,0,5,0.0,0.0,-4.075057175992923,-0.8150114351985845,-4.013045723638808,5.1184026018146165,9598.69542763612,-81.69578553928152
failed_auction,1440,40,balanced_value,10,0.25,0.0,0,0.0,0.0,1.5,168,1,12,3,9,25.0,1.5014160245585886,2.5494709806544282,0.21245591505453568,2.458165794236944,6.23029943909775,10245.816579423694,5,0,5,0.0,0.0,-4.075057175992923,-0.8150114351985845,-4.013045723638808,5.1184026018146165,9598.69542763612,-81.69578553928152
failed_auction,1440,40,balanced_value,5,0.25,0.0,0,0.0,0.0,1.5,72,1,20,6,14,30.0,1.9169532135815408,5.647258345642461,0.28236291728212304,5.6392112047469745,4.025297582577833,10563.921120474697,6,0,6,0.0,0.0,-5.0815422602990195,-0.8469237100498366,-4.979140101310097,6.0733717273787144,9502.08598986899,-84.86218229372085
failed_auction,1440,40,balanced_value,5,0.25,0.0,0,0.0,0.0,1.5,168,1,17,4,13,23.529411764705884,1.7292107913669155,3.7358885030169855,0.21975814723629328,3.6758753437815095,6.494454910294727,10367.58753437815,6,0,6,0.0,0.0,-5.0815422602990195,-0.8469237100498366,-4.979140101310097,6.0733717273787144,9502.08598986899,-84.88744728469581
failed_auction,1440,40,balanced_value,5,0.25,0.0,0,0.0,0.0,1.5,336,1,17,4,13,23.529411764705884,2.055982792588157,5.41000492713341,0.3182355839490241,5.36763587350062,6.494454910294727,10536.763587350062,6,0,6,0.0,0.0,-5.0815422602990195,-0.8469237100498366,-4.979140101310097,6.0733717273787144,9502.08598986899,-84.88744728469581
failed_auction,1440,20,balanced_value,5,0.25,0.0,0,0.25,0.0,1.5,72,0,12,6,6,50.0,2.6557612474691052,10.1151117454298,0.8429259787858167,10.29359204128717,10.020976543154404,11029.359204128717,6,0,6,0.0,0.0,-5.283601878184657,-0.8806003130307762,-5.1709557949444545,7.385525875504636,9482.904420505554,-88.46669888076136
failed_auction,1440,40,balanced_value,10,0.25,0.0,0,0.1,0.0,1.0,168,1,13,4,9,30.76923076923077,1.6000019062008648,3.1077038688956793,0.2390541437612061,3.040527021931516,4.7511259804846855,10304.052702193152,8,0,8,0.0,0.0,-7.0649665039635225,-0.8831208129954403,-6.854500580537859,7.695299746099647,9314.549941946214,-88.55407682657639
failed_auction,1440,40,balanced_value,10,0.25,0.0,0,0.1,0.0,1.0,336,1,13,4,9,30.76923076923077,1.8727784216098735,4.520547100758125,0.3477343923660096,4.465134002760274,4.7511259804846855,10446.513400276028,8,0,8,0.0,0.0,-7.0649665039635225,-0.8831208129954403,-6.854500580537859,7.695299746099647,9314.549941946214,-88.55407682657639
failed_auction,1440,40,balanced_value,10,0.25,0.0,0,0.1,0.0,1.0,72,1,15,6,9,40.0,2.1544925969937956,6.591391567445692,0.4394261044963795,6.643027359743581,5.132355185266077,10664.302735974357,8,0,8,0.0,0.0,-7.0649665039635225,-0.8831208129954403,-6.854500580537859,7.695299746099647,9314.549941946214,-88.55407682657639
failed_auction,1440,40,balanced_value,10,0.25,0.0,0,0.0,0.0,1.0,72,1,16,5,11,31.25,1.6259067565618528,4.460251327399237,0.2787657079624523,4.374557594625039,4.785718271863444,10437.455759462504,8,0,8,0.0,0.0,-7.086627899060174,-0.8858284873825217,-6.874839203467964,7.947240529186714,9312.516079653204,-88.83996071226974
failed_auction,1440,40,balanced_value,10,0.25,0.0,0,0.0,0.0,1.0,336,1,12,3,9,25.0,1.8306720970529784,4.2235874047708535,0.3519656170642378,4.13005600267109,6.23029943909775,10413.00560026711,8,0,8,0.0,0.0,-7.086627899060174,-0.8858284873825217,-6.874839203467964,7.947240529186714,9312.516079653204,-88.83996071226974
failed_auction,1440,40,balanced_value,10,0.25,0.0,0,0.0,0.0,1.0,168,1,12,3,9,25.0,1.5014160245585886,2.5494709806544282,0.21245591505453568,2.458165794236944,6.23029943909775,10245.816579423694,8,0,8,0.0,0.0,-7.086627899060174,-0.8858284873825217,-6.874839203467964,7.947240529186714,9312.516079653204,-88.83996071226974
failed_auction,1440,20,balanced_value,5,0.25,0.0,0,0.0,0.0,1.0,336,1,14,4,10,28.571428571428573,1.354842829947095,1.8253577674311114,0.13038269767365082,1.743423447166359,5.970875011051322,10174.342344716635,8,0,8,0.0,0.0,-7.091051944654119,-0.8863814930817648,-6.87883944862655,8.443952955535263,9312.116055137345,-88.92506402777497
failed_auction,1440,20,balanced_value,5,0.25,0.0,0,0.0,0.0,1.0,168,1,14,4,10,28.571428571428573,1.354842829947095,1.8253577674311114,0.13038269767365082,1.743423447166359,5.970875011051322,10174.342344716635,8,0,8,0.0,0.0,-7.091051944654119,-0.8863814930817648,-6.87883944862655,8.443952955535263,9312.116055137345,-88.92506402777497
failed_auction,1440,20,balanced_value,5,0.25,0.0,0,0.0,0.0,1.0,72,1,14,4,10,28.571428571428573,1.354842829947095,1.8253577674311114,0.13038269767365082,1.743423447166359,5.970875011051322,10174.342344716635,8,0,8,0.0,0.0,-7.091051944654119,-0.8863814930817648,-6.87883944862655,8.443952955535263,9312.116055137345,-88.92506402777497
failed_auction,1440,20,balanced_value,5,0.25,0.0,0,0.0,0.0,1.5,336,1,12,1,11,8.333333333333334,0.583813721443943,-2.1698182874750422,-0.18081819062292018,-2.216143794266412,8.461694931331703,9778.38562057336,8,0,8,0.0,0.0,-7.091051944654119,-0.8863814930817648,-6.87883944862655,8.443952955535263,9312.116055137345,-88.92612854632276
failed_auction,1440,20,balanced_value,5,0.25,0.0,0,0.0,0.0,1.5,72,1,12,1,11,8.333333333333334,0.583813721443943,-2.1698182874750422,-0.18081819062292018,-2.216143794266412,8.461694931331703,9778.38562057336,8,0,8,0.0,0.0,-7.091051944654119,-0.8863814930817648,-6.87883944862655,8.443952955535263,9312.116055137345,-88.92612854632276
failed_auction,1440,20,balanced_value,5,0.25,0.0,0,0.0,0.0,1.5,168,1,12,1,11,8.333333333333334,0.583813721443943,-2.1698182874750422,-0.18081819062292018,-2.216143794266412,8.461694931331703,9778.38562057336,8,0,8,0.0,0.0,-7.091051944654119,-0.8863814930817648,-6.87883944862655,8.443952955535263,9312.116055137345,-88.92612854632276
failed_auction,1440,40,balanced_value,5,0.25,0.0,0,0.1,0.0,1.0,72,1,20,7,13,35.0,2.189627778887448,6.831363075665315,0.34156815378326577,6.9082639898505604,4.4020900332054085,10690.826398985057,9,0,9,0.0,0.0,-8.070807674200259,-0.8967564082444732,-7.791396361921432,8.623738423316983,9220.860363807857,-89.96280662054694
failed_auction,1440,40,balanced_value,5,0.25,0.0,0,0.1,0.0,1.0,168,1,18,5,13,27.77777777777778,1.814308685578471,4.244654639354373,0.23581414663079847,4.2132590175883555,5.733149511072902,10421.325901758835,9,0,9,0.0,0.0,-8.070807674200259,-0.8967564082444732,-7.791396361921432,8.623738423316983,9220.860363807857,-89.96280662054694
failed_auction,1440,40,balanced_value,5,0.25,0.0,0,0.1,0.0,1.0,336,1,18,5,13,27.77777777777778,2.085353237566178,5.657497871216819,0.3143054372898233,5.65407983423436,5.733149511072902,10565.407983423436,9,0,9,0.0,0.0,-8.070807674200259,-0.8967564082444732,-7.791396361921432,8.623738423316983,9220.860363807857,-89.96280662054694
failed_auction,1440,40,balanced_value,5,0.25,0.0,0,0.0,0.0,1.0,168,1,18,5,13,27.77777777777778,1.9301681195492528,4.765431922891651,0.264746217938425,4.743263496380856,6.494454910294727,10474.326349638086,9,0,9,0.0,0.0,-8.093112983366272,-0.8992347759295858,-7.812130056621102,8.87373782295259,9218.78699433789,-90.22564335303633
failed_auction,1440,40,balanced_value,5,0.25,0.0,0,0.0,0.0,1.0,336,1,18,5,13,27.77777777777778,2.256940120770494,6.439548347008076,0.3577526859448931,6.452441435313738,6.494454910294727,10645.244143531374,9,0,9,0.0,0.0,-8.093112983366272,-0.8992347759295858,-7.812130056621102,8.87373782295259,9218.78699433789,-90.22564335303633
failed_auction,1440,40,balanced_value,5,0.25,0.0,0,0.0,0.0,1.0,72,1,22,7,15,31.818181818181817,1.7914908247530716,5.670806561680194,0.257763934621827,5.653146135014664,3.876266570305778,10565.314613501467,9,0,9,0.0,0.0,-8.093112983366272,-0.8992347759295858,-7.812130056621102,8.87373782295259,9218.78699433789,-90.22564335303633
failed_auction,1440,20,balanced_value,5,0.25,0.0,0,0.25,0.0,1.0,72,0,13,7,6,53.84615384615385,2.2266945748618903,7.493926265762566,0.5764558665971204,7.547564287230135,10.615194142677687,10754.756428723013,7,0,7,0.0,0.0,-6.288685854580481,-0.8983836935114973,-6.124067323218785,8.316379114753186,9387.593267678121,-90.26733684554239
failed_auction,1440,40,balanced_value,10,0.25,0.0,0,0.25,0.0,1.0,336,1,14,4,10,28.571428571428573,1.332121830684672,2.0378975428349735,0.1455641102024981,1.9376082019250784,4.122393458592087,10193.760820192507,4,0,4,0.0,0.0,-4.023982641675616,-1.005995660418904,-3.963667316095687,4.416112433776358,9603.633268390431,-100.70358899667357
failed_auction,1440,40,balanced_value,10,0.25,0.0,0,0.25,0.0,1.0,168,1,14,4,10,28.571428571428573,1.1455444968428545,0.8930601516851586,0.06379001083465419,0.8036890340120451,4.122393458592087,10080.368903401204,4,0,4,0.0,0.0,-4.023982641675616,-1.005995660418904,-3.963667316095687,4.416112433776358,9603.633268390431,-100.70358899667357
failed_auction,1440,40,balanced_value,5,0.25,0.0,0,0.25,0.0,1.0,168,1,19,5,14,26.31578947368421,1.132711127220029,0.9506474996835694,0.05003407893071418,0.8515473260024775,4.981505554852587,10085.154732600247,5,0,5,0.0,0.0,-5.029066618071441,-1.0058133236142883,-4.92891310741983,5.376810771720705,9507.108689258017,-100.72476506080926
failed_auction,1440,40,balanced_value,5,0.25,0.1,0,0.25,0.0,1.0,72,0,15,8,7,53.333333333333336,2.2676730063119908,7.56954219077692,0.5046361460517946,7.652397525433119,3.577134881911518,10765.239752543312,5,0,5,0.0,0.0,-5.029066618071441,-1.0058133236142883,-4.92891310741983,5.376810771720705,9507.108689258017,-100.72476506080926
failed_auction,1440,40,balanced_value,5,0.25,0.1,0,0.25,0.0,1.0,336,1,15,5,10,33.333333333333336,2.6105324463500432,6.603582499643926,0.44023883330959507,6.66235079568791,4.4421218041884325,10666.23507956879,5,0,5,0.0,0.0,-5.029066618071441,-1.0058133236142883,-4.92891310741983,5.376810771720705,9507.108689258017,-100.72476506080926
failed_auction,1440,40,balanced_value,5,0.25,0.1,0,0.25,0.0,1.0,168,1,15,5,10,33.333333333333336,2.6105324463500432,6.603582499643926,0.44023883330959507,6.66235079568791,4.4421218041884325,10666.23507956879,5,0,5,0.0,0.0,-5.029066618071441,-1.0058133236142883,-4.92891310741983,5.376810771720705,9507.108689258017,-100.72476506080926
failed_auction,1440,40,balanced_value,5,0.25,0.1,0,0.25,0.0,1.0,72,1,15,6,9,40.0,2.124715450685891,5.130723632654727,0.3420482421769818,5.1321831748983415,2.9949642499268663,10513.218317489835,5,0,5,0.0,0.0,-5.029066618071441,-1.0058133236142883,-4.92891310741983,5.376810771720705,9507.108689258017,-100.72476506080926
failed_auction,1440,40,balanced_value,5,0.25,0.0,0,0.25,0.0,1.0,72,1,20,7,13,35.0,1.4405774725833487,3.0780461218116866,0.15390230609058433,3.0119783418087076,4.1319328970757665,10301.19783418087,5,0,5,0.0,0.0,-5.029066618071441,-1.0058133236142883,-4.92891310741983,5.376810771720705,9507.108689258017,-100.72476506080926
failed_auction,1440,40,balanced_value,5,0.25,0.0,0,0.25,0.0,1.0,72,0,19,9,10,47.36842105263158,1.6653368638197374,5.55840154390066,0.2925474496789821,5.525199289851179,4.860248992801681,10552.519928985119,5,0,5,0.0,0.0,-5.029066618071441,-1.0058133236142883,-4.92891310741983,5.376810771720705,9507.108689258017,-100.72476506080926
failed_auction,1440,40,balanced_value,5,0.25,0.0,0,0.25,0.0,1.0,336,1,19,5,14,26.31578947368421,1.292531313686307,2.0954848908333847,0.11028867846491498,1.9860048416203702,4.981505554852587,10198.600484162036,5,0,5,0.0,0.0,-5.029066618071441,-1.0058133236142883,-4.92891310741983,5.376810771720705,9507.108689258017,-100.72476506080926
failed_auction,1440,40,balanced_value,5,0.25,0.0,0,0.25,0.0,1.0,336,0,16,7,9,43.75,1.5869856240725404,5.33352263783203,0.3333451648645019,5.252219904234878,5.408939870313371,10525.221990423488,5,0,5,0.0,0.0,-5.029066618071441,-1.0058133236142883,-4.92891310741983,5.376810771720705,9507.108689258017,-100.72669280672483
failed_auction,1440,40,balanced_value,5,0.25,0.0,0,0.25,0.0,1.0,168,0,16,7,9,43.75,1.460989516783342,4.1886852466822155,0.26179282791763847,4.081430126840879,5.408939870313371,10408.143012684088,5,0,5,0.0,0.0,-5.029066618071441,-1.0058133236142883,-4.92891310741983,5.376810771720705,9507.108689258017,-100.72669280672483
failed_auction,1440,40,balanced_value,10,0.5,0.0,0,0.25,0.0,1.0,336,0,13,5,8,38.46153846153846,1.4400404249501015,3.555051389820336,0.2734654915246412,3.4223051238099877,4.952802217408587,10342.230512380998,5,0,5,0.0,0.0,-5.0292084722093975,-1.0058416944418795,-4.929049338931668,5.376946361420426,9507.095066106833,-100.72761027895037
failed_auction,1440,40,balanced_value,10,0.5,0.0,0,0.25,0.0,1.0,168,0,13,5,8,38.46153846153846,1.2983336880115421,2.410213998670521,0.1854010768208093,2.271870693983691,4.952802217408587,10227.18706939837,5,0,5,0.0,0.0,-5.0292084722093975,-1.0058416944418795,-4.929049338931668,5.376946361420426,9507.095066106833,-100.72761027895037
failed_auction,1440,40,balanced_value,10,0.25,0.0,0,0.25,0.0,1.0,72,0,14,7,7,50.0,2.043151570142913,6.821306371858626,0.4872361694184733,6.868357335443553,4.833225313809934,10686.835733544356,4,0,4,0.0,0.0,-4.023982641675616,-1.005995660418904,-3.963667316095687,4.416112433776358,9603.633268390431,-100.72861576947558
failed_auction,1440,40,balanced_value,10,0.25,0.0,0,0.25,0.0,1.0,168,0,12,5,7,41.666666666666664,1.5038225010376913,3.563848202307657,0.29698735019230477,3.4611538803255737,4.952802217408587,10346.115388032558,4,0,4,0.0,0.0,-4.023982641675616,-1.005995660418904,-3.963667316095687,4.416112433776358,9603.633268390431,-100.73579038369151
failed_auction,1440,40,balanced_value,10,0.25,0.0,0,0.25,0.0,1.0,336,0,12,5,7,41.666666666666664,1.6656685744246218,4.708685593457472,0.39239046612145595,4.624966302703459,4.952802217408587,10462.496630270347,4,0,4,0.0,0.0,-4.023982641675616,-1.005995660418904,-3.963667316095687,4.416112433776358,9603.633268390431,-100.73579038369151
failed_auction,1440,40,balanced_value,10,0.25,0.0,0,0.25,0.0,1.0,72,1,15,6,9,40.0,1.4781300061259033,3.1544832598503834,0.21029888399002555,3.0861681919881923,5.09464793428104,10308.61681919882,4,0,4,0.0,0.0,-4.023982641675616,-1.005995660418904,-3.963667316095687,4.416112433776358,9603.633268390431,-100.74430112670385
failed_auction,1440,40,balanced_value,5,0.25,0.1,0,0.25,0.0,1.0,168,0,14,7,7,50.0,2.242465791756955,8.790129950519091,0.6278664250370779,8.921329843620573,5.8327311788960134,10892.132984362057,5,0,5,0.0,0.0,-5.029066618071441,-1.0058133236142883,-4.92891310741983,5.376810771720705,9507.108689258017,-100.75212028523978
failed_auction,1440,40,balanced_value,5,0.25,0.1,0,0.25,0.0,1.0,336,0,14,7,7,50.0,2.242465791756955,8.790129950519091,0.6278664250370779,8.921329843620573,5.8327311788960134,10892.132984362057,5,0,5,0.0,0.0,-5.029066618071441,-1.0058133236142883,-4.92891310741983,5.376810771720705,9507.108689258017,-100.75212028523978
failed_auction,1440,40,balanced_value,5,0.25,0.1,0,0.25,0.0,1.5,72,0,13,7,6,53.84615384615385,2.2594671631197087,6.932563702409798,0.5332741309545999,6.976466221664879,3.4147628013572864,10697.646622166487,3,0,3,0.0,0.0,-3.020958775109802,-1.006986258369934,-2.9906402942116106,3.4476695241039725,9700.93597057884,-100.76685657232765
failed_auction,1440,40,balanced_value,5,0.25,0.1,0,0.25,0.0,1.5,336,1,13,3,10,23.076923076923077,1.9503420865066503,3.9009990106667436,0.3000768469743649,3.8371293991422473,3.5184627328202356,10383.712939914225,3,0,3,0.0,0.0,-3.020958775109802,-1.006986258369934,-2.9906402942116106,3.4476695241039725,9700.93597057884,-100.77110416485063
failed_auction,1440,40,balanced_value,5,0.25,0.1,0,0.25,0.0,1.5,72,1,13,5,8,38.46153846153846,2.0973873020613474,4.4937451442876055,0.3456727034067389,4.472075873297121,3.5184627328202684,10447.207587329713,3,0,3,0.0,0.0,-3.020958775109802,-1.006986258369934,-2.9906402942116106,3.4476695241039725,9700.93597057884,-100.77110416485063
failed_auction,1440,40,balanced_value,5,0.25,0.1,0,0.25,0.0,1.5,168,1,13,3,10,23.076923076923077,1.9503420865066503,3.9009990106667436,0.3000768469743649,3.8371293991422473,3.5184627328202356,10383.712939914225,3,0,3,0.0,0.0,-3.020958775109802,-1.006986258369934,-2.9906402942116106,3.4476695241039725,9700.93597057884,-100.77110416485063
failed_auction,1440,40,balanced_value,5,0.25,0.0,0,0.25,0.0,1.5,72,0,16,8,8,50.0,1.8614325152933113,5.927667340897381,0.3704792088060863,5.92852402572368,3.9277262981918892,10592.852402572367,3,0,3,0.0,0.0,-3.020958775109802,-1.006986258369934,-2.9906402942116106,3.4476695241039725,9700.93597057884,-100.79565997877293
failed_auction,1440,40,balanced_value,5,0.25,0.0,0,0.25,0.0,1.5,72,1,17,6,11,35.294117647058826,1.6252721994697716,3.447311918808407,0.20278305404755337,3.405697370401084,3.9318397048129214,10340.569737040109,3,0,3,0.0,0.0,-3.020958775109802,-1.006986258369934,-2.9906402942116106,3.4476695241039725,9700.93597057884,-100.7959067831702
failed_auction,1440,40,balanced_value,5,0.25,0.0,0,0.25,0.0,1.5,336,1,16,3,13,18.75,1.064779253851564,0.3991456872200452,0.024946605451252823,0.2938493909391493,4.5714856476779895,10029.384939093916,3,0,3,0.0,0.0,-3.020958775109802,-1.006986258369934,-2.9906402942116106,3.4476695241039725,9700.93597057884,-100.8342855397421
failed_auction,1440,40,balanced_value,5,0.25,0.0,0,0.25,0.0,1.5,168,1,16,3,13,18.75,0.8789781432431175,-0.7456917039297699,-0.04660573149561062,-0.8217851648853469,4.5714856476779895,9917.821483511465,3,0,3,0.0,0.0,-3.020958775109802,-1.006986258369934,-2.9906402942116106,3.4476695241039725,9700.93597057884,-100.8342855397421
failed_auction,1440,40,balanced_value,5,0.25,0.0,0,0.25,0.0,1.5,168,0,14,5,9,35.714285714285715,1.163763499257242,1.4883811044546218,0.10631293603247298,1.3269039382319603,5.695469386806612,10132.690393823195,3,0,3,0.0,0.0,-3.020958775109802,-1.006986258369934,-2.9906402942116106,3.4476695241039725,9700.93597057884,-100.90172456408982
failed_auction,1440,40,balanced_value,5,0.25,0.0,0,0.25,0.0,1.5,336,0,14,5,9,35.714285714285715,1.2897275931940055,2.633218495604437,0.18808703540031693,2.4667086388523662,5.695469386806612,10246.670863885236,3,0,3,0.0,0.0,-3.020958775109802,-1.006986258369934,-2.9906402942116106,3.4476695241039725,9700.93597057884,-100.90172456408982
failed_auction,1440,40,balanced_value,10,0.25,0.0,0,0.25,0.0,1.5,72,1,12,6,6,50.0,2.366857358911298,5.631783750744527,0.46931531256204395,5.683696669480298,3.7244352602676765,10568.36966694803,2,0,2,0.0,0.0,-2.015874798713977,-1.0079373993569885,-2.005715442338829,2.4673848373443126,9799.428455766118,-100.90734482244811
failed_auction,1440,40,balanced_value,5,0.25,0.1,0,0.25,0.0,1.5,336,0,13,5,8,38.46153846153846,1.628899308983876,5.083581522927656,0.3910447325328966,4.971706679088572,5.832731178896004,10497.170667908857,3,0,3,0.0,0.0,-3.020958775109802,-1.006986258369934,-2.9906402942116106,3.4476695241039725,9700.93597057884,-100.90996027161518
failed_auction,1440,40,balanced_value,5,0.25,0.1,0,0.25,0.0,1.5,168,0,13,5,8,38.46153846153846,1.628899308983876,5.083581522927656,0.3910447325328966,4.971706679088572,5.832731178896004,10497.170667908857,3,0,3,0.0,0.0,-3.020958775109802,-1.006986258369934,-2.9906402942116106,3.4476695241039725,9700.93597057884,-100.90996027161518
failed_auction,1440,40,balanced_value,10,0.25,0.0,0,0.1,0.0,1.0,72,0,14,7,7,50.0,2.6090925578661888,10.576408100938735,0.755457721495624,10.847818740614358,5.2353024418870975,11084.781874061437,8,0,8,0.0,0.0,-8.064966503963522,-1.0081208129954402,-7.786067002314468,8.339944689248156,9221.393299768553,-101.09275552316528
failed_auction,1440,40,balanced_value,5,0.25,0.1,0,0.1,0.0,1.0,72,0,15,7,8,46.666666666666664,1.8081698090455094,5.713289394644102,0.38088595964294014,5.656550580428288,6.167059765428109,10565.655058042828,9,0,9,0.0,0.0,-9.069237204688132,-1.0076930227431258,-8.712144423858536,9.2604596800023,9128.785557614146,-101.09467134581331
failed_auction,1440,40,balanced_value,5,0.25,0.1,0,0.1,0.0,1.0,72,1,15,5,10,33.333333333333336,2.1172880150692106,4.040289713204928,0.26935264754699517,4.0396429914255405,4.088736352775752,10403.964299142554,9,0,9,0.0,0.0,-9.069237204688132,-1.0076930227431258,-8.712144423858536,9.2604596800023,9128.785557614146,-101.09467134581331
failed_auction,1440,40,balanced_value,5,0.25,0.1,0,0.1,0.0,1.0,168,0,14,6,8,42.857142857142854,1.7177917384985024,5.789820816297752,0.4135586297355537,5.709659525248512,8.302635513302532,10570.965952524852,9,0,9,0.0,0.0,-9.069237204688132,-1.0076930227431258,-8.712144423858536,9.2604596800023,9128.785557614146,-101.09467134581331
failed_auction,1440,40,balanced_value,5,0.25,0.1,0,0.1,0.0,1.0,336,0,14,6,8,42.857142857142854,1.7177917384985024,5.789820816297752,0.4135586297355537,5.709659525248512,8.302635513302532,10570.965952524852,9,0,9,0.0,0.0,-9.069237204688132,-1.0076930227431258,-8.712144423858536,9.2604596800023,9128.785557614146,-101.09467134581331
failed_auction,1440,40,balanced_value,5,0.25,0.1,0,0.1,0.0,1.0,336,1,15,4,11,26.666666666666668,2.3473178952595823,4.174639699273797,0.2783093132849198,4.176618030564305,6.177258793025255,10417.66180305643,9,0,9,0.0,0.0,-9.069237204688132,-1.0076930227431258,-8.712144423858536,9.2604596800023,9128.785557614146,-101.09467134581331
failed_auction,1440,40,balanced_value,5,0.25,0.1,0,0.1,0.0,1.0,168,1,15,4,11,26.666666666666668,2.3473178952595823,4.174639699273797,0.2783093132849198,4.176618030564305,6.177258793025255,10417.66180305643,9,0,9,0.0,0.0,-9.069237204688132,-1.0076930227431258,-8.712144423858536,9.2604596800023,9128.785557614146,-101.09467134581331
failed_auction,1440,40,balanced_value,5,0.25,0.0,0,0.1,0.0,1.0,336,0,15,7,8,46.666666666666664,2.1670362617462233,9.399111333873941,0.6266074222582627,9.525559492210567,5.985840668207822,10952.555949221058,9,0,9,0.0,0.0,-9.070807674200259,-1.0078675193555844,-8.713592705099693,9.261899262225445,9128.640729490031,-101.11220738199256
failed_auction,1440,40,balanced_value,5,0.25,0.0,0,0.1,0.0,1.0,72,0,19,9,10,47.36842105263158,2.0775048106112357,9.18019496135988,0.48316815586104633,9.311736350988987,5.002758177834011,10931.1736350989,9,0,9,0.0,0.0,-9.070807674200259,-1.0078675193555844,-8.713592705099693,9.261899262225445,9128.640729490031,-101.11220738199256
failed_auction,1440,40,balanced_value,5,0.25,0.0,0,0.1,0.0,1.0,168,0,15,7,8,46.666666666666664,1.9916112428081179,7.986268102011495,0.532417873467433,8.031942716419538,5.985840668207822,10803.194271641954,9,0,9,0.0,0.0,-9.070807674200259,-1.0078675193555844,-8.713592705099693,9.261899262225445,9128.640729490031,-101.11220738199256
failed_auction,1440,40,balanced_value,10,0.5,0.0,0,0.1,0.0,1.0,168,0,12,5,7,41.666666666666664,1.8348568772268972,5.88159181445159,0.49013265120429916,5.813099757217377,5.699497345522024,10581.309975721739,9,0,9,0.0,0.0,-9.07120002964565,-1.0079111144050723,-8.713954511487232,9.262258895443717,9128.604548851277,-101.11658846493445
failed_auction,1440,40,balanced_value,10,0.5,0.0,0,0.1,0.0,1.0,336,0,12,5,7,41.666666666666664,2.035401547067067,7.294435046314035,0.6078695871928362,7.2760394852447785,5.699497345522024,10727.603948524478,9,0,9,0.0,0.0,-9.07120002964565,-1.0079111144050723,-8.713954511487232,9.262258895443717,9128.604548851277,-101.11658846493445
failed_auction,1440,20,balanced_value,5,0.25,0.0,0,0.1,0.0,1.0,168,0,13,6,7,46.15384615384615,1.7349329057242868,5.285043506575988,0.40654180819815294,5.227457415723813,7.658534861922442,10522.74574157238,7,0,7,0.0,0.0,-7.059271824357035,-1.0084674034795764,-6.849254872136079,9.331818768576502,9315.074512786392,-101.19870531990425
failed_auction,1440,20,balanced_value,5,0.25,0.0,0,0.1,0.0,1.0,72,0,13,7,6,53.84615384615385,1.6668915447392798,4.124566838897401,0.317274372222877,4.070079512406233,6.460714929499491,10407.007951240623,7,0,7,0.0,0.0,-7.059271824357035,-1.0084674034795764,-6.849254872136079,9.331818768576502,9315.074512786392,-101.19870531990425
failed_auction,1440,20,balanced_value,5,0.25,0.0,0,0.1,0.0,1.0,336,0,13,6,7,46.15384615384615,1.7349329057242868,5.285043506575988,0.40654180819815294,5.227457415723813,7.658534861922442,10522.74574157238,7,0,7,0.0,0.0,-7.059271824357035,-1.0084674034795764,-6.849254872136079,9.331818768576502,9315.074512786392,-101.19870531990425
failed_auction,1440,20,balanced_value,5,0.25,0.0,0,0.25,0.0,1.0,336,0,13,6,7,46.15384615384615,1.7452520149845547,5.321222336542132,0.4093247951186255,5.274097272322864,12.804819423934639,10527.409727232287,7,0,7,0.0,0.0,-7.044934390320748,-1.0064191986172497,-6.835762027522363,8.336964282730998,9316.423797247764,-101.20226487299306
failed_auction,1440,20,balanced_value,5,0.25,0.0,0,0.25,0.0,1.0,168,0,13,6,7,46.15384615384615,1.7452520149845547,5.321222336542132,0.4093247951186255,5.274097272322864,12.804819423934639,10527.409727232287,7,0,7,0.0,0.0,-7.044934390320748,-1.0064191986172497,-6.835762027522363,8.336964282730998,9316.423797247764,-101.20226487299306
failed_auction,1440,40,balanced_value,5,0.25,0.1,0,0.1,0.0,1.5,72,0,13,6,7,46.15384615384615,1.9040821332227271,5.483234839213154,0.42178729532408876,5.427083540000632,5.214998662817578,10542.708354000064,5,0,5,0.0,0.0,-5.05348953584981,-1.010697907169962,-4.952366027423993,5.523264176346585,9504.7633972576,-101.22201062065417
failed_auction,1440,40,balanced_value,5,0.25,0.1,0,0.1,0.0,1.5,72,1,13,4,9,30.76923076923077,2.4589016043866465,3.8102351577739784,0.2930950121364599,3.8136875837083695,3.1155878700310704,10381.368758370838,5,0,5,0.0,0.0,-5.05348953584981,-1.010697907169962,-4.952366027423993,5.523264176346585,9504.7633972576,-101.22201062065417
failed_auction,1440,40,balanced_value,5,0.25,0.1,0,0.1,0.0,1.5,168,1,13,3,10,23.076923076923077,2.8146201025644144,3.7998849265227346,0.2922988405017488,3.8019950500364663,5.225301173236832,10380.199505003646,5,0,5,0.0,0.0,-5.05348953584981,-1.010697907169962,-4.952366027423993,5.523264176346585,9504.7633972576,-101.22201062065417
failed_auction,1440,40,balanced_value,5,0.25,0.1,0,0.1,0.0,1.5,336,1,13,3,10,23.076923076923077,2.8146201025644144,3.7998849265227346,0.2922988405017488,3.8019950500364663,5.225301173236832,10380.199505003646,5,0,5,0.0,0.0,-5.05348953584981,-1.010697907169962,-4.952366027423993,5.523264176346585,9504.7633972576,-101.22201062065417
failed_auction,1440,20,balanced_value,5,0.25,0.0,0,0.25,0.0,1.5,168,0,12,5,7,41.666666666666664,2.112356344934365,7.942407816209364,0.661867318017447,7.9620762591926075,12.804819423934639,10796.20762591926,6,0,6,0.0,0.0,-6.039850413924924,-1.006641735654154,-5.8898762535808284,7.4063200423211395,9411.012374641918,-101.23787171594594
failed_auction,1440,20,balanced_value,5,0.25,0.0,0,0.25,0.0,1.5,336,0,12,5,7,41.666666666666664,2.112356344934365,7.942407816209364,0.661867318017447,7.9620762591926075,12.804819423934639,10796.20762591926,6,0,6,0.0,0.0,-6.039850413924924,-1.006641735654154,-5.8898762535808284,7.4063200423211395,9411.012374641918,-101.23787171594594
failed_auction,1440,40,balanced_value,5,0.25,0.0,0,0.1,0.0,1.5,72,0,17,8,9,47.05882352941177,2.1909032872884797,8.950140405928932,0.5264788474075842,9.074330903937522,4.2737114070090465,10907.433090393752,5,0,5,0.0,0.0,-5.055060005361937,-1.0110120010723873,-4.953873957525213,5.524763049152343,9504.612604247479,-101.25350994326506
failed_auction,1440,40,balanced_value,10,0.5,0.0,0,0.1,0.0,1.5,168,0,12,5,7,41.666666666666664,1.8348568772268972,5.88159181445159,0.49013265120429916,5.813099757217377,5.699497345522024,10581.309975721739,5,0,5,0.0,0.0,-5.055452360807328,-1.0110904721614655,-4.954250665257842,5.525137494211634,9504.574933474216,-101.27184110995506
failed_auction,1440,40,balanced_value,10,0.5,0.0,0,0.1,0.0,1.5,336,0,12,5,7,41.666666666666664,2.035401547067067,7.294435046314035,0.6078695871928362,7.2760394852447785,5.699497345522024,10727.603948524478,5,0,5,0.0,0.0,-5.055452360807328,-1.0110904721614655,-4.954250665257842,5.525137494211634,9504.574933474216,-101.27184110995506
failed_auction,1440,40,balanced_value,5,0.25,0.0,0,0.1,0.0,1.5,336,0,14,6,8,42.857142857142854,1.9957888427946306,8.019913780957987,0.572850984354142,8.035536023100342,5.985840668207817,10803.553602310034,5,0,5,0.0,0.0,-5.055060005361937,-1.0110120010723873,-4.953873957525213,5.524763049152343,9504.612604247479,-101.28117460040838
failed_auction,1440,40,balanced_value,5,0.25,0.0,0,0.1,0.0,1.5,168,0,14,6,8,42.857142857142854,1.820363823856525,6.607070549095541,0.4719336106496815,6.5622389248357615,5.985840668207817,10656.223892483576,5,0,5,0.0,0.0,-5.055060005361937,-1.0110120010723873,-4.953873957525213,5.524763049152343,9504.612604247479,-101.28117460040838
failed_auction,1440,40,balanced_value,5,0.25,0.1,0,0.0,0.0,1.0,72,0,17,7,10,41.1764705882353,1.0522534831607073,0.5033959543700135,0.029611526727647854,0.3649722726151827,7.433863430909823,10036.497227261518,9,0,9,0.0,0.0,-9.090272535387047,-1.010030281709672,-8.731541925696206,9.402768378599697,9126.84580743038,-101.33693576438378
failed_auction,1440,40,balanced_value,5,0.25,0.1,0,0.0,0.0,1.0,72,1,18,5,13,27.77777777777778,1.163252146516544,1.0042589807736984,0.0557921655985388,0.921888441362495,4.26603287969228,10092.18884413625,9,0,9,0.0,0.0,-9.090272535387047,-1.010030281709672,-8.731541925696206,9.402768378599697,9126.84580743038,-101.33693576438378
failed_auction,1440,40,balanced_value,5,0.25,0.1,0,0.0,0.0,1.0,168,1,18,3,15,16.666666666666668,0.7706371922013482,-1.4141962439371691,-0.0785664579965094,-1.4747696158299184,7.0598871689297,9852.523038417008,9,0,9,0.0,0.0,-9.090272535387047,-1.010030281709672,-8.731541925696206,9.402768378599697,9126.84580743038,-101.33693576438378
failed_auction,1440,40,balanced_value,5,0.25,0.1,0,0.0,0.0,1.0,336,1,18,3,15,16.666666666666668,0.7706371922013482,-1.4141962439371691,-0.0785664579965094,-1.4747696158299184,7.0598871689297,9852.523038417008,9,0,9,0.0,0.0,-9.090272535387047,-1.010030281709672,-8.731541925696206,9.402768378599697,9126.84580743038,-101.33693576438378
failed_auction,1440,40,balanced_value,5,0.25,0.1,0,0.0,0.0,1.0,168,0,16,5,11,31.25,0.8365358276376575,-1.817958359285086,-0.11362239745531788,-1.9485955990495518,9.792678640573468,9805.140440095045,9,0,9,0.0,0.0,-9.090272535387047,-1.010030281709672,-8.731541925696206,9.402768378599697,9126.84580743038,-101.3603303801022
failed_auction,1440,40,balanced_value,5,0.25,0.1,0,0.0,0.0,1.0,336,0,16,5,11,31.25,0.8365358276376575,-1.817958359285086,-0.11362239745531788,-1.9485955990495518,9.792678640573468,9805.140440095045,9,0,9,0.0,0.0,-9.090272535387047,-1.010030281709672,-8.731541925696206,9.402768378599697,9126.84580743038,-101.3603303801022
failed_auction,1440,40,balanced_value,5,0.25,0.0,0,0.0,0.0,1.0,336,0,16,6,10,37.5,1.331426817337166,3.346494028049115,0.20915587675306968,3.1656424994084054,7.490010031489993,10316.56424994084,9,0,9,0.0,0.0,-9.093112983366272,-1.010345887040697,-8.734160906360122,9.405368098183303,9126.583909363988,-101.36865228066128
failed_auction,1440,40,balanced_value,5,0.25,0.0,0,0.0,0.0,1.0,72,0,21,9,12,42.857142857142854,1.4177111401502531,4.660227541255584,0.22191559720264686,4.534522273800468,5.468904138520101,10453.452227380047,9,0,9,0.0,0.0,-9.093112983366272,-1.010345887040697,-8.734160906360122,9.405368098183303,9126.583909363988,-101.36865228066128
failed_auction,1440,40,balanced_value,5,0.25,0.0,0,0.0,0.0,1.0,168,0,16,6,10,37.5,1.1656273048783796,1.67237760393269,0.10452360024579313,1.5092367106978477,7.490010031489993,10150.923671069784,9,0,9,0.0,0.0,-9.093112983366272,-1.010345887040697,-8.734160906360122,9.405368098183303,9126.583909363988,-101.36865228066128
failed_auction,1440,40,balanced_value,10,0.25,0.0,0,0.0,0.0,1.0,72,0,15,6,9,40.0,1.5680699312991262,5.165023407171277,0.34433489381141846,5.064942971389819,6.63450274775253,10506.494297138983,8,0,8,0.0,0.0,-8.086627899060174,-1.0108284873825217,-7.8062445086783505,8.484275986189587,9219.375549132164,-101.37218283968991
failed_auction,1440,40,balanced_value,10,0.5,0.0,0,0.0,0.0,1.0,168,0,12,3,9,25.0,0.8101202551239036,-1.7254724095998566,-0.14378936746665472,-1.8437098811873498,9.2062412212169,9815.629011881265,9,0,9,0.0,0.0,-9.09378097488278,-1.0104201083203088,-8.734776752825567,9.405979415455997,9126.522324717444,-101.37611108765884
failed_auction,1440,40,balanced_value,10,0.5,0.0,0,0.0,0.0,1.0,336,0,12,3,9,25.0,0.9943485266022213,-0.05135598548343179,-0.004279665456952649,-0.24201675039839943,9.2062412212169,9975.79832496016,9,0,9,0.0,0.0,-9.09378097488278,-1.0104201083203088,-8.734776752825567,9.405979415455997,9126.522324717444,-101.37611108765884
failed_auction,1440,40,balanced_value,10,0.25,0.0,0,0.1,0.0,1.5,72,0,13,7,6,53.84615384615385,3.079722575865663,11.580850881103627,0.8908346831618175,11.972518619658267,5.235302441887106,11197.251861965828,4,0,4,0.0,0.0,-4.049218835125201,-1.0123047087813002,-3.9881472138954988,4.564836887686121,9601.18527861045,-101.38364523339983
failed_auction,1440,40,balanced_value,5,0.25,0.1,0,0.1,0.0,1.5,168,0,13,5,8,38.46153846153846,1.5468060308832094,4.410623263381797,0.3392787125678306,4.271548874780029,8.302635513302526,10427.154887478002,5,0,5,0.0,0.0,-5.05348953584981,-1.010697907169962,-4.952366027423993,5.523264176346585,9504.7633972576,-101.38877290087153
failed_auction,1440,40,balanced_value,5,0.25,0.1,0,0.1,0.0,1.5,336,0,13,5,8,38.46153846153846,1.5468060308832094,4.410623263381797,0.3392787125678306,4.271548874780029,8.302635513302526,10427.154887478002,5,0,5,0.0,0.0,-5.05348953584981,-1.010697907169962,-4.952366027423993,5.523264176346585,9504.7633972576,-101.38877290087153
failed_auction,1440,40,balanced_value,5,0.25,0.1,0,0.0,0.0,1.5,72,1,16,4,12,25.0,1.1905925963948922,0.9807107647359646,0.06129442279599779,0.9085775317553502,4.80593863967752,10090.857753175535,6,0,6,0.0,0.0,-6.078701812319794,-1.0131169687199657,-5.926806062723844,6.618659717448824,9407.319393727616,-101.51422544013798
failed_auction,1440,40,balanced_value,5,0.25,0.0,0,0.0,0.0,1.5,72,0,19,8,11,42.10526315789474,1.4567894016713383,4.63667932521785,0.2440357539588342,4.520734882400013,6.43222500906244,10452.073488240001,6,0,6,0.0,0.0,-6.0815422602990195,-1.0135903767165033,-5.929505526274714,6.621339328014532,9407.049447372528,-101.56172701642568
failed_auction,1440,40,balanced_value,5,0.25,0.1,0,0.0,0.0,1.5,72,0,15,6,9,40.0,1.0556168847606067,0.4798477383322801,0.031989849222152006,0.35173481645700555,7.825206494194756,10035.173481645701,6,0,6,0.0,0.0,-6.078701812319794,-1.0131169687199657,-5.926806062723844,6.618659717448824,9407.319393727616,-101.58661824674273
failed_auction,1440,40,balanced_value,5,0.25,0.1,0,0.0,0.0,1.5,336,1,16,2,14,12.5,0.7213547028244909,-1.437744459974903,-0.08985902874843144,-1.4877644225653186,7.852932150125244,9851.223557743468,6,0,6,0.0,0.0,-6.078701812319794,-1.0131169687199657,-5.926806062723844,6.618659717448824,9407.319393727616,-101.58828178609856
failed_auction,1440,40,balanced_value,5,0.25,0.1,0,0.0,0.0,1.5,168,1,16,2,14,12.5,0.7213547028244909,-1.437744459974903,-0.08985902874843144,-1.4877644225653186,7.852932150125244,9851.223557743468,6,0,6,0.0,0.0,-6.078701812319794,-1.0131169687199657,-5.926806062723844,6.618659717448824,9407.319393727616,-101.58828178609856
failed_auction,1440,20,balanced_value,5,0.25,0.0,0,0.0,0.0,1.0,72,0,13,6,7,46.15384615384615,1.1557742916797205,1.10922975715535,0.08532536593502692,1.0016452213239324,9.03823241311727,10100.164522132394,7,0,7,0.0,0.0,-7.080930487164238,-1.0115614981663197,-6.869635968453769,11.270156581248546,9313.036403154623,-101.6244150573389
failed_auction,1440,20,balanced_value,5,0.25,0.0,0,0.0,0.0,1.0,168,0,13,5,8,38.46153846153846,1.3060595957457464,2.487632106567142,0.19135631588978014,2.3369151294065693,10.232972026918878,10233.691512940657,7,0,7,0.0,0.0,-7.080930487164238,-1.0115614981663197,-6.869635968453769,11.270156581248546,9313.036403154623,-101.6244150573389
failed_auction,1440,20,balanced_value,5,0.25,0.0,0,0.0,0.0,1.0,336,0,13,5,8,38.46153846153846,1.3060595957457464,2.487632106567142,0.19135631588978014,2.3369151294065693,10.232972026918878,10233.691512940657,7,0,7,0.0,0.0,-7.080930487164238,-1.0115614981663197,-6.869635968453769,11.270156581248546,9313.036403154623,-101.6244150573389
failed_auction,1440,40,balanced_value,5,0.25,0.0,0,0.0,0.0,1.5,168,0,15,5,10,33.333333333333336,1.0636643860446653,0.6428341840580245,0.042855612270534964,0.47480496752281276,8.432734785267462,10047.480496752281,6,0,6,0.0,0.0,-6.0815422602990195,-1.0135903767165033,-5.929505526274714,6.621339328014532,9407.049447372528,-101.67041074386084
failed_auction,1440,40,balanced_value,5,0.25,0.0,0,0.0,0.0,1.5,336,0,15,5,10,33.333333333333336,1.2294638985034514,2.3169506081744493,0.15446337387829662,2.114331122586788,8.432734785267462,10211.43311225868,6,0,6,0.0,0.0,-6.0815422602990195,-1.0135903767165033,-5.929505526274714,6.621339328014532,9407.049447372528,-101.67041074386084
failed_auction,1440,40,balanced_value,10,0.25,0.0,0,0.0,0.0,1.5,72,0,14,6,8,42.857142857142854,1.7631508989680575,6.171018611008209,0.44078704364344345,6.132632160631668,6.63450274775253,10613.263216063167,5,0,5,0.0,0.0,-5.075057175992923,-1.0150114351985846,-4.9730736868583865,5.6719414887836,9502.692631314161,-101.7200377378008
failed_auction,1440,40,balanced_value,10,0.5,0.0,0,0.0,0.0,1.5,336,0,12,3,9,25.0,0.9943485266022213,-0.05135598548343179,-0.004279665456952649,-0.24201675039839943,9.2062412212169,9975.79832496016,6,0,6,0.0,0.0,-6.082210251815527,-1.0137017086359212,-5.930140298080877,6.621969431443066,9406.985970191912,-101.72795432195961
failed_auction,1440,40,balanced_value,10,0.5,0.0,0,0.0,0.0,1.5,168,0,12,3,9,25.0,0.8101202551239036,-1.7254724095998566,-0.14378936746665472,-1.8437098811873498,9.2062412212169,9815.629011881265,6,0,6,0.0,0.0,-6.082210251815527,-1.0137017086359212,-5.930140298080877,6.621969431443066,9406.985970191912,-101.72795432195961
failed_auction,1440,40,balanced_value,5,0.25,0.1,0,0.0,0.0,1.5,168,0,14,4,10,28.571428571428573,0.8179511546959951,-1.8415065753228195,-0.13153618395162997,-1.961527911365446,10.711938007550353,9803.847208863455,6,0,6,0.0,0.0,-6.078701812319794,-1.0131169687199657,-5.926806062723844,6.618659717448824,9407.319393727616,-101.75982213754406
failed_auction,1440,40,balanced_value,5,0.25,0.1,0,0.0,0.0,1.5,336,0,14,4,10,28.571428571428573,0.8179511546959951,-1.8415065753228195,-0.13153618395162997,-1.961527911365446,10.711938007550353,9803.847208863455,6,0,6,0.0,0.0,-6.078701812319794,-1.0131169687199657,-5.926806062723844,6.618659717448824,9407.319393727616,-101.75982213754406
breakout_retest,1440,80,balanced_value,5,0.5,0.1,6,0.25,2.0,0.0,72,0,10,6,4,60.0,2.4972513188751786,6.038309208501646,0.6038309208501647,6.107608574229206,3.141128543987761,10610.76085742292,4,1,3,25.0,0.7315688452261027,-0.7310300575902802,-0.18275751439757004,-0.7604483371165593,3.5607878616763013,9923.955166288344,-1000000000.0
failed_auction,240,20,balanced_value,10,0.5,0.1,0,0.1,0.0,1.0,336,1,10,5,5,50.0,3.6047721321463464,8.241712187721568,0.8241712187721568,8.427649697942785,3.6736343397100697,10842.764969794278,5,1,4,20.0,0.851797932761194,-0.44849607397799374,-0.08969921479559875,-0.4951842502605164,3.724963000901113,9950.481574973948,-1000000000.0
breakout_retest,240,80,balanced_value,5,0.25,0.0,6,0.0,3.0,0.0,336,0,10,7,3,70.0,6.813527511955198,17.76407949127641,1.7764079491276408,19.058873971318448,2.6938861412187065,11905.887397131844,4,1,3,25.0,0.9819411693982152,-0.054985568391852535,-0.013746392097963134,-0.11430311656049907,4.286059034820906,9988.56968834395,-1000000000.0
breakout_retest,240,80,balanced_value,5,0.25,0.0,6,0.0,3.0,0.0,336,1,11,6,5,54.54545454545455,5.727498178534125,14.74671838016529,1.3406107618332082,15.56951102687545,2.3740277308082662,11556.951102687544,4,1,3,25.0,0.9819411693982152,-0.054985568391852535,-0.013746392097963134,-0.11430311656049907,4.286059034820906,9988.56968834395,-1000000000.0
failed_auction,1440,40,balanced_value,10,0.5,0.0,0,0.25,0.0,1.5,336,0,11,4,7,36.36363636363637,1.4369304141404515,3.092165717360264,0.28110597430547857,2.9608242975131427,5.240713438483267,10296.082429751314,3,0,3,0.0,0.0,-3.0211006292477594,-1.0070335430825865,-2.990779303159219,3.44780787815444,9700.922069684078,-1000000000.0
breakout_retest,240,80,balanced_value,5,0.25,0.0,6,0.1,2.0,0.0,72,0,11,7,4,63.63636363636363,3.350475944524042,9.719228440296005,0.8835662218450914,10.03448727081755,2.314372852060978,11003.448727081755,4,2,2,50.0,1.9715470165885125,1.9537594031321586,0.48843985078303964,1.9230512132808464,2.4724547079609414,10192.305121328085,-1000000000.0
breakout_retest,240,80,balanced_value,5,0.25,0.0,6,0.1,2.0,0.0,168,0,11,7,4,63.63636363636363,3.350475944524042,9.719228440296005,0.8835662218450914,10.03448727081755,2.314372852060978,11003.448727081755,4,2,2,50.0,1.9715470165885125,1.9537594031321586,0.48843985078303964,1.9230512132808464,2.4724547079609414,10192.305121328085,-1000000000.0
breakout_retest,240,80,balanced_value,5,0.25,0.0,6,0.1,2.0,0.0,336,0,11,7,4,63.63636363636363,3.350475944524042,9.719228440296005,0.8835662218450914,10.03448727081755,2.314372852060978,11003.448727081755,4,2,2,50.0,1.9715470165885125,1.9537594031321586,0.48843985078303964,1.9230512132808464,2.4724547079609414,10192.305121328085,-1000000000.0
failed_auction,1440,40,balanced_value,10,0.5,0.0,0,0.25,0.0,1.5,168,0,11,4,7,36.36363636363637,1.275162151647202,1.947328326210449,0.17702984783731354,1.8155232229204232,5.240713438483267,10181.552322292042,3,0,3,0.0,0.0,-3.0211006292477594,-1.0070335430825865,-2.990779303159219,3.44780787815444,9700.922069684078,-1000000000.0
breakout_retest,240,80,balanced_value,5,0.5,0.0,6,0.0,2.0,0.0,72,0,10,7,3,70.0,4.522685895103013,10.764079491276407,1.0764079491276406,11.19748004530119,1.7133468940697765,11119.74800453012,4,1,3,25.0,0.6535126175082138,-1.0549855683918525,-0.26374639209796313,-1.0841630510995182,4.286059034820906,9891.583694890049,-1000000000.0
breakout_retest,240,80,balanced_value,5,0.5,0.0,6,0.0,2.0,0.0,72,1,11,6,5,54.54545454545455,3.8040201314211908,8.74671838016529,0.7951562163786629,8.997219703229376,1.7624546481380208,10899.721970322938,4,1,3,25.0,0.6535126175082138,-1.0549855683918525,-0.26374639209796313,-1.0841630510995182,4.286059034820906,9891.583694890049,-1000000000.0
breakout_retest,240,80,balanced_value,5,0.5,0.0,6,0.0,2.0,0.0,168,0,10,7,3,70.0,4.522685895103013,10.764079491276407,1.0764079491276406,11.19748004530119,1.7133468940697765,11119.74800453012,4,1,3,25.0,0.6535126175082138,-1.0549855683918525,-0.26374639209796313,-1.0841630510995182,4.286059034820906,9891.583694890049,-1000000000.0
breakout_retest,240,80,balanced_value,5,0.5,0.0,6,0.0,2.0,0.0,168,1,11,6,5,54.54545454545455,3.8040201314211908,8.74671838016529,0.7951562163786629,8.997219703229376,1.7624546481380208,10899.721970322938,4,1,3,25.0,0.6535126175082138,-1.0549855683918525,-0.26374639209796313,-1.0841630510995182,4.286059034820906,9891.583694890049,-1000000000.0
breakout_retest,240,80,balanced_value,5,0.25,0.0,6,0.1,3.0,0.0,168,0,11,7,4,63.63636363636363,5.043339911323365,16.719228440296003,1.5199298582087275,17.813273168865628,2.314372852060987,11781.327316886563,3,2,1,66.66666666666667,5.938428958611026,4.960306966503213,1.653435655501071,4.988446503379551,2.4724547079609414,10498.844650337955,-1000000000.0
breakout_retest,240,80,balanced_value,5,0.25,0.0,6,0.1,3.0,0.0,336,0,11,7,4,63.63636363636363,5.043339911323365,16.719228440296003,1.5199298582087275,17.813273168865628,2.314372852060987,11781.327316886563,3,2,1,66.66666666666667,5.938428958611026,4.960306966503213,1.653435655501071,4.988446503379551,2.4724547079609414,10498.844650337955,-1000000000.0
breakout_retest,240,80,balanced_value,5,0.25,0.0,6,0.25,2.0,0.0,72,0,11,8,3,72.72727272727273,5.2138482348697694,12.80695769297532,1.1642688811795745,13.469689516217098,1.8052266142350128,11346.96895162171,4,2,2,50.0,1.9761196232902871,1.9620578679404648,0.4905144669851162,1.931373139745185,2.202467627458042,10193.13731397452,-1000000000.0
breakout_retest,240,80,balanced_value,5,0.25,0.0,6,0.25,2.0,0.0,168,0,11,8,3,72.72727272727273,5.2138482348697694,12.80695769297532,1.1642688811795745,13.469689516217098,1.8052266142350128,11346.96895162171,4,2,2,50.0,1.9761196232902871,1.9620578679404648,0.4905144669851162,1.931373139745185,2.202467627458042,10193.13731397452,-1000000000.0
breakout_retest,240,80,balanced_value,5,0.25,0.0,6,0.25,2.0,0.0,336,0,11,8,3,72.72727272727273,5.2138482348697694,12.80695769297532,1.1642688811795745,13.469689516217098,1.8052266142350128,11346.96895162171,4,2,2,50.0,1.9761196232902871,1.9620578679404648,0.4905144669851162,1.931373139745185,2.202467627458042,10193.13731397452,-1000000000.0
breakout_retest,240,80,balanced_value,5,0.5,0.0,6,0.0,3.0,0.0,336,0,10,7,3,70.0,6.813527511955198,17.76407949127641,1.7764079491276408,19.058873971318448,2.6938861412187065,11905.887397131844,4,1,3,25.0,0.9819411693982152,-0.054985568391852535,-0.013746392097963134,-0.11430311656049907,4.286059034820906,9988.56968834395,-1000000000.0
breakout_retest,240,80,balanced_value,5,0.5,0.0,6,0.0,3.0,0.0,336,1,11,6,5,54.54545454545455,5.727498178534125,14.74671838016529,1.3406107618332082,15.56951102687545,2.3740277308082662,11556.951102687544,4,1,3,25.0,0.9819411693982152,-0.054985568391852535,-0.013746392097963134,-0.11430311656049907,4.286059034820906,9988.56968834395,-1000000000.0
breakout_retest,240,80,balanced_value,5,0.5,0.0,6,0.1,2.0,0.0,72,0,11,7,4,63.63636363636363,3.350475944524042,9.719228440296005,0.8835662218450914,10.03448727081755,2.314372852060978,11003.448727081755,4,2,2,50.0,1.9715470165885125,1.9537594031321586,0.48843985078303964,1.9230512132808464,2.4724547079609414,10192.305121328085,-1000000000.0
breakout_retest,240,80,balanced_value,5,0.25,0.0,6,0.25,3.0,0.0,72,0,11,7,4,63.63636363636363,4.317785881245771,13.473631118039886,1.2248755561854443,14.132216492554829,3.542998125105492,11413.221649255482,3,2,1,66.66666666666667,5.948027256388844,4.9680667095216435,1.6560222365072146,4.996373545509214,2.202467627458042,10499.637354550921,-1000000000.0
breakout_retest,240,80,balanced_value,5,0.25,0.0,6,0.25,3.0,0.0,168,0,11,6,5,54.54545454545455,3.5243135438130344,12.806957692975319,1.1642688811795745,13.337274179369786,5.325578976505578,11333.727417936978,3,2,1,66.66666666666667,5.948027256388844,4.9680667095216435,1.6560222365072146,4.996373545509214,2.202467627458042,10499.637354550921,-1000000000.0
breakout_retest,240,80,balanced_value,5,0.25,0.0,6,0.25,3.0,0.0,336,0,11,6,5,54.54545454545455,3.5243135438130344,12.806957692975319,1.1642688811795745,13.337274179369786,5.325578976505578,11333.727417936978,3,2,1,66.66666666666667,5.948027256388844,4.9680667095216435,1.6560222365072146,4.996373545509214,2.202467627458042,10499.637354550921,-1000000000.0
failed_auction,1440,20,balanced_value,10,0.5,0.0,0,0.25,0.0,1.5,168,0,10,4,6,40.0,1.7786811512609202,4.751468074457938,0.47514680744579374,4.652458732315257,13.076636326121264,10465.245873231526,3,0,3,0.0,0.0,-3.0239535994343196,-1.0079845331447732,-2.9935751219880014,4.556688468545068,9700.6424878012,-1000000000.0
failed_auction,1440,20,balanced_value,10,0.5,0.0,0,0.25,0.0,1.5,168,1,10,3,7,30.0,2.085366403059659,4.470425227645817,0.44704252276458173,4.396395042339929,11.99323731885722,10439.639504233992,3,0,3,0.0,0.0,-2.0239535994343196,-0.6746511998114398,-2.0136018116613585,3.5925059613798416,9798.639818833864,-1000000000.0
failed_auction,1440,20,balanced_value,10,0.5,0.0,0,0.25,0.0,1.5,336,0,10,4,6,40.0,1.7786811512609202,4.751468074457938,0.47514680744579374,4.652458732315257,13.076636326121264,10465.245873231526,3,0,3,0.0,0.0,-3.0239535994343196,-1.0079845331447732,-2.9935751219880014,4.556688468545068,9700.6424878012,-1000000000.0
failed_auction,1440,20,balanced_value,10,0.5,0.0,0,0.25,0.0,1.5,336,1,10,3,7,30.0,2.085366403059659,4.470425227645817,0.44704252276458173,4.396395042339929,11.99323731885722,10439.639504233992,3,0,3,0.0,0.0,-2.0239535994343196,-0.6746511998114398,-2.0136018116613585,3.5925059613798416,9798.639818833864,-1000000000.0
breakout_retest,240,80,balanced_value,5,0.25,0.0,6,0.0,3.0,0.0,72,1,11,6,5,54.54545454545455,5.554792827868496,14.207990056465878,1.291635459678716,14.965005558938271,2.374027730808245,11496.500555893826,4,1,3,25.0,0.9819411693982152,-0.054985568391852535,-0.013746392097963134,-0.11430311656049907,4.286059034820906,9988.56968834395,-1000000000.0
breakout_retest,240,80,balanced_value,5,0.25,0.0,6,0.0,3.0,0.0,168,0,10,7,3,70.0,6.813527511955198,17.76407949127641,1.7764079491276408,19.058873971318448,2.6938861412187065,11905.887397131844,4,1,3,25.0,0.9819411693982152,-0.054985568391852535,-0.013746392097963134,-0.11430311656049907,4.286059034820906,9988.56968834395,-1000000000.0
breakout_retest,240,80,balanced_value,5,0.25,0.0,6,0.0,3.0,0.0,168,1,11,6,5,54.54545454545455,5.727498178534125,14.74671838016529,1.3406107618332082,15.56951102687545,2.3740277308082662,11556.951102687544,4,1,3,25.0,0.9819411693982152,-0.054985568391852535,-0.013746392097963134,-0.11430311656049907,4.286059034820906,9988.56968834395,-1000000000.0
failed_auction,1440,20,balanced_value,5,0.25,0.0,0,0.1,0.0,1.5,168,0,11,4,7,36.36363636363637,2.450590848933288,10.431477060205983,0.9483160963823621,10.411796471594625,7.66637045032132,11041.179647159463,6,0,6,0.0,0.0,-6.0534306541203,-1.00890510902005,-5.902786357271895,8.410574620526491,9409.721364272811,-1000000000.0
failed_auction,1440,20,balanced_value,5,0.25,0.0,0,0.1,0.0,1.5,336,0,11,4,7,36.36363636363637,2.450590848933288,10.431477060205983,0.9483160963823621,10.411796471594625,7.66637045032132,11041.179647159463,6,0,6,0.0,0.0,-6.0534306541203,-1.00890510902005,-5.902786357271895,8.410574620526491,9409.721364272811,-1000000000.0
breakout_retest,240,80,balanced_value,5,0.5,0.0,6,0.1,3.0,0.0,168,0,11,7,4,63.63636363636363,5.043339911323365,16.719228440296003,1.5199298582087275,17.813273168865628,2.314372852060987,11781.327316886563,3,2,1,66.66666666666667,5.938428958611026,4.960306966503213,1.653435655501071,4.988446503379551,2.4724547079609414,10498.844650337955,-1000000000.0
breakout_retest,240,80,balanced_value,5,0.5,0.0,6,0.1,3.0,0.0,336,0,11,7,4,63.63636363636363,5.043339911323365,16.719228440296003,1.5199298582087275,17.813273168865628,2.314372852060987,11781.327316886563,3,2,1,66.66666666666667,5.938428958611026,4.960306966503213,1.653435655501071,4.988446503379551,2.4724547079609414,10498.844650337955,-1000000000.0
breakout_retest,240,80,balanced_value,5,0.5,0.0,6,0.0,2.0,0.0,336,0,10,7,3,70.0,4.522685895103013,10.764079491276407,1.0764079491276406,11.19748004530119,1.7133468940697765,11119.74800453012,4,1,3,25.0,0.6535126175082138,-1.0549855683918525,-0.26374639209796313,-1.0841630510995182,4.286059034820906,9891.583694890049,-1000000000.0
breakout_retest,240,80,balanced_value,5,0.5,0.0,6,0.0,2.0,0.0,336,1,11,6,5,54.54545454545455,3.8040201314211908,8.74671838016529,0.7951562163786629,8.997219703229376,1.7624546481380208,10899.721970322938,4,1,3,25.0,0.6535126175082138,-1.0549855683918525,-0.26374639209796313,-1.0841630510995182,4.286059034820906,9891.583694890049,-1000000000.0
breakout_retest,240,80,balanced_value,5,0.5,0.0,6,0.0,3.0,0.0,72,0,10,7,3,70.0,6.637221617082679,17.225351167576992,1.7225351167576992,18.436116812595426,2.6938861412187034,11843.611681259543,4,1,3,25.0,0.9819411693982152,-0.054985568391852535,-0.013746392097963134,-0.11430311656049907,4.286059034820906,9988.56968834395,-1000000000.0
breakout_retest,240,80,balanced_value,5,0.5,0.0,6,0.0,3.0,0.0,72,1,11,6,5,54.54545454545455,5.554792827868496,14.207990056465878,1.291635459678716,14.965005558938271,2.374027730808245,11496.500555893826,4,1,3,25.0,0.9819411693982152,-0.054985568391852535,-0.013746392097963134,-0.11430311656049907,4.286059034820906,9988.56968834395,-1000000000.0
breakout_retest,240,80,balanced_value,5,0.5,0.0,6,0.0,3.0,0.0,168,0,10,7,3,70.0,6.813527511955198,17.76407949127641,1.7764079491276408,19.058873971318448,2.6938861412187065,11905.887397131844,4,1,3,25.0,0.9819411693982152,-0.054985568391852535,-0.013746392097963134,-0.11430311656049907,4.286059034820906,9988.56968834395,-1000000000.0
breakout_retest,240,80,balanced_value,5,0.5,0.0,6,0.25,3.0,0.0,168,0,11,6,5,54.54545454545455,3.5243135438130344,12.806957692975319,1.1642688811795745,13.337274179369786,5.325578976505578,11333.727417936978,3,2,1,66.66666666666667,5.948027256388844,4.9680667095216435,1.6560222365072146,4.996373545509214,2.202467627458042,10499.637354550921,-1000000000.0
breakout_retest,240,80,balanced_value,5,0.5,0.0,6,0.25,3.0,0.0,336,0,11,6,5,54.54545454545455,3.5243135438130344,12.806957692975319,1.1642688811795745,13.337274179369786,5.325578976505578,11333.727417936978,3,2,1,66.66666666666667,5.948027256388844,4.9680667095216435,1.6560222365072146,4.996373545509214,2.202467627458042,10499.637354550921,-1000000000.0
breakout_retest,240,80,balanced_value,5,0.5,0.0,6,0.1,2.0,0.0,168,0,11,7,4,63.63636363636363,3.350475944524042,9.719228440296005,0.8835662218450914,10.03448727081755,2.314372852060978,11003.448727081755,4,2,2,50.0,1.9715470165885125,1.9537594031321586,0.48843985078303964,1.9230512132808464,2.4724547079609414,10192.305121328085,-1000000000.0
breakout_retest,240,80,balanced_value,5,0.5,0.0,6,0.1,2.0,0.0,336,0,11,7,4,63.63636363636363,3.350475944524042,9.719228440296005,0.8835662218450914,10.03448727081755,2.314372852060978,11003.448727081755,4,2,2,50.0,1.9715470165885125,1.9537594031321586,0.48843985078303964,1.9230512132808464,2.4724547079609414,10192.305121328085,-1000000000.0
breakout_retest,240,80,balanced_value,5,0.5,0.0,6,0.1,3.0,0.0,72,0,11,7,4,63.63636363636363,4.878432695840427,16.03733637393991,1.4579396703581737,17.033271394967088,2.314372852060987,11703.327139496709,3,2,1,66.66666666666667,5.938428958611026,4.960306966503213,1.653435655501071,4.988446503379551,2.4724547079609414,10498.844650337955,-1000000000.0
breakout_retest,240,80,balanced_value,5,0.25,0.0,6,0.0,2.0,0.0,72,0,10,7,3,70.0,4.522685895103013,10.764079491276407,1.0764079491276406,11.19748004530119,1.7133468940697765,11119.74800453012,4,1,3,25.0,0.6535126175082138,-1.0549855683918525,-0.26374639209796313,-1.0841630510995182,4.286059034820906,9891.583694890049,-1000000000.0
breakout_retest,240,80,balanced_value,5,0.25,0.0,6,0.0,2.0,0.0,72,1,11,6,5,54.54545454545455,3.8040201314211908,8.74671838016529,0.7951562163786629,8.997219703229376,1.7624546481380208,10899.721970322938,4,1,3,25.0,0.6535126175082138,-1.0549855683918525,-0.26374639209796313,-1.0841630510995182,4.286059034820906,9891.583694890049,-1000000000.0
breakout_retest,240,80,balanced_value,5,0.25,0.0,6,0.0,2.0,0.0,168,0,10,7,3,70.0,4.522685895103013,10.764079491276407,1.0764079491276406,11.19748004530119,1.7133468940697765,11119.74800453012,4,1,3,25.0,0.6535126175082138,-1.0549855683918525,-0.26374639209796313,-1.0841630510995182,4.286059034820906,9891.583694890049,-1000000000.0
breakout_retest,240,80,balanced_value,5,0.25,0.0,6,0.0,2.0,0.0,168,1,11,6,5,54.54545454545455,3.8040201314211908,8.74671838016529,0.7951562163786629,8.997219703229376,1.7624546481380208,10899.721970322938,4,1,3,25.0,0.6535126175082138,-1.0549855683918525,-0.26374639209796313,-1.0841630510995182,4.286059034820906,9891.583694890049,-1000000000.0
breakout_retest,240,80,balanced_value,5,0.25,0.0,6,0.0,2.0,0.0,336,0,10,7,3,70.0,4.522685895103013,10.764079491276407,1.0764079491276406,11.19748004530119,1.7133468940697765,11119.74800453012,4,1,3,25.0,0.6535126175082138,-1.0549855683918525,-0.26374639209796313,-1.0841630510995182,4.286059034820906,9891.583694890049,-1000000000.0
breakout_retest,240,80,balanced_value,5,0.25,0.0,6,0.0,2.0,0.0,336,1,11,6,5,54.54545454545455,3.8040201314211908,8.74671838016529,0.7951562163786629,8.997219703229376,1.7624546481380208,10899.721970322938,4,1,3,25.0,0.6535126175082138,-1.0549855683918525,-0.26374639209796313,-1.0841630510995182,4.286059034820906,9891.583694890049,-1000000000.0
breakout_retest,240,80,balanced_value,5,0.25,0.0,6,0.0,3.0,0.0,72,0,10,7,3,70.0,6.637221617082679,17.225351167576992,1.7225351167576992,18.436116812595426,2.6938861412187034,11843.611681259543,4,1,3,25.0,0.9819411693982152,-0.054985568391852535,-0.013746392097963134,-0.11430311656049907,4.286059034820906,9988.56968834395,-1000000000.0
breakout_retest,240,80,balanced_value,5,0.5,0.0,6,0.25,2.0,0.0,168,0,11,8,3,72.72727272727273,5.2138482348697694,12.80695769297532,1.1642688811795745,13.469689516217098,1.8052266142350128,11346.96895162171,4,2,2,50.0,1.9761196232902871,1.9620578679404648,0.4905144669851162,1.931373139745185,2.202467627458042,10193.13731397452,-1000000000.0
breakout_retest,240,80,balanced_value,5,0.5,0.0,6,0.25,2.0,0.0,336,0,11,8,3,72.72727272727273,5.2138482348697694,12.80695769297532,1.1642688811795745,13.469689516217098,1.8052266142350128,11346.96895162171,4,2,2,50.0,1.9761196232902871,1.9620578679404648,0.4905144669851162,1.931373139745185,2.202467627458042,10193.13731397452,-1000000000.0
failed_auction,1440,20,balanced_value,10,0.5,0.0,0,0.25,0.0,1.0,72,0,11,6,5,54.54545454545455,2.4631354007627966,7.41929354753584,0.6744812315941673,7.481062205802758,11.265039643229283,10748.106220580275,5,0,5,0.0,0.0,-5.032324848215883,-1.0064649696431767,-4.932042257608282,6.463920107595299,9506.795774239172,-1000000000.0
failed_auction,1440,20,balanced_value,10,0.5,0.0,0,0.25,0.0,1.0,72,1,11,5,6,45.45454545454545,2.5016422767585382,6.138250700723718,0.5580227909748835,6.145562892944989,9.003784496993708,10614.5562892945,5,0,5,0.0,0.0,-4.032324848215883,-0.8064649696431767,-3.971651630163142,5.519004737686509,9602.834836983686,-1000000000.0
failed_auction,1440,20,balanced_value,10,0.5,0.0,0,0.25,0.0,1.0,168,0,11,5,6,45.45454545454545,1.3491154475686904,2.130282594790704,0.1936620540718822,2.046880739156176,14.278451428425903,10204.688073915617,5,0,5,0.0,0.0,-5.032324848215883,-1.0064649696431767,-4.932042257608282,6.463920107595299,9506.795774239172,-1000000000.0
failed_auction,1440,20,balanced_value,10,0.5,0.0,0,0.25,0.0,1.0,168,1,11,4,7,36.36363636363637,1.4489735520563511,1.8492397479785838,0.16811270436168943,1.7971923787576838,12.370975959143134,10179.719237875768,5,0,5,0.0,0.0,-4.032324848215883,-0.8064649696431767,-3.971651630163142,5.519004737686509,9602.834836983686,-1000000000.0
failed_auction,1440,20,balanced_value,10,0.5,0.0,0,0.25,0.0,1.0,336,0,11,5,6,45.45454545454545,1.3491154475686904,2.130282594790704,0.1936620540718822,2.046880739156176,14.278451428425903,10204.688073915617,5,0,5,0.0,0.0,-5.032324848215883,-1.0064649696431767,-4.932042257608282,6.463920107595299,9506.795774239172,-1000000000.0
failed_auction,1440,20,balanced_value,10,0.5,0.0,0,0.25,0.0,1.0,336,1,11,4,7,36.36363636363637,1.4489735520563511,1.8492397479785838,0.16811270436168943,1.7971923787576838,12.370975959143134,10179.719237875768,5,0,5,0.0,0.0,-4.032324848215883,-0.8064649696431767,-3.971651630163142,5.519004737686509,9602.834836983686,-1000000000.0
failed_auction,1440,20,balanced_value,10,0.5,0.0,0,0.25,0.0,1.5,72,0,10,5,5,50.0,2.980051093974626,10.040479027203073,1.0040479027203073,10.225391952447783,10.020976543154392,11022.539195244777,3,0,3,0.0,0.0,-3.0239535994343196,-1.0079845331447732,-2.9935751219880014,4.556688468545068,9700.6424878012,-1000000000.0
failed_auction,1440,20,balanced_value,10,0.5,0.0,0,0.25,0.0,1.5,72,1,10,4,6,40.0,3.1428808190406015,8.759436180390953,0.8759436180390953,8.855793139494983,9.003784496993708,10885.579313949498,3,0,3,0.0,0.0,-2.0239535994343196,-0.6746511998114398,-2.0136018116613585,3.5925059613798416,9798.639818833864,-1000000000.0
breakout_retest,240,80,balanced_value,5,0.5,0.0,6,0.0,3.0,0.0,168,1,11,6,5,54.54545454545455,5.727498178534125,14.74671838016529,1.3406107618332082,15.56951102687545,2.3740277308082662,11556.951102687544,4,1,3,25.0,0.9819411693982152,-0.054985568391852535,-0.013746392097963134,-0.11430311656049907,4.286059034820906,9988.56968834395,-1000000000.0
failed_auction,240,20,balanced_value,10,0.5,0.1,0,0.1,0.0,1.5,72,0,10,6,4,60.0,3.1626574428523906,8.97547424361116,0.897547424361116,9.197895375054689,3.732600817155677,10919.789537505469,6,1,5,16.666666666666668,0.5108857441669823,-2.4678996857762554,-0.41131661429604255,-2.494553933838428,5.659436109674688,9750.544606616157,-1000000000.0
failed_auction,240,20,balanced_value,10,0.5,0.0,0,0.0,0.0,1.5,336,0,11,6,5,54.54545454545455,3.134596852545046,10.88544367729063,0.9895857888446027,11.225407218201177,4.029304029304043,11122.540721820118,6,1,5,16.666666666666668,0.5907852248137846,-2.0672008675109557,-0.3445334779184926,-2.1138983860153893,5.911136013420825,9788.610161398461,-1000000000.0
breakout_retest,1440,80,balanced_value,5,0.5,0.1,6,0.0,1.5,0.0,168,0,10,6,4,60.0,2.2104500644257628,4.9000876611454025,0.49000876611454025,4.9311189046411075,3.6349671153249807,10493.11189046411,4,2,2,50.0,1.4796624852746307,0.9657293026277864,0.2414323256569466,0.9379283862994692,2.0164415356396694,10093.792838629946,-1000000000.0
breakout_retest,1440,80,balanced_value,5,0.5,0.1,6,0.0,1.5,0.0,168,1,10,6,4,60.0,2.935626820341556,5.9000876611454025,0.5900087661145402,5.991167180606438,2.6614562251420857,10599.116718060644,4,2,2,50.0,1.4796624852746307,0.9657293026277864,0.2414323256569466,0.9379283862994692,2.0164415356396694,10093.792838629946,-1000000000.0
failed_auction,1440,20,balanced_value,5,0.25,0.0,0,0.0,0.0,1.5,72,0,11,4,7,36.36363636363637,3.272845787969149,16.18436620224919,1.47130601838629,15.595542930332407,9.231273829481754,11559.554293033241,7,0,7,0.0,0.0,-7.080930487164238,-1.0115614981663197,-6.869635968453769,11.270156581248546,9313.036403154623,-1000000000.0
failed_auction,1440,20,balanced_value,5,0.25,0.0,0,0.0,0.0,1.5,168,0,11,3,8,27.272727272727273,3.160791311909525,17.562768551660984,1.5966153228782713,17.123748234762083,10.423477935966883,11712.374823476208,7,0,7,0.0,0.0,-7.080930487164238,-1.0115614981663197,-6.869635968453769,11.270156581248546,9313.036403154623,-1000000000.0
failed_auction,1440,40,balanced_value,10,0.25,0.0,0,0.25,0.0,1.5,336,0,10,4,6,40.0,1.6992747056580249,4.2457999209974,0.42457999209974,4.1581190801159185,5.240713438483267,10415.811908011592,2,0,2,0.0,0.0,-2.015874798713977,-1.0079373993569885,-2.005715442338829,2.4673848373443126,9799.428455766118,-1000000000.0
failed_auction,1440,40,balanced_value,10,0.25,0.0,0,0.25,0.0,1.5,336,1,11,3,8,27.272727272727273,1.6244299336981876,2.5789768089891574,0.2344524371808325,2.5119361407883734,3.724435260267678,10251.193614078838,2,0,2,0.0,0.0,-2.015874798713977,-1.0079373993569885,-2.005715442338829,2.4673848373443126,9799.428455766118,-1000000000.0
breakout_retest,1440,80,balanced_value,5,0.5,0.1,6,0.0,1.5,0.0,336,0,10,6,4,60.0,2.2104500644257628,4.9000876611454025,0.49000876611454025,4.9311189046411075,3.6349671153249807,10493.11189046411,4,2,2,50.0,1.4796624852746307,0.9657293026277864,0.2414323256569466,0.9379283862994692,2.0164415356396694,10093.792838629946,-1000000000.0
breakout_retest,240,80,balanced_value,5,0.25,0.1,6,0.0,2.0,0.0,72,0,11,7,4,63.63636363636363,3.310515035039194,9.660094176826876,0.8781903797115341,9.969166607920066,1.8087746124542676,10996.916660792007,4,1,3,25.0,0.6535126175082138,-1.0549855683918525,-0.26374639209796313,-1.0841630510995182,4.286059034820906,9891.583694890049,-1000000000.0
breakout_retest,240,80,balanced_value,5,0.25,0.1,6,0.0,2.0,0.0,168,0,11,7,4,63.63636363636363,3.310515035039194,9.660094176826876,0.8781903797115341,9.969166607920066,1.8087746124542676,10996.916660792007,4,1,3,25.0,0.6535126175082138,-1.0549855683918525,-0.26374639209796313,-1.0841630510995182,4.286059034820906,9891.583694890049,-1000000000.0
breakout_retest,240,80,balanced_value,5,0.25,0.1,6,0.0,2.0,0.0,336,0,11,7,4,63.63636363636363,3.310515035039194,9.660094176826876,0.8781903797115341,9.969166607920066,1.8087746124542676,10996.916660792007,4,1,3,25.0,0.6535126175082138,-1.0549855683918525,-0.26374639209796313,-1.0841630510995182,4.286059034820906,9891.583694890049,-1000000000.0
breakout_retest,240,80,balanced_value,5,0.25,0.1,6,0.0,3.0,0.0,72,0,11,7,4,63.63636363636363,4.8559311645607375,16.12136585312746,1.4655787139206782,17.12760607570287,1.808774612454277,11712.760607570288,4,1,3,25.0,0.9819411693982152,-0.054985568391852535,-0.013746392097963134,-0.11430311656049907,4.286059034820906,9988.56968834395,-1000000000.0
breakout_retest,240,80,balanced_value,5,0.25,0.1,6,0.0,3.0,0.0,168,0,11,7,4,63.63636363636363,4.984784969598674,16.660094176826874,1.5145540160751703,17.74348286338201,1.8087746124542798,11774.348286338201,4,1,3,25.0,0.9819411693982152,-0.054985568391852535,-0.013746392097963134,-0.11430311656049907,4.286059034820906,9988.56968834395,-1000000000.0
breakout_retest,240,80,balanced_value,5,0.25,0.1,6,0.0,3.0,0.0,336,0,11,7,4,63.63636363636363,4.984784969598674,16.660094176826874,1.5145540160751703,17.74348286338201,1.8087746124542798,11774.348286338201,4,1,3,25.0,0.9819411693982152,-0.054985568391852535,-0.013746392097963134,-0.11430311656049907,4.286059034820906,9988.56968834395,-1000000000.0
breakout_retest,240,80,balanced_value,5,0.5,0.0,6,0.25,2.0,0.0,72,0,11,8,3,72.72727272727273,5.2138482348697694,12.80695769297532,1.1642688811795745,13.469689516217098,1.8052266142350128,11346.96895162171,4,2,2,50.0,1.9761196232902871,1.9620578679404648,0.4905144669851162,1.931373139745185,2.202467627458042,10193.13731397452,-1000000000.0
breakout_retest,1440,80,balanced_value,5,0.5,0.1,6,0.0,1.5,0.0,336,1,10,6,4,60.0,2.935626820341556,5.9000876611454025,0.5900087661145402,5.991167180606438,2.6614562251420857,10599.116718060644,4,2,2,50.0,1.4796624852746307,0.9657293026277864,0.2414323256569466,0.9379283862994692,2.0164415356396694,10093.792838629946,-1000000000.0
breakout_retest,1440,80,balanced_value,5,0.5,0.1,6,0.0,2.0,0.0,72,0,10,6,4,60.0,2.5655108537922016,6.337428237236336,0.6337428237236337,6.421596537820551,3.634967115324963,10642.159653782055,4,1,3,25.0,0.657892514639207,-1.0342706973722378,-0.25856767434305944,-1.0634338924572329,4.402821123391179,9893.656610754277,-1000000000.0
failed_auction,1440,40,balanced_value,10,0.25,0.0,0,0.1,0.0,1.0,336,0,11,5,6,45.45454545454545,2.40926606398028,8.510006414416063,0.7736369467650966,8.5889287611574,5.699497345522024,10858.89287611574,8,0,8,0.0,0.0,-8.064966503963522,-1.0081208129954402,-7.786067002314468,8.339944689248156,9221.393299768553,-1000000000.0
breakout_retest,1440,80,balanced_value,5,0.5,0.1,6,0.0,2.0,0.0,72,1,10,6,4,60.0,3.4071715038838826,7.337428237236336,0.7337428237236336,7.496702103386066,2.661456225142069,10749.670210338607,4,1,3,25.0,0.983061419769037,-0.03427069737223731,-0.008567674343059328,-0.06397488049022515,3.4370966626999446,9993.602511950978,-1000000000.0
failed_auction,1440,40,balanced_value,10,0.25,0.0,0,0.1,0.0,1.5,168,0,11,5,6,45.45454545454545,2.1752977303001706,7.097163182553617,0.6451966529594197,7.108084961638839,5.699497345522024,10710.808496163883,4,0,4,0.0,0.0,-4.049218835125201,-1.0123047087813002,-3.9881472138954988,4.564836887686121,9601.18527861045,-1000000000.0
breakout_retest,1440,80,balanced_value,5,0.5,0.1,6,0.0,3.0,0.0,72,0,10,6,4,60.0,3.5536156781396238,10.337428237236338,1.033742823723634,10.65721205379775,3.6349671153249634,11065.721205379776,4,1,3,25.0,0.9886642228873305,-0.034270697372237535,-0.008567674343059384,-0.09336258563018562,4.402821123391179,9990.663741436982,-1000000000.0
breakout_retest,1440,80,balanced_value,5,0.5,0.1,6,0.0,3.0,0.0,72,1,10,6,4,60.0,4.719441376135771,11.337428237236338,1.1337428237236338,11.775107184291489,2.661456225142098,11177.510718429148,4,1,3,25.0,1.477319825046919,0.9657293026277629,0.24143232565694073,0.9158961045347302,3.4370966626999446,10091.589610453473,-1000000000.0
breakout_retest,1440,80,balanced_value,5,0.5,0.1,6,0.1,1.5,0.0,72,0,10,6,4,60.0,2.0937583382076395,4.419477310278517,0.44194773102785173,4.434366117504229,3.393060842900612,10443.436611750423,4,2,2,50.0,1.4827348182524727,0.9710482345653717,0.24276205864134293,0.9432636154646179,1.865578948038182,10094.326361546462,-1000000000.0
failed_auction,1440,40,balanced_value,10,0.25,0.0,0,0.25,0.0,1.5,168,0,10,4,6,40.0,1.5107222904197377,3.1009625298475845,0.31009625298475846,2.9994997069326956,5.240713438483267,10299.94997069327,2,0,2,0.0,0.0,-2.015874798713977,-1.0079373993569885,-2.005715442338829,2.4673848373443126,9799.428455766118,-1000000000.0
failed_auction,1440,40,balanced_value,10,0.25,0.0,0,0.25,0.0,1.5,168,1,11,3,8,27.272727272727273,1.3472383227619567,1.434139417839342,0.13037631071266745,1.3716283448701239,3.724435260267678,10137.162834487013,2,0,2,0.0,0.0,-2.015874798713977,-1.0079373993569885,-2.005715442338829,2.4673848373443126,9799.428455766118,-1000000000.0
failed_auction,1440,20,balanced_value,5,0.25,0.0,0,0.0,0.0,1.5,336,0,11,3,8,27.272727272727273,3.160791311909525,17.562768551660984,1.5966153228782713,17.123748234762083,10.423477935966883,11712.374823476208,7,0,7,0.0,0.0,-7.080930487164238,-1.0115614981663197,-6.869635968453769,11.270156581248546,9313.036403154623,-1000000000.0
breakout_retest,1440,80,balanced_value,5,0.5,0.1,6,0.1,1.5,0.0,72,1,10,6,4,60.0,2.7823509883498083,5.419477310278516,0.5419477310278517,5.489374007686698,2.4171265135588547,10548.93740076867,4,2,2,50.0,1.4827348182524727,0.9710482345653717,0.24276205864134293,0.9432636154646179,1.865578948038182,10094.326361546462,-1000000000.0
failed_auction,240,20,balanced_value,10,0.5,0.1,0,0.1,0.0,1.0,336,0,10,6,4,60.0,3.5248914856868323,10.47882019993217,1.0478820199932168,10.81852784755506,3.732600817155677,11081.852784755507,5,1,4,20.0,0.6402366662093616,-1.4484960739779933,-0.2896992147955987,-1.4903432201909372,4.687820586517889,9850.965677980907,-1000000000.0
failed_auction,240,20,balanced_value,10,0.5,0.1,0,0.1,0.0,1.0,168,1,10,5,5,50.0,3.6047721321463464,8.241712187721568,0.8241712187721568,8.427649697942785,3.6736343397100697,10842.764969794278,5,1,4,20.0,0.851797932761194,-0.44849607397799374,-0.08969921479559875,-0.4951842502605164,3.724963000901113,9950.481574973948,-1000000000.0
failed_auction,1440,20,balanced_value,5,0.25,0.0,0,0.1,0.0,1.5,72,0,11,5,6,45.45454545454545,2.49900632346253,9.271000392527396,0.8428182175024905,9.197396954204695,6.468652158303934,10919.739695420469,6,0,6,0.0,0.0,-6.0534306541203,-1.00890510902005,-5.902786357271895,8.410574620526491,9409.721364272811,-1000000000.0
breakout_retest,240,80,balanced_value,5,0.5,0.0,6,0.25,3.0,0.0,72,0,11,7,4,63.63636363636363,4.317785881245771,13.473631118039886,1.2248755561854443,14.132216492554829,3.542998125105492,11413.221649255482,3,2,1,66.66666666666667,5.948027256388844,4.9680667095216435,1.6560222365072146,4.996373545509214,2.202467627458042,10499.637354550921,-1000000000.0
failed_auction,240,20,balanced_value,10,0.5,0.1,0,0.1,0.0,1.0,168,0,10,6,4,60.0,3.5248914856868323,10.47882019993217,1.0478820199932168,10.81852784755506,3.732600817155677,11081.852784755507,5,1,4,20.0,0.6402366662093616,-1.4484960739779933,-0.2896992147955987,-1.4903432201909372,4.687820586517889,9850.965677980907,-1000000000.0
failed_auction,240,20,balanced_value,10,0.5,0.1,0,0.1,0.0,1.0,72,1,10,5,5,50.0,3.1296434740704555,6.73836623140056,0.673836623140056,6.8419819090770995,3.6736343397100697,10684.19819090771,5,1,4,20.0,0.851797932761194,-0.44849607397799374,-0.08969921479559875,-0.4951842502605164,3.724963000901113,9950.481574973948,-1000000000.0
breakout_retest,1440,80,balanced_value,5,0.25,0.1,6,0.0,2.0,0.0,72,1,10,6,4,60.0,3.4071715038838826,7.337428237236336,0.7337428237236336,7.496702103386066,2.661456225142069,10749.670210338607,4,1,3,25.0,0.983061419769037,-0.03427069737223731,-0.008567674343059328,-0.06397488049022515,3.4370966626999446,9993.602511950978,-1000000000.0
breakout_retest,240,80,balanced_value,5,0.25,0.0,6,0.1,3.0,0.0,72,0,11,7,4,63.63636363636363,4.878432695840427,16.03733637393991,1.4579396703581737,17.033271394967088,2.314372852060987,11703.327139496709,3,2,1,66.66666666666667,5.938428958611026,4.960306966503213,1.653435655501071,4.988446503379551,2.4724547079609414,10498.844650337955,-1000000000.0
failed_auction,240,20,balanced_value,10,0.5,0.1,0,0.1,0.0,1.5,72,1,10,5,5,50.0,3.1296434740704555,6.73836623140056,0.673836623140056,6.8419819090770995,3.6736343397100697,10684.19819090771,6,1,5,16.666666666666668,0.6371659849615078,-1.4678996857762565,-0.24464994762937609,-1.5095396475061196,4.706393926271262,9849.046035249388,-1000000000.0
failed_auction,240,20,balanced_value,10,0.5,0.1,0,0.1,0.0,1.5,168,0,10,6,4,60.0,3.5248914856868323,10.47882019993217,1.0478820199932168,10.81852784755506,3.732600817155677,11081.852784755507,6,1,5,16.666666666666668,0.5108857441669823,-2.4678996857762554,-0.41131661429604255,-2.494553933838428,5.659436109674688,9750.544606616157,-1000000000.0
failed_auction,240,20,balanced_value,10,0.5,0.1,0,0.1,0.0,1.5,168,1,10,5,5,50.0,3.6047721321463464,8.241712187721568,0.8241712187721568,8.427649697942785,3.6736343397100697,10842.764969794278,6,1,5,16.666666666666668,0.6371659849615078,-1.4678996857762565,-0.24464994762937609,-1.5095396475061196,4.706393926271262,9849.046035249388,-1000000000.0
failed_auction,240,20,balanced_value,10,0.5,0.1,0,0.1,0.0,1.5,336,0,10,6,4,60.0,3.5248914856868323,10.47882019993217,1.0478820199932168,10.81852784755506,3.732600817155677,11081.852784755507,6,1,5,16.666666666666668,0.5108857441669823,-2.4678996857762554,-0.41131661429604255,-2.494553933838428,5.659436109674688,9750.544606616157,-1000000000.0
failed_auction,240,20,balanced_value,10,0.5,0.1,0,0.1,0.0,1.5,336,1,10,5,5,50.0,3.6047721321463464,8.241712187721568,0.8241712187721568,8.427649697942785,3.6736343397100697,10842.764969794278,6,1,5,16.666666666666668,0.6371659849615078,-1.4678996857762565,-0.24464994762937609,-1.5095396475061196,4.706393926271262,9849.046035249388,-1000000000.0
breakout_retest,240,80,balanced_value,5,0.5,0.1,6,0.0,2.0,0.0,72,0,11,7,4,63.63636363636363,3.310515035039194,9.660094176826876,0.8781903797115341,9.969166607920066,1.8087746124542676,10996.916660792007,4,1,3,25.0,0.6535126175082138,-1.0549855683918525,-0.26374639209796313,-1.0841630510995182,4.286059034820906,9891.583694890049,-1000000000.0
breakout_retest,240,80,balanced_value,5,0.5,0.1,6,0.0,2.0,0.0,168,0,11,7,4,63.63636363636363,3.310515035039194,9.660094176826876,0.8781903797115341,9.969166607920066,1.8087746124542676,10996.916660792007,4,1,3,25.0,0.6535126175082138,-1.0549855683918525,-0.26374639209796313,-1.0841630510995182,4.286059034820906,9891.583694890049,-1000000000.0
breakout_retest,240,80,balanced_value,5,0.5,0.1,6,0.0,2.0,0.0,336,0,11,7,4,63.63636363636363,3.310515035039194,9.660094176826876,0.8781903797115341,9.969166607920066,1.8087746124542676,10996.916660792007,4,1,3,25.0,0.6535126175082138,-1.0549855683918525,-0.26374639209796313,-1.0841630510995182,4.286059034820906,9891.583694890049,-1000000000.0
breakout_retest,240,80,balanced_value,5,0.5,0.1,6,0.0,3.0,0.0,72,0,11,7,4,63.63636363636363,4.8559311645607375,16.12136585312746,1.4655787139206782,17.12760607570287,1.808774612454277,11712.760607570288,4,1,3,25.0,0.9819411693982152,-0.054985568391852535,-0.013746392097963134,-0.11430311656049907,4.286059034820906,9988.56968834395,-1000000000.0
breakout_retest,1440,80,balanced_value,5,0.5,0.1,6,0.1,3.0,0.0,72,0,10,6,4,60.0,3.2379835433952544,9.042872767507433,0.9042872767507433,9.265633599049462,3.3930608429005944,10926.563359904947,4,1,3,25.0,0.9904119027904302,-0.028951765434628296,-0.007237941358657074,-0.08805849831035051,3.97588926901358,9991.194150168965,-1000000000.0
breakout_retest,1440,80,balanced_value,5,0.5,0.1,6,0.1,3.0,0.0,72,1,10,6,4,60.0,4.3028875624388085,10.042872767507433,1.0042872767507434,10.369447504934403,2.417126513558858,11036.944750493441,4,1,3,25.0,1.4808234039119303,0.9710482345653717,0.24276205864134293,0.9212345556398605,3.0058704052435226,10092.123455563986,-1000000000.0
breakout_retest,1440,80,balanced_value,5,0.5,0.1,6,0.25,1.5,0.0,72,0,10,6,4,60.0,2.001333913132818,4.038309208501656,0.4038309208501656,4.042164542547888,3.1411285439877665,10404.216454254789,4,1,3,25.0,0.5479709534658507,-1.2310300575902888,-0.3077575143975722,-1.2469533931182553,3.5607878616763013,9875.304660688174,-1000000000.0
breakout_retest,240,80,balanced_value,5,0.5,0.1,6,0.0,3.0,0.0,168,0,11,7,4,63.63636363636363,4.984784969598674,16.660094176826874,1.5145540160751703,17.74348286338201,1.8087746124542798,11774.348286338201,4,1,3,25.0,0.9819411693982152,-0.054985568391852535,-0.013746392097963134,-0.11430311656049907,4.286059034820906,9988.56968834395,-1000000000.0
breakout_retest,240,80,balanced_value,5,0.5,0.1,6,0.0,3.0,0.0,336,0,11,7,4,63.63636363636363,4.984784969598674,16.660094176826874,1.5145540160751703,17.74348286338201,1.8087746124542798,11774.348286338201,4,1,3,25.0,0.9819411693982152,-0.054985568391852535,-0.013746392097963134,-0.11430311656049907,4.286059034820906,9988.56968834395,-1000000000.0
breakout_retest,1440,80,balanced_value,5,0.5,0.1,6,0.25,1.5,0.0,72,1,10,6,4,60.0,2.001333913132818,4.038309208501656,0.4038309208501656,4.042164542547888,3.1411285439877665,10404.216454254789,4,1,3,25.0,0.8659407431170307,-0.2310300575902886,-0.05775751439757215,-0.24938522128524765,2.586593223116786,9975.061477871475,-1000000000.0
failed_auction,1440,40,balanced_value,10,0.25,0.0,0,0.0,0.0,1.5,168,0,11,3,8,27.272727272727273,0.9448373733832216,-0.4456981014711747,-0.04051800922465225,-0.5806222699996755,8.966212201296516,9941.937773000032,5,0,5,0.0,0.0,-5.075057175992923,-1.0150114351985846,-4.9730736868583865,5.6719414887836,9502.692631314161,-1000000000.0
failed_auction,1440,40,balanced_value,10,0.25,0.0,0,0.0,0.0,1.5,336,0,11,3,8,27.272727272727273,1.1520374016349084,1.22841832264525,0.11167439296775,1.0416816514780214,8.966212201296516,10104.168165147803,5,0,5,0.0,0.0,-5.075057175992923,-1.0150114351985846,-4.9730736868583865,5.6719414887836,9502.692631314161,-1000000000.0
breakout_retest,1440,80,balanced_value,5,0.5,0.1,6,0.25,1.5,0.0,168,0,10,6,4,60.0,2.222120892604223,4.9287275600854175,0.49287275600854175,4.9611316090235835,3.141128543987779,10496.113160902358,4,1,3,25.0,0.4948180908690909,-1.5235688093089952,-0.3808922023272488,-1.537907497432256,3.751481001201104,9846.209250256774,-1000000000.0
failed_auction,1440,40,balanced_value,10,0.25,0.0,0,0.1,0.0,1.0,168,0,11,5,6,45.45454545454545,2.1752977303001706,7.097163182553617,0.6451966529594197,7.108084961638839,5.699497345522024,10710.808496163883,8,0,8,0.0,0.0,-8.064966503963522,-1.0081208129954402,-7.786067002314468,8.339944689248156,9221.393299768553,-1000000000.0
failed_auction,240,20,balanced_value,10,0.5,0.0,0,0.25,0.0,1.0,72,0,11,7,4,63.63636363636363,2.905759806249883,7.828309685453776,0.7116645168594342,7.9891675100260295,3.3613270693884165,10798.916751002604,5,1,4,20.0,0.5319525720233974,-1.8831611175275442,-0.37663222350550885,-1.9076842821757367,4.4125117137516305,9809.231571782426,-1000000000.0
failed_auction,240,20,balanced_value,10,0.5,0.0,0,0.25,0.0,1.0,72,1,11,5,6,45.45454545454545,2.784717769416241,5.58604929210904,0.5078226629190037,5.6441092369742485,3.5255850867741563,10564.410923697425,5,1,4,20.0,0.5319525720233974,-1.8831611175275442,-0.37663222350550885,-1.9076842821757367,4.4125117137516305,9809.231571782426,-1000000000.0
failed_auction,1440,40,balanced_value,10,0.25,0.0,0,0.1,0.0,1.5,336,0,11,5,6,45.45454545454545,2.40926606398028,8.510006414416063,0.7736369467650966,8.5889287611574,5.699497345522024,10858.89287611574,4,0,4,0.0,0.0,-4.049218835125201,-1.0123047087813002,-3.9881472138954988,4.564836887686121,9601.18527861045,-1000000000.0
failed_auction,1440,40,balanced_value,10,0.25,0.0,0,0.25,0.0,1.5,72,0,11,7,4,63.63636363636363,3.289264243440984,9.298606862752772,0.8453278966138883,9.56118806521351,3.4147628013572766,10956.11880652135,2,0,2,0.0,0.0,-2.015874798713977,-1.0079373993569885,-2.005715442338829,2.4673848373443126,9799.428455766118,-1000000000.0
breakout_retest,1440,80,balanced_value,5,0.5,0.1,6,0.25,1.5,0.0,168,1,10,6,4,60.0,2.222120892604223,4.9287275600854175,0.49287275600854175,4.9611316090235835,3.141128543987779,10496.113160902358,4,1,3,25.0,0.7402779919872672,-0.5235688093089952,-0.1308922023272488,-0.5432784405319246,2.779212676948968,9945.672155946808,-1000000000.0
breakout_retest,1440,80,balanced_value,5,0.5,0.1,6,0.25,1.5,0.0,336,0,10,6,4,60.0,2.222120892604223,4.9287275600854175,0.49287275600854175,4.9611316090235835,3.141128543987779,10496.113160902358,4,1,3,25.0,0.4948180908690909,-1.5235688093089952,-0.3808922023272488,-1.537907497432256,3.751481001201104,9846.209250256774,-1000000000.0
failed_auction,1440,40,balanced_value,10,0.25,0.0,0,0.0,0.0,1.0,168,0,11,3,8,27.272727272727273,0.9448373733832216,-0.4456981014711747,-0.04051800922465225,-0.5806222699996755,8.966212201296516,9941.937773000032,8,0,8,0.0,0.0,-8.086627899060174,-1.0108284873825217,-7.8062445086783505,8.484275986189587,9219.375549132164,-1000000000.0
failed_auction,1440,40,balanced_value,10,0.25,0.0,0,0.0,0.0,1.0,336,0,11,3,8,27.272727272727273,1.1520374016349084,1.22841832264525,0.11167439296775,1.0416816514780214,8.966212201296516,10104.168165147803,8,0,8,0.0,0.0,-8.086627899060174,-1.0108284873825217,-7.8062445086783505,8.484275986189587,9219.375549132164,-1000000000.0
breakout_retest,1440,80,balanced_value,5,0.5,0.1,6,0.25,1.5,0.0,336,1,10,6,4,60.0,2.222120892604223,4.9287275600854175,0.49287275600854175,4.9611316090235835,3.141128543987779,10496.113160902358,4,1,3,25.0,0.7402779919872672,-0.5235688093089952,-0.1308922023272488,-0.5432784405319246,2.779212676948968,9945.672155946808,-1000000000.0
failed_auction,240,20,balanced_value,10,0.5,0.0,0,0.25,0.0,1.0,168,0,11,6,5,54.54545454545455,2.540627327261152,7.88412418560786,0.7167385623279873,8.016548047569927,4.490423461690308,10801.654804756992,5,1,4,20.0,0.5319525720233974,-1.8831611175275442,-0.37663222350550885,-1.9076842821757367,4.4125117137516305,9809.231571782426,-1000000000.0
failed_auction,240,20,balanced_value,10,0.5,0.0,0,0.25,0.0,1.0,168,1,11,5,6,45.45454545454545,3.2293800534216324,6.977813009241951,0.6343466372038137,7.097005056430072,3.5255850867741563,10709.700505643006,5,1,4,20.0,0.5319525720233974,-1.8831611175275442,-0.37663222350550885,-1.9076842821757367,4.4125117137516305,9809.231571782426,-1000000000.0
failed_auction,240,20,balanced_value,10,0.5,0.0,0,0.25,0.0,1.0,336,0,11,6,5,54.54545454545455,2.540627327261152,7.88412418560786,0.7167385623279873,8.016548047569927,4.490423461690308,10801.654804756992,5,1,4,20.0,0.5319525720233974,-1.8831611175275442,-0.37663222350550885,-1.9076842821757367,4.4125117137516305,9809.231571782426,-1000000000.0
failed_auction,240,20,balanced_value,10,0.5,0.0,0,0.25,0.0,1.0,336,1,11,5,6,45.45454545454545,3.2293800534216324,6.977813009241951,0.6343466372038137,7.097005056430072,3.5255850867741563,10709.700505643006,5,1,4,20.0,0.5319525720233974,-1.8831611175275442,-0.37663222350550885,-1.9076842821757367,4.4125117137516305,9809.231571782426,-1000000000.0
failed_auction,240,20,balanced_value,10,0.5,0.0,0,0.25,0.0,1.5,72,0,11,7,4,63.63636363636363,3.0245574365281995,8.316295966131355,0.7560269060119413,8.508698230358425,3.3613270693884165,10850.869823035842,6,1,5,16.666666666666668,0.42473285409081335,-2.8988399928921673,-0.48313999881536124,-2.9039870392335465,5.383373472115773,9709.601296076646,-1000000000.0
failed_auction,240,20,balanced_value,10,0.5,0.0,0,0.25,0.0,1.5,72,1,11,5,6,45.45454545454545,2.9406272039403674,6.074035572786618,0.5521850520715108,6.152357994106938,3.5255850867741563,10615.235799410693,6,1,5,16.666666666666668,0.42473285409081335,-2.8988399928921673,-0.48313999881536124,-2.9039870392335465,5.383373472115773,9709.601296076646,-1000000000.0
failed_auction,240,20,balanced_value,10,0.5,0.0,0,0.25,0.0,1.5,168,0,11,6,5,54.54545454545455,2.635984145804523,8.372110466285436,0.7611009514804942,8.536210494358976,4.490423461690308,10853.621049435897,6,1,5,16.666666666666668,0.42473285409081335,-2.8988399928921673,-0.48313999881536124,-2.9039870392335465,5.383373472115773,9709.601296076646,-1000000000.0
failed_auction,240,20,balanced_value,10,0.5,0.0,0,0.25,0.0,1.5,168,1,11,5,6,45.45454545454545,3.3852894879457582,7.465799289919529,0.6787090263563208,7.612243625865678,3.5255850867741563,10761.224362586567,6,1,5,16.666666666666668,0.42473285409081335,-2.8988399928921673,-0.48313999881536124,-2.9039870392335465,5.383373472115773,9709.601296076646,-1000000000.0
failed_auction,240,20,balanced_value,10,0.5,0.0,0,0.25,0.0,1.5,336,0,11,6,5,54.54545454545455,2.635984145804523,8.372110466285436,0.7611009514804942,8.536210494358976,4.490423461690308,10853.621049435897,6,1,5,16.666666666666668,0.42473285409081335,-2.8988399928921673,-0.48313999881536124,-2.9039870392335465,5.383373472115773,9709.601296076646,-1000000000.0
failed_auction,240,20,balanced_value,10,0.5,0.0,0,0.25,0.0,1.5,336,1,11,5,6,45.45454545454545,3.3852894879457582,7.465799289919529,0.6787090263563208,7.612243625865678,3.5255850867741563,10761.224362586567,6,1,5,16.666666666666668,0.42473285409081335,-2.8988399928921673,-0.48313999881536124,-2.9039870392335465,5.383373472115773,9709.601296076646,-1000000000.0
failed_auction,240,20,balanced_value,10,0.5,0.0,0,0.0,0.0,1.0,336,0,11,6,5,54.54545454545455,3.134596852545046,10.88544367729063,0.9895857888446027,11.225407218201177,4.029304029304043,11122.540721820118,5,1,4,20.0,0.7408050668562336,-1.0441996931383706,-0.2088399386276741,-1.1021728721018698,4.938657768799836,9889.782712789813,-1000000000.0
failed_auction,240,20,balanced_value,10,0.5,0.0,0,0.0,0.0,1.0,336,1,11,5,6,45.45454545454545,4.012488261831244,9.38253451813145,0.8529576834664955,9.64302453397341,3.726717887215986,10964.302453397342,5,1,4,20.0,0.9854060292474485,-0.04419969313837058,-0.008839938627674116,-0.10307652586613036,3.9783187760266876,9989.692347413387,-1000000000.0
failed_auction,240,20,balanced_value,10,0.5,0.0,0,0.0,0.0,1.5,72,0,11,6,5,54.54545454545455,2.823149550952988,9.297208383172979,0.8452007621066344,9.509613848703392,4.029304029304043,10950.96138487034,6,1,5,16.666666666666668,0.5907852248137846,-2.0672008675109557,-0.3445334779184926,-2.1138983860153893,5.911136013420825,9788.610161398461,-1000000000.0
failed_auction,240,20,balanced_value,10,0.5,0.0,0,0.0,0.0,1.5,72,1,11,5,6,45.45454545454545,3.5025471397059222,7.794299224013798,0.7085726567285271,7.951641429949241,3.726717887215986,10795.164142994923,6,1,5,16.666666666666668,0.7365995015888872,-1.0672008675109557,-0.17786681125182593,-1.1250228029014986,4.960621295752709,9887.49771970985,-1000000000.0
failed_auction,240,20,balanced_value,10,0.5,0.0,0,0.0,0.0,1.5,168,0,11,6,5,54.54545454545455,3.134596852545046,10.88544367729063,0.9895857888446027,11.225407218201177,4.029304029304043,11122.540721820118,6,1,5,16.666666666666668,0.5907852248137846,-2.0672008675109557,-0.3445334779184926,-2.1138983860153893,5.911136013420825,9788.610161398461,-1000000000.0
failed_auction,240,20,balanced_value,10,0.5,0.0,0,0.0,0.0,1.5,168,1,11,5,6,45.45454545454545,4.012488261831244,9.38253451813145,0.8529576834664955,9.64302453397341,3.726717887215986,10964.302453397342,6,1,5,16.666666666666668,0.7365995015888872,-1.0672008675109557,-0.17786681125182593,-1.1250228029014986,4.960621295752709,9887.49771970985,-1000000000.0
failed_auction,240,20,balanced_value,10,0.5,0.1,0,0.25,0.0,1.0,72,0,10,7,3,70.0,3.8677102443653517,8.849951361137812,0.8849951361137812,9.103817580187501,3.3613270693884165,10910.38175801875,5,1,4,20.0,0.5319525720233974,-1.8831611175275442,-0.37663222350550885,-1.9076842821757367,4.4125117137516305,9809.231571782426,-1000000000.0
failed_auction,240,20,balanced_value,10,0.5,0.1,0,0.25,0.0,1.0,72,1,10,5,5,50.0,4.134143246944347,6.6076909677930775,0.6607690967793077,6.734553922198883,3.5255850867741563,10673.455392219888,5,1,4,20.0,0.5319525720233974,-1.8831611175275442,-0.37663222350550885,-1.9076842821757367,4.4125117137516305,9809.231571782426,-1000000000.0
failed_auction,240,20,balanced_value,10,0.5,0.1,0,0.25,0.0,1.0,168,0,10,6,4,60.0,3.174346911551319,8.905765861291895,0.8905765861291896,9.131480736060627,4.490423461690308,10913.148073606062,5,1,4,20.0,0.5319525720233974,-1.8831611175275442,-0.37663222350550885,-1.9076842821757367,4.4125117137516305,9809.231571782426,-1000000000.0
failed_auction,240,20,balanced_value,10,0.5,0.1,0,0.25,0.0,1.0,168,1,10,5,5,50.0,4.794281088840295,7.999454684925988,0.7999454684925988,8.202446342373415,3.5255850867741563,10820.24463423734,5,1,4,20.0,0.5319525720233974,-1.8831611175275442,-0.37663222350550885,-1.9076842821757367,4.4125117137516305,9809.231571782426,-1000000000.0
failed_auction,240,20,balanced_value,10,0.5,0.1,0,0.25,0.0,1.0,336,0,10,6,4,60.0,3.174346911551319,8.905765861291895,0.8905765861291896,9.131480736060627,4.490423461690308,10913.148073606062,5,1,4,20.0,0.5319525720233974,-1.8831611175275442,-0.37663222350550885,-1.9076842821757367,4.4125117137516305,9809.231571782426,-1000000000.0
failed_auction,240,20,balanced_value,10,0.5,0.1,0,0.25,0.0,1.0,336,1,10,5,5,50.0,4.794281088840295,7.999454684925988,0.7999454684925988,8.202446342373415,3.5255850867741563,10820.24463423734,5,1,4,20.0,0.5319525720233974,-1.8831611175275442,-0.37663222350550885,-1.9076842821757367,4.4125117137516305,9809.231571782426,-1000000000.0
failed_auction,240,20,balanced_value,10,0.5,0.0,0,0.0,0.0,1.0,72,0,11,6,5,54.54545454545455,2.823149550952988,9.297208383172979,0.8452007621066344,9.509613848703392,4.029304029304043,10950.96138487034,5,1,4,20.0,0.7408050668562336,-1.0441996931383706,-0.2088399386276741,-1.1021728721018698,4.938657768799836,9889.782712789813,-1000000000.0
failed_auction,240,20,balanced_value,10,0.5,0.0,0,0.0,0.0,1.0,72,1,11,5,6,45.45454545454545,3.5025471397059222,7.794299224013798,0.7085726567285271,7.951641429949241,3.726717887215986,10795.164142994923,5,1,4,20.0,0.9854060292474485,-0.04419969313837058,-0.008839938627674116,-0.10307652586613036,3.9783187760266876,9989.692347413387,-1000000000.0
failed_auction,240,20,balanced_value,10,0.5,0.0,0,0.0,0.0,1.0,168,0,11,6,5,54.54545454545455,3.134596852545046,10.88544367729063,0.9895857888446027,11.225407218201177,4.029304029304043,11122.540721820118,5,1,4,20.0,0.7408050668562336,-1.0441996931383706,-0.2088399386276741,-1.1021728721018698,4.938657768799836,9889.782712789813,-1000000000.0
failed_auction,240,20,balanced_value,10,0.5,0.0,0,0.0,0.0,1.0,168,1,11,5,6,45.45454545454545,4.012488261831244,9.38253451813145,0.8529576834664955,9.64302453397341,3.726717887215986,10964.302453397342,5,1,4,20.0,0.9854060292474485,-0.04419969313837058,-0.008839938627674116,-0.10307652586613036,3.9783187760266876,9989.692347413387,-1000000000.0
breakout_retest,1440,80,balanced_value,5,0.5,0.1,6,0.1,1.5,0.0,168,0,10,6,4,60.0,2.216162573256279,4.914068044430952,0.49140680444309515,4.945770778442449,3.3930608429006006,10494.577077844246,4,2,2,50.0,1.4827348182524727,0.9710482345653717,0.24276205864134293,0.9432636154646179,1.865578948038182,10094.326361546462,-1000000000.0
breakout_retest,1440,80,balanced_value,5,0.5,0.1,6,0.1,1.5,0.0,168,1,10,6,4,60.0,2.9450113766816015,5.914068044430951,0.5914068044430951,6.005944936898677,2.41712651355888,10600.594493689869,4,2,2,50.0,1.4827348182524727,0.9710482345653717,0.24276205864134293,0.9432636154646179,1.865578948038182,10094.326361546462,-1000000000.0
breakout_retest,1440,80,balanced_value,5,0.5,0.1,6,0.1,1.5,0.0,336,0,10,6,4,60.0,2.216162573256279,4.914068044430952,0.49140680444309515,4.945770778442449,3.3930608429006006,10494.577077844246,4,2,2,50.0,1.4827348182524727,0.9710482345653717,0.24276205864134293,0.9432636154646179,1.865578948038182,10094.326361546462,-1000000000.0
breakout_retest,1440,80,balanced_value,5,0.5,0.1,6,0.1,1.5,0.0,336,1,10,6,4,60.0,2.9450113766816015,5.914068044430951,0.5914068044430951,6.005944936898677,2.41712651355888,10600.594493689869,4,2,2,50.0,1.4827348182524727,0.9710482345653717,0.24276205864134293,0.9432636154646179,1.865578948038182,10094.326361546462,-1000000000.0
breakout_retest,1440,80,balanced_value,5,0.5,0.1,6,0.1,2.0,0.0,72,0,10,6,4,60.0,2.536587824060481,6.208789260353366,0.6208789260353366,6.28653593338766,3.3930608429006153,10628.653593338766,4,1,3,25.0,0.6592370308739228,-1.028951765434628,-0.257237941358657,-1.058165872503447,3.97588926901358,9894.183412749655,-1000000000.0
breakout_retest,1440,80,balanced_value,5,0.5,0.1,6,0.1,2.0,0.0,72,1,10,6,4,60.0,3.3708176872754523,7.208789260353366,0.7208789260353365,7.360254654519371,2.4171265135588706,10736.025465451938,4,1,3,25.0,0.9856642688694364,-0.028951765434628074,-0.0072379413586570185,-0.05867267450283542,3.0058704052435226,9994.132732549717,-1000000000.0
breakout_retest,1440,80,balanced_value,5,0.5,0.1,6,0.25,2.0,0.0,72,1,10,6,4,60.0,2.4972513188751786,6.038309208501646,0.6038309208501647,6.107608574229206,3.141128543987761,10610.76085742292,4,1,3,25.0,1.1560745427646806,0.26896994240972005,0.06724248560243001,0.24203433584808476,2.586593223116786,10024.203433584807,-1000000000.0
failed_auction,240,20,balanced_value,10,0.5,0.0,0,0.0,0.0,1.5,336,1,11,5,6,45.45454545454545,4.012488261831244,9.38253451813145,0.8529576834664955,9.64302453397341,3.726717887215986,10964.302453397342,6,1,5,16.666666666666668,0.7365995015888872,-1.0672008675109557,-0.17786681125182593,-1.1250228029014986,4.960621295752709,9887.49771970985,-1000000000.0
breakout_retest,1440,80,balanced_value,5,0.25,0.1,6,0.25,1.5,0.0,336,0,10,6,4,60.0,2.222120892604223,4.9287275600854175,0.49287275600854175,4.9611316090235835,3.141128543987779,10496.113160902358,4,1,3,25.0,0.4948180908690909,-1.5235688093089952,-0.3808922023272488,-1.537907497432256,3.751481001201104,9846.209250256774,-1000000000.0
breakout_retest,1440,80,balanced_value,5,0.25,0.1,6,0.25,1.5,0.0,336,1,10,6,4,60.0,2.222120892604223,4.9287275600854175,0.49287275600854175,4.9611316090235835,3.141128543987779,10496.113160902358,4,1,3,25.0,0.7402779919872672,-0.5235688093089952,-0.1308922023272488,-0.5432784405319246,2.779212676948968,9945.672155946808,-1000000000.0
breakout_retest,1440,80,balanced_value,5,0.25,0.1,6,0.25,2.0,0.0,72,0,10,6,4,60.0,2.4972513188751786,6.038309208501646,0.6038309208501647,6.107608574229206,3.141128543987761,10610.76085742292,4,1,3,25.0,0.7315688452261027,-0.7310300575902802,-0.18275751439757004,-0.7604483371165593,3.5607878616763013,9923.955166288344,-1000000000.0
breakout_retest,1440,80,balanced_value,5,0.25,0.1,6,0.25,2.0,0.0,72,1,10,6,4,60.0,2.4972513188751786,6.038309208501646,0.6038309208501647,6.107608574229206,3.141128543987761,10610.76085742292,4,1,3,25.0,1.1560745427646806,0.26896994240972005,0.06724248560243001,0.24203433584808476,2.586593223116786,10024.203433584807,-1000000000.0
breakout_retest,1440,80,balanced_value,5,0.5,0.1,6,0.0,1.5,0.0,72,0,10,6,4,60.0,2.103179116247712,4.465838397161104,0.4465838397161104,4.482168519909391,3.6349671153249505,10448.21685199094,4,2,2,50.0,1.4796624852746307,0.9657293026277864,0.2414323256569466,0.9379283862994692,2.0164415356396694,10093.792838629946,-1000000000.0
breakout_retest,1440,80,balanced_value,5,0.5,0.1,6,0.0,1.5,0.0,72,1,10,6,4,60.0,2.793163763798017,5.465838397161103,0.5465838397161102,5.537681353135748,2.6614562251420764,10553.768135313574,4,2,2,50.0,1.4796624852746307,0.9657293026277864,0.2414323256569466,0.9379283862994692,2.0164415356396694,10093.792838629946,-1000000000.0
breakout_retest,1440,80,balanced_value,5,0.25,0.1,6,0.0,1.5,0.0,72,0,10,6,4,60.0,2.103179116247712,4.465838397161104,0.4465838397161104,4.482168519909391,3.6349671153249505,10448.21685199094,4,2,2,50.0,1.4796624852746307,0.9657293026277864,0.2414323256569466,0.9379283862994692,2.0164415356396694,10093.792838629946,-1000000000.0
breakout_retest,1440,80,balanced_value,5,0.25,0.1,6,0.0,1.5,0.0,72,1,10,6,4,60.0,2.793163763798017,5.465838397161103,0.5465838397161102,5.537681353135748,2.6614562251420764,10553.768135313574,4,2,2,50.0,1.4796624852746307,0.9657293026277864,0.2414323256569466,0.9379283862994692,2.0164415356396694,10093.792838629946,-1000000000.0
breakout_retest,1440,80,balanced_value,5,0.25,0.1,6,0.0,1.5,0.0,168,0,10,6,4,60.0,2.2104500644257628,4.9000876611454025,0.49000876611454025,4.9311189046411075,3.6349671153249807,10493.11189046411,4,2,2,50.0,1.4796624852746307,0.9657293026277864,0.2414323256569466,0.9379283862994692,2.0164415356396694,10093.792838629946,-1000000000.0
breakout_retest,1440,80,balanced_value,5,0.25,0.1,6,0.0,1.5,0.0,168,1,10,6,4,60.0,2.935626820341556,5.9000876611454025,0.5900087661145402,5.991167180606438,2.6614562251420857,10599.116718060644,4,2,2,50.0,1.4796624852746307,0.9657293026277864,0.2414323256569466,0.9379283862994692,2.0164415356396694,10093.792838629946,-1000000000.0
breakout_retest,1440,80,balanced_value,5,0.25,0.1,6,0.0,1.5,0.0,336,0,10,6,4,60.0,2.2104500644257628,4.9000876611454025,0.49000876611454025,4.9311189046411075,3.6349671153249807,10493.11189046411,4,2,2,50.0,1.4796624852746307,0.9657293026277864,0.2414323256569466,0.9379283862994692,2.0164415356396694,10093.792838629946,-1000000000.0
breakout_retest,1440,80,balanced_value,5,0.25,0.1,6,0.0,1.5,0.0,336,1,10,6,4,60.0,2.935626820341556,5.9000876611454025,0.5900087661145402,5.991167180606438,2.6614562251420857,10599.116718060644,4,2,2,50.0,1.4796624852746307,0.9657293026277864,0.2414323256569466,0.9379283862994692,2.0164415356396694,10093.792838629946,-1000000000.0
breakout_retest,1440,80,balanced_value,5,0.25,0.1,6,0.0,2.0,0.0,72,0,10,6,4,60.0,2.5655108537922016,6.337428237236336,0.6337428237236337,6.421596537820551,3.634967115324963,10642.159653782055,4,1,3,25.0,0.657892514639207,-1.0342706973722378,-0.25856767434305944,-1.0634338924572329,4.402821123391179,9893.656610754277,-1000000000.0
breakout_retest,1440,80,balanced_value,5,0.25,0.1,6,0.25,1.5,0.0,168,1,10,6,4,60.0,2.222120892604223,4.9287275600854175,0.49287275600854175,4.9611316090235835,3.141128543987779,10496.113160902358,4,1,3,25.0,0.7402779919872672,-0.5235688093089952,-0.1308922023272488,-0.5432784405319246,2.779212676948968,9945.672155946808,-1000000000.0
breakout_retest,1440,80,balanced_value,5,0.25,0.1,6,0.0,3.0,0.0,72,0,10,6,4,60.0,3.5536156781396238,10.337428237236338,1.033742823723634,10.65721205379775,3.6349671153249634,11065.721205379776,4,1,3,25.0,0.9886642228873305,-0.034270697372237535,-0.008567674343059384,-0.09336258563018562,4.402821123391179,9990.663741436982,-1000000000.0
breakout_retest,1440,80,balanced_value,5,0.25,0.1,6,0.0,3.0,0.0,72,1,10,6,4,60.0,4.719441376135771,11.337428237236338,1.1337428237236338,11.775107184291489,2.661456225142098,11177.510718429148,4,1,3,25.0,1.477319825046919,0.9657293026277629,0.24143232565694073,0.9158961045347302,3.4370966626999446,10091.589610453473,-1000000000.0
breakout_retest,1440,80,balanced_value,5,0.25,0.1,6,0.1,1.5,0.0,72,0,10,6,4,60.0,2.0937583382076395,4.419477310278517,0.44194773102785173,4.434366117504229,3.393060842900612,10443.436611750423,4,2,2,50.0,1.4827348182524727,0.9710482345653717,0.24276205864134293,0.9432636154646179,1.865578948038182,10094.326361546462,-1000000000.0
breakout_retest,1440,80,balanced_value,5,0.25,0.1,6,0.1,1.5,0.0,72,1,10,6,4,60.0,2.7823509883498083,5.419477310278516,0.5419477310278517,5.489374007686698,2.4171265135588547,10548.93740076867,4,2,2,50.0,1.4827348182524727,0.9710482345653717,0.24276205864134293,0.9432636154646179,1.865578948038182,10094.326361546462,-1000000000.0
breakout_retest,1440,80,balanced_value,5,0.25,0.1,6,0.1,1.5,0.0,168,0,10,6,4,60.0,2.216162573256279,4.914068044430952,0.49140680444309515,4.945770778442449,3.3930608429006006,10494.577077844246,4,2,2,50.0,1.4827348182524727,0.9710482345653717,0.24276205864134293,0.9432636154646179,1.865578948038182,10094.326361546462,-1000000000.0
breakout_retest,1440,80,balanced_value,5,0.25,0.1,6,0.1,1.5,0.0,168,1,10,6,4,60.0,2.9450113766816015,5.914068044430951,0.5914068044430951,6.005944936898677,2.41712651355888,10600.594493689869,4,2,2,50.0,1.4827348182524727,0.9710482345653717,0.24276205864134293,0.9432636154646179,1.865578948038182,10094.326361546462,-1000000000.0
breakout_retest,1440,80,balanced_value,5,0.25,0.1,6,0.1,1.5,0.0,336,0,10,6,4,60.0,2.216162573256279,4.914068044430952,0.49140680444309515,4.945770778442449,3.3930608429006006,10494.577077844246,4,2,2,50.0,1.4827348182524727,0.9710482345653717,0.24276205864134293,0.9432636154646179,1.865578948038182,10094.326361546462,-1000000000.0
breakout_retest,1440,80,balanced_value,5,0.25,0.1,6,0.1,1.5,0.0,336,1,10,6,4,60.0,2.9450113766816015,5.914068044430951,0.5914068044430951,6.005944936898677,2.41712651355888,10600.594493689869,4,2,2,50.0,1.4827348182524727,0.9710482345653717,0.24276205864134293,0.9432636154646179,1.865578948038182,10094.326361546462,-1000000000.0
breakout_retest,1440,80,balanced_value,5,0.25,0.1,6,0.1,2.0,0.0,72,0,10,6,4,60.0,2.536587824060481,6.208789260353366,0.6208789260353366,6.28653593338766,3.3930608429006153,10628.653593338766,4,1,3,25.0,0.6592370308739228,-1.028951765434628,-0.257237941358657,-1.058165872503447,3.97588926901358,9894.183412749655,-1000000000.0
breakout_retest,1440,80,balanced_value,5,0.25,0.1,6,0.1,2.0,0.0,72,1,10,6,4,60.0,3.3708176872754523,7.208789260353366,0.7208789260353365,7.360254654519371,2.4171265135588706,10736.025465451938,4,1,3,25.0,0.9856642688694364,-0.028951765434628074,-0.0072379413586570185,-0.05867267450283542,3.0058704052435226,9994.132732549717,-1000000000.0
breakout_retest,1440,80,balanced_value,5,0.25,0.1,6,0.1,3.0,0.0,72,0,10,6,4,60.0,3.2379835433952544,9.042872767507433,0.9042872767507433,9.265633599049462,3.3930608429005944,10926.563359904947,4,1,3,25.0,0.9904119027904302,-0.028951765434628296,-0.007237941358657074,-0.08805849831035051,3.97588926901358,9991.194150168965,-1000000000.0
breakout_retest,1440,80,balanced_value,5,0.25,0.1,6,0.1,3.0,0.0,72,1,10,6,4,60.0,4.3028875624388085,10.042872767507433,1.0042872767507434,10.369447504934403,2.417126513558858,11036.944750493441,4,1,3,25.0,1.4808234039119303,0.9710482345653717,0.24276205864134293,0.9212345556398605,3.0058704052435226,10092.123455563986,-1000000000.0
breakout_retest,1440,80,balanced_value,5,0.25,0.1,6,0.25,1.5,0.0,72,0,10,6,4,60.0,2.001333913132818,4.038309208501656,0.4038309208501656,4.042164542547888,3.1411285439877665,10404.216454254789,4,1,3,25.0,0.5479709534658507,-1.2310300575902888,-0.3077575143975722,-1.2469533931182553,3.5607878616763013,9875.304660688174,-1000000000.0
breakout_retest,1440,80,balanced_value,5,0.25,0.1,6,0.25,1.5,0.0,72,1,10,6,4,60.0,2.001333913132818,4.038309208501656,0.4038309208501656,4.042164542547888,3.1411285439877665,10404.216454254789,4,1,3,25.0,0.8659407431170307,-0.2310300575902886,-0.05775751439757215,-0.24938522128524765,2.586593223116786,9975.061477871475,-1000000000.0
breakout_retest,1440,80,balanced_value,5,0.25,0.1,6,0.25,1.5,0.0,168,0,10,6,4,60.0,2.222120892604223,4.9287275600854175,0.49287275600854175,4.9611316090235835,3.141128543987779,10496.113160902358,4,1,3,25.0,0.4948180908690909,-1.5235688093089952,-0.3808922023272488,-1.537907497432256,3.751481001201104,9846.209250256774,-1000000000.0
failed_auction,240,20,balanced_value,10,0.5,0.1,0,0.1,0.0,1.0,72,0,10,6,4,60.0,3.1626574428523906,8.97547424361116,0.897547424361116,9.197895375054689,3.732600817155677,10919.789537505469,5,1,4,20.0,0.6402366662093616,-1.4484960739779933,-0.2896992147955987,-1.4903432201909372,4.687820586517889,9850.965677980907,-1000000000.0
