model,timeframe_minutes,lookback_days,regime_mode,shift_lag_days,shift_threshold_atr,entry_tolerance_atr,retest_expiry_bars,stop_buffer_atr,reward_risk,minimum_reward_risk,maximum_hold_hours,management,train_trades,train_wins,train_losses,train_win_rate_pct,train_profit_factor,train_net_r,train_mean_r,train_return_pct,train_max_drawdown_pct,train_final_balance,validation_trades,validation_wins,validation_losses,validation_win_rate_pct,validation_profit_factor,validation_net_r,validation_mean_r,validation_return_pct,validation_max_drawdown_pct,validation_final_balance,robust_score
breakout_retest,240,80,balanced_value,5,0.5,0.1,6,0.1,3.0,0.0,72,0,22,13,9,59.09090909090909,3.671249740729898,22.100746613961906,1.004579391543723,24.184170728996655,3.222781212355709,12418.417072899665,13,6,7,46.15384615384615,2.323464481775095,9.474766348459942,0.7288281806507648,9.642502971417578,4.138205192837642,10964.250297141758,77.54536045001795
failed_auction,240,80,balanced_value,5,0.25,0.1,0,0.1,0.0,1.0,336,1,13,6,7,46.15384615384615,4.6949286586485295,22.343812004629182,1.7187547695868601,24.01763045589773,6.295840650732992,12401.763045589772,10,3,7,30.0,2.086018943191487,6.556565134346957,0.6556565134346957,6.407919639391557,4.148944950437163,10640.791963939157,69.59972831808841
failed_auction,240,80,balanced_value,10,0.25,0.0,0,0.1,0.0,1.0,336,1,13,5,8,38.46153846153846,3.506405077272113,15.168237253710142,1.1667874810546264,15.714247341955922,5.668746342879816,11571.424734195592,5,2,3,40.0,2.0679024225020632,3.2213534352648465,0.6442706870529693,3.1329300829498585,2.9297224177070156,10313.293008294986,68.40192471665108
failed_auction,240,80,balanced_value,10,0.25,0.0,0,0.1,0.0,1.0,336,0,12,5,7,41.666666666666664,4.4849261628708605,24.527477875730522,2.04395648964421,25.991707882108738,6.295359409225732,12599.170788210873,5,2,3,40.0,2.0679024225020632,3.2213534352648465,0.6442706870529693,3.1329300829498585,2.9297224177070156,10313.293008294986,68.36432793267034
failed_auction,240,80,balanced_value,5,0.25,0.1,0,0.0,0.0,1.5,336,1,13,6,7,46.15384615384615,5.253162141824965,25.744131863089102,1.9803178356222386,28.03792609363316,6.700388415877824,12803.792609363316,11,3,8,27.272727272727273,1.9523294230778392,6.739482350713368,0.6126802137012153,6.523315934787055,5.211899587356797,10652.331593478706,65.01914757630335
failed_auction,240,80,balanced_value,5,0.25,0.1,0,0.0,0.0,1.0,336,1,13,6,7,46.15384615384615,5.253162141824965,25.744131863089102,1.9803178356222386,28.03792609363316,6.700388415877824,12803.792609363316,11,3,8,27.272727272727273,1.9523294230778392,6.739482350713368,0.6126802137012153,6.523315934787055,5.211899587356797,10652.331593478706,65.01914757630335
breakout_retest,240,80,balanced_value,5,0.5,0.1,6,0.0,3.0,0.0,72,0,21,12,9,57.142857142857146,3.358315512264951,19.581950614747083,0.9324738387974801,21.136524442478088,3.7311020510502315,12113.65244424781,13,6,7,46.15384615384615,2.0392865213747324,7.518234599151173,0.578325738396244,7.5565222966954115,3.543403152780464,10755.652229669542,61.951186492272384
breakout_retest,240,80,balanced_value,5,0.5,0.1,3,0.1,3.0,0.0,72,0,19,10,9,52.63157894736842,2.991006605483885,16.500446778442587,0.8684445672864519,17.49669351722798,4.662956510302564,11749.669351722798,13,6,7,46.15384615384615,2.0326721698170167,7.392965703507333,0.5686896695005641,7.426229342317159,4.138205192837644,10742.622934231716,60.91843963203382
failed_auction,240,80,balanced_value,5,0.25,0.1,0,0.1,0.0,1.5,336,1,13,6,7,46.15384615384615,4.6949286586485295,22.343812004629182,1.7187547695868601,24.01763045589773,6.295840650732992,12401.763045589772,9,2,7,22.22222222222222,1.8444209231698163,5.097978095389531,0.5664420105988368,4.878180097790752,4.148944950437163,10487.818009779076,60.185550976478744
failed_auction,240,80,balanced_value,10,0.25,0.0,0,0.25,0.0,1.0,336,1,14,5,9,35.714285714285715,2.632316787861068,11.566836363736492,0.8262025974097494,11.755818107438177,5.877931119620377,11175.581810743817,5,2,3,40.0,1.9190309955498175,2.769812052564549,0.5539624105129098,2.685242853803649,2.856029736166828,10268.524285380365,59.0608031221362
failed_auction,240,80,balanced_value,10,0.25,0.0,0,0.25,0.0,1.0,336,0,13,5,8,38.46153846153846,3.2359857760031883,18.056905719154585,1.3889927476272759,18.647623969733228,6.819227215898488,11864.762396973323,5,2,3,40.0,1.9190309955498175,2.769812052564549,0.5539624105129098,2.685242853803649,2.856029736166828,10268.524285380365,59.004325356359516
breakout_retest,240,80,balanced_value,5,0.5,0.1,6,0.1,3.0,0.0,336,1,25,7,18,28.0,3.1197312430375206,13.374967107419247,0.5349986842967699,13.95806848380461,3.731727939708408,11395.806848380462,13,5,8,38.46153846153846,2.4150146785649076,8.722303668369673,0.6709464360284364,8.842843310581472,3.169583583715302,10884.284331058147,58.369899843385824
breakout_retest,240,80,balanced_value,5,0.5,0.1,6,0.1,3.0,0.0,336,0,22,13,9,59.09090909090909,4.110725242783293,28.416767058914797,1.2916712299506725,32.09020019201743,3.7068501774044442,13209.020019201742,13,5,8,38.46153846153846,1.8233971738451105,6.722303668369673,0.5171002821822825,6.676463109541486,4.138205192837642,10667.64631095415,55.372435987309736
breakout_retest,240,80,balanced_value,5,0.5,0.1,6,0.1,3.0,0.0,168,0,22,13,9,59.09090909090909,3.799601216488673,25.574619877270624,1.1624827216941194,28.46557852627867,3.7068501774044442,12846.557852627868,13,5,8,38.46153846153846,1.8233971738451105,6.722303668369673,0.5171002821822825,6.676463109541486,4.138205192837642,10667.64631095415,55.372435987309736
breakout_retest,240,80,balanced_value,5,0.25,0.1,3,0.1,3.0,0.0,72,1,19,6,13,31.57894736842105,3.1817235550742717,9.473160634806662,0.4985874018319296,9.711215251530136,3.7222063747920293,10971.121525153014,11,5,6,45.45454545454545,2.2713716464110902,6.474605872250358,0.5886005338409416,6.502502184398229,2.5309384157512564,10650.250218439824,54.42664175850643
failed_auction,240,80,balanced_value,5,0.25,0.0,0,0.1,0.0,1.0,336,1,15,6,9,40.0,4.663928703987636,22.303618084336,1.4869078722890667,23.967580910115483,6.320890836322725,12396.758091011548,11,3,8,27.272727272727273,1.7876038840941069,5.548732481207155,0.5044302255642868,5.335505879738989,4.148944950437163,10533.5505879739,53.88746753941634
failed_auction,240,80,balanced_value,5,0.5,0.0,0,0.1,0.0,1.0,336,1,16,6,10,37.5,3.283457031296305,16.19333702935936,1.01208356433496,16.875663977441913,7.261651841684939,11687.56639774419,11,3,8,27.272727272727273,1.7876038840941069,5.548732481207155,0.5044302255642868,5.335505879738989,4.148944950437163,10533.5505879739,53.83102187909461
breakout_retest,240,80,balanced_value,5,0.25,0.1,3,0.1,3.0,0.0,72,0,17,9,8,52.94117647058823,3.0042376865149327,14.579602403249009,0.8576236707793534,15.315930304055069,4.662956510302569,11531.593030405507,11,5,6,45.45454545454545,1.8985642760369819,5.474605872250358,0.4976914429318507,5.437128009016079,2.9181754107611986,10543.712800901609,53.53498611961968
failed_auction,240,80,balanced_value,5,0.25,0.1,0,0.25,0.0,1.0,336,0,14,7,7,50.0,3.740013393659857,19.39354961843069,1.3852535441736207,20.629082576093595,6.819967751731422,12062.908257609359,8,3,5,37.5,1.7602199761017414,3.818990202202713,0.47737377527533914,3.7101547015802705,4.056491612988716,10371.015470158027,51.068341872367135
failed_auction,240,80,balanced_value,5,0.25,0.0,0,0.0,0.0,1.0,336,1,16,6,10,37.5,4.468680004314198,24.681531122095926,1.5425956951309954,26.67777967792413,7.675901517067342,12667.777967792414,12,3,9,25.0,1.7085583166178981,5.729783737719311,0.4774819781432759,5.44775149127823,5.211899587356797,10544.775149127823,50.9612552922855
failed_auction,240,80,balanced_value,5,0.25,0.0,0,0.0,0.0,1.5,336,1,16,6,10,37.5,4.468680004314198,24.681531122095926,1.5425956951309954,26.67777967792413,7.675901517067342,12667.777967792414,12,3,9,25.0,1.7085583166178981,5.729783737719311,0.4774819781432759,5.44775149127823,5.211899587356797,10544.775149127823,50.9612552922855
failed_auction,240,80,balanced_value,5,0.5,0.0,0,0.0,0.0,1.5,336,1,17,6,11,35.294117647058826,3.1554113468909666,17.502010144825356,1.0295300085191386,18.25854840635579,8.60329019580469,11825.854840635579,12,3,9,25.0,1.7085583166178981,5.729783737719311,0.4774819781432759,5.44775149127823,5.211899587356797,10544.775149127823,50.905611971561264
failed_auction,240,80,balanced_value,5,0.5,0.0,0,0.0,0.0,1.0,336,1,17,6,11,35.294117647058826,3.1554113468909666,17.502010144825356,1.0295300085191386,18.25854840635579,8.60329019580469,11825.854840635579,12,3,9,25.0,1.7085583166178981,5.729783737719311,0.4774819781432759,5.44775149127823,5.211899587356797,10544.775149127823,50.905611971561264
breakout_retest,240,80,balanced_value,5,0.5,0.1,3,0.1,3.0,0.0,336,1,21,7,14,33.333333333333336,3.7304454427391516,14.40794076543924,0.6860924174018687,15.147114351538992,3.7222063747920133,11514.7114351539,13,4,9,30.76923076923077,1.928813418858821,5.728716719754143,0.4406705169041648,5.679130493130757,3.7216074545500737,10567.913049313076,47.96525187860813
breakout_retest,240,80,balanced_value,5,0.5,0.1,3,0.1,3.0,0.0,168,1,21,7,14,33.333333333333336,3.1918308033502125,11.565793583795068,0.5507520754188128,11.987419500451079,3.7222063747920155,11198.741950045109,13,4,9,30.76923076923077,1.928813418858821,5.728716719754143,0.4406705169041648,5.679130493130757,3.7216074545500737,10567.913049313076,47.96525187860813
breakout_retest,240,80,balanced_value,5,0.5,0.1,6,0.0,3.0,0.0,336,1,24,7,17,29.166666666666668,3.137124853816848,13.42831976337471,0.5595133234739462,14.018396479370798,4.253038857751007,11401.83964793708,13,4,9,30.76923076923077,1.909214717233996,5.6765347687444665,0.43665652067265126,5.622578378980458,2.8549292715297643,10562.257837898045,47.49280490322959
breakout_retest,240,80,balanced_value,5,0.5,0.1,6,0.0,3.0,0.0,168,1,24,7,17,29.166666666666668,2.8309115307957367,11.504271942776285,0.4793446642823452,11.887337523409691,4.253038857751009,11188.73375234097,13,4,9,30.76923076923077,1.909214717233996,5.6765347687444665,0.43665652067265126,5.622578378980458,2.8549292715297643,10562.257837898045,47.49280490322959
failed_auction,240,80,balanced_value,10,0.25,0.0,0,0.1,0.0,1.5,336,1,13,5,8,38.46153846153846,3.506405077272113,15.168237253710142,1.1667874810546264,15.714247341955922,5.668746342879816,11571.424734195592,4,1,3,25.0,1.5843700614512541,1.762766396307421,0.44069159907685523,1.6502723848790923,2.9297224177070156,10165.02723848791,47.058719041258655
failed_auction,240,80,balanced_value,10,0.25,0.0,0,0.1,0.0,1.5,336,0,12,5,7,41.666666666666664,4.4849261628708605,24.527477875730522,2.04395648964421,25.991707882108738,6.295359409225732,12599.170788210873,4,1,3,25.0,1.5843700614512541,1.762766396307421,0.44069159907685523,1.6502723848790923,2.9297224177070156,10165.02723848791,47.021122257277895
breakout_retest,240,80,balanced_value,5,0.5,0.1,6,0.1,3.0,0.0,168,1,25,7,18,28.0,2.6692936359872363,10.532819925775078,0.4213127970310031,10.831001650597582,3.731727939708401,11083.100165059757,13,5,8,38.46153846153846,2.4150146785649076,8.722303668369673,0.6709464360284364,8.842843310581472,3.169583583715302,10884.284331058147,47.00131111680915
breakout_retest,240,80,balanced_value,5,0.5,0.1,3,0.0,3.0,0.0,72,1,20,6,14,30.0,2.568510377921441,8.467571522177028,0.42337857610885143,8.607409818870915,4.2429978145632345,10860.740981887091,12,5,7,41.666666666666664,1.8871290350002423,5.530393051236414,0.46086608760303455,5.491537065945362,3.115797947414599,10549.153706594536,46.11403074775799
failed_auction,240,80,balanced_value,5,0.25,0.1,0,0.25,0.0,1.0,336,1,14,6,8,42.857142857142854,3.468328749807091,17.484061313785674,1.2488615224132624,18.368722322421526,6.819967751731422,11836.872232242153,9,3,6,33.333333333333336,1.7561592239196737,3.807374328960257,0.42304159210669523,3.6980740190906802,4.0564916129886806,10369.807401909067,45.63753810270439
failed_auction,240,80,balanced_value,10,0.25,0.0,0,0.0,0.0,1.0,336,1,14,5,9,35.714285714285715,3.3173779141045823,16.376219796276985,1.169729985448356,16.968493293809228,6.706720203748582,11696.849329380922,6,2,4,33.333333333333336,1.6234338611789032,2.527896043238212,0.42131600720636864,2.4010907724832498,3.9910864928254006,10240.109077248326,45.17065624567528
failed_auction,240,80,balanced_value,10,0.25,0.0,0,0.0,0.0,1.5,336,1,14,5,9,35.714285714285715,3.3173779141045823,16.376219796276985,1.169729985448356,16.968493293809228,6.706720203748582,11696.849329380922,6,2,4,33.333333333333336,1.6234338611789032,2.527896043238212,0.42131600720636864,2.4010907724832498,3.9910864928254006,10240.109077248326,45.17065624567528
failed_auction,240,80,balanced_value,10,0.25,0.0,0,0.0,0.0,1.5,336,0,13,5,8,38.46153846153846,4.589245650811946,28.89269623750301,2.222515095192539,30.844374137743436,7.639765155233748,13084.437413774343,6,2,4,33.333333333333336,1.6234338611789032,2.527896043238212,0.42131600720636864,2.4010907724832498,3.9910864928254006,10240.109077248326,45.114673548586175
failed_auction,240,80,balanced_value,10,0.25,0.0,0,0.0,0.0,1.0,336,0,13,5,8,38.46153846153846,4.589245650811946,28.89269623750301,2.222515095192539,30.844374137743436,7.639765155233748,13084.437413774343,6,2,4,33.333333333333336,1.6234338611789032,2.527896043238212,0.42131600720636864,2.4010907724832498,3.9910864928254006,10240.109077248326,45.114673548586175
breakout_retest,240,80,balanced_value,5,0.5,0.1,6,0.1,2.0,0.0,336,1,25,9,16,36.0,2.867199815180811,11.60275211588237,0.4641100846352948,12.072409453998102,3.014855678490967,11207.24094539981,14,6,8,42.857142857142854,1.9279373319332298,5.718632045670358,0.4084737175478827,5.7291089411064755,3.7216074545500812,10572.910894110648,44.750754991491945
breakout_retest,240,80,balanced_value,5,0.5,0.1,6,0.1,2.0,0.0,168,1,25,9,16,36.0,2.6955641719724763,10.536210760101712,0.4214484304040685,10.900521590147427,3.014855678490967,11090.052159014744,14,6,8,42.857142857142854,1.9279373319332298,5.718632045670358,0.4084737175478827,5.7291089411064755,3.7216074545500812,10572.910894110648,44.750754991491945
breakout_retest,240,80,balanced_value,5,0.5,0.1,3,0.1,3.0,0.0,72,1,21,6,15,28.571428571428573,2.548363962528757,8.39400501000024,0.39971452428572574,8.527994680230954,4.866036518548909,10852.799468023095,13,6,7,46.15384615384615,2.362701588901656,8.392965703507333,0.645612746423641,8.511702103773612,3.169583583715306,10851.17021037736,44.66879914822448
breakout_retest,240,80,balanced_value,5,0.5,0.1,6,0.25,2.0,0.0,72,0,23,13,10,56.52173913043478,2.378993020837511,12.75997914069053,0.5547817017691535,13.329033063476015,3.248492303542092,11332.903306347602,14,7,7,50.0,1.7945488048491554,5.64191716136402,0.4029940829545729,5.638681652907462,3.8508857508095353,10563.868165290745,43.92825778021726
failed_auction,240,80,balanced_value,5,0.25,0.0,0,0.1,0.0,1.5,336,1,15,6,9,40.0,4.663928703987636,22.303618084336,1.4869078722890667,23.967580910115483,6.320890836322725,12396.758091011548,10,2,8,20.0,1.5805676247208191,4.09014544224973,0.40901454422497296,3.821183552746432,4.148944950437163,10382.118355274644,43.92312574903941
failed_auction,240,80,balanced_value,5,0.5,0.0,0,0.1,0.0,1.5,336,1,16,6,10,37.5,3.283457031296305,16.19333702935936,1.01208356433496,16.875663977441913,7.261651841684939,11687.56639774419,10,2,8,20.0,1.5805676247208191,4.09014544224973,0.40901454422497296,3.821183552746432,4.148944950437163,10382.118355274644,43.86668008871767
breakout_retest,240,80,balanced_value,5,0.5,0.1,6,0.1,2.0,0.0,72,0,24,14,10,58.333333333333336,2.6159535545713415,14.996445579181088,0.6248518991325454,15.865039223889754,3.2014394057373554,11586.503922388976,14,7,7,50.0,1.7864741386565766,5.630418349333276,0.4021727392380911,5.625886414693748,4.138205192837649,10562.588641469374,43.812734909662225
failed_auction,240,80,balanced_value,5,0.25,0.1,0,0.1,0.0,1.0,168,1,14,7,7,50.0,3.7927215847374276,16.888024596790682,1.2062874711993345,17.807577372652105,6.007008350018341,11780.75773726521,10,3,7,30.0,1.6648074721594572,4.013607239855927,0.40136072398559264,3.825435468123728,4.148944950437163,10382.543546812372,43.345056369156914
failed_auction,240,80,balanced_value,5,0.25,0.1,0,0.1,0.0,1.0,336,0,13,7,6,53.84615384615385,5.0393394821871595,24.402750905569135,1.8771346850437796,26.571227945724996,6.295840650732992,12657.1227945725,9,3,6,33.333333333333336,1.5912146612299067,3.5666913504748585,0.39629903894165097,3.416733594119803,4.148944950437126,10341.67335941198,42.66484128688033
breakout_retest,240,80,balanced_value,5,0.5,0.1,3,0.0,3.0,0.0,72,0,18,9,9,50.0,2.6615791409838154,13.824209891035135,0.768011660613063,14.435767439399383,5.174319175668274,11443.576743939939,12,5,7,41.666666666666664,1.6262609090718376,4.530393051236414,0.3775327542697012,4.43613603325701,4.085086003513033,10443.6136033257,40.951833030319854
failed_auction,240,80,balanced_value,5,0.25,0.1,0,0.0,0.0,1.5,168,1,14,7,7,50.0,4.229024394831566,19.545088345493042,1.3960777389637886,20.82779795670062,6.4532033158297715,12082.779795670063,11,3,8,27.272727272727273,1.5738310329737004,4.060910043626549,0.3691736403296863,3.8067674851384625,5.211899587356797,10380.676748513846,39.92632456494505
failed_auction,240,80,balanced_value,5,0.25,0.1,0,0.0,0.0,1.0,168,1,14,7,7,50.0,4.229024394831566,19.545088345493042,1.3960777389637886,20.82779795670062,6.4532033158297715,12082.779795670063,11,3,8,27.272727272727273,1.5738310329737004,4.060910043626549,0.3691736403296863,3.8067674851384625,5.211899587356797,10380.676748513846,39.92632456494505
failed_auction,240,80,balanced_value,10,0.5,0.0,0,0.1,0.0,1.0,336,1,15,6,9,40.0,3.2978984848394184,16.22439099981466,1.0816260666543107,16.912264955144817,6.303541136987014,11691.226495514482,6,2,4,33.333333333333336,1.5512609288137877,2.2167116578419943,0.36945194297366574,2.096813581056245,2.9297224177070156,10209.681358105625,39.864094701680465
failed_auction,240,80,balanced_value,10,0.5,0.0,0,0.1,0.0,1.0,336,0,14,6,8,42.857142857142854,4.179312413214447,25.58363162183504,1.8274022587025027,27.29613053209117,7.240599574757481,12729.613053209117,6,2,4,33.333333333333336,1.5512609288137877,2.2167116578419943,0.36945194297366574,2.096813581056245,2.9297224177070156,10209.681358105625,39.807871195414236
breakout_retest,240,80,balanced_value,5,0.5,0.1,6,0.0,2.0,0.0,72,1,24,10,14,41.666666666666664,2.5878485013906194,10.100514511824638,0.4208547713260266,10.430274477328805,3.205511157439077,11043.02744773288,13,6,7,46.15384615384615,1.7466694924093347,4.654763410364175,0.35805872387416726,4.624593211109529,2.568641008289186,10462.459321110953,39.37078643575058
breakout_retest,240,80,balanced_value,5,0.5,0.1,3,0.1,2.0,0.0,72,1,21,8,13,38.095238095238095,2.5762064086592007,8.394005010000262,0.39971452428572674,8.592271722611322,2.8060799454013194,10859.227172261131,13,6,7,46.15384615384615,1.7534429505259137,4.640503023417061,0.3569617710320816,4.61148784277059,3.16958358371531,10461.148784277058,39.2767937221986
failed_auction,240,80,balanced_value,10,0.25,0.0,0,0.25,0.0,1.5,336,1,14,5,9,35.714285714285715,2.632316787861068,11.566836363736492,0.8262025974097494,11.755818107438177,5.877931119620377,11175.581810743817,4,1,3,25.0,1.4738510787826982,1.428111168707461,0.35702779217686526,1.325754312616434,2.856029736166828,10132.575431261643,38.45874929931811
failed_auction,240,80,balanced_value,10,0.25,0.0,0,0.25,0.0,1.5,336,0,13,5,8,38.46153846153846,3.2359857760031883,18.056905719154585,1.3889927476272759,18.647623969733228,6.819227215898488,11864.762396973323,4,1,3,25.0,1.4738510787826982,1.428111168707461,0.35702779217686526,1.325754312616434,2.856029736166828,10132.575431261643,38.40227153354142
breakout_retest,240,80,balanced_value,5,0.5,0.1,6,0.0,3.0,0.0,72,1,24,7,17,29.166666666666668,2.260381793901264,8.10051451182468,0.337521437992695,8.201705000969483,4.253038857751017,10820.170500096949,13,6,7,46.15384615384615,2.366407987613323,8.518234599151173,0.655248815319321,8.643457039935566,2.5686410082891977,10864.345703993557,38.2816307885685
failed_auction,240,80,balanced_value,5,0.25,0.1,0,0.25,0.0,1.5,336,0,14,7,7,50.0,3.740013393659857,19.39354961843069,1.3852535441736207,20.629082576093595,6.819967751731422,12062.908257609359,7,2,5,28.571428571428573,1.4931368573042088,2.4772893183456253,0.353898474049375,2.3370969670595487,4.056491612988716,10233.709696705955,38.17486720861002
breakout_retest,240,80,balanced_value,5,0.25,0.1,3,0.1,3.0,0.0,168,1,19,7,12,36.8421052631579,4.012411114616432,12.64494920860149,0.6655236425579731,13.208356263081523,3.7222063747920227,11320.835626308151,11,3,8,27.272727272727273,1.7469338709780635,3.810356888497168,0.3463960807724698,3.7223783977355707,2.627807162912103,10372.237839773557,38.158634101694396
breakout_retest,240,80,balanced_value,5,0.25,0.1,3,0.1,3.0,0.0,336,1,19,7,12,36.8421052631579,4.689496931104863,15.487096390245659,0.8151103363287189,16.402499515780853,3.722206374791986,11640.249951578086,11,3,8,27.272727272727273,1.7469338709780635,3.810356888497168,0.3463960807724698,3.7223783977355707,2.627807162912103,10372.237839773557,38.158634101694396
breakout_retest,240,80,balanced_value,5,0.5,0.1,6,0.25,2.0,0.0,336,1,25,7,18,28.0,2.6590744168098035,8.690151790738854,0.34760607162955415,8.901686364481897,3.230823058398793,10890.16863644819,14,6,8,42.857142857142854,1.6776969607095673,4.814435971826226,0.3438882837018733,4.771686763502991,4.726657860606939,10477.168676350298,37.73142784008027
breakout_retest,240,80,balanced_value,5,0.25,0.1,3,0.1,2.0,0.0,72,1,19,7,12,36.8421052631579,2.732968686565055,7.473160634806683,0.39332424393719384,7.622323880451143,2.8060799454013194,10762.232388045115,11,5,6,45.45454545454545,1.7308904065769235,3.722143192160087,0.3383766538327352,3.6812669188371894,2.5309384157512564,10368.12669188372,37.37957206468209
breakout_retest,240,80,balanced_value,5,0.5,0.1,6,0.1,3.0,0.0,72,1,25,7,18,28.0,2.239263892181961,7.991038027547669,0.31964152110190674,8.08401351178718,4.892512012639433,10808.401351178718,13,6,7,46.15384615384615,2.700707622390857,10.474766348459942,0.8057512575738417,10.75036974847945,3.169583583715302,11075.036974847944,36.41303490675775
breakout_retest,240,80,balanced_value,5,0.5,0.1,6,0.1,2.0,0.0,72,1,25,9,16,36.0,2.2579454407153055,7.991038027547692,0.3196415211019077,8.148027600848762,3.0148556784909544,10814.802760084876,14,7,7,50.0,2.0765302681915405,6.630418349333276,0.47360131066666256,6.693167872022832,3.169583583715322,10669.316787202284,36.197842651661155
failed_auction,240,80,balanced_value,5,0.25,0.0,0,0.25,0.0,1.0,336,0,15,7,8,46.666666666666664,4.1936690503619145,25.855199364230444,1.723679957615363,28.031567592611516,7.768412966390553,12803.156759261152,9,3,6,33.333333333333336,1.4665162459213599,2.812911742452666,0.31254574916140737,2.666749174554206,4.056491612988716,10266.67491745542,33.95176113929943
failed_auction,240,80,balanced_value,5,0.5,0.0,0,0.25,0.0,1.0,336,0,16,7,9,43.75,3.2914270477733387,20.85123503385411,1.3032021896158819,21.959440026653134,8.694331006277539,12195.944002665314,9,3,6,33.333333333333336,1.4665162459213599,2.812911742452666,0.31254574916140737,2.666749174554206,4.056491612988716,10266.67491745542,33.89620605690621
failed_auction,240,80,balanced_value,5,0.25,0.1,0,0.0,0.0,1.0,336,0,13,7,6,53.84615384615385,5.616778089016725,27.91641675728841,2.14741667363757,30.8194472940448,6.700388415877824,13081.94472940448,10,3,7,30.0,1.4397160050575706,3.109714934982766,0.31097149349827663,2.917761822908771,5.211899587356786,10291.776182290876,33.814347582269974
failed_auction,240,80,balanced_value,5,0.25,0.1,0,0.0,0.0,1.5,336,0,13,7,6,53.84615384615385,5.616778089016725,27.91641675728841,2.14741667363757,30.8194472940448,6.700388415877824,13081.94472940448,10,3,7,30.0,1.4397160050575706,3.109714934982766,0.31097149349827663,2.917761822908771,5.211899587356786,10291.776182290876,33.814347582269974
failed_auction,240,80,balanced_value,5,0.25,0.1,0,0.25,0.0,1.5,336,1,14,6,8,42.857142857142854,3.468328749807091,17.484061313785674,1.2488615224132624,18.368722322421526,6.819967751731422,11836.872232242153,8,2,6,25.0,1.4896922544513018,2.465673445103169,0.30820918063789615,2.325176225267933,4.0564916129886806,10232.517622526793,33.610826965321955
breakout_retest,240,80,balanced_value,5,0.5,0.1,6,0.25,2.0,0.0,168,1,25,7,18,28.0,2.4043882038255546,7.356117688701769,0.29424470754807075,7.480047351923269,3.2308230583987934,10748.004735192326,14,6,8,42.857142857142854,1.6776969607095673,4.814435971826226,0.3438882837018733,4.771686763502991,4.726657860606939,10477.168676350298,32.76707022470002
failed_auction,240,80,balanced_value,10,0.5,0.0,0,0.25,0.0,1.0,336,1,16,6,10,37.5,2.541219071906702,12.473860238929916,0.7796162649331198,12.747918387211055,6.826075051084516,11274.791838721105,6,2,4,33.333333333333336,1.4395218471510485,1.7658928094420367,0.29431546824033944,1.6543659409472333,2.856029736166828,10165.436594094723,32.095617030176506
failed_auction,240,80,balanced_value,10,0.5,0.0,0,0.25,0.0,1.0,336,0,15,6,9,40.0,3.08786105002584,18.96392959434801,1.2642619729565339,19.700905516306456,7.757888948426589,11970.090551630645,6,2,4,33.333333333333336,1.4395218471510485,1.7658928094420367,0.29431546824033944,1.6543659409472333,2.856029736166828,10165.436594094723,32.03970819633598
breakout_retest,240,80,balanced_value,5,0.5,0.1,3,0.1,2.0,0.0,336,1,21,9,12,42.857142857142854,3.438853019788239,12.635725773902363,0.6017012273286839,13.241780233279531,2.8060799454013194,11324.178023327953,13,5,8,38.46153846153846,1.6050425026179294,3.728716719754142,0.2868243630580109,3.6662385719621327,3.72160745455007,10366.623857196213,31.93313059672547
breakout_retest,240,80,balanced_value,5,0.5,0.1,3,0.1,2.0,0.0,168,1,21,9,12,42.857142857142854,3.2329972064524464,11.569184418121703,0.5509135437200811,12.05766481555317,2.8060799454013194,11205.766481555316,13,5,8,38.46153846153846,1.6050425026179294,3.728716719754142,0.2868243630580109,3.6662385719621327,3.72160745455007,10366.623857196213,31.93313059672547
breakout_retest,240,80,balanced_value,5,0.5,0.1,6,0.0,2.0,0.0,336,1,24,10,14,41.666666666666664,3.1892142084054402,13.611346738179552,0.567139447424148,14.323231491784338,3.205511157439077,11432.323149178434,13,5,8,38.46153846153846,1.5893796499563586,3.6765347687444665,0.2828103668264974,3.6110007982458336,2.8549292715297763,10361.100079824582,31.531371046077638
breakout_retest,240,80,balanced_value,5,0.5,0.1,6,0.0,2.0,0.0,168,1,24,10,14,41.666666666666664,3.021466148659555,12.568380272362042,0.5236825113484184,13.154230896429642,3.205511157439077,11315.423089642964,13,5,8,38.46153846153846,1.5893796499563586,3.6765347687444665,0.2828103668264974,3.6110007982458336,2.8549292715297763,10361.100079824582,31.531371046077638
breakout_retest,240,80,balanced_value,5,0.5,0.1,6,0.0,1.5,0.0,72,1,24,13,11,54.166666666666664,2.7626680479755867,11.10051451182478,0.4625214379926992,11.570173064908307,3.205511157439077,11157.01730649083,13,7,6,53.84615384615385,1.590619415455053,3.6547634103641444,0.28113564695108806,3.6168387721386974,2.7897747001282185,10361.68387721387,31.366378589534094
breakout_retest,240,80,balanced_value,5,0.5,0.1,6,0.0,1.5,0.0,72,0,24,15,9,62.5,2.437433636803087,11.906243068277842,0.49609346117824343,12.439383655965774,3.326054827895243,11243.938365596578,13,7,6,53.84615384615385,1.590619415455053,3.6547634103641444,0.28113564695108806,3.6168387721386974,2.7897747001282185,10361.68387721387,31.359145969306724
breakout_retest,240,80,balanced_value,5,0.5,0.1,6,0.0,2.0,0.0,72,0,24,14,10,58.333333333333336,2.5475485827474507,14.406243068277707,0.6002601278449045,15.194144060728675,3.3260548278952426,11519.414406072869,13,6,7,46.15384615384615,1.5052178541534045,3.6547634103641746,0.28113564695109033,3.5778656082063653,3.5434031527804657,10357.786560820638,31.17530194721054
breakout_retest,240,80,balanced_value,5,0.5,0.1,3,0.25,2.0,0.0,72,0,19,10,9,52.63157894736842,2.1159172459722373,9.209619274483194,0.4847168039201681,9.426001651398263,4.172044529205732,10942.600165139826,13,6,7,46.15384615384615,1.5140205408920757,3.6499473578633013,0.2807651813741001,3.5754891845235726,3.8508857508095407,10357.548918452358,31.118142280403347
failed_auction,240,80,balanced_value,5,0.25,0.1,0,0.1,0.0,1.5,168,1,14,7,7,50.0,3.7927215847374276,16.888024596790682,1.2062874711993345,17.807577372652105,6.007008350018341,11780.75773726521,9,2,7,22.22222222222222,1.4232094521377865,2.5550202008985012,0.2838911334331668,2.3328221871032895,4.148944950437163,10233.282218710328,31.105370255890556
breakout_retest,240,80,balanced_value,5,0.5,0.1,3,0.1,2.0,0.0,72,0,20,11,9,55.0,2.3765623037777615,11.39941256163366,0.569970628081683,11.822710351533106,3.238812122696248,11182.271035153311,13,6,7,46.15384615384615,1.508516650447055,3.640503023417061,0.28003869410900467,3.565030010230452,4.138205192837648,10356.503001023046,31.03651613318584
failed_auction,240,80,balanced_value,5,0.25,0.1,0,0.1,0.0,1.0,72,1,15,9,6,60.0,3.135057969692349,12.898467195716252,0.8598978130477501,13.460512991040584,3.832086646638308,11346.051299104058,10,3,7,30.0,1.4616053912329015,2.7868259876665786,0.27868259876665785,2.5795858328425236,4.148944950437163,10257.958583284251,30.782323489385192
failed_auction,240,80,balanced_value,5,0.25,0.0,0,0.25,0.0,1.0,336,1,16,6,10,37.5,3.4544688506686985,17.45564170416733,1.0909776065104582,18.334967151807824,6.836705380862937,11833.496715180781,10,3,7,30.0,1.4636964767518548,2.80129586921021,0.280129586921021,2.6547900332089425,4.0564916129886806,10265.479003320894,30.76993885003387
failed_auction,240,80,balanced_value,5,0.5,0.0,0,0.25,0.0,1.0,336,1,17,6,11,35.294117647058826,2.5342730755795704,12.451677373790993,0.7324516102229995,12.722718316851434,7.771976885100755,11272.271831685142,10,3,7,30.0,1.4636964767518548,2.80129586921021,0.280129586921021,2.6547900332089425,4.0564916129886806,10265.479003320894,30.713822559779604
breakout_retest,240,80,balanced_value,5,0.5,0.1,6,0.25,2.0,0.0,336,0,23,13,10,56.52173913043478,2.5524712691705367,15.713796251367057,0.683208532668133,16.659405706636065,3.6242430006227946,11665.940570663606,14,6,8,42.857142857142854,1.4706790051664562,3.8144359718262266,0.2724597122733019,3.7239349833220414,5.679423029460824,10372.393498332205,30.117368876005674
breakout_retest,240,80,balanced_value,5,0.5,0.1,6,0.25,2.0,0.0,168,0,23,13,10,56.52173913043478,2.420673097527187,14.379762149329965,0.6252070499708681,15.136494832883528,3.6242430006227946,11513.649483288353,14,6,8,42.857142857142854,1.4706790051664562,3.8144359718262266,0.2724597122733019,3.7239349833220414,5.679423029460824,10372.393498332205,30.117368876005674
failed_auction,240,80,balanced_value,5,0.25,0.0,0,0.1,0.0,1.0,168,1,17,7,10,41.1764705882353,3.7519273394665347,16.822274606243816,0.9895455650731657,17.72993916848604,6.056150243329472,11772.993916848603,11,3,8,27.272727272727273,1.4266487431547512,3.0057745867161256,0.27325223515601144,2.7790488272113834,4.148944950437163,10277.904882721137,30.063642652289676
failed_auction,240,80,balanced_value,5,0.5,0.0,0,0.1,0.0,1.0,168,1,18,7,11,38.888888888888886,2.693254615332458,12.051137451081836,0.6695076361712131,12.345811217619996,6.999569873743193,11234.581121762,11,3,8,27.272727272727273,1.4266487431547512,3.0057745867161256,0.27325223515601144,2.7790488272113834,4.148944950437163,10277.904882721137,30.007037474464855
breakout_retest,240,80,balanced_value,5,0.5,0.1,6,0.1,2.0,0.0,168,0,24,14,10,58.333333333333336,2.631037201212493,16.54161831173511,0.6892340963222963,17.62572986668516,3.706850177404465,11762.572986668516,14,6,8,42.857142857142854,1.4555620096759765,3.7186320456703568,0.2656165746907398,3.6247180884564134,5.930492783847082,10362.471808845641,29.387756941505327
breakout_retest,240,80,balanced_value,5,0.5,0.1,6,0.1,2.0,0.0,336,0,24,14,10,58.333333333333336,2.7362003475943535,17.60815966751577,0.7336733194798238,18.86868313084358,3.706850177404465,11886.868313084358,14,6,8,42.857142857142854,1.4555620096759765,3.7186320456703568,0.2656165746907398,3.6247180884564134,5.930492783847082,10362.471808845641,29.387756941505327
breakout_retest,240,80,balanced_value,5,0.5,0.1,6,0.1,1.5,0.0,72,1,25,12,13,48.0,2.5026527473641735,9.491038027547699,0.37964152110190796,9.80210661725125,3.0128191271733646,10980.210661725125,14,7,7,50.0,1.5894432347015124,3.6304183493333024,0.2593155963809502,3.5927456908902533,3.1695835837153146,10359.274569089026,29.191076112585346
failed_auction,240,80,balanced_value,5,0.25,0.1,0,0.1,0.0,1.5,336,0,13,7,6,53.84615384615385,5.0393394821871595,24.402750905569135,1.8771346850437796,26.571227945724996,6.295840650732992,12657.1227945725,8,2,6,25.0,1.3494393133303084,2.108104311517433,0.26351303893967915,1.9299958853265853,4.148944950437126,10192.999588532659,28.892154539318174
breakout_retest,240,80,balanced_value,5,0.5,0.1,3,0.25,2.0,0.0,72,1,21,6,15,28.571428571428573,2.241191004221276,5.392290890377903,0.25677575668466207,5.4270786086775935,3.25204597072642,10542.707860867758,13,6,7,46.15384615384615,1.5140205408920757,3.6499473578633013,0.2807651813741001,3.5754891845235726,3.8508857508095407,10357.548918452358,28.738469338163313
breakout_retest,240,80,balanced_value,5,0.25,0.1,3,0.1,2.0,0.0,336,1,19,8,11,42.10526315789474,3.8107329564831005,11.714881398708785,0.6165727051951992,12.230302909550517,2.8060799454013194,11223.030290955052,11,4,7,36.36363636363637,1.5514519275517,2.810356888497168,0.2554869898633789,2.7444229452687097,2.5309384157512564,10274.44229452687,28.73172870969601
breakout_retest,240,80,balanced_value,5,0.25,0.1,3,0.1,2.0,0.0,168,1,19,8,11,42.10526315789474,3.5548393766748334,10.648340042928128,0.5604389496277962,11.056764028957677,2.8060799454013194,11105.676402895768,11,4,7,36.36363636363637,1.5514519275517,2.810356888497168,0.2554869898633789,2.7444229452687097,2.5309384157512564,10274.44229452687,28.73172870969601
failed_auction,240,80,balanced_value,5,0.25,0.0,0,0.1,0.0,1.0,336,0,14,7,7,50.0,5.771160744134071,33.72179760729633,2.408699829092595,37.757362427276895,7.257775759721843,13775.73624272769,10,3,7,30.0,1.3634405781404746,2.5588586973350576,0.25588586973350574,2.3744659841476556,4.148944950437126,10237.446598414766,28.11979111132805
failed_auction,240,80,balanced_value,5,0.5,0.0,0,0.1,0.0,1.0,336,0,15,7,8,46.666666666666664,4.4206210053637776,27.611516552319692,1.840767770154646,29.87656194681241,8.189128212736428,12987.65619468124,10,3,7,30.0,1.3634405781404746,2.5588586973350576,0.25588586973350574,2.3744659841476556,4.148944950437126,10237.446598414766,28.06390996414717
failed_auction,240,80,balanced_value,5,0.25,0.0,0,0.0,0.0,1.5,168,1,18,7,11,38.888888888888886,3.578133255052701,18.44401015311384,1.0246672307285467,19.49824712690278,7.466918987393939,11949.824712690277,12,3,9,25.0,1.3773198664902486,3.0512114306324905,0.2542676192193742,2.758631993647054,5.211899587356797,10275.863199364705,27.989881451420434
failed_auction,240,80,balanced_value,5,0.25,0.0,0,0.0,0.0,1.0,168,1,18,7,11,38.888888888888886,3.578133255052701,18.44401015311384,1.0246672307285467,19.49824712690278,7.466918987393939,11949.824712690277,12,3,9,25.0,1.3773198664902486,3.0512114306324905,0.2542676192193742,2.758631993647054,5.211899587356797,10275.863199364705,27.989881451420434
failed_auction,240,80,balanced_value,5,0.5,0.0,0,0.0,0.0,1.0,168,1,19,7,12,36.8421052631579,2.5900537048794425,12.972468942924886,0.6827615233118361,13.275795228368615,8.396406880044628,11327.579522836862,12,3,9,25.0,1.3773198664902486,3.0512114306324905,0.2542676192193742,2.758631993647054,5.211899587356797,10275.863199364705,27.934112177861394
failed_auction,240,80,balanced_value,5,0.5,0.0,0,0.0,0.0,1.5,168,1,19,7,12,36.8421052631579,2.5900537048794425,12.972468942924886,0.6827615233118361,13.275795228368615,8.396406880044628,11327.579522836862,12,3,9,25.0,1.3773198664902486,3.0512114306324905,0.2542676192193742,2.758631993647054,5.211899587356797,10275.863199364705,27.934112177861394
failed_auction,240,80,balanced_value,5,0.25,0.1,0,0.0,0.0,1.5,72,1,15,9,6,60.0,3.4403914342898605,14.75639136579383,0.9837594243862553,15.5271155910782,3.954993531426049,11552.71155910782,11,3,8,27.272727272727273,1.3912347226024098,2.7687052862900643,0.25170048057182404,2.496242165032836,5.211899587356797,10249.624216503284,27.888294192124615
failed_auction,240,80,balanced_value,5,0.25,0.1,0,0.0,0.0,1.0,72,1,15,9,6,60.0,3.4403914342898605,14.75639136579383,0.9837594243862553,15.5271155910782,3.954993531426049,11552.71155910782,11,3,8,27.272727272727273,1.3912347226024098,2.7687052862900643,0.25170048057182404,2.496242165032836,5.211899587356797,10249.624216503284,27.888294192124615
breakout_retest,240,80,balanced_value,5,0.25,0.1,3,0.1,2.0,0.0,72,0,18,10,8,55.55555555555556,2.4417460239529873,10.47856818644008,0.5821426770244489,10.823908181825992,2.996531147150964,11082.3908181826,11,5,6,45.45454545454545,1.4467939215735508,2.722143192160087,0.24746756292364427,2.644114345135362,2.9181754107611986,10264.411434513537,27.709042931661273
breakout_retest,240,80,balanced_value,5,0.25,0.1,3,0.25,2.0,0.0,72,1,19,6,13,31.57894736842105,2.265446626849765,5.438805918252499,0.28625294306592103,5.476136661002329,3.2220042463390692,10547.613666100233,11,5,6,45.45454545454545,1.444197025892338,2.6954815405713526,0.2450437764155775,2.617098541911256,2.767917494639052,10261.709854191125,27.447942103540885
breakout_retest,240,80,balanced_value,5,0.25,0.1,3,0.25,2.0,0.0,72,0,17,9,8,52.94117647058823,2.140091817819015,8.256134302357788,0.4856549589622228,8.41383434050551,4.172044529205729,10841.383434050551,11,5,6,45.45454545454545,1.444197025892338,2.6954815405713526,0.2450437764155775,2.617098541911256,2.767917494639052,10261.709854191125,27.390939686568885
breakout_retest,240,80,balanced_value,5,0.25,0.1,3,0.0,3.0,0.0,72,1,19,6,13,31.57894736842105,3.1629913744425364,9.482210275521908,0.4990636987116794,9.720678341759292,4.242997814563229,10972.067834175929,11,4,7,36.36363636363637,1.4086516586764446,2.5475485576005594,0.23159532341823266,2.4360295975943025,3.0093394041777586,10243.60295975943,25.97074645528116
failed_auction,1440,80,balanced_value,5,0.25,0.0,0,0.0,0.0,1.5,336,1,13,3,10,23.076923076923077,2.5243843117920353,3.137195127590842,0.24132270212237247,3.1111871979320416,6.143001780066306,10311.118719793203,5,2,3,40.0,1.3844193710009725,1.163434182563,0.23268683651259997,1.1102014521791048,2.8173443149445534,10111.02014521791,25.84811823338077
breakout_retest,240,80,balanced_value,5,0.5,0.1,3,0.0,3.0,0.0,168,1,20,7,13,35.0,3.389102915591585,12.539152318441282,0.6269576159220641,13.056920632181,4.242997814563236,11305.692063218099,12,3,9,25.0,1.4306499556676444,2.68869322082971,0.22405776840247582,2.55829891321675,4.054402238364651,10255.829891321675,25.26899181845523
breakout_retest,240,80,balanced_value,5,0.5,0.1,3,0.0,3.0,0.0,336,1,20,7,13,35.0,3.755694543254399,14.463200139039703,0.7231600069519851,15.210256019182978,4.242997814563236,11521.025601918298,12,3,9,25.0,1.4306499556676444,2.68869322082971,0.22405776840247582,2.55829891321675,4.054402238364651,10255.829891321675,25.26899181845523
breakout_retest,240,80,balanced_value,5,0.5,0.1,3,0.0,2.0,0.0,72,1,20,8,12,40.0,2.5819646228688202,8.467571522176987,0.4233785761088494,8.67049105876574,3.004969644259096,10867.049105876573,12,5,7,41.666666666666664,1.4278003021370897,2.666921862449418,0.2222434885374515,2.585358826283235,3.115797947414604,10258.535882628323,25.149496516920607
breakout_retest,240,80,balanced_value,5,0.5,0.1,3,0.25,2.0,0.0,336,1,21,7,14,33.333333333333336,3.310202929629753,9.720475255399732,0.4628797740666539,10.035068060486108,3.2220042463390857,11003.50680604861,13,5,8,38.46153846153846,1.3973002767454428,2.8224661683255072,0.21711278217888516,2.725427271732972,4.726657860606948,10272.542727173297,24.48618503270451
breakout_retest,240,80,balanced_value,5,0.5,0.1,3,0.25,2.0,0.0,168,1,21,7,14,33.333333333333336,2.9931516116872396,8.386441153362645,0.3993543406363164,8.598633504451957,3.2220042463390732,10859.863350445195,13,5,8,38.46153846153846,1.3973002767454428,2.8224661683255072,0.21711278217888516,2.725427271732972,4.726657860606948,10272.542727173297,24.48618503270451
failed_auction,240,80,balanced_value,10,0.5,0.0,0,0.0,0.0,1.5,336,1,16,6,10,37.5,3.172338349292627,17.545337115078578,1.096583569692411,18.310248391059858,7.64898534012247,11831.024839105987,7,2,5,28.571428571428573,1.3009047062809604,1.5226038335984218,0.21751483337120311,1.3716605843613339,3.9910864928254006,10137.166058436133,24.102297783442868
failed_auction,240,80,balanced_value,10,0.5,0.0,0,0.0,0.0,1.0,336,1,16,6,10,37.5,3.172338349292627,17.545337115078578,1.096583569692411,18.310248391059858,7.64898534012247,11831.024839105987,7,2,5,28.571428571428573,1.3009047062809604,1.5226038335984218,0.21751483337120311,1.3716605843613339,3.9910864928254006,10137.166058436133,24.102297783442868
failed_auction,240,80,balanced_value,10,0.5,0.0,0,0.0,0.0,1.5,336,0,15,6,9,40.0,4.31815440067805,30.061813556304603,2.0041209037536403,32.34530059239904,8.572606507489718,13234.530059239903,7,2,5,28.571428571428573,1.3009047062809604,1.5226038335984218,0.21751483337120311,1.3716605843613339,3.9910864928254006,10137.166058436133,24.046880513400833
failed_auction,240,80,balanced_value,10,0.5,0.0,0,0.0,0.0,1.0,336,0,15,6,9,40.0,4.31815440067805,30.061813556304603,2.0041209037536403,32.34530059239904,8.572606507489718,13234.530059239903,7,2,5,28.571428571428573,1.3009047062809604,1.5226038335984218,0.21751483337120311,1.3716605843613339,3.9910864928254006,10137.166058436133,24.046880513400833
breakout_retest,240,80,balanced_value,5,0.5,0.1,6,0.0,1.5,0.0,336,1,24,13,11,54.166666666666664,3.1305789637771695,13.11134673817967,0.5463061140908195,13.81298465879528,3.205511157439077,11381.298465879529,13,6,7,46.15384615384615,1.4322599159732974,2.6765347687444363,0.20588728990341817,2.6130093817347877,2.7897747001282185,10261.30093817348,23.524823885803592
breakout_retest,240,80,balanced_value,5,0.5,0.1,6,0.0,1.5,0.0,168,1,24,13,11,54.166666666666664,3.042347529340417,12.568380272362159,0.5236825113484233,13.20413664282578,3.205511157439077,11320.413664282578,13,6,7,46.15384615384615,1.4322599159732974,2.6765347687444363,0.20588728990341817,2.6130093817347877,2.7897747001282185,10261.30093817348,23.524823885803592
breakout_retest,240,80,balanced_value,5,0.5,0.1,3,0.1,3.0,0.0,336,0,19,11,8,57.89473684210526,3.8781143300768637,23.43663890924758,1.2335073110130306,25.789210118088967,4.662956510302583,12578.921011808896,13,4,9,30.76923076923077,1.297642041434712,2.728716719754143,0.20990128613493406,2.5399247945951275,5.930492783847094,10253.992479459514,23.49348886229353
breakout_retest,240,80,balanced_value,5,0.5,0.1,3,0.1,3.0,0.0,168,0,19,11,8,57.89473684210526,3.5290871268438093,20.59449172760341,1.0839206172422846,22.337490795630522,4.6629565103025845,12233.749079563051,13,4,9,30.76923076923077,1.297642041434712,2.728716719754143,0.20990128613493406,2.5399247945951275,5.930492783847094,10253.992479459514,23.49348886229353
breakout_retest,240,80,balanced_value,5,0.5,0.1,6,0.25,2.0,0.0,72,1,25,7,18,28.0,1.9205442371099894,4.942650756585239,0.19770603026340958,4.947085124894635,3.267094393934293,10494.708512489464,14,7,7,50.0,1.7945488048491554,5.64191716136402,0.4029940829545729,5.638681652907462,3.8508857508095353,10563.868165290745,23.399452511100915
breakout_retest,240,80,balanced_value,5,0.5,0.1,6,0.0,3.0,0.0,168,0,21,12,9,57.142857142857146,3.5713262779915795,23.55254820922194,1.1215499147248542,25.918552329838775,3.7753521011118085,12591.855232983877,13,4,9,30.76923076923077,1.2895636594564175,2.6765347687444665,0.2058872899034205,2.4849092760907743,5.105046586584079,10248.490927609078,23.125459247021368
breakout_retest,240,80,balanced_value,5,0.5,0.1,6,0.0,3.0,0.0,336,0,21,12,9,57.142857142857146,3.7813823057839366,25.476596029820364,1.2131712395152554,28.316856415035364,3.7753521011118085,12831.685641503536,13,4,9,30.76923076923077,1.2895636594564175,2.6765347687444665,0.2058872899034205,2.4849092760907743,5.105046586584079,10248.490927609078,23.125459247021368
breakout_retest,240,80,balanced_value,5,0.5,0.1,6,0.1,1.5,0.0,336,1,25,12,13,48.0,2.878160354837147,11.602752115882383,0.46411008463529535,12.121307214862199,3.0128191271733646,11212.13072148622,14,6,8,42.857142857142854,1.441140494233675,2.7186320456703825,0.19418800326217017,2.656701578100873,3.7216074545500786,10265.670157810087,22.348589887521584
breakout_retest,240,80,balanced_value,5,0.5,0.1,6,0.1,1.5,0.0,168,1,25,12,13,48.0,2.786453188884132,11.036210760101726,0.44144843040406906,11.495466813837352,3.0128191271733646,11149.546681383736,14,6,8,42.857142857142854,1.441140494233675,2.7186320456703825,0.19418800326217017,2.656701578100873,3.7216074545500786,10265.670157810087,22.348589887521584
breakout_retest,240,80,balanced_value,5,0.5,0.1,6,0.25,1.5,0.0,72,1,25,12,13,48.0,2.969329702298074,10.44265075658522,0.4177060302634088,10.858007255000057,2.866124298066872,11085.800725500005,14,7,7,50.0,1.3720600751544376,2.641917161363961,0.18870836866885438,2.5690863331948366,3.850885750809537,10256.908633319485,21.65470889225596
breakout_retest,240,80,balanced_value,5,0.5,0.1,6,0.25,1.5,0.0,72,0,25,16,9,64.0,2.5874885837704373,13.076827564974552,0.5230731025989821,13.755220768692844,3.052756067297742,11375.522076869283,14,7,7,50.0,1.3720600751544376,2.641917161363961,0.18870836866885438,2.5690863331948366,3.850885750809537,10256.908633319485,21.65470889225596
breakout_retest,240,80,balanced_value,5,0.5,0.1,6,0.1,1.5,0.0,72,0,25,15,10,60.0,2.155386855092025,10.722273574183841,0.42889094296735364,11.112601688626022,3.2014394057373203,11111.260168862602,14,7,7,50.0,1.367424918939342,2.6304183493333024,0.18788702495237875,2.556478619672342,4.138205192837663,10255.647861967234,21.54606504165652
failed_auction,1440,80,balanced_value,5,0.25,0.0,0,0.0,0.0,1.0,336,1,13,3,10,23.076923076923077,2.5243843117920353,3.137195127590842,0.24132270212237247,3.1111871979320416,6.143001780066306,10311.118719793203,7,3,4,42.857142857142854,1.3281509252387154,1.3219192387283516,0.18884560553262167,1.258690677951746,3.7910335677368088,10125.869067795174,21.3802264511036
failed_auction,240,80,balanced_value,5,0.25,0.0,0,0.0,0.0,1.5,336,0,15,7,8,46.666666666666664,5.865079044305563,39.37029245752126,2.6246861638347507,44.78390309711919,8.599253490307579,14478.39030971192,11,3,8,27.272727272727273,1.2598452141068532,2.100016321988708,0.19091057472624617,1.8786026092583175,5.211899587356786,10187.860260925832,21.34328335639867
failed_auction,240,80,balanced_value,5,0.25,0.0,0,0.0,0.0,1.0,336,0,15,7,8,46.666666666666664,5.865079044305563,39.37029245752126,2.6246861638347507,44.78390309711919,8.599253490307579,14478.39030971192,11,3,8,27.272727272727273,1.2598452141068532,2.100016321988708,0.19091057472624617,1.8786026092583175,5.211899587356786,10187.860260925832,21.34328335639867
failed_auction,240,80,balanced_value,5,0.5,0.0,0,0.0,0.0,1.5,336,0,16,7,9,43.75,4.538645655364094,32.19077148025068,2.0119232175156676,35.16130655592473,9.517367167387217,13516.130655592473,11,3,8,27.272727272727273,1.2598452141068532,2.100016321988708,0.19091057472624617,1.8786026092583175,5.211899587356786,10187.860260925832,21.28819653577389
failed_auction,240,80,balanced_value,5,0.5,0.0,0,0.0,0.0,1.0,336,0,16,7,9,43.75,4.538645655364094,32.19077148025068,2.0119232175156676,35.16130655592473,9.517367167387217,13516.130655592473,11,3,8,27.272727272727273,1.2598452141068532,2.100016321988708,0.19091057472624617,1.8786026092583175,5.211899587356786,10187.860260925832,21.28819653577389
failed_auction,1440,80,balanced_value,10,0.25,0.0,0,0.25,0.0,1.0,336,1,12,4,8,33.333333333333336,1.534169184529085,2.160928452245563,0.1800773710204636,2.101470272111361,3.486449243449437,10210.147027211136,2,1,1,50.0,1.8506903637005463,0.853012909473237,0.4265064547366185,0.8344048131845083,1.4877897487717384,10083.44048131845,20.976749745364376
breakout_retest,240,80,balanced_value,5,0.5,0.1,3,0.0,1.5,0.0,72,0,20,12,8,60.0,2.2729469795836166,9.273300078630125,0.4636650039315063,9.549340587272104,3.102290135764365,10954.93405872721,12,6,6,50.0,1.3501802935060856,2.166921862449364,0.1805768218707803,2.0977854999692402,3.4160449447919747,10209.778549996925,20.809575013148834
breakout_retest,240,80,balanced_value,5,0.5,0.1,3,0.0,1.5,0.0,72,1,20,10,10,50.0,2.5978104663317674,8.467571522177066,0.42337857610885327,8.702471421098279,2.8796503519099845,10870.247142109827,12,6,6,50.0,1.3501802935060856,2.166921862449364,0.1805768218707803,2.0977854999692402,3.4160449447919747,10209.778549996925,20.809575013148834
failed_auction,240,80,balanced_value,5,0.25,0.0,0,0.25,0.0,1.5,336,0,15,7,8,46.666666666666664,4.1936690503619145,25.855199364230444,1.723679957615363,28.031567592611516,7.768412966390553,12803.156759261152,8,2,6,25.0,1.2439976186783255,1.471210858595578,0.18390135732444726,1.3075054781404472,4.056491612988716,10130.750547814045,20.631748649551565
failed_auction,240,80,balanced_value,5,0.25,0.1,0,0.25,0.0,1.0,168,0,15,8,7,53.333333333333336,3.2649891465621046,16.031373970908447,1.0687582647272298,16.88093208255703,6.498373718391728,11688.093208255703,8,3,5,37.5,1.289741005976508,1.4555235297481242,0.18194044121851552,1.3632481921322048,4.056491612988716,10136.324819213221,20.603346168434683
failed_auction,240,80,balanced_value,5,0.5,0.0,0,0.25,0.0,1.5,336,0,16,7,9,43.75,3.2914270477733387,20.85123503385411,1.3032021896158819,21.959440026653134,8.694331006277539,12195.944002665314,8,2,6,25.0,1.2439976186783255,1.471210858595578,0.18390135732444726,1.3075054781404472,4.056491612988716,10130.750547814045,20.576193567158345
breakout_retest,1440,80,balanced_value,5,0.5,0.1,3,0.25,1.5,0.0,72,0,15,10,5,66.66666666666667,2.289149934998489,5.683213215157272,0.3788808810104848,5.755270632045129,2.737229897592436,10575.527063204512,8,3,5,37.5,1.4364246619858894,1.360181972449453,0.17002274655618163,1.3205160127050197,2.851720806888163,10132.051601270503,19.923743188910272
breakout_retest,1440,80,balanced_value,5,0.25,0.1,3,0.25,1.5,0.0,72,0,15,10,5,66.66666666666667,2.289149934998489,5.683213215157272,0.3788808810104848,5.755270632045129,2.737229897592436,10575.527063204512,8,3,5,37.5,1.4364246619858894,1.360181972449453,0.17002274655618163,1.3205160127050197,2.851720806888163,10132.051601270503,19.923743188910272
failed_auction,1440,80,balanced_value,10,0.25,0.0,0,0.0,0.0,1.0,336,1,13,3,10,23.076923076923077,1.7013120919799427,2.141558153567654,0.16473524258212724,2.084512892174706,6.143001780066297,10208.45128921747,4,2,2,50.0,1.7572834476135342,1.5188765145551302,0.37971912863878254,1.485482374465219,2.5048403065090863,10148.548237446521,19.668512126612043
breakout_retest,240,80,balanced_value,5,0.25,0.1,3,0.25,2.0,0.0,336,1,19,7,12,36.8421052631579,3.347206051389037,9.766990283274327,0.5140521201723329,10.086270334111669,3.222004246339078,11008.627033411167,11,4,7,36.36363636363637,1.3076648105552935,1.8680003510335585,0.1698182137303235,1.7749023065050773,3.4005343228451603,10177.490230650508,19.641609599751025
breakout_retest,240,80,balanced_value,5,0.25,0.1,3,0.25,2.0,0.0,168,1,19,7,12,36.8421052631579,3.0266105735351307,8.432956181237241,0.4438397990124864,8.649167366484045,3.2220042463390794,10864.916736648405,11,4,7,36.36363636363637,1.3076648105552935,1.8680003510335585,0.1698182137303235,1.7749023065050773,3.4005343228451603,10177.490230650508,19.641609599751025
breakout_retest,1440,80,balanced_value,5,0.25,0.1,3,0.1,1.5,0.0,72,0,15,11,4,73.33333333333333,3.4993310170289673,8.576629749359693,0.5717753166239795,8.848617361291522,2.03568615091694,10884.861736129153,8,3,5,37.5,1.4272215245291076,1.3366231068694385,0.16707788835867982,1.2968000860090978,2.347298174835019,10129.68000860091,19.641116452169715
breakout_retest,1440,80,balanced_value,5,0.5,0.1,3,0.1,1.5,0.0,72,0,15,11,4,73.33333333333333,3.4993310170289673,8.576629749359693,0.5717753166239795,8.848617361291522,2.03568615091694,10884.861736129153,8,3,5,37.5,1.4272215245291076,1.3366231068694385,0.16707788835867982,1.2968000860090978,2.347298174835019,10129.68000860091,19.641116452169715
failed_auction,1440,80,balanced_value,10,0.25,0.0,0,0.0,0.0,1.5,336,1,13,3,10,23.076923076923077,1.7013120919799427,2.141558153567654,0.16473524258212724,2.084512892174706,6.143001780066297,10208.45128921747,2,1,1,50.0,2.3552763777060925,1.3603914583897785,0.6801957291948892,1.3366605735506187,1.651809420267784,10133.666057355062,19.617429564235444
breakout_retest,240,80,balanced_value,5,0.5,0.1,3,0.1,1.5,0.0,72,1,21,9,12,42.857142857142854,2.2965929071355924,6.8940050100002335,0.32828595285715395,7.018070544584321,2.8060799454013194,10701.807054458432,13,6,7,46.15384615384615,1.3475370892842247,2.140503023417086,0.16465407872439122,2.0719599166292957,3.1695835837153257,10207.19599166293,19.23421276894618
failed_auction,240,80,balanced_value,5,0.25,0.0,0,0.1,0.0,1.0,72,1,19,9,10,47.36842105263158,2.662646142902415,11.826612931802957,0.6224533122001557,12.24496084175648,4.989427644292603,11224.496084175647,11,3,8,27.272727272727273,1.252515698818839,1.7789933345267774,0.1617266667751616,1.5457552713635359,4.907026241653959,10154.575527136354,18.626823081475077
failed_auction,240,80,balanced_value,5,0.5,0.0,0,0.1,0.0,1.0,72,1,20,9,11,45.0,2.021864512966434,8.294846859864707,0.41474234299323537,8.398846920743264,5.747253890339422,10839.884692074327,11,3,8,27.272727272727273,1.252515698818839,1.7789933345267774,0.1617266667751616,1.5457552713635359,4.907026241653959,10154.575527136354,18.58135350671227
failed_auction,240,80,balanced_value,5,0.25,0.0,0,0.25,0.0,1.5,336,1,16,6,10,37.5,3.4544688506686985,17.45564170416733,1.0909776065104582,18.334967151807824,6.836705380862937,11833.496715180781,9,2,7,22.22222222222222,1.241605701001421,1.459594985353122,0.16217722059479134,1.2957046683642393,4.0564916129886806,10129.570466836423,18.5209896479296
failed_auction,240,80,balanced_value,5,0.5,0.0,0,0.25,0.0,1.5,336,1,17,6,11,35.294117647058826,2.5342730755795704,12.451677373790993,0.7324516102229995,12.722718316851434,7.771976885100755,11272.271831685142,9,2,7,22.22222222222222,1.241605701001421,1.459594985353122,0.16217722059479134,1.2957046683642393,4.0564916129886806,10129.570466836423,18.46487335767533
failed_auction,240,80,balanced_value,5,0.25,0.1,0,0.25,0.0,1.0,168,1,15,7,8,46.666666666666664,2.8136839841471284,12.846976718614883,0.8564651145743255,13.273652171231687,6.498373718391728,11327.36521712317,9,3,6,33.333333333333336,1.2867656286512714,1.4439076565056677,0.16043418405618529,1.3514408891632135,4.0564916129886806,10135.144088916322,18.457305749116973
failed_auction,1440,80,balanced_value,5,0.5,0.0,0,0.1,0.0,1.5,336,0,12,7,5,58.333333333333336,4.896473268092235,19.7827032836547,1.648558606971225,20.81893440045215,4.717331380649069,12081.893440045214,5,2,3,40.0,1.2651248353668028,0.800381954545371,0.1600763909090742,0.7514188815953338,2.748973586068015,10075.141888159533,18.434024825724883
breakout_retest,240,80,balanced_value,5,0.25,0.1,3,0.1,1.5,0.0,72,1,19,8,11,42.10526315789474,2.5040171815519714,6.473160634806655,0.340692664989824,6.584997536981985,2.8060799454013194,10658.4997536982,11,5,6,45.45454545454545,1.3381648348598647,1.722143192160112,0.15655847201455564,1.6627418586789178,2.5309384157512564,10166.274185867893,18.41230273943001
failed_auction,1440,80,balanced_value,5,0.5,0.0,0,0.0,0.0,1.5,336,1,14,3,11,21.428571428571427,1.6977060923317908,2.1350720822763796,0.15250514873402712,2.077886228724224,6.143001780066324,10207.788622872422,5,2,3,40.0,1.3844193710009725,1.163434182563,0.23268683651259997,1.1102014521791048,2.8173443149445534,10111.02014521791,17.829949455523483
failed_auction,240,80,balanced_value,5,0.25,0.0,0,0.1,0.0,1.5,168,1,17,7,10,41.1764705882353,3.7519273394665347,16.822274606243816,0.9895455650731657,17.72993916848604,6.056150243329472,11772.993916848603,10,2,8,20.0,1.2196124837814637,1.5471875477587,0.15471875477587,1.3014785902221604,4.148944950437163,10130.147859022216,17.787520957829994
failed_auction,1440,80,balanced_value,5,0.5,0.0,0,0.0,0.0,1.0,336,1,14,3,11,21.428571428571427,1.6977060923317908,2.1350720822763796,0.15250514873402712,2.077886228724224,6.143001780066324,10207.788622872422,7,3,4,42.857142857142854,1.3281509252387154,1.3219192387283516,0.18884560553262167,1.258690677951746,3.7910335677368088,10125.869067795174,17.74618077124415
failed_auction,240,80,balanced_value,5,0.5,0.0,0,0.1,0.0,1.5,168,1,18,7,11,38.888888888888886,2.693254615332458,12.051137451081836,0.6695076361712131,12.345811217619996,6.999569873743193,11234.581121762,10,2,8,20.0,1.2196124837814637,1.5471875477587,0.15471875477587,1.3014785902221604,4.148944950437163,10130.147859022216,17.730915780005173
failed_auction,240,80,balanced_value,10,0.5,0.0,0,0.1,0.0,1.5,336,1,15,6,9,40.0,3.2978984848394184,16.22439099981466,1.0816260666543107,16.912264955144817,6.303541136987014,11691.226495514482,5,1,4,20.0,1.1885335334816447,0.7581246188845685,0.1516249237769137,0.6290512816364835,2.9297224177070156,10062.905128163648,17.340522923358243
failed_auction,240,80,balanced_value,10,0.5,0.0,0,0.1,0.0,1.5,336,0,14,6,8,42.857142857142854,4.179312413214447,25.58363162183504,1.8274022587025027,27.29613053209117,7.240599574757481,12729.613053209117,5,1,4,20.0,1.1885335334816447,0.7581246188845685,0.1516249237769137,0.6290512816364835,2.9297224177070156,10062.905128163648,17.284299417092015
failed_auction,240,80,balanced_value,5,0.25,0.1,0,0.1,0.0,1.5,72,1,15,9,6,60.0,3.135057969692349,12.898467195716252,0.8598978130477501,13.460512991040584,3.832086646638308,11346.051299104058,9,2,7,22.22222222222222,1.220007371211231,1.328238948709153,0.14758210541212813,1.1048831120175517,4.148944950437163,10110.488311201756,17.179547095908447
failed_auction,240,80,balanced_value,5,0.25,0.0,0,0.0,0.0,1.5,72,1,20,9,11,45.0,2.551078868766806,12.648485480881039,0.632424274044052,13.105531832714101,6.616395643019398,11310.55318327141,12,3,9,25.0,1.217522835835052,1.7590066732960057,0.1465838894413338,1.4613390295214579,5.904914468138734,10146.133902952146,16.952945812968476
failed_auction,240,80,balanced_value,5,0.25,0.0,0,0.0,0.0,1.0,72,1,20,9,11,45.0,2.551078868766806,12.648485480881039,0.632424274044052,13.105531832714101,6.616395643019398,11310.55318327141,12,3,9,25.0,1.217522835835052,1.7590066732960057,0.1465838894413338,1.4613390295214579,5.904914468138734,10146.133902952146,16.952945812968476
failed_auction,240,80,balanced_value,5,0.5,0.0,0,0.0,0.0,1.0,72,1,21,9,12,42.857142857142854,1.940601670281058,8.615092751301216,0.41024251196672457,8.70337767581566,7.554426979186273,10870.337767581566,12,3,9,25.0,1.217522835835052,1.7590066732960057,0.1465838894413338,1.4613390295214579,5.904914468138734,10146.133902952146,16.896663932798464
failed_auction,240,80,balanced_value,5,0.5,0.0,0,0.0,0.0,1.5,72,1,21,9,12,42.857142857142854,1.940601670281058,8.615092751301216,0.41024251196672457,8.70337767581566,7.554426979186273,10870.337767581566,12,3,9,25.0,1.217522835835052,1.7590066732960057,0.1465838894413338,1.4613390295214579,5.904914468138734,10146.133902952146,16.896663932798464
breakout_retest,1440,80,balanced_value,5,0.5,0.1,3,0.25,3.0,0.0,72,0,14,8,6,57.142857142857146,1.7220683804094805,3.9154069901094313,0.27967192786495937,3.885516733169103,4.227048337431432,10388.55167331691,8,2,6,25.0,1.28015467783305,1.1547322762796257,0.14434153453495321,1.0705186848152248,5.439905439837562,10107.051868481523,16.88779094050479
breakout_retest,1440,80,balanced_value,5,0.25,0.1,3,0.25,3.0,0.0,72,0,14,8,6,57.142857142857146,1.7220683804094805,3.9154069901094313,0.27967192786495937,3.885516733169103,4.227048337431432,10388.55167331691,8,2,6,25.0,1.28015467783305,1.1547322762796257,0.14434153453495321,1.0705186848152248,5.439905439837562,10107.051868481523,16.88779094050479
breakout_retest,240,80,balanced_value,5,0.5,0.1,3,0.0,2.0,0.0,168,1,20,9,11,45.0,3.230296386372628,11.603260648027035,0.5801630324013518,12.09471464975267,3.004969644259096,11209.471464975266,12,4,8,33.333333333333336,1.2707118202274412,1.68869322082971,0.1407244350691425,1.5915223086357067,4.054402238364658,10159.15223086357,16.62709794881341
breakout_retest,240,80,balanced_value,5,0.5,0.1,3,0.0,2.0,0.0,336,1,20,9,11,45.0,3.430767996067628,12.646227113844546,0.6323113556922273,13.252769343099624,3.004969644259096,11325.276934309963,12,4,8,33.333333333333336,1.2707118202274412,1.68869322082971,0.1407244350691425,1.5915223086357067,4.054402238364658,10159.15223086357,16.62709794881341
breakout_retest,240,80,balanced_value,5,0.25,0.1,3,0.0,3.0,0.0,72,0,17,9,8,52.94117647058823,3.031248737453042,14.838848644380018,0.8728734496694128,15.608778912514598,5.174319175668262,11560.877891251459,11,4,7,36.36363636363637,1.2139260668014746,1.54754855760056,0.14068623250914183,1.4111977065373704,3.6076397396946263,10141.119770653737,16.43450689895584
breakout_retest,240,80,balanced_value,5,0.5,0.1,3,0.25,2.0,0.0,168,0,19,11,8,57.89473684210526,2.529062835638054,12.410085613990843,0.6531624007363601,12.946328430692544,4.172044529205725,11294.632843069254,13,5,8,38.46153846153846,1.2248816258531372,1.8224661683255072,0.14018970525580826,1.6981387683346005,5.679423029460808,10169.813876833461,16.391874128480975
breakout_retest,240,80,balanced_value,5,0.5,0.1,3,0.25,2.0,0.0,336,0,19,11,8,57.89473684210526,2.6934309174020545,13.74411971602793,0.7233747218962069,14.440269964757736,4.172044529205734,11444.026996475774,13,5,8,38.46153846153846,1.2248816258531372,1.8224661683255072,0.14018970525580826,1.6981387683346005,5.679423029460808,10169.813876833461,16.391874128480975
breakout_retest,1440,80,balanced_value,5,0.25,0.1,6,0.25,3.0,0.0,336,0,14,5,9,35.714285714285715,1.2929320174735424,2.4583164378736466,0.17559403127668904,2.315369098572151,7.756954550814997,10231.536909857216,9,3,6,33.333333333333336,1.2120448437256053,1.276337478586682,0.1418152753985202,1.156308815718332,6.208434019882085,10115.630881571833,16.370458463553735
breakout_retest,240,80,balanced_value,5,0.5,0.1,3,0.0,2.0,0.0,72,0,20,11,9,55.0,2.2962709904197784,10.773300078630054,0.5386650039315027,11.135501923416058,3.394017531194926,11113.550192341607,12,5,7,41.666666666666664,1.2304276889715757,1.6669218624494182,0.13891015520411817,1.5590329554573623,4.085086003513027,10155.903295545737,16.363260673890345
failed_auction,240,80,balanced_value,10,0.25,0.0,0,0.1,0.0,1.0,168,1,15,6,9,40.0,3.036126245112646,12.374243892055926,0.8249495928037284,12.718339384350053,5.081264232399602,11271.833938435006,5,2,3,40.0,1.2248931251927013,0.6783955407738165,0.1356791081547633,0.6299287990389368,2.9297224177070156,10062.992879903893,15.891997158840562
failed_auction,240,80,balanced_value,10,0.25,0.0,0,0.1,0.0,1.0,168,0,14,6,8,42.857142857142854,3.571206251540313,20.733484514076302,1.4809631795768787,21.502099765719773,6.970481407233181,12150.209976571978,5,2,3,40.0,1.2248931251927013,0.6783955407738165,0.1356791081547633,0.6299287990389368,2.9297224177070156,10062.992879903893,15.778644128350548
breakout_retest,240,80,balanced_value,5,0.5,0.1,3,0.1,2.0,0.0,336,0,20,12,8,60.0,2.9223094628591246,15.641133325535762,0.782056666276788,16.61053397118748,2.9965311471509755,11661.053397118749,13,5,8,38.46153846153846,1.2117815512101007,1.7287167197541422,0.1329782092118571,1.6029062847204623,5.930492783847089,10160.290628472047,15.629460189536612
breakout_retest,240,80,balanced_value,5,0.5,0.1,3,0.1,2.0,0.0,168,0,20,12,8,60.0,2.7912305635187193,14.574591969755101,0.7287295984877551,15.391193098409438,2.9965311471509755,11539.119309840944,13,5,8,38.46153846153846,1.2117815512101007,1.7287167197541422,0.1329782092118571,1.6029062847204623,5.930492783847089,10160.290628472047,15.629460189536612
breakout_retest,240,80,balanced_value,5,0.5,0.1,6,0.25,1.5,0.0,336,1,25,12,13,48.0,3.4539464972508735,12.690151790738835,0.5076060716295534,13.351867156510334,2.7826050354363567,11335.186715651034,14,6,8,42.857142857142854,1.2554063966588123,1.8144359718261671,0.1296025694161548,1.727284142270613,4.7266578606069505,10172.728414227062,15.458275283406907
breakout_retest,240,80,balanced_value,5,0.5,0.1,6,0.25,1.5,0.0,168,1,25,12,13,48.0,3.3379600317454012,12.090348227545967,0.48361392910183865,12.682011554755611,2.7826050354363567,11268.20115547556,14,6,8,42.857142857142854,1.2554063966588123,1.8144359718261671,0.1296025694161548,1.727284142270613,4.7266578606069505,10172.728414227062,15.458275283406907
breakout_retest,240,80,balanced_value,5,0.5,0.1,6,0.0,1.5,0.0,336,0,24,15,9,62.5,2.4346098842608943,13.111346738179677,0.5463061140908199,13.770368357315954,3.3260548278952666,11377.036835731595,13,6,7,46.15384615384615,1.233112460538571,1.6765347687444356,0.1289642129803412,1.5868388652574783,3.5784494165297804,10158.683886525747,15.411844987080999
breakout_retest,240,80,balanced_value,5,0.5,0.1,6,0.0,1.5,0.0,168,0,24,15,9,62.5,2.375199888153038,12.568380272362166,0.5236825113484236,13.161748319293597,3.326054827895249,11316.17483192936,13,6,7,46.15384615384615,1.233112460538571,1.6765347687444356,0.1289642129803412,1.5868388652574783,3.5784494165297804,10158.683886525747,15.411844987080999
breakout_retest,240,80,balanced_value,5,0.5,0.1,6,0.0,2.0,0.0,336,0,24,14,10,58.333333333333336,2.732479711702674,17.611346738179552,0.7338061140908146,18.871568780355897,3.7753521011118036,11887.15687803559,13,5,8,38.46153846153846,1.203513002749092,1.6765347687444667,0.1289642129803436,1.548629240534538,5.1050465865841,10154.862924053454,15.261050241299023
breakout_retest,240,80,balanced_value,5,0.5,0.1,6,0.0,2.0,0.0,168,0,24,14,10,58.333333333333336,2.629880048606048,16.56838027236204,0.6903491780150851,17.656059623890428,3.7753521011118036,11765.605962389043,13,5,8,38.46153846153846,1.203513002749092,1.6765347687444667,0.1289642129803436,1.548629240534538,5.1050465865841,10154.862924053454,15.261050241299023
failed_auction,1440,80,balanced_value,5,0.5,0.0,0,0.1,0.0,1.0,336,0,12,7,5,58.333333333333336,4.896473268092235,19.7827032836547,1.648558606971225,20.81893440045215,4.717331380649069,12081.893440045214,7,3,4,42.857142857142854,1.21702402102544,0.8725899322381068,0.12465570460544383,0.8133287746014073,3.7232533820990925,10081.332877460141,14.824522773924302
failed_auction,240,80,balanced_value,5,0.25,0.0,0,0.1,0.0,1.5,336,0,14,7,7,50.0,5.771160744134071,33.72179760729633,2.408699829092595,37.757362427276895,7.257775759721843,13775.73624272769,9,2,7,22.22222222222222,1.1562741108169852,1.100271658377632,0.12225240648640355,0.9027121034502095,4.148944950437126,10090.271210345021,14.332580833990422
failed_auction,240,80,balanced_value,5,0.5,0.0,0,0.1,0.0,1.5,336,0,15,7,8,46.666666666666664,4.4206210053637776,27.611516552319692,1.840767770154646,29.87656194681241,8.189128212736428,12987.65619468124,9,2,7,22.22222222222222,1.1562741108169852,1.100271658377632,0.12225240648640355,0.9027121034502095,4.148944950437126,10090.271210345021,14.276699686809547
failed_auction,240,80,balanced_value,5,0.25,0.1,0,0.1,0.0,1.0,168,0,14,8,6,57.142857142857146,4.36380388131644,20.321656194766035,1.4515468710547168,21.852893598429503,6.007008350018341,12185.28935984295,9,3,6,33.333333333333336,1.1696940298152292,1.0237334559838287,0.11374816177598096,0.906844495111736,4.148944950437126,10090.684449511175,13.58404224552686
breakout_retest,1440,80,balanced_value,5,0.25,0.1,6,0.1,1.5,0.0,336,0,16,11,5,68.75,3.145889573109111,10.791059347314953,0.6744412092071845,11.239499009553654,3.1959247316017487,11123.949900955366,9,4,5,44.44444444444444,1.188613383732595,0.9461460291113399,0.10512733656792667,0.8806655456172097,3.8022731374807504,10088.066554561721,12.892082545308417
breakout_retest,240,80,balanced_value,5,0.5,0.1,3,0.0,1.5,0.0,168,1,20,11,9,55.0,3.059092740406048,10.603260648027096,0.5301630324013548,11.03105566875513,2.8796503519099845,11103.105566875513,12,5,7,41.666666666666664,1.191973755676221,1.188693220829656,0.09905776840247132,1.108672543093614,3.890948665532542,10110.867254309362,12.312762367413775
breakout_retest,240,80,balanced_value,5,0.5,0.1,3,0.0,1.5,0.0,336,1,20,11,9,55.0,3.1645337311692803,11.146227113844606,0.5573113556922303,11.62821616093941,2.8796503519099845,11162.821616093941,12,5,7,41.666666666666664,1.191973755676221,1.188693220829656,0.09905776840247132,1.108672543093614,3.890948665532542,10110.867254309362,12.312762367413775
breakout_retest,240,80,balanced_value,5,0.5,0.1,3,0.1,1.5,0.0,168,1,21,10,11,47.61904761904762,2.75331945452228,9.069184418121687,0.43186592467246127,9.35315518381521,2.8060799454013194,10935.315518381522,13,5,8,38.46153846153846,1.1993784712016347,1.228716719754167,0.09451667075032054,1.1496573314084602,3.7216074545501154,10114.965733140845,11.89103330312384
breakout_retest,240,80,balanced_value,5,0.5,0.1,3,0.1,1.5,0.0,336,1,21,10,11,47.61904761904762,2.8628472725801886,9.635725773902342,0.4588440844715401,9.966970475587056,2.8060799454013194,10996.697047558706,13,5,8,38.46153846153846,1.1993784712016347,1.228716719754167,0.09451667075032054,1.1496573314084602,3.7216074545501154,10114.965733140845,11.89103330312384
breakout_retest,240,80,balanced_value,5,0.5,0.1,3,0.25,1.5,0.0,72,0,21,13,8,61.904761904761905,2.454479183753218,10.526467698767185,0.5012603666079611,10.922452033463358,2.884553963452462,11092.245203346336,13,6,7,46.15384615384615,1.1619465994798115,1.1499473578632573,0.08845748906640441,1.0612825150399186,3.8508857508095344,10106.128251503991,11.20249469351302
breakout_retest,240,80,balanced_value,5,0.5,0.1,3,0.25,1.5,0.0,72,1,21,9,12,42.857142857142854,2.8343553181247505,7.892290890377856,0.37582337573227886,8.097385853364614,3.2520459707264178,10809.738585336461,13,6,7,46.15384615384615,1.1619465994798115,1.1499473578632573,0.08845748906640441,1.0612825150399186,3.8508857508095344,10106.128251503991,11.20249469351302
breakout_retest,240,80,balanced_value,5,0.5,0.1,3,0.1,1.5,0.0,72,0,21,12,9,57.142857142857146,1.9811821266155625,8.125240556636378,0.38691621698268464,8.295337969749372,2.9965311471509684,10829.533796974938,13,6,7,46.15384615384615,1.1593089673493604,1.140503023417086,0.08773100180131431,1.0509056888371893,4.138205192837664,10105.09056888372,11.107331536221416
breakout_retest,1440,80,balanced_value,5,0.25,0.1,6,0.25,1.5,0.0,336,0,16,10,6,62.5,2.2431999991022336,7.510523938296876,0.46940774614355474,7.664711180866424,3.1286007365722104,10766.471118086643,9,4,5,44.44444444444444,1.1548318758433005,0.7763374785866819,0.08625971984296466,0.7119220911635082,3.6758944163556997,10071.19220911635,10.945340580301131
failed_auction,240,80,balanced_value,10,0.5,0.0,0,0.25,0.0,1.5,336,1,16,6,10,37.5,2.541219071906702,12.473860238929916,0.7796162649331198,12.747918387211055,6.826075051084516,11274.791838721105,5,1,4,20.0,1.1055792388319232,0.4241919255849489,0.08483838511698978,0.3085255668330289,2.856029736166828,10030.852556683303,10.46460843322056
failed_auction,240,80,balanced_value,10,0.5,0.0,0,0.25,0.0,1.5,336,0,15,6,9,40.0,3.08786105002584,18.96392959434801,1.2642619729565339,19.700905516306456,7.757888948426589,11970.090551630645,5,1,4,20.0,1.1055792388319232,0.4241919255849489,0.08483838511698978,0.3085255668330289,2.856029736166828,10030.852556683303,10.408699599380034
failed_auction,240,80,balanced_value,10,0.25,0.0,0,0.25,0.0,1.0,168,1,16,6,10,37.5,2.2852376132399783,9.129225217389429,0.5705765760868393,9.212710103468492,5.569137231124836,10921.271010346849,5,2,3,40.0,1.134826476357396,0.4063453801099597,0.08126907602199193,0.3615295629375126,2.856029736166828,10036.15295629375,10.241588267969302
failed_auction,240,80,balanced_value,10,0.25,0.0,0,0.25,0.0,1.0,168,0,15,6,9,40.0,2.6078258636931935,14.619294572807526,0.9746196381871683,14.788012534030127,7.448545207415982,11478.801253403013,5,2,3,40.0,1.134826476357396,0.4063453801099597,0.08126907602199193,0.3615295629375126,2.856029736166828,10036.15295629375,10.128823789391832
breakout_retest,240,80,balanced_value,5,0.25,0.1,3,0.25,2.0,0.0,336,0,17,10,7,58.8235294117647,2.8002758869824658,12.790634743902524,0.7523902790530896,13.381721735269391,4.172044529205731,11338.17217352694,11,4,7,36.36363636363637,1.1227455254960481,0.8680003510335588,0.07890912282123262,0.7571193694976719,4.3665611689741555,10075.711936949767,10.122900327955707
breakout_retest,240,80,balanced_value,5,0.25,0.1,3,0.25,2.0,0.0,168,0,17,10,7,58.8235294117647,2.612511208028236,11.456600641865437,0.673917684815614,11.901598843595895,4.172044529205731,11190.15988435959,11,4,7,36.36363636363637,1.1227455254960481,0.8680003510335588,0.07890912282123262,0.7571193694976719,4.3665611689741555,10075.711936949767,10.122900327955707
breakout_retest,240,80,balanced_value,5,0.25,0.1,3,0.1,1.5,0.0,168,1,19,9,10,47.36842105263158,3.079188903979993,8.64834004292811,0.45517579173305844,8.910632724147627,2.8060799454013194,10891.063272414764,11,4,7,36.36363636363637,1.1590092952235471,0.8103568884971926,0.07366880804519932,0.744136889072311,2.5309384157512564,10074.41368890723,9.765025263221746
breakout_retest,240,80,balanced_value,5,0.25,0.1,3,0.1,1.5,0.0,336,1,19,9,10,47.36842105263158,3.2153938282472976,9.214881398708766,0.4849937578267771,9.521964072477317,2.8060799454013194,10952.196407247731,11,4,7,36.36363636363637,1.1590092952235471,0.8103568884971926,0.07366880804519932,0.744136889072311,2.5309384157512564,10074.41368890723,9.765025263221746
breakout_retest,240,80,balanced_value,5,0.25,0.1,3,0.1,2.0,0.0,168,0,18,11,7,61.111111111111114,2.9167096390382308,13.653747594561523,0.7585415330311958,14.360517185891531,2.9965311471509675,11436.051718589153,11,4,7,36.36363636363637,1.1141945036239511,0.8103568884971677,0.07366880804519706,0.6994381159038277,4.512552067408734,10069.943811590383,9.573007352701882
breakout_retest,240,80,balanced_value,5,0.25,0.1,3,0.1,2.0,0.0,336,0,18,11,7,61.111111111111114,3.0664304452051727,14.720288950342184,0.8177938305745658,15.56896688722944,2.9965311471509675,11556.896688722944,11,4,7,36.36363636363637,1.1141945036239511,0.8103568884971677,0.07366880804519706,0.6994381159038277,4.512552067408734,10069.943811590383,9.573007352701882
breakout_retest,240,80,balanced_value,5,0.25,0.1,3,0.1,3.0,0.0,168,0,17,10,7,58.8235294117647,3.6190426264536146,18.67364735240983,1.0984498442594017,20.06688137222681,4.662956510302574,12006.688137222682,11,3,8,27.272727272727273,1.1000276240418678,0.8103568884971681,0.0736688080451971,0.6412981521614292,5.297043353342237,10064.129815216143,9.49760411638171
breakout_retest,240,80,balanced_value,5,0.25,0.1,3,0.1,3.0,0.0,336,0,17,10,7,58.8235294117647,4.01766344642002,21.515794534054002,1.265634972591412,23.454536061925978,4.6629565103025685,12345.453606192597,11,3,8,27.272727272727273,1.1000276240418678,0.8103568884971681,0.0736688080451971,0.6412981521614292,5.297043353342237,10064.129815216143,9.49760411638171
failed_auction,1440,80,balanced_value,5,0.25,0.0,0,0.25,0.0,1.0,336,1,12,4,8,33.333333333333336,2.0358022173729666,3.157737798712286,0.2631448165593572,3.129521831741311,3.4864492434494,10312.952183174131,5,2,3,40.0,1.1193274644228344,0.35962106289854723,0.07192421257970945,0.31647158671652686,2.665539635759161,10031.647158671653,9.401065179132456
failed_auction,1440,80,balanced_value,5,0.25,0.0,0,0.25,0.0,1.5,336,1,12,4,8,33.333333333333336,2.0358022173729666,3.157737798712286,0.2631448165593572,3.129521831741311,3.4864492434494,10312.952183174131,5,2,3,40.0,1.1193274644228344,0.35962106289854723,0.07192421257970945,0.31647158671652686,2.665539635759161,10031.647158671653,9.401065179132456
failed_auction,1440,80,balanced_value,5,0.5,0.0,0,0.25,0.0,1.0,336,1,13,4,9,30.76923076923077,1.5322949210528298,2.155980222709273,0.1658446325160979,2.0964140336961368,3.4864492434494325,10209.641403369615,5,2,3,40.0,1.1193274644228344,0.35962106289854723,0.07192421257970945,0.31647158671652686,2.665539635759161,10031.647158671653,9.401065179132452
failed_auction,1440,80,balanced_value,5,0.5,0.0,0,0.25,0.0,1.5,336,1,13,4,9,30.76923076923077,1.5322949210528298,2.155980222709273,0.1658446325160979,2.0964140336961368,3.4864492434494325,10209.641403369615,5,2,3,40.0,1.1193274644228344,0.35962106289854723,0.07192421257970945,0.31647158671652686,2.665539635759161,10031.647158671653,9.401065179132452
failed_auction,1440,80,balanced_value,5,0.5,0.0,0,0.25,0.0,1.0,336,0,12,7,5,58.333333333333336,3.856332617775884,14.371300754327262,1.1976083961939386,14.907470788620603,4.451701062559332,11490.747078862061,5,2,3,40.0,1.1193274644228344,0.35962106289854723,0.07192421257970945,0.31647158671652686,2.665539635759161,10031.647158671653,9.343150069985859
failed_auction,1440,80,balanced_value,5,0.5,0.0,0,0.25,0.0,1.5,336,0,12,7,5,58.333333333333336,3.856332617775884,14.371300754327262,1.1976083961939386,14.907470788620603,4.451701062559332,11490.747078862061,5,2,3,40.0,1.1193274644228344,0.35962106289854723,0.07192421257970945,0.31647158671652686,2.665539635759161,10031.647158671653,9.343150069985859
breakout_retest,240,80,balanced_value,5,0.25,0.1,3,0.1,1.5,0.0,72,0,19,11,8,57.89473684210526,2.0600477435388447,7.7043961814427995,0.4054945358654105,7.857096208472836,2.9965311471509812,10785.709620847283,11,5,6,45.45454545454545,1.1185276328196492,0.722143192160112,0.06564938110546473,0.6457811530304003,2.9181754107612026,10064.57811530304,8.870692172335513
breakout_retest,240,80,balanced_value,5,0.25,0.1,3,0.25,1.5,0.0,72,1,19,8,11,42.10526315789474,2.508874103489818,6.438805918252473,0.33888452201328806,6.549266545190369,2.5732905629735017,10654.926654519037,11,5,6,45.45454545454545,1.1146106279100412,0.6954815405713344,0.06322559459739403,0.6194512922893747,2.7679174946390366,10061.945129228938,8.634196330859941
breakout_retest,240,80,balanced_value,5,0.25,0.1,3,0.25,1.5,0.0,72,0,19,11,8,57.89473684210526,2.0463857440148883,7.572982726641802,0.3985780382443054,7.717541468349842,2.8845539634524915,10771.754146834985,11,5,6,45.45454545454545,1.1146106279100412,0.6954815405713344,0.06322559459739403,0.6194512922893747,2.7679174946390366,10061.945129228938,8.627198142731135
failed_auction,1440,80,balanced_value,10,0.25,0.0,0,0.0,0.0,1.0,168,1,13,3,10,23.076923076923077,1.384890973578742,1.175320391774625,0.09040926090574039,1.1353572737904605,6.143001780066297,10113.535727379045,4,2,2,50.0,1.1301071478906914,0.26095472168272216,0.06523868042068054,0.2383584505699421,2.5048403065090863,10023.835845056994,8.576446022288868
breakout_retest,240,80,balanced_value,5,0.25,0.1,3,0.0,2.0,0.0,72,1,19,8,11,42.10526315789474,3.185884572771879,9.482210275521869,0.4990636987116773,9.784406189089779,3.004969644259096,10978.440618908979,11,4,7,36.36363636363637,1.1097326881541278,0.6840773688135631,0.062188851710323914,0.5907996934572335,3.009339404177767,10059.079969345723,8.50628084806878
breakout_retest,240,80,balanced_value,5,0.25,0.1,3,0.0,1.5,0.0,72,1,19,10,9,52.63157894736842,3.212964298206645,9.482210275521947,0.49906369871168144,9.816714362672041,2.8796503519099845,10981.671436267205,11,5,6,45.45454545454545,1.1105487087204942,0.6840773688135089,0.06218885171031899,0.6059556266891475,3.4160449447919747,10060.595562668914,8.483510556764168
breakout_retest,240,80,balanced_value,5,0.25,0.1,3,0.0,1.5,0.0,72,0,19,12,7,63.1578947368421,2.6407494532572637,10.287938831975008,0.5414704648407899,10.672264269757314,3.1022901357643633,11067.22642697573,11,5,6,45.45454545454545,1.1105487087204942,0.6840773688135089,0.06218885171031899,0.6059556266891475,3.4160449447919747,10060.595562668914,8.483510556764168
breakout_retest,240,80,balanced_value,5,0.5,0.1,6,0.25,1.5,0.0,168,0,25,16,9,64.0,2.5473505559660987,14.090348227545965,0.5636139291018386,14.884645902243854,3.624243000622797,11488.464590224386,14,6,8,42.857142857142854,1.1004966175398632,0.8144359718261667,0.05817399798758333,0.7099774027731209,5.679423029460813,10070.997740277311,7.9484326721806315
breakout_retest,240,80,balanced_value,5,0.5,0.1,6,0.25,1.5,0.0,336,0,25,16,9,64.0,2.613218791583053,14.690151790738833,0.5876060716295534,15.567595403689683,3.624243000622797,11556.759540368968,14,6,8,42.857142857142854,1.1004966175398632,0.8144359718261667,0.05817399798758333,0.7099774027731209,5.679423029460813,10070.997740277311,7.9484326721806315
breakout_retest,1440,80,balanced_value,5,0.25,0.1,6,0.25,1.5,0.0,72,0,17,12,5,70.58823529411765,2.716902458938962,7.568958799031673,0.4452328705312749,7.7589454723799856,2.737229897592433,10775.894547237998,9,4,5,44.44444444444444,1.1143605849965013,0.4704930158793763,0.05227700176437514,0.41792159742513046,3.7517301950621924,10041.792159742514,7.46157604402619
breakout_retest,1440,80,balanced_value,5,0.25,0.1,6,0.1,1.5,0.0,72,0,17,13,4,76.47058823529412,4.147662348341087,10.801424202630411,0.6353778942723771,11.283682106309122,2.0356861509169377,11128.368210630913,9,4,5,44.44444444444444,1.112093092272262,0.46252024472237085,0.05139113830248565,0.41003613056085353,3.653660166283272,10041.003613056086,7.374338914115497
breakout_retest,240,80,balanced_value,5,0.5,0.1,6,0.1,1.5,0.0,336,0,25,15,10,60.0,2.193355968324647,12.102752115882373,0.4841100846352949,12.623052896359077,3.7068501774044402,11262.305289635908,14,6,8,42.857142857142854,1.088038142769283,0.7186320456703821,0.05133086040502729,0.6134627205359511,5.9304927838471,10061.346272053595,7.2241377791206896
breakout_retest,240,80,balanced_value,5,0.5,0.1,6,0.1,1.5,0.0,168,0,25,15,10,60.0,2.137493838641237,11.536210760101715,0.46144843040406863,11.994411843733621,3.7068501774044402,11199.441184373361,14,6,8,42.857142857142854,1.088038142769283,0.7186320456703821,0.05133086040502729,0.6134627205359511,5.9304927838471,10061.346272053595,7.2241377791206896
failed_auction,1440,80,balanced_value,10,0.25,0.0,0,0.0,0.0,1.5,168,1,13,3,10,23.076923076923077,1.384890973578742,1.175320391774625,0.09040926090574039,1.1353572737904605,6.143001780066297,10113.535727379045,2,1,1,50.0,1.1020843789121664,0.10246966551737047,0.051234832758685234,0.09136547505947945,1.651809420267784,10009.136547505948,7.068933155755689
failed_auction,1440,80,balanced_value,5,0.25,0.0,0,0.1,0.0,1.0,336,1,15,3,12,20.0,1.1721766570196792,0.7082354825281131,0.047215698835207535,0.6351075492954994,6.55552812277518,10063.51075492955,7,3,4,42.857142857142854,1.21702402102544,0.8725899322381068,0.12465570460544383,0.8133287746014073,3.7232533820990925,10081.332877460141,6.8805356643615845
failed_auction,240,80,balanced_value,5,0.25,0.0,0,0.25,0.0,1.0,168,0,17,8,9,47.05882352941177,3.35669811063669,21.476028546364894,1.2632957968449938,22.791792134525004,8.391320411480589,12279.1792134525,9,3,6,33.333333333333336,1.074539639349134,0.449445069998077,0.04993834111089744,0.34345438596818934,4.056491612988716,10034.345438596818,6.869692674398581
failed_auction,1440,80,balanced_value,5,0.25,0.0,0,0.1,0.0,1.5,336,1,15,3,12,20.0,1.1721766570196792,0.7082354825281131,0.047215698835207535,0.6351075492954994,6.55552812277518,10063.51075492955,5,2,3,40.0,1.2651248353668028,0.800381954545371,0.1600763909090742,0.7514188815953338,2.748973586068015,10075.141888159533,6.851767457116407
failed_auction,240,80,balanced_value,5,0.5,0.0,0,0.25,0.0,1.0,168,0,18,8,10,44.44444444444444,2.7237497287197394,17.438602656919677,0.9688112587177599,18.00305964412756,9.310985048827936,11800.305964412757,9,3,6,33.333333333333336,1.074539639349134,0.449445069998077,0.04993834111089744,0.34345438596818934,4.056491612988716,10034.345438596818,6.81451279615774
failed_auction,240,80,balanced_value,5,0.25,0.0,0,0.25,0.0,1.0,168,1,18,7,11,38.888888888888886,2.795759047302486,12.801561938653235,0.7111978854807353,13.222104399815438,6.531057020678029,11322.210439981543,10,3,7,30.0,1.072473549897432,0.4378291967556205,0.04378291967556205,0.33176587373104915,4.0564916129886806,10033.176587373106,6.371165173390224
failed_auction,240,80,balanced_value,5,0.5,0.0,0,0.25,0.0,1.0,168,1,19,7,12,36.8421052631579,2.0776442197196427,8.764136049208016,0.46127031837936927,8.806578243339413,7.469396945829514,10880.65782433394,10,3,7,30.0,1.072473549897432,0.4378291967556205,0.04378291967556205,0.33176587373104915,4.0564916129886806,10033.176587373106,6.314864777881135
failed_auction,240,80,balanced_value,5,0.25,0.1,0,0.0,0.0,1.0,168,0,14,8,6,57.142857142857146,4.831449159732362,23.167743708953388,1.6548388363538133,25.205244405821368,6.4532033158297715,12520.524440582138,10,3,7,30.0,1.0609638883023467,0.4311426278959465,0.04311426278959465,0.2931619044037159,5.211899587356786,10029.316190440371,6.285951383894208
failed_auction,240,80,balanced_value,5,0.25,0.1,0,0.0,0.0,1.5,168,0,14,8,6,57.142857142857146,4.831449159732362,23.167743708953388,1.6548388363538133,25.205244405821368,6.4532033158297715,12520.524440582138,10,3,7,30.0,1.0609638883023467,0.4311426278959465,0.04311426278959465,0.2931619044037159,5.211899587356786,10029.316190440371,6.285951383894208
breakout_retest,240,80,balanced_value,5,0.5,0.1,6,0.25,3.0,0.0,72,1,25,7,18,28.0,2.665524436962071,8.942650756585193,0.35770603026340775,9.124212225065097,3.267094393934285,10912.42122250651,13,3,10,23.076923076923077,1.0595634156223743,0.4264821653696065,0.03280632041304665,0.29017100640136295,3.8508857508095384,10029.017100640136,5.432611460462367
failed_auction,240,80,balanced_value,5,0.25,0.0,0,0.1,0.0,1.5,72,1,19,9,10,47.36842105263158,2.662646142902415,11.826612931802957,0.6224533122001557,12.24496084175648,4.989427644292603,11224.496084175647,10,2,8,20.0,1.0454794394455513,0.32040629556935185,0.032040629556935186,0.08591508609581133,4.619806509338699,10008.591508609581,5.235445703206902
failed_auction,240,80,balanced_value,5,0.5,0.0,0,0.1,0.0,1.5,72,1,20,9,11,45.0,2.021864512966434,8.294846859864707,0.41474234299323537,8.398846920743264,5.747253890339422,10839.884692074327,10,2,8,20.0,1.0454794394455513,0.32040629556935185,0.032040629556935186,0.08591508609581133,4.619806509338699,10008.591508609581,5.189976128444092
breakout_retest,1440,80,balanced_value,5,0.25,0.1,6,0.25,3.0,0.0,72,0,16,10,6,62.5,2.0698322943658334,5.801152573983833,0.36257203587398956,5.853766588797216,4.192015335425378,10585.37665887972,9,3,6,33.333333333333336,1.0517739815933702,0.265043319709549,0.02944925774550544,0.17015132285942425,6.282275935144181,10017.015132285942,4.901795690928037
breakout_retest,240,80,balanced_value,5,0.5,0.1,3,0.25,1.5,0.0,336,1,21,10,11,47.61904761904762,3.5735315340348714,10.720475255399682,0.5104988216856992,11.17100248578009,2.5732905629735017,11117.100248578008,13,5,8,38.46153846153846,1.0453914733698142,0.3224661683254637,0.024805089871189515,0.23185513023888937,4.726657860606953,10023.18551302389,4.551598195183688
breakout_retest,240,80,balanced_value,5,0.5,0.1,3,0.25,1.5,0.0,168,1,21,10,11,47.61904761904762,3.429544131673596,10.120671692206814,0.48193674724794355,10.514034756567693,2.5732905629735017,11051.403475656769,13,5,8,38.46153846153846,1.0453914733698142,0.3224661683254637,0.024805089871189515,0.23185513023888937,4.726657860606953,10023.18551302389,4.551598195183688
breakout_retest,240,80,balanced_value,5,0.5,0.1,3,0.0,1.5,0.0,168,0,20,13,7,65.0,2.626267178160659,11.6032606480271,0.5801630324013549,12.110658568666377,3.102290135764382,11211.065856866639,12,5,7,41.666666666666664,1.0262367007321245,0.18869322082965567,0.01572443506913797,0.09754598761069211,4.852077039412943,10009.754598761068,3.5902872217594233
breakout_retest,240,80,balanced_value,5,0.5,0.1,3,0.0,1.5,0.0,336,0,20,13,7,65.0,2.7023672132271854,12.14622711384461,0.6073113556922305,12.713625510183114,3.102290135764382,11271.362551018312,12,5,7,41.666666666666664,1.0262367007321245,0.18869322082965567,0.01572443506913797,0.09754598761069211,4.852077039412943,10009.754598761068,3.5902872217594233
failed_auction,1440,80,balanced_value,10,0.25,0.0,0,0.1,0.0,1.0,168,0,12,7,5,58.333333333333336,3.8883928307871387,14.663260323506629,1.2219383602922191,14.918019861541554,5.0272083008880495,11491.801986154154,4,2,2,50.0,1.0328761482943176,0.06591973621967062,0.016479934054917655,0.04514741936614275,2.4663146367554853,10004.514741936615,3.5730569952705276
failed_auction,240,80,balanced_value,5,0.25,0.1,0,0.25,0.0,1.5,168,0,15,8,7,53.333333333333336,3.2649891465621046,16.031373970908447,1.0687582647272298,16.88093208255703,6.498373718391728,11688.093208255703,7,2,5,28.571428571428573,1.022657887178975,0.1138226458910363,0.016260377984433756,0.02126203535879334,4.056491612988716,10002.12620353588,3.489395303865806
failed_auction,240,80,balanced_value,5,0.25,0.1,0,0.25,0.0,1.5,168,1,15,7,8,46.666666666666664,2.8136839841471284,12.846976718614883,0.8564651145743255,13.273652171231687,6.498373718391728,11327.36521712317,8,2,6,25.0,1.0202986591828995,0.1022067726485798,0.012775846581072475,0.00961105371353188,4.0564916129886806,10000.961105371352,3.148002011103165
failed_auction,1440,80,balanced_value,5,0.25,0.0,0,0.0,0.0,1.0,168,1,13,3,10,23.076923076923077,2.054882854077657,2.170957365797813,0.16699672044598562,2.1524858251727563,6.143001780066306,10215.248582517275,7,3,4,42.857142857142854,1.0158866142917662,0.06399744585594358,0.009142492265134796,0.0143537275609118,3.7910335677368088,10001.43537275609,2.785386502461017
failed_auction,1440,80,balanced_value,5,0.5,0.0,0,0.0,0.0,1.0,168,1,14,3,11,21.428571428571427,1.3819556412625873,1.1688343204833507,0.08348816574881077,1.1287922233571557,6.143001780066324,10112.879222335716,7,3,4,42.857142857142854,1.0158866142917662,0.06399744585594358,0.009142492265134796,0.0143537275609118,3.7910335677368088,10001.43537275609,2.785386502461016
failed_auction,240,80,balanced_value,5,0.25,0.0,0,0.1,0.0,1.0,168,0,16,8,8,50.0,4.5356170524149775,28.615146826239545,1.7884466766399716,31.26191700623153,7.925963752696378,13126.191700623152,10,3,7,30.0,1.0022584275499655,0.015900802844027506,0.0015900802844027507,-0.11012763296299743,4.148944950437126,9988.9872367037,1.9277565856582606
failed_auction,240,80,balanced_value,5,0.5,0.0,0,0.1,0.0,1.0,168,0,17,8,9,47.05882352941177,3.6209025109512836,23.844009671077565,1.4025888041810333,25.258932878072816,8.850606009450003,12525.893287807281,10,3,7,30.0,1.0022584275499655,0.015900802844027506,0.0015900802844027507,-0.11012763296299743,4.148944950437126,9988.9872367037,1.8722780502530432
failed_auction,1440,80,balanced_value,10,0.25,0.0,0,0.1,0.0,1.5,168,0,12,7,5,58.333333333333336,3.8883928307871387,14.663260323506629,1.2219383602922191,14.918019861541554,5.0272083008880495,11491.801986154154,2,1,1,50.0,0.9937322758714523,-0.006288241473065281,-0.0031441207365326407,-0.016290730209878035,1.5743100698125678,9998.370926979012,1.4812812089031686
breakout_retest,1440,80,balanced_value,5,0.25,0.1,3,0.25,3.0,0.0,336,0,14,5,9,35.714285714285715,1.195927852206316,1.7776155063174075,0.12697253616552912,1.6166551422252429,6.24023371552553,10161.665514222525,8,2,6,25.0,0.9940459491200794,-0.03583016252236515,-0.004478770315295644,-0.15380772698314615,6.381846825592816,9984.619227301686,1.3770265149086476
breakout_retest,1440,80,balanced_value,5,0.5,0.1,3,0.25,3.0,0.0,336,0,14,5,9,35.714285714285715,1.195927852206316,1.7776155063174075,0.12697253616552912,1.6166551422252429,6.24023371552553,10161.665514222525,8,2,6,25.0,0.9940459491200794,-0.03583016252236515,-0.004478770315295644,-0.15380772698314615,6.381846825592816,9984.619227301686,1.3770265149086476
breakout_retest,1440,80,balanced_value,5,0.5,0.1,3,0.25,3.0,0.0,168,0,14,6,8,42.857142857142854,1.4453484098846445,3.5922944875376612,0.25659246339554725,3.4788600541291848,6.24023371552553,10347.886005412918,8,2,6,25.0,0.9940459491200794,-0.03583016252236515,-0.004478770315295644,-0.15380772698314615,6.381846825592816,9984.619227301686,1.3770265149086476
breakout_retest,1440,80,balanced_value,5,0.25,0.1,3,0.25,3.0,0.0,168,0,14,6,8,42.857142857142854,1.4453484098846445,3.5922944875376612,0.25659246339554725,3.4788600541291848,6.24023371552553,10347.886005412918,8,2,6,25.0,0.9940459491200794,-0.03583016252236515,-0.004478770315295644,-0.15380772698314615,6.381846825592816,9984.619227301686,1.3770265149086476
breakout_retest,240,80,balanced_value,5,0.25,0.1,3,0.25,1.5,0.0,168,1,19,9,10,47.36842105263158,3.0983530707134523,8.667186720081434,0.45616772210954915,8.93130535307436,2.5732905629735017,10893.130535307437,11,4,7,36.36363636363637,0.9782592937040075,-0.13199964896645944,-0.011999968087859948,-0.20634990742388615,3.4005343228451745,9979.365009257612,0.8009803842301098
breakout_retest,240,80,balanced_value,5,0.25,0.1,3,0.25,1.5,0.0,336,1,19,9,10,47.36842105263158,3.243567393341868,9.266990283274302,0.48773633069864747,9.578864303171342,2.5732905629735017,10957.886430317134,11,4,7,36.36363636363637,0.9782592937040075,-0.13199964896645944,-0.011999968087859948,-0.20634990742388615,3.4005343228451745,9979.365009257612,0.8009803842301098
breakout_retest,1440,80,balanced_value,5,0.5,0.1,3,0.25,3.0,0.0,72,1,15,7,8,46.666666666666664,1.7087814300940503,2.4370869338805403,0.16247246225870268,2.4172419986439264,2.2821509205953223,10241.724199864393,8,1,7,12.5,0.9553399315818925,-0.13981802755054673,-0.01747725344381834,-0.19870996765830595,4.417325871377453,9980.12900323417,0.11763742423292561
breakout_retest,1440,80,balanced_value,5,0.25,0.1,3,0.25,3.0,0.0,72,1,15,7,8,46.666666666666664,1.7087814300940503,2.4370869338805403,0.16247246225870268,2.4172419986439264,2.2821509205953223,10241.724199864393,8,1,7,12.5,0.9553399315818925,-0.13981802755054673,-0.01747725344381834,-0.19870996765830595,4.417325871377453,9980.12900323417,0.11763742423292561
breakout_retest,1440,80,balanced_value,5,0.5,0.1,3,0.25,2.0,0.0,72,0,14,8,6,57.142857142857146,1.6001740295748288,3.2544363587099627,0.23245973990785448,3.2165904504318554,4.227048337431432,10321.659045043185,8,2,6,25.0,0.9660781332016821,-0.13981802755054695,-0.01747725344381837,-0.19906046185640403,5.439905439837562,9980.09395381436,0.07775905336489569
breakout_retest,1440,80,balanced_value,5,0.25,0.1,3,0.25,2.0,0.0,72,0,14,8,6,57.142857142857146,1.6001740295748288,3.2544363587099627,0.23245973990785448,3.2165904504318554,4.227048337431432,10321.659045043185,8,2,6,25.0,0.9660781332016821,-0.13981802755054695,-0.01747725344381837,-0.19906046185640403,5.439905439837562,9980.09395381436,0.07775905336489569
breakout_retest,1440,80,balanced_value,5,0.25,0.1,3,0.1,1.5,0.0,72,1,15,9,6,60.0,2.850913864533766,6.3733347281120345,0.42488898187413565,6.49496698001657,3.0725295793331164,10649.496698001658,8,2,6,25.0,0.9478913874226091,-0.1633768931305748,-0.02042211164132185,-0.20029538170216465,3.4233096153623173,9979.970461829784,-0.13210450847508393
breakout_retest,1440,80,balanced_value,5,0.5,0.1,3,0.1,1.5,0.0,72,1,15,9,6,60.0,2.850913864533766,6.3733347281120345,0.42488898187413565,6.49496698001657,3.0725295793331164,10649.496698001658,8,2,6,25.0,0.9478913874226091,-0.1633768931305748,-0.02042211164132185,-0.20029538170216465,3.4233096153623173,9979.970461829784,-0.13210450847508393
failed_auction,1440,80,balanced_value,5,0.5,0.0,0,0.1,0.0,1.0,336,1,16,3,13,18.75,0.9425801518506475,-0.2937245366927211,-0.018357783543295068,-0.3732159936483015,6.555528122775181,9962.67840063517,7,3,4,42.857142857142854,1.21702402102544,0.8725899322381068,0.12465570460544383,0.8133287746014073,3.7232533820990925,10081.332877460141,-0.13600558382673908
failed_auction,1440,80,balanced_value,5,0.25,0.0,0,0.0,0.0,1.5,168,1,13,3,10,23.076923076923077,2.054882854077657,2.170957365797813,0.16699672044598562,2.1524858251727563,6.143001780066306,10215.248582517275,5,2,3,40.0,0.9687796110283524,-0.09448761030940811,-0.01889752206188162,-0.13231075972138795,2.8173443149445534,9986.768924027861,-0.1415971440126302
failed_auction,1440,80,balanced_value,5,0.5,0.0,0,0.0,0.0,1.5,168,1,14,3,11,21.428571428571427,1.3819556412625873,1.1688343204833507,0.08348816574881077,1.1287922233571557,6.143001780066324,10112.879222335716,5,2,3,40.0,0.9687796110283524,-0.09448761030940811,-0.01889752206188162,-0.13231075972138795,2.8173443149445534,9986.768924027861,-0.14159714401263132
failed_auction,1440,80,balanced_value,5,0.5,0.0,0,0.1,0.0,1.5,336,1,16,3,13,18.75,0.9425801518506475,-0.2937245366927211,-0.018357783543295068,-0.3732159936483015,6.555528122775181,9962.67840063517,5,2,3,40.0,1.2651248353668028,0.800381954545371,0.1600763909090742,0.7514188815953338,2.748973586068015,10075.141888159533,-0.16477379107191717
breakout_retest,1440,80,balanced_value,5,0.5,0.1,3,0.1,2.0,0.0,72,0,15,11,4,73.33333333333333,4.162792679360768,10.853344995137245,0.7235563330091497,11.310924935129307,2.035686150916936,11131.092493512931,8,2,6,25.0,0.960546379205088,-0.16337689313055082,-0.020422111641318852,-0.22257917512948922,4.752829693101942,9977.742082487051,-0.18656572957420348
breakout_retest,1440,80,balanced_value,5,0.25,0.1,3,0.1,2.0,0.0,72,0,15,11,4,73.33333333333333,4.162792679360768,10.853344995137245,0.7235563330091497,11.310924935129307,2.035686150916936,11131.092493512931,8,2,6,25.0,0.960546379205088,-0.16337689313055082,-0.020422111641318852,-0.22257917512948922,4.752829693101942,9977.742082487051,-0.18656572957420348
breakout_retest,1440,80,balanced_value,5,0.25,0.1,3,0.1,3.0,0.0,72,1,15,6,9,40.0,1.4695929141738584,1.6500499738895629,0.11000333159263752,1.6176006776772667,3.40693425326593,10161.760067767727,8,1,7,12.5,0.9480957434349746,-0.16337689313055082,-0.020422111641318852,-0.22204851729887842,4.850724945248959,9977.795148270112,-0.2173407162432513
breakout_retest,1440,80,balanced_value,5,0.5,0.1,3,0.1,3.0,0.0,72,1,15,6,9,40.0,1.4695929141738584,1.6500499738895629,0.11000333159263752,1.6176006776772667,3.40693425326593,10161.760067767727,8,1,7,12.5,0.9480957434349746,-0.16337689313055082,-0.020422111641318852,-0.22204851729887842,4.850724945248959,9977.795148270112,-0.2173407162432513
failed_auction,1440,80,balanced_value,10,0.25,0.0,0,0.1,0.0,1.0,336,1,15,3,12,20.0,0.9436446434387719,-0.28795405665877866,-0.019196937110585243,-0.3674620710450438,6.555528122775181,9963.253792895495,4,2,2,50.0,1.5982776660479925,1.1996023858677005,0.29990059646692513,1.168145769559703,2.4663146367554853,10116.81457695597,-0.2647923203040815
failed_auction,1440,80,balanced_value,10,0.25,0.0,0,0.1,0.0,1.5,336,1,15,3,12,20.0,0.9436446434387719,-0.28795405665877866,-0.019196937110585243,-0.3674620710450438,6.555528122775181,9963.253792895495,2,1,1,50.0,2.123715933107041,1.1273944081749647,0.5636972040874824,1.106017981931351,1.5743100698125678,10110.601798193135,-0.31587488268068054
breakout_retest,1440,80,balanced_value,5,0.25,0.1,3,0.0,2.0,0.0,72,0,15,11,4,73.33333333333333,4.493891070072095,12.10894030659602,0.8072626871064014,12.695135003541381,2.124127391762218,11269.513500354138,8,2,6,25.0,0.9535749084919094,-0.1935296075127202,-0.024191200939090024,-0.2528154859195775,2.4147595052517405,9974.718451408042,-0.4371333895066659
breakout_retest,1440,80,balanced_value,5,0.5,0.1,3,0.0,2.0,0.0,72,0,15,11,4,73.33333333333333,4.493891070072095,12.10894030659602,0.8072626871064014,12.695135003541381,2.124127391762218,11269.513500354138,8,2,6,25.0,0.9535749084919094,-0.1935296075127202,-0.024191200939090024,-0.2528154859195775,2.4147595052517405,9974.718451408042,-0.4371333895066659
breakout_retest,240,80,balanced_value,5,0.25,0.1,3,0.0,2.0,0.0,336,1,19,9,10,47.36842105263158,4.261964734342348,13.660865867189427,0.7189929403783909,14.413654622012695,3.004969644259096,11441.36546220127,11,3,8,27.272727272727273,0.95284506060583,-0.29415127280614506,-0.026741024800558642,-0.38371373826956434,3.5768032365786335,9961.628626173044,-0.7345298880601224
breakout_retest,240,80,balanced_value,5,0.25,0.1,3,0.0,2.0,0.0,168,1,19,9,10,47.36842105263158,4.0129234317138245,12.617899401371917,0.6640999684932588,13.243729414121308,3.004969644259096,11324.372941412132,11,3,8,27.272727272727273,0.95284506060583,-0.29415127280614506,-0.026741024800558642,-0.38371373826956434,3.5768032365786335,9961.628626173044,-0.7345298880601224
breakout_retest,240,80,balanced_value,5,0.25,0.1,3,0.0,1.5,0.0,168,1,19,11,8,57.89473684210526,3.809755822115525,11.617899401371977,0.6114683895458936,12.169167511632505,2.8796503519099845,11216.91675116325,11,4,7,36.36363636363637,0.95249461880658,-0.29415127280619924,-0.026741024800563565,-0.3687046341765976,3.890948665532542,9963.12953658234,-0.7540794973963488
breakout_retest,240,80,balanced_value,5,0.25,0.1,3,0.0,1.5,0.0,336,1,19,11,8,57.89473684210526,3.941070712685509,12.160865867189488,0.6400455719573415,12.772449132938334,2.8796503519099845,11277.244913293835,11,4,7,36.36363636363637,0.95249461880658,-0.29415127280619924,-0.026741024800563565,-0.3687046341765976,3.890948665532542,9963.12953658234,-0.7540794973963488
breakout_retest,240,80,balanced_value,5,0.5,0.1,3,0.0,3.0,0.0,168,0,18,10,8,55.55555555555556,3.273313513466853,18.572789831542053,1.0318216573078918,19.912286849160175,5.174319175668271,11991.228684916017,12,3,9,25.0,0.9663209567673858,-0.3113067791702899,-0.02594223159752416,-0.4883414044462908,5.964194349112775,9951.16585955537,-0.7629379714182574
breakout_retest,240,80,balanced_value,5,0.5,0.1,3,0.0,3.0,0.0,336,0,18,10,8,55.55555555555556,3.5088173850335562,20.496837652140474,1.138713202896693,22.196192771635246,5.17431917566828,12219.619277163525,12,3,9,25.0,0.9663209567673858,-0.3113067791702899,-0.02594223159752416,-0.4883414044462908,5.964194349112775,9951.16585955537,-0.7629379714182574
breakout_retest,240,80,balanced_value,5,0.5,0.1,3,0.0,2.0,0.0,168,0,20,12,8,60.0,2.789397908518278,14.603260648027035,0.7301630324013517,15.423079296254482,3.166316275180271,11542.307929625447,12,4,8,33.333333333333336,0.9622107584129974,-0.31130677917029015,-0.02594223159752418,-0.43065163524798056,5.964194349112767,9956.934836475202,-0.7711583681270355
breakout_retest,240,80,balanced_value,5,0.5,0.1,3,0.0,2.0,0.0,336,0,20,12,8,60.0,2.917196902015028,15.646227113844546,0.7823113556922273,16.615519449362814,3.166316275180271,11661.551944936282,12,4,8,33.333333333333336,0.9622107584129974,-0.31130677917029015,-0.02594223159752418,-0.43065163524798056,5.964194349112767,9956.934836475202,-0.7711583681270355
breakout_retest,240,80,balanced_value,5,0.25,0.1,3,0.0,3.0,0.0,336,1,19,7,12,36.8421052631579,4.655746169106993,15.477838892384586,0.8146230995991888,16.391206303827268,4.242997814563221,11639.120630382726,11,2,9,18.181818181818183,0.9528855759325132,-0.29415127280614484,-0.02674102480055862,-0.412248838635787,3.576803236578622,9958.775116136421,-0.774420532085829
breakout_retest,240,80,balanced_value,5,0.25,0.1,3,0.0,3.0,0.0,168,1,19,7,12,36.8421052631579,4.201300913652619,13.553791071786161,0.7133574248308506,14.215798385037836,4.242997814563227,11421.579838503783,11,2,9,18.181818181818183,0.9528855759325132,-0.29415127280614484,-0.02674102480055862,-0.412248838635787,3.576803236578622,9958.775116136421,-0.7744205320858294
failed_auction,240,80,balanced_value,10,0.25,0.0,0,0.0,0.0,1.5,168,1,16,6,10,37.5,2.8675759254421465,13.269462617959643,0.8293414136224777,13.622218229734905,6.495543859395172,11362.22182297349,6,2,4,33.333333333333336,0.9628399731031594,-0.1506762638486081,-0.025112710641434683,-0.210333045290223,3.9910864928254006,9978.966695470977,-0.7807327345953284
failed_auction,240,80,balanced_value,10,0.25,0.0,0,0.0,0.0,1.0,168,1,16,6,10,37.5,2.8675759254421465,13.269462617959643,0.8293414136224777,13.622218229734905,6.495543859395172,11362.22182297349,6,2,4,33.333333333333336,0.9628399731031594,-0.1506762638486081,-0.025112710641434683,-0.210333045290223,3.9910864928254006,9978.966695470977,-0.7807327345953284
failed_auction,240,80,balanced_value,10,0.25,0.0,0,0.0,0.0,1.0,168,0,15,6,9,40.0,3.7272439002239883,24.78593905918567,1.6523959372790447,25.829632509101618,8.356750140083667,12582.963250910163,6,2,4,33.333333333333336,0.9628399731031594,-0.1506762638486081,-0.025112710641434683,-0.210333045290223,3.9910864928254006,9978.966695470977,-0.8924051114366379
failed_auction,240,80,balanced_value,10,0.25,0.0,0,0.0,0.0,1.5,168,0,15,6,9,40.0,3.7272439002239883,24.78593905918567,1.6523959372790447,25.829632509101618,8.356750140083667,12582.963250910163,6,2,4,33.333333333333336,0.9628399731031594,-0.1506762638486081,-0.025112710641434683,-0.210333045290223,3.9910864928254006,9978.966695470977,-0.8924051114366379
breakout_retest,240,80,balanced_value,5,0.25,0.1,3,0.0,2.0,0.0,72,0,19,11,8,57.89473684210526,2.6155928355487923,11.787938831974937,0.6204178332618389,12.274684381344802,3.166316275180271,11227.46843813448,11,4,7,36.36363636363637,0.9563282938222791,-0.31592263118643693,-0.028720239198766994,-0.4155714034873026,3.6076397396946263,9958.44285965127,-0.9273350516350186
breakout_retest,1440,80,balanced_value,5,0.25,0.1,6,0.25,3.0,0.0,168,0,15,7,8,46.666666666666664,1.4692166310816193,3.7848216809218944,0.25232144539479295,3.6780849991373543,7.406621933887908,10367.808499913735,9,2,7,22.22222222222222,0.956082875318616,-0.2747774288040814,-0.03053082542267571,-0.39239833706605776,6.605555028902582,9960.760166293394,-1.355055598364209
failed_auction,1440,80,balanced_value,5,0.25,0.0,0,0.1,0.0,1.0,168,0,12,8,4,66.66666666666667,5.547207593114029,18.530412765995536,1.5442010638329613,19.407032175619076,5.027208300888075,11940.703217561908,7,3,4,42.857142857142854,0.935062978268126,-0.2610927174099231,-0.03729895962998902,-0.30573099495564415,3.7232533820990925,9969.426900504435,-1.953458350347951
failed_auction,1440,80,balanced_value,5,0.5,0.0,0,0.1,0.0,1.0,168,0,13,8,5,61.53846153846154,4.4524678745627835,17.528452746774704,1.3483425189826694,18.210621453081167,5.02720830088808,11821.062145308117,7,3,4,42.857142857142854,0.935062978268126,-0.2610927174099231,-0.03729895962998902,-0.30573099495564415,3.7232533820990925,9969.426900504435,-1.953458350347951
failed_auction,1440,80,balanced_value,5,0.25,0.0,0,0.1,0.0,1.0,168,1,15,3,12,20.0,0.9595949519223326,-0.1662030685064802,-0.01108020456709868,-0.21394856962854147,6.55552812277518,9978.605143037146,7,3,4,42.857142857142854,0.935062978268126,-0.2610927174099231,-0.03729895962998902,-0.30573099495564415,3.7232533820990925,9969.426900504435,-2.045157539661177
breakout_retest,1440,80,balanced_value,5,0.25,0.1,6,0.0,2.0,0.0,336,0,16,11,5,68.75,3.913791003886775,14.671026428927131,0.9169391518079457,15.56145927036483,3.3043474901762506,11556.145927036483,9,3,6,33.333333333333336,0.9326670421387526,-0.40729058105070504,-0.045254509005633894,-0.48951115885998986,3.8819099932927217,9951.048884114001,-2.662772906584043
breakout_retest,240,80,balanced_value,5,0.5,0.1,3,0.25,1.5,0.0,336,0,21,14,7,66.66666666666667,2.9323372810722197,13.720475255399679,0.6533559645428418,14.489054153656333,2.8845539634524773,11448.905415365633,13,5,8,38.46153846153846,0.916396302830977,-0.6775338316745365,-0.05211798705188742,-0.7704968208239182,5.679423029460804,9922.950317917608,-3.4558657483329105
breakout_retest,240,80,balanced_value,5,0.5,0.1,3,0.25,1.5,0.0,168,0,21,14,7,66.66666666666667,2.847863327735843,13.12067169220681,0.6247938901050862,13.812478317825217,2.8845539634524773,11381.24783178252,13,5,8,38.46153846153846,0.916396302830977,-0.6775338316745365,-0.05211798705188742,-0.7704968208239182,5.679423029460804,9922.950317917608,-3.4558657483329105
failed_auction,240,80,balanced_value,5,0.25,0.0,0,0.0,0.0,1.5,168,0,17,8,9,47.05882352941177,4.67796482618211,33.58314195780021,1.9754789386941298,37.131383950614286,9.308790045315998,13713.138395061429,11,3,8,27.272727272727273,0.9284124593478142,-0.5785559850981117,-0.05259599864528288,-0.7194967602729418,5.211899587356786,9928.050323972706,-3.712811683572819
failed_auction,240,80,balanced_value,5,0.25,0.0,0,0.0,0.0,1.0,168,0,17,8,9,47.05882352941177,4.67796482618211,33.58314195780021,1.9754789386941298,37.131383950614286,9.308790045315998,13713.138395061429,11,3,8,27.272727272727273,0.9284124593478142,-0.5785559850981117,-0.05259599864528288,-0.7194967602729418,5.211899587356786,9928.050323972706,-3.712811683572819
failed_auction,240,80,balanced_value,5,0.25,0.1,0,0.1,0.0,1.5,168,0,14,8,6,57.142857142857146,4.36380388131644,20.321656194766035,1.4515468710547168,21.852893598429503,6.007008350018341,12185.28935984295,8,2,6,25.0,0.9279186819156308,-0.4348535829735969,-0.05435669787169961,-0.5438105930194226,4.148944950437126,9945.618940698057,-3.7205304666061783
failed_auction,240,80,balanced_value,10,0.5,0.0,0,0.1,0.0,1.0,168,1,17,7,10,41.1764705882353,2.705057491847465,12.08219142153714,0.7107171424433611,12.380993619083714,6.038751513108117,11238.099361908371,6,2,4,33.333333333333336,0.9188677504352395,-0.32624623664903596,-0.05437437277483933,-0.381041506267088,2.9297224177070156,9961.895849373292,-3.7674358524944096
failed_auction,240,80,balanced_value,5,0.5,0.0,0,0.0,0.0,1.5,168,0,18,8,10,44.44444444444444,3.773606537499386,28.111600747611256,1.5617555970895143,29.990748326846894,10.21977648065619,12999.07483268469,11,3,8,27.272727272727273,0.9284124593478142,-0.5785559850981117,-0.05259599864528288,-0.7194967602729418,5.211899587356786,9928.050323972706,-3.767470869693231
failed_auction,240,80,balanced_value,5,0.5,0.0,0,0.0,0.0,1.0,168,0,18,8,10,44.44444444444444,3.773606537499386,28.111600747611256,1.5617555970895143,29.990748326846894,10.21977648065619,12999.07483268469,11,3,8,27.272727272727273,0.9284124593478142,-0.5785559850981117,-0.05259599864528288,-0.7194967602729418,5.211899587356786,9928.050323972706,-3.767470869693231
failed_auction,240,80,balanced_value,10,0.5,0.0,0,0.1,0.0,1.0,168,0,16,7,9,43.75,3.253129240257973,20.44143204355752,1.277589502722345,21.13846578166001,7.908911318490117,12113.846578166002,6,2,4,33.333333333333336,0.9188677504352395,-0.32624623664903596,-0.05437437277483933,-0.381041506267088,2.9297224177070156,9961.895849373292,-3.8796454408173298
breakout_retest,240,80,balanced_value,5,0.5,0.1,3,0.1,1.5,0.0,168,0,21,13,8,61.904761904761905,2.2989623449145156,10.569184418121676,0.5032944961010322,10.95210055742144,2.996531147150977,11095.210055742144,13,5,8,38.46153846153846,0.90551166212119,-0.7712832802458338,-0.05932948309583337,-0.8635859066052798,5.930492783847099,9913.641409339472,-4.2138488194102575
breakout_retest,240,80,balanced_value,5,0.5,0.1,3,0.1,1.5,0.0,336,0,21,13,8,61.904761904761905,2.3685907910540402,11.135725773902331,0.530272655900111,11.574890963988782,2.996531147150977,11157.489096398878,13,5,8,38.46153846153846,0.90551166212119,-0.7712832802458338,-0.05932948309583337,-0.8635859066052798,5.930492783847099,9913.641409339472,-4.2138488194102575
breakout_retest,1440,80,balanced_value,5,0.25,0.1,6,0.1,2.0,0.0,336,0,16,11,5,68.75,3.881074331288737,14.48809131772676,0.9055057073579225,15.352603067763159,3.19592473160175,11535.260306776316,9,3,6,33.333333333333336,0.9093865071004225,-0.5462787790304193,-0.06069764211449104,-0.6250557518128197,4.331313995031582,9937.494424818718,-4.280611527650749
breakout_retest,240,80,balanced_value,5,0.25,0.1,3,0.25,3.0,0.0,72,1,19,6,13,31.57894736842105,3.196126372271783,9.438805918252449,0.49677925885539204,9.674321187457945,3.2220042463390954,10967.432118745794,11,3,8,27.272727272727273,0.8862060999697619,-0.695804404903541,-0.06325494590032191,-0.7835722375987619,3.5028521541773174,9921.642776240124,-4.514762854364506
breakout_retest,1440,80,balanced_value,5,0.25,0.1,3,0.25,1.5,0.0,336,0,14,8,6,57.142857142857146,1.8663618097541823,5.233937512937455,0.3738526794955325,5.256174603712194,3.128600736572214,10525.617460371219,8,3,5,37.5,0.8931046256734143,-0.5358301625223663,-0.06697877031529578,-0.5924390181298977,3.8352260041895363,9940.75609818701,-4.9220588827005
breakout_retest,1440,80,balanced_value,5,0.5,0.1,3,0.25,1.5,0.0,168,0,15,9,6,60.0,1.9372287091615932,5.662064559926348,0.37747097066175656,5.707018457638635,3.128600736572214,10570.701845763864,8,3,5,37.5,0.8931046256734143,-0.5358301625223663,-0.06697877031529578,-0.5924390181298977,3.8352260041895363,9940.75609818701,-4.9220588827005
breakout_retest,1440,80,balanced_value,5,0.5,0.1,3,0.25,1.5,0.0,336,0,14,8,6,57.142857142857146,1.8663618097541823,5.233937512937455,0.3738526794955325,5.256174603712194,3.128600736572214,10525.617460371219,8,3,5,37.5,0.8931046256734143,-0.5358301625223663,-0.06697877031529578,-0.5924390181298977,3.8352260041895363,9940.75609818701,-4.9220588827005
breakout_retest,1440,80,balanced_value,5,0.25,0.1,3,0.25,1.5,0.0,168,0,15,9,6,60.0,1.9372287091615932,5.662064559926348,0.37747097066175656,5.707018457638635,3.128600736572214,10570.701845763864,8,3,5,37.5,0.8931046256734143,-0.5358301625223663,-0.06697877031529578,-0.5924390181298977,3.8352260041895363,9940.75609818701,-4.9220588827005
failed_auction,1440,80,balanced_value,5,0.5,0.0,0,0.1,0.0,1.5,168,0,13,8,5,61.53846153846154,4.4524678745627835,17.528452746774704,1.3483425189826694,18.210621453081167,5.02720830088808,11821.062145308117,5,2,3,40.0,0.8895948472914701,-0.33330069510265903,-0.0666601390205318,-0.3669536686084718,2.748973586068015,9963.304633139152,-5.009280758600719
failed_auction,1440,80,balanced_value,5,0.25,0.0,0,0.1,0.0,1.5,168,0,12,8,4,66.66666666666667,5.547207593114029,18.530412765995536,1.5442010638329613,19.407032175619076,5.027208300888075,11940.703217561908,5,2,3,40.0,0.8895948472914701,-0.33330069510265903,-0.0666601390205318,-0.3669536686084718,2.748973586068015,9963.304633139152,-5.009280758600719
breakout_retest,1440,80,balanced_value,5,0.25,0.1,3,0.1,1.5,0.0,336,0,14,9,5,64.28571428571429,2.5509779824487904,7.799420652729322,0.5571014751949516,7.984821953545462,3.1959247316017683,10798.482195354545,8,3,5,37.5,0.8905216963385966,-0.5489474609947544,-0.0686184326243443,-0.6053247372893922,3.3836137134256776,9939.46752627106,-5.064094234829156
breakout_retest,1440,80,balanced_value,5,0.25,0.1,3,0.1,1.5,0.0,168,0,15,10,5,66.66666666666667,2.6390665465708953,8.24239261884226,0.5494928412561506,8.463603361834915,3.1959247316017683,10846.360336183492,8,3,5,37.5,0.8905216963385966,-0.5489474609947544,-0.0686184326243443,-0.6053247372893922,3.3836137134256776,9939.46752627106,-5.064094234829156
breakout_retest,1440,80,balanced_value,5,0.5,0.1,3,0.1,1.5,0.0,336,0,14,9,5,64.28571428571429,2.5509779824487904,7.799420652729322,0.5571014751949516,7.984821953545462,3.1959247316017683,10798.482195354545,8,3,5,37.5,0.8905216963385966,-0.5489474609947544,-0.0686184326243443,-0.6053247372893922,3.3836137134256776,9939.46752627106,-5.064094234829156
breakout_retest,1440,80,balanced_value,5,0.5,0.1,3,0.1,1.5,0.0,168,0,15,10,5,66.66666666666667,2.6390665465708953,8.24239261884226,0.5494928412561506,8.463603361834915,3.1959247316017683,10846.360336183492,8,3,5,37.5,0.8905216963385966,-0.5489474609947544,-0.0686184326243443,-0.6053247372893922,3.3836137134256776,9939.46752627106,-5.064094234829156
failed_auction,1440,80,balanced_value,5,0.25,0.0,0,0.1,0.0,1.5,168,1,15,3,12,20.0,0.9595949519223326,-0.1662030685064802,-0.01108020456709868,-0.21394856962854147,6.55552812277518,9978.605143037146,5,2,3,40.0,0.8895948472914701,-0.33330069510265903,-0.0666601390205318,-0.3669536686084718,2.748973586068015,9963.304633139152,-5.100979947913945
failed_auction,1440,80,balanced_value,10,0.25,0.0,0,0.25,0.0,1.0,168,1,13,5,8,38.46153846153846,1.2765516452149979,1.1187622498052765,0.08605863460040589,1.0745825534023146,3.745820412263838,10107.45825534023,2,1,1,50.0,0.865977750782743,-0.13438815533498005,-0.06719407766749003,-0.14309528305690433,1.4877897487717384,9985.69047169431,-5.102340261052535
failed_auction,1440,80,balanced_value,10,0.25,0.0,0,0.25,0.0,1.5,168,1,12,5,7,41.666666666666664,1.6964863283656815,2.1201284732363237,0.17667737276969364,2.0969468947608094,3.745820412263836,10209.69468947608,2,1,1,50.0,0.865977750782743,-0.13438815533498005,-0.06719407766749003,-0.14309528305690433,1.4877897487717384,9985.69047169431,-5.102340261052535
failed_auction,1440,80,balanced_value,10,0.25,0.0,0,0.25,0.0,1.0,168,0,12,7,5,58.333333333333336,2.977546093225429,9.94901606273823,0.8290846718948525,10.029722806671426,4.708478207109183,11002.972280667142,2,1,1,50.0,0.865977750782743,-0.13438815533498005,-0.06719407766749003,-0.14309528305690433,1.4877897487717384,9985.69047169431,-5.160099728743256
failed_auction,1440,80,balanced_value,5,0.5,0.0,0,0.1,0.0,1.0,168,1,16,3,13,18.75,0.7716372358052185,-1.1681630877273146,-0.07301019298295716,-1.2137649097199943,6.555528122775181,9878.623509028,7,3,4,42.857142857142854,0.935062978268126,-0.2610927174099231,-0.03729895962998902,-0.30573099495564415,3.7232533820990925,9969.426900504435,-5.943132359883807
failed_auction,1440,80,balanced_value,5,0.5,0.0,0,0.1,0.0,1.5,168,1,16,3,13,18.75,0.7716372358052185,-1.1681630877273146,-0.07301019298295716,-1.2137649097199943,6.555528122775181,9878.623509028,5,2,3,40.0,0.8895948472914701,-0.33330069510265903,-0.0666601390205318,-0.3669536686084718,2.748973586068015,9963.304633139152,-5.971900567128984
breakout_retest,1440,80,balanced_value,5,0.25,0.1,6,0.25,3.0,0.0,336,1,15,3,12,20.0,1.5805063662794914,2.9512470396163484,0.1967498026410899,2.857329849603296,4.88754756834936,10285.73298496033,9,2,7,22.22222222222222,0.8560773918137503,-0.7236625214133179,-0.08040694682370199,-0.7981784747874032,5.0809545566156356,9920.18215252126,-6.403138662840233
breakout_retest,1440,80,balanced_value,5,0.25,0.1,6,0.25,2.0,0.0,336,0,15,8,7,53.333333333333336,2.116272266416217,7.875607660868059,0.5250405107245373,8.00408770809895,5.302805175592808,10800.408770809894,9,3,6,33.333333333333336,0.8797740340328468,-0.7236625214133185,-0.08040694682370206,-0.7985268636997667,6.208434019882085,9920.147313630023,-6.4233941461980315
failed_auction,1440,80,balanced_value,10,0.25,0.0,0,0.1,0.0,1.0,168,1,15,3,12,20.0,0.7725086750615889,-1.1623926076933722,-0.07749284051289147,-1.208059532831196,6.555528122775181,9879.19404671688,4,2,2,50.0,1.0328761482943176,0.06591973621967062,0.016479934054917655,0.04514741936614275,2.4663146367554853,10004.514741936615,-6.4366545972890705
failed_auction,1440,80,balanced_value,10,0.25,0.0,0,0.1,0.0,1.5,168,1,15,3,12,20.0,0.7725086750615889,-1.1623926076933722,-0.07749284051289147,-1.208059532831196,6.555528122775181,9879.19404671688,2,1,1,50.0,0.9937322758714523,-0.006288241473065281,-0.0031441207365326407,-0.016290730209878035,1.5743100698125678,9998.370926979012,-6.487737159665669
breakout_retest,1440,80,balanced_value,5,0.25,0.1,6,0.25,1.5,0.0,168,0,17,11,6,64.70588235294117,2.2561353894942613,7.588670301923562,0.446392370701386,7.750381598651557,3.1286007365722104,10775.038159865155,9,3,6,33.333333333333336,0.8524685118672857,-0.7747774288040825,-0.08608638097823139,-0.8299814830109553,4.08373840107479,9917.001851698904,-6.918466868853651
failed_auction,1440,80,balanced_value,10,0.25,0.0,0,0.0,0.0,1.0,72,1,14,6,8,42.857142857142854,2.0045229994203084,3.0601712477193743,0.21858366055138387,3.0287388132707482,6.090708391456922,10302.873881327074,4,2,2,50.0,0.8275429064676272,-0.3458956219896614,-0.08647390549741535,-0.36328275328402215,2.5048403065090863,9963.671724671598,-7.196803449050286
breakout_retest,240,80,balanced_value,5,0.5,0.1,6,0.25,3.0,0.0,168,1,25,7,18,28.0,3.1701754939438955,11.367274586258745,0.4546909834503498,11.77021672606573,3.2308230583987787,11177.021672606572,13,2,11,15.384615384615385,0.8349936737040782,-1.1822318891554995,-0.09094091455042304,-1.297739662301356,4.291625431683173,9870.226033769864,-7.417695900573611
breakout_retest,240,80,balanced_value,5,0.5,0.1,6,0.25,3.0,0.0,336,1,25,7,18,28.0,3.7490167022660223,14.39921692235146,0.5759686768940584,15.138155235193661,3.2308230583987787,11513.815523519366,13,2,11,15.384615384615385,0.8349936737040782,-1.1822318891554995,-0.09094091455042304,-1.297739662301356,4.291625431683173,9870.226033769864,-7.417695900573611
breakout_retest,1440,80,balanced_value,5,0.25,0.1,6,0.1,1.5,0.0,168,0,17,12,5,70.58823529411765,3.233978137231217,11.234031313427892,0.6608253713781113,11.732710953877778,3.1959247316017487,11173.271095387778,9,3,6,33.333333333333336,0.8443442166779183,-0.8231764823967245,-0.09146405359963605,-0.8779092893113738,3.753351603967534,9912.209071068863,-7.452659513546417
failed_auction,240,80,balanced_value,5,0.25,0.1,0,0.25,0.0,1.0,72,1,16,9,7,56.25,2.371360241200859,9.706355065275085,0.6066471915796928,9.948504399263246,4.785517394868253,10994.850439926324,9,3,6,33.333333333333336,0.8329744390710574,-0.8409985791942112,-0.09344428657713458,-0.8938050049501767,4.143267469574541,9910.619499504983,-7.735352313964033
breakout_retest,240,80,balanced_value,5,0.5,0.1,6,0.25,3.0,0.0,72,0,22,12,10,54.54545454545455,2.8977112888887944,17.605049248040654,0.8002295112745752,18.779431637733968,5.205563761203202,11877.943163773396,13,4,9,30.76923076923077,0.8581989819951731,-1.2970782317347247,-0.09977524859497883,-1.434305506571798,4.1160774147105945,9856.56944934282,-8.309554988218204
failed_auction,240,80,balanced_value,10,0.5,0.0,0,0.25,0.0,1.0,168,1,18,7,11,38.888888888888886,2.0833267442751433,8.786318914346936,0.48812882857482975,8.830902829086252,6.520391815116418,10883.090282908624,6,2,4,33.333333333333336,0.8512668681382466,-0.5975738630125524,-0.09959564383542541,-0.6460191450368802,2.856029736166828,9935.398085496312,-8.4536631412675
failed_auction,240,80,balanced_value,5,0.25,0.0,0,0.25,0.0,1.5,168,1,18,7,11,38.888888888888886,2.795759047302486,12.801561938653235,0.7111978854807353,13.222104399815438,6.531057020678029,11322.210439981543,9,2,7,22.22222222222222,0.8503827741469981,-0.9038716871014674,-0.10043018745571859,-0.996564100777686,4.0564916129886806,9900.343589922231,-8.50385810921914
failed_auction,240,80,balanced_value,5,0.5,0.0,0,0.25,0.0,1.5,168,1,19,7,12,36.8421052631579,2.0776442197196427,8.764136049208016,0.46127031837936927,8.806578243339413,7.469396945829514,10880.65782433394,9,2,7,22.22222222222222,0.8503827741469981,-0.9038716871014674,-0.10043018745571859,-0.996564100777686,4.0564916129886806,9900.343589922231,-8.560158504728228
failed_auction,240,80,balanced_value,10,0.5,0.0,0,0.25,0.0,1.0,168,0,17,7,10,41.1764705882353,2.413511994144147,14.276388269765032,0.839787545280296,14.386714020735702,8.380867469916296,11438.67140207357,6,2,4,33.333333333333336,0.8512668681382466,-0.5975738630125524,-0.09959564383542541,-0.6460191450368802,2.856029736166828,9935.398085496312,-8.565291680555493
breakout_retest,240,80,balanced_value,5,0.25,0.1,3,0.25,1.5,0.0,336,0,19,12,7,63.1578947368421,2.516380179405615,10.766990283274298,0.5666836991196998,11.181092848074892,2.884553963452456,11118.10928480749,11,4,7,36.36363636363637,0.8399218484090704,-1.1319996489664599,-0.1029090589969509,-1.204319662089215,4.366561168974162,9879.568033791078,-8.624565208036598
breakout_retest,240,80,balanced_value,5,0.25,0.1,3,0.25,1.5,0.0,168,0,19,12,7,63.1578947368421,2.4319062260692386,10.16718672008143,0.5351150905306016,10.524065489622414,2.884553963452456,11052.40654896224,11,4,7,36.36363636363637,0.8399218484090704,-1.1319996489664599,-0.1029090589969509,-1.204319662089215,4.366561168974162,9879.568033791078,-8.624565208036598
failed_auction,240,80,balanced_value,5,0.25,0.1,0,0.25,0.0,1.0,72,0,16,9,7,56.25,2.371360241200859,9.706355065275085,0.6066471915796928,9.948504399263246,4.785517394868253,10994.850439926324,8,3,5,37.5,0.8349005188507228,-0.8293827059517551,-0.10367283824396939,-0.882259270028718,4.143267469574511,9911.774072997128,-8.764891372653967
breakout_retest,240,80,balanced_value,5,0.25,0.1,3,0.1,1.5,0.0,168,0,19,12,7,63.1578947368421,2.4246214122389156,10.1483400429281,0.5341231601541105,10.503107600963801,2.9965311471509772,11050.31076009638,11,4,7,36.36363636363637,0.8323569447781763,-1.1896431115028074,-0.10814937377298249,-1.2610350285835903,4.512552067408742,9873.89649714164,-9.17248594680762
breakout_retest,240,80,balanced_value,5,0.25,0.1,3,0.1,1.5,0.0,336,0,19,12,7,63.1578947368421,2.5041523446820415,10.714881398708753,0.5639411262478291,11.123377744241969,2.9965311471509772,11112.337774424197,11,4,7,36.36363636363637,0.8323569447781763,-1.1896431115028074,-0.10814937377298249,-1.2610350285835903,4.512552067408742,9873.89649714164,-9.17248594680762
failed_auction,240,80,balanced_value,10,0.25,0.0,0,0.1,0.0,1.0,72,1,17,7,10,41.1764705882353,1.8884123420664982,6.293024734898217,0.37017792558224805,6.286210377126333,4.989427644292608,10628.621037712634,5,2,3,40.0,0.8182060921117099,-0.5483857114155322,-0.10967714228310643,-0.5775764671552164,2.9297224177070156,9942.242353284479,-9.451491755821975
failed_auction,240,80,balanced_value,10,0.25,0.0,0,0.1,0.0,1.0,72,0,16,7,9,43.75,2.020448660072372,9.255288931236496,0.578455558202281,9.163423918013214,5.717773727237294,10916.342391801321,5,2,3,40.0,0.8182060921117099,-0.5483857114155322,-0.10967714228310643,-0.5775764671552164,2.9297224177070156,9942.242353284479,-9.495192520798655
failed_auction,240,80,balanced_value,5,0.25,0.0,0,0.25,0.0,1.5,168,0,17,8,9,47.05882352941177,3.35669811063669,21.476028546364894,1.2632957968449938,22.791792134525004,8.391320411480589,12279.1792134525,8,2,6,25.0,0.8520210121060996,-0.8922558138590109,-0.11153197673237636,-0.9850303371491065,4.056491612988716,9901.496966285089,-9.732912415980648
failed_auction,240,80,balanced_value,5,0.5,0.0,0,0.25,0.0,1.5,168,0,18,8,10,44.44444444444444,2.7237497287197394,17.438602656919677,0.9688112587177599,18.00305964412756,9.310985048827936,11800.305964412757,8,2,6,25.0,0.8520210121060996,-0.8922558138590109,-0.11153197673237636,-0.9850303371491065,4.056491612988716,9901.496966285089,-9.788092294221489
breakout_retest,1440,80,balanced_value,5,0.25,0.1,6,0.25,2.0,0.0,72,0,16,10,6,62.5,1.947937943531182,5.1401819425843644,0.3212613714115228,5.172166604269535,4.192015335425378,10517.216660426953,9,3,6,33.333333333333336,0.7988944761765039,-1.029506984120624,-0.11438966490229155,-1.08811802109271,6.282275935144181,9891.18819789073,-9.987855584685393
breakout_retest,1440,80,balanced_value,5,0.25,0.1,6,0.25,3.0,0.0,72,1,17,9,8,52.94117647058823,2.257215477788778,4.322832517754941,0.2542842657502907,4.357673428517161,2.2464064902170144,10435.767342851716,9,2,7,22.22222222222222,0.7506152650112677,-1.0295069841206228,-0.11438966490229142,-1.0877706492050443,5.268805820958413,9891.222935079495,-10.023605800164708
breakout_retest,1440,80,balanced_value,5,0.25,0.1,6,0.1,2.0,0.0,72,0,17,13,4,76.47058823529412,4.811124010672889,13.078139448407963,0.7693023204945861,13.801074241713195,2.035686150916937,11380.10742417132,9,3,6,33.333333333333336,0.7980991135780111,-1.037479755277618,-0.11527552836417979,-1.0960423080217496,5.633205034427057,9890.395769197825,-10.039088402028174
breakout_retest,1440,80,balanced_value,5,0.25,0.1,6,0.1,1.5,0.0,72,1,17,11,6,64.70588235294117,3.4970281947811652,8.598129181382753,0.5057723047872207,8.877377945827059,2.0356861509169377,10887.737794582707,9,3,6,33.333333333333336,0.7489698007093687,-1.0374797552776425,-0.11527552836418249,-1.0739535895107677,4.668253570457676,9892.604641048923,-10.079449939927565
breakout_retest,1440,80,balanced_value,5,0.25,0.1,6,0.0,2.0,0.0,72,0,17,13,4,76.47058823529412,5.226679023872495,14.648597500252771,0.8616822058972219,15.575137408075722,2.1241273917622103,11557.513740807572,9,3,6,33.333333333333336,0.7958675407104521,-1.0546512213586052,-0.11718346903984503,-1.1132066925595652,3.7354983882195434,9888.679330744044,-10.120483216557368
breakout_retest,1440,80,balanced_value,5,0.25,0.1,6,0.1,3.0,0.0,72,1,17,8,9,47.05882352941177,2.1027541682457653,3.874844427160281,0.22793202512707533,3.890899529624714,3.0170928181689614,10389.089952962471,9,2,7,22.22222222222222,0.7497173548372194,-1.037479755277618,-0.11527552836417979,-1.095516295631438,5.683672752424941,9890.448370436856,-10.13887998258963
breakout_retest,240,80,balanced_value,5,0.25,0.1,3,0.0,1.5,0.0,168,0,19,13,6,68.42105263157895,3.0616588199923247,12.617899401371979,0.664099968493262,13.25983676445366,3.1022901357643646,11325.983676445367,11,4,7,36.36363636363637,0.820055752414304,-1.2941512728061992,-0.11765011570965447,-1.3650568358990367,4.852077039412943,9863.494316410097,-10.167534023522816
breakout_retest,240,80,balanced_value,5,0.25,0.1,3,0.0,1.5,0.0,336,0,19,13,6,68.42105263157895,3.1503749816611215,13.16086586718949,0.6926771509047099,13.868984353473701,3.1022901357643646,11386.89843534737,11,4,7,36.36363636363637,0.820055752414304,-1.2941512728061992,-0.11765011570965447,-1.3650568358990367,4.852077039412943,9863.494316410097,-10.167534023522816
failed_auction,1440,80,balanced_value,10,0.25,0.0,0,0.1,0.0,1.0,72,1,16,6,10,37.5,1.0591360384684838,0.3017875084850867,0.018861719280317917,0.23086414924708976,4.283680433981343,10023.086414924708,4,2,2,50.0,0.7601134794973814,-0.48099479332621153,-0.12024869833155288,-0.4966127589055902,2.4663146367554853,9950.33872410944,-10.600719908955995
failed_auction,1440,80,balanced_value,10,0.25,0.0,0,0.1,0.0,1.0,72,0,13,8,5,61.53846153846154,2.6772398262967063,8.514701994755816,0.6549770765196782,8.542262862959804,4.470052715701979,10854.22628629598,4,2,2,50.0,0.7601134794973814,-0.48099479332621153,-0.12024869833155288,-0.4966127589055902,2.4663146367554853,9950.33872410944,-10.611902245859232
failed_auction,1440,80,balanced_value,5,0.25,0.0,0,0.25,0.0,1.5,168,1,13,5,8,38.46153846153846,1.6939505082795074,2.1155715962720003,0.16273627663630771,2.0922944625065165,3.745820412263836,10209.22944625065,5,2,3,40.0,0.7916935252917148,-0.6277800019096699,-0.12555600038193399,-0.6560076063950704,2.665539635759161,9934.399239360493,-11.017786265422995
failed_auction,1440,80,balanced_value,5,0.25,0.0,0,0.25,0.0,1.0,168,1,13,5,8,38.46153846153846,1.6939505082795074,2.1155715962720003,0.16273627663630771,2.0922944625065165,3.745820412263836,10209.22944625065,5,2,3,40.0,0.7916935252917148,-0.6277800019096699,-0.12555600038193399,-0.6560076063950704,2.665539635759161,9934.399239360493,-11.017786265422995
failed_auction,1440,80,balanced_value,5,0.5,0.0,0,0.25,0.0,1.0,168,1,14,5,9,35.714285714285715,1.2749921078782376,1.1138140202689863,0.0795581443049276,1.0695771682129873,3.7458204122638694,10106.957716821298,5,2,3,40.0,0.7916935252917148,-0.6277800019096699,-0.12555600038193399,-0.6560076063950704,2.665539635759161,9934.399239360493,-11.017786265422997
failed_auction,1440,80,balanced_value,5,0.5,0.0,0,0.25,0.0,1.5,168,1,14,5,9,35.714285714285715,1.2749921078782376,1.1138140202689863,0.0795581443049276,1.0695771682129873,3.7458204122638694,10106.957716821298,5,2,3,40.0,0.7916935252917148,-0.6277800019096699,-0.12555600038193399,-0.6560076063950704,2.665539635759161,9934.399239360493,-11.017786265422997
failed_auction,1440,80,balanced_value,5,0.25,0.0,0,0.25,0.0,1.5,168,0,12,8,4,66.66666666666667,4.32810112416303,13.410997849549046,1.1175831541290873,13.877461728243269,4.708478207109171,11387.746172824327,5,2,3,40.0,0.7916935252917148,-0.6277800019096699,-0.12555600038193399,-0.6560076063950704,2.665539635759161,9934.399239360493,-11.075545733113714
failed_auction,1440,80,balanced_value,5,0.25,0.0,0,0.25,0.0,1.0,168,0,12,8,4,66.66666666666667,4.32810112416303,13.410997849549046,1.1175831541290873,13.877461728243269,4.708478207109171,11387.746172824327,5,2,3,40.0,0.7916935252917148,-0.6277800019096699,-0.12555600038193399,-0.6560076063950704,2.665539635759161,9934.399239360493,-11.075545733113714
failed_auction,1440,80,balanced_value,5,0.5,0.0,0,0.25,0.0,1.5,168,0,13,8,5,61.53846153846154,3.4663681013338374,12.409240273546033,0.9545569441189256,12.736685628020595,4.708478207109218,11273.66856280206,5,2,3,40.0,0.7916935252917148,-0.6277800019096699,-0.12555600038193399,-0.6560076063950704,2.665539635759161,9934.399239360493,-11.075545733113717
failed_auction,1440,80,balanced_value,5,0.5,0.0,0,0.25,0.0,1.0,168,0,13,8,5,61.53846153846154,3.4663681013338374,12.409240273546033,0.9545569441189256,12.736685628020595,4.708478207109218,11273.66856280206,5,2,3,40.0,0.7916935252917148,-0.6277800019096699,-0.12555600038193399,-0.6560076063950704,2.665539635759161,9934.399239360493,-11.075545733113717
breakout_retest,240,80,balanced_value,5,0.5,0.1,3,0.25,3.0,0.0,72,1,21,6,15,28.571428571428573,3.1619061729344953,9.392290890377852,0.4472519471608501,9.623310515681194,3.25204597072641,10962.331051568119,13,3,10,23.076923076923077,0.7568009111393912,-1.7413385876115925,-0.13394912212396864,-1.82078108474234,4.827571066318126,9817.921891525766,-11.907058921135643
breakout_retest,1440,80,balanced_value,5,0.25,0.1,3,0.25,2.0,0.0,72,1,15,7,8,46.666666666666664,1.7087814300940503,2.4370869338805403,0.16247246225870268,2.4172419986439264,2.2821509205953223,10241.724199864393,8,1,7,12.5,0.6359242653727399,-1.139818027550547,-0.14247725344381837,-1.167740155750363,4.417325871377453,9883.225984424964,-13.021193908185383
breakout_retest,1440,80,balanced_value,5,0.5,0.1,3,0.25,2.0,0.0,72,1,15,7,8,46.666666666666664,1.7087814300940503,2.4370869338805403,0.16247246225870268,2.4172419986439264,2.2821509205953223,10241.724199864393,8,1,7,12.5,0.6359242653727399,-1.139818027550547,-0.14247725344381837,-1.167740155750363,4.417325871377453,9883.225984424964,-13.021193908185383
failed_auction,240,80,balanced_value,10,0.25,0.0,0,0.25,0.0,1.0,72,1,18,7,11,38.888888888888886,1.4753983057327054,3.8547239575314256,0.2141513309739681,3.754437009083733,4.229308362718219,10375.443700908374,5,2,3,40.0,0.7565082178791224,-0.7338451870334874,-0.1467690374066975,-0.7594830605406111,2.856029736166828,9924.05169394594,-13.238469859751794
breakout_retest,1440,80,balanced_value,5,0.25,0.1,3,0.1,2.0,0.0,72,1,15,8,7,53.333333333333336,2.6337201944737845,5.650049973889563,0.3766699982593042,5.724100374133978,3.0725295793331164,10572.410037413398,8,1,7,12.5,0.6303993080917597,-1.1633768931305508,-0.14542211164131885,-1.1909143439623238,4.850724945248959,9880.908565603768,-13.35273358692968
breakout_retest,1440,80,balanced_value,5,0.5,0.1,3,0.1,2.0,0.0,72,1,15,8,7,53.333333333333336,2.6337201944737845,5.650049973889563,0.3766699982593042,5.724100374133978,3.0725295793331164,10572.410037413398,8,1,7,12.5,0.6303993080917597,-1.1633768931305508,-0.14542211164131885,-1.1909143439623238,4.850724945248959,9880.908565603768,-13.35273358692968
failed_auction,240,80,balanced_value,10,0.25,0.0,0,0.25,0.0,1.0,72,0,17,7,10,41.1764705882353,1.5147659568577363,5.198030927371532,0.30576652513950187,4.982654067581671,6.135382250855512,10498.265406758168,5,2,3,40.0,0.7565082178791224,-0.7338451870334874,-0.1467690374066975,-0.7594830605406111,2.856029736166828,9924.05169394594,-13.352834293040031
breakout_retest,1440,80,balanced_value,5,0.5,0.1,3,0.0,1.5,0.0,72,0,16,12,4,75.0,3.9153107309440203,10.103727594304056,0.6314829746440035,10.511260063822636,2.1241273917622068,11051.126006382265,8,2,6,25.0,0.7136886600529496,-1.1935296075127204,-0.14919120093909005,-1.2284509451766068,2.588971190968308,9877.154905482339,-13.427358587527582
breakout_retest,1440,80,balanced_value,5,0.25,0.1,3,0.0,1.5,0.0,72,0,16,12,4,75.0,3.9153107309440203,10.103727594304056,0.6314829746440035,10.511260063822636,2.1241273917622068,11051.126006382265,8,2,6,25.0,0.7136886600529496,-1.1935296075127204,-0.14919120093909005,-1.2284509451766068,2.588971190968308,9877.154905482339,-13.427358587527582
failed_auction,240,80,balanced_value,5,0.25,0.0,0,0.1,0.0,1.5,168,0,16,8,8,50.0,4.5356170524149775,28.615146826239545,1.7884466766399716,31.26191700623153,7.925963752696378,13126.191700623152,9,2,7,22.22222222222222,0.7950919602264762,-1.442686236113398,-0.16029847067926645,-1.5461625454315397,4.148944950437126,9845.383745456846,-14.68496246333607
failed_auction,240,80,balanced_value,5,0.5,0.0,0,0.1,0.0,1.5,168,0,17,8,9,47.05882352941177,3.6209025109512836,23.844009671077565,1.4025888041810333,25.258932878072816,8.850606009450003,12525.893287807281,9,2,7,22.22222222222222,0.7950919602264762,-1.442686236113398,-0.16029847067926645,-1.5461625454315397,4.148944950437126,9845.383745456846,-14.740440998741288
failed_auction,240,80,balanced_value,5,0.25,0.1,0,0.1,0.0,1.0,72,0,15,9,6,60.0,3.135057969692349,12.898467195716252,0.8598978130477501,13.460512991040584,3.832086646638308,11346.051299104058,9,3,6,33.333333333333336,0.7578138387182548,-1.461065401949497,-0.1623406002166108,-1.5173868811851565,4.2464070278019825,9848.261311881484,-14.742958256593283
failed_auction,240,80,balanced_value,10,0.5,0.0,0,0.0,0.0,1.0,168,1,18,7,11,38.888888888888886,2.60388200429808,13.015795913178106,0.7230997729543392,13.325316865151482,7.439941883661379,11332.531686515149,7,2,5,28.571428571428573,0.7715516365389525,-1.155968473488398,-0.1651383533554854,-1.213510793211403,3.9910864928254006,9878.64892067886,-15.209184421322336
failed_auction,240,80,balanced_value,10,0.5,0.0,0,0.0,0.0,1.5,168,1,18,7,11,38.888888888888886,2.60388200429808,13.015795913178106,0.7230997729543392,13.325316865151482,7.439941883661379,11332.531686515149,7,2,5,28.571428571428573,0.7715516365389525,-1.155968473488398,-0.1651383533554854,-1.213510793211403,3.9910864928254006,9878.64892067886,-15.209184421322336
failed_auction,240,80,balanced_value,10,0.5,0.0,0,0.0,0.0,1.5,168,0,17,7,10,41.1764705882353,3.4293523033670947,24.53227235440413,1.4430748443767136,25.500832471758205,9.282349920856642,12550.08324717582,7,2,5,28.571428571428573,0.7715516365389525,-1.155968473488398,-0.1651383533554854,-1.213510793211403,3.9910864928254006,9878.64892067886,-15.319728903554052
failed_auction,240,80,balanced_value,10,0.5,0.0,0,0.0,0.0,1.0,168,0,17,7,10,41.1764705882353,3.4293523033670947,24.53227235440413,1.4430748443767136,25.500832471758205,9.282349920856642,12550.08324717582,7,2,5,28.571428571428573,0.7715516365389525,-1.155968473488398,-0.1651383533554854,-1.213510793211403,3.9910864928254006,9878.64892067886,-15.319728903554052
breakout_retest,1440,80,balanced_value,5,0.25,0.1,6,0.0,1.5,0.0,336,0,17,12,5,70.58823529411765,3.4425333838895122,12.29822996254,0.7234252919141176,12.91635995205349,3.3043474901762493,11291.63599520535,9,3,6,33.333333333333336,0.7393106115677458,-1.5768850182866307,-0.1752094464762923,-1.6272057370480209,3.9224546059052976,9837.279426295197,-16.047412191548652
failed_auction,240,80,balanced_value,5,0.25,0.0,0,0.25,0.0,1.0,72,1,20,9,11,45.0,2.06484375260294,8.655673124563895,0.43278365622819476,8.793696585354315,5.204876316286276,10879.369658535432,10,3,7,30.0,0.6942546752517164,-1.8470770389442586,-0.18470770389442587,-1.890891085073232,4.978454485215162,9810.910891492676,-17.154764090636494
failed_auction,240,80,balanced_value,5,0.5,0.0,0,0.25,0.0,1.0,72,1,21,9,12,42.857142857142854,1.6182091717078542,5.645789529735465,0.26884712046359355,5.598225443155069,6.15652984340258,10559.822544315506,10,3,7,30.0,0.6942546752517164,-1.8470770389442586,-0.18470770389442587,-1.890891085073232,4.978454485215162,9810.910891492676,-17.211863302263474
failed_auction,1440,80,balanced_value,5,0.5,0.0,0,0.0,0.0,1.0,72,1,15,7,8,46.666666666666664,3.48647684746409,5.949279072320679,0.3966186048213786,6.027372965506639,6.0907083914569276,10602.737296550664,7,3,4,42.857142857142854,0.6779731664882509,-1.2972490213040824,-0.18532128875772605,-1.322471671190728,3.7910335677368026,9867.752832880928,-17.333680892115538
failed_auction,1440,80,balanced_value,5,0.25,0.0,0,0.0,0.0,1.0,72,1,14,7,7,50.0,4.079595315818312,6.297138905673038,0.44979563611950274,6.397487086777787,6.090708391456929,10639.748708677778,7,3,4,42.857142857142854,0.6779731664882509,-1.2972490213040824,-0.18532128875772605,-1.322471671190728,3.7910335677368026,9867.752832880928,-17.333680892115538
failed_auction,1440,80,balanced_value,5,0.5,0.0,0,0.0,0.0,1.0,72,0,12,9,3,75.0,8.408329688292696,17.47384939987179,1.4561541166559824,18.3749624741254,6.3556999653395705,11837.49624741254,7,3,4,42.857142857142854,0.6779731664882509,-1.2972490213040824,-0.18532128875772605,-1.322471671190728,3.7910335677368026,9867.752832880928,-17.349580386548496
breakout_retest,1440,80,balanced_value,5,0.25,0.1,6,0.25,2.0,0.0,336,1,15,4,11,26.666666666666668,1.5714437036665878,2.901430177201736,0.19342867848011572,2.8369890612145676,4.887547568349405,10283.698906121457,9,2,7,22.22222222222222,0.6571965545069244,-1.723662521413318,-0.19151805793481314,-1.7613880659710368,5.0809545566156356,9823.861193402896,-17.912011448564996
failed_auction,240,80,balanced_value,10,0.25,0.0,0,0.1,0.0,1.5,168,1,15,6,9,40.0,3.036126245112646,12.374243892055926,0.8249495928037284,12.718339384350053,5.081264232399602,11271.833938435006,4,1,3,25.0,0.7413607641418921,-0.7801914981836091,-0.19504787454590228,-0.8167452988481982,2.9297224177070156,9918.32547011518,-18.16599798900701
failed_auction,240,80,balanced_value,10,0.25,0.0,0,0.1,0.0,1.5,168,0,14,6,8,42.857142857142854,3.571206251540313,20.733484514076302,1.4809631795768787,21.502099765719773,6.970481407233181,12150.209976571978,4,1,3,25.0,0.7413607641418921,-0.7801914981836091,-0.19504787454590228,-0.8167452988481982,2.9297224177070156,9918.32547011518,-18.279351019497025
failed_auction,240,80,balanced_value,5,0.25,0.0,0,0.25,0.0,1.0,72,0,19,9,10,47.36842105263158,1.988233985173492,9.998980094404,0.5262621102317895,10.081567040393114,7.091533986678752,11008.156704039311,9,3,6,33.333333333333336,0.6955921369182251,-1.8354611657018025,-0.2039401295224225,-1.8794615093038591,4.978454485215156,9812.053849069614,-19.19806220830712
failed_auction,240,80,balanced_value,5,0.5,0.0,0,0.25,0.0,1.0,72,0,20,9,11,45.0,1.6284065485289632,6.989096499575572,0.3494548249787786,6.848268772145816,8.024247252347863,10684.826877214582,9,3,6,33.333333333333336,0.6955921369182251,-1.8354611657018025,-0.2039401295224225,-1.8794615093038591,4.978454485215156,9812.053849069614,-19.254025004247268
breakout_retest,240,80,balanced_value,5,0.25,0.1,3,0.0,2.0,0.0,168,0,19,12,7,63.1578947368421,3.1854364783475915,15.617899401371915,0.8219947053353639,16.60621110291174,3.166316275180271,11660.621110291175,11,3,8,27.272727272727273,0.7215151018674807,-2.294151272806145,-0.20855920661874047,-2.366570711836191,5.496101930505037,9763.34292881638,-19.494165908990592
breakout_retest,240,80,balanced_value,5,0.25,0.1,3,0.0,2.0,0.0,336,0,19,12,7,63.1578947368421,3.331380366287517,16.660865867189425,0.8768876772204961,17.810874235005556,3.166316275180271,11781.087423500556,11,3,8,27.272727272727273,0.7215151018674807,-2.294151272806145,-0.20855920661874047,-2.366570711836191,5.496101930505037,9763.34292881638,-19.494165908990592
breakout_retest,1440,80,balanced_value,5,0.25,0.1,3,0.25,1.5,0.0,72,1,15,8,7,53.333333333333336,2.2649553001239457,4.33174711700736,0.28878314113382403,4.360625291669495,1.9923076678689242,10436.06252916695,8,1,7,12.5,0.476216432268158,-1.6398180275505647,-0.2049772534438206,-1.6522552497964305,4.417325871377453,9834.774475020356,-19.59060957439477
breakout_retest,1440,80,balanced_value,5,0.5,0.1,3,0.25,1.5,0.0,72,1,15,8,7,53.333333333333336,2.2649553001239457,4.33174711700736,0.28878314113382403,4.360625291669495,1.9923076678689242,10436.06252916695,8,1,7,12.5,0.476216432268158,-1.6398180275505647,-0.2049772534438206,-1.6522552497964305,4.417325871377453,9834.774475020356,-19.59060957439477
failed_auction,1440,80,balanced_value,5,0.5,0.0,0,0.1,0.0,1.0,72,1,17,7,10,41.1764705882353,1.6719976999345263,2.972196959898943,0.1748351152881731,2.9280449933209995,4.283680433981328,10292.8044993321,7,3,4,42.857142857142854,0.6255042255169316,-1.5057376641331879,-0.21510538059045542,-1.525933315770578,3.7232533820991036,9847.406668422942,-20.30860627988257
failed_auction,1440,80,balanced_value,5,0.25,0.0,0,0.1,0.0,1.0,72,1,16,7,9,43.75,1.802906472157807,3.2933450554587633,0.2058340659661727,3.259661429483285,4.283680433981338,10325.966142948328,7,3,4,42.857142857142854,0.6255042255169316,-1.5057376641331879,-0.21510538059045542,-1.525933315770578,3.7232533820991036,9847.406668422942,-20.30860627988257
failed_auction,1440,80,balanced_value,5,0.25,0.0,0,0.1,0.0,1.0,72,0,13,9,4,69.23076923076923,3.8235394115184542,11.506259541729493,0.8850968878253457,11.822215733170438,4.470052715701981,11182.221573317043,7,3,4,42.857142857142854,0.6255042255169316,-1.5057376641331879,-0.21510538059045542,-1.525933315770578,3.7232533820991036,9847.406668422942,-20.31978861678581
failed_auction,1440,80,balanced_value,5,0.5,0.0,0,0.1,0.0,1.0,72,0,14,9,5,64.28571428571429,3.5442291853131636,11.185111446169673,0.7989365318692624,11.463100816930627,4.470052715701982,11146.310081693062,7,3,4,42.857142857142854,0.6255042255169316,-1.5057376641331879,-0.21510538059045542,-1.525933315770578,3.7232533820991036,9847.406668422942,-20.31978861678581
failed_auction,240,80,balanced_value,5,0.25,0.1,0,0.0,0.0,1.5,72,0,15,9,6,60.0,3.4403914342898605,14.75639136579383,0.9837594243862553,15.5271155910782,3.954993531426049,11552.71155910782,10,3,7,30.0,0.687793502109148,-2.2079551304090788,-0.2207955130409079,-2.2604560564148057,5.31687991322176,9773.95439435852,-20.783187567385962
failed_auction,240,80,balanced_value,5,0.25,0.1,0,0.0,0.0,1.0,72,0,15,9,6,60.0,3.4403914342898605,14.75639136579383,0.9837594243862553,15.5271155910782,3.954993531426049,11552.71155910782,10,3,7,30.0,0.687793502109148,-2.2079551304090788,-0.2207955130409079,-2.2604560564148057,5.31687991322176,9773.95439435852,-20.783187567385962
breakout_retest,1440,80,balanced_value,5,0.25,0.1,6,0.0,1.5,0.0,72,0,18,14,4,77.77777777777777,4.6480986847444195,12.643384787960807,0.7024102659978226,13.335452028293249,2.124127391762203,11333.545202829326,9,3,6,33.333333333333336,0.6023130696630628,-2.054651221358605,-0.2282945801509561,-2.08042659428358,3.7354983882195656,9791.957340571642,-21.618703269763255
breakout_retest,1440,80,balanced_value,5,0.25,0.1,6,0.25,2.0,0.0,72,1,17,9,8,52.94117647058823,2.257215477788778,4.322832517754941,0.2542842657502907,4.357673428517161,2.2464064902170144,10435.767342851716,9,2,7,22.22222222222222,0.5083782148160715,-2.029506984120623,-0.22550077601340254,-2.0481684174237347,5.268805820958413,9795.183158257627,-21.619191011666214
breakout_retest,1440,80,balanced_value,5,0.25,0.1,6,0.1,1.5,0.0,168,1,17,10,7,58.8235294117647,2.8213265340526754,9.180371046472946,0.5400218262631145,9.475222170928799,3.1959247316017745,10947.522217092881,9,2,7,22.22222222222222,0.5913372244963434,-2.053853970888673,-0.22820599676540812,-2.0791337773642615,5.093757159888968,9792.086622263574,-21.71329214784206
breakout_retest,1440,80,balanced_value,5,0.25,0.1,6,0.1,1.5,0.0,336,1,17,9,8,52.94117647058823,2.656290363805617,8.352970545913454,0.49135120858314435,8.576832711122817,3.1959247316017745,10857.683271112282,9,2,7,22.22222222222222,0.5913372244963434,-2.053853970888673,-0.22820599676540812,-2.0791337773642615,5.093757159888968,9792.086622263574,-21.71329214784206
breakout_retest,1440,80,balanced_value,5,0.25,0.1,6,0.1,2.0,0.0,72,1,17,10,7,58.8235294117647,3.2770227570455406,7.874844427160281,0.46322614277413415,8.089266195811229,2.0356861509169377,10808.926619581123,9,2,7,22.22222222222222,0.5084763630110146,-2.037479755277618,-0.2263866394752909,-2.0559005582966194,5.683672752424941,9794.409944170338,-21.732473077353152
breakout_retest,1440,80,balanced_value,5,0.25,0.1,6,0.1,3.0,0.0,336,1,15,3,12,20.0,1.6509110944768515,3.3314693815756398,0.22209795877170932,3.2396969421584876,5.384103682645716,10323.969694215848,9,1,8,11.11111111111111,0.5923385165428752,-2.053853970888649,-0.22820599676540546,-2.1004773864344184,6.22305455394661,9789.952261356559,-21.779047407392188
breakout_retest,1440,80,balanced_value,5,0.25,0.1,6,0.1,3.0,0.0,168,1,16,5,11,31.25,1.9306356917516827,4.760638478057467,0.29753990487859167,4.729048748236986,5.249970237314259,10472.904874823698,9,1,8,11.11111111111111,0.5923385165428752,-2.053853970888649,-0.22820599676540546,-2.1004773864344184,6.22305455394661,9789.952261356559,-21.779047407392188
failed_auction,240,80,balanced_value,10,0.25,0.0,0,0.25,0.0,1.5,168,1,16,6,10,37.5,2.2852376132399783,9.129225217389429,0.5705765760868393,9.212710103468492,5.569137231124836,10921.271010346849,4,1,3,25.0,0.689646559590277,-0.9353555037471282,-0.23383887593678204,-0.967194464244181,2.856029736166828,9903.280553575582,-22.17779891712173
failed_auction,240,80,balanced_value,10,0.25,0.0,0,0.25,0.0,1.5,168,0,15,6,9,40.0,2.6078258636931935,14.619294572807526,0.9746196381871683,14.788012534030127,7.448545207415982,11478.801253403013,4,1,3,25.0,0.689646559590277,-0.9353555037471282,-0.23383887593678204,-0.967194464244181,2.856029736166828,9903.280553575582,-22.2905633956992
failed_auction,240,80,balanced_value,10,0.25,0.0,0,0.0,0.0,1.5,72,1,18,7,11,38.888888888888886,1.7962462018672813,6.459155103238404,0.35884195017991133,6.424192201901113,6.113301683240182,10642.419220190111,6,2,4,33.333333333333336,0.6441543200855375,-1.442881021185093,-0.24048017019751552,-1.4701438302448744,3.9910864928254006,9852.985616975513,-22.93191546566936
failed_auction,240,80,balanced_value,10,0.25,0.0,0,0.0,0.0,1.0,72,1,18,7,11,38.888888888888886,1.7962462018672813,6.459155103238404,0.35884195017991133,6.424192201901113,6.113301683240182,10642.419220190111,6,2,4,33.333333333333336,0.6441543200855375,-1.442881021185093,-0.24048017019751552,-1.4701438302448744,3.9910864928254006,9852.985616975513,-22.93191546566936
failed_auction,240,80,balanced_value,10,0.25,0.0,0,0.0,0.0,1.5,72,0,17,7,10,41.1764705882353,2.113199083244243,11.237857634730645,0.6610504491018027,11.11971358206607,7.5144057319298865,11111.971358206607,6,2,4,33.333333333333336,0.6441543200855375,-1.442881021185093,-0.24048017019751552,-1.4701438302448744,3.9910864928254006,9852.985616975513,-23.01598170859074
failed_auction,240,80,balanced_value,10,0.25,0.0,0,0.0,0.0,1.0,72,0,17,7,10,41.1764705882353,2.113199083244243,11.237857634730645,0.6610504491018027,11.11971358206607,7.5144057319298865,11111.971358206607,6,2,4,33.333333333333336,0.6441543200855375,-1.442881021185093,-0.24048017019751552,-1.4701438302448744,3.9910864928254006,9852.985616975513,-23.01598170859074
breakout_retest,240,80,balanced_value,5,0.25,0.1,3,0.25,3.0,0.0,72,0,17,9,8,52.94117647058823,2.968633439890316,14.256134302357742,0.8385961354328083,14.950434966590208,4.172044529205725,11495.04349665902,11,3,8,27.272727272727273,0.6677835319558243,-2.695804404903541,-0.2450731277185037,-2.7584349260872165,4.659056160869719,9724.156507391279,-23.202798412612104
failed_auction,240,80,balanced_value,5,0.25,0.0,0,0.1,0.0,1.0,72,0,18,9,9,50.0,2.6252406881150514,14.788877128141237,0.8216042848967354,15.283480326874098,6.686122312259424,11528.34803268741,10,3,7,30.0,0.6493367385053165,-2.4688980550892987,-0.24688980550892986,-2.509926813861907,5.0037174962311095,9749.007318613809,-23.55168488533808
failed_auction,240,80,balanced_value,5,0.5,0.0,0,0.1,0.0,1.0,72,0,19,9,10,47.36842105263158,2.114153163336733,11.257111056202987,0.5924795292738414,11.333250443742493,7.623215525159047,11133.325044374249,10,3,7,30.0,0.6493367385053165,-2.4688980550892987,-0.24688980550892986,-2.509926813861907,5.0037174962311095,9749.007318613809,-23.607910478112057
breakout_retest,1440,80,balanced_value,5,0.25,0.1,6,0.25,1.5,0.0,336,1,17,7,10,41.1764705882353,2.0655060234033855,5.394806665213887,0.31734156854199336,5.4345840234424125,3.1286007365722104,10543.45840234424,9,2,7,22.22222222222222,0.5577561358535079,-2.2236625214133356,-0.24707361349037063,-2.242992861562887,5.0809545566156356,9775.700713843711,-23.666447841427583
breakout_retest,1440,80,balanced_value,5,0.25,0.1,6,0.25,2.0,0.0,168,0,15,8,7,53.333333333333336,1.7573474296873781,5.343294282795233,0.3562196188530155,5.332956563140145,6.480855172219608,10533.295656314014,9,2,7,22.22222222222222,0.6364268914008304,-2.2747774288040823,-0.25275304764489803,-2.3173054036801255,6.605555028902582,9768.269459631987,-24.168525774122894
breakout_retest,1440,80,balanced_value,5,0.25,0.1,6,0.25,3.0,0.0,168,1,16,6,10,37.5,2.1303918599566267,5.736584697260044,0.35853654357875275,5.752310079128331,4.768564012808948,10575.231007912833,9,1,8,11.11111111111111,0.5679989935647064,-2.2747774288040823,-0.25275304764489803,-2.316962348616014,6.074333330071322,9768.303765138398,-24.273508267865264
breakout_retest,1440,80,balanced_value,5,0.5,0.1,3,0.25,2.0,0.0,168,0,14,7,7,50.0,1.7300590253178183,5.150767089411,0.36791193495792857,5.130551662634719,5.302805175592799,10513.055166263472,8,2,6,25.0,0.6616974214680424,-2.035830162522366,-0.25447877031529575,-2.0833255335780065,6.381846825592816,9791.6674466422,-24.28767054039544
breakout_retest,1440,80,balanced_value,5,0.25,0.1,3,0.25,2.0,0.0,168,0,14,7,7,50.0,1.7300590253178183,5.150767089411,0.36791193495792857,5.130551662634719,5.302805175592799,10513.055166263472,8,2,6,25.0,0.6616974214680424,-2.035830162522366,-0.25447877031529575,-2.0833255335780065,6.381846825592816,9791.6674466422,-24.28767054039544
breakout_retest,1440,80,balanced_value,5,0.25,0.1,3,0.25,2.0,0.0,336,0,14,7,7,50.0,1.8333149796341177,5.879266228294448,0.4199475877353177,5.890158598969775,5.302805175592799,10589.015859896977,8,2,6,25.0,0.6616974214680424,-2.035830162522366,-0.25447877031529575,-2.0833255335780065,6.381846825592816,9791.6674466422,-24.28767054039544
breakout_retest,1440,80,balanced_value,5,0.5,0.1,3,0.25,2.0,0.0,336,0,14,7,7,50.0,1.8333149796341177,5.879266228294448,0.4199475877353177,5.890158598969775,5.302805175592799,10589.015859896977,8,2,6,25.0,0.6616974214680424,-2.035830162522366,-0.25447877031529575,-2.0833255335780065,6.381846825592816,9791.6674466422,-24.28767054039544
breakout_retest,1440,80,balanced_value,5,0.25,0.1,3,0.25,3.0,0.0,336,1,14,3,11,21.428571428571427,1.581644573618402,2.9549056070427357,0.21106468621733826,2.8610930920496047,3.583992684638595,10286.109309204961,8,1,7,12.5,0.5949990184069159,-2.035830162522366,-0.25447877031529575,-2.082981656792249,5.849352688643369,9791.701834320775,-24.389117698300723
breakout_retest,1440,80,balanced_value,5,0.5,0.1,3,0.25,3.0,0.0,168,1,15,6,9,40.0,2.1319288086603794,5.7402432646864305,0.3826828843124287,5.756179240253423,3.3797535582163625,10575.617924025342,8,1,7,12.5,0.5949990184069159,-2.035830162522366,-0.25447877031529575,-2.082981656792249,5.849352688643369,9791.701834320775,-24.389117698300723
breakout_retest,1440,80,balanced_value,5,0.5,0.1,3,0.25,3.0,0.0,336,1,14,3,11,21.428571428571427,1.581644573618402,2.9549056070427357,0.21106468621733826,2.8610930920496047,3.583992684638595,10286.109309204961,8,1,7,12.5,0.5949990184069159,-2.035830162522366,-0.25447877031529575,-2.082981656792249,5.849352688643369,9791.701834320775,-24.389117698300723
breakout_retest,1440,80,balanced_value,5,0.25,0.1,3,0.25,3.0,0.0,168,1,15,6,9,40.0,2.1319288086603794,5.7402432646864305,0.3826828843124287,5.756179240253423,3.3797535582163625,10575.617924025342,8,1,7,12.5,0.5949990184069159,-2.035830162522366,-0.25447877031529575,-2.082981656792249,5.849352688643369,9791.701834320775,-24.389117698300723
breakout_retest,1440,80,balanced_value,5,0.5,0.1,3,0.1,2.0,0.0,336,0,14,9,5,64.28571428571429,3.310996717282905,11.62133552451063,0.8300953946079022,12.118933639586494,3.1959247316017514,11211.893363958648,8,2,6,25.0,0.6600135711540571,-2.0489474609947433,-0.2561184326243429,-2.096173491974118,5.70105125702476,9790.382650802589,-24.414156737814043
breakout_retest,1440,80,balanced_value,5,0.25,0.1,3,0.1,2.0,0.0,336,0,14,9,5,64.28571428571429,3.310996717282905,11.62133552451063,0.8300953946079022,12.118933639586494,3.1959247316017514,11211.893363958648,8,2,6,25.0,0.6600135711540571,-2.0489474609947433,-0.2561184326243429,-2.096173491974118,5.70105125702476,9790.382650802589,-24.414156737814043
breakout_retest,1440,80,balanced_value,5,0.25,0.1,3,0.1,2.0,0.0,168,0,15,10,5,66.66666666666667,3.434498951877074,12.24239261884226,0.8161595079228173,12.813018679629451,3.1959247316017514,11281.301867962946,8,2,6,25.0,0.6600135711540571,-2.0489474609947433,-0.2561184326243429,-2.096173491974118,5.70105125702476,9790.382650802589,-24.414156737814043
breakout_retest,1440,80,balanced_value,5,0.5,0.1,3,0.1,2.0,0.0,168,0,15,10,5,66.66666666666667,3.434498951877074,12.24239261884226,0.8161595079228173,12.813018679629451,3.1959247316017514,11281.301867962946,8,2,6,25.0,0.6600135711540571,-2.0489474609947433,-0.2561184326243429,-2.096173491974118,5.70105125702476,9790.382650802589,-24.414156737814043
failed_auction,1440,80,balanced_value,10,0.25,0.0,0,0.0,0.0,1.5,72,1,14,6,8,42.857142857142854,2.0045229994203084,3.0601712477193743,0.21858366055138387,3.0287388132707482,6.090708391456922,10302.873881327074,2,1,1,50.0,0.4975157964576024,-0.5043806781550131,-0.25219033907750654,-0.5093934614458173,1.651809420267784,9949.060653855418,-24.479583589456052
breakout_retest,1440,80,balanced_value,5,0.5,0.1,3,0.1,1.5,0.0,336,1,15,7,8,46.666666666666664,2.0630855494711096,5.361331851327822,0.3574221234218548,5.400060706705778,4.220488323611076,10540.006070670577,8,2,6,25.0,0.5919150911180731,-2.0489474609947673,-0.2561184326243459,-2.0743081377926464,4.811535956709424,9792.569186220735,-24.496982779867388
breakout_retest,1440,80,balanced_value,5,0.5,0.1,3,0.1,1.5,0.0,168,1,15,8,7,53.333333333333336,2.2278046701579797,6.188732351887315,0.41258215679248766,6.272164830922988,4.220488323611076,10627.2164830923,8,2,6,25.0,0.5919150911180731,-2.0489474609947673,-0.2561184326243459,-2.0743081377926464,4.811535956709424,9792.569186220735,-24.496982779867388
breakout_retest,1440,80,balanced_value,5,0.25,0.1,3,0.1,1.5,0.0,168,1,15,8,7,53.333333333333336,2.2278046701579797,6.188732351887315,0.41258215679248766,6.272164830922988,4.220488323611076,10627.2164830923,8,2,6,25.0,0.5919150911180731,-2.0489474609947673,-0.2561184326243459,-2.0743081377926464,4.811535956709424,9792.569186220735,-24.496982779867388
breakout_retest,1440,80,balanced_value,5,0.25,0.1,3,0.1,1.5,0.0,336,1,15,7,8,46.666666666666664,2.0630855494711096,5.361331851327822,0.3574221234218548,5.400060706705778,4.220488323611076,10540.006070670577,8,2,6,25.0,0.5919150911180731,-2.0489474609947673,-0.2561184326243459,-2.0743081377926464,4.811535956709424,9792.569186220735,-24.496982779867388
breakout_retest,1440,80,balanced_value,5,0.25,0.1,3,0.0,2.0,0.0,168,0,15,10,5,66.66666666666667,3.435800591725447,12.264330148981749,0.8176220099321166,12.838393593602127,3.304347490176249,11283.839359360212,8,2,6,25.0,0.6574795123051101,-2.0708745538580873,-0.2588593192322609,-2.117786976014102,3.3857628279072705,9788.22130239859,-24.554396210556686
breakout_retest,1440,80,balanced_value,5,0.25,0.1,3,0.0,2.0,0.0,336,0,14,9,5,64.28571428571429,3.330003229963511,11.731637211001754,0.8379740865001253,12.241104660508451,3.304347490176249,11224.110466050844,8,2,6,25.0,0.6574795123051101,-2.0708745538580873,-0.2588593192322609,-2.117786976014102,3.3857628279072705,9788.22130239859,-24.554396210556686
breakout_retest,1440,80,balanced_value,5,0.5,0.1,3,0.0,2.0,0.0,336,0,14,9,5,64.28571428571429,3.330003229963511,11.731637211001754,0.8379740865001253,12.241104660508451,3.304347490176249,11224.110466050844,8,2,6,25.0,0.6574795123051101,-2.0708745538580873,-0.2588593192322609,-2.117786976014102,3.3857628279072705,9788.22130239859,-24.554396210556686
breakout_retest,1440,80,balanced_value,5,0.5,0.1,3,0.0,2.0,0.0,168,0,15,10,5,66.66666666666667,3.435800591725447,12.264330148981749,0.8176220099321166,12.838393593602127,3.304347490176249,11283.839359360212,8,2,6,25.0,0.6574795123051101,-2.0708745538580873,-0.2588593192322609,-2.117786976014102,3.3857628279072705,9788.22130239859,-24.554396210556686
breakout_retest,1440,80,balanced_value,5,0.5,0.1,3,0.1,3.0,0.0,168,1,15,5,10,33.333333333333336,1.9323507335046872,4.765178670265912,0.3176785780177275,4.73380386423965,4.550932481831462,10473.380386423965,8,1,7,12.5,0.5929159419975859,-2.0489474609947433,-0.2561184326243429,-2.0956527986975004,6.218433130992485,9790.43472013025,-24.57939490856505
breakout_retest,1440,80,balanced_value,5,0.5,0.1,3,0.1,3.0,0.0,336,1,14,3,11,21.428571428571427,1.652376875839829,3.336009573784086,0.2382863981274347,3.2443844356562668,4.686055524135005,10324.438443565627,8,1,7,12.5,0.5929159419975859,-2.0489474609947433,-0.2561184326243429,-2.0956527986975004,6.218433130992485,9790.43472013025,-24.57939490856505
breakout_retest,1440,80,balanced_value,5,0.25,0.1,3,0.1,3.0,0.0,336,1,14,3,11,21.428571428571427,1.652376875839829,3.336009573784086,0.2382863981274347,3.2443844356562668,4.686055524135005,10324.438443565627,8,1,7,12.5,0.5929159419975859,-2.0489474609947433,-0.2561184326243429,-2.0956527986975004,6.218433130992485,9790.43472013025,-24.57939490856505
breakout_retest,1440,80,balanced_value,5,0.25,0.1,3,0.1,3.0,0.0,168,1,15,5,10,33.333333333333336,1.9323507335046872,4.765178670265912,0.3176785780177275,4.73380386423965,4.550932481831462,10473.380386423965,8,1,7,12.5,0.5929159419975859,-2.0489474609947433,-0.2561184326243429,-2.0956527986975004,6.218433130992485,9790.43472013025,-24.57939490856505
breakout_retest,1440,80,balanced_value,5,0.25,0.1,6,0.1,2.0,0.0,168,0,17,12,5,70.58823529411765,3.5775566114560924,12.961788301616604,0.762458135389212,13.62588570960963,4.690456983210778,11362.588570960963,9,2,7,22.22222222222222,0.6312878080127796,-2.3231764823967134,-0.25813072026630146,-2.3646694714557825,6.006047600907242,9763.533052854422,-24.680600757359617
failed_auction,240,80,balanced_value,10,0.5,0.0,0,0.1,0.0,1.0,72,1,19,8,11,42.10526315789474,1.748018987283003,6.05311521932945,0.31858501154365526,6.022976536853886,4.989427644292591,10602.297653685388,6,2,4,33.333333333333336,0.6137867670151367,-1.5530274888383848,-0.25883791480639745,-1.576415670092468,3.6974464801109677,9842.358432990753,-24.760992590361496
failed_auction,240,80,balanced_value,10,0.5,0.0,0,0.1,0.0,1.0,72,0,18,8,10,44.44444444444444,1.8945100053834518,9.01537941566773,0.5008544119815406,8.89306422418954,6.668840255073065,10889.306422418955,6,2,4,33.333333333333336,0.6137867670151367,-1.5530274888383848,-0.25883791480639745,-1.576415670092468,3.6974464801109677,9842.358432990753,-24.861757347008325
breakout_retest,1440,80,balanced_value,5,0.25,0.1,6,0.0,2.0,0.0,168,0,17,12,5,70.58823529411765,3.9354197604069343,14.779927876597476,0.8694075221527927,15.688679774848048,3.3043474901762506,11568.867977484804,9,2,7,22.22222222222222,0.6259759499426681,-2.3751516450291588,-0.2639057383365732,-2.415640373883221,3.8277312495652187,9758.435962611678,-25.13802729944649
breakout_retest,240,80,balanced_value,5,0.5,0.1,3,0.25,3.0,0.0,72,0,19,9,10,47.36842105263158,2.3145365768646946,12.209619274483147,0.6426115407622709,12.609991355646045,6.235326600885031,11260.999135564603,13,4,9,30.76923076923077,0.621205420540051,-3.4648989847159233,-0.2665306911319941,-3.5089600496640894,5.8509089776971726,9649.10399503359,-25.520872135210887
breakout_retest,1440,80,balanced_value,5,0.25,0.1,3,0.1,3.0,0.0,72,0,14,8,6,57.142857142857146,2.054294101496748,5.78487281731972,0.4132052012371229,5.810643345821265,4.84825128225181,10581.064334582126,8,1,7,12.5,0.5797357689574779,-2.163376893130551,-0.27042211164131885,-2.207817622328545,7.76495264570544,9779.218237767145,-26.128914327225633
breakout_retest,1440,80,balanced_value,5,0.5,0.1,3,0.1,3.0,0.0,72,0,14,8,6,57.142857142857146,2.054294101496748,5.78487281731972,0.4132052012371229,5.810643345821265,4.84825128225181,10581.064334582126,8,1,7,12.5,0.5797357689574779,-2.163376893130551,-0.27042211164131885,-2.207817622328545,7.76495264570544,9779.218237767145,-26.128914327225633
failed_auction,240,80,balanced_value,5,0.25,0.1,0,0.25,0.0,1.5,72,1,16,9,7,56.25,2.371360241200859,9.706355065275085,0.6066471915796928,9.948504399263246,4.785517394868253,10994.850439926324,8,2,6,25.0,0.5665074696026856,-2.182699463051299,-0.2728374328814124,-2.205909185764754,4.143267469574541,9779.409081423524,-26.218136934894343
breakout_retest,1440,80,balanced_value,5,0.5,0.1,3,0.0,2.0,0.0,72,1,15,8,7,53.333333333333336,2.982753353843277,7.046296767745973,0.46975311784973156,7.186396528628203,3.327492090110308,10718.639652862821,8,1,7,12.5,0.47485626182497404,-2.19352960751272,-0.27419120093909,-2.2088030542700476,3.7632020194205427,9779.119694572995,-26.475477233690665
breakout_retest,1440,80,balanced_value,5,0.25,0.1,3,0.0,2.0,0.0,72,1,15,8,7,53.333333333333336,2.982753353843277,7.046296767745973,0.46975311784973156,7.186396528628203,3.327492090110308,10718.639652862821,8,1,7,12.5,0.47485626182497404,-2.19352960751272,-0.27419120093909,-2.2088030542700476,3.7632020194205427,9779.119694572995,-26.475477233690665
failed_auction,1440,80,balanced_value,10,0.25,0.0,0,0.1,0.0,1.5,72,1,16,6,10,37.5,1.0591360384684838,0.3017875084850867,0.018861719280317917,0.23086414924708976,4.283680433981343,10023.086414924708,2,1,1,50.0,0.44860222516157616,-0.5532027710189473,-0.27660138550947366,-0.5577182112571633,1.5743100698125678,9944.228178874284,-26.91009369779628
failed_auction,1440,80,balanced_value,10,0.25,0.0,0,0.1,0.0,1.5,72,0,13,8,5,61.53846153846154,2.6772398262967063,8.514701994755816,0.6549770765196782,8.542262862959804,4.470052715701979,10854.22628629598,2,1,1,50.0,0.44860222516157616,-0.5532027710189473,-0.27660138550947366,-0.5577182112571633,1.5743100698125678,9944.228178874284,-26.92127603469952
breakout_retest,1440,80,balanced_value,5,0.25,0.1,6,0.1,3.0,0.0,336,0,15,8,7,53.333333333333336,2.9915569611829373,14.10839726506088,0.9405598176707254,14.777617005688182,5.450187786901772,11477.761700568819,9,2,7,22.22222222222222,0.6380732092515892,-2.5462787790304193,-0.28291986433671323,-2.6022862552553816,7.3110471169651925,9739.771374474461,-27.224244332886652
breakout_retest,1440,80,balanced_value,5,0.25,0.1,6,0.25,1.5,0.0,72,1,17,10,7,58.8235294117647,2.8156300755838806,6.217492700881763,0.3657348647577508,6.337876713455071,1.9923076678688991,10633.787671345508,9,2,7,22.22222222222222,0.38725968971846925,-2.5295069841206406,-0.28105633156896004,-2.5283673015331076,5.268805820958413,9747.16326984669,-27.416983617417166
breakout_retest,240,80,balanced_value,5,0.25,0.1,3,0.25,3.0,0.0,168,1,19,7,12,36.8421052631579,3.9905730092446787,12.444113078794217,0.6549533199365377,12.986003289485915,3.2220042463390866,11298.60032894859,11,1,10,9.090909090909092,0.4884497514710159,-3.131999648966441,-0.284727240815131,-3.1558757687649264,5.048728879858876,9684.412423123507,-27.550257646383802
breakout_retest,240,80,balanced_value,5,0.25,0.1,3,0.25,3.0,0.0,336,1,19,7,12,36.8421052631579,4.719210306132992,15.476055414886929,0.81452923236247,16.390576731476656,3.2220042463390905,11639.057673147665,11,1,10,9.090909090909092,0.4884497514710159,-3.131999648966441,-0.284727240815131,-3.1558757687649264,5.048728879858876,9684.412423123507,-27.550257646383802
failed_auction,240,80,balanced_value,10,0.5,0.0,0,0.25,0.0,1.0,72,1,20,8,12,40.0,1.3905497579924884,3.560159704963719,0.17800798524818595,3.4413636021762173,5.194059787842727,10344.13636021762,6,2,4,33.333333333333336,0.567479165115982,-1.7377644301559996,-0.28962740502599993,-1.755777707070083,3.7024322837018127,9824.422229292992,-27.94483474473306
failed_auction,240,80,balanced_value,10,0.5,0.0,0,0.25,0.0,1.0,72,0,19,8,11,42.10526315789474,1.4415465644118872,4.903466674803826,0.2580771934107277,4.665874582071439,7.080932733932553,10466.587458207143,6,2,4,33.333333333333336,0.567479165115982,-1.7377644301559996,-0.28962740502599993,-1.755777707070083,3.7024322837018127,9824.422229292992,-28.05804712149845
failed_auction,1440,80,balanced_value,5,0.25,0.0,0,0.0,0.0,1.5,72,1,14,7,7,50.0,4.079595315818312,6.297138905673038,0.44979563611950274,6.397487086777787,6.090708391456929,10639.748708677778,5,2,3,40.0,0.5189995387855316,-1.4557340774694343,-0.2911468154938869,-1.4671757917417705,2.817344314944556,9853.282420825823,-28.262949028382238
failed_auction,1440,80,balanced_value,5,0.5,0.0,0,0.0,0.0,1.5,72,1,15,7,8,46.666666666666664,3.48647684746409,5.949279072320679,0.3966186048213786,6.027372965506639,6.0907083914569276,10602.737296550664,5,2,3,40.0,0.5189995387855316,-1.4557340774694343,-0.2911468154938869,-1.4671757917417705,2.817344314944556,9853.282420825823,-28.262949028382238
failed_auction,1440,80,balanced_value,5,0.5,0.0,0,0.0,0.0,1.5,72,0,12,9,3,75.0,8.408329688292696,17.47384939987179,1.4561541166559824,18.3749624741254,6.3556999653395705,11837.49624741254,5,2,3,40.0,0.5189995387855316,-1.4557340774694343,-0.2911468154938869,-1.4671757917417705,2.817344314944556,9853.282420825823,-28.278848522815196
failed_auction,240,80,balanced_value,5,0.25,0.0,0,0.0,0.0,1.0,72,0,19,9,10,47.36842105263158,2.7190422251662847,17.42718801237328,0.9172204217038568,18.095839317763062,8.475196368849906,11809.583931776306,11,3,8,27.272727272727273,0.601864082139833,-3.217653743403137,-0.2925139766730125,-3.2473308759599084,6.009127261711168,9675.26691240401,-28.307690620173776
failed_auction,240,80,balanced_value,5,0.25,0.0,0,0.0,0.0,1.5,72,0,19,9,10,47.36842105263158,2.7190422251662847,17.42718801237328,0.9172204217038568,18.095839317763062,8.475196368849906,11809.583931776306,11,3,8,27.272727272727273,0.601864082139833,-3.217653743403137,-0.2925139766730125,-3.2473308759599084,6.009127261711168,9675.26691240401,-28.307690620173776
failed_auction,240,80,balanced_value,5,0.5,0.0,0,0.0,0.0,1.0,72,0,20,9,11,45.0,2.202075599171837,13.393795282793459,0.669689764139673,13.49945856130268,9.394556190455676,11349.945856130269,11,3,8,27.272727272727273,0.601864082139833,-3.217653743403137,-0.2925139766730125,-3.2473308759599084,6.009127261711168,9675.26691240401,-28.362852209470123
failed_auction,240,80,balanced_value,5,0.5,0.0,0,0.0,0.0,1.5,72,0,20,9,11,45.0,2.202075599171837,13.393795282793459,0.669689764139673,13.49945856130268,9.394556190455676,11349.945856130269,11,3,8,27.272727272727273,0.601864082139833,-3.217653743403137,-0.2925139766730125,-3.2473308759599084,6.009127261711168,9675.26691240401,-28.362852209470123
breakout_retest,240,80,balanced_value,5,0.25,0.1,3,0.0,3.0,0.0,336,0,17,10,7,58.8235294117647,4.00637742645154,21.511476405485354,1.2653809650285501,23.448751646359668,5.174319175668267,12344.875164635967,11,2,9,18.181818181818183,0.6436188655213281,-3.294151272806145,-0.2994682975278314,-3.3706448051128213,6.2893335457768025,9662.935519488718,-28.78846136950829
breakout_retest,240,80,balanced_value,5,0.25,0.1,3,0.0,3.0,0.0,168,0,17,10,7,58.8235294117647,3.7374784524236406,19.587428584886933,1.1522016814639373,21.14143479292725,5.174319175668268,12114.143479292725,11,2,9,18.181818181818183,0.6436188655213281,-3.294151272806145,-0.2994682975278314,-3.3706448051128213,6.2893335457768025,9662.935519488718,-28.78846136950829
failed_auction,1440,80,balanced_value,10,0.25,0.0,0,0.25,0.0,1.5,72,1,13,6,7,46.15384615384615,1.2774210905572765,0.8444793949464907,0.06495995345742236,0.8162512641739506,2.9644252116705334,10081.625126417395,2,1,1,50.0,0.39092978599379663,-0.6107330910190079,-0.30536654550950393,-0.6146637642653663,1.4877897487717384,9938.533623573463,-29.82279926279622
failed_auction,1440,80,balanced_value,10,0.25,0.0,0,0.25,0.0,1.0,72,1,14,6,8,42.857142857142854,0.9612184710938195,-0.15688682848455598,-0.011206202034611142,-0.193288623714849,2.96442521167053,9980.671137628515,2,1,1,50.0,0.39092978599379663,-0.6107330910190079,-0.30536654550950393,-0.6146637642653663,1.4877897487717384,9938.533623573463,-29.82279926279622
failed_auction,1440,80,balanced_value,10,0.25,0.0,0,0.25,0.0,1.5,72,0,12,8,4,66.66666666666667,2.591371297554163,6.41262877933138,0.5343857316109483,6.442925725662874,3.931348869671061,10644.292572566288,2,1,1,50.0,0.39092978599379663,-0.6107330910190079,-0.30536654550950393,-0.6146637642653663,1.4877897487717384,9938.533623573463,-29.880814682276252
failed_auction,1440,80,balanced_value,10,0.25,0.0,0,0.25,0.0,1.0,72,0,13,8,5,61.53846153846154,2.0755858729503904,5.411262555900333,0.41625096583848714,5.37704222021429,3.931348869671077,10537.70422202143,2,1,1,50.0,0.39092978599379663,-0.6107330910190079,-0.30536654550950393,-0.6146637642653663,1.4877897487717384,9938.533623573463,-29.880814682276252
failed_auction,240,80,balanced_value,5,0.25,0.1,0,0.25,0.0,1.5,72,0,16,9,7,56.25,2.371360241200859,9.706355065275085,0.6066471915796928,9.948504399263246,4.785517394868253,10994.850439926324,7,2,5,28.571428571428573,0.5678174000531901,-2.171083589808843,-0.3101547985441204,-2.194516309169281,4.143267469574511,9780.548369083072,-29.959031943829775
failed_auction,1440,80,balanced_value,5,0.5,0.0,0,0.1,0.0,1.5,72,1,17,7,10,41.1764705882353,1.6719976999345263,2.972196959898943,0.1748351152881731,2.9280449933209995,4.283680433981328,10292.8044993321,5,2,3,40.0,0.4773088322006305,-1.577945641825924,-0.31558912836518477,-1.5864066580002167,2.7489735860680202,9841.359334199979,-30.68214005123329
failed_auction,1440,80,balanced_value,5,0.25,0.0,0,0.1,0.0,1.5,72,1,16,7,9,43.75,1.802906472157807,3.2933450554587633,0.2058340659661727,3.259661429483285,4.283680433981338,10325.966142948328,5,2,3,40.0,0.4773088322006305,-1.577945641825924,-0.31558912836518477,-1.5864066580002167,2.7489735860680202,9841.359334199979,-30.68214005123329
failed_auction,1440,80,balanced_value,5,0.25,0.0,0,0.1,0.0,1.5,72,0,13,9,4,69.23076923076923,3.8235394115184542,11.506259541729493,0.8850968878253457,11.822215733170438,4.470052715701981,11182.221573317043,5,2,3,40.0,0.4773088322006305,-1.577945641825924,-0.31558912836518477,-1.5864066580002167,2.7489735860680202,9841.359334199979,-30.69332238813653
failed_auction,1440,80,balanced_value,5,0.5,0.0,0,0.1,0.0,1.5,72,0,14,9,5,64.28571428571429,3.5442291853131636,11.185111446169673,0.7989365318692624,11.463100816930627,4.470052715701982,11146.310081693062,5,2,3,40.0,0.4773088322006305,-1.577945641825924,-0.31558912836518477,-1.5864066580002167,2.7489735860680202,9841.359334199979,-30.69332238813653
breakout_retest,240,80,balanced_value,5,0.5,0.1,3,0.25,3.0,0.0,336,1,21,7,14,33.333333333333336,4.6670397761792,15.429540387012334,0.7347400184291588,16.336442259129136,3.2220042463390755,11633.644225912914,13,1,12,7.6923076923076925,0.41720479538699673,-4.177533831674492,-0.32134875628265325,-4.168284547350032,6.041349766081322,9583.171545264997,-31.399041290494687
breakout_retest,240,80,balanced_value,5,0.5,0.1,3,0.25,3.0,0.0,168,1,21,7,14,33.333333333333336,3.9464575121156282,12.397598050919623,0.5903618119485534,12.93345231978973,3.2220042463390595,11293.345231978972,13,1,12,7.6923076923076925,0.41720479538699673,-4.177533831674492,-0.32134875628265325,-4.168284547350032,6.041349766081322,9583.171545264997,-31.399041290494687
breakout_retest,1440,80,balanced_value,5,0.25,0.1,3,0.0,1.5,0.0,72,1,16,10,6,62.5,3.0032646701149863,7.103727594304056,0.4439829746440035,7.267778656330526,3.327492090110308,10726.777865633052,8,1,7,12.5,0.35515335551898275,-2.69352960751272,-0.33669120093909,-2.6882493256918494,3.9350064308167796,9731.175067430815,-32.97519131098642
breakout_retest,1440,80,balanced_value,5,0.5,0.1,3,0.0,1.5,0.0,72,1,16,10,6,62.5,3.0032646701149863,7.103727594304056,0.4439829746440035,7.267778656330526,3.327492090110308,10726.777865633052,8,1,7,12.5,0.35515335551898275,-2.69352960751272,-0.33669120093909,-2.6882493256918494,3.9350064308167796,9731.175067430815,-32.97519131098642
breakout_retest,1440,80,balanced_value,5,0.25,0.1,6,0.1,3.0,0.0,72,0,16,10,6,62.5,2.4597632869390598,8.009667270590437,0.5006042044119023,8.177745230118338,4.84825128225181,10817.774523011834,9,2,7,22.22222222222222,0.5057176836578691,-3.037479755277618,-0.337497750586402,-3.0639017472318897,8.572388965050221,9693.609825276812,-33.02242451992807
breakout_retest,1440,80,balanced_value,5,0.25,0.1,6,0.0,2.0,0.0,72,1,17,10,7,58.8235294117647,3.69738601612127,9.585953961402721,0.5638796447883954,9.92561929743825,2.1241273917622214,10992.561929743824,9,2,7,22.22222222222222,0.409714384804528,-3.0546512213586046,-0.33940569126206716,-3.0523224613469013,5.005139415945201,9694.76775386531,-33.19119021225497
breakout_retest,1440,80,balanced_value,5,0.25,0.1,6,0.1,2.0,0.0,336,1,17,6,11,35.294117647058826,2.3525800011815,6.852970545913447,0.4031159144654969,6.940941626464325,4.921946144042466,10694.094162646432,9,1,8,11.11111111111111,0.393852407386468,-3.053853970888649,-0.3393171078765166,-3.0511032561526763,6.22305455394661,9694.889674384733,-33.28713073681612
breakout_retest,1440,80,balanced_value,5,0.25,0.1,6,0.1,2.0,0.0,168,1,17,8,9,47.05882352941177,2.613546007959195,8.164666329892686,0.48027448999368744,8.348010546223318,4.921946144042466,10834.801054622332,9,1,8,11.11111111111111,0.393852407386468,-3.053853970888649,-0.3393171078765166,-3.0511032561526763,6.22305455394661,9694.889674384733,-33.28713073681612
failed_auction,1440,80,balanced_value,5,0.25,0.0,0,0.25,0.0,1.0,72,1,14,7,7,50.0,1.8387747197126507,2.553259257890168,0.18237566127786914,2.538979064350877,2.9644252116705365,10253.897906435088,5,2,3,40.0,0.4255621761139124,-1.7312019642270444,-0.34624039284540886,-1.735906488154726,2.6655396357591488,9826.409351184528,-33.77160449809048
failed_auction,1440,80,balanced_value,5,0.25,0.0,0,0.25,0.0,1.5,72,1,14,7,7,50.0,1.8387747197126507,2.553259257890168,0.18237566127786914,2.538979064350877,2.9644252116705365,10253.897906435088,5,2,3,40.0,0.4255621761139124,-1.7312019642270444,-0.34624039284540886,-1.735906488154726,2.6655396357591488,9826.409351184528,-33.77160449809048
failed_auction,1440,80,balanced_value,5,0.5,0.0,0,0.25,0.0,1.5,72,1,15,7,8,46.666666666666664,1.6798538104840495,2.265281374729823,0.15101875831532155,2.2436894830271337,2.964425211670534,10224.368948302714,5,2,3,40.0,0.4255621761139124,-1.7312019642270444,-0.34624039284540886,-1.735906488154726,2.6655396357591488,9826.409351184528,-33.77160449809048
failed_auction,1440,80,balanced_value,5,0.5,0.0,0,0.25,0.0,1.0,72,1,15,7,8,46.666666666666664,1.6798538104840495,2.265281374729823,0.15101875831532155,2.2436894830271337,2.964425211670534,10224.368948302714,5,2,3,40.0,0.4255621761139124,-1.7312019642270444,-0.34624039284540886,-1.735906488154726,2.6655396357591488,9826.409351184528,-33.77160449809048
failed_auction,1440,80,balanced_value,5,0.5,0.0,0,0.25,0.0,1.0,72,0,14,9,5,64.28571428571429,2.8143010987163293,7.833430759114711,0.5595307685081937,7.9500309631828525,3.9313488696710586,10795.003096318285,5,2,3,40.0,0.4255621761139124,-1.7312019642270444,-0.34624039284540886,-1.735906488154726,2.6655396357591488,9826.409351184528,-33.82961991757052
failed_auction,1440,80,balanced_value,5,0.25,0.0,0,0.25,0.0,1.0,72,0,13,9,4,69.23076923076923,3.0154256629794194,8.121408642275057,0.6247237417134659,8.26180100599112,3.931348869671061,10826.180100599113,5,2,3,40.0,0.4255621761139124,-1.7312019642270444,-0.34624039284540886,-1.735906488154726,2.6655396357591488,9826.409351184528,-33.82961991757052
failed_auction,1440,80,balanced_value,5,0.25,0.0,0,0.25,0.0,1.5,72,0,13,9,4,69.23076923076923,3.0154256629794194,8.121408642275057,0.6247237417134659,8.26180100599112,3.931348869671061,10826.180100599113,5,2,3,40.0,0.4255621761139124,-1.7312019642270444,-0.34624039284540886,-1.735906488154726,2.6655396357591488,9826.409351184528,-33.82961991757052
failed_auction,1440,80,balanced_value,5,0.5,0.0,0,0.25,0.0,1.5,72,0,14,9,5,64.28571428571429,2.8143010987163293,7.833430759114711,0.5595307685081937,7.9500309631828525,3.9313488696710586,10795.003096318285,5,2,3,40.0,0.4255621761139124,-1.7312019642270444,-0.34624039284540886,-1.735906488154726,2.6655396357591488,9826.409351184528,-33.82961991757052
failed_auction,240,80,balanced_value,10,0.5,0.0,0,0.0,0.0,1.5,72,1,20,8,12,40.0,1.686308747862645,6.260515709806249,0.31302578549031246,6.204070581386922,6.589170577625568,10620.407058138691,7,2,5,28.571428571428573,0.5161795664172991,-2.448173230824883,-0.34973903297498327,-2.460656798488703,4.693026983863064,9753.93432015113,-34.12895024515328
failed_auction,240,80,balanced_value,10,0.5,0.0,0,0.0,0.0,1.0,72,1,20,8,12,40.0,1.686308747862645,6.260515709806249,0.31302578549031246,6.204070581386922,6.589170577625568,10620.407058138691,7,2,5,28.571428571428573,0.5161795664172991,-2.448173230824883,-0.34973903297498327,-2.460656798488703,4.693026983863064,9753.93432015113,-34.12895024515328
failed_auction,240,80,balanced_value,10,0.5,0.0,0,0.0,0.0,1.5,72,0,19,8,11,42.10526315789474,1.994067017143978,11.039218241298489,0.581011486384131,10.889880017735543,8.448513218406362,11088.988001773554,7,2,5,28.571428571428573,0.5161795664172991,-2.448173230824883,-0.34973903297498327,-2.460656798488703,4.693026983863064,9753.93432015113,-34.240510803600124
failed_auction,240,80,balanced_value,10,0.5,0.0,0,0.0,0.0,1.0,72,0,19,8,11,42.10526315789474,1.994067017143978,11.039218241298489,0.581011486384131,10.889880017735543,8.448513218406362,11088.988001773554,7,2,5,28.571428571428573,0.5161795664172991,-2.448173230824883,-0.34973903297498327,-2.460656798488703,4.693026983863064,9753.93432015113,-34.240510803600124
failed_auction,240,80,balanced_value,5,0.25,0.0,0,0.25,0.0,1.5,72,1,20,9,11,45.0,2.06484375260294,8.655673124563895,0.43278365622819476,8.793696585354315,5.204876316286276,10879.369658535432,9,2,7,22.22222222222222,0.4721638995012827,-3.1887779228013464,-0.3543086580890385,-3.189794468355178,4.7145138949097625,9681.020553164482,-34.56857207957906
failed_auction,240,80,balanced_value,5,0.5,0.0,0,0.25,0.0,1.5,72,1,21,9,12,42.857142857142854,1.6182091717078542,5.645789529735465,0.26884712046359355,5.598225443155069,6.15652984340258,10559.822544315506,9,2,7,22.22222222222222,0.4721638995012827,-3.1887779228013464,-0.3543086580890385,-3.189794468355178,4.7145138949097625,9681.020553164482,-34.62567129120604
failed_auction,240,80,balanced_value,10,0.5,0.0,0,0.1,0.0,1.5,168,1,17,7,10,41.1764705882353,2.705057491847465,12.08219142153714,0.7107171424433611,12.380993619083714,6.038751513108117,11238.099361908371,5,1,4,20.0,0.5561403551030966,-1.7848332756064615,-0.35696665512129233,-1.8131817117836957,2.9297224177070156,9818.681828821631,-34.767533945786724
failed_auction,240,80,balanced_value,10,0.5,0.0,0,0.1,0.0,1.5,168,0,16,7,9,43.75,3.253129240257973,20.44143204355752,1.277589502722345,21.13846578166001,7.908911318490117,12113.846578166002,5,1,4,20.0,0.5561403551030966,-1.7848332756064615,-0.35696665512129233,-1.8131817117836957,2.9297224177070156,9818.681828821631,-34.87974353410964
failed_auction,240,80,balanced_value,5,0.25,0.1,0,0.1,0.0,1.5,72,0,15,9,6,60.0,3.135057969692349,12.898467195716252,0.8598978130477501,13.460512991040584,3.832086646638308,11346.051299104058,8,2,6,25.0,0.5160384908186565,-2.9196524409069227,-0.36495655511336533,-2.9331907796033896,4.2464070278019825,9706.68092203966,-35.49864049363372
breakout_retest,1440,80,balanced_value,5,0.25,0.1,6,0.25,2.0,0.0,168,1,16,6,10,37.5,1.8536133453907295,4.331971441065846,0.2707482150666154,4.317681983107025,4.768564012808988,10431.768198310703,9,1,8,11.11111111111111,0.3780898618117993,-3.2747774288040823,-0.36386415875600914,-3.26542516225351,6.074333330071322,9673.45748377465,-35.76443764248219
breakout_retest,1440,80,balanced_value,5,0.25,0.1,6,0.0,1.5,0.0,168,0,18,13,5,72.22222222222223,3.532172332193823,12.749564796740374,0.7083091553744653,13.426689550512005,3.3043474901762493,11342.6689550512,9,2,7,22.22222222222222,0.4685021941763326,-3.3751516450291583,-0.37501684944768426,-3.370121064079412,3.953529281884564,9662.987893592059,-36.57163380402944
breakout_retest,1440,80,balanced_value,5,0.25,0.1,3,0.25,2.0,0.0,336,1,14,4,10,28.571428571428573,1.5725768454875144,2.905088744628123,0.20750633890200879,2.840751559452248,3.5004723139472063,10284.075155945224,8,1,7,12.5,0.39606249165298796,-3.035830162522366,-0.37947877031529575,-3.0337163283759905,5.849352688643369,9696.6283671624,-37.286990751808574
breakout_retest,1440,80,balanced_value,5,0.5,0.1,3,0.25,2.0,0.0,336,1,14,4,10,28.571428571428573,1.5725768454875144,2.905088744628123,0.20750633890200879,2.840751559452248,3.5004723139472063,10284.075155945224,8,1,7,12.5,0.39606249165298796,-3.035830162522366,-0.37947877031529575,-3.0337163283759905,5.849352688643369,9696.6283671624,-37.286990751808574
breakout_retest,1440,80,balanced_value,5,0.5,0.1,3,0.25,2.0,0.0,168,1,15,6,9,40.0,1.854950615158797,4.335630008492233,0.28904200056614887,4.321498655475597,3.379753558216378,10432.149865547559,8,1,7,12.5,0.39606249165298796,-3.035830162522366,-0.37947877031529575,-3.0337163283759905,5.849352688643369,9696.6283671624,-37.286990751808574
breakout_retest,1440,80,balanced_value,5,0.25,0.1,3,0.25,2.0,0.0,168,1,15,6,9,40.0,1.854950615158797,4.335630008492233,0.28904200056614887,4.321498655475597,3.379753558216378,10432.149865547559,8,1,7,12.5,0.39606249165298796,-3.035830162522366,-0.37947877031529575,-3.0337163283759905,5.849352688643369,9696.6283671624,-37.286990751808574
breakout_retest,1440,80,balanced_value,5,0.5,0.1,3,0.0,1.5,0.0,336,0,15,10,5,66.66666666666667,2.8486050273750867,9.307782602489402,0.6205188401659602,9.613907441209335,3.3043474901762413,10961.390744120934,8,2,6,25.0,0.49208055703919784,-3.0708745538580877,-0.38385931923226096,-3.075180994922644,3.660369929644771,9692.481900507735,-37.40167054719276
breakout_retest,1440,80,balanced_value,5,0.25,0.1,3,0.0,1.5,0.0,168,0,16,11,5,68.75,2.9382439756793977,9.759117436689777,0.6099448397931111,10.109311485350482,3.3043474901762413,11010.931148535048,8,2,6,25.0,0.49208055703919784,-3.0708745538580877,-0.38385931923226096,-3.075180994922644,3.660369929644771,9692.481900507735,-37.40167054719276
breakout_retest,1440,80,balanced_value,5,0.25,0.1,3,0.0,1.5,0.0,336,0,15,10,5,66.66666666666667,2.8486050273750867,9.307782602489402,0.6205188401659602,9.613907441209335,3.3043474901762413,10961.390744120934,8,2,6,25.0,0.49208055703919784,-3.0708745538580877,-0.38385931923226096,-3.075180994922644,3.660369929644771,9692.481900507735,-37.40167054719276
breakout_retest,1440,80,balanced_value,5,0.5,0.1,3,0.0,1.5,0.0,168,0,16,11,5,68.75,2.9382439756793977,9.759117436689777,0.6099448397931111,10.109311485350482,3.3043474901762413,11010.931148535048,8,2,6,25.0,0.49208055703919784,-3.0708745538580877,-0.38385931923226096,-3.075180994922644,3.660369929644771,9692.481900507735,-37.40167054719276
breakout_retest,1440,80,balanced_value,5,0.25,0.1,3,0.1,2.0,0.0,336,1,15,6,9,40.0,2.3564688394795565,6.861331851327802,0.45742212342185345,6.949883847350091,4.220488323611076,10694.98838473501,8,1,7,12.5,0.3942363439346961,-3.0489474609947433,-0.3811184326243429,-3.046325516222481,6.218433130992485,9695.367448377752,-37.47675410469082
breakout_retest,1440,80,balanced_value,5,0.5,0.1,3,0.1,2.0,0.0,336,1,15,6,9,40.0,2.3564688394795565,6.861331851327802,0.45742212342185345,6.949883847350091,4.220488323611076,10694.98838473501,8,1,7,12.5,0.3942363439346961,-3.0489474609947433,-0.3811184326243429,-3.046325516222481,6.218433130992485,9695.367448377752,-37.47675410469082
breakout_retest,1440,80,balanced_value,5,0.5,0.1,3,0.1,2.0,0.0,168,1,15,7,8,46.666666666666664,2.520853930383311,7.688732351887293,0.5125821567924862,7.834811561456201,4.220488323611076,10783.481156145619,8,1,7,12.5,0.3942363439346961,-3.0489474609947433,-0.3811184326243429,-3.046325516222481,6.218433130992485,9695.367448377752,-37.47675410469082
breakout_retest,1440,80,balanced_value,5,0.25,0.1,3,0.1,2.0,0.0,168,1,15,7,8,46.666666666666664,2.520853930383311,7.688732351887293,0.5125821567924862,7.834811561456201,4.220488323611076,10783.481156145619,8,1,7,12.5,0.3942363439346961,-3.0489474609947433,-0.3811184326243429,-3.046325516222481,6.218433130992485,9695.367448377752,-37.47675410469082
failed_auction,240,80,balanced_value,10,0.5,0.0,0,0.25,0.0,1.5,168,1,18,7,11,38.888888888888886,2.0833267442751433,8.786318914346936,0.48812882857482975,8.830902829086252,6.520391815116418,10883.090282908624,5,1,4,20.0,0.5173242598191214,-1.9392747468696403,-0.38785494937392806,-1.961403856021715,2.856029736166828,9803.859614397828,-37.96289397973874
failed_auction,240,80,balanced_value,10,0.5,0.0,0,0.25,0.0,1.5,168,0,17,7,10,41.1764705882353,2.413511994144147,14.276388269765032,0.839787545280296,14.386714020735702,8.380867469916296,11438.67140207357,5,1,4,20.0,0.5173242598191214,-1.9392747468696403,-0.38785494937392806,-1.961403856021715,2.856029736166828,9803.859614397828,-38.074522519026736
breakout_retest,1440,80,balanced_value,5,0.25,0.1,6,0.0,1.5,0.0,72,1,18,12,6,66.66666666666667,3.719452821014144,9.643384787960807,0.5357435993311559,10.00908120190691,2.1241273917622214,11000.90812019069,9,2,7,22.22222222222222,0.31309359696005956,-3.5546512213586046,-0.39496124681762274,-3.5276331638501635,5.005139415945201,9647.236683614983,-38.93998734349947
breakout_retest,240,80,balanced_value,5,0.5,0.1,6,0.25,3.0,0.0,336,0,22,12,10,54.54545454545455,3.4083353832333065,24.434180562991138,1.1106445710450517,26.98049023527702,3.9629986600469103,12698.049023527701,13,2,11,15.384615384615385,0.5358405717341511,-5.182231889155499,-0.39863322224273073,-5.187615463760342,7.134596442942119,9481.238453623966,-38.955811134419775
breakout_retest,240,80,balanced_value,5,0.5,0.1,6,0.25,3.0,0.0,168,0,22,12,10,54.54545454545455,2.8498898657067624,18.76837558215938,0.8531079810072445,20.11384120227657,5.7094865760757445,12011.384120227658,13,2,11,15.384615384615385,0.5358405717341511,-5.182231889155499,-0.39863322224273073,-5.187615463760342,7.134596442942119,9481.238453623966,-38.955811134419775
failed_auction,240,80,balanced_value,5,0.25,0.0,0,0.25,0.0,1.5,72,0,19,9,10,47.36842105263158,1.988233985173492,9.998980094404,0.5262621102317895,10.081567040393114,7.091533986678752,11008.156704039311,8,2,6,25.0,0.47307350967519085,-3.1771620495588904,-0.3971452561948613,-3.1785162130370748,4.714513894909754,9682.148378696293,-38.97414818160285
failed_auction,240,80,balanced_value,5,0.5,0.0,0,0.25,0.0,1.5,72,0,20,9,11,45.0,1.6284065485289632,6.989096499575572,0.3494548249787786,6.848268772145816,8.024247252347863,10684.826877214582,8,2,6,25.0,0.47307350967519085,-3.1771620495588904,-0.3971452561948613,-3.1785162130370748,4.714513894909754,9682.148378696293,-39.030110977542996
breakout_retest,1440,80,balanced_value,5,0.25,0.1,6,0.25,1.5,0.0,168,1,17,9,8,52.94117647058823,2.3046161092462607,6.597722956388644,0.38810135037580257,6.706427324712849,3.1286007365722104,10670.642732471286,9,1,8,11.11111111111111,0.2831352959353424,-3.7747774288041,-0.41941971431156666,-3.7396565690722694,6.074333330071322,9626.034343092773,-41.50990232979086
failed_auction,240,80,balanced_value,5,0.25,0.0,0,0.1,0.0,1.5,72,0,18,9,9,50.0,2.6252406881150514,14.788877128141237,0.8216042848967354,15.283480326874098,6.686122312259424,11528.34803268741,9,2,7,22.22222222222222,0.44217027118182706,-3.927485094046724,-0.43638723267185825,-3.9114617782874617,4.716789811110926,9608.853822171253,-42.92529155425834
failed_auction,240,80,balanced_value,5,0.5,0.0,0,0.1,0.0,1.5,72,0,19,9,10,47.36842105263158,2.114153163336733,11.257111056202987,0.5924795292738414,11.333250443742493,7.623215525159047,11133.325044374249,9,2,7,22.22222222222222,0.44217027118182706,-3.927485094046724,-0.43638723267185825,-3.9114617782874617,4.716789811110926,9608.853822171253,-42.981517147032314
breakout_retest,1440,80,balanced_value,5,0.25,0.1,3,0.25,1.5,0.0,336,1,15,6,9,40.0,1.7711667974134815,3.901887037050779,0.26012580247005196,3.8837365208761243,3.128600736572214,10388.373652087612,8,1,7,12.5,0.29659422827602044,-3.535830162522384,-0.441978770315298,-3.5090836641679,5.849352688643369,9649.09163358321,-43.735927278562734
breakout_retest,1440,80,balanced_value,5,0.5,0.1,3,0.25,1.5,0.0,168,1,15,7,8,46.666666666666664,1.9236542374322765,4.67111721439143,0.311407814292762,4.68286158629494,3.128600736572214,10468.286158629493,8,1,7,12.5,0.29659422827602044,-3.535830162522384,-0.441978770315298,-3.5090836641679,5.849352688643369,9649.09163358321,-43.735927278562734
breakout_retest,1440,80,balanced_value,5,0.25,0.1,3,0.25,1.5,0.0,168,1,15,7,8,46.666666666666664,1.9236542374322765,4.67111721439143,0.311407814292762,4.68286158629494,3.128600736572214,10468.286158629493,8,1,7,12.5,0.29659422827602044,-3.535830162522384,-0.441978770315298,-3.5090836641679,5.849352688643369,9649.09163358321,-43.735927278562734
breakout_retest,1440,80,balanced_value,5,0.5,0.1,3,0.25,1.5,0.0,336,1,15,6,9,40.0,1.7711667974134815,3.901887037050779,0.26012580247005196,3.8837365208761243,3.128600736572214,10388.373652087612,8,1,7,12.5,0.29659422827602044,-3.535830162522384,-0.441978770315298,-3.5090836641679,5.849352688643369,9649.09163358321,-43.735927278562734
breakout_retest,1440,80,balanced_value,5,0.25,0.1,6,0.0,2.0,0.0,336,1,17,7,10,41.1764705882353,2.711133765923896,8.7782162243956,0.5163656602585647,8.998390217887376,3.5192262538463552,10899.839021788737,9,1,8,11.11111111111111,0.32728704096202343,-4.076885018286632,-0.4529872242540702,-4.042999568479777,5.198249981081447,9595.700043152023,-44.72578483304845
breakout_retest,1440,80,balanced_value,5,0.25,0.1,6,0.0,2.0,0.0,168,1,17,9,8,52.94117647058823,2.9860510711261634,10.17469449531939,0.5985114409011406,10.52556759265939,3.3043474901762453,11052.556759265939,9,1,8,11.11111111111111,0.32728704096202343,-4.076885018286632,-0.4529872242540702,-4.042999568479777,5.198249981081447,9595.700043152023,-44.72578483304845
breakout_retest,1440,80,balanced_value,5,0.25,0.1,6,0.1,3.0,0.0,168,0,15,8,7,53.333333333333336,2.492879532448841,10.57571433967733,0.7050476226451553,10.852827381804996,6.909917073548681,11085.2827381805,9,1,8,11.11111111111111,0.4083884962908071,-4.323176482396713,-0.48035294248852367,-4.307287454240305,8.93361883576755,9569.27125457597,-47.5242758771174
failed_auction,240,80,balanced_value,10,0.25,0.0,0,0.1,0.0,1.5,72,1,17,7,10,41.1764705882353,1.8884123420664982,6.293024734898217,0.37017792558224805,6.286210377126333,4.989427644292608,10628.621037712634,4,1,3,25.0,0.3346737310609007,-2.0069727503729577,-0.5017431875932394,-2.00689125044764,2.9297224177070156,9799.310874955236,-49.64339316461629
failed_auction,240,80,balanced_value,10,0.25,0.0,0,0.1,0.0,1.5,72,0,16,7,9,43.75,2.020448660072372,9.255288931236496,0.578455558202281,9.163423918013214,5.717773727237294,10916.342391801321,4,1,3,25.0,0.3346737310609007,-2.0069727503729577,-0.5017431875932394,-2.00689125044764,2.9297224177070156,9799.310874955236,-49.687093929592976
breakout_retest,1440,80,balanced_value,5,0.5,0.1,3,0.1,3.0,0.0,168,0,14,7,7,50.0,2.459153107499453,10.336792827116827,0.7383423447940591,10.588607408265593,5.450187786901769,11058.86074082656,8,1,7,12.5,0.42431176152950734,-4.048947460994743,-0.5061184326243429,-4.044133650743731,8.683187387682336,9595.586634925627,-50.064488524902586
breakout_retest,1440,80,balanced_value,5,0.25,0.1,3,0.1,3.0,0.0,168,0,14,7,7,50.0,2.459153107499453,10.336792827116827,0.7383423447940591,10.588607408265593,5.450187786901769,11058.86074082656,8,1,7,12.5,0.42431176152950734,-4.048947460994743,-0.5061184326243429,-4.044133650743731,8.683187387682336,9595.586634925627,-50.064488524902586
breakout_retest,1440,80,balanced_value,5,0.25,0.1,3,0.1,3.0,0.0,336,0,14,7,7,50.0,2.5687145418725086,11.112937457269325,0.7937812469478089,11.439491818264912,5.450187786901769,11143.94918182649,8,1,7,12.5,0.42431176152950734,-4.048947460994743,-0.5061184326243429,-4.044133650743731,8.683187387682336,9595.586634925627,-50.064488524902586
breakout_retest,1440,80,balanced_value,5,0.5,0.1,3,0.1,3.0,0.0,336,0,14,7,7,50.0,2.5687145418725086,11.112937457269325,0.7937812469478089,11.439491818264912,5.450187786901769,11143.94918182649,8,1,7,12.5,0.42431176152950734,-4.048947460994743,-0.5061184326243429,-4.044133650743731,8.683187387682336,9595.586634925627,-50.064488524902586
breakout_retest,1440,80,balanced_value,5,0.25,0.1,3,0.0,2.0,0.0,168,1,15,7,8,46.666666666666664,2.4950185822635165,7.659096767703664,0.5106064511802443,7.80248787045299,4.493201613396213,10780.248787045299,8,1,7,12.5,0.3276119554702509,-4.070874553858086,-0.5088593192322608,-4.037203476542217,4.9144765318908155,9596.279652345778,-50.30585414646541
breakout_retest,1440,80,balanced_value,5,0.5,0.1,3,0.0,2.0,0.0,168,1,15,7,8,46.666666666666664,2.4950185822635165,7.659096767703664,0.5106064511802443,7.80248787045299,4.493201613396213,10780.248787045299,8,1,7,12.5,0.3276119554702509,-4.070874553858086,-0.5088593192322608,-4.037203476542217,4.9144765318908155,9596.279652345778,-50.30585414646541
breakout_retest,1440,80,balanced_value,5,0.5,0.1,3,0.0,2.0,0.0,336,1,15,6,9,40.0,2.324206290611302,6.7877688643450025,0.4525179242896668,6.871262322213001,4.493201613396213,10687.1262322213,8,1,7,12.5,0.3276119554702509,-4.070874553858086,-0.5088593192322608,-4.037203476542217,4.9144765318908155,9596.279652345778,-50.30585414646541
breakout_retest,1440,80,balanced_value,5,0.25,0.1,3,0.0,2.0,0.0,336,1,15,6,9,40.0,2.324206290611302,6.7877688643450025,0.4525179242896668,6.871262322213001,4.493201613396213,10687.1262322213,8,1,7,12.5,0.3276119554702509,-4.070874553858086,-0.5088593192322608,-4.037203476542217,4.9144765318908155,9596.279652345778,-50.30585414646541
breakout_retest,1440,80,balanced_value,5,0.25,0.1,6,0.0,1.5,0.0,168,1,18,11,7,61.111111111111114,2.9059393217503575,9.749564796740374,0.5416424887077986,10.097640922725116,3.3043474901762604,11009.764092272511,9,1,8,11.11111111111111,0.2447837380701634,-4.576885018286632,-0.5085427798096257,-4.513453223927355,5.198249981081447,9548.654677607265,-50.446346994387724
breakout_retest,1440,80,balanced_value,5,0.25,0.1,6,0.0,1.5,0.0,336,1,17,9,8,52.94117647058823,2.5236284819867008,7.798229962539999,0.4587194095611764,7.982505845709276,3.3043474901762604,10798.250584570927,9,1,8,11.11111111111111,0.2447837380701634,-4.576885018286632,-0.5085427798096257,-4.513453223927355,5.198249981081447,9548.654677607265,-50.446346994387724
failed_auction,240,80,balanced_value,10,0.25,0.0,0,0.25,0.0,1.5,72,1,18,7,11,38.888888888888886,1.4753983057327054,3.8547239575314256,0.2141513309739681,3.754437009083733,4.229308362718219,10375.443700908374,4,1,3,25.0,0.3113283011120032,-2.0755460708905753,-0.5188865177226438,-2.0733655800840967,2.856029736166828,9792.66344199159,-51.35880988056006
failed_auction,240,80,balanced_value,10,0.25,0.0,0,0.25,0.0,1.5,72,0,17,7,10,41.1764705882353,1.5147659568577363,5.198030927371532,0.30576652513950187,4.982654067581671,6.135382250855512,10498.265406758168,4,1,3,25.0,0.3113283011120032,-2.0755460708905753,-0.5188865177226438,-2.0733655800840967,2.856029736166828,9792.66344199159,-51.4731743138483
breakout_retest,1440,80,balanced_value,5,0.25,0.1,3,0.0,3.0,0.0,72,1,15,7,8,46.666666666666664,2.5546592610004257,5.5560117313795345,0.37040078209196897,5.604752019362236,3.327492090110308,10560.475201936224,8,0,8,0.0,0.0,-4.19352960751272,-0.52419120093909,-4.126588139957244,5.354917263632486,9587.341186004276,-52.520692671993324
breakout_retest,1440,80,balanced_value,5,0.5,0.1,3,0.0,3.0,0.0,72,1,15,7,8,46.666666666666664,2.5546592610004257,5.5560117313795345,0.37040078209196897,5.604752019362236,3.327492090110308,10560.475201936224,8,0,8,0.0,0.0,-4.19352960751272,-0.52419120093909,-4.126588139957244,5.354917263632486,9587.341186004276,-52.520692671993324
breakout_retest,1440,80,balanced_value,5,0.25,0.1,6,0.0,3.0,0.0,72,1,17,9,8,52.94117647058823,3.2652951931719487,8.095668925036286,0.4762158191197815,8.303554764808641,2.457876336909419,10830.355476480865,9,1,8,11.11111111111111,0.026339796540334512,-5.054651221358604,-0.5616279134842893,-4.953565271359983,6.171299172904217,9504.643472864002,-56.25013119642311
breakout_retest,1440,80,balanced_value,5,0.25,0.1,3,0.0,1.5,0.0,168,1,16,9,7,56.25,2.3213377182971895,6.759117436689777,0.42244483979311104,6.877627181070123,4.493201613396213,10687.762718107013,8,1,7,12.5,0.24502674734924568,-4.570874553858086,-0.5713593192322608,-4.507685548808027,5.084225658363612,9549.231445119198,-56.731209510295784
breakout_retest,1440,80,balanced_value,5,0.5,0.1,3,0.0,1.5,0.0,336,1,15,7,8,46.666666666666664,1.9393509223940668,4.807782602489402,0.3205188401659601,4.82435322983652,4.493201613396213,10482.435322983652,8,1,7,12.5,0.24502674734924568,-4.570874553858086,-0.5713593192322608,-4.507685548808027,5.084225658363612,9549.231445119198,-56.731209510295784
breakout_retest,1440,80,balanced_value,5,0.5,0.1,3,0.0,1.5,0.0,168,1,16,9,7,56.25,2.3213377182971895,6.759117436689777,0.42244483979311104,6.877627181070123,4.493201613396213,10687.762718107013,8,1,7,12.5,0.24502674734924568,-4.570874553858086,-0.5713593192322608,-4.507685548808027,5.084225658363612,9549.231445119198,-56.731209510295784
breakout_retest,1440,80,balanced_value,5,0.25,0.1,3,0.0,1.5,0.0,336,1,15,7,8,46.666666666666664,1.9393509223940668,4.807782602489402,0.3205188401659601,4.82435322983652,4.493201613396213,10482.435322983652,8,1,7,12.5,0.24502674734924568,-4.570874553858086,-0.5713593192322608,-4.507685548808027,5.084225658363612,9549.231445119198,-56.731209510295784
failed_auction,240,80,balanced_value,10,0.5,0.0,0,0.1,0.0,1.5,72,1,19,8,11,42.10526315789474,1.748018987283003,6.05311521932945,0.31858501154365526,6.022976536853886,4.989427644292591,10602.297653685388,5,1,4,20.0,0.2510593716829937,-3.0116145277958104,-0.6023229055591621,-2.991370959941053,3.4065733214531226,9700.862904005895,-59.85036152428498
failed_auction,240,80,balanced_value,10,0.5,0.0,0,0.1,0.0,1.5,72,0,18,8,10,44.44444444444444,1.8945100053834518,9.01537941566773,0.5008544119815406,8.89306422418954,6.668840255073065,10889.306422418955,5,1,4,20.0,0.2510593716829937,-3.0116145277958104,-0.6023229055591621,-2.991370959941053,3.4065733214531226,9700.862904005895,-59.9511262809318
failed_auction,240,80,balanced_value,10,0.5,0.0,0,0.25,0.0,1.5,72,1,20,8,12,40.0,1.3905497579924884,3.560159704963719,0.17800798524818595,3.4413636021762173,5.194059787842727,10344.13636021762,5,1,4,20.0,0.23353655679685684,-3.0794653140130874,-0.6158930628026175,-3.056469907167869,3.4349472966884336,9694.353009283213,-61.254700807015794
failed_auction,240,80,balanced_value,10,0.5,0.0,0,0.25,0.0,1.5,72,0,19,8,11,42.10526315789474,1.4415465644118872,4.903466674803826,0.2580771934107277,4.665874582071439,7.080932733932553,10466.587458207143,5,1,4,20.0,0.23353655679685684,-3.0794653140130874,-0.6158930628026175,-3.056469907167869,3.4349472966884336,9694.353009283213,-61.367913183781184
breakout_retest,240,80,balanced_value,5,0.25,0.1,3,0.25,3.0,0.0,168,0,17,10,7,58.8235294117647,3.2286133367620526,15.83389489468337,0.9314055820401982,16.760588296854785,4.758196207970355,11676.058829685478,11,1,10,9.090909090909092,0.29543552975079834,-7.13199964896644,-0.6483636044514945,-6.972431526250189,8.790688687444579,9302.756847374982,-64.52444004191572
breakout_retest,240,80,balanced_value,5,0.25,0.1,3,0.25,3.0,0.0,336,0,17,10,7,58.8235294117647,4.026072750744541,21.49969987551513,1.2646882279714782,23.43553909932703,4.172044529205725,12343.553909932703,11,1,10,9.090909090909092,0.29543552975079834,-7.13199964896644,-0.6483636044514945,-6.972431526250189,8.790688687444579,9302.756847374982,-64.52444004191572
breakout_retest,1440,80,balanced_value,5,0.25,0.1,6,0.0,3.0,0.0,336,1,15,4,11,26.666666666666668,2.2908708856275157,6.649677735153732,0.44331184901024884,6.666119887579947,5.356372647155789,10666.611988757995,9,0,9,0.0,0.0,-6.076885018286632,-0.6752094464762924,-5.924814190270067,6.492798307577496,9407.518580972994,-67.68025403678449
breakout_retest,1440,80,balanced_value,5,0.25,0.1,6,0.0,3.0,0.0,168,1,16,6,10,37.5,2.571784529337466,8.09229218532939,0.5057682615830869,8.223877416285053,5.356372647155789,10822.387741628505,9,0,9,0.0,0.0,-6.076885018286632,-0.6752094464762924,-5.924814190270067,6.492798307577496,9407.518580972994,-67.68025403678449
breakout_retest,240,80,balanced_value,5,0.5,0.1,3,0.25,3.0,0.0,168,0,19,10,9,52.63157894736842,2.506597778638853,13.787379866808775,0.725651571937304,14.383289133359822,4.758196207970355,11438.328913335983,13,1,12,7.6923076923076925,0.24577095472851657,-9.177533831674491,-0.7059641408980378,-8.865611960333986,10.646866231544463,9113.438803966601,-70.4797784212779
breakout_retest,240,80,balanced_value,5,0.5,0.1,3,0.25,3.0,0.0,336,0,19,10,9,52.63157894736842,3.1257211567414274,19.453184847640536,1.023851834086344,20.922334874110838,4.172044529205722,12092.233487411084,13,1,12,7.6923076923076925,0.24577095472851657,-9.177533831674491,-0.7059641408980378,-8.865611960333986,10.646866231544463,9113.438803966601,-70.4797784212779
breakout_retest,1440,80,balanced_value,5,0.25,0.1,6,0.0,3.0,0.0,336,0,15,10,5,66.66666666666667,5.315014228703437,21.726228032847857,1.448415202189857,23.774891800625085,3.304347490176254,12377.489180062508,9,1,8,11.11111111111111,0.20640865453442123,-6.407290581050706,-0.7119211756723006,-6.257680787246301,7.907733835953788,9374.23192127537,-71.02350577901903
breakout_retest,1440,80,balanced_value,5,0.25,0.1,3,0.0,3.0,0.0,168,1,15,6,9,40.0,2.57448938344333,8.09770136348329,0.5398467575655527,8.229731755291203,4.493201613396213,10822.97317552912,8,0,8,0.0,0.0,-6.070874553858086,-0.7588593192322608,-5.919131765605434,6.487150190864849,9408.086823439457,-76.05543847694435
breakout_retest,1440,80,balanced_value,5,0.25,0.1,3,0.0,3.0,0.0,336,1,14,4,10,28.571428571428573,2.293278962683422,6.655086913307635,0.4753633509505453,6.671889960148025,4.493201613396213,10667.188996014802,8,0,8,0.0,0.0,-6.070874553858086,-0.7588593192322608,-5.919131765605434,6.487150190864849,9408.086823439457,-76.05543847694435
breakout_retest,1440,80,balanced_value,5,0.5,0.1,3,0.0,3.0,0.0,336,1,14,4,10,28.571428571428573,2.293278962683422,6.655086913307635,0.4753633509505453,6.671889960148025,4.493201613396213,10667.188996014802,8,0,8,0.0,0.0,-6.070874553858086,-0.7588593192322608,-5.919131765605434,6.487150190864849,9408.086823439457,-76.05543847694435
breakout_retest,1440,80,balanced_value,5,0.5,0.1,3,0.0,3.0,0.0,168,1,15,6,9,40.0,2.57448938344333,8.09770136348329,0.5398467575655527,8.229731755291203,4.493201613396213,10822.97317552912,8,0,8,0.0,0.0,-6.070874553858086,-0.7588593192322608,-5.919131765605434,6.487150190864849,9408.086823439457,-76.05543847694435
breakout_retest,1440,80,balanced_value,5,0.25,0.1,3,0.0,3.0,0.0,72,0,15,11,4,73.33333333333333,5.610826133891618,15.979953953811856,1.065330263587457,17.031267423453755,2.3014488514691163,11703.126742345376,8,0,8,0.0,0.0,-6.193529607512721,-0.7741912009390901,-6.0347052839857085,8.504214984968092,9396.529471601429,-77.70965053527348
breakout_retest,1440,80,balanced_value,5,0.5,0.1,3,0.0,3.0,0.0,72,0,15,11,4,73.33333333333333,5.610826133891618,15.979953953811856,1.065330263587457,17.031267423453755,2.3014488514691163,11703.126742345376,8,0,8,0.0,0.0,-6.193529607512721,-0.7741912009390901,-6.0347052839857085,8.504214984968092,9396.529471601429,-77.70965053527348
breakout_retest,1440,80,balanced_value,5,0.25,0.1,6,0.0,3.0,0.0,72,0,17,13,4,76.47058823529412,6.343614087692018,18.519611147468606,1.089388891027565,20.022082701989575,2.3014488514691047,12002.208270198958,9,1,8,11.11111111111111,0.0190144279098833,-7.054651221358606,-0.7838501357065117,-6.845223532664491,9.293431936354244,9315.47764673355,-78.67433212171326
breakout_retest,1440,80,balanced_value,5,0.25,0.1,6,0.0,3.0,0.0,168,0,16,11,5,68.75,4.83854609733766,19.327196483061215,1.207949780191326,20.896072527649068,5.08183457837839,12089.607252764907,9,0,9,0.0,0.0,-8.37515164502916,-0.93057240500324,-8.072161067892536,9.690275620261945,9192.783893210746,-93.40839852824031
breakout_retest,1440,80,balanced_value,5,0.25,0.1,3,0.0,3.0,0.0,168,0,15,10,5,66.66666666666667,4.782012034081007,19.04254575311298,1.269503050207532,20.552917767250722,3.3043474901762626,12055.291776725073,8,0,8,0.0,0.0,-8.070874553858086,-1.0088593192322608,-7.791572874358222,9.414626342342913,9220.842712564177,-101.23108704603304
breakout_retest,1440,80,balanced_value,5,0.5,0.1,3,0.0,3.0,0.0,336,0,14,9,5,64.28571428571429,4.72026294532952,18.731637211001754,1.3379740865001253,20.176109068410717,3.3043474901762626,12017.610906841071,8,0,8,0.0,0.0,-8.070874553858086,-1.0088593192322608,-7.791572874358222,9.414626342342913,9220.842712564177,-101.23108704603304
breakout_retest,1440,80,balanced_value,5,0.5,0.1,3,0.0,3.0,0.0,168,0,15,10,5,66.66666666666667,4.782012034081007,19.04254575311298,1.269503050207532,20.552917767250722,3.3043474901762626,12055.291776725073,8,0,8,0.0,0.0,-8.070874553858086,-1.0088593192322608,-7.791572874358222,9.414626342342913,9220.842712564177,-101.23108704603304
breakout_retest,1440,80,balanced_value,5,0.25,0.1,3,0.0,3.0,0.0,336,0,14,9,5,64.28571428571429,4.72026294532952,18.731637211001754,1.3379740865001253,20.176109068410717,3.3043474901762626,12017.610906841071,8,0,8,0.0,0.0,-8.070874553858086,-1.0088593192322608,-7.791572874358222,9.414626342342913,9220.842712564177,-101.23108704603304
failed_auction,1440,80,balanced_value,10,0.25,0.0,0,0.0,0.0,1.0,72,0,11,8,3,72.72727272727273,5.841545737345274,14.584741575270485,1.3258855977518622,15.027117523180156,6.355699965339568,11502.711752318015,4,2,2,50.0,0.8275429064676272,-0.3458956219896614,-0.08647390549741535,-0.36328275328402215,2.5048403065090863,9963.671724671598,-1000000000.0
failed_auction,1440,80,balanced_value,10,0.25,0.0,0,0.1,0.0,1.0,336,0,11,6,5,54.54545454545455,4.504465241862001,17.79082318318153,1.6173475621074118,18.459382144562596,4.71733138064909,11845.93821445626,4,2,2,50.0,1.5982776660479925,1.1996023858677005,0.29990059646692513,1.168145769559703,2.4663146367554853,10116.81457695597,-1000000000.0
failed_auction,1440,80,balanced_value,10,0.25,0.0,0,0.0,0.0,1.5,72,0,11,8,3,72.72727272727273,5.841545737345274,14.584741575270485,1.3258855977518622,15.027117523180156,6.355699965339568,11502.711752318015,2,1,1,50.0,0.4975157964576024,-0.5043806781550131,-0.25219033907750654,-0.5093934614458173,1.651809420267784,9949.060653855418,-1000000000.0
failed_auction,1440,80,balanced_value,10,0.25,0.0,0,0.0,0.0,1.0,168,0,10,7,3,70.0,8.618874727471008,22.951207119124142,2.295120711912414,23.974457258596395,6.355699965339568,12397.44572585964,4,2,2,50.0,1.1301071478906914,0.26095472168272216,0.06523868042068054,0.2383584505699421,2.5048403065090863,10023.835845056994,-1000000000.0
failed_auction,1440,80,balanced_value,10,0.25,0.0,0,0.1,0.0,1.5,336,0,11,6,5,54.54545454545455,4.504465241862001,17.79082318318153,1.6173475621074118,18.459382144562596,4.71733138064909,11845.93821445626,2,1,1,50.0,2.123715933107041,1.1273944081749647,0.5636972040874824,1.106017981931351,1.5743100698125678,10110.601798193135,-1000000000.0
failed_auction,1440,80,balanced_value,5,0.5,0.0,0,0.0,0.0,1.5,336,0,10,7,3,70.0,10.515648428146605,28.67007023017887,2.867007023017887,31.089096081209398,6.355699965339574,13108.90960812094,5,2,3,40.0,1.3844193710009725,1.163434182563,0.23268683651259997,1.1102014521791048,2.8173443149445534,10111.02014521791,-1000000000.0
failed_auction,1440,80,balanced_value,5,0.25,0.0,0,0.25,0.0,1.5,336,0,11,7,4,63.63636363636363,4.8150101345901275,15.373058330330275,1.3975507573027524,16.070212940232253,4.451701062559327,11607.021294023225,5,2,3,40.0,1.1193274644228344,0.35962106289854723,0.07192421257970945,0.31647158671652686,2.665539635759161,10031.647158671653,-1000000000.0
failed_auction,1440,80,balanced_value,10,0.25,0.0,0,0.25,0.0,1.5,336,1,11,4,7,36.36363636363637,2.038849784659649,3.1622946756766095,0.28748133415241905,3.1342215313246102,3.4864492434494,10313.422153132462,2,1,1,50.0,1.8506903637005463,0.853012909473237,0.4265064547366185,0.8344048131845083,1.4877897487717384,10083.44048131845,-1000000000.0
failed_auction,1440,80,balanced_value,10,0.25,0.0,0,0.25,0.0,1.5,336,0,10,6,4,60.0,4.3904693846200225,13.662318520305163,1.3662318520305163,14.117951709944965,4.451701062559327,11411.795170994497,2,1,1,50.0,1.8506903637005463,0.853012909473237,0.4265064547366185,0.8344048131845083,1.4877897487717384,10083.44048131845,-1000000000.0
failed_auction,1440,80,balanced_value,5,0.5,0.0,0,0.0,0.0,1.5,168,0,11,8,3,72.72727272727273,9.68573065366469,26.169578428769945,2.3790525844336314,27.964387879112195,6.355699965339563,12796.43878791122,5,2,3,40.0,0.9687796110283524,-0.09448761030940811,-0.01889752206188162,-0.13231075972138795,2.8173443149445534,9986.768924027861,-1000000000.0
failed_auction,1440,80,balanced_value,5,0.5,0.0,0,0.0,0.0,1.0,168,0,11,8,3,72.72727272727273,9.68573065366469,26.169578428769945,2.3790525844336314,27.964387879112195,6.355699965339563,12796.43878791122,7,3,4,42.857142857142854,1.0158866142917662,0.06399744585594358,0.009142492265134796,0.0143537275609118,3.7910335677368088,10001.43537275609,-1000000000.0
failed_auction,1440,80,balanced_value,10,0.25,0.0,0,0.0,0.0,1.5,168,0,10,7,3,70.0,8.618874727471008,22.951207119124142,2.295120711912414,23.974457258596395,6.355699965339568,12397.44572585964,2,1,1,50.0,1.1020843789121664,0.10246966551737047,0.051234832758685234,0.09136547505947945,1.651809420267784,10009.136547505948,-1000000000.0
failed_auction,1440,80,balanced_value,5,0.5,0.0,0,0.0,0.0,1.0,336,0,10,7,3,70.0,10.515648428146605,28.67007023017887,2.867007023017887,31.089096081209398,6.355699965339574,13108.90960812094,7,3,4,42.857142857142854,1.3281509252387154,1.3219192387283516,0.18884560553262167,1.258690677951746,3.7910335677368088,10125.869067795174,-1000000000.0
failed_auction,1440,80,balanced_value,5,0.25,0.0,0,0.25,0.0,1.0,336,0,11,7,4,63.63636363636363,4.8150101345901275,15.373058330330275,1.3975507573027524,16.070212940232253,4.451701062559327,11607.021294023225,5,2,3,40.0,1.1193274644228344,0.35962106289854723,0.07192421257970945,0.31647158671652686,2.665539635759161,10031.647158671653,-1000000000.0
failed_auction,1440,80,balanced_value,5,0.25,0.0,0,0.1,0.0,1.0,336,0,11,7,4,63.63636363636363,6.100381733783604,20.784663302875536,1.8895148457159578,22.041743880898657,4.717331380649112,12204.174388089865,7,3,4,42.857142857142854,1.21702402102544,0.8725899322381068,0.12465570460544383,0.8133287746014073,3.7232533820990925,10081.332877460141,-1000000000.0
failed_auction,1440,80,balanced_value,10,0.25,0.0,0,0.25,0.0,1.5,168,0,11,7,4,63.63636363636363,3.7174696473342843,10.950382286169276,0.9954892987426615,11.14266794327554,4.708478207109171,11114.266794327554,2,1,1,50.0,0.865977750782743,-0.13438815533498005,-0.06719407766749003,-0.14309528305690433,1.4877897487717384,9985.69047169431,-1000000000.0
failed_auction,1440,80,balanced_value,5,0.25,0.0,0,0.1,0.0,1.5,336,0,11,7,4,63.63636363636363,6.100381733783604,20.784663302875536,1.8895148457159578,22.041743880898657,4.717331380649112,12204.174388089865,5,2,3,40.0,1.2651248353668028,0.800381954545371,0.1600763909090742,0.7514188815953338,2.748973586068015,10075.141888159533,-1000000000.0
failed_auction,1440,80,balanced_value,10,0.25,0.0,0,0.25,0.0,1.0,336,0,11,6,5,54.54545454545455,3.5165922532751375,12.660952296874116,1.1509956633521925,12.975213086650239,4.4517010625593505,11297.521308665024,2,1,1,50.0,1.8506903637005463,0.853012909473237,0.4265064547366185,0.8344048131845083,1.4877897487717384,10083.44048131845,-1000000000.0
failed_auction,1440,80,balanced_value,5,0.25,0.0,0,0.0,0.0,1.5,72,0,11,9,2,81.81818181818181,9.862923210924015,17.821709233224148,1.6201553848385588,18.788178835063363,6.355699965339566,11878.817883506335,5,2,3,40.0,0.5189995387855316,-1.4557340774694343,-0.2911468154938869,-1.4671757917417705,2.817344314944556,9853.282420825823,-1000000000.0
failed_auction,1440,80,balanced_value,5,0.25,0.0,0,0.0,0.0,1.0,168,0,10,8,2,80.0,14.512772569872848,27.171701474084408,2.717170147408441,29.259729415900047,6.355699965339571,12925.972941590006,7,3,4,42.857142857142854,1.0158866142917662,0.06399744585594358,0.009142492265134796,0.0143537275609118,3.7910335677368088,10001.43537275609,-1000000000.0
failed_auction,1440,80,balanced_value,5,0.25,0.0,0,0.0,0.0,1.0,72,0,11,9,2,81.81818181818181,9.862923210924015,17.821709233224148,1.6201553848385588,18.788178835063363,6.355699965339566,11878.817883506335,7,3,4,42.857142857142854,0.6779731664882509,-1.2972490213040824,-0.18532128875772605,-1.322471671190728,3.7910335677368026,9867.752832880928,-1000000000.0
failed_auction,1440,80,balanced_value,5,0.25,0.0,0,0.0,0.0,1.5,168,0,10,8,2,80.0,14.512772569872848,27.171701474084408,2.717170147408441,29.259729415900047,6.355699965339571,12925.972941590006,5,2,3,40.0,0.9687796110283524,-0.09448761030940811,-0.01889752206188162,-0.13231075972138795,2.8173443149445534,9986.768924027861,-1000000000.0
