timeframe_minutes,pivot_bars,minimum_leg_atr,structure_mode,reaction_mode,poc_tolerance_atr,expiry_bars,stop_mode,stop_buffer_atr,reward_risk,maximum_hold_hours,management,train_trades,train_wins,train_losses,train_win_rate_pct,train_profit_factor,train_net_r,train_mean_r,train_return_pct,train_max_drawdown_pct,train_final_balance,validation_trades,validation_wins,validation_losses,validation_win_rate_pct,validation_profit_factor,validation_net_r,validation_mean_r,validation_return_pct,validation_max_drawdown_pct,validation_final_balance,robust_score
60,2,3.5,1,3,0.05,24,0,0.1,2.5,72,0,133,52,81,39.097744360902254,1.3431582396336137,22.9981769517779,0.17291862369757818,24.245702587695604,9.762226317904297,12424.57025876956,46,20,26,43.47826086956522,1.3482904352670189,8.312668503266037,0.1807101848536095,8.17044816451633,7.494693036992281,10817.044816451633,19.777460030121794
60,2,3.5,1,3,0.05,24,0,0.25,2.5,72,0,131,51,80,38.93129770992366,1.3124867578335147,20.243616775613535,0.15453142576804227,20.97498319762292,9.769701959957894,12097.498319762291,46,20,26,43.47826086956522,1.4140428415086064,9.347624677240852,0.20320923211393155,9.306862565902584,7.063190636949011,10930.68625659026,17.876948735044788
60,2,3.5,1,3,0.05,24,0,0.1,3.0,72,0,129,49,80,37.98449612403101,1.2957247790724682,19.530659893086042,0.1514004642874887,19.979038153983808,10.971798642840817,11997.90381539838,45,19,26,42.22222222222222,1.390865995578414,9.328821929753646,0.20730715399452546,9.210154558516725,7.10255856880762,10921.015455851673,17.456052207972267
60,2,3.5,1,3,0.05,24,0,0.25,3.0,72,0,128,50,78,39.0625,1.2934406128732234,18.426985501131952,0.14396082422759338,18.792925443670416,10.563260044499726,11879.292544367041,45,19,26,42.22222222222222,1.386024081730482,8.840532928111594,0.19645628729136877,8.716165645087326,7.913531685664426,10871.616564508733,16.73203218548471
60,2,3.5,1,3,0.05,24,0,0.0,2.5,24,1,167,68,99,40.7185628742515,1.4113354925565895,22.765800668090233,0.13632215968916306,24.417204379524083,5.641000915377155,12441.720437952408,57,27,30,47.36842105263158,1.504968434898631,8.296194666917831,0.14554727485820756,8.347485009703504,5.220208831450693,10834.74850097035,16.522471200161498
60,2,3.5,1,3,0.05,24,0,0.25,2.5,72,1,137,45,92,32.846715328467155,1.335433604421868,18.33667375368537,0.13384433396850637,18.905243431583017,9.039344253580015,11890.524343158302,48,15,33,31.25,1.3280037632997803,6.195296998118171,0.12906868746079522,6.016217258631129,7.547292969510923,10601.621725863113,15.409697647275346
60,2,3.5,1,3,0.05,24,0,0.0,2.0,72,1,143,53,90,37.06293706293706,1.3616206993558555,22.063017527130746,0.15428683585406117,23.370855935026125,9.188363985875613,12337.085593502612,50,17,33,34.0,1.2919185264894564,6.200322809389906,0.12400645618779813,6.017005784200502,9.194798027342308,10601.70057842005,14.82597735339062
60,2,3.5,1,3,0.05,24,0,0.0,2.5,72,1,141,46,95,32.6241134751773,1.2874030666683336,17.552661303142468,0.1244869595967551,17.83432275992485,10.73543398580884,11783.432275992485,48,15,33,31.25,1.4786311636011937,9.211368630776244,0.19190351314117174,9.191732475355096,8.742380672782362,10919.17324753551,14.768558083674709
60,2,3.5,1,3,0.05,24,0,0.0,3.0,72,0,132,49,83,37.121212121212125,1.2358668441717515,16.59603407480832,0.12572753086976,16.456916183700578,13.031091389795943,11645.691618370058,45,19,26,42.22222222222222,1.3986177780847089,9.530957219054917,0.21179904931233148,9.428132143875567,7.287678171269733,10942.813214387557,14.645485431580655
60,2,3.5,1,3,0.05,24,0,0.0,2.0,24,1,168,70,98,41.666666666666664,1.371175935867417,20.53829962459165,0.12225178347971222,21.79215369873877,5.641000915377178,12179.215369873877,57,27,30,47.36842105263158,1.402850991402714,6.618493385846319,0.11611391904993543,6.588673676406587,5.68256374678896,10658.86736764066,14.41883425297568
60,2,3.5,1,3,0.05,24,0,0.1,2.5,72,1,139,46,93,33.093525179856115,1.3516360943267047,20.103999677455338,0.14463309120471465,20.935336563948283,9.310494704848326,12093.533656394828,48,15,33,31.25,1.2836644087660636,5.733827355695845,0.11945473657699678,5.50286112808871,8.314924730426906,10550.286112808872,14.343354822751968
60,2,3.5,1,3,0.05,24,0,0.0,2.5,24,0,165,72,93,43.63636363636363,1.426418181850422,25.550818555972334,0.15485344579377172,27.80512480784576,5.929972498090465,12780.512480784575,57,29,28,50.87719298245614,1.3483131199030285,6.481467566457716,0.11370995730627571,6.387303558416035,5.711273423647521,10638.730355841604,14.117867921602842
60,2,3.5,1,3,0.05,24,0,0.0,2.5,72,0,137,51,86,37.22627737226277,1.2219872161166196,16.292255326506467,0.11892157172632457,16.133603154011578,13.866452288913855,11613.360315401158,46,20,26,43.47826086956522,1.4033715854165432,9.644620825643264,0.20966567012267964,9.594392249598105,7.630606213800606,10959.43922495981,13.88915922770187
60,2,3.5,1,3,0.05,24,0,0.1,2.5,24,1,167,68,99,40.7185628742515,1.3926456274146841,20.924724047628725,0.12529774878819597,22.24292145365574,5.6517288639250065,12224.292145365574,57,27,30,47.36842105263158,1.3865174012298023,6.2931810423828045,0.11040668495408429,6.2346771366392995,5.10642434628733,10623.46771366393,13.880643867087176
60,2,3.5,1,3,0.05,24,0,0.1,3.0,72,1,135,43,92,31.85185185185185,1.336238157233005,18.223082001575786,0.13498579260426508,18.68400744991201,9.995938973732878,11868.4007449912,48,14,34,29.166666666666668,1.2853105438056733,5.482893874540183,0.11422695571958714,5.237501747062878,8.142483974386645,10523.750174706287,13.78274235095715
60,2,3.5,1,3,0.05,24,0,0.0,3.0,72,1,136,43,93,31.61764705882353,1.282414809360352,16.114005552141265,0.11848533494221518,16.17510805139968,10.419010658267586,11617.510805139967,48,13,35,27.083333333333332,1.2936710882161158,5.361236104924343,0.11169241885259047,5.1205941529488985,8.591299061310092,10512.05941529489,13.49811289429476
60,2,3.5,1,3,0.05,24,0,0.25,2.0,72,0,136,56,80,41.1764705882353,1.3253006289191696,21.06772085216771,0.154909712148292,22.110981858792343,9.794764546882885,12211.098185879235,46,20,26,43.47826086956522,1.2272371764658727,5.130212686637583,0.11152636275299092,4.894940550474902,8.41670137846036,10489.494055047491,13.404439515588871
60,2,3.5,1,3,0.05,24,0,0.1,2.0,72,1,142,53,89,37.32394366197183,1.4174140264403323,24.257706904099738,0.17082892185985732,26.14229458257369,8.996940172112058,12614.229458257369,48,16,32,33.333333333333336,1.256298916919595,5.1791012293775704,0.10789794227869938,4.9664488865299505,9.012122539889907,10496.644888652996,13.150846739126795
60,2,3.5,1,0,0.05,48,0,0.0,2.5,72,1,193,63,130,32.64248704663213,1.2478423857418321,20.46946363708605,0.10605939708334741,20.849796044223922,11.463521244437832,12084.979604422393,69,21,48,30.434782608695652,1.2390819533352058,7.374264563059986,0.10687339946463749,7.035138839218824,11.027549075606593,10703.513883921883,12.821141864543819
60,2,3.5,1,3,0.05,24,0,0.1,2.0,72,0,136,57,79,41.911764705882355,1.375727533815483,24.725438230817385,0.18180469287365725,26.587333502593346,8.262760438734938,12658.733350259336,46,20,26,43.47826086956522,1.1993518472186686,4.757942376947758,0.10343352993364692,4.483186863965782,8.198143142520795,10448.318686396578,12.631305821648937
60,2,3.5,1,3,0.05,24,0,0.1,2.0,24,1,168,70,98,41.666666666666664,1.4071903579108969,21.694207072549304,0.12913218495565063,23.234049515616164,5.625844203230081,12323.404951561617,57,27,30,47.36842105263158,1.3428614972137465,5.582386375266172,0.09793660307484513,5.507958719689476,5.569334051191817,10550.795871968949,12.547876950772844
60,2,3.5,1,3,0.05,24,0,0.25,2.0,72,1,142,51,91,35.91549295774648,1.3691720966676009,20.908139979443582,0.14724042239044777,22.060075291689962,10.008279777492941,12206.007529168995,48,16,32,33.333333333333336,1.2336582620454257,4.64553615265602,0.09678200318033375,4.424189851234539,9.213447771406793,10442.418985123453,11.934202085285712
60,2,3.5,1,3,0.05,24,0,0.25,2.0,24,1,168,70,98,41.666666666666664,1.3916144531147348,20.32397881845789,0.12097606439558267,21.612286365312293,5.71420372112384,12161.22863653123,57,27,30,47.36842105263158,1.3229205560266761,5.1916067829939445,0.09108082075427973,5.103429453217201,5.414143392167861,10510.34294532172,11.817115265268537
60,2,3.5,1,0,0.05,48,0,0.0,3.0,72,1,188,57,131,30.319148936170212,1.2263094172813922,17.98362419801763,0.09565757552137037,17.818021042796083,12.604512832261621,11781.802104279608,67,20,47,29.850746268656717,1.2692772206998857,7.496634492430751,0.11189006705120523,7.203120774035954,11.027549075606649,10720.312077403596,11.684056387281736
60,2,3.5,1,3,0.05,24,0,0.25,2.5,24,1,165,67,98,40.60606060606061,1.3380411609259488,17.32681493462704,0.10501099960380025,18.025895913047307,6.41898416345299,11802.589591304732,57,27,30,47.36842105263158,1.3183522016035751,5.11816116496976,0.08979230113982035,5.017273302748082,5.517939301374536,10501.727330274807,11.636839768436648
60,2,3.5,1,3,0.05,24,0,0.25,3.0,72,1,134,44,90,32.83582089552239,1.3678824944982098,19.012008143984904,0.14188065779093212,19.694050984982383,9.87400950389168,11969.405098498239,48,14,34,29.166666666666668,1.2313007231612654,4.369481708679422,0.0910308689308213,4.106869224926668,8.669657195432547,10410.686922492667,11.362429798982221
60,2,3.5,1,0,0.05,48,0,0.1,2.5,72,1,193,62,131,32.12435233160622,1.2195319432711096,17.87137546146313,0.09259780031846182,17.821496605122288,12.874560885930208,11782.149660512228,69,22,47,31.884057971014492,1.2388347209944872,7.355211945546366,0.10659727457313574,7.03158412732745,9.799888963354482,10703.158412732744,11.351219789437526
60,2,3.5,1,3,0.05,24,0,0.0,1.5,24,1,170,73,97,42.94117647058823,1.2601111867117538,14.704668369028118,0.08649804922957717,15.037585773445649,6.6805948692233565,11503.758577344564,58,27,31,46.55172413793103,1.3672627000591513,6.011819497823633,0.10365206030730402,5.974998883710714,5.3173697986241875,10597.49988837107,11.176945348618395
60,2,3.5,1,0,0.05,48,0,0.1,3.0,72,1,187,57,130,30.481283422459892,1.215965144644264,16.908341232078616,0.09041893706993913,16.615294532508717,12.754330281732647,11661.529453250872,67,21,46,31.34328358208955,1.3059862780766305,8.504073928747516,0.1269264765484704,8.28446157212046,9.799888963354494,10828.446157212045,11.130514949896094
60,2,3.5,1,3,0.05,24,0,0.0,2.0,24,0,166,74,92,44.57831325301205,1.3816168529981607,22.47975934301959,0.1354202370061421,24.10727147609053,5.641000915377125,12410.727147609054,57,29,28,50.87719298245614,1.258153698215959,4.803766285386205,0.08427660149800359,4.660311970187769,6.171232826976845,10466.031197018776,10.979737877668308
60,2,3.5,1,3,0.05,24,0,0.1,1.5,24,1,170,73,97,42.94117647058823,1.2860661546492067,15.585617148220491,0.09168010087188525,16.082229916054438,6.6475573300491755,11608.222991605444,58,27,31,46.55172413793103,1.2902518355942747,4.702992442664154,0.08108607659765783,4.614581963262276,6.032243756096251,10461.458196326228,10.689640273651817
60,2,3.5,1,3,0.05,24,0,0.25,1.5,24,1,169,72,97,42.603550295857985,1.2881573490937308,15.003297162283681,0.08877690628570226,15.453653368984899,7.321157282319126,11545.36533689849,57,27,30,47.36842105263158,1.280436242846124,4.50858476918082,0.07909797840668106,4.411847528667434,5.87781346429467,10441.184752866744,10.437445190475849
60,2,3.5,1,0,0.05,48,0,0.25,3.0,72,1,184,58,126,31.52173913043478,1.1980160750216096,15.186307028450369,0.0825342773285346,14.71307145222509,11.449423721297219,11471.307145222509,67,21,46,31.34328358208955,1.303945594991071,8.343301921916217,0.12452689435695846,8.120275255629128,9.47391949744823,10812.027525562913,10.384445230136457
60,2,3.5,1,3,0.05,24,0,0.1,2.5,24,0,165,73,92,44.24242424242424,1.4513159052221793,26.104638832084028,0.15820993231566077,28.577847638954033,6.334895849077206,12857.784763895403,57,29,28,50.87719298245614,1.242381574112922,4.473571164180591,0.0784837046347472,4.30767227288571,5.5928589283599495,10430.76722728857,10.359084161810573
60,2,3.5,1,3,0.05,24,0,0.1,1.5,72,1,148,60,88,40.54054054054054,1.1927427759889675,12.16143841104781,0.08217188115572845,11.983577462536266,10.926284427571503,11198.357746253627,49,19,30,38.775510204081634,1.206894657984498,4.177751605097288,0.08526023683872015,3.984222714788088,9.443154312533933,10398.422271478808,10.338298902439304
60,2,3.5,1,3,0.05,24,0,0.0,1.5,72,0,147,66,81,44.89795918367347,1.2135944135637462,14.882054507648329,0.101238466038424,14.955497808115359,10.720889488289927,11495.549780811536,48,22,26,45.833333333333336,1.1607501820505803,3.891045697016439,0.0810634520211758,3.6396389391337935,7.2108386336279455,10363.963893913378,10.173774226732407
60,2,3.5,1,3,0.05,24,0,0.0,2.0,72,0,139,57,82,41.007194244604314,1.3003921676361823,21.075374570372553,0.1516213997868529,22.006814197238555,11.268895890774159,12200.681419723855,47,20,27,42.5531914893617,1.1532758636915912,3.819000178089991,0.08125532293808492,3.500408460455917,8.36473425244762,10350.040846045591,10.143070368836012
60,2,3.5,1,0,0.05,12,1,0.1,3.0,24,0,190,58,132,30.526315789473685,1.1375927845247846,18.15582425574105,0.09555696976705814,16.661292835771846,27.585719063020715,11666.129283577186,67,20,47,29.850746268656717,1.1353011120615468,5.958037886411873,0.08892593860316228,5.175239429387135,15.183161844183296,10517.523942938713,9.93000371117569
60,2,3.5,1,3,0.05,24,0,0.0,3.0,24,1,164,65,99,39.63414634146341,1.283292783565802,15.488696095799423,0.09444326887682575,15.788931578808562,6.0386037326525415,11578.893157880857,57,26,31,45.6140350877193,1.2556450436410789,4.200921713928821,0.07370038094611966,4.057299356772193,6.873897579167192,10405.729935677218,9.874938628198736
60,2,3.5,1,3,0.05,24,0,0.0,1.5,24,0,169,77,92,45.562130177514796,1.3246086305929388,18.793306047041067,0.11120299436118974,19.78568740454747,6.482409029613137,11978.568740454746,58,29,29,50.0,1.226279197787472,4.197092397363519,0.07236366202350894,4.0577395482174206,5.807930989092295,10405.773954821741,9.707733800539621
60,2,3.5,1,2,0.05,12,1,0.0,3.0,24,0,125,36,89,28.8,1.1205695359903627,10.71144900841679,0.08569159206733433,9.239876092358479,26.770046884536384,10923.987609235848,46,16,30,34.78260869565217,1.4100687666890233,10.990913892831275,0.23893291071372336,10.892642186866897,9.006297497116304,11089.264218686689,9.58911022581298
60,2,3.5,1,2,0.15,24,0,0.0,2.0,72,1,149,55,94,36.91275167785235,1.1773574482274258,11.367537035564016,0.07629219486955716,10.938026336299345,13.5369881160568,11093.802633629935,48,17,31,35.416666666666664,1.269245751433234,4.884716108003713,0.10176491891674401,4.705458714939592,7.030801990437446,10470.54587149396,9.56089712625822
60,2,3.5,1,0,0.05,48,0,0.0,2.0,72,0,192,78,114,40.625,1.1473774165587864,14.94521023260774,0.07783963662816532,14.32678238870193,18.147471999856855,11432.678238870194,66,29,37,43.93939393939394,1.2501419381919314,8.623433742636525,0.13065808700964432,8.401094173799727,7.760776065220251,10840.109417379972,9.41033943788179
60,2,3.5,1,2,0.15,24,0,0.25,2.5,24,1,163,65,98,39.877300613496935,1.246411810002838,12.556909716369116,0.07703625592864488,12.544002565534651,8.432848508143648,11254.400256553465,57,28,29,49.12280701754386,1.2383860525897052,3.9516422488192466,0.0693270569968289,3.7853112264333966,4.653584704543279,10378.53112264334,9.309551195428323
60,2,3.5,1,3,0.05,24,0,0.0,1.5,72,1,149,61,88,40.939597315436245,1.1645584613499809,10.854638089642506,0.0728499200647148,10.499256500542064,11.895042080787821,11049.925650054207,50,21,29,42.0,1.3548828545168807,7.175009888004042,0.14350019776008083,7.12403608243255,7.216040943025039,10712.403608243254,9.293588967596605
60,2,3.5,1,3,0.05,24,0,0.1,2.0,24,0,166,74,92,44.57831325301205,1.3891273207612798,22.507578506831038,0.13558782233030744,24.16350730082033,5.62584420323013,12416.350730082033,57,29,28,50.87719298245614,1.2038701647793106,3.762776497063958,0.06601362275550804,3.5941358974481474,6.053395708782573,10359.413589744814,9.051943163637112
60,2,3.5,1,3,0.05,24,0,0.1,3.0,24,1,164,66,98,40.24390243902439,1.3271784773363067,17.215504091631722,0.10497258592458367,17.837843817166732,5.801495007032756,11783.784381716674,57,26,31,45.6140350877193,1.2293408532863381,3.734826868211814,0.06552327838968094,3.581772753463275,6.740334667579933,10358.177275346326,9.012633766540615
60,2,3.5,1,0,0.05,48,1,0.25,3.0,24,0,252,82,170,32.53968253968254,1.1447328849005547,24.50601304567223,0.09724608351457234,23.454595795797317,27.004730849520914,12345.459579579732,92,28,64,30.434782608695652,1.1216222045292579,7.268353391741879,0.07900384121458565,6.252118947441976,16.99153398457162,10625.211894744198,8.976604628861152
60,2,3.5,1,2,0.15,24,0,0.0,2.5,72,1,147,50,97,34.01360544217687,1.160891647071457,10.314770775900286,0.07016850867959377,9.646515815547696,14.079785448210794,10964.65158155477,47,16,31,34.04255319148936,1.2072302288084098,3.7596167491495174,0.07999184572658548,3.525218925648277,7.042453517609197,10352.521892564828,8.880967136300432
60,2,3.5,1,0,0.05,48,0,0.1,2.0,72,0,191,78,113,40.83769633507853,1.1345934697871796,13.478779962398441,0.07056952859894472,12.705112320304067,14.767279683676493,11270.511232030407,66,29,37,43.93939393939394,1.2468283375242393,8.496269106974138,0.12873135010566875,8.265367431227478,7.661040464440301,10826.536743122748,8.860572280387338
60,2,3.5,1,2,0.05,24,1,0.0,3.0,24,0,160,47,113,29.375,1.1127251542833771,12.578210839690863,0.07861381774806789,10.831294111060895,28.797778789500722,11083.129411106089,56,21,35,37.5,1.5041555324183888,16.063895306987632,0.28685527333906485,16.47583843369631,7.671657454932698,11647.583843369632,8.763270482786956
60,2,3.5,1,2,0.05,24,1,0.0,2.5,24,0,162,52,110,32.098765432098766,1.1105536201950383,11.980951448011613,0.07395649041982477,10.516688711900791,22.33463867213975,11051.668871190079,56,21,35,37.5,1.4470361193915646,14.24390085714388,0.25435537244899786,14.490914981607084,7.67753547110641,11449.091498160707,8.680983088827624
60,2,3.5,1,0,0.05,24,0,0.1,3.0,72,1,171,51,120,29.82456140350877,1.248770056407777,17.573372911030937,0.10276826263760781,17.533395151137697,14.46836707560322,11753.33951511377,58,18,40,31.03448275862069,1.1465344390269068,3.8488146382333266,0.06635887307298839,3.456350085755333,10.373731485977164,10345.635008575533,8.468607905207032
60,2,3.5,1,0,0.15,24,0,0.25,2.5,72,1,180,59,121,32.77777777777778,1.154439531520886,11.985140679309078,0.06658411488505044,11.250911334908897,14.591732553461902,11125.091133490889,60,20,40,33.333333333333336,1.1412248313001996,3.971226211901837,0.06618710353169728,3.5650156885013606,9.214850208368228,10356.501568850135,8.436743448979744
60,2,3.5,1,3,0.05,24,0,0.25,2.0,24,0,166,74,92,44.57831325301205,1.3714782548699893,20.968103106160115,0.12631387413349468,22.32478598988512,5.458889331669119,12232.478598988511,57,29,28,50.87719298245614,1.1844286445502095,3.365134655012148,0.05903745008793242,3.189924979502168,5.890750120853953,10318.992497950218,8.325201591697066
60,2,3.5,1,0,0.05,24,0,0.25,3.0,72,1,167,51,116,30.538922155688624,1.1851807939100312,12.79288499912806,0.07660410179118599,12.18416860838094,12.957510561508842,11218.416860838095,58,18,40,31.03448275862069,1.1416984855349108,3.675254519325411,0.06336645722974846,3.2862835970875137,10.101482818895624,10328.628359708751,8.25034580474471
60,2,3.5,1,0,0.05,12,1,0.25,3.0,24,0,190,61,129,32.10526315789474,1.1726914390596,22.176806414901545,0.11672003376263972,21.526862931567514,23.950799028500576,12152.686293156752,67,20,47,29.850746268656717,1.1071316615433746,4.70289665366005,0.07019248736806044,3.8947162883303132,13.487941077939677,10389.471628833031,8.21841488870037
60,2,3.5,1,3,0.05,24,0,0.25,2.5,24,0,163,72,91,44.171779141104295,1.4009608083965543,22.370296759831227,0.1372410844161425,23.97498888154599,6.418984163453008,12397.498888154598,57,29,28,50.87719298245614,1.1804034042050193,3.291689036987963,0.05774893047347303,3.1053373808891838,5.9940230149872304,10310.533738088918,8.156605107004802
60,2,3.5,1,0,0.05,24,0,0.0,2.5,72,1,178,55,123,30.89887640449438,1.211916225362236,16.15445970659168,0.09075539161006561,15.908691579947698,13.592384460897874,11590.86915799477,60,18,42,30.0,1.1272011937805593,3.727987473525042,0.0621331245587507,3.2722064021366792,11.271516830356479,10327.220640213669,8.063259162199648
60,2,3.5,1,0,0.05,24,0,0.1,2.5,72,1,178,54,124,30.337078651685392,1.181104389049519,13.594832740836718,0.07637546483616134,13.046896229108329,14.068431361276026,11304.689622910833,60,19,41,31.666666666666668,1.1264098235523783,3.6999526550321784,0.06166587758386964,3.2595121293145235,10.03258499738301,10325.951212931452,7.986388910232489
60,2,3.5,1,0,0.05,24,0,0.25,2.5,72,1,172,53,119,30.813953488372093,1.146444667615483,10.46884488724242,0.06086537725140942,9.691623635439829,13.637993907457702,10969.162363543983,59,19,40,32.20338983050848,1.201134998902005,5.418281616405823,0.091835281633997,5.078114573440451,9.214850208368173,10507.811457344045,7.970581882146656
60,2,3.5,1,0,0.05,48,0,0.25,2.5,72,1,188,60,128,31.914893617021278,1.1431809095764387,11.18082519836369,0.05947247445938133,10.37175952149083,11.911953763459081,11037.175952149082,68,22,46,32.35294117647059,1.3193635056849693,9.08632901899662,0.13362248557347972,8.930549235197539,9.473919497448257,10893.054923519754,7.942302689743191
60,2,3.5,1,2,0.15,24,0,0.1,2.0,72,1,149,54,95,36.241610738255034,1.1416764974972073,9.035464474306584,0.060640701169842846,8.414961537696497,13.292819972067191,10841.496153769649,48,17,31,35.416666666666664,1.2662818992977107,4.817596933154713,0.10036660277405651,4.636433782901395,6.948567634666462,10463.64337829014,7.939035943465731
60,2,3.5,1,3,0.05,24,0,0.25,3.0,24,1,164,66,98,40.24390243902439,1.309618034596469,15.869944273002769,0.09676795288416323,16.317134391211763,6.418984163453002,11631.713439121177,57,26,31,45.6140350877193,1.1939146654634287,3.118161164969763,0.05470458184157479,2.9556275607070637,6.5608467572312685,10295.562756070705,7.870681010705103
60,2,3.5,1,0,0.15,24,0,0.0,2.5,72,1,187,62,125,33.155080213903744,1.2863862731728037,23.26880787857904,0.12443212769293605,24.25791777578643,12.438362230203289,12425.791777578643,61,19,42,31.147540983606557,1.1224403620512802,3.6118264630564676,0.0592102698861716,3.15185555537818,11.085505133257694,10315.185555537817,7.832319417412032
60,2,3.5,1,2,0.15,24,0,0.0,2.0,24,0,161,69,92,42.857142857142854,1.259201104720035,14.850140018707656,0.09223689452613451,15.069030524009897,8.87556650349047,11506.90305240099,57,29,28,50.87719298245614,1.1749433199072647,3.1537859824932624,0.05532957864023267,2.9735924169252304,5.8977684315851535,10297.359241692522,7.756354814683011
60,2,3.5,1,0,0.05,48,0,0.1,2.0,72,1,199,73,126,36.68341708542714,1.239408312695704,19.96618537371007,0.10033258981763854,20.48161549680274,9.186957235428965,12048.161549680275,69,22,47,31.884057971014492,1.1259290387887906,3.87814119544144,0.056204944861470145,3.470194735090004,10.389488485402003,10347.019473509,7.67383277880541
60,2,3.5,1,0,0.05,48,0,0.25,1.0,72,1,208,112,96,53.84615384615385,1.1482037773236997,12.79787744559832,0.06152825694999193,12.633285294353659,8.72523351678943,11263.328529435366,72,37,35,51.388888888888886,1.1261367904237676,3.923193490528602,0.05448879847956392,3.6683113205617124,9.323327754755693,10366.831132056172,7.570799707633425
60,2,3.5,1,0,0.05,48,0,0.25,1.0,72,0,208,112,96,53.84615384615385,1.1482037773236997,12.79787744559832,0.06152825694999193,12.633285294353659,8.72523351678943,11263.328529435366,72,37,35,51.388888888888886,1.1261367904237676,3.923193490528602,0.05448879847956392,3.6683113205617124,9.323327754755693,10366.831132056172,7.570799707633425
60,2,3.5,1,2,0.05,12,1,0.0,3.0,72,1,128,25,103,19.53125,1.1198411474717889,7.961674845717432,0.062200584732167434,6.755467541285443,22.032588145108196,10675.546754128545,47,10,37,21.27659574468085,1.324766848631971,7.3183784720783285,0.15571018025698571,7.001634631483378,10.832539699819042,10700.163463148338,7.524905580544619
60,2,3.5,1,2,0.15,24,0,0.1,2.0,24,0,161,69,92,42.857142857142854,1.250625873847702,14.222993916419387,0.08834157712061731,14.370396906046846,8.851317299096863,11437.039690604684,57,29,28,50.87719298245614,1.1681738429842574,3.009857038952788,0.052804509455312065,2.8282458369681907,5.893340038118346,10282.824583696818,7.491763894608551
60,2,3.5,1,2,0.15,24,0,0.25,1.5,24,1,165,70,95,42.42424242424242,1.171496881998892,8.839897350101175,0.053575135455158636,8.605895852804979,9.486343365178621,10860.589585280497,57,29,28,50.87719298245614,1.181296148482589,3.004175799732942,0.052704838591806004,2.8577597192473547,5.479605526837079,10285.775971924735,7.450341322322309
60,2,3.5,1,2,0.15,24,0,0.25,3.0,24,1,160,63,97,39.375,1.2566606539709624,13.078202613154751,0.08173876633221719,13.097117571038307,8.714021561755033,11309.71175710383,57,27,30,47.36842105263158,1.178027708635117,2.951642248819251,0.05178319734770616,2.7430465838305995,4.787997213193162,10274.30465838306,7.417578159390191
60,2,3.5,1,3,0.05,24,0,0.25,1.0,24,1,171,83,88,48.538011695906434,1.1724492972244636,8.95815619862544,0.05238687835453474,8.844381270793257,10.332229415858048,10884.438127079326,59,33,26,55.932203389830505,1.4019591759356582,6.570275577903233,0.11136060301530903,6.608475949275849,4.706249947066101,10660.847594927585,7.373087121173128
60,2,3.5,1,3,0.05,24,0,0.25,1.0,24,0,171,83,88,48.538011695906434,1.1724492972244636,8.95815619862544,0.05238687835453474,8.844381270793257,10.332229415858048,10884.438127079326,59,33,26,55.932203389830505,1.4019591759356582,6.570275577903233,0.11136060301530903,6.608475949275849,4.706249947066101,10660.847594927585,7.373087121173128
60,2,3.5,1,0,0.05,48,0,0.1,2.5,72,0,182,68,114,37.362637362637365,1.1051736003009667,10.762623365993703,0.059135293219745616,9.436954216517911,19.601649691068584,10943.695421651792,66,29,37,43.93939393939394,1.3392037149313092,11.67599341732278,0.17690899117155728,11.662822087657654,7.859040037764524,11166.282208765766,7.368246803051477
60,2,3.5,1,3,0.05,24,0,0.1,1.5,72,0,144,66,78,45.833333333333336,1.284590520770181,18.713236777415936,0.12995303317649956,19.471283085123183,10.641068161924697,11947.128308512318,48,22,26,45.833333333333336,1.107236617219241,2.5923298932381846,0.054006872775795516,2.3139568911980213,7.878340453068803,10231.395689119803,7.3658784521136145
60,2,3.5,1,3,0.05,24,0,0.1,1.5,24,0,169,77,92,45.562130177514796,1.3275729863061296,18.61958577903586,0.11017506378127727,19.599828409214638,6.4646908164986705,11959.982840921464,58,29,29,50.0,1.156892134133551,2.883382564461941,0.04971349249072312,2.7169642202020894,6.513932489205095,10271.69642202021,7.302051312377681
60,2,3.5,1,3,0.05,24,0,0.25,1.5,72,1,147,59,88,40.136054421768705,1.2165365094417795,13.124951666899076,0.08928538548910936,13.09563988845952,10.566846563411614,11309.563988845952,49,18,31,36.734693877551024,1.1239037424918377,2.5863519027026487,0.05278269189189079,2.344255731740419,8.961255730504183,10234.425573174041,7.283268180910873
60,2,3.5,1,0,0.05,48,0,0.0,2.5,72,0,184,68,116,36.95652173913044,1.1023697840791198,10.633063561976297,0.05778838892378422,9.259046368917723,20.529967765906562,10925.904636891772,66,29,37,43.93939393939394,1.3836644543727237,13.226510618740772,0.20040167604152684,13.376545578301368,7.9267030494536845,11337.654557830137,7.172249656521365
60,2,3.5,1,3,0.05,24,0,0.25,1.0,72,1,152,79,73,51.973684210526315,1.1275381367401431,7.961318876890955,0.052377097874282595,7.593995212753812,12.002581207910563,10759.399521275382,52,28,24,53.84615384615385,1.2826102174538687,5.810075847160017,0.11173222783000034,5.74251569950881,8.249831746585274,10574.25156995088,7.169660379789124
60,2,3.5,1,3,0.05,24,0,0.25,1.0,72,0,152,79,73,51.973684210526315,1.1275381367401431,7.961318876890955,0.052377097874282595,7.593995212753812,12.002581207910563,10759.399521275382,52,28,24,53.84615384615385,1.2826102174538687,5.810075847160017,0.11173222783000034,5.74251569950881,8.249831746585274,10574.25156995088,7.169660379789124
60,2,3.5,1,2,0.05,24,0,0.25,1.5,24,1,154,66,88,42.857142857142854,1.1905503928319525,9.245812241636903,0.06003774182881106,9.072110121508747,9.573876627798944,10907.211012150876,51,24,27,47.05882352941177,1.1616981469264247,2.512147411196822,0.049257792376408274,2.3666311159728615,7.130255446811792,10236.663111597287,7.069867305683883
60,2,3.5,1,2,0.05,12,1,0.0,1.5,6,1,130,55,75,42.30769230769231,1.1203562980828536,6.938774374085728,0.05337518749296714,6.411694518998434,15.51516857146078,10641.169451899843,50,24,26,48.0,1.2744701014351794,5.312168010725508,0.10624336021451017,5.191390893582404,5.998409329459344,10519.13908935824,7.040503794447207
60,2,3.5,1,2,0.05,24,0,0.25,2.5,24,1,152,61,91,40.13157894736842,1.2687189564147818,12.881076963345443,0.08474392739043055,12.93615268943682,8.595027112175387,11293.615268943682,51,23,28,45.09803921568628,1.1582545442282306,2.459613860283119,0.04822772275064939,2.2820126966850873,6.3065271680020265,10228.201269668509,7.018704108649019
60,2,3.5,1,3,0.05,24,0,0.25,1.5,24,0,167,76,91,45.50898203592814,1.2942826984806028,16.30497873095766,0.09763460317938719,16.91318800554229,6.471488303590692,11691.318800554229,57,29,28,50.87719298245614,1.1469951278801154,2.6821126411990233,0.047054607740333744,2.5109339391266694,6.352083815384916,10251.093393912666,7.0172060326328065
60,2,3.5,1,2,0.05,12,1,0.0,2.5,24,0,127,40,87,31.496062992125985,1.085984583562836,7.457022219594061,0.05871671039050442,6.055924629556175,23.729677236310188,10605.592462955618,46,16,30,34.78260869565217,1.3313196494827206,8.880231888592403,0.19304851931722616,8.673472652225179,8.119887872414765,10867.347265222517,7.00487433216851
60,2,3.5,1,0,0.05,48,0,0.25,2.0,72,0,188,76,112,40.42553191489362,1.102294436543364,9.896236990958483,0.05263955846254512,8.830837538074586,15.238235451677431,10883.08375380746,66,29,37,43.93939393939394,1.2502557536501397,8.287852636141809,0.1255735247900274,8.073148805586694,7.960633376946645,10807.31488055867,6.974719854179692
60,2,3.5,1,0,0.05,48,0,0.0,1.5,72,0,197,88,109,44.67005076142132,1.1051968678456143,10.117969570638031,0.05136025162760422,9.307236706794765,13.350373531631673,10930.723670679476,71,32,39,45.070422535211264,1.142709618269592,5.247186457757474,0.07390403461630245,4.884469537082281,6.52873395271137,10488.446953708228,6.973063098455356
60,2,3.5,1,3,0.05,24,0,0.1,1.0,24,0,171,83,88,48.538011695906434,1.151687861675654,8.087665878664673,0.0472962916880975,7.8875134371566125,8.692855657002188,10788.751343715661,59,33,26,55.932203389830505,1.3887902724431869,6.44885136136961,0.10930256544694254,6.477054104202873,4.862411449753965,10647.705410420287,6.920868008963137
60,2,3.5,1,3,0.05,24,0,0.1,1.0,24,1,171,83,88,48.538011695906434,1.151687861675654,8.087665878664673,0.0472962916880975,7.8875134371566125,8.692855657002188,10788.751343715661,59,33,26,55.932203389830505,1.3887902724431869,6.44885136136961,0.10930256544694254,6.477054104202873,4.862411449753965,10647.705410420287,6.920868008963137
60,2,3.5,1,0,0.05,48,0,0.25,2.0,72,1,194,70,124,36.08247422680412,1.2295938844252288,18.09771525516675,0.09328719203694201,18.354307561860985,9.613366419114989,11835.430756186099,69,22,47,31.884057971014492,1.1088843608432697,3.3159082968005356,0.04805664198261646,2.9065476119624734,10.633928606049265,10290.654761196247,6.810246727790165
60,2,3.5,1,0,0.05,24,0,0.1,3.0,72,0,160,56,104,35.0,1.0924421755176241,8.669202812358252,0.054182517577239075,7.194719090409896,21.547592290251895,10719.471909040989,55,22,33,40.0,1.097165107254748,3.00383948705621,0.054615263401022004,2.519008700880754,9.351044236199254,10251.900870088075,6.712815740417557
60,2,3.5,1,0,0.05,24,0,0.0,3.0,72,1,172,51,121,29.651162790697676,1.2605198407648444,18.70052970990347,0.10872400994129924,18.80616064461067,14.281426925634854,11880.616064461066,58,17,41,29.310344827586206,1.1083639621534493,2.8503574028958054,0.04914409315337596,2.4324063143938757,11.565071660187089,10243.240631439388,6.682005368496976
60,2,3.5,1,0,0.05,24,0,0.0,3.0,72,0,163,56,107,34.355828220858896,1.0878583646373834,8.501629535808014,0.052157236416000084,6.9423232501129695,20.924226864841764,10694.232325011297,55,22,33,40.0,1.1105941209952468,3.4239645570218666,0.06225390103676121,2.944315956379495,9.442356020945123,10294.431595637949,6.538521928057785
60,2,3.5,1,2,0.05,24,0,0.0,2.0,24,0,150,65,85,43.333333333333336,1.285511874088986,15.385245580682408,0.10256830387121606,15.719750120152298,8.819671617008298,11571.97501201523,51,24,27,47.05882352941177,1.1313622545187993,2.231896937898361,0.04376268505683061,2.0497964834512494,7.323902491601424,10204.979648345125,6.504937089558304
60,2,3.5,1,0,0.05,24,1,0.25,3.0,24,0,224,75,149,33.482142857142854,1.2506718116704945,37.055038826308575,0.16542428047459184,40.251334407108594,22.564504646544993,14025.133440710859,79,23,56,29.11392405063291,1.0786709904591294,4.066374132469562,0.05147309028442484,3.096424013631016,18.55717336956997,10309.642401363102,6.3889833940354315
60,2,3.5,1,0,0.05,12,1,0.25,2.5,24,0,192,63,129,32.8125,1.0857282884728536,11.008578008059672,0.05733634379197746,9.1141083014181,27.516381561963204,10911.41083014181,67,21,46,31.34328358208955,1.0850293829270932,3.6467601186472263,0.054429255502197404,2.9279268929783164,13.448736396144264,10292.792689297832,6.383952192873745
60,2,3.5,1,2,0.05,12,1,0.0,3.0,72,0,125,34,91,27.2,1.0749914705414347,7.057763617991203,0.05646210894392962,5.223082245396227,30.878536865639983,10522.308224539624,46,14,32,30.434782608695652,1.2872314072248194,9.325107622823355,0.2027197309309425,8.923640113489117,10.987019907314725,10892.364011348913,6.328496383708439
60,2,3.5,1,0,0.15,24,0,0.0,3.0,72,0,171,61,110,35.67251461988304,1.128422768878595,12.81596497911094,0.0749471636205318,11.54369510001645,19.37075085494534,11154.369510001645,56,22,34,39.285714285714285,1.087685426808864,2.7316598642067955,0.0487796404322642,2.2363725800058187,10.045295541850935,10223.637258000581,6.295394972330883
60,2,3.5,1,0,0.15,24,0,0.0,2.5,72,0,178,64,114,35.95505617977528,1.0843684218760734,8.653425115728158,0.048614747841169426,7.156294462440682,19.3272366688736,10715.629446244067,58,23,35,39.6551724137931,1.1465022133183083,4.711362193527592,0.08123038264702744,4.252213699839369,9.239547571100887,10425.221369983936,6.2783311721272455
60,2,3.5,1,0,0.05,48,0,0.0,3.0,72,0,179,64,115,35.754189944134076,1.0847940576818609,8.853837713008499,0.049462780519600555,7.187404270011166,22.381314369121018,10718.740427001117,64,28,36,43.75,1.3908888511974298,13.08252682671796,0.20441448166746812,13.196195655482978,7.477474302845037,11319.619565548299,6.190426032166079
60,2,3.5,1,0,0.05,48,0,0.0,1.5,72,1,204,82,122,40.19607843137255,1.140627748793156,12.150351462024414,0.059560546382472615,11.664375153807228,10.355165332831124,11166.437515380723,72,28,44,38.888888888888886,1.089539940146564,3.0264907517618704,0.04203459377447042,2.633091851465652,8.6871997554452,10263.309185146565,6.190275281885142
60,2,3.5,1,2,0.15,24,0,0.0,2.0,72,0,142,58,84,40.84507042253521,1.0917194434494586,6.648869396999379,0.046823023922530835,5.745441680614172,17.88646987652861,10574.544168061417,47,21,26,44.680851063829785,1.2157065929853244,4.980814192202169,0.10597477004685467,4.735248950630955,6.6959478184864905,10473.524895063096,6.1796731876510735
60,2,3.5,1,2,0.05,24,0,0.1,2.0,24,0,150,65,85,43.333333333333336,1.2767042005184221,14.77542984280246,0.09850286561868306,15.035692631735564,8.789180444251913,11503.569263173556,51,24,27,47.05882352941177,1.1219250768387177,2.055815181512583,0.04031010159828594,1.873589998898617,7.177321966441307,10187.358999889862,6.142633858709057
60,2,3.5,1,2,0.05,12,1,0.1,2.5,24,0,128,40,88,31.25,1.0739647946020288,6.463529415651951,0.05049632355978087,5.01122451613889,24.125693908093503,10501.122451613888,46,16,30,34.78260869565217,1.3340083206451152,8.931258043132152,0.19415778354635113,8.729001923192815,8.044117083565325,10872.90019231928,6.1350350708675405
60,2,3.5,1,2,0.05,24,1,0.1,3.0,24,0,159,47,112,29.559748427672957,1.0765856962020233,8.431278672504535,0.053026909889965626,6.467565426908761,28.882837919144162,10646.756542690877,56,21,35,37.5,1.4594692301221148,14.608532220987842,0.2608666468033543,14.830353186632038,8.249084134180128,11483.035318663204,6.127197233035415
60,2,3.5,1,2,0.15,24,0,0.0,2.0,24,1,164,67,97,40.853658536585364,1.246005303086155,13.407702816383084,0.08175428546575052,13.475722543746649,7.928343037917385,11347.572254374665,57,27,30,47.36842105263158,1.1290911150889302,2.181599510614077,0.03827367562480837,2.002289650893685,6.992438699576276,10200.228965089369,6.015893511438297
60,2,3.5,1,2,0.15,24,0,0.1,2.0,24,1,164,67,97,40.853658536585364,1.2609895103331201,13.827559925088943,0.0843143897871277,13.978629806270026,7.930331478145081,11397.862980627004,57,28,29,49.12280701754386,1.1291121786317595,2.1649117808437537,0.037980908435855325,1.9879966853196596,6.9674827252450555,10198.799668531965,5.986539613214989
60,2,3.5,1,2,0.05,24,0,0.0,2.0,72,0,132,53,79,40.15151515151515,1.1132765117833654,7.6362206426372055,0.057850156383615195,6.851243434560339,15.854015096219797,10685.124343456033,42,18,24,42.857142857142854,1.084281131798858,1.8446532916974967,0.043920316468988016,1.5471429157270622,8.672338878795292,10154.714291572705,5.985473016292687
60,2,3.5,1,0,0.15,24,0,0.1,2.5,72,1,186,60,126,32.25806451612903,1.201727362042691,16.17903172574453,0.08698404153626091,15.889851798889044,14.315196655533258,11588.985179888905,61,20,41,32.78688524590164,1.0847050464082797,2.579816442279957,0.042292072824261596,2.1037082590686706,9.885506871393424,10210.370825906866,5.9524190144152325
60,2,3.5,1,2,0.15,24,0,0.25,3.0,72,0,131,50,81,38.16793893129771,1.0858752765086463,5.848471791201364,0.0446448228335982,4.77258297392571,18.10411895279644,10477.258297392571,45,19,26,42.22222222222222,1.134000382460215,2.958342757645809,0.06574095016990686,2.634924515266368,6.2593578569755755,10263.492451526636,5.932849838858235
60,2,3.5,1,3,0.05,24,0,0.1,1.0,72,0,152,79,73,51.973684210526315,1.0967694318811567,6.182601459409022,0.04067500960137514,5.690236358685752,12.47395369210262,10569.023635868576,52,28,24,53.84615384615385,1.2635958224357104,5.508770360338426,0.10593789154496973,5.421243480419213,8.645448837040595,10542.124348041922,5.909631793728883
60,2,3.5,1,3,0.05,24,0,0.1,1.0,72,1,152,79,73,51.973684210526315,1.0967694318811567,6.182601459409022,0.04067500960137514,5.690236358685752,12.47395369210262,10569.023635868576,52,28,24,53.84615384615385,1.2635958224357104,5.508770360338426,0.10593789154496973,5.421243480419213,8.645448837040595,10542.124348041922,5.909631793728883
60,2,3.5,1,0,0.05,48,0,0.25,3.0,72,0,176,65,111,36.93181818181818,1.0808307745194279,8.0260578027188,0.04560260115181136,6.452090828324408,21.168531405322838,10645.20908283244,65,28,37,43.07692307692308,1.3531976652628241,11.811225866965612,0.18171116718408634,11.784693803251557,7.0581485269824755,11178.469380325156,5.870775254103264
60,2,3.5,1,0,0.15,24,0,0.1,3.0,72,1,179,58,121,32.402234636871505,1.3391817842760263,25.498658402654126,0.1424506056014197,27.00460392026036,13.140198098140644,12700.460392026036,59,19,40,32.20338983050848,1.0868363110434864,2.383845120022062,0.04040415457664512,1.948522885949422,10.767960207719815,10194.852288594942,5.835110650085256
60,2,3.5,1,2,0.15,24,0,0.0,2.5,24,0,161,68,93,42.2360248447205,1.2890242607949587,16.851550565660286,0.10466801593577818,17.26761408283888,9.72464497998798,11726.761408283888,57,28,29,49.12280701754386,1.1131509684833816,2.1537859824932624,0.037785718991109864,1.9191271777578844,5.203349080764335,10191.91271777579,5.827439438333112
60,2,3.5,1,2,0.05,24,1,0.0,1.5,6,1,165,67,98,40.60606060606061,1.0994430649567786,7.1061362368641365,0.04306749234463113,6.417900993672454,18.32073657321704,10641.790099367247,62,28,34,45.16129032258065,1.1227004908034492,3.201130872367579,0.051631143102702885,2.926492612260323,7.454761312803115,10292.649261226032,5.820704642622801
60,2,3.5,1,2,0.05,24,0,0.1,2.0,72,0,131,52,79,39.69465648854962,1.0835047462739573,5.5822240536969225,0.042612397356465055,4.713231512646177,15.762097296713073,10471.323151264618,42,18,24,42.857142857142854,1.0797560700526365,1.7424576171074537,0.041487086121606044,1.4447600118843607,8.536651126491313,10144.476001188435,5.738614926032449
60,2,3.5,1,2,0.05,12,1,0.0,3.0,24,1,128,25,103,19.53125,1.088132833280037,5.7387069291112445,0.0448336478836816,4.4850309986760095,22.08662855884927,10448.503099867601,47,12,35,25.53191489361702,1.290577324722551,6.57023425259475,0.1397922181403138,6.239686431583702,10.286333815594768,10623.96864315837,5.721552842488067
60,2,3.5,1,3,0.05,24,1,0.25,3.0,24,0,174,54,120,31.03448275862069,1.0755934147427029,9.0338213181802,0.05191851332287471,6.95766051505835,34.29033496482488,10695.766051505834,59,21,38,35.59322033898305,1.3719145876978245,12.910066926741962,0.21881469367359258,12.870727509721448,7.985734503707569,11287.072750972146,5.695052520105595
60,2,3.5,1,2,0.15,24,0,0.25,3.0,72,1,138,48,90,34.78260869565217,1.0926383750170068,5.612262416152643,0.04066856823299017,4.683202611768977,16.070020407348828,10468.320261176897,47,16,31,34.04255319148936,1.262556330764785,4.65422738119972,0.09902611449361107,4.429643702059205,6.575306413303409,10442.96437020592,5.67505244998289
60,2,3.5,1,2,0.15,24,0,0.25,2.0,24,1,164,66,98,40.24390243902439,1.2089378063389677,10.78128397616678,0.06573953644004134,10.627640133270756,8.06105849130736,11062.764013327076,57,28,29,49.12280701754386,1.1177344158374491,1.9516422488192529,0.03423933769858338,1.7748315904852818,5.0885486851547945,10177.483159048528,5.581783393109436
60,2,3.5,1,2,0.15,24,0,0.0,3.0,72,1,141,47,94,33.333333333333336,1.174207932111294,10.297323846751599,0.07303066557979858,9.649295288291704,14.436948352146112,10964.92952882917,47,15,32,31.914893617021278,1.0999935330745265,1.8144548136379943,0.038605421566765837,1.5404198069892017,7.91256668235039,10154.041980698921,5.5814324227876595
60,2,3.5,1,0,0.15,24,0,0.1,3.0,72,0,169,61,108,36.094674556213015,1.1231094644606625,12.033015114339007,0.07120127286591128,10.743682017267432,19.481741382530203,11074.368201726742,56,22,34,39.285714285714285,1.0750638015506797,2.334789653123096,0.04169267237719814,1.837507780249381,9.933584125120081,10183.750778024938,5.554795484652816
60,2,3.5,1,2,0.15,24,0,0.1,2.5,24,0,161,69,92,42.857142857142854,1.3241315030115068,18.394431208064226,0.11425112551592687,19.11042172486073,9.85446744424566,11911.042172486073,57,28,29,49.12280701754386,1.1063192071074082,2.0098570389527954,0.03526064980618939,1.7752564514920133,5.246049854745478,10177.525645149202,5.553479649233658
60,2,3.5,1,2,0.05,24,1,0.1,2.5,24,0,163,51,112,31.288343558282207,1.067140302756827,7.386878572355974,0.045318273450036646,5.585285608529933,25.404703903369292,10558.528560852994,56,21,35,37.5,1.3916088096941024,12.4509532725805,0.22233845129608037,12.488499828223244,8.220437368129415,11248.849982822325,5.546130843098616
60,2,3.5,1,0,0.05,48,1,0.25,2.5,24,0,255,85,170,33.333333333333336,1.0731028284976907,12.379712460570852,0.048547892002238635,9.870708994158006,32.11874174560881,10987.070899415801,92,29,63,31.52173913043478,1.0787608709161844,4.627333151331127,0.050297099470990515,3.658327815759388,17.46821828923096,10365.832781575938,5.527130301798043
60,2,3.5,1,2,0.05,12,1,0.1,3.0,24,0,125,36,89,28.8,1.0656483585789311,5.8081885281731225,0.04646550822538498,4.136929849776427,27.337017184324118,10413.692984977642,46,16,30,34.78260869565217,1.4008419558250278,10.718364545747017,0.23300792490754385,10.596791529580907,8.88669979745322,11059.679152958091,5.522641268807919
60,2,3.5,1,2,0.15,24,0,0.1,2.5,72,1,147,49,98,33.333333333333336,1.0890546395767524,5.681015220945319,0.03864636204724707,4.754813837013727,15.502168911054493,10475.481383701373,47,16,31,34.04255319148936,1.1999194533550641,3.6169613777784972,0.07695662505911696,3.3800675631322052,6.983951190505796,10338.00675631322,5.4997354503057325
60,2,3.5,1,0,0.05,48,0,0.1,3.0,72,0,177,64,113,36.15819209039548,1.074172972670188,7.625784266501969,0.04308352692938966,5.9418150078651255,22.96021135994671,10594.181500786512,64,28,36,43.75,1.3767323881977567,12.589178269661371,0.19670591046345892,12.647263450889312,7.4094916322932605,11264.726345088931,5.496524683672102
60,2,3.5,1,3,0.05,24,1,0.25,3.0,24,1,179,42,137,23.463687150837988,1.0875922533073035,8.429055032610226,0.047089692919610196,6.753855332497283,30.030614596880483,10675.385533249728,60,18,42,30.0,1.4409991433162597,12.189966753090822,0.2031661125515137,12.217791190017934,7.514837525007087,11221.779119001794,5.493404309180129
60,2,3.5,1,0,0.05,48,0,0.1,1.0,72,1,211,114,97,54.02843601895734,1.140599806874845,12.492156910391122,0.05920453512033707,12.261354238752409,10.816309826099936,11226.135423875241,73,37,36,50.68493150684932,1.0796472533932464,2.585519124389954,0.035418070197122654,2.282631099346344,10.303461738893006,10228.263109934634,5.48252944625318
60,2,3.5,1,0,0.05,48,0,0.1,1.0,72,0,211,114,97,54.02843601895734,1.140599806874845,12.492156910391122,0.05920453512033707,12.261354238752409,10.816309826099936,11226.135423875241,73,37,36,50.68493150684932,1.0796472533932464,2.585519124389954,0.035418070197122654,2.282631099346344,10.303461738893006,10228.263109934634,5.48252944625318
60,2,3.5,1,0,0.05,24,1,0.25,3.0,6,1,239,82,157,34.30962343096234,1.0921845221734572,9.711019671566872,0.040631881470991095,8.265853076148645,20.73665770125262,10826.585307614865,87,30,57,34.48275862068966,1.156522436929809,5.682147759111118,0.06531204320817377,5.169951940395401,12.979793550124196,10516.99519403954,5.451091410818687
60,2,3.5,1,0,0.05,24,0,0.1,2.5,72,0,166,59,107,35.54216867469879,1.0714836411106288,6.833921304660598,0.041168200630485534,5.371555268215844,20.4440553827192,10537.155526821585,57,23,34,40.35087719298246,1.1124898743704312,3.5906546347176405,0.06299394095995861,3.117694001652027,9.175440180956796,10311.769400165202,5.439188323361302
60,2,3.5,1,0,0.05,48,0,0.0,1.0,72,0,212,114,98,53.77358490566038,1.1362977564575953,12.270937198915455,0.05788177924016724,11.998352801486224,10.881046151411239,11199.835280148622,74,38,36,51.351351351351354,1.077344275930795,2.5888358507879783,0.0349842682538916,2.2754256676096762,10.383423649154707,10227.542566760967,5.432001419519707
60,2,3.5,1,0,0.05,48,0,0.0,1.0,72,1,212,114,98,53.77358490566038,1.1362977564575953,12.270937198915455,0.05788177924016724,11.998352801486224,10.881046151411239,11199.835280148622,74,38,36,51.351351351351354,1.077344275930795,2.5888358507879783,0.0349842682538916,2.2754256676096762,10.383423649154707,10227.542566760967,5.432001419519707
60,2,3.5,1,2,0.05,24,0,0.0,2.0,72,1,139,50,89,35.97122302158273,1.1892015685320183,11.354888281201845,0.08168984374965356,10.976933808500844,12.2830755227373,11097.693380850083,43,13,30,30.232558139534884,1.0890207552749949,1.5081300624505252,0.035072792150012216,1.2747624467091656,11.025402952707317,10127.476244670916,5.326755157578799
60,2,3.5,1,0,0.05,48,0,0.1,1.5,72,1,204,79,125,38.72549019607843,1.099305378450981,8.475695418958884,0.04154752656352394,7.680401993461228,13.648954933649948,10768.040199346122,71,27,44,38.028169014084504,1.0769819013532589,2.522115389186208,0.03552275196036913,2.1336420683148116,9.025610851407933,10213.364206831482,5.3149683146260385
60,2,3.5,1,2,0.15,24,0,0.25,1.5,24,0,162,72,90,44.44444444444444,1.1817529332646644,9.828349534411348,0.06066882428648981,9.644664351871368,10.391740393303401,10964.466435187136,57,29,28,50.87719298245614,1.1049175666292665,1.8587196253815699,0.03260911623476438,1.6810106830095872,6.051170628216134,10168.101068300959,5.25328663419141
60,2,3.5,1,2,0.15,24,0,0.0,3.0,72,0,134,50,84,37.3134328358209,1.070114598445907,5.069003341794391,0.03782838314771934,3.8735940080061093,17.944111392732832,10387.359400800611,45,19,26,42.22222222222222,1.108867928379615,2.546092287875426,0.05657982861945391,2.1936333723944434,6.695947818486501,10219.363337239445,5.229284967748687
60,2,3.5,1,2,0.05,24,0,0.1,2.0,72,1,139,49,90,35.25179856115108,1.1516285108717366,9.052017769175725,0.06512242999406996,8.484419575727431,12.028779220432314,10848.441957572742,43,13,30,30.232558139534884,1.0861676803531237,1.4558772409761245,0.033857610255258706,1.2229976708934664,10.866692880460821,10122.299767089346,5.214788596398005
60,2,3.5,1,0,0.05,24,0,0.25,3.0,72,0,158,56,102,35.44303797468354,1.0675071831293208,6.093884714174286,0.03856889059603978,4.600069855180222,19.76959744836984,10460.006985518023,56,22,34,39.285714285714285,1.0752167818575102,2.327943757191677,0.04157042423556566,1.83632398392104,10.193141856198778,10183.632398392103,5.210032705743884
60,2,3.5,1,2,0.15,24,0,0.25,2.5,24,0,160,69,91,43.125,1.310427442299477,16.96381081165798,0.10602381757286236,17.49976336128476,9.348783516371723,11749.976336128477,57,28,29,49.12280701754386,1.0964734427398894,1.8061860744678735,0.031687474990664447,1.571908334291372,5.3067723879018605,10157.190833429137,5.206811674618563
60,2,3.5,1,2,0.15,24,0,0.1,3.0,72,1,140,47,93,33.57142857142857,1.1421936014020213,8.356933692417892,0.05969238351727065,7.591788271551891,14.310777073596851,10759.178827155189,47,15,32,31.914893617021278,1.0902880368076264,1.6337970556057566,0.03476163948097354,1.3601099162194652,7.744919298303973,10136.010991621946,5.1852134983875855
60,2,3.5,1,0,0.05,24,1,0.0,2.5,24,1,230,58,172,25.217391304347824,1.101189661062365,12.394753788949387,0.05389023386499733,10.703497284207986,21.208128122845636,11070.349728420799,82,20,62,24.390243902439025,1.0712329521344741,3.077487925269255,0.037530340552064084,2.331565481625497,19.712527443961687,10233.15654816255,5.064896332884278
60,2,3.5,1,0,0.05,48,1,0.25,3.0,72,0,240,69,171,28.75,1.0742680007549144,12.94036980543718,0.05391820752265492,9.807312013959478,35.24695543247375,10980.731201395949,90,25,65,27.77777777777778,1.0627328220787184,4.124554664420494,0.045828385160227705,2.830254543652111,19.845070412358183,10283.025454365212,5.044572784883468
60,2,3.5,1,2,0.15,24,0,0.0,2.5,24,1,164,66,98,40.24390243902439,1.2918316848889826,15.909113363335718,0.09700678880082755,16.242041245561655,8.543033378791684,11624.204124556165,57,26,31,45.6140350877193,1.0994626906664726,1.6815995106140755,0.029501745800246938,1.4800214067324458,6.347954472850984,10148.002140673245,5.04256225968478
60,2,3.5,1,3,0.05,24,0,0.0,1.0,24,1,171,82,89,47.953216374269005,1.0957781726146016,5.3036164242804595,0.031015300726786314,4.916447041702621,11.115363942044267,10491.644704170263,59,33,26,55.932203389830505,1.4943807947267358,8.285789665156678,0.14043711296875724,8.436159313542401,4.97499524196698,10843.61593135424,5.03559903760739
60,2,3.5,1,3,0.05,24,0,0.0,1.0,24,0,171,82,89,47.953216374269005,1.0957781726146016,5.3036164242804595,0.031015300726786314,4.916447041702621,11.115363942044267,10491.644704170263,59,33,26,55.932203389830505,1.4943807947267358,8.285789665156678,0.14043711296875724,8.436159313542401,4.97499524196698,10843.61593135424,5.03559903760739
60,2,3.5,1,2,0.15,24,0,0.1,2.5,24,1,164,65,99,39.63414634146341,1.2594059597208331,13.758588922362113,0.0838938348924519,13.829126409362424,8.573358118580417,11382.912640936242,57,27,30,47.36842105263158,1.0992532947374365,1.6649117808437586,0.02920897861129401,1.4658075622087763,6.27626409956349,10146.580756220877,5.01104726454409
60,2,3.5,1,0,0.05,12,1,0.0,2.5,24,1,193,47,146,24.352331606217618,1.0688722394963859,7.075060502880943,0.036658344574512655,5.379961636454289,20.298578469134537,10537.996163645428,69,17,52,24.63768115942029,1.1078931042011642,3.778756289337956,0.054764583903448634,3.1893118064319603,15.459159062522243,10318.931180643196,5.0105137525009
60,2,3.5,1,2,0.15,24,0,0.1,3.0,72,0,132,50,82,37.878787878787875,1.0670851439702747,4.717468297274982,0.03573839619147713,3.566056391938077,18.497311264725056,10356.605639193807,45,19,26,42.22222222222222,1.0942729417533084,2.201640170284421,0.04892533711743158,1.8471354542898277,6.621914212366196,10184.713545428984,4.981035370853669
60,2,3.5,1,0,0.05,12,1,0.25,3.0,6,1,201,68,133,33.830845771144276,1.0743753802013856,6.69680390998177,0.033317432387969005,5.345793056018855,17.179403399871855,10534.579305601887,72,26,46,36.111111111111114,1.2628243218049982,7.891621957398767,0.10960586051942732,7.5764391102715045,8.618659931021721,10757.643911027151,4.878775739322199
60,2,3.5,1,2,0.05,24,0,0.25,3.0,72,1,128,43,85,33.59375,1.1462999673297936,8.120988320205004,0.0634452212516016,7.37951398125396,13.046487217322936,10737.951398125395,42,12,30,28.571428571428573,1.0773249830551062,1.2787189341430227,0.030445688908167207,1.019008409230282,8.429473455167878,10101.900840923028,4.792549635456913
60,2,3.5,1,2,0.05,24,0,0.0,2.0,24,1,153,63,90,41.1764705882353,1.272873394731302,13.942808378357837,0.09112946652521461,14.117431924710043,7.871867133303846,11411.743192471004,51,23,28,45.09803921568628,1.0879083863992343,1.3940868930626964,0.0273350371188764,1.2230505528133762,8.994005826186525,10122.305055281338,4.76480450697306
60,2,3.5,1,2,0.05,24,0,0.0,2.5,72,0,130,48,82,36.92307692307692,1.0609847589379875,4.282891744588257,0.03294532111221736,3.1789838079513633,17.73218257555494,10317.898380795137,41,17,24,41.46341463414634,1.0629716779260656,1.3782552570278297,0.03361598187872755,1.0567790407982613,8.306187122682381,10105.677904079826,4.726337636392752
60,2,3.5,1,2,0.15,24,0,0.1,2.0,72,0,141,57,84,40.42553191489362,1.0634774632883346,4.565670758827783,0.032380643679629666,3.599532098077307,17.80292375142423,10359.95320980773,47,21,26,44.680851063829785,1.2117339954904442,4.8796783334944,0.10382294326583831,4.63077302212529,6.621914212366191,10463.077302212529,4.683963970544971
60,2,3.5,1,0,0.05,24,1,0.25,3.0,6,0,237,93,144,39.24050632911393,1.073343047135809,8.403596748601899,0.03545821412912194,6.7398660396663645,24.289587929425625,10673.986603966636,87,34,53,39.08045977011494,1.158458293378891,7.156215083448717,0.08225534578676685,6.533044908521557,14.55600723039602,10653.304490852155,4.682865912866095
60,2,3.5,1,3,0.05,24,0,0.0,3.0,24,0,162,70,92,43.20987654320987,1.3760426625275592,22.273713983681528,0.13749206162766375,23.709191023963115,6.269138782371682,12370.919102396312,56,28,28,50.0,1.078106333507968,1.453415442713627,0.025953847191314768,1.2317950403378797,8.21137363692702,10123.179504033787,4.663220094715246
60,2,3.5,1,0,0.05,48,1,0.25,3.0,24,1,256,66,190,25.78125,1.1466151771714423,20.252302930820917,0.07911055832351921,19.04089503460924,21.35509943924405,11904.089503460924,93,22,71,23.655913978494624,1.0656832957101134,3.099260914004227,0.03332538617208846,2.2178242600990883,17.119159228826714,10221.78242600991,4.63692872050143
60,2,3.5,1,0,0.05,48,0,0.0,2.0,72,1,200,73,127,36.5,1.253937068544931,21.48366285254379,0.10741831426271896,22.278308000599132,9.59032837443011,12227.830800059914,69,21,48,30.434782608695652,1.0626797682933176,1.9333002248738032,0.028018843838750772,1.4962288939764479,12.280461498172013,10149.622889397644,4.615265754776328
60,2,3.5,1,2,0.05,24,0,0.25,1.5,24,0,151,68,83,45.033112582781456,1.200469761196409,10.234264425947078,0.06777658560229853,10.115337758749599,10.478398071411966,11011.53377587496,51,24,27,47.05882352941177,1.081928621152848,1.3666912368454494,0.026797867389126456,1.1955008596127081,7.265348945601556,10119.550085961271,4.610064468791767
60,2,3.5,1,0,0.05,12,1,0.0,3.0,24,1,193,41,152,21.243523316062177,1.0953161605252588,9.818074673189516,0.050870853228961226,7.994700696772772,18.256014751566006,10799.470069677276,68,15,53,22.058823529411764,1.0622524927848462,2.1191449130779914,0.031163895780558698,1.4622838074122457,16.512462226307463,10146.228380741224,4.568944328991328
60,2,3.5,1,2,0.05,24,0,0.25,2.0,72,1,137,48,89,35.03649635036496,1.0661674486493964,4.005246765187999,0.029235377848087583,3.1840701617513067,14.490540360803516,10318.407016175132,43,14,29,32.55813953488372,1.2213053456749559,3.6590439308416234,0.08509404490329357,3.461974352187114,8.617139942513987,10346.197435218712,4.564859223851166
60,2,3.5,1,0,0.05,12,1,0.1,3.0,24,1,193,43,150,22.27979274611399,1.1033870266365193,10.571444229231647,0.054774322431252055,8.858209342901091,18.197289860011693,10885.82093429011,68,16,52,23.529411764705884,1.0575338339856992,2.120356247943633,0.031181709528582836,1.40643351527876,14.561273807507991,10140.643351527875,4.5648118796887065
60,2,3.5,1,2,0.05,12,1,0.0,1.5,6,0,130,58,72,44.61538461538461,1.0625472838362477,4.000602109219481,0.030773862378611395,3.273236893853082,18.79698501733602,10327.323689385308,50,26,24,52.0,1.2018846844535847,4.504518497512712,0.09009036995025424,4.315133698861673,5.631116050009188,10431.513369886166,4.467844267765907
60,2,3.5,1,2,0.05,24,0,0.1,2.0,24,1,153,63,90,41.1764705882353,1.2897480657794063,14.379995851472012,0.09398690099001315,14.641646612028204,7.8675667792045605,11464.16466120282,51,23,28,45.09803921568628,1.0769701414181465,1.2108699234035496,0.02374254751771666,1.041141707330162,8.85649647269807,10104.114170733015,4.391929618104218
60,2,3.5,1,0,0.05,48,0,0.0,1.5,6,0,263,118,145,44.866920152091254,1.1263336214517308,7.135424079471548,0.027130890036013492,6.844468853493901,9.747854574604164,10684.44688534939,95,46,49,48.421052631578945,1.0975088540937221,2.173314117375581,0.02287699070921664,1.991518167962436,7.278233245108022,10199.151816796244,4.3542803237796415
60,2,3.5,1,0,0.05,24,0,0.0,2.5,72,0,169,59,110,34.9112426035503,1.0532781945570522,5.249549260645978,0.031062421660627088,3.6728765573954325,21.371207485486135,10367.287655739543,57,23,34,40.35087719298246,1.1585456353098949,5.067948349044683,0.08891137454464357,4.62480914050456,9.239547571100935,10462.480914050455,4.336570407102287
60,2,3.5,1,2,0.05,24,1,0.0,1.5,6,0,165,73,92,44.24242424242424,1.0638040291548203,4.958977053025403,0.030054406381972137,4.098261328465491,20.962900635834842,10409.826132846549,62,30,32,48.38709677419355,1.0824001603393925,2.3934813591547845,0.038604538050883624,2.069102298160286,8.072919511996725,10206.910229816029,4.289588130995917
60,2,3.5,1,0,0.05,12,1,0.1,3.0,72,1,193,39,154,20.207253886010363,1.0819456409342016,8.54369483736662,0.04426784889827265,6.573795305415886,21.689774904522814,10657.379530541588,67,13,54,19.402985074626866,1.0541448535147269,1.9909403428704753,0.02971552750552948,1.2452630778582385,15.836311100713468,10124.526307785824,4.200406733828643
60,2,3.5,1,0,0.05,48,1,0.25,3.0,6,1,268,93,175,34.701492537313435,1.0666799975747525,7.823885587401119,0.029193602938063876,6.075863435993645,22.30176594789834,10607.586343599365,100,34,66,34.0,1.126354421721715,5.0217085696215324,0.05021708569621532,4.44485996135604,12.843774551994786,10444.485996135603,4.176126383766118
60,2,3.5,1,0,0.15,24,0,0.25,3.0,72,1,174,58,116,33.333333333333336,1.2746473341967033,20.209432757112715,0.11614616527076273,20.625030720474836,13.586634273893289,12062.503072047484,58,18,40,31.03448275862069,1.0526334919735065,1.4273281161899956,0.024609105451551646,0.9901885113278386,10.480639522748778,10099.018851132783,4.158733217059153
60,2,3.5,1,2,0.05,24,0,0.1,2.5,72,0,129,48,81,37.2093023255814,1.0778579946328046,5.345691337926391,0.041439467735863496,4.29913254842178,17.696568833741917,10429.913254842179,41,17,24,41.46341463414634,1.051101119749746,1.1164233053597126,0.027229836716090552,0.7965734365535493,8.191974733808205,10079.657343655355,4.137158742912369
60,2,3.5,1,2,0.05,12,0,0.25,2.5,72,1,111,43,68,38.73873873873874,1.4676925996021768,19.43629156555352,0.1751017258157975,20.45367116575092,7.747648863565887,12045.367116575091,38,12,26,31.57894736842105,1.050006392999898,0.8225512925772106,0.0216460866467687,0.5711394550558024,8.390533740850795,10057.11394550558,4.127545590838583
60,2,3.5,1,2,0.05,12,0,0.25,2.5,24,1,123,52,71,42.27642276422764,1.536418419245672,18.880464083301863,0.15349970799432408,20.03984566932049,5.487077921989777,12003.98456693205,44,19,25,43.18181818181818,1.062932255034779,0.8949717708394722,0.020340267519078914,0.7144604769081964,7.065996482740798,10071.44604769082,4.116597721990034
60,2,3.5,1,0,0.05,12,1,0.1,2.5,24,0,192,61,131,31.770833333333332,1.07906510430463,10.346461290643816,0.05388781922210321,8.313723870914158,27.591656862082164,10831.372387091416,67,20,47,29.850746268656717,1.049299691616084,2.1709313837970283,0.032401960952194456,1.4052292680130751,16.811885314794868,10140.522926801308,4.1052468372442945
60,2,3.5,1,0,0.15,24,0,0.0,3.0,72,1,180,58,122,32.22222222222222,1.3591985592358786,27.22533747011157,0.15125187483395316,29.152658352620797,12.334674159759123,12915.26583526208,59,18,41,30.508474576271187,1.0499253581425956,1.372641792872762,0.023265115133436643,0.9267745089550194,11.96536434202608,10092.677450895502,4.095716236265519
60,2,3.5,1,0,0.05,24,0,0.1,2.0,72,0,173,68,105,39.30635838150289,1.088058964080417,8.136586311876881,0.04703229082009758,7.007302866220688,16.546899165501262,10700.730286622069,57,23,34,40.35087719298246,1.046200393412142,1.4747074584225017,0.02587206067407898,1.0240168910846004,9.883172102147283,10102.401689108461,4.092837205356748
60,2,3.5,1,0,0.05,12,0,0.25,2.5,72,1,151,50,101,33.11258278145695,1.2279927462840676,14.292570168545884,0.09465278257315156,14.08334170757235,14.070493738631368,11408.334170757234,51,16,35,31.372549019607842,1.0477085985141,1.2456401992942085,0.024424317633219776,0.8379735917748654,9.339671904765707,10083.797359177486,4.088743707890438
60,2,3.5,1,0,0.05,12,1,0.0,3.0,72,1,193,39,154,20.207253886010363,1.0748948200953805,7.8530326525092615,0.040689288354970266,5.837887083864679,19.46540649979383,10583.788708386468,67,12,55,17.91044776119403,1.0536019574374027,1.819937450363701,0.027163245527816432,1.1308972263681438,17.806382508203853,10113.089722636814,4.077554848186429
60,2,3.5,1,0,0.05,12,1,0.0,3.0,24,0,190,56,134,29.473684210526315,1.137394735466132,18.500194824190878,0.09736944644310988,16.917029906119097,27.370356492572807,11691.70299061191,67,19,48,28.35820895522388,1.0474322538527434,2.1447916515951366,0.0320118156954498,1.2720481085698676,18.843509633902702,10127.204810856987,4.075775458213709
60,2,3.5,1,0,0.05,24,0,0.0,2.0,72,0,175,68,107,38.857142857142854,1.0857905000527883,8.154796999931802,0.0465988399996103,6.978039790633916,19.92281681855219,10697.803979063392,57,23,34,40.35087719298246,1.0488960635634437,1.5629741186301414,0.02742059857245862,1.111940096534192,10.02174127081835,10111.194009653418,4.050527276314261
60,2,3.5,1,2,0.05,24,0,0.1,1.0,24,0,155,75,80,48.38709677419355,1.066804862159166,3.3703109866484673,0.02174394184934495,2.9631188810222087,11.489780527915809,10296.31188810222,52,26,26,50.0,1.1176626690883817,1.9646205147575495,0.03778116374533749,1.8231224350378827,7.6007185238964174,10182.312243503788,4.015646268933091
60,2,3.5,1,2,0.05,24,0,0.1,1.0,24,1,155,75,80,48.38709677419355,1.066804862159166,3.3703109866484673,0.02174394184934495,2.9631188810222087,11.489780527915809,10296.31188810222,52,26,26,50.0,1.1176626690883817,1.9646205147575495,0.03778116374533749,1.8231224350378827,7.6007185238964174,10182.312243503788,4.015646268933091
60,2,3.5,1,2,0.05,24,0,0.25,2.5,72,0,125,47,78,37.6,1.0477712420367686,3.0775370288413906,0.024620296230731125,2.077099314054265,15.813382323695816,10207.709931405427,41,17,24,41.46341463414634,1.0797699546971906,1.665997340623278,0.04063408147861654,1.3621712238979233,8.088444145653268,10136.217122389793,3.982536129553237
60,2,3.5,1,2,0.05,12,1,0.1,1.5,6,1,131,53,78,40.458015267175576,1.0534170266395828,3.054663229193661,0.023318039917508863,2.3985101923415852,14.44315470802486,10239.851019234158,50,24,26,48.0,1.2113871097985713,4.100600601786697,0.08201201203573394,3.9361052977185507,5.883060155874128,10393.610529771855,3.9652313258209926
60,2,3.5,1,2,0.05,12,0,0.25,1.5,24,1,125,57,68,45.6,1.441263281110335,15.79005785431471,0.12632046283451767,16.549731393310285,4.918057547466917,11654.973139331029,44,20,24,45.45454545454545,1.0596940614519215,0.8485562771833606,0.019285369935985466,0.699515166176834,7.972851728197039,10069.951516617684,3.950220261787599
60,2,3.5,1,2,0.05,24,0,0.25,2.0,24,1,153,62,91,40.52287581699346,1.22861763176021,11.10545122314311,0.07258464851727522,11.01311258824258,8.223895588968608,11101.311258824258,51,23,28,45.09803921568628,1.0617427217119026,0.9596138602831283,0.018815958044767222,0.7923418220912248,6.916475654971579,10079.234182209122,3.9067718844205537
60,2,3.5,1,3,0.05,24,0,0.1,3.0,24,0,162,71,91,43.82716049382716,1.396278952666271,22.654325984845716,0.13984151842497355,24.251927096682202,6.334895849077197,12425.19270966822,56,28,28,50.0,1.0566351125145674,1.045298955386995,0.018666052774767766,0.8269405194116786,8.017504994517925,10082.694051941167,3.9031303296182913
60,2,3.5,1,2,0.05,24,0,0.25,1.0,24,1,155,75,80,48.38709677419355,1.064457653991431,3.1820301540566898,0.02052922680036574,2.78460481337075,11.792565477374833,10278.460481337075,52,26,26,50.0,1.0838059997623595,1.3851003479943667,0.02663654515373782,1.2404115173516583,7.468337757364697,10124.041151735166,3.8713132507321584
60,2,3.5,1,2,0.05,24,0,0.25,1.0,24,0,155,75,80,48.38709677419355,1.064457653991431,3.1820301540566898,0.02052922680036574,2.78460481337075,11.792565477374833,10278.460481337075,52,26,26,50.0,1.0838059997623595,1.3851003479943667,0.02663654515373782,1.2404115173516583,7.468337757364697,10124.041151735166,3.8713132507321584
60,2,3.5,1,2,0.05,24,0,0.25,3.0,24,1,149,59,90,39.59731543624161,1.275310294969077,13.195984143703686,0.08856365197116568,13.262752216960427,8.875702167841249,11326.275221696042,51,22,29,43.13725490196079,1.0617306928479238,0.959613860283129,0.018815958044767236,0.7632990382717253,6.8886428804044,10076.329903827173,3.8676394319602387
60,2,3.5,1,2,0.05,24,0,0.25,2.5,72,1,132,44,88,33.333333333333336,1.0502077317730405,2.888073567440018,0.021879345207878924,2.0056365308026125,13.722387338699955,10200.563653080262,42,13,29,30.952380952380953,1.2005288379313936,3.3155269031290424,0.07894111674116767,3.086556110541472,8.304320032995998,10308.655611054148,3.8411267555813318
60,2,3.5,1,0,0.05,24,0,0.1,2.0,72,1,182,63,119,34.61538461538461,1.1868642125996816,14.213531035334556,0.07809632436997009,13.918268233057374,11.451503359334689,11391.826823305737,60,19,41,31.666666666666668,1.0417800713252385,1.2228819049272492,0.02038136508212082,0.8047875774831459,11.585682420561692,10080.478757748315,3.8376430920461884
60,2,3.5,1,0,0.05,24,0,0.25,2.0,72,0,171,66,105,38.59649122807018,1.0619373904458573,5.574513978465464,0.03259949695009043,4.36233368434078,16.624465285432716,10436.233368434077,57,23,34,40.35087719298246,1.0430848619241722,1.3195378769317685,0.02314978731459243,0.8975348136170291,10.126970026134217,10089.753481361704,3.8097248392362664
60,2,3.5,1,0,0.05,24,0,0.25,2.5,72,0,162,58,104,35.80246913580247,1.0438763750946947,3.9950881233043907,0.024661037798175252,2.559324754638248,19.499600601671467,10255.932475463826,57,23,34,40.35087719298246,1.1552554441351996,4.754928529115779,0.08341979875641718,4.336508438524622,8.833796563948965,10433.650843852462,3.7899247949612684
60,2,3.5,1,2,0.05,24,0,0.0,1.5,24,0,152,67,85,44.078947368421055,1.1494767141371933,8.022443818580795,0.05277923564855786,7.683182268501199,10.713561184352749,10768.31822685012,52,24,28,46.15384615384615,1.0538783523849247,0.9694223082653929,0.018642736697411403,0.7789350346609991,7.277487127556295,10077.8935034661,3.7262458948050368
60,2,3.5,1,2,0.05,24,1,0.25,3.0,24,0,160,49,111,30.625,1.0450745322361383,4.892036043534436,0.030575225272090223,2.9198804568433934,30.856884096013324,10291.98804568434,56,20,36,35.714285714285715,1.3482292845001846,11.007267140234637,0.19655834178990422,10.831397496446616,10.919198048328399,11083.139749644663,3.700563672703954
60,2,3.5,1,0,0.05,48,0,0.0,2.0,24,1,229,94,135,41.048034934497814,1.3121608673499223,24.727492963032542,0.10798031861586263,26.567069001162146,8.058665045769906,12656.706900116214,81,34,47,41.97530864197531,1.0491814641264805,1.4642995335915292,0.018077772019648507,1.1055294456409515,10.810102177195985,10110.552944564095,3.698205924312478
60,2,3.5,1,0,0.05,24,0,0.25,2.0,6,1,235,102,133,43.40425531914894,1.0849532169907488,3.8874365564542854,0.016542283218954405,3.559468684545952,9.743984209315068,10355.946868454595,82,40,42,48.78048780487805,1.0978445027102905,1.832103299219544,0.022342723161213954,1.6686525181112577,6.823103852367953,10166.865251811127,3.6813797640976937
60,2,3.5,1,0,0.05,48,0,0.25,2.0,6,1,263,116,147,44.106463878327,1.0871967349730127,4.489953316684002,0.01707206584290495,4.129217245263472,11.242338602327736,10412.921724526346,95,45,50,47.36842105263158,1.0830873437281006,1.740559469534309,0.018321678626676937,1.5607719095830808,7.508372458079209,10156.077190958309,3.655275774753816
60,2,3.5,1,0,0.05,48,0,0.25,2.5,72,0,179,67,112,37.43016759776536,1.0428564479159064,4.245819493647869,0.02371966197568642,2.707117499420053,20.415501405769803,10270.711749942006,66,29,37,43.93939393939394,1.3846364846894255,12.738210638889706,0.19300319149832887,12.869129734864938,7.5093909519645745,11286.912973486493,3.6532182709933627
60,2,3.5,1,2,0.05,24,0,0.0,2.5,72,1,137,45,92,32.846715328467155,1.1632846715825649,9.802122021538118,0.0715483359236359,9.149848932113368,13.259003740245646,10914.984893211336,42,12,30,28.571428571428573,1.0470740341027602,0.7974967834398434,0.018988018653329605,0.5461793263374259,11.104478240737444,10054.617932633742,3.5735297206930983
60,2,3.5,1,0,0.05,12,1,0.1,3.0,72,0,188,52,136,27.659574468085108,1.0800030495709352,11.225276410974232,0.05970891707965017,8.639605904238534,34.07244736539315,10863.960590423852,65,17,48,26.153846153846153,1.041548042558058,2.02228645154802,0.031112099254584923,1.0379524185639255,19.517306659755125,10103.795241856393,3.5689246428536623
60,2,3.5,1,0,0.05,12,1,0.25,3.0,6,0,200,77,123,38.5,1.0459683824026842,4.519232147694029,0.022596160738470147,2.9778663278736905,20.664799393214327,10297.786632787369,72,30,42,41.666666666666664,1.3420956525910575,12.299009393365331,0.17081957490785182,12.23126758375539,8.518172633871773,11223.12675837554,3.5407108191743624
60,2,3.5,1,2,0.15,24,0,0.0,1.5,24,0,163,71,92,43.558282208588956,1.1275928312888979,7.2824398097721055,0.044677544845227644,6.861902245585227,10.948089219599535,10686.190224558522,58,29,29,50.0,1.0508400871133539,0.9674804190949815,0.016680696880947955,0.7701607481494177,6.204254558004257,10077.016074814943,3.520618253536103
60,2,3.5,1,2,0.15,24,0,0.25,2.0,72,1,147,53,94,36.054421768707485,1.0449118759398732,2.9464530952233785,0.02004389860696176,2.0438476980703557,16.571352843272578,10204.384769807035,48,18,30,37.5,1.3404820047203336,6.034552377898321,0.12571984120621502,5.916653865367749,6.575306413303396,10591.665386536775,3.4891144717906304
60,2,3.5,1,2,0.15,24,0,0.1,1.0,24,0,166,79,87,47.59036144578313,1.051167590918277,2.7529219925028285,0.016583867424715834,2.3057293624167308,11.603574405111164,10230.572936241673,58,31,27,53.44827586206897,1.1576326199664428,2.795308044962155,0.048194966292450944,2.6606987558515094,6.676622713280175,10266.06987558515,3.4722612043920393
60,2,3.5,1,2,0.15,24,0,0.1,1.0,24,1,166,79,87,47.59036144578313,1.051167590918277,2.7529219925028285,0.016583867424715834,2.3057293624167308,11.603574405111164,10230.572936241673,58,31,27,53.44827586206897,1.1576326199664428,2.795308044962155,0.048194966292450944,2.6606987558515094,6.676622713280175,10266.06987558515,3.4722612043920393
60,2,3.5,1,2,0.05,24,1,0.0,3.0,24,1,163,33,130,20.245398773006134,1.0501244806709553,4.206737091736881,0.02580820301679068,2.5855108436352303,26.99930001959973,10258.551084363522,57,17,40,29.82456140350877,1.420768189540026,11.643215666751102,0.20426694152194916,11.58861677404599,8.647611158903725,11158.861677404599,3.4671555628996362
60,2,3.5,1,0,0.15,24,0,0.1,2.5,72,0,175,63,112,36.0,1.0402688799420738,4.0737652839279175,0.023278658765302385,2.453701021576782,22.514311715106807,10245.370102157678,58,23,35,39.6551724137931,1.1010922821524596,3.2460194461737837,0.05596585252023765,2.762752469787566,9.175440180956787,10276.275246978757,3.4652986778985495
60,2,3.5,1,0,0.05,24,0,0.0,2.0,6,0,235,103,132,43.829787234042556,1.0697589453162226,3.565619223727139,0.015172847760541017,3.148897030948361,10.79672312201242,10314.889703094836,82,40,42,48.78048780487805,1.123091715626453,2.4614540781508083,0.03001773266037571,2.280456319919888,7.357343606251724,10228.045631991989,3.4508833401454617
60,2,3.5,1,0,0.05,24,1,0.25,2.5,24,0,228,77,151,33.771929824561404,1.1428458360702833,21.40978566133562,0.09390256869006851,20.495729322749302,27.28508271843191,12049.57293227493,79,24,55,30.379746835443036,1.0396666335682232,2.010237597456734,0.025446045537427013,1.1477654965329709,18.962883614695883,10114.776549653297,3.425035521240621
60,2,3.5,1,2,0.15,24,0,0.1,1.5,24,0,163,72,91,44.171779141104295,1.1721550753468222,9.559248329262344,0.05864569527154812,9.32787117948848,11.179811464816813,10932.787117948848,58,29,29,50.0,1.0487417068917593,0.9212008432488994,0.015882773159463782,0.7250460549971915,6.139418699850871,10072.504605499718,3.4227257862314597
60,2,3.5,1,0,0.05,48,1,0.25,3.0,6,0,266,105,161,39.473684210526315,1.0500703258157178,6.388231548915247,0.02401590807862875,4.437195174626685,26.441631132282744,10443.719517462669,100,40,60,40.0,1.14436816086062,7.061916748776322,0.07061916748776322,6.3962405596133864,13.789605946157,10639.624055961338,3.376745643241472
60,2,3.5,1,0,0.05,48,0,0.0,2.0,6,0,263,117,146,44.48669201520912,1.068394368795808,3.9346199480928155,0.014960532122025914,3.466722669315958,12.084044963684132,10346.672266931595,95,46,49,48.421052631578945,1.1327041967955982,2.957761190113601,0.031134328316985274,2.7704066535435334,7.936377377675309,10277.040665354354,3.364234071119943
60,2,3.5,1,3,0.05,24,0,0.25,1.5,72,0,142,63,79,44.36619718309859,1.2066865082336098,13.700483995406893,0.09648228165779502,13.66468049794447,11.160339689460203,11366.468049794446,47,20,27,42.5531914893617,1.0310793109763388,0.7328524431361143,0.015592605173108814,0.4499391719386736,8.768681252651213,10044.993917193868,3.3389188589867356
60,2,3.5,1,2,0.05,24,0,0.0,2.5,24,0,150,64,86,42.666666666666664,1.3166994792202895,17.386656127635046,0.1159110408509003,17.9307669841265,9.669270910406922,11793.07669841265,51,23,28,45.09803921568628,1.0406664824817915,0.7318969378983589,0.014350920350948213,0.5120654923747026,6.700740458822151,10051.206549237471,3.331393117292132
60,2,3.5,1,2,0.05,24,0,0.1,2.5,72,1,137,44,93,32.11678832116788,1.1192730871961987,7.122487409681295,0.05198895919475398,6.3072135496632376,13.055580104146047,10630.721354966323,42,12,30,28.571428571428573,1.0408956051326066,0.6909665030381643,0.01645158340567058,0.441208411243843,10.967261607041511,10044.120841124384,3.3197347561528647
60,2,3.5,1,2,0.05,12,0,0.0,2.0,24,0,121,56,65,46.28099173553719,1.5739558543904588,22.947186288737463,0.18964616767551623,24.92982586298631,5.873108450289656,12492.98258629863,44,20,24,45.45454545454545,1.037436129696243,0.5800639624242985,0.013183271873279511,0.40098901300418266,7.743926743940496,10040.098901300418,3.30923009106104
60,2,3.5,1,0,0.05,48,0,0.1,1.5,72,0,196,85,111,43.36734693877551,1.035739915175514,3.5043941346380354,0.017879561911418547,2.338379921393008,17.021293764894914,10233.8379921393,70,32,38,45.714285714285715,1.1384541815529514,4.94629541579527,0.07066136308278957,4.586600589472045,6.457701575594434,10458.660058947205,3.2644263833033196
60,2,3.5,1,2,0.05,24,1,0.0,1.5,72,1,165,61,104,36.96969696969697,1.0382408558439804,3.304000362016313,0.020024244618280687,2.2288139680482155,20.405567517366705,10222.881396804822,58,20,38,34.48275862068966,1.080308782776299,2.210148792454878,0.03810601366301514,1.868733837609149,9.310862076509723,10186.873383760914,3.2623258668645994
60,2,3.5,1,2,0.05,24,0,0.25,2.0,72,0,130,50,80,38.46153846153846,1.0355372546893447,2.3383559576983126,0.01798735352075625,1.4198829974918947,16.477424776966142,10141.98829974919,42,18,24,42.857142857142854,1.1134898110288114,2.333471484628645,0.055558844872110595,2.0642816833844835,8.102195341704238,10206.428168338449,3.257284386405702
60,2,3.5,1,0,0.05,48,0,0.25,2.0,6,0,263,118,145,44.866920152091254,1.0689030598445146,3.621291642078229,0.013769169741742316,3.2227667053109643,11.965912658376004,10322.276670531097,95,46,49,48.421052631578945,1.0933977610744663,1.955089806111826,0.020579892695913957,1.778684592248636,7.309918878977761,10177.868459224865,3.253203153507484
60,2,3.5,1,0,0.05,24,0,0.25,2.5,6,1,235,102,133,43.40425531914894,1.0646085067905156,2.95646804267255,0.01258071507520234,2.6116432440220994,10.139859504487461,10261.164324402209,82,40,42,48.78048780487805,1.109306129375137,2.0467181569317217,0.02495997752355758,1.8773754647675167,6.823103852367984,10187.737546476752,3.2207810116116775
60,2,3.5,1,0,0.05,24,0,0.25,2.0,6,0,235,104,131,44.255319148936174,1.0644708945051695,3.018774881848514,0.012845850561057505,2.6579778370233287,10.645038090593317,10265.797783702334,82,40,42,48.78048780487805,1.0978445027102905,1.832103299219544,0.022342723161213954,1.6686525181112577,6.823103852367953,10166.865251811127,3.2167086204601505
60,2,3.5,1,0,0.05,48,1,0.1,3.0,24,0,253,80,173,31.620553359683793,1.1459439438709722,25.265482640271255,0.09986356774810773,24.209169076743887,26.807743373598868,12420.91690767439,92,26,66,28.26086956521739,1.0337919591876454,2.096158861886803,0.022784335455291335,0.9071803292095337,21.17221583240069,10090.718032920953,3.1908128108038176
60,2,3.5,1,0,0.05,12,1,0.0,2.5,72,1,193,45,148,23.316062176165804,1.0368442890872722,3.8530326525092584,0.01996389975393398,2.0186295421931844,21.747268672293114,10201.86295421932,69,15,54,21.73913043478261,1.0656568273824634,2.2942182490512195,0.03324953984132202,1.675747330505506,15.769435696429424,10167.574733050551,3.1900919574352913
60,2,3.5,1,0,0.05,24,0,0.0,2.5,6,0,235,103,132,43.829787234042556,1.0561616333264892,2.870613919363203,0.012215378380268949,2.4339428947776076,9.88351454261821,10243.394289477761,82,40,42,48.78048780487805,1.1082436373274693,2.1645383783757843,0.026396809492387614,1.97663562148771,7.357343606251761,10197.663562148771,3.1827342929024405
60,2,3.5,1,0,0.05,48,1,0.25,2.5,24,1,258,69,189,26.74418604651163,1.0651876955541408,9.134690377019203,0.035405776655113186,6.918176761776129,25.063809180403453,10691.817676177614,93,23,70,24.731182795698924,1.0415102564543433,1.9582406735934743,0.021056351328962088,1.1571728765151557,17.18955585442409,10115.717287651516,3.1391565732076883
60,2,3.5,1,0,0.05,24,0,0.25,3.0,6,1,235,102,133,43.40425531914894,1.061153337338722,2.798360409890278,0.01190791663783097,2.4533253699475566,10.278503287566314,10245.332536994756,82,40,42,48.78048780487805,1.1180105789891863,2.2097058610341036,0.02694763245163541,2.037828647941886,6.823103852367943,10203.78286479419,3.138272201986222
60,2,3.5,1,2,0.15,24,0,0.25,1.0,24,1,166,79,87,47.59036144578313,1.0434454998936535,2.27611526252096,0.01371153772602988,1.8410377876376227,12.142175346501132,10184.103778763763,58,31,27,53.44827586206897,1.123629442029295,2.1711769860356616,0.0374340859661321,2.027847862671739,6.529912072466443,10202.784786267173,3.1372679959907988
60,2,3.5,1,2,0.15,24,0,0.25,1.0,24,0,166,79,87,47.59036144578313,1.0434454998936535,2.27611526252096,0.01371153772602988,1.8410377876376227,12.142175346501132,10184.103778763763,58,31,27,53.44827586206897,1.123629442029295,2.1711769860356616,0.0374340859661321,2.027847862671739,6.529912072466443,10202.784786267173,3.1372679959907988
60,2,3.5,1,2,0.05,12,0,0.1,2.0,24,0,121,56,65,46.28099173553719,1.56604288087158,22.393722360635792,0.1850720856250892,24.259894187208598,5.87286049979046,12425.98941872086,44,20,24,45.45454545454545,1.032785140641704,0.5041675092581579,0.011458352483139951,0.3269224028999318,7.649755324391318,10032.692240289993,3.133086459110956
60,2,3.5,1,2,0.05,24,0,0.0,1.5,24,1,154,65,89,42.20779220779221,1.12591061518156,6.43282865667122,0.041771614653709224,6.03183483401506,9.340964082821062,10603.183483401506,52,23,29,44.23076923076923,1.0374603827914999,0.6316122634297279,0.01214638968134092,0.45505744213114596,8.499763503309364,10045.505744213115,3.1261310801030406
60,2,3.5,1,0,0.05,24,1,0.0,2.5,72,1,230,55,175,23.91304347826087,1.0688202969245206,8.576193255482526,0.03728779676296751,6.519726609437537,23.409816808957046,10651.972660943755,81,18,63,22.22222222222222,1.0376264220441407,1.621474742358231,0.020018206695780628,0.859352279274872,20.463244454023304,10085.935227927488,3.113156429855346
60,2,3.5,1,2,0.05,24,0,0.0,1.0,24,0,156,75,81,48.07692307692308,1.0407900834705357,2.117684420013596,0.013574900128292282,1.6725320407087185,12.082796960385455,10167.253204070872,52,26,26,50.0,1.1812418442601,3.048227552429793,0.05861976062364986,2.923725726423143,7.748409004676776,10292.372572642314,3.1111315535023847
60,2,3.5,1,2,0.05,24,0,0.0,1.0,24,1,156,75,81,48.07692307692308,1.0407900834705357,2.117684420013596,0.013574900128292282,1.6725320407087185,12.082796960385455,10167.253204070872,52,26,26,50.0,1.1812418442601,3.048227552429793,0.05861976062364986,2.923725726423143,7.748409004676776,10292.372572642314,3.1111315535023847
60,2,3.5,1,0,0.05,48,0,0.25,2.5,6,1,263,116,147,44.106463878327,1.062362524551579,3.2111847311004436,0.01220982787490663,2.824332877474345,11.63164190911337,10282.433287747435,95,45,50,47.36842105263158,1.0933321981924302,1.9551743272464879,0.020580782392068293,1.7692733803177152,7.508372458079323,10176.927338031772,3.1042441411938024
60,2,3.5,1,2,0.05,24,1,0.1,1.5,6,1,166,65,101,39.1566265060241,1.0392398378706114,2.7706035641238946,0.016690382916409004,1.954732988346053,17.693892184073025,10195.473298834606,62,28,34,45.16129032258065,1.0895792602746346,2.3118390079245676,0.03728772593426722,2.0293307094534585,7.727655998262842,10202.933070945346,3.100197908976895
60,2,3.5,1,0,0.05,48,1,0.0,2.5,24,1,257,65,192,25.291828793774318,1.050548827598161,6.981936745400611,0.027167069048251405,4.6796840954083985,21.32409546086052,10467.96840954084,95,23,72,24.210526315789473,1.0344865589653418,1.7367350893172442,0.018281421992813098,0.8670855565166002,20.048593841926017,10086.70855565166,3.074104408707146
60,2,3.5,1,0,0.05,48,0,0.0,2.5,6,0,263,117,146,44.48669201520912,1.0525745658783798,3.024531687469449,0.011500120484674711,2.532879632046381,11.184015197797649,10253.287963204639,95,46,49,48.421052631578945,1.119382648191083,2.660845490338578,0.02800889989830082,2.4651305739183282,7.936377377675277,10246.513057391832,3.0405550875031557
60,2,3.5,1,2,0.05,24,0,0.0,1.5,72,1,141,54,87,38.297872340425535,1.034299035930884,2.0908444510596578,0.014828684050068494,1.3611693821343307,14.976412090567973,10136.116938213434,44,16,28,36.36363636363637,1.0972511891208219,1.7441231553370131,0.03963916262129575,1.531544268814633,9.31866786967032,10153.154426881463,3.033548000411571
60,2,3.5,1,0,0.05,48,0,0.25,3.0,6,1,263,116,147,44.106463878327,1.059292009474797,3.0530770983181705,0.011608658168510155,2.6656868479436158,11.76798404482138,10266.568684794362,95,45,50,47.36842105263158,1.1011125789442764,2.11816203134887,0.022296442435251265,1.9295563066173305,7.50837245807931,10192.955630661732,3.0298056122581105
60,2,3.5,1,2,0.15,24,0,0.0,2.5,72,0,140,52,88,37.142857142857146,1.03125131165829,2.3848541387489,0.017034672419635,1.1701309902224954,19.325685498213772,10117.01309902225,46,20,26,43.47826086956522,1.1775585734663176,4.099950077688991,0.08912934951497807,3.801375153778852,6.695947818486496,10380.137515377886,2.9914434955582596
60,2,3.5,1,2,0.05,24,0,0.1,2.5,24,0,150,65,85,43.333333333333336,1.354824040893799,18.946867134447288,0.12631244756298193,19.803290563789044,9.793014445635563,11980.329056378905,51,23,28,45.09803921568628,1.0311067523867803,0.5558151815125865,0.010898336892403656,0.3385025003327602,6.590667625496491,10033.850250033276,2.959590699133935
60,2,3.5,1,3,0.05,24,0,0.0,1.0,72,1,154,78,76,50.64935064935065,1.0303018233985788,2.054266820400783,0.013339394937667422,1.393489792013769,14.397097235598519,10139.348979201377,52,29,23,55.76923076923077,1.3130174541318445,6.539810942099059,0.12576559504036652,6.508115329228548,8.750811158482277,10650.811532922855,2.9277464977832013
60,2,3.5,1,3,0.05,24,0,0.0,1.0,72,0,154,78,76,50.64935064935065,1.0303018233985788,2.054266820400783,0.013339394937667422,1.393489792013769,14.397097235598519,10139.348979201377,52,29,23,55.76923076923077,1.3130174541318445,6.539810942099059,0.12576559504036652,6.508115329228548,8.750811158482277,10650.811532922855,2.9277464977832013
60,2,3.5,1,0,0.05,48,0,0.0,2.5,24,1,226,91,135,40.26548672566372,1.3475106227995928,27.197784124598996,0.12034417754247344,29.597954999797338,8.479686967242097,12959.795499979733,81,33,48,40.74074074074074,1.028500282129907,0.8487541397834678,0.010478446170166269,0.45988195975559254,10.351928896125504,10045.988195975558,2.9244013722353364
60,2,3.5,1,0,0.15,24,0,0.1,2.0,72,0,181,72,109,39.77900552486188,1.0980050463036886,9.513595999873433,0.052561303866704046,8.410106653040694,15.219970259455962,10841.01066530407,58,23,35,39.6551724137931,1.0244428284408926,0.7848462291015429,0.013531831536233498,0.33161419280223203,9.938043348647335,10033.161419280223,2.896624339328349
60,2,3.5,1,2,0.15,24,0,0.0,1.0,72,1,154,80,74,51.94805194805195,1.0316283413079774,2.1105501452692366,0.01370487107317686,1.463729558959459,15.677811906339247,10146.372955895946,53,29,24,54.716981132075475,1.234072188647707,4.9345431043482435,0.09310458687449516,4.820537539323277,8.114349322230192,10482.053753932327,2.8919734802097135
60,2,3.5,1,2,0.15,24,0,0.0,1.0,72,0,154,80,74,51.94805194805195,1.0316283413079774,2.1105501452692366,0.01370487107317686,1.463729558959459,15.677811906339247,10146.372955895946,53,29,24,54.716981132075475,1.234072188647707,4.9345431043482435,0.09310458687449516,4.820537539323277,8.114349322230192,10482.053753932327,2.8919734802097135
60,2,3.5,1,3,0.05,24,0,0.25,3.0,24,0,162,71,91,43.82716049382716,1.3666696923752797,20.457136107822947,0.12627861794952436,21.630389750145127,6.418984163453019,12163.038975014513,56,28,28,50.0,1.027493942992831,0.5016618790087912,0.0089582478394427,0.2898743525776126,7.759512004858774,10028.98743525776,2.8895470764218607
60,2,3.5,1,0,0.05,48,0,0.0,2.0,24,0,227,98,129,43.17180616740088,1.2865413255434484,24.36578711373924,0.10733826922352088,26.00972772727841,8.133070117000122,12600.97277272784,81,36,45,44.44444444444444,1.0254027381213506,0.8318342898084858,0.010269559133438097,0.43263248481719696,10.508739968638556,10043.26324848172,2.887908916194623
60,2,3.5,1,0,0.15,24,0,0.25,3.0,72,0,166,61,105,36.74698795180723,1.1072624854173951,9.99992343601544,0.06024050262659903,8.668545124452432,19.403132040660388,10866.854512445243,56,21,35,37.5,1.0285834898580473,0.8898997950970471,0.015891067769590126,0.38743025518188645,10.741612016024646,10038.743025518188,2.886390961018939
60,2,3.5,1,2,0.05,12,1,0.0,1.0,6,0,130,66,64,50.76923076923077,1.0291301055222846,1.6673202758357104,0.012825540583351619,1.1126564488549873,14.24127760652335,10111.265644885498,50,29,21,58.0,1.3576915768571975,6.88062108007716,0.1376124216015432,6.8899859811009545,5.991317384712506,10688.998598110094,2.8795201762607627
60,2,3.5,1,2,0.05,12,1,0.0,1.0,6,1,130,66,64,50.76923076923077,1.0291301055222846,1.6673202758357104,0.012825540583351619,1.1126564488549873,14.24127760652335,10111.265644885498,50,29,21,58.0,1.3576915768571975,6.88062108007716,0.1376124216015432,6.8899859811009545,5.991317384712506,10688.998598110094,2.8795201762607627
60,2,3.5,1,3,0.05,24,1,0.25,2.5,72,1,180,42,138,23.333333333333332,1.0387684347475232,3.790870016249181,0.02106038897916212,2.074504894098861,28.62614308349576,10207.450489409886,60,14,46,23.333333333333332,1.2199298046360951,6.2818609528751805,0.10469768254791968,5.877288492656985,7.702032134161815,10587.728849265699,2.877094568818844
60,2,3.5,1,2,0.15,24,0,0.1,1.5,24,1,165,70,95,42.42424242424242,1.14997602995856,7.943217141398233,0.04814070994786808,7.622856394648436,9.858955315099735,10762.285639464844,58,28,30,48.275862068965516,1.032428514196941,0.5762555851398656,0.009935441123101131,0.3942343280979088,7.027646153339852,10039.423432809792,2.874617566188583
60,2,3.5,1,0,0.05,24,1,0.1,3.0,24,0,226,72,154,31.858407079646017,1.2123392063999123,32.61126003321233,0.14429761076642625,34.00214701773754,24.548205555340036,13400.214701773753,79,22,57,27.848101265822784,1.0274325317172963,1.452229423496477,0.018382650930335153,0.44007277651230137,22.333238332884584,10044.00727765123,2.858440486615094
60,2,3.5,1,0,0.05,24,0,0.1,2.0,6,0,235,103,132,43.829787234042556,1.0444969025297177,2.19404424408833,0.009336358485482255,1.7860674506102958,10.628381300847312,10178.60674506103,82,40,42,48.78048780487805,1.095791326743222,1.861111375772093,0.022696480192342598,1.6874999368140742,7.063884322768232,10168.749993681407,2.826810836336482
60,2,3.5,1,0,0.05,24,0,0.25,2.0,72,1,178,61,117,34.26966292134831,1.1846446997910351,13.388539624046794,0.07521651474183592,13.051875529615664,8.80108422333618,11305.187552961566,60,19,41,31.666666666666668,1.0223858459674997,0.6478608942097295,0.010797681570162159,0.24283220403151784,11.873759152974324,10024.283220403151,2.823201686190087
60,2,3.5,1,0,0.05,48,0,0.25,1.5,72,1,200,80,120,40.0,1.1634010721684571,13.364305392772003,0.06682152696386001,13.085020227138866,12.418360656239539,11308.502022713887,70,25,45,35.714285714285715,1.0241685248096282,0.7599408523027712,0.010856297890039588,0.38029427490424705,11.270814776047693,10038.029427490424,2.8151331869529748
60,2,3.5,1,0,0.15,24,0,0.0,2.0,72,0,182,72,110,39.56043956043956,1.0868854790300737,8.582465136684405,0.04715640184991431,7.382469538275904,18.64089427172883,10738.246953827591,58,23,35,39.6551724137931,1.0262540082096332,0.8443022047638283,0.014556934564893593,0.3901806751937631,10.049379691263402,10039.018067519377,2.797501560995468
60,2,3.5,1,0,0.05,24,0,0.0,3.0,6,0,235,103,132,43.829787234042556,1.0413538150094908,2.1137354801435926,0.00899461906444082,1.6713533895301058,10.554404328928385,10167.13533895301,82,40,42,48.78048780487805,1.1332299968619874,2.6641883853756463,0.03249010226067861,2.473879308094218,7.357343606251741,10247.387930809422,2.7907893375070203
60,2,3.5,1,0,0.05,48,0,0.1,2.0,6,0,263,117,146,44.48669201520912,1.044227757593179,2.4605007337234204,0.009355516097807682,1.9967324488160187,11.920711567864336,10199.673244881602,95,46,49,48.421052631578945,1.1009214562532736,2.18852883877384,0.023037145671303577,2.003897136851207,7.593045802239843,10200.389713685121,2.7651992500420497
60,2,3.5,1,0,0.05,24,0,0.25,2.5,6,0,235,104,131,44.255319148936174,1.0445885332199503,2.0878063680667798,0.008884282417305446,1.7184032688777773,11.036961239550415,10171.840326887777,82,40,42,48.78048780487805,1.109306129375137,2.0467181569317217,0.02495997752355758,1.8773754647675167,6.823103852367984,10187.737546476752,2.75727169457708
60,2,3.5,1,0,0.05,24,0,0.1,3.0,6,0,235,103,132,43.829787234042556,1.0410612505092827,2.0246398111597284,0.008615488558126504,1.6081492297474798,10.49400983619978,10160.814922974749,82,40,42,48.78048780487805,1.1284397890619755,2.49543210906539,0.030432098891041343,2.3139996730250356,7.063884322768224,10231.399967302505,2.755914827438889
60,2,3.5,1,2,0.05,24,0,0.0,1.0,72,1,144,74,70,51.388888888888886,1.027457406371403,1.7207429075258585,0.011949603524485129,1.1105271969887864,14.794537493251985,10111.052719698879,48,26,22,54.166666666666664,1.2279732494709732,4.531539157389112,0.09440706577893983,4.410339848636968,9.496070241475007,10441.033984863698,2.7513849454072625
60,2,3.5,1,2,0.05,24,0,0.0,1.0,72,0,144,74,70,51.388888888888886,1.027457406371403,1.7207429075258585,0.011949603524485129,1.1105271969887864,14.794537493251985,10111.052719698879,48,26,22,54.166666666666664,1.2279732494709732,4.531539157389112,0.09440706577893983,4.410339848636968,9.496070241475007,10441.033984863698,2.7513849454072625
60,2,3.5,1,2,0.15,24,0,0.0,1.5,24,1,165,69,96,41.81818181818182,1.1044634198059915,5.692824647862534,0.034501967562803236,5.223149337284716,9.579097508826868,10522.314933728472,58,27,31,46.55172413793103,1.027666825838083,0.49529394721579717,0.008539550814065468,0.31151066023418217,7.137359714904957,10031.151066023418,2.7422966269436726
60,2,3.5,1,0,0.05,48,1,0.0,2.5,72,1,254,60,194,23.62204724409449,1.028931406592306,4.025921569486019,0.015850084919236295,1.5923431848632763,23.29927443240764,10159.234318486328,94,21,73,22.340425531914892,1.038520169062701,1.9356640257294622,0.02059217048648364,1.0475314912101297,19.496294603517605,10104.753149121012,2.7003025283238378
60,2,3.5,1,0,0.05,48,0,0.25,2.5,6,0,263,118,145,44.866920152091254,1.0445716673225958,2.3425230564946675,0.008906931773743984,1.9292414274203917,12.352042269862737,10192.92414274204,95,46,49,48.421052631578945,1.1036502554309768,2.169704663824003,0.022838996461305296,1.9876334317260325,7.309918878977725,10198.763343172603,2.6951487949746094
60,2,3.5,1,2,0.05,24,0,0.1,1.5,24,0,152,68,84,44.73684210526316,1.1967435358899872,10.265090713238488,0.06753349153446374,10.130054934953181,10.984910287049047,11013.005493495319,52,24,28,46.15384615384615,1.0261513798503994,0.46715898580869886,0.008983826650167285,0.2815109603675481,7.444967842786208,10028.151096036754,2.6886199988497967
60,2,3.5,1,2,0.05,24,0,0.0,2.5,24,1,153,62,91,40.52287581699346,1.3217463668133955,16.444218925310484,0.10747855506738878,16.89939449271758,8.486376049398933,11689.939449271758,51,22,29,43.13725490196079,1.0248391484505472,0.39408689306269357,0.007727193981621442,0.2135101404847628,8.829122134110202,10021.351014048476,2.6877747388747695
60,2,3.5,1,0,0.05,48,0,0.0,3.0,6,0,263,117,146,44.48669201520912,1.039417965294714,2.2676532482498386,0.008622255696767446,1.7695535729242984,11.845223152839983,10176.955357292429,95,46,49,48.421052631578945,1.1418001621808735,3.1604954973384407,0.03326837365619411,2.964756188792572,7.936377377675266,10296.475618879258,2.686782930242557
60,2,3.5,1,0,0.05,12,0,0.0,1.5,6,0,199,83,116,41.70854271356784,1.0341391484692555,1.5176431246217073,0.007626347359908077,1.144422919226784,9.680223436453423,10114.442291922678,70,36,34,51.42857142857143,1.1516607515790773,2.442519928388832,0.03489314183412617,2.3158299486405465,4.904070825556947,10231.582994864055,2.676367614446245
60,2,3.5,1,0,0.05,24,0,0.25,3.0,6,0,235,104,131,44.255319148936174,1.041211885105227,1.9296987352845085,0.008211483979934079,1.5614635605691873,11.174220898615289,10156.14635605692,82,40,42,48.78048780487805,1.1180105789891863,2.2097058610341036,0.02694763245163541,2.037828647941886,6.823103852367943,10203.78286479419,2.6750029750666044
60,2,3.5,1,0,0.05,24,0,0.25,1.5,6,1,235,102,133,43.40425531914894,1.0653442889058544,2.9901372360718463,0.0127239882386036,2.6597313690084334,10.958143900667853,10265.973136900842,82,40,42,48.78048780487805,1.0352022327676869,0.6591492113209022,0.008038405016108564,0.504549148314748,6.823103852367997,10050.454914831475,2.6586403938858187
60,2,3.5,1,3,0.05,24,1,0.1,3.0,72,0,171,46,125,26.900584795321638,1.0308476542739955,3.966524610185716,0.02319605035196325,1.3849443637502068,35.576834546858954,10138.49443637502,58,17,41,29.310344827586206,1.1453494621289135,6.047679741343785,0.10427034036799629,5.283719331549608,14.891251728060029,10528.37193315496,2.654444015323351
60,2,3.5,1,0,0.05,48,0,0.1,1.5,6,0,263,117,146,44.48669201520912,1.041248975307645,2.294783627588952,0.008725413032657612,1.846452984026281,12.910467069930542,10184.64529840263,95,46,49,48.421052631578945,1.099209146538058,2.151396604145185,0.02264628004363353,1.9783536446041694,7.072118890421778,10197.835364460418,2.6368460488320022
60,2,3.5,1,2,0.15,24,0,0.0,1.0,24,0,167,79,88,47.30538922155689,1.0263201471972954,1.456085186028566,0.008719072970230933,0.9783858190060668,11.72505954698803,10097.838581900607,58,31,27,53.44827586206897,1.2190853630627012,3.9119092362158607,0.06744671096923897,3.8044554014006415,6.836043837867321,10380.445540140065,2.6287977629889743
60,2,3.5,1,2,0.15,24,0,0.0,1.0,24,1,167,79,88,47.30538922155689,1.0263201471972954,1.456085186028566,0.008719072970230933,0.9783858190060668,11.72505954698803,10097.838581900607,58,31,27,53.44827586206897,1.2190853630627012,3.9119092362158607,0.06744671096923897,3.8044554014006415,6.836043837867321,10380.445540140065,2.6287977629889743
60,2,3.5,1,0,0.05,48,0,0.25,3.0,6,0,263,118,145,44.866920152091254,1.0415633209202002,2.1844154237123936,0.008305762067347504,1.771976420266852,12.487272911299845,10177.197642026686,95,46,49,48.421052631578945,1.1114364382437778,2.332692367926386,0.024554656504488275,2.148260267212243,7.309918878977707,10214.826026721224,2.6209012930439437
60,2,3.5,1,0,0.05,48,0,0.0,1.5,6,1,263,116,147,44.106463878327,1.1009605287224717,5.696067089712082,0.021658049770768375,5.328656628612238,10.252996386059237,10532.865662861224,95,45,50,47.36842105263158,1.0301683283448122,0.6733141173755803,0.007087517025006109,0.4838057756016756,7.278233245107972,10048.380577560169,2.6103433951734645
60,2,3.5,1,0,0.05,12,0,0.25,1.0,6,0,199,85,114,42.71356783919598,1.068847226844966,2.761314258376912,0.013875951047120161,2.4921120692648513,10.71513972672826,10249.211206926486,70,36,34,51.42857142857143,1.0353072548410596,0.5278930625828043,0.0075413294654686335,0.416903068436536,4.5401041090082295,10041.690306843653,2.6081070603294183
60,2,3.5,1,0,0.05,12,0,0.25,1.0,6,1,199,85,114,42.71356783919598,1.068847226844966,2.761314258376912,0.013875951047120161,2.4921120692648513,10.71513972672826,10249.211206926486,70,36,34,51.42857142857143,1.0353072548410596,0.5278930625828043,0.0075413294654686335,0.416903068436536,4.5401041090082295,10041.690306843653,2.6081070603294183
60,2,3.5,1,0,0.05,24,0,0.25,1.5,6,0,235,104,131,44.255319148936174,1.0453075941306436,2.121475561466072,0.009027555580706689,1.7660727841019908,11.84707644806277,10176.6072784102,82,40,42,48.78048780487805,1.0352022327676869,0.6591492113209022,0.008038405016108564,0.504549148314748,6.823103852367997,10050.454914831475,2.605304441042124
60,2,3.5,1,0,0.05,48,0,0.1,3.0,6,0,263,117,146,44.48669201520912,1.0363177556472254,2.0204475487802673,0.007682310071407861,1.5482518830529868,11.788283139645102,10154.825188305298,95,46,49,48.421052631578945,1.1301724174475845,2.822849572067137,0.029714206021759337,2.63234620569881,7.593045802239786,10263.234620569881,2.5900043492033142
60,2,3.5,1,0,0.05,48,0,0.25,1.5,6,0,263,118,145,44.866920152091254,1.042316358686759,2.2239923216957944,0.00845624456918553,1.8243088158665044,13.150182087719338,10182.43088158665,95,46,49,48.421052631578945,1.0373638718329556,0.78213571821318,0.008233007560138736,0.613321358127128,7.309918878977685,10061.332135812712,2.5654523935634077
60,2,3.5,1,0,0.05,48,0,0.0,2.0,6,1,263,115,148,43.72623574144487,1.0840560843336444,4.746342095023996,0.018046928117961963,4.316045575356275,11.35076948246968,10431.604557535627,95,44,51,46.31578947368421,1.0301403767469766,0.6733141173755768,0.007087517025006072,0.46886396014673704,8.197560787967175,10046.886396014674,2.544421106193163
60,2,3.5,1,2,0.05,24,1,0.0,3.0,72,1,163,30,133,18.404907975460123,1.0329511040756705,2.846940306960396,0.017465891453744758,1.1101014654349095,28.104546793074558,10111.010146543491,57,13,44,22.80701754385965,1.4062270755676118,11.216508497364549,0.196780850830957,11.080056587555976,9.203794117923428,11108.005658755597,2.5322628469959856
60,2,3.5,1,0,0.15,24,0,0.25,2.0,72,0,181,70,111,38.67403314917127,1.0350125144714792,3.362046473762203,0.01857484239647626,2.0193454085051687,18.032537315182385,10201.934540850516,58,23,35,39.6551724137931,1.021689961967499,0.6682741544713259,0.0115219681805401,0.24446010431489196,10.212549683313936,10024.44601043149,2.521378247468637
60,2,3.5,1,2,0.05,24,1,0.0,2.5,6,1,164,52,112,31.70731707317073,1.0311825749532106,2.244830194979091,0.013687988993774944,1.1530738143923358,22.083232712551563,10115.307381439234,62,26,36,41.935483870967744,1.3254433211682959,8.508269881488955,0.1372301593788541,8.379885401925824,8.038039381945744,10837.988540192582,2.520483559169975
60,2,3.5,1,0,0.05,48,0,0.1,1.0,6,0,263,119,144,45.247148288973385,1.063843885630062,3.4772144234631837,0.013221347617730736,3.109481285100024,12.082389182354795,10310.948128510003,95,46,49,48.421052631578945,1.0315761270471158,0.6847430390418805,0.007207821463598742,0.5184109939581738,6.000814734600596,10051.841099395817,2.5154258686596016
60,2,3.5,1,0,0.05,48,0,0.1,1.0,6,1,263,119,144,45.247148288973385,1.063843885630062,3.4772144234631837,0.013221347617730736,3.109481285100024,12.082389182354795,10310.948128510003,95,46,49,48.421052631578945,1.0315761270471158,0.6847430390418805,0.007207821463598742,0.5184109939581738,6.000814734600596,10051.841099395817,2.5154258686596016
60,2,3.5,1,2,0.15,24,0,0.0,1.5,72,1,151,59,92,39.0728476821192,1.0246545436816317,1.6034932054218334,0.010619160300806844,0.8288709424737695,16.534336672222857,10082.887094247377,49,19,30,38.775510204081634,1.1369375174898557,2.6207092008902007,0.05348386124265716,2.4081324078933264,7.020407780615369,10240.813240789334,2.510367217653391
60,2,3.5,1,0,0.05,24,0,0.0,1.5,6,0,235,104,131,44.255319148936174,1.1432459323612887,7.171724293813771,0.03051797571835647,6.941144990319259,9.01622994437257,10694.114499031926,82,40,42,48.78048780487805,1.0230762680752834,0.46145407815081046,0.005627488757936713,0.28941701607867465,7.3573436062517175,10028.941701607868,2.509811676061544
60,2,3.5,1,0,0.05,48,0,0.25,1.5,72,0,193,84,109,43.523316062176164,1.0272468614096173,2.6023768818702333,0.013483818040778412,1.4607066430983195,22.058785511333955,10146.070664309833,67,30,37,44.776119402985074,1.133406235237625,4.417671385639976,0.06593539381552203,4.075452854696349,7.995890475595919,10407.545285469634,2.5012991667346496
60,2,3.5,1,0,0.05,24,0,0.1,1.5,6,0,235,103,132,43.829787234042556,1.0484355606970235,2.3882508020759827,0.010162769370536097,1.9958381102184841,11.754633765276306,10199.583811021848,82,40,42,48.78048780487805,1.0296272154565262,0.5756215055502705,0.007019774457930127,0.41145954270644935,7.063884322768232,10041.145954270645,2.4978379115691465
60,2,3.5,1,0,0.05,24,0,0.1,2.5,6,0,235,103,132,43.829787234042556,1.0309208664560414,1.524639811159728,0.006487828983658417,1.1147739022004943,10.928621110484729,10111.47739022005,82,40,42,48.78048780487805,1.1102633755667926,2.142286045880541,0.026125439583909036,1.9632967579793714,7.0638843227681765,10196.329675797937,2.4967914254285004
60,2,3.5,1,2,0.05,12,0,0.25,2.5,72,0,108,46,62,42.592592592592595,1.3769291294563928,18.735792260785622,0.17347955797023726,19.458449622806427,10.291811424326852,11945.844962280642,38,15,23,39.473684210526315,1.0139694674735935,0.2721948719288624,0.007163022945496378,-0.009845883425496638,8.080724016040952,9999.01541165745,2.4930887086501783
60,2,3.5,1,2,0.05,24,0,0.25,2.5,24,0,149,65,84,43.624161073825505,1.334890975605939,17.28797805863432,0.1160266983800961,17.909181417424726,9.509339867678515,11790.918141742473,51,23,28,45.09803921568628,1.0177614713819403,0.3141576859317462,0.006159954626112671,0.10067026930606904,6.4428189077881015,10010.067026930607,2.47608238517258
60,2,3.5,1,0,0.05,48,0,0.1,1.5,6,1,263,115,148,43.72623574144487,1.0574232128515002,3.133527147289369,0.011914551890834103,2.7101586914470843,12.166064854377497,10271.015869144709,95,45,50,47.36842105263158,1.0300031979994408,0.6513966041451877,0.006856806359423029,0.47090655990420505,7.072118890421818,10047.090655990422,2.4721579598253185
60,2,3.5,1,0,0.05,24,0,0.0,2.0,6,1,235,101,134,42.97872340425532,1.0874569467584803,4.377341370658318,0.01862698455599284,3.9956110151264435,9.913885138366357,10399.561101512643,82,39,43,47.5609756097561,1.0230414718676741,0.46145407815080824,0.005627488757936686,0.2743632460465051,7.3573436062516775,10027.43632460465,2.455882772006695
60,2,3.5,1,2,0.15,24,0,0.1,1.0,72,0,153,79,74,51.63398692810458,1.0212947333851694,1.4143382667775022,0.00924404095933008,0.7670922767064159,15.388359173125544,10076.709227670643,53,28,25,52.83018867924528,1.1853936218087051,3.9090866083331792,0.07375635110062602,3.756527932796483,8.000163136067147,10375.652793279649,2.4425904169722417
60,2,3.5,1,2,0.15,24,0,0.1,1.0,72,1,153,79,74,51.63398692810458,1.0212947333851694,1.4143382667775022,0.00924404095933008,0.7670922767064159,15.388359173125544,10076.709227670643,53,28,25,52.83018867924528,1.1853936218087051,3.9090866083331792,0.07375635110062602,3.756527932796483,8.000163136067147,10375.652793279649,2.4425904169722417
60,2,3.5,1,2,0.05,24,1,0.1,3.0,24,1,163,34,129,20.858895705521473,1.030259259223497,2.582965642777563,0.015846414986365416,0.9487144595326402,27.188877939156225,10094.871445953264,57,17,40,29.82456140350877,1.2836997978531013,8.398019966162794,0.14733368361689111,8.04502784904544,9.33847602528225,10804.502784904544,2.419871641788804
60,2,3.5,1,0,0.05,12,1,0.0,2.5,24,0,190,62,128,32.63157894736842,1.1230860788152945,15.793977190678836,0.08312619574041492,14.349041642135152,26.121926157816745,11434.904164213514,68,20,48,29.41176470588235,1.0226724888244687,1.0250745913388664,0.015074626343218623,0.24314185291407497,18.178555800192527,10024.314185291407,2.4089026929615214
60,2,3.5,1,2,0.05,12,0,0.25,1.5,72,0,114,53,61,46.49122807017544,1.2445906032240972,12.186232674225808,0.10689677784408604,12.204054710626867,9.229104904378792,11220.405471062686,38,16,22,42.10526315789474,1.0116591867198017,0.21547919824301454,0.005670505216921435,-0.0003224215919028772,8.822065979485606,9999.96775784081,2.4029787654819845
60,2,3.5,1,0,0.05,12,1,0.1,2.0,24,0,193,68,125,35.233160621761655,1.0263002913033796,3.276087502804626,0.016974546646656093,1.4147557713768855,26.573188622240266,10141.475577137688,69,23,46,33.333333333333336,1.0243066510249388,1.0241164855699232,0.01484226790681048,0.3980861186255069,17.121510296228124,10039.80861186255,2.3632982996014453
60,2,3.5,1,0,0.05,48,0,0.25,1.5,6,1,263,116,147,44.106463878327,1.0600606090661755,3.0926539963015633,0.01175914067034815,2.718478800381008,12.436341836613192,10271.847880038102,95,45,50,47.36842105263158,1.027095209483707,0.5676053816356642,0.005974793490901729,0.39790376988753096,7.508372458079314,10039.790376988753,2.3619240770075787
60,2,3.5,1,0,0.05,48,0,0.1,2.5,6,0,263,117,146,44.48669201520912,1.0273302034414902,1.5204475487802669,0.005781169386997212,1.055167397070167,12.216609853883753,10105.516739707016,95,46,49,48.421052631578945,1.1138874984027465,2.4697035088822905,0.025996879040866217,2.280552090452148,7.593045802239769,10228.055209045215,2.35621557349646
60,2,3.5,1,0,0.05,12,0,0.25,3.0,72,0,144,50,94,34.72222222222222,1.0583057929681698,4.822599733693014,0.03349027592842371,3.4271650196276093,20.81900840917972,10342.716501962761,49,19,30,38.775510204081634,1.0210309280897303,0.5707517848554605,0.011647995609295112,0.14603119359561934,9.952446089728774,10014.603119359563,2.348923213101003
60,2,3.5,1,2,0.05,24,0,0.1,2.5,24,1,153,61,92,39.869281045751634,1.288024378656086,14.311024848745186,0.09353611012251756,14.491273797553706,8.511031776529093,11449.12737975537,51,22,29,43.13725490196079,1.0133984550269985,0.21086992340355246,0.0041347043804618126,0.03342207868954894,8.727978272707492,10003.342207868955,2.3117130235958716
60,2,3.5,1,2,0.05,12,1,0.0,2.5,72,0,127,38,89,29.921259842519685,1.0218432447686163,2.0095544626805038,0.01582326348567326,0.38707982949219844,28.383996156354364,10038.70798294922,46,15,31,32.608695652173914,1.1851795885443777,5.82510762282332,0.12663277440920262,5.3466720793427625,9.573163928663382,10534.667207934277,2.3079878288943023
60,2,3.5,1,2,0.05,24,0,0.1,1.0,72,0,143,73,70,51.04895104895105,1.0165548545578063,1.0323466060681765,0.007219207035441794,0.42411413736771486,14.502776949277555,10042.411413736772,48,25,23,52.083333333333336,1.1770688369380162,3.521262199695249,0.07335962916031769,3.3661260789735747,9.40977947384027,10336.612607897358,2.274045825514201
60,2,3.5,1,2,0.05,24,0,0.1,1.0,72,1,143,73,70,51.04895104895105,1.0165548545578063,1.0323466060681765,0.007219207035441794,0.42411413736771486,14.502776949277555,10042.411413736772,48,25,23,52.083333333333336,1.1770688369380162,3.521262199695249,0.07335962916031769,3.3661260789735747,9.40977947384027,10336.612607897358,2.274045825514201
60,2,3.5,1,2,0.05,12,1,0.1,2.5,72,0,128,38,90,29.6875,1.0210583808033526,1.9407268323738656,0.015161928377920825,0.3178843487497751,28.012292532636163,10031.788434874978,46,15,31,32.608695652173914,1.1879306554742288,5.901862988424042,0.12830136931356612,5.427497668717707,9.48855251676872,10542.749766871771,2.262586807611624
60,2,3.5,1,2,0.15,24,0,0.1,2.5,72,0,139,52,87,37.410071942446045,1.0201039518512733,1.502572429086035,0.010809873590547013,0.32760554200124137,20.812584360657034,10032.760554200124,46,20,26,43.47826086956522,1.1656632327666203,3.817919204308406,0.08299824357192187,3.5134375058925915,6.621914212366215,10351.34375058926,2.2574549612888317
60,2,3.5,1,0,0.05,12,0,0.1,1.0,6,0,199,84,115,42.21105527638191,1.0202837860044955,0.8630749603933694,0.004337060102479243,0.5475944827186163,11.070372017818363,10054.759448271861,70,36,34,51.42857142857143,1.0566619742805636,0.883173574060709,0.012616765343724414,0.7640139146214864,4.193218688544201,10076.401391462148,2.236319248891945
60,2,3.5,1,0,0.05,12,0,0.1,1.0,6,1,199,84,115,42.21105527638191,1.0202837860044955,0.8630749603933694,0.004337060102479243,0.5475944827186163,11.070372017818363,10054.759448271861,70,36,34,51.42857142857143,1.0566619742805636,0.883173574060709,0.012616765343724414,0.7640139146214864,4.193218688544201,10076.401391462148,2.236319248891945
60,2,3.5,1,2,0.05,12,1,0.1,2.5,72,1,129,28,101,21.705426356589147,1.019321019442977,1.3136949454742015,0.010183681747862027,0.12262787366392747,20.71659846879195,10012.262787366393,47,11,36,23.404255319148938,1.1183719431338957,2.8959632209290707,0.061616238743171715,2.467135769713358,8.555465097389728,10246.713576971337,2.2011344066354286
60,2,3.5,1,3,0.05,24,1,0.1,3.0,24,0,176,51,125,28.977272727272727,1.02445229269709,3.0746410533197537,0.01746955143931678,0.6762156062624092,33.48025163335201,10067.621560626241,60,19,41,31.666666666666668,1.1211944486651229,4.608489755213422,0.07680816258689037,3.935981060652649,11.995105646716581,10393.598106065265,2.198132017742069
60,2,3.5,1,2,0.15,24,0,0.0,3.0,24,1,161,63,98,39.130434782608695,1.2893578538013506,15.579731415710958,0.09676851811000595,15.828648447724358,9.192700159508348,11582.864844772435,57,25,32,43.85964912280702,1.0107389645799025,0.18159951061407742,0.003185956326562762,-0.026870581274562877,7.5854535958507014,9997.312941872544,2.194555853300222
60,2,3.5,1,2,0.15,24,0,0.1,3.0,24,1,160,63,97,39.375,1.2712585642923824,14.203453617309156,0.08877158510818223,14.319880311125388,9.248864596016201,11431.988031112538,57,26,31,45.6140350877193,1.0098292434598586,0.16491178084375388,0.002893189137609717,-0.04087047304839331,7.389114106458126,9995.91295269516,2.1600898259743584
60,2,3.5,1,2,0.05,12,0,0.25,1.5,72,1,116,51,65,43.96551724137931,1.3268821615004058,14.546990866237955,0.12540509367446512,14.936048192076367,7.054409680801989,11493.604819207636,38,14,24,36.8421052631579,1.0064911815654745,0.10673247061636806,0.002808749226746528,-0.08569802700291174,8.822065979485606,9991.43019729971,2.1308894916494303
60,2,3.5,1,2,0.05,12,0,0.0,1.0,24,1,127,65,62,51.181102362204726,1.2024194486710822,7.9045449717553575,0.06224051158862486,7.823122191361254,7.541548300609849,10782.312219136125,45,21,24,46.666666666666664,1.0062475644675193,0.09678925435427209,0.002150872318983824,-0.0439066862732429,8.648665910350005,9995.609331372676,2.09152654586133
60,2,3.5,1,2,0.05,12,0,0.0,1.0,24,0,127,65,62,51.181102362204726,1.2024194486710822,7.9045449717553575,0.06224051158862486,7.823122191361254,7.541548300609849,10782.312219136125,45,21,24,46.666666666666664,1.0062475644675193,0.09678925435427209,0.002150872318983824,-0.0439066862732429,8.648665910350005,9995.609331372676,2.09152654586133
60,2,3.5,1,2,0.05,12,1,0.25,3.0,24,0,126,37,89,29.365079365079364,1.0203383936056247,1.7911574768314686,0.01421553553040848,0.1513300359912595,29.514104505717853,10015.133003599127,46,16,30,34.78260869565217,1.4492779715362378,11.479523611812667,0.24955486112636233,11.455867172356182,8.621575762172434,11145.586717235617,2.0763988300800325
60,2,3.5,1,2,0.05,24,0,0.1,1.5,24,1,154,66,88,42.857142857142854,1.1743366023606752,8.649059525374382,0.05616272419074274,8.412529752274999,9.661155737503254,10841.2529752275,52,23,29,44.23076923076923,1.0073033049568763,0.12221372769966553,0.002350263994224337,-0.047844062203128424,8.671500190941993,9995.215593779687,2.0669928564412032
60,2,3.5,1,3,0.05,24,1,0.1,3.0,72,1,178,35,143,19.662921348314608,1.024677043723378,2.435541440757463,0.013682817082907096,0.4552119347105643,29.647975427084187,10045.521193471057,59,12,47,20.338983050847457,1.2081875596175486,6.17630582744062,0.10468314961763762,5.655198218472446,11.757837903609255,10565.519821847245,2.0481917263346245
60,2,3.5,1,0,0.05,48,0,0.0,1.0,6,0,264,120,144,45.45454545454545,1.0621543733420176,3.5026165046601028,0.013267486760076146,3.115344309141088,12.106240581996873,10311.53443091411,95,46,49,48.421052631578945,1.0121252084479955,0.2702512191438699,0.0028447496751986307,0.09795339454810037,6.378197211157192,10009.79533945481,2.0387857686428252
60,2,3.5,1,0,0.05,48,0,0.0,1.0,6,1,264,120,144,45.45454545454545,1.0621543733420176,3.5026165046601028,0.013267486760076146,3.115344309141088,12.106240581996873,10311.53443091411,95,46,49,48.421052631578945,1.0121252084479955,0.2702512191438699,0.0028447496751986307,0.09795339454810037,6.378197211157192,10009.79533945481,2.0387857686428252
60,2,3.5,1,0,0.15,12,0,0.0,2.0,6,1,213,85,128,39.906103286384976,1.0140851154863815,0.6429825085762718,0.0030186972233627787,0.2424047770430704,12.04919472283324,10024.240477704307,73,36,37,49.31506849315068,1.015331837881815,0.2634969789477019,0.0036095476568178343,0.09781010092075881,6.35329967692423,10009.781010092076,2.0374947792594633
60,2,3.5,1,2,0.05,24,1,0.1,2.5,24,1,164,37,127,22.5609756097561,1.01821370338664,1.5527882770868948,0.00946822120174936,0.08451401672529002,22.624305650713662,10008.45140167253,57,17,40,29.82456140350877,1.2305698375608431,6.825278389635998,0.11974172613396487,6.443919975013368,8.443041416550702,10644.391997501338,2.0318354889600383
60,2,3.5,1,2,0.05,24,0,0.1,1.5,72,1,141,53,88,37.5886524822695,1.0138419871845923,0.8394324330548252,0.005953421511027129,0.11439623156288548,15.969745442604555,10011.439623156288,44,15,29,34.09090909090909,1.0142527578123692,0.2550066792175997,0.005795606345854538,0.04233155379054221,10.41449128730234,10004.233155379054,2.029726131375397
60,2,3.5,1,0,0.05,48,0,0.0,1.5,24,1,231,98,133,42.42424242424242,1.2027912326368428,16.23998834511687,0.07030297984899078,16.499179571344836,6.639571690448591,11649.917957134483,83,36,47,43.373493975903614,1.0032489438937053,0.10225682123695766,0.0012320098944211767,-0.23736939985916639,9.109679421808835,9976.263060014084,2.02619979180533
60,2,3.5,1,2,0.15,24,0,0.0,3.0,24,0,158,66,92,41.77215189873418,1.34750319324113,20.022168618035533,0.1267225861900983,20.944028593794627,10.101076817732183,12094.402859379463,57,27,30,47.36842105263158,1.0049014170515558,0.09670429619871651,0.0016965665999774827,-0.16655103383107495,6.139154894452682,9983.344896616893,1.9794391860915708
60,2,3.5,1,2,0.05,24,1,0.0,1.5,24,1,165,59,106,35.75757575757576,1.0167034454713537,1.4047094315395785,0.008513390494179264,0.35647897298922704,22.583462788328404,10035.647897298923,58,20,38,34.48275862068966,1.039293448744674,1.0849351168352823,0.018705777876470386,0.7389628337800325,9.392902476473589,10073.896283378004,1.9374919174515015
60,2,3.5,1,2,0.05,12,1,0.1,3.0,24,1,129,25,104,19.37984496124031,1.0187250588398542,1.2493107213295445,0.009684579235112747,-0.04766137966364381,24.465520748870915,9995.233862033636,47,12,35,25.53191489361702,1.1836413331610545,4.507852290921971,0.09591175087068023,4.061627341748375,10.268765198039834,10406.162734174837,1.9250968973495173
60,2,3.5,1,0,0.15,24,0,0.25,2.5,72,0,171,62,109,36.25730994152047,1.0126114108954072,1.2186287491344874,0.007126483913067178,-0.2979888391549723,20.612711042273077,9970.201116084503,58,23,35,39.6551724137931,1.133191345180982,4.103664806655341,0.0707528414940576,3.6611727416766993,8.833796563948965,10366.117274167671,1.9088622949517196
60,2,3.5,1,0,0.05,12,0,0.25,2.5,72,0,148,52,96,35.13513513513514,1.0263481298745183,2.2147387113096384,0.014964450752092151,0.8748423533412542,20.676566084284865,10087.484235334126,51,19,32,37.254901960784316,1.0126377861773808,0.36833337630568896,0.007222223064817431,-0.07124297528178225,9.32949446731862,9992.875702471822,1.9020282856375554
60,2,3.5,1,0,0.05,12,0,0.0,1.0,6,0,200,85,115,42.5,1.0068977176029845,0.3057573853927044,0.001528786926963522,-0.026110289226433103,11.95448608560183,9997.388971077356,70,36,34,51.42857142857143,1.0311475720155943,0.5016364786333509,0.00716623540904787,0.37620329955514453,4.542455283297848,10037.620329955515,1.8756729504703429
60,2,3.5,1,0,0.05,12,0,0.0,1.0,6,1,200,85,115,42.5,1.0068977176029845,0.3057573853927044,0.001528786926963522,-0.026110289226433103,11.95448608560183,9997.388971077356,70,36,34,51.42857142857143,1.0311475720155943,0.5016364786333509,0.00716623540904787,0.37620329955514453,4.542455283297848,10037.620329955515,1.8756729504703429
60,2,3.5,1,0,0.05,12,0,0.25,2.0,6,1,199,81,118,40.7035175879397,1.0017285286081592,0.0694915441563527,0.0003492037394791593,-0.2523361214442077,10.25506987188662,9974.76638785558,70,36,34,51.42857142857143,1.2556118315054419,3.821755986786271,0.05459651409694673,3.7306346140584257,4.407569636677643,10373.063461405844,1.8493412265551685
60,2,3.5,1,0,0.05,12,0,0.25,3.0,72,1,147,48,99,32.6530612244898,1.2551129483693546,15.74712180285848,0.10712327757046584,15.657362367266314,12.682032849783486,11565.736236726632,50,15,35,30.0,1.0039924365705502,0.10024193453734076,0.0020048386907468153,-0.30016193593297436,11.171924070594539,9969.983806406703,1.8407293345012055
60,2,3.5,1,0,0.05,12,1,0.25,3.0,72,0,187,52,135,27.807486631016044,1.0775244006103608,10.719141419445883,0.05732161186869456,8.153786811052388,33.296568323938544,10815.378681105238,65,17,48,26.153846153846153,1.0184530554884967,0.8960759006111227,0.013785783086324966,-0.06427027980380196,17.283417697862603,9993.57297201962,1.83665579437582
60,2,3.5,1,0,0.05,12,0,0.0,1.5,6,1,199,81,118,40.7035175879397,1.001763495970371,0.07828613486224074,0.00039339766262432534,-0.29052223408579936,10.569810054492427,9970.94777659142,70,35,35,50.0,1.0584133421694861,0.9425199283888334,0.013464570405554762,0.8033233449618926,4.938208882115553,10080.332334496188,1.8349461426377605
60,2,3.5,1,2,0.05,12,1,0.1,1.0,6,1,131,65,66,49.61832061068702,1.0039997896204855,0.2268629994871978,0.0017317786220396778,-0.31626032387997993,12.855816057354483,9968.373967612002,50,28,22,56.0,1.28239502795642,5.4499935188658855,0.1089998703773177,5.3803525711972,5.875999213760465,10538.03525711972,1.8030110412761025
60,2,3.5,1,2,0.05,12,1,0.1,1.0,6,0,131,65,66,49.61832061068702,1.0039997896204855,0.2268629994871978,0.0017317786220396778,-0.31626032387997993,12.855816057354483,9968.373967612002,50,28,22,56.0,1.28239502795642,5.4499935188658855,0.1089998703773177,5.3803525711972,5.875999213760465,10538.03525711972,1.8030110412761025
60,2,3.5,1,2,0.05,12,0,0.25,1.0,6,1,132,57,75,43.18181818181818,0.9950993908856962,-0.13462562826581997,-0.0010198911232259088,-0.32590099786606874,8.332697602757927,9967.409900213393,50,27,23,54.0,1.2995982337839451,2.64933492224272,0.0529866984448544,2.6149093143972957,2.7892291127442914,10261.49093143973,1.7814303765557586
60,2,3.5,1,2,0.05,12,0,0.25,1.0,6,0,132,57,75,43.18181818181818,0.9950993908856962,-0.13462562826581997,-0.0010198911232259088,-0.32590099786606874,8.332697602757927,9967.409900213393,50,27,23,54.0,1.2995982337839451,2.64933492224272,0.0529866984448544,2.6149093143972957,2.7892291127442914,10261.49093143973,1.7814303765557586
60,2,3.5,1,2,0.15,24,0,0.1,3.0,24,0,157,67,90,42.67515923566879,1.3423670829558678,19.04452981475881,0.121302737673623,19.873538617248855,10.15666094506573,11987.353861724885,57,27,30,47.36842105263158,0.9995089044272838,-0.00961460411540141,-0.00016867726518248087,-0.26995733267365374,5.953009945838169,9973.004266732634,1.7787947266870177
60,2,3.5,1,0,0.05,24,1,0.0,2.0,72,1,231,66,165,28.571428571428573,1.0287366524864348,3.57084729550087,0.015458213400436667,1.7003467573704523,24.515304078651056,10170.034675737044,82,22,60,26.829268292682926,1.0142822335137625,0.614820496949722,0.007497810938411243,-0.03221679725340376,19.1884347312525,9996.77832027466,1.7493113769292457
60,2,3.5,1,0,0.05,48,0,0.1,2.0,6,1,263,115,148,43.72623574144487,1.0604600490464335,3.299244253423838,0.012544654955984176,2.861712596609145,11.167849366779068,10286.171259660914,95,44,51,46.31578947368421,0.9970954532326092,-0.06311352563300597,-0.0006643529014000629,-0.2477431435466637,7.825039532002326,9975.225685645333,1.7141194734652516
60,2,3.5,1,0,0.05,12,0,0.0,2.0,6,1,199,80,119,40.20100502512563,0.9976455436435495,-0.10463250768482361,-0.0005257914959036363,-0.4905779817263478,11.326583057146156,9950.942201827365,70,35,35,50.0,1.151376907835423,2.4425199283888293,0.03489314183412613,2.3004720073888096,4.904070825557,10230.047200738882,1.6893849419720977
60,2,3.5,1,0,0.05,48,0,0.0,2.5,6,1,263,115,148,43.72623574144487,1.0679387345820923,3.8362538344006287,0.014586516480610755,3.374536940281425,10.443232890781104,10337.453694028143,95,44,51,46.31578947368421,0.9944670724051319,-0.12360158239944545,-0.0013010692884152153,-0.31835568453856267,8.197560787967106,9968.164431546144,1.6886680616686598
60,2,3.5,1,0,0.05,24,0,0.1,2.0,6,1,235,101,134,42.97872340425532,1.0628631387607328,3.0327877637887433,0.012905479845909546,2.6492610603750633,9.725218758850861,10264.926106037507,82,39,43,47.5609756097561,0.9928607560602793,-0.13888862422790993,-0.0016937637100964626,-0.3068700196129259,7.063884322768256,9969.312998038708,1.6747160763595206
60,2,3.5,1,0,0.05,12,1,0.0,2.0,24,0,191,67,124,35.07853403141361,1.0154139175205434,1.9143064312409908,0.010022546760424035,0.05860784178937095,29.785753073756045,10005.860784178936,69,23,46,33.333333333333336,1.0206249537667873,0.8725973108339968,0.012646337838173868,0.24458998676408772,19.702489700930535,10024.45899867641,1.6707868508630639
60,2,3.5,1,0,0.05,48,0,0.0,3.0,6,1,263,115,148,43.72623574144487,1.0545346780173412,3.079375395181019,0.011708651692703496,2.6049449988539086,11.109955744469655,10260.494499885392,95,44,51,46.31578947368421,0.9944514052438311,-0.12395157539958528,-0.0013047534252587924,-0.31869606570026354,8.197560787967126,9968.130393429974,1.6482649424403872
60,2,3.5,1,2,0.15,24,0,0.25,2.5,72,1,142,49,93,34.50704225352113,1.006061707588756,0.37943692684913244,0.00267209103414882,-0.5556465166419722,16.970994848225036,9944.435348335803,47,17,30,36.170212765957444,1.3493110997007927,6.191035350185746,0.13172415638693075,6.049662629931052,6.575306413303399,10604.966262993104,1.648192928789681
60,2,3.5,1,2,0.05,24,1,0.0,1.0,6,1,165,81,84,49.09090909090909,1.0047139806721455,0.33468213861411933,0.0020283765976613294,-0.3476047852943309,16.38209306949349,9965.239521470567,62,33,29,53.225806451612904,1.1258941444250397,3.269583941719225,0.05273522486643912,3.050339608870556,8.357472718534035,10305.033960887056,1.6436535095799678
60,2,3.5,1,2,0.05,24,1,0.0,1.0,6,0,165,81,84,49.09090909090909,1.0047139806721455,0.33468213861411933,0.0020283765976613294,-0.3476047852943309,16.38209306949349,9965.239521470567,62,33,29,53.225806451612904,1.1258941444250397,3.269583941719225,0.05273522486643912,3.050339608870556,8.357472718534035,10305.033960887056,1.6436535095799678
60,2,3.5,1,3,0.05,24,1,0.25,2.5,24,1,181,44,137,24.30939226519337,1.017545901188413,1.7056509247400058,0.009423485772044231,0.05230941779674758,29.327712775966646,10005.230941779675,61,19,42,31.147540983606557,1.4025963638632086,11.132703345057987,0.18250333352554077,11.134169725937593,6.921288206505914,11113.416972593759,1.6304910515277593
60,2,3.5,1,3,0.05,24,0,0.0,1.5,6,0,185,81,104,43.78378378378378,1.00164778535826,0.06631924212347913,0.00035848238985664396,-0.2683994830677161,14.064326902090576,9973.160051693229,67,35,32,52.23880597014925,1.3947256843447617,5.245684385640244,0.07829379680060065,5.24823331689277,3.9797029990208386,10524.823331689277,1.6172349660943601
60,2,3.5,1,2,0.05,12,0,0.25,1.0,72,1,119,64,55,53.78151260504202,1.1931775962137492,8.952836437217016,0.07523391964047912,8.830682422429149,6.642892429735459,10883.068242242914,42,20,22,47.61904761904762,0.9970959306029621,-0.05364756150830288,-0.0012773228930548306,-0.23114714837182415,10.758750974367786,9976.885285162818,1.5970545250077302
60,2,3.5,1,2,0.05,12,0,0.25,1.0,72,0,119,64,55,53.78151260504202,1.1931775962137492,8.952836437217016,0.07523391964047912,8.830682422429149,6.642892429735459,10883.068242242914,42,20,22,47.61904761904762,0.9970959306029621,-0.05364756150830288,-0.0012773228930548306,-0.23114714837182415,10.758750974367786,9976.885285162818,1.5970545250077302
60,2,3.5,1,0,0.05,12,0,0.25,2.5,6,1,199,81,118,40.7035175879397,0.990753744558096,-0.37172457851664087,-0.0018679627061137733,-0.6883534843271422,10.648703475070297,9931.164651567286,70,36,34,51.42857142857143,1.2699659914878592,4.036370844498448,0.05766244063569211,3.9435907532313186,4.4075696366776596,10394.359075323133,1.5820569977047283
60,2,3.5,1,3,0.05,24,1,0.0,3.0,72,1,179,35,144,19.553072625698324,1.0163626383271285,1.62610984703905,0.009084412553290783,-0.35734621416587675,29.551548536488802,9964.265378583412,59,13,46,22.033898305084747,1.3500582889758528,10.064741856090256,0.17058884501847893,9.801982696758449,10.734206661985706,10980.198269675846,1.5775080760162172
60,2,3.5,1,2,0.05,24,1,0.0,2.0,6,1,165,56,109,33.93939393939394,1.0092375846300459,0.6639953168274229,0.00402421404137832,-0.29963632995586575,21.015608325017467,9970.036367004413,62,27,35,43.54838709677419,1.248338540696455,6.486985111241563,0.1046287921167994,6.286375994479809,7.236401543946365,10628.63759944798,1.5742735465360291
60,2,3.5,1,2,0.15,24,0,0.1,1.5,72,1,151,58,93,38.41059602649007,1.004988815881869,0.3228791381856766,0.002138272438315739,-0.44021046885467374,17.51718068540881,9955.978953114532,49,19,30,38.775510204081634,1.1370876951541733,2.6167263713961866,0.05340257900808544,2.4045222072055727,6.92000128511652,10240.452220720557,1.5639763350135978
60,2,3.5,1,2,0.05,12,0,0.25,1.5,24,0,122,59,63,48.36065573770492,1.4764624860161877,17.778510038624887,0.14572549211987612,18.85354407559774,5.869150579451657,11885.354407559775,44,20,24,45.45454545454545,0.9900464767126781,-0.15144372281663943,-0.00344190279128726,-0.30752414834174235,7.972851728197039,9969.247585165826,1.53819781958184
60,2,3.5,1,0,0.05,48,1,0.1,2.0,72,0,253,89,164,35.17786561264822,1.0121128174925698,2.0358191432553747,0.00804671598124654,-0.48556666916521607,27.693848835018297,9951.443333083478,94,32,62,34.04255319148936,1.010673855257657,0.6708420853179218,0.007136617928914062,-0.27174980039510466,20.08167163080845,9972.82501996049,1.5287662624656768
60,2,3.5,1,2,0.15,24,0,0.25,3.0,24,0,157,67,90,42.67515923566879,1.3068830681161328,16.637699677163496,0.10597260940868469,17.112209037082458,9.627144030344452,11711.220903708247,57,27,30,47.36842105263158,0.9916489197492179,-0.16172948175054105,-0.0028373593289568607,-0.417851023616711,5.706222313604064,9958.214897638329,1.5279775658367245
60,2,3.5,1,0,0.05,12,0,0.0,2.5,6,1,199,80,119,40.20100502512563,0.9892113219550215,-0.47945099315929435,-0.002409301473162283,-0.8690699071438046,10.662737463222587,9913.09300928562,70,35,35,50.0,1.101987491177922,1.6456042286138057,0.02350863183734008,1.4989008733032438,5.0976689709189005,10149.890087330325,1.523996236504591
60,2,3.5,1,2,0.05,12,0,0.1,1.0,6,0,132,57,75,43.18181818181818,0.985152567758693,-0.41839043024821787,-0.003169624471577408,-0.6129924631012917,8.723159224220673,9938.70075368987,50,27,23,54.0,1.31849364529933,2.979339668526026,0.05958679337052052,2.945632360248829,2.9558479345538524,10294.563236024884,1.5231356981788373
60,2,3.5,1,2,0.05,12,0,0.1,1.0,6,1,132,57,75,43.18181818181818,0.985152567758693,-0.41839043024821787,-0.003169624471577408,-0.6129924631012917,8.723159224220673,9938.70075368987,50,27,23,54.0,1.31849364529933,2.979339668526026,0.05958679337052052,2.945632360248829,2.9558479345538524,10294.563236024884,1.5231356981788373
60,2,3.5,1,0,0.05,48,0,0.25,1.0,6,0,263,120,143,45.627376425855516,1.1100071568184788,5.654076654533349,0.021498390321419578,5.402708424036939,12.05624633382165,10540.270842403694,95,46,49,48.421052631578945,0.9910042534977003,-0.1883074292432957,-0.001982183465718902,-0.340414044478643,6.828244289905232,9965.958595552136,1.516850199540995
60,2,3.5,1,0,0.05,48,0,0.25,1.0,6,1,263,120,143,45.627376425855516,1.1100071568184788,5.654076654533349,0.021498390321419578,5.402708424036939,12.05624633382165,10540.270842403694,95,46,49,48.421052631578945,0.9910042534977003,-0.1883074292432957,-0.001982183465718902,-0.340414044478643,6.828244289905232,9965.958595552136,1.516850199540995
60,2,3.5,1,2,0.05,12,0,0.0,1.5,6,0,132,56,76,42.42424242424242,0.9858268929902358,-0.42290244123771786,-0.003203806373013014,-0.6642322540128753,8.927879773732739,9933.576774598712,50,27,23,54.0,1.4243112158145876,4.181830351625317,0.08363660703250635,4.162682826750963,2.8396514574040417,10416.268282675097,1.5087829255276386
60,2,3.5,1,2,0.15,24,0,0.25,2.0,24,0,161,69,92,42.857142857142854,1.2204014672253878,12.188185071455644,0.07570301286618412,12.131770044562739,8.980712469565411,11213.177004456275,57,28,29,49.12280701754386,0.9896478569338301,-0.19381392553212165,-0.0034002443075810814,-0.3956943146513514,5.89142749965124,9960.430568534865,1.5064728359902693
60,2,3.5,1,2,0.05,24,1,0.25,3.0,24,1,164,39,125,23.78048780487805,1.0144825557213977,1.300184033195436,0.00792795142192339,-0.3380199847609955,28.7281000130787,9966.1980015239,57,16,41,28.07017543859649,1.2469883153301682,6.826686272936413,0.11976642584098969,6.426940222908817,8.59168564547881,10642.694022290882,1.5041185539050546
60,2,3.5,1,0,0.05,12,0,0.25,1.5,6,1,199,81,118,40.7035175879397,0.9894214856856114,-0.42528500316215934,-0.002137110568654067,-0.7272121000686083,11.462354236371985,9927.278789993139,70,36,34,51.42857142857143,1.1771607363240126,2.648801898887628,0.037840027126966116,2.5429216040542935,4.407569636677655,10254.29216040543,1.5036586480276286
60,2,3.5,1,0,0.05,12,0,0.25,3.0,6,1,199,81,118,40.7035175879397,0.986820984540307,-0.5298322112989124,-0.0026624734236126253,-0.841579845879592,10.78656217087141,9915.842015412041,70,36,34,51.42857142857143,1.2808671546449317,4.199358548600831,0.0599908364085833,4.10729815078501,4.40756963667765,10410.7298150785,1.4864688841711984
60,2,3.5,1,2,0.05,12,1,0.1,2.5,24,1,129,28,101,21.705426356589147,1.006290197331159,0.41887434326626316,0.0032470879322966137,-0.7284962336021494,20.769841948753513,9927.150376639785,47,12,35,25.53191489361702,1.134663174220253,3.30558316018765,0.07033155659973724,2.886439034647137,8.579797470604328,10288.643903464714,1.478218772057558
60,2,3.5,1,0,0.05,12,1,0.0,2.0,24,1,194,55,139,28.350515463917525,1.016574601870277,1.6987719305907887,0.008756556343251488,0.1740391509308825,22.78022208541422,10017.403915093088,70,19,51,27.142857142857142,1.007776657607774,0.27210204392944637,0.003887172056134948,-0.24177516552612577,16.69063537528349,9975.822483447388,1.4637251834083214
60,2,3.5,1,2,0.05,24,1,0.1,1.5,6,0,166,71,95,42.7710843373494,1.0057583779095731,0.44325516701475276,0.0026702118494864625,-0.44610448579905926,20.493269256520023,9955.389551420094,62,30,32,48.38709677419355,1.1193247201149243,3.311839007924546,0.05341675819233139,3.0217374027427857,7.655380862701558,10302.173740274278,1.4632552580157445
60,2,3.5,1,0,0.05,24,0,0.0,2.5,6,1,235,101,134,42.97872340425532,1.0735711113269437,3.682336066294381,0.01566951517572077,3.2747880652062022,8.991638603763562,10327.478806520621,82,39,43,47.5609756097561,0.983249623563166,-0.33546162162421483,-0.004090995385661157,-0.51133239630623,7.357343606251729,9948.866760369378,1.4597854531140628
60,2,3.5,1,0,0.05,48,0,0.0,2.5,24,0,224,95,129,42.410714285714285,1.3095603307211847,26.338873132767965,0.11758425505699985,28.366814301865606,8.1330701170001,12836.681430186562,81,35,46,43.20987654320987,0.9915944924851482,-0.2837111039995772,-0.0035026062222170027,-0.7223229737296388,10.399353614186133,9927.767702627036,1.4496390706238538
60,2,3.5,1,0,0.05,48,0,0.1,2.5,6,1,263,115,148,43.72623574144487,1.0432331760712248,2.3591910684806856,0.00897030824517371,1.9121626314442919,11.466276858459478,10191.21626314443,95,44,51,46.31578947368421,0.9870248954847238,-0.2819388555245581,-0.002967777426574296,-0.4652323357390409,7.825039532002316,9953.476766426096,1.4457302559512328
60,2,3.5,1,0,0.05,48,0,0.1,2.0,24,1,228,94,134,41.228070175438596,1.3428710795769117,26.13211079824492,0.11461452104493386,28.403706513922945,7.237026901772478,12840.370651392293,81,34,47,41.97530864197531,0.9908126746875114,-0.271908165180984,-0.003356890928160296,-0.6124310853449222,11.107528208058753,9938.756891465508,1.4201564888018936
60,2,3.5,1,2,0.05,12,1,0.0,2.5,72,1,128,27,101,21.09375,1.006956723898486,0.46167484571743467,0.0036068347321674583,-0.6886165553878887,22.383169506657534,9931.138344461211,47,12,35,25.53191489361702,1.3250726386910596,7.318378472078305,0.15571018025698521,7.078866182195953,8.60315353898142,10707.886618219596,1.4187268517050549
60,2,3.5,1,0,0.05,24,0,0.0,3.0,6,1,235,101,134,42.97872340425532,1.0584490836493272,2.9254576270747727,0.01244875585989265,2.5059387237717834,9.669168134788613,10250.593872377178,82,39,43,47.5609756097561,0.9832321476013131,-0.33581161462435466,-0.004095263592979935,-0.5116721185136286,7.357343606251722,9948.832788148637,1.4186719085969757
60,2,3.5,1,0,0.05,24,0,0.1,2.5,6,1,235,101,134,42.97872340425532,1.0489878309476761,2.363383330860143,0.010056950344085715,1.972274627705617,10.028492701176187,10197.227462770561,82,39,43,47.5609756097561,0.9816125532721075,-0.35771395411946116,-0.004362365294139771,-0.5242302978647251,7.063884322768228,9947.576970213528,1.3671630758393267
60,2,3.5,1,2,0.05,24,1,0.0,2.5,24,1,163,36,127,22.085889570552148,1.007412816816837,0.6208903185717969,0.0038091430587226804,-0.8065992451108062,24.284989693397485,9919.340075488919,57,18,39,31.57894736842105,1.4737158869045062,13.102549653423575,0.22986929216532587,13.28481976224749,7.8351416568136045,11328.48197622475,1.344684858956735
60,2,3.5,1,0,0.05,12,0,0.25,2.0,6,0,199,83,116,41.70854271356784,0.9806340765865191,-0.7991701304494221,-0.00401593030376594,-1.1206449993334866,10.986692382890217,9887.935500066651,70,36,34,51.42857142857143,1.2556118315054419,3.821755986786271,0.05459651409694673,3.7306346140584257,4.407569636677643,10373.063461405844,1.3267415675271628
60,2,3.5,1,2,0.05,12,0,0.1,1.5,6,0,132,56,76,42.42424242424242,0.9772773156518284,-0.6430874900103011,-0.004871874924320463,-0.8610277805310429,9.018155853460472,9913.897221946896,50,27,23,54.0,1.479772949037742,4.4880222888292165,0.08976044577658433,4.4873327701081545,2.7835379847689934,10448.733277010815,1.319460350936415
60,2,3.5,1,0,0.15,24,0,0.1,2.0,72,1,191,69,122,36.12565445026178,1.2443492909989566,19.699510897408338,0.1031388005099913,20.208704290967372,9.454291549217604,12020.870429096736,61,20,41,32.78688524590164,0.9920384610141944,-0.24248034860207202,-0.003975087682001181,-0.6647849802202677,11.44114328781183,9933.521501977973,1.31281299506407
60,2,3.5,1,0,0.05,48,0,0.1,3.0,6,1,263,115,148,43.72623574144487,1.0523958879534523,2.8591910684806856,0.010871448929584356,2.4094287052223606,11.034288999829077,10240.942870522236,95,44,51,46.31578947368421,0.9802665323101579,-0.4287927923397108,-0.004513608340418009,-0.6078425050409342,7.825039532002302,9939.215749495906,1.303549709735554
60,2,3.5,1,0,0.05,12,0,0.1,3.0,6,1,199,80,119,40.20100502512563,0.9780417007890342,-0.9366238132378262,-0.004706652327828272,-1.2884032842540583,10.340062383524518,9871.159671574595,70,35,35,50.0,1.094798929099213,1.4800147361436757,0.021143067659195366,1.3433976230726952,5.184251748333715,10134.33976230727,1.2912824134879017
60,2,3.5,1,0,0.05,48,1,0.1,3.0,24,1,256,61,195,23.828125,1.0998931315739244,13.835913763515709,0.05404653813873324,11.683733517532445,18.837441343500615,11168.373351753244,93,21,72,22.580645161290324,1.0001033392881526,0.00518051704714706,5.570448437792537e-05,-0.9289698461409035,19.543120914292114,9907.10301538591,1.2875193503835716
60,2,3.5,1,0,0.05,48,1,0.1,2.0,24,0,258,92,166,35.65891472868217,1.0102084936060765,1.6915203748717502,0.006556280522758722,-0.7465174526349649,28.413919169135664,9925.348254736504,95,32,63,33.68421052631579,1.0082281728900058,0.4884919182231391,0.005142020191822517,-0.38466090452493606,18.9121297003413,9961.533909547506,1.282258033960907
60,2,3.5,1,3,0.05,24,0,0.0,1.5,6,1,185,79,106,42.7027027027027,0.9875387751248701,-0.48977982908395495,-0.0026474585355889457,-0.8057868938474377,14.479425789425873,9919.421310615257,67,35,32,52.23880597014925,1.3947256843447617,5.245684385640244,0.07829379680060065,5.24823331689277,3.9797029990208386,10524.823331689277,1.263516919842904
60,2,3.5,1,2,0.05,12,1,0.1,1.5,6,0,131,56,75,42.74809160305343,0.9998663411253408,-0.008500390151956139,-6.488847444241327e-05,-0.7448202115961644,18.801489839923484,9925.517978840384,50,26,24,52.0,1.2389528919301545,5.1006006017866765,0.10201201203573353,4.947058578061125,5.499636964739464,10494.705857806113,1.258337007683464
60,2,3.5,1,0,0.05,12,0,0.0,2.0,6,0,199,82,117,41.20603015075377,0.9798613315527859,-0.9163546546160044,-0.004604797259376907,-1.3007662036899625,11.995111264418231,9869.923379631004,70,36,34,51.42857142857143,1.2758445912410268,4.44251992838883,0.06346457040555471,4.34709949725316,4.904070825556985,10434.709949725317,1.2058042490069187
60,2,3.5,1,0,0.05,24,0,0.1,3.0,6,1,235,101,134,42.97872340425532,1.0593517508222077,2.863383330860142,0.012184609918553796,2.4698340095206106,9.589489376831374,10246.98340095206,82,39,43,47.5609756097561,0.9740638711229391,-0.5045678909346143,-0.006153266962617247,-0.6667559368104259,7.064928914792539,9933.324406318958,1.199315744153931
60,2,3.5,1,2,0.15,24,0,0.25,2.0,72,0,140,54,86,38.57142857142857,0.9984800838236705,-0.10924731678281874,-0.0007803379770201338,-1.0884669128581437,18.509887826380496,9891.153308714185,47,21,26,44.680851063829785,1.207085805229578,4.5047716137288925,0.09584620454742325,4.272861253397209,6.259357856975564,10427.28612533972,1.195453201453287
60,2,3.5,1,2,0.05,24,0,0.1,1.0,6,1,165,72,93,43.63636363636363,0.9718016865327177,-0.9911603409657753,-0.006007032369489547,-1.2325180531819746,9.298318743328066,9876.748194681802,59,30,29,50.847457627118644,1.1769786272277858,2.0128101423215505,0.03411542614104323,1.9483584155960632,3.614352035435347,10194.835841559607,1.1944354677390066
60,2,3.5,1,2,0.05,24,0,0.1,1.0,6,0,165,72,93,43.63636363636363,0.9718016865327177,-0.9911603409657753,-0.006007032369489547,-1.2325180531819746,9.298318743328066,9876.748194681802,59,30,29,50.847457627118644,1.1769786272277858,2.0128101423215505,0.03411542614104323,1.9483584155960632,3.614352035435347,10194.835841559607,1.1944354677390066
60,2,3.5,1,0,0.05,48,0,0.1,1.5,24,1,231,98,133,42.42424242424242,1.2247329623254355,17.35670821517823,0.07513726500077156,17.847645061806496,7.943746534292871,11784.764506180649,82,36,46,43.90243902439025,0.9826132785885527,-0.5315597477527053,-0.006482435948203723,-0.848223566041395,9.499396091443645,9915.17764339586,1.1889032576497744
60,2,3.5,1,3,0.05,24,1,0.25,3.0,72,1,177,34,143,19.2090395480226,1.0137897510271394,1.336315963939664,0.007549807705873808,-0.5904527862658715,33.58665840761803,9940.954721373413,58,12,46,20.689655172413794,1.2563336771579576,7.317196619183044,0.12615856239970766,6.8734409885295555,9.500750036724655,10687.344098852956,1.1751145125751497
60,2,3.5,1,2,0.05,12,0,0.1,1.5,6,1,132,54,78,40.90909090909091,0.9715156084222668,-0.8043439703098868,-0.006093514926590052,-1.0205392673730995,9.217796745350219,9897.94607326269,50,26,24,52.0,1.3185555132650346,2.988022288829217,0.05976044577658434,2.9427978806619404,3.916923194899617,10294.279788066195,1.173794482736948
60,2,3.5,1,0,0.05,12,0,0.1,2.0,6,1,199,80,119,40.20100502512563,0.972814103024684,-1.1596052247341258,-0.005827161933337315,-1.496022376543349,10.474664962811978,9850.397762345665,70,35,35,50.0,1.118221670799682,1.8456940028503797,0.02636705718357685,1.710566358468979,4.624823558008815,10171.056635846897,1.160700102651049
60,2,3.5,1,0,0.05,24,1,0.25,3.0,24,1,228,60,168,26.31578947368421,1.243516013337148,29.370648855906936,0.12881863533292515,30.647515307230645,19.196749692401262,13064.751530723064,80,18,62,22.5,0.9975595242875807,-0.10271834526808288,-0.001283979315851036,-0.8764022220662859,17.171259347039086,9912.359777793372,1.154361050913226
60,2,3.5,1,0,0.05,24,1,0.0,2.0,24,1,231,67,164,29.004329004329005,1.0369784193356988,4.518465216659237,0.01956045548337332,2.7179377760601087,23.418814296576652,10271.793777606012,83,23,60,27.710843373493976,1.0016411076230218,0.07083367986074607,0.000853417829647543,-0.5618811496876486,19.28457008230117,9943.811885031235,1.1265768203005304
60,2,3.5,1,2,0.05,24,1,0.1,2.5,72,1,163,35,128,21.47239263803681,1.001188048025929,0.10273823279185468,0.0006302959066984949,-1.3818729904262583,22.850164336172995,9861.812700957375,57,14,43,24.56140350877193,1.1795401381525503,5.302757561099925,0.09303083440526184,4.840089782424473,8.65650760682287,10484.008978242447,1.1004401276059699
60,2,3.5,1,0,0.05,12,0,0.0,3.0,6,1,199,80,119,40.20100502512563,0.9721799299745421,-1.2363294323789082,-0.006212710715471901,-1.6070694881215597,11.085703617239338,9839.293051187844,70,35,35,50.0,1.1019658001130876,1.645254235613666,0.023503631937338083,1.4985542867876456,5.393285515777045,10149.855428678764,1.0842145590716652
60,2,3.5,1,0,0.05,12,0,0.0,2.5,72,0,153,53,100,34.64052287581699,1.0596429195958024,5.3350742031611444,0.03486976603373297,3.907226598926483,21.450284388024798,10390.722659892648,52,19,33,36.53846153846154,0.9993645029839523,-0.01975307461194553,-0.00037986681946049097,-0.49634523715877954,10.25381691977304,9950.365476284122,1.0707544520955798
60,2,3.5,1,0,0.05,48,1,0.1,3.0,72,0,245,72,173,29.387755102040817,1.1373000865595488,24.3782355344858,0.09950300218157469,22.813104062223367,30.486464049560375,12281.310406222336,90,24,66,26.666666666666668,1.0058439443390494,0.3909670393642748,0.004344078215158609,-0.9082419688737908,23.166464187201242,9909.175803112621,1.0679938178720225
60,2,3.5,1,0,0.05,12,0,0.25,2.5,6,0,199,83,116,41.70854271356784,0.969942288549255,-1.2403862531224144,-0.006233096749358866,-1.5528668071888907,11.377116989144815,9844.71331928111,70,36,34,51.42857142857143,1.2699659914878592,4.036370844498448,0.05766244063569211,3.9435907532313186,4.4075696366776596,10394.359075323133,1.060215870518066
60,2,3.5,1,0,0.05,12,0,0.1,1.5,6,1,199,80,119,40.20100502512563,0.9711282737140233,-1.2315137028110825,-0.006188511069402425,-1.555103086632248,11.548169271944268,9844.489691336776,70,35,35,50.0,1.0679089295162196,1.0602041326285572,0.015145773323265102,0.9291104783102577,4.699911913793296,10092.911047831025,1.0567832718752797
60,2,3.5,1,0,0.05,12,0,0.0,2.5,6,0,199,82,117,41.20603015075377,0.971623969338458,-1.291173140090478,-0.0064883072366355675,-1.676176514383132,11.336270547041666,9832.382348561687,70,36,34,51.42857142857143,1.2574085254140384,4.145604228613807,0.05922291755162581,4.03713990390262,4.9040708255570244,10403.713990390263,1.040508969894991
60,2,3.5,1,2,0.05,24,1,0.1,1.0,6,1,166,80,86,48.19277108433735,0.9895168783660842,-0.7348331098955115,-0.004426705481298262,-1.3881362475109738,15.261487155507547,9861.186375248903,62,32,30,51.61290322580645,1.0840671653196083,2.1612319250037535,0.034858579435544414,1.9257026436960922,8.19142712225337,10192.57026436961,1.0349874519110427
60,2,3.5,1,2,0.05,24,1,0.1,1.0,6,0,166,80,86,48.19277108433735,0.9895168783660842,-0.7348331098955115,-0.004426705481298262,-1.3881362475109738,15.261487155507547,9861.186375248903,62,32,30,51.61290322580645,1.0840671653196083,2.1612319250037535,0.034858579435544414,1.9257026436960922,8.19142712225337,10192.57026436961,1.0349874519110427
60,2,3.5,1,2,0.05,12,1,0.1,3.0,72,1,129,23,106,17.829457364341085,1.004600603604506,0.3136949454741984,0.0024317437633658793,-1.0285183781177376,26.76365647909471,9897.148162188227,47,10,37,21.27659574468085,1.2204825761701898,5.395963220929103,0.11480772810487452,4.953303612163751,10.786004060952816,10495.330361216375,1.0336762958907069
60,2,3.5,1,2,0.05,12,0,0.0,1.0,6,0,133,58,75,43.609022556390975,0.9683674961421774,-0.9398355990950351,-0.00706643307590252,-1.1423945410026115,9.940590721994804,9885.760545899739,50,27,23,54.0,1.2608958852365824,2.571278558833198,0.05142557117666396,2.522358655786383,3.082312741625744,10252.235865578637,1.0268388046468475
60,2,3.5,1,2,0.05,12,0,0.0,1.0,6,1,133,58,75,43.609022556390975,0.9683674961421774,-0.9398355990950351,-0.00706643307590252,-1.1423945410026115,9.940590721994804,9885.760545899739,50,27,23,54.0,1.2608958852365824,2.571278558833198,0.05142557117666396,2.522358655786383,3.082312741625744,10252.235865578637,1.0268388046468475
60,2,3.5,1,0,0.05,12,0,0.1,2.5,6,1,199,80,119,40.20100502512563,0.9663196524593757,-1.4366238132378266,-0.007219215141898626,-1.767713917618552,10.775421175360567,9823.228608238145,70,35,35,50.0,1.104205319187162,1.6268686729588282,0.023240981042268974,1.4888074768973913,4.905387051674766,10148.880747689738,0.9904605079113864
60,2,3.5,1,0,0.05,12,0,0.25,1.5,6,0,199,83,116,41.70854271356784,0.9686443833321325,-1.2939466777679323,-0.006502244611899157,-1.59138715655176,12.18413467142782,9840.861284344825,70,36,34,51.42857142857143,1.1771607363240126,2.648801898887628,0.037840027126966116,2.5429216040542935,4.407569636677655,10254.29216040543,0.9822842128928118
60,2,3.5,1,0,0.15,12,0,0.0,2.5,6,1,213,85,128,39.906103286384976,1.0058743763388602,0.2681640231017976,0.0012589860239521015,-0.1388751060376281,11.153167336270155,9986.112489396237,73,36,37,49.31506849315068,0.9689624929154392,-0.5334187208273189,-0.007307105764757793,-0.6865021665364845,6.968705987431697,9931.349783346352,0.968430878499307
60,2,3.5,1,0,0.05,12,0,0.25,3.0,6,0,199,83,116,41.70854271356784,0.9661109387641643,-1.3984938859046865,-0.007027607466857721,-1.7047593248709192,11.513851827308095,9829.524067512908,70,36,34,51.42857142857143,1.2808671546449317,4.199358548600831,0.0599908364085833,4.10729815078501,4.40756963667765,10410.7298150785,0.9648980089082023
60,2,3.5,1,2,0.15,24,1,0.0,2.5,24,0,173,52,121,30.057803468208093,1.00386064887859,0.4630336096677987,0.0026764948535710907,-1.5682403063585149,28.904429577242986,9843.175969364149,63,22,41,34.92063492063492,1.1998852046780968,7.396632433183003,0.11740686401877783,6.916459627367111,11.350117061233773,10691.645962736711,0.9569933168156772
60,2,3.5,1,2,0.15,24,1,0.0,1.5,6,1,176,68,108,38.63636363636363,0.9966288142685777,-0.2676647883565344,-0.0015208226611166727,-1.187890543880421,22.142873461023708,9881.210945611958,69,32,37,46.3768115942029,1.0684988906940094,2.0610603754604635,0.02987044022406469,1.7233639577206805,8.175277881075612,10172.336395772068,0.9374524789690017
60,2,3.5,1,2,0.05,12,1,0.0,1.5,72,1,130,49,81,37.69230769230769,1.081244762832407,5.418734900773354,0.04168257615979503,4.653850825113248,17.42121639045675,10465.385082511324,48,15,33,31.25,0.9916173869290074,-0.18827577333022805,-0.003922411944379751,-0.46498390803751954,8.52304452686839,9953.501609196248,0.9349026258036974
60,2,3.5,1,0,0.15,12,0,0.0,3.0,6,1,213,85,128,39.906103286384976,0.9892942671082594,-0.48871441611781236,-0.002294433878487382,-0.8823107649048922,11.810278242055531,9911.768923509511,73,36,37,49.31506849315068,0.9689421282191936,-0.5337687138274596,-0.007311900189417255,-0.686841290594753,7.277995840542463,9931.315870940525,0.9284840522937468
60,2,3.5,1,2,0.15,24,1,0.0,3.0,24,0,171,47,124,27.485380116959064,1.0086099490178095,1.0602930013470449,0.006200543867526578,-1.2882543542687697,35.452364444399656,9871.174564573123,63,22,41,34.92063492063492,1.2355564865978643,8.71662688302673,0.13835915687344016,8.241961231749183,11.350117061233759,10824.19612317492,0.9260207264602651
60,2,3.5,1,3,0.05,24,0,0.1,1.0,6,0,185,82,103,44.32432432432432,0.9686375062744828,-1.1957668010809968,-0.00646360433016755,-1.4491061579634645,13.370042005755058,9855.089384203653,67,35,32,52.23880597014925,1.2860518443037992,3.6657777623647627,0.054713100930817354,3.6263133029000194,3.9409351728732154,10362.631330290002,0.9106628297045178
60,2,3.5,1,3,0.05,24,0,0.1,1.0,6,1,185,82,103,44.32432432432432,0.9686375062744828,-1.1957668010809968,-0.00646360433016755,-1.4491061579634645,13.370042005755058,9855.089384203653,67,35,32,52.23880597014925,1.2860518443037992,3.6657777623647627,0.054713100930817354,3.6263133029000194,3.9409351728732154,10362.631330290002,0.9106628297045178
60,2,3.5,1,0,0.05,12,1,0.0,2.0,72,1,194,54,140,27.835051546391753,0.9985401119261974,-0.15231330747240834,-0.0007851201416103523,-1.6886168250285438,24.33280111006419,9831.138317497145,70,18,52,25.714285714285715,1.0225637702002994,0.7875640036427087,0.011250914337752983,0.2609867909266095,16.61520272396415,10026.09867909266,0.88486813079164
60,2,3.5,1,2,0.05,24,0,0.25,3.0,72,0,121,46,75,38.01652892561984,1.1571249940798511,9.746007299770232,0.08054551487413415,8.978901741292077,15.153863088629496,10897.890174129208,40,16,24,40.0,0.9891286626703522,-0.22704813045167635,-0.005676203261291909,-0.5283370110767072,8.082255791410793,9947.166298892329,0.8727624205641744
60,2,3.5,1,0,0.05,24,1,0.25,2.5,6,1,239,82,157,34.30962343096234,0.99871079271283,-0.13580932060239315,-0.0005682398351564567,-1.6232658745370498,25.47641350245986,9837.673412546295,87,31,56,35.632183908045974,1.1267691802996884,4.600774603974329,0.05288246671234861,4.108213056792742,13.294592299007371,10410.821305679274,0.8597464732102436
60,2,3.5,1,2,0.05,24,1,0.1,2.0,24,0,164,56,108,34.146341463414636,0.9973196099070293,-0.2836037370413338,-0.001729291079520328,-1.8164901257525679,22.80836726459963,9818.350987424743,57,22,35,38.59649122807018,1.263631047818175,8.149527881263648,0.14297417335550258,7.918968460499154,8.583299357395507,10791.896846049915,0.8592523770406899
60,2,3.5,1,0,0.05,48,0,0.0,1.0,24,0,236,115,121,48.728813559322035,1.0725028834984889,5.935751775936849,0.025151490576003598,5.3168451867511735,11.45011348658712,10531.684518675118,83,39,44,46.98795180722892,0.9774921730107663,-0.7079447911714208,-0.008529455315318324,-0.9876665516661887,9.632209754407892,9901.233344833381,0.8581136851788043
60,2,3.5,1,0,0.05,48,0,0.0,1.0,24,1,236,115,121,48.728813559322035,1.0725028834984889,5.935751775936849,0.025151490576003598,5.3168451867511735,11.45011348658712,10531.684518675118,83,39,44,46.98795180722892,0.9774921730107663,-0.7079447911714208,-0.008529455315318324,-0.9876665516661887,9.632209754407892,9901.233344833381,0.8581136851788043
60,2,3.5,1,2,0.05,24,0,0.0,1.0,6,0,166,73,93,43.975903614457835,0.9596352145263269,-1.4817764423628126,-0.008926364110619353,-1.7285950554751461,10.481715736210353,9827.140494452486,59,30,29,50.847457627118644,1.1306960962761612,1.5607103971981737,0.026452718596579217,1.4840274972684808,3.8323464910348095,10148.402749726847,0.8071655300403074
60,2,3.5,1,2,0.05,24,0,0.0,1.0,6,1,166,73,93,43.975903614457835,0.9596352145263269,-1.4817764423628126,-0.008926364110619353,-1.7285950554751461,10.481715736210353,9827.140494452486,59,30,29,50.847457627118644,1.1306960962761612,1.5607103971981737,0.026452718596579217,1.4840274972684808,3.8323464910348095,10148.402749726847,0.8071655300403074
60,2,3.5,1,0,0.05,24,1,0.1,2.0,72,1,232,65,167,28.017241379310345,1.012420281150102,1.5459600905453037,0.006663621079936654,-0.3197679904145434,23.21947092824839,9968.023200958545,82,23,59,28.048780487804876,0.9957958461468195,-0.19277818852050177,-0.0023509535185427047,-0.8697419623308611,17.457057333308835,9913.025803766914,0.805212145524125
60,2,3.5,1,0,0.15,24,0,0.0,2.0,24,0,214,94,120,43.925233644859816,1.2856710432255782,22.360271818007835,0.10448725148601792,23.662908775460888,7.889433672838413,12366.29087754609,71,33,38,46.478873239436616,0.9760537775427297,-0.6520470819348656,-0.009183761717392474,-0.9570881364803441,10.993137902933373,9904.291186351966,0.8018097210718151
60,2,3.5,1,2,0.05,12,0,0.0,2.0,24,1,124,54,70,43.54838709677419,1.536907471962433,20.50474908641289,0.1653608797291362,21.967493856989506,6.4445835586985645,12196.749385698951,44,19,25,43.18181818181818,0.9710886644940582,-0.4199360375757024,-0.009544000853993236,-0.5739319862059111,9.553405076759457,9942.606801379408,0.7952391879602574
60,2,3.5,1,2,0.05,12,0,0.0,1.0,72,1,121,69,52,57.02479338842975,1.330548555141328,15.034164582152918,0.12424929406737949,15.628867231299925,6.760935714092943,11562.886723129992,43,21,22,48.83720930232558,0.980963358378058,-0.37704042523694725,-0.008768381982254587,-0.566148605111827,11.207017962639837,9943.385139488817,0.7910864041640933
60,2,3.5,1,2,0.05,12,0,0.0,1.0,72,0,121,69,52,57.02479338842975,1.330548555141328,15.034164582152918,0.12424929406737949,15.628867231299925,6.760935714092943,11562.886723129992,43,21,22,48.83720930232558,0.980963358378058,-0.37704042523694725,-0.008768381982254587,-0.566148605111827,11.207017962639837,9943.385139488817,0.7910864041640933
60,2,3.5,1,2,0.05,12,0,0.0,2.0,6,0,132,56,76,42.42424242424242,0.9582890844888975,-1.2445858190270642,-0.00942868044717473,-1.4796199020403633,9.607778004125494,9852.038009795964,50,27,23,54.0,1.6272420762927864,6.1818303516253135,0.12363660703250627,6.23061782599772,2.8396514574040523,10623.061782599772,0.7904260072852249
60,2,3.5,1,0,0.05,12,0,0.1,3.0,6,0,199,82,117,41.20603015075377,0.9593906247122868,-1.7753673329382396,-0.008921443884111757,-2.1184844617951004,11.041873403513582,9788.15155382049,70,36,34,51.42857142857143,1.2874253569304255,4.480014736143678,0.06400021051633827,4.384473184770754,4.624823558008811,10438.447318477076,0.7903924445067144
60,2,3.5,1,3,0.05,24,1,0.0,3.0,24,0,175,49,126,28.0,1.0012021832060163,0.1529826514311563,0.0008741865796066075,-2.2397456277980954,28.697807867929615,9776.02543722019,60,19,41,31.666666666666668,1.1615768956968229,6.161801038862338,0.10269668398103897,5.525378069762099,11.946476729192984,10552.53780697621,0.7790419387142475
60,2,3.5,1,0,0.05,24,1,0.1,2.0,24,0,231,84,147,36.36363636363637,1.0823566533043,12.037297767812827,0.05210951414637587,10.26023027250238,24.546079999200515,11026.023027250238,82,27,55,32.926829268292686,0.9969692162062882,-0.15543752016718604,-0.001895579514233976,-0.9034462887225536,20.196183379364598,9909.655371127745,0.7734997418168079
60,2,3.5,1,2,0.05,12,1,0.0,2.5,6,1,129,41,88,31.782945736434108,0.990817319181373,-0.5341742809225416,-0.004140885898624353,-1.3866220985660371,20.239989796373546,9861.337790143396,50,22,28,44.0,1.5047203357146288,9.796075063683253,0.19592150127366506,9.87544609674018,7.329054428669085,10987.544609674018,0.7463292239903305
60,2,3.5,1,3,0.05,24,0,0.0,1.0,6,1,185,82,103,44.32432432432432,0.9630251204369342,-1.4497126199975119,-0.007836284432418983,-1.7102557743608693,14.012647111303139,9828.974422563913,67,35,32,52.23880597014925,1.2888049640009898,3.8380570361673554,0.05728443337563217,3.7972486414151296,3.979702999020839,10379.724864141514,0.7236137414713926
60,2,3.5,1,3,0.05,24,0,0.0,1.0,6,0,185,82,103,44.32432432432432,0.9630251204369342,-1.4497126199975119,-0.007836284432418983,-1.7102557743608693,14.012647111303139,9828.974422563913,67,35,32,52.23880597014925,1.2888049640009898,3.8380570361673554,0.05728443337563217,3.7972486414151296,3.979702999020839,10379.724864141514,0.7236137414713926
60,2,3.5,1,0,0.15,12,0,0.0,2.0,6,0,213,87,126,40.84507042253521,0.9629559698072406,-1.790470020648673,-0.00840596253825668,-2.1801329494261834,13.255023912164315,9781.986705057381,73,36,37,49.31506849315068,0.9931684555944531,-0.12002878358892315,-0.0016442299121770293,-0.2861139444044203,6.712480561932031,9971.388605559558,0.7204207603793714
60,2,3.5,1,0,0.15,24,0,0.0,2.0,6,1,245,102,143,41.63265306122449,1.0653066430765292,3.3719937482179656,0.013763239788644757,2.942903239844008,10.528511536683299,10294.290323984402,83,40,43,48.19277108433735,0.9578418673439485,-0.8444314609420962,-0.01017387302339875,-1.0183220185502107,7.774559196582347,9898.16779814498,0.7096674200313555
60,2,3.5,1,0,0.05,12,0,0.1,3.0,72,0,146,49,97,33.56164383561644,1.041912044555951,3.6419450856010904,0.024944829353432126,2.129412050018331,22.41449473841999,10212.941205001833,49,19,30,38.775510204081634,0.9943671322193176,-0.16008953591350616,-0.0032671333859899216,-0.5973214175530317,10.383884125569828,9940.267858244697,0.7083535420772584
60,2,3.5,1,3,0.05,24,0,0.1,1.5,6,1,185,78,107,42.16216216216216,0.961068002525823,-1.4885283993161342,-0.008046099455762888,-1.7714378659157815,13.902988565946178,9822.856213408422,67,35,32,52.23880597014925,1.4124189680450452,5.285182780472886,0.07888332508168487,5.2967589776104385,3.940935172873198,10529.675897761044,0.7052975160361974
60,2,3.5,1,2,0.05,12,0,0.25,1.5,6,0,132,56,76,42.42424242424242,0.9494522011835198,-1.3944413615329494,-0.01056394970858295,-1.5866775643006426,8.863909158852994,9841.332243569936,50,27,23,54.0,1.5342318267676072,4.724190184143844,0.09448380368287689,4.739745544659835,2.705971756363111,10473.974554465984,0.7038574452499975
60,2,3.5,1,2,0.05,24,0,0.0,1.5,72,0,135,57,78,42.22222222222222,0.9856445807044939,-0.9526620861575883,-0.0070567561937599135,-1.7147042336216667,15.791958479207766,9828.529576637833,43,19,24,44.18604651162791,1.0676268495379644,1.4800542249216992,0.03441986569585347,1.2184119091009915,7.930546421676593,10121.8411909101,0.6965149966723566
60,2,3.5,1,2,0.05,12,1,0.0,1.5,24,1,130,48,82,36.92307692307692,1.060428861914168,3.952752813858596,0.030405790875835354,3.1635447659740468,18.698418301749857,10316.354476597404,48,15,33,31.25,0.9876396974592943,-0.2787338517162048,-0.0058069552440876,-0.5550265825801426,8.605797612699066,9944.497341741986,0.6618608022158998
60,2,3.5,1,2,0.05,24,0,0.1,1.5,6,1,165,68,97,41.21212121212121,0.9515308037104883,-1.7083389610052773,-0.010353569460638043,-1.9675119945056774,10.278042495347137,9803.248800549432,59,29,30,49.152542372881356,1.1773453716396542,2.021492762624741,0.03426258919702951,1.9455513947034486,4.161092985300889,10194.555139470345,0.6604565678585541
60,2,3.5,1,0,0.05,12,0,0.1,2.0,6,0,199,82,117,41.20603015075377,0.9542901952667078,-1.9983487444345378,-0.010041953489620793,-2.324357652829312,11.175422384326954,9767.564234717069,70,36,34,51.42857142857143,1.2467290927631935,3.8456940028503808,0.05493848575500544,3.7452953095653774,4.624823558008772,10374.529530956537,0.6601276862158507
60,2,3.5,1,2,0.05,24,1,0.0,1.5,72,0,165,69,96,41.81818181818182,1.0232352431416993,2.3040003620163088,0.013963638557674598,1.054557896451458,21.635550855345194,10105.455789645146,57,23,34,40.35087719298246,0.9925344802840724,-0.2572930680102241,-0.004513913473863581,-0.6827074897364782,13.123306374993376,9931.729251026352,0.6415888629157172
60,2,3.5,1,2,0.05,12,1,0.0,2.5,24,1,128,27,101,21.09375,0.9922465426487903,-0.5043072411973268,-0.003939900321854116,-1.6033647288747677,22.436966927058354,9839.663527112523,47,13,34,27.659574468085108,1.3424476715233742,7.738880684872098,0.16465703584834251,7.52866080529313,8.60315353898142,10752.866080529313,0.631405138579457
60,2,3.5,1,2,0.05,12,1,0.0,2.0,6,1,130,45,85,34.61538461538461,0.9868876197321701,-0.7613283293904829,-0.005856371764542176,-1.5127452935065788,19.267299265640613,9848.725470649342,50,23,27,46.0,1.4021326052573069,7.796075063683285,0.15592150127366572,7.773088582830923,5.467442902919362,10777.308858283093,0.6252826703441183
60,2,3.5,1,2,0.05,12,0,0.0,2.0,6,1,132,54,78,40.90909090909091,0.9518790947504245,-1.4328636720958823,-0.0108550278189082,-1.6646640516285838,9.832337216125941,9833.533594837141,50,26,24,52.0,1.4230150560534975,4.181830351625315,0.0836366070325063,4.147047666832204,4.042180798882877,10414.70476668322,0.6214977379149051
60,2,3.5,1,2,0.05,12,0,0.1,2.0,24,1,124,54,70,43.54838709677419,1.5707100831383194,20.998288369305342,0.1693410352363334,22.595444432756207,4.921779713127878,12259.544443275621,44,19,25,43.18181818181818,0.9655752367291972,-0.4958324907418423,-0.01126892024413278,-0.6471885878318928,9.460996170750661,9935.28114121681,0.6172649277771087
60,2,3.5,1,2,0.15,24,0,0.25,2.5,72,0,135,51,84,37.77777777777778,0.9883699908929942,-0.8199092162660091,-0.006073401601970438,-1.8627382875686105,19.02901190158154,9813.72617124314,46,20,26,43.47826086956522,1.1964611836422845,4.337297469723528,0.09428907542877235,4.0632013147610335,6.2593578569755755,10406.320131476103,0.612673867665058
60,2,3.5,1,0,0.05,12,0,0.0,3.0,6,0,199,82,117,41.20603015075377,0.9549900996183589,-2.048051579310088,-0.010291716478945166,-2.4081674325006297,11.756047867082803,9759.183256749937,70,36,34,51.42857142857143,1.2884327535922198,4.645254235613666,0.06636077479448094,4.54443072277062,4.90407082555697,10454.443072277061,0.6017136670213646
60,2,3.5,1,2,0.05,12,0,0.25,1.5,6,1,132,54,78,40.90909090909091,0.9445624241226909,-1.5257796869271765,-0.011558937022175579,-1.7156694442700071,9.034091245352984,9828.433055573,50,27,23,54.0,1.5342318267676072,4.724190184143844,0.09448380368287689,4.739745544659835,2.705971756363111,10473.974554465984,0.5843682345790774
60,2,3.5,1,0,0.05,24,0,0.1,1.5,6,1,235,101,134,42.97872340425532,1.0668886211729178,3.226994321776397,0.013731890730963392,2.8608106736006,10.862852789973083,10286.08106736006,82,39,43,47.5609756097561,0.9524844917919304,-0.9243784944497317,-0.011272908468899168,-1.0728256663452562,7.0638843227682475,9892.717433365475,0.5677910300752189
60,2,3.5,1,0,0.15,24,0,0.1,2.0,24,0,214,95,119,44.39252336448598,1.3090147300406612,23.566912182396685,0.11012575786166676,25.20091504013733,7.747335234213384,12520.091504013733,71,33,38,46.478873239436616,0.969823004977547,-0.8161555696378248,-0.011495148868138377,-1.1159781761201137,11.015706251557418,9888.402182387988,0.5568553599494166
60,2,3.5,1,0,0.05,12,0,0.1,1.5,6,0,199,82,117,41.20603015075377,0.9526453760124509,-2.070257222511501,-0.010403302625685935,-2.3829415440332236,12.240523864122205,9761.705845596678,70,36,34,51.42857142857143,1.1642556174422176,2.560204132628557,0.03657434475183653,2.443432370699772,4.624823558008819,10244.343237069977,0.5567970453131076
60,2,3.5,1,0,0.05,48,0,0.1,2.0,24,0,226,98,128,43.36283185840708,1.297982635799903,24.73725538174827,0.10945688222012509,26.51884544783536,8.164845382860953,12651.884544783536,81,36,45,44.44444444444444,0.9719578296367043,-0.913361888997471,-0.011276072703672481,-1.2827711613975779,11.707081924406195,9871.722883860242,0.5545553981682141
60,2,3.5,1,0,0.05,24,0,0.0,1.5,6,1,235,102,133,43.40425531914894,1.1146387100945407,5.732367304054302,0.02439305235767788,5.423961212266559,9.01622994437257,10542.396121226657,82,39,43,47.5609756097561,0.948142994558703,-1.0385459218491886,-0.012665194168892543,-1.1931336859195674,7.357343606251712,9880.686631408043,0.5306768363454573
60,2,3.5,1,0,0.05,12,0,0.1,2.5,6,0,199,82,117,41.20603015075377,0.9479537309116939,-2.275367332938241,-0.011434006698182116,-2.5937644974569407,11.473824434806005,9740.623550254306,70,36,34,51.42857142857143,1.2647684820678102,4.12686867295883,0.058955266756554714,4.026673283013471,4.624823558008806,10402.667328301346,0.49034531362094746
60,2,3.5,1,2,0.15,24,1,0.0,1.5,6,0,176,75,101,42.61363636363637,0.9893136832180329,-0.9148239721952585,-0.00519786347838215,-1.891094285354189,23.53071568899759,9810.89057146458,69,34,35,49.27536231884058,1.0379280992862931,1.253410862247668,0.018165374815183596,0.8759958529551248,9.004413733855264,10087.599585295513,0.4718476014629316
60,2,3.5,1,3,0.05,24,0,0.1,1.5,6,0,185,80,105,43.24324324324324,0.9518468011440473,-1.934974341975651,-0.010459320767435953,-2.2296344025577897,13.485154702755167,9777.036559744221,67,35,32,52.23880597014925,1.4124189680450452,5.285182780472886,0.07888332508168487,5.2967589776104385,3.940935172873198,10529.675897761044,0.4706030138968
60,2,3.5,1,2,0.05,12,0,0.25,2.0,24,1,124,53,71,42.74193548387097,1.5218489056467248,18.702373032578173,0.1508255889724046,19.864453175389052,5.37180164424663,11986.445317538906,44,19,25,43.18181818181818,0.9574558750774276,-0.6050282291605187,-0.01375064157182997,-0.7523800209201736,7.519424105468911,9924.761997907983,0.4693483956207556
60,2,3.5,1,0,0.15,12,0,0.25,2.0,6,1,213,86,127,40.375586854460096,0.9771306046852692,-0.9805556148579702,-0.004603547487596104,-1.309549653124631,11.331467751133081,9869.045034687537,73,36,37,49.31506849315068,0.9482515893715036,-0.8610629469663039,-0.011795382835154848,-0.9979075669375947,6.357940346509689,9900.20924330624,0.46748333947995446
60,2,3.5,1,2,0.05,24,1,0.0,2.5,72,0,161,48,113,29.81366459627329,0.9962554748567188,-0.4369917982386,-0.0027142347716683233,-2.425917793676813,27.656061941892574,9757.408220632318,56,20,36,35.714285714285715,1.3621209300752168,13.223532188608408,0.2361345033680073,13.233954385287428,9.137808255355923,11323.395438528743,0.46602888281650584
60,2,3.5,1,2,0.05,24,1,0.0,2.5,6,0,163,63,100,38.65030674846626,0.990808314794063,-0.786206142766211,-0.004823350569117859,-2.0387859386247653,24.177619568128016,9796.121406137523,62,28,34,45.16129032258065,1.2154422831405969,6.700620368276161,0.10807452206897035,6.375831478092597,8.502786209801872,10637.58314780926,0.4629378712278125
60,2,3.5,1,0,0.05,24,0,0.0,2.5,24,1,205,84,121,40.97560975609756,1.3996695008459197,27.537750547803007,0.13433049047708784,30.2043773664781,7.582009837709797,13020.43773664781,70,29,41,41.42857142857143,0.9686970351225601,-0.8638217620862885,-0.012340310886946978,-1.2033061371350628,11.178493867406743,9879.669386286494,0.4589213372101495
60,2,3.5,1,2,0.05,24,1,0.25,2.5,24,1,166,41,125,24.698795180722893,0.9933799996576199,-0.6007500947392028,-0.003618976474332547,-2.082748557172731,26.705500151339344,9791.725144282727,57,18,39,31.57894736842105,1.3182522688937535,8.790045760526503,0.1542113291320439,8.583885275289195,7.723612909414844,10858.38852752892,0.4285766438562666
60,2,3.5,1,0,0.15,12,0,0.25,2.0,6,0,213,88,125,41.31455399061033,0.9579153590655266,-1.8492172894637446,-0.00868177131203636,-2.16865542931024,12.054315204669585,9783.134457068976,73,36,37,49.31506849315068,0.9482515893715036,-0.8610629469663039,-0.011795382835154848,-0.9979075669375947,6.357940346509689,9900.20924330624,0.42411249226776415
60,2,3.5,1,0,0.15,12,0,0.1,2.0,6,1,213,85,128,39.906103286384976,0.953374689467338,-2.1177570632496288,-0.009942521423707178,-2.453250689827202,11.671046184189283,9754.67493101728,73,36,37,49.31506849315068,0.9488655429792203,-0.8826072044662725,-0.012090509650222911,-1.0279710499481176,6.639301710185484,9897.202895005188,0.4188238592052096
60,2,3.5,1,0,0.05,24,1,0.0,2.0,24,0,228,83,145,36.40350877192982,1.0810417843061069,11.733999717309446,0.0514649110408309,9.948546919421553,26.842246739988806,10994.854691942155,82,27,55,32.926829268292686,0.9936156046465561,-0.32867105323470613,-0.004008183576033002,-1.0765909981308885,22.662329848998954,9892.340900186911,0.41776210807014363
60,2,3.5,1,0,0.05,12,1,0.1,2.5,24,1,194,46,148,23.711340206185568,1.039955809706323,4.121600156427363,0.021245361631068882,2.342908820927092,18.756426985746423,10234.29088209271,68,16,52,23.529411764705884,0.9842103518099434,-0.5819128827906495,-0.00855754239398014,-1.1923124069240676,14.608810695042882,9880.768759307593,0.41069149553681356
60,2,3.5,1,2,0.05,12,0,0.25,3.0,24,1,120,50,70,41.666666666666664,1.5312172244272233,18.695371263660096,0.15579476053050081,19.802565752765556,5.487077921989825,11980.256575276555,44,18,26,40.90909090909091,0.9574649333477994,-0.6050282291605187,-0.01375064157182997,-0.7809777012551367,8.714326044685892,9921.902229874486,0.3976723958084803
60,2,3.5,1,2,0.05,24,1,0.1,3.0,72,1,162,29,133,17.901234567901234,0.995645724636779,-0.3775329776700689,-0.0023304504794448696,-2.0567914025543588,29.45081066438095,9794.320859744565,57,12,45,21.05263157894737,1.2133004954708426,6.302757561099954,0.11057469405438515,5.78926258242376,11.516225208958755,10578.926258242376,0.39724206252085614
60,2,3.5,1,0,0.05,24,0,0.25,1.0,72,1,190,103,87,54.21052631578947,1.1867630406184413,14.573984665348902,0.07670518244920475,14.734258290393388,9.095750013358812,11473.425829039339,63,30,33,47.61904761904762,0.9748515536543119,-0.7448539120622029,-0.011823077969241315,-1.0244458299784487,13.448214829291,9897.555417002155,0.37639072896299935
60,2,3.5,1,0,0.05,24,0,0.25,1.0,72,0,190,103,87,54.21052631578947,1.1867630406184413,14.573984665348902,0.07670518244920475,14.734258290393388,9.095750013358812,11473.425829039339,63,30,33,47.61904761904762,0.9748515536543119,-0.7448539120622029,-0.011823077969241315,-1.0244458299784487,13.448214829291,9897.555417002155,0.37639072896299935
60,2,3.5,1,0,0.05,24,0,0.0,2.0,72,1,183,63,120,34.42622950819672,1.2031505633409798,15.693249619867865,0.08575546240364953,15.5742047060619,11.488922096246208,11557.42047060619,60,18,42,30.0,0.9756727969267923,-0.7129768646611457,-0.011882947744352428,-1.1094505006450928,13.414717071373325,9889.054949935491,0.3692551815532736
60,2,3.5,1,0,0.05,24,1,0.1,3.0,24,1,229,54,175,23.580786026200872,1.163912159840353,19.823779270920596,0.08656672170707684,18.84979755571552,17.073403956752102,11884.979755571552,80,18,62,22.5,0.9854863429489465,-0.6387489213431805,-0.007984361516789756,-1.4454609036613886,20.774668429430047,9855.453909633861,0.3655013439203587
60,2,3.5,1,2,0.05,12,0,0.0,2.5,72,0,111,47,64,42.34234234234234,1.4246044005514618,22.498284102933063,0.20268724417056813,23.892535849261833,10.378174711871775,12389.253584926182,38,15,23,39.473684210526315,0.9754244904467222,-0.5114360587361058,-0.013458843650950151,-0.8043755544741349,8.48622222868703,9919.562444552586,0.3486302976990873
60,2,3.5,1,0,0.15,24,0,0.25,2.0,72,1,187,67,120,35.82887700534759,1.188572841206232,14.910672373597375,0.07973621590159025,14.669204368168298,9.858113391985176,11466.92043681683,61,20,41,32.78688524590164,0.9734680817521759,-0.7991945102942628,-0.013101549349086276,-1.2006381842254776,11.777881300344701,9879.936181577452,0.34282178907955135
60,2,3.5,1,2,0.05,12,1,0.1,3.0,72,0,125,32,93,25.6,0.9998352455806719,-0.015703162587572983,-0.00012562530070058388,-1.882969416594582,33.85244801182925,9811.703058340541,45,14,31,31.11111111111111,1.3322381908483236,10.42792293694238,0.23173162082094179,10.137176491672296,10.317863054669953,11013.717649167229,0.3388252200304399
60,2,3.5,1,0,0.05,24,1,0.0,3.0,24,1,228,51,177,22.36842105263158,1.1426812226033825,17.227909790928233,0.07556100785494839,15.808040354708663,18.998489940235544,11580.804035470866,81,17,64,20.987654320987655,0.9859819277845645,-0.5919520771199491,-0.007308050334814187,-1.3746658427370995,22.564355911232386,9862.53341572629,0.3279693921401926
60,2,3.5,1,0,0.15,12,0,0.0,2.5,6,0,213,87,126,40.84507042253521,0.9552011416712798,-2.16528850612315,-0.01016567373766737,-2.552198519430837,12.366981912416856,9744.780148056916,73,36,37,49.31506849315068,0.947811293522931,-0.9169444833639444,-0.012560883333752663,-1.067417990820485,7.325526488331052,9893.258200917951,0.32792184824600135
60,2,3.5,1,0,0.05,48,0,0.1,2.5,24,1,226,90,136,39.823008849557525,1.3297636304331013,24.838614828324967,0.10990537534657065,26.68845735314356,7.40086209622761,12668.845735314357,81,33,48,40.74074074074074,0.9613865182317369,-1.1430633765656082,-0.014111893537847016,-1.4884490666686956,10.413652498478122,9851.155093333131,0.3274364574965104
60,2,3.5,1,0,0.05,24,0,0.1,1.0,6,0,235,105,130,44.680851063829785,1.094946345361967,4.570681597950218,0.019449708927447736,4.285780168866538,11.040427805250554,10428.578016886653,82,40,42,48.78048780487805,0.9433105208806866,-1.1014090530175809,-0.013431817719726596,-1.2346475278530167,6.631322663593873,9876.535247214699,0.3228976622533403
60,2,3.5,1,0,0.05,24,0,0.1,1.0,6,1,235,105,130,44.680851063829785,1.094946345361967,4.570681597950218,0.019449708927447736,4.285780168866538,11.040427805250554,10428.578016886653,82,40,42,48.78048780487805,0.9433105208806866,-1.1014090530175809,-0.013431817719726596,-1.2346475278530167,6.631322663593873,9876.535247214699,0.3228976622533403
60,2,3.5,1,0,0.15,24,0,0.0,2.5,24,1,215,87,128,40.46511627906977,1.381105366669277,26.94800710463544,0.12533956792853693,29.42916738147843,7.257136121959011,12942.916738147844,71,30,41,42.25352112676056,0.9634771397505194,-0.995293090224346,-0.01401821253837107,-1.3271722975382594,10.683519608449437,9867.282770246175,0.3117884610585711
60,2,3.5,1,0,0.05,12,0,0.0,3.0,72,0,147,49,98,33.333333333333336,1.0667441321524966,5.83694981305407,0.03970714158540184,4.3401259070282805,20.77261165314032,10434.012590702829,50,19,31,38.0,0.9857534855325218,-0.4142154547190474,-0.008284309094380948,-0.8565549053323962,11.076795271345235,9914.34450946676,0.2899019257109625
60,2,3.5,1,2,0.05,24,0,0.25,1.0,6,1,165,71,94,43.03030303030303,0.9350821428990382,-2.2692760213982344,-0.013753188008474148,-2.478873874885812,10.317428039194262,9752.112612511419,59,30,29,50.847457627118644,1.161733558401775,1.741823128909843,0.029522425913726152,1.6814331220674994,3.3331846552547533,10168.14331220675,0.285234258821216
60,2,3.5,1,2,0.05,24,0,0.25,1.0,6,0,165,71,94,43.03030303030303,0.9350821428990382,-2.2692760213982344,-0.013753188008474148,-2.478873874885812,10.317428039194262,9752.112612511419,59,30,29,50.847457627118644,1.161733558401775,1.741823128909843,0.029522425913726152,1.6814331220674994,3.3331846552547533,10168.14331220675,0.285234258821216
60,3,2.5,1,1,0.05,12,1,0.0,2.0,24,1,142,42,100,29.577464788732396,0.990758965054407,-0.7620670673354872,-0.0053666694882780796,-1.9599364218532367,26.107348624283905,9804.006357814676,56,18,38,32.142857142857146,1.03239486973009,1.0327737550724712,0.018442388483436985,0.5563476039956106,12.403975444537354,10055.634760399562,0.28271519060742684
60,2,3.5,1,2,0.05,24,1,0.0,1.5,24,0,165,67,98,40.60606060606061,1.0136679089222458,1.31143906554193,0.00794811554873897,0.11270453845406703,22.862284213408003,10011.270453845407,57,22,35,38.59649122807018,0.9864636591850613,-0.41953671454078445,-0.0073602932375576215,-0.7927972484777834,10.880596726510003,9920.720275152222,0.2712052428645224
60,2,3.5,1,2,0.05,24,0,0.25,1.5,72,1,139,53,86,38.1294964028777,0.9753987569899402,-1.5122219225568811,-0.010879294406884036,-2.2055753291447266,16.186662894330485,9779.442467085528,43,16,27,37.2093023255814,1.1825277426817666,3.016760233764207,0.0701572147387025,2.8413874538064654,8.603843587416304,10284.138745380646,0.27008726302347363
60,2,3.5,1,2,0.05,24,0,0.0,1.5,6,0,165,70,95,42.42424242424242,0.9400971036560284,-2.26890555645879,-0.013750942766416908,-2.542808495137483,10.866464346418232,9745.719150486251,59,30,29,50.847457627118644,1.2655659815196914,3.171262189990294,0.053750206610004986,3.1077387096636544,3.13881560407595,10310.773870966364,0.2625465261074823
60,2,3.5,1,3,0.05,24,1,0.1,3.0,24,1,180,37,143,20.555555555555557,0.9954101491416256,-0.45094399077406877,-0.002505244393189271,-2.2827886306839407,31.54381407345858,9771.721136931606,61,18,43,29.508196721311474,1.3230368640173285,9.903363907944508,0.1623502279990903,9.65143447312089,9.113022521301698,10965.143447312088,0.2603804530613187
60,2,3.5,1,2,0.05,12,0,0.0,1.5,6,1,132,54,78,40.90909090909091,0.9374583839521424,-1.862259430997182,-0.014108025992402894,-2.0735178514156516,10.274441279046101,9792.648214858435,50,26,24,52.0,1.2712818362126614,2.681830351625318,0.05363660703250636,2.62287470799345,4.042180798882847,10262.287470799345,0.24083025519366197
60,2,3.5,1,2,0.05,12,0,0.25,2.0,72,1,114,47,67,41.228070175438596,1.4954294131917947,21.564459553982847,0.18916192591213024,23.090327546725177,7.163331358787619,12309.032754672517,38,12,26,31.57894736842105,0.9651523925683936,-0.5732056006548801,-0.01508435791197053,-0.7840176987424674,9.28222713321856,9921.598230125754,0.23129153055958523
60,2,3.5,1,2,0.05,24,1,0.1,1.5,72,0,165,67,98,40.60606060606061,0.98652706270073,-1.3486745649211247,-0.00817378524194621,-2.5532343083826126,22.521211698374767,9744.676569161738,57,23,34,40.35087719298246,0.9948656840015747,-0.1766908310829356,-0.003099839141805888,-0.602544123192239,13.047054136031688,9939.745587680776,0.210447200358995
60,2,3.5,1,0,0.15,12,0,0.1,2.0,6,0,213,87,126,40.84507042253521,0.9363978179770956,-2.9565005829500426,-0.013880284426995505,-3.2735364842699677,12.36243896027179,9672.646351573003,73,36,37,49.31506849315068,0.9488655429792203,-0.8826072044662725,-0.012090509650222911,-1.0279710499481176,6.639301710185484,9897.202895005188,0.17342736495875055
60,2,3.5,1,0,0.15,12,1,0.25,3.0,6,0,213,81,132,38.028169014084504,0.981146637800217,-1.9752181128115482,-0.009273324473293654,-3.489670872615247,21.647159303563875,9651.032912738476,75,29,46,38.666666666666664,1.0699078232399541,2.735838776355294,0.03647785035140392,2.0730457334858343,9.291920783672403,10207.304573348583,0.16920460408586935
60,2,3.5,1,0,0.15,12,0,0.0,3.0,6,0,213,87,126,40.84507042253521,0.9395416626342936,-2.9221669453427586,-0.013719093640106848,-3.277667720541899,13.01938304057999,9672.23322794581,73,36,37,49.31506849315068,0.9477913733616948,-0.9172944763640851,-0.012565677758412126,-1.0677558141722,7.633630063625556,9893.22441858278,0.15641748814352008
60,2,3.5,1,2,0.05,12,0,0.1,2.5,6,0,132,56,76,42.42424242424242,0.9268055689725457,-2.071516824814099,-0.01569330927889469,-2.2577214254031475,8.766139524922016,9774.227857459686,50,27,23,54.0,1.6472505635179482,6.054686829159489,0.12109373658318978,6.102161717478416,2.7835379847689765,10610.216171747841,0.151494401832734
60,2,3.5,1,2,0.05,12,0,0.1,3.0,6,0,132,56,76,42.42424242424242,0.9268055689725457,-2.071516824814099,-0.01569330927889469,-2.2577214254031475,8.766139524922016,9774.227857459686,50,27,23,54.0,1.6850021425591168,6.407832892344337,0.12815665784688673,6.467100264878334,2.7835379847689876,10646.710026487834,0.151494401832734
60,2,3.5,1,0,0.15,24,0,0.0,2.0,6,0,245,104,141,42.44897959183673,1.0172789523651549,0.9385412189930253,0.0038307804856858177,0.4551031184737653,11.820314098369863,10045.510311847376,83,40,43,48.19277108433735,0.9398461863362313,-1.2279572234787217,-0.014794665343117129,-1.3979651514558822,8.128288856396528,9860.203484854412,0.13408867234288935
60,2,3.5,1,2,0.05,12,0,0.1,2.0,6,0,132,56,76,42.42424242424242,0.924631347786471,-2.133050683395925,-0.016159474874211554,-2.316653986102901,8.766139524921925,9768.33460138971,50,27,23,54.0,1.6171927803807267,5.77351215905104,0.1154702431810208,5.815169830683131,2.7835379847689654,10581.516983068313,0.10052939992890375
60,2,3.5,1,0,0.05,24,1,0.1,2.0,24,1,233,66,167,28.326180257510728,1.0088714578964653,1.0963542145436702,0.004705382895037211,-0.7244223958937757,23.15405660700917,9927.557760410622,83,24,59,28.91566265060241,0.9831221451032365,-0.7757259955555578,-0.009346096331994671,-1.432979034104176,17.6109264655725,9856.702096589583,0.08547294047078702
60,2,3.5,1,0,0.15,12,0,0.1,2.5,6,1,213,85,128,39.906103286384976,0.9472757473665452,-2.394775651753328,-0.011243078177245671,-2.7223020244673712,11.967783209490475,9727.769797553263,73,36,37,49.31506849315068,0.9361877465939484,-1.1014325343578233,-0.015088116909011278,-1.2437591163470318,7.297295132257528,9875.624088365297,0.0759033190377576
60,2,3.5,1,2,0.05,24,0,0.1,1.5,6,0,165,70,95,42.42424242424242,0.9298505504040135,-2.547082480705691,-0.01543686351942843,-2.7917995934692796,10.980263105566419,9720.820040653072,59,30,29,50.847457627118644,1.3096312671611867,3.52149276262474,0.05968631801058882,3.4751237804811375,3.083371532616202,10347.512378048114,0.06663341875340911
60,2,3.5,1,2,0.05,24,1,0.1,1.5,24,0,166,66,100,39.75903614457831,0.983411921409597,-1.6193737811133102,-0.009755263741646448,-2.7786358605974226,22.8501988355268,9722.136413940258,57,22,35,38.59649122807018,0.9887798442950692,-0.34684447263023355,-0.006084990747898834,-0.7203771665244996,10.807478777334468,9927.96228334755,0.02632983957758328
60,2,3.5,1,3,0.05,24,1,0.1,2.5,24,0,179,55,124,30.726256983240223,0.9944077172422887,-0.6969290236706034,-0.003893458232796667,-2.757305009197497,33.11475694469146,9724.26949908025,60,21,39,35.0,1.2387080606437677,8.802554198823426,0.1467092366470571,8.416311560516032,11.958647336001302,10841.631156051602,0.023671580940754555
60,2,3.5,1,0,0.15,12,0,0.25,2.5,6,1,213,86,127,40.375586854460096,0.9668401675333662,-1.4217717375309629,-0.006674984683243957,-1.7409457202483658,11.720380125217183,9825.905427975164,73,36,37,49.31506849315068,0.9311004303506522,-1.1464480892541278,-0.015704768345946956,-1.2786846498819227,7.0790244922196335,9872.131535011808,0.018907727913994865
60,2,3.5,1,0,0.15,12,0,0.1,2.5,6,0,213,87,126,40.84507042253521,0.9304384121879178,-3.2335191714537435,-0.015180841180534007,-3.540325324369409,12.656853283595613,9645.96746756306,73,36,37,49.31506849315068,0.9361877465939484,-1.1014325343578233,-0.015088116909011278,-1.2437591163470318,7.297295132257528,9875.624088365297,0.013788018627115206
60,2,3.5,1,0,0.05,48,1,0.25,2.5,6,1,268,93,175,34.701492537313435,0.9810407941312587,-2.224575029096616,-0.008300653093644089,-3.801125578994924,26.403528050859787,9619.887442100508,100,35,65,35.0,1.0991700439077179,3.9403354144847365,0.039403354144847365,3.3904412137249595,12.73536286642963,10339.044121372495,0.009316647530647204
60,2,3.5,1,2,0.05,12,0,0.1,3.0,6,1,132,54,78,40.90909090909091,0.9209303588082284,-2.2327733051136844,-0.016914949281164274,-2.4149856761181976,8.966333414666135,9758.50143238818,50,26,24,52.0,1.363311866916353,3.4078328923443357,0.06815665784688671,3.3653506764384167,4.0592678533467,10336.535067643841,0.005568347892493719
60,2,3.5,1,2,0.05,12,0,0.1,2.5,6,1,132,54,78,40.90909090909091,0.9209303588082284,-2.2327733051136844,-0.016914949281164274,-2.4149856761181976,8.966333414666135,9758.50143238818,50,26,24,52.0,1.378968085878318,3.5546868291594884,0.07109373658318976,3.513661675328539,3.9169231948995784,10351.366167532855,0.005568347892493719
60,2,3.5,1,0,0.15,12,0,0.25,2.5,6,0,213,88,125,41.31455399061033,0.9478741258351266,-2.290433412136736,-0.010753208507684207,-2.5962961700391696,12.440057070433209,9740.370382996083,73,36,37,49.31506849315068,0.9311004303506522,-1.1464480892541278,-0.015704768345946956,-1.2786846498819227,7.0790244922196335,9872.131535011808,-0.02427288879896672
60,2,3.5,1,2,0.05,12,0,0.1,2.0,6,1,132,54,78,40.90909090909091,0.9187512481443437,-2.2943071636955104,-0.01738111487648114,-2.473823416182208,8.966333414666137,9752.61765838178,50,26,24,52.0,1.4022972342382878,3.7735121590510396,0.07547024318102079,3.7398449797853006,3.9169231948995797,10373.98449797853,-0.04540643296696223
60,2,3.5,1,2,0.05,24,0,0.0,2.0,6,1,165,68,97,41.21212121212121,0.9265998247862677,-2.7021792661181228,-0.016376844037079532,-2.9559327417898795,11.21293097199118,9704.406725821013,59,29,30,49.152542372881356,1.2648960962024838,3.171262189990292,0.05375020661000495,3.0922619003127094,4.309105087488758,10309.226190031271,-0.047826156232678496
60,2,3.5,1,3,0.05,24,1,0.0,2.5,24,0,176,54,122,30.681818181818183,0.9902765481895807,-1.1964884406054308,-0.00679822977616722,-3.2089914128339503,29.368586063589152,9679.100858716605,60,21,39,35.0,1.2414237582041645,8.925543637490835,0.14875906062484726,8.546558536562587,11.99776763821233,10854.655853656259,-0.050297658635578835
60,2,3.5,1,0,0.05,12,1,0.25,2.5,6,1,201,68,133,33.830845771144276,0.9748279517655416,-2.2665063436628285,-0.01127615096349666,-3.458091651341333,21.739200557227658,9654.190834865867,72,26,46,36.111111111111114,1.1435494787232199,4.31024880226197,0.05986456669808292,3.8928273680615577,9.982505316549128,10389.282736806155,-0.053265282137403114
60,2,3.5,1,2,0.05,24,0,0.0,1.5,6,1,165,68,97,41.21212121212121,0.92643458266824,-2.7082625462182564,-0.016413712401322767,-2.954605534279542,11.29698226985218,9704.539446572046,59,29,30,49.152542372881356,1.1396008287351977,1.6712621899902937,0.028326477796445655,1.5835255378894297,4.3133848282093785,10158.352553788944,-0.05688655476471738
60,2,3.5,1,0,0.15,24,0,0.0,2.5,24,0,213,92,121,43.1924882629108,1.3105677369219768,24.632295942487247,0.11564458188961149,26.332184984663144,6.889336278156814,12633.218498466314,71,32,39,45.070422535211264,0.9545268776186918,-1.2840151112791305,-0.018084719877170852,-1.6178674972097684,10.047056780895703,9838.213250279023,-0.07457502743183814
60,2,3.5,1,0,0.15,12,0,0.0,1.5,6,1,213,86,127,40.375586854460096,1.0107578675265931,0.49058207163908657,0.002303202214268012,0.11317798902334975,11.298588765713852,10011.317798902335,73,36,37,49.31506849315068,0.928052822712206,-1.236503021052295,-0.016938397548661575,-1.3671030081176094,6.812389717389903,9863.289699188239,-0.08524292606415951
60,2,3.5,1,0,0.05,48,0,0.0,1.5,24,0,229,101,128,44.10480349344978,1.2070018863977185,17.16330022538879,0.07494890928117376,17.530652390154344,6.438423805030526,11753.065239015434,83,37,46,44.57831325301205,0.9542771119880502,-1.5302084225460852,-0.01843624605477211,-1.8633915716804617,10.293319155689064,9813.660842831954,-0.10958785095812307
60,2,3.5,1,0,0.15,12,0,0.1,3.0,6,1,213,85,128,39.906103286384976,0.958283929405404,-1.894775651753328,-0.008895660336870085,-2.247649169602628,11.538242380613141,9775.235083039737,73,36,37,49.31506849315068,0.9276796624967336,-1.2482864711729758,-0.017099814673602408,-1.3852538378653634,7.587899222752147,9861.474616213463,-0.11651017588314494
60,2,3.5,1,0,0.05,24,0,0.25,1.0,6,0,235,106,129,45.1063829787234,1.1390271940289722,6.348658441757132,0.02701556783726439,6.175434708091987,10.711652987250634,10617.543470809198,82,40,42,48.78048780487805,0.9219339086123254,-1.461759624983922,-0.01782633689004783,-1.5792078878685056,6.94542796051687,9842.07921121315,-0.13958099023551035
60,2,3.5,1,0,0.05,24,0,0.25,1.0,6,1,235,106,129,45.1063829787234,1.1390271940289722,6.348658441757132,0.02701556783726439,6.175434708091987,10.711652987250634,10617.543470809198,82,40,42,48.78048780487805,0.9219339086123254,-1.461759624983922,-0.01782633689004783,-1.5792078878685056,6.94542796051687,9842.07921121315,-0.13958099023551035
60,2,3.5,1,0,0.05,24,1,0.25,2.5,6,0,237,93,144,39.24050632911393,0.9830402887835498,-1.9432322435673703,-0.00819929216695093,-3.4807537031670055,28.90757135825873,9651.924629683299,87,35,52,40.229885057471265,1.1245675634604024,5.508162039940893,0.06331220735564244,4.9081207370757385,14.0629933615605,10490.812073707573,-0.14056923917569636
60,2,3.5,1,0,0.05,24,0,0.0,2.0,24,1,207,86,121,41.54589371980676,1.3602816603867731,25.165903164364785,0.1215744114220521,27.27104231411781,7.582009837709827,12727.10423141178,70,30,40,42.857142857142854,0.9553488128227261,-1.2318537327420236,-0.017597910467743193,-1.5344160838173915,12.102951925900445,9846.55839161826,-0.14900254897876208
60,2,3.5,1,0,0.15,12,0,0.1,3.0,6,0,213,87,126,40.84507042253521,0.9411947405292166,-2.7335191714537452,-0.012833423340158428,-3.069663899223085,12.230674675295857,9693.033610077691,73,36,37,49.31506849315068,0.9276796624967336,-1.2482864711729758,-0.017099814673602408,-1.3852538378653634,7.587899222752147,9861.474616213463,-0.15805611356410787
60,2,3.5,1,2,0.05,12,0,0.1,2.5,72,0,110,47,63,42.72727272727273,1.445649261623738,23.10965088634785,0.210087735330435,24.669256629664172,10.33758142367251,12466.925662966418,38,15,23,39.473684210526315,0.9662677024077141,-0.7006608605733142,-0.018438443699297744,-0.9890198518214821,8.422495602995458,9901.098014817851,-0.16520768592173213
60,2,3.5,1,0,0.05,24,0,0.0,1.0,6,1,236,106,130,44.91525423728814,1.0908901029154021,4.53891671900232,0.01923269796187424,4.233195330974571,11.050158439071666,10423.319533097458,82,40,42,48.78048780487805,0.9260171046393068,-1.4794293716046696,-0.018041821604934994,-1.6117944187820643,6.998474241680047,9838.820558121794,-0.17327339677952586
60,2,3.5,1,0,0.05,24,0,0.0,1.0,6,0,236,106,130,44.91525423728814,1.0908901029154021,4.53891671900232,0.01923269796187424,4.233195330974571,11.050158439071666,10423.319533097458,82,40,42,48.78048780487805,0.9260171046393068,-1.4794293716046696,-0.018041821604934994,-1.6117944187820643,6.998474241680047,9838.820558121794,-0.17327339677952586
60,2,3.5,1,2,0.05,12,1,0.0,1.0,72,0,130,66,64,50.76923076923077,0.9685212525943645,-2.0812650992266457,-0.016009731532512658,-2.6971838605268417,15.730016160360922,9730.281613947316,48,26,22,54.166666666666664,1.1483447974915597,3.3117242266697575,0.06899425472228661,3.119781490027962,8.122536570599046,10311.978149002796,-0.2185495878731295
60,2,3.5,1,2,0.05,12,1,0.0,1.0,72,1,130,66,64,50.76923076923077,0.9685212525943645,-2.0812650992266457,-0.016009731532512658,-2.6971838605268417,15.730016160360922,9730.281613947316,48,26,22,54.166666666666664,1.1483447974915597,3.3117242266697575,0.06899425472228661,3.119781490027962,8.122536570599046,10311.978149002796,-0.2185495878731295
60,2,3.5,1,0,0.05,48,1,0.25,3.0,72,1,249,53,196,21.285140562248998,1.1006158623065434,13.628489290232109,0.0547328887157916,11.393322835194674,23.901969226056945,11139.332283519469,91,16,75,17.582417582417584,0.9774231387443751,-1.1035760809838604,-0.012127209681141324,-2.0296202196090074,18.66115233418136,9797.0379780391,-0.23981398648389474
60,2,3.5,1,3,0.05,24,1,0.0,3.0,24,1,179,36,143,20.11173184357542,0.9843257327759677,-1.5317199030433448,-0.008557094430409747,-3.316835055778178,29.632980490241255,9668.316494422183,61,18,43,29.508196721311474,1.4128652963558634,12.281977335441585,0.20134389074494402,12.261660932421957,9.250401320130178,11226.166093242196,-0.25232336839900543
60,2,3.5,1,2,0.05,12,0,0.0,2.5,24,0,121,55,66,45.45454545454545,1.5922046013251936,24.27669190432639,0.2006338173911272,26.480466370333588,5.933555095588558,12648.04663703336,44,19,25,43.18181818181818,0.9442527630618344,-0.9199360375757037,-0.02090763721762963,-1.1118970255786564,7.291557160735758,9888.810297442134,-0.2590853763064079
60,2,3.5,1,0,0.15,24,0,0.0,2.5,6,1,245,102,143,41.63265306122449,1.0518462197372578,2.676988443854028,0.010926483444302155,2.229376904815572,9.612557171154322,10222.937690481558,83,40,43,48.19277108433735,0.9180559529852826,-1.6413471607171184,-0.019775266996591788,-1.7938888787651042,8.006043520177839,9820.61111212349,-0.2750865440735414
60,2,3.5,1,0,0.15,24,0,0.0,2.0,24,1,216,89,127,41.2037037037037,1.3421404593361321,24.178777837618313,0.11193878628526997,26.045943088125156,6.843422376820676,12604.594308812515,71,31,40,43.66197183098591,0.9499588633343478,-1.363325060880081,-0.019201761420846213,-1.6578671157769342,11.6229067253275,9834.213288422307,-0.2899662070339702
60,2,3.5,1,0,0.05,24,0,0.25,1.5,72,0,175,74,101,42.285714285714285,0.9936053812932251,-0.5639560382456996,-0.0032226059328325693,-1.5960408949851623,22.797489441380556,9840.395910501484,58,24,34,41.37931034482759,0.975496632812208,-0.7503760169508351,-0.012937517533635088,-1.1007910727950043,11.663063470264026,9889.9208927205,-0.3028541098313541
60,2,3.5,1,0,0.15,12,1,0.25,3.0,24,0,203,61,142,30.049261083743843,1.0503759587349342,7.1496457953417805,0.03521993002631419,4.529812641698494,28.754270389727825,10452.98126416985,70,19,51,27.142857142857142,0.9852673279187164,-0.6821244151802945,-0.009744634502575636,-1.5198322965788047,17.00021826341123,9848.01677034212,-0.30291703009966864
60,2,3.5,1,0,0.15,24,0,0.0,3.0,6,1,245,102,143,41.63265306122449,1.0371874766394815,1.9201100046344204,0.00783718369238539,1.468310331056033,10.285464152566192,10146.831033105604,83,40,43,48.19277108433735,0.9180384796295267,-1.641697153717259,-0.019779483779726013,-1.7942242214493476,8.31188466308263,9820.577577855065,-0.31591758798318803
60,2,3.5,1,0,0.05,24,1,0.25,2.0,6,1,241,86,155,35.684647302904565,0.9789384345082728,-2.2388922368989728,-0.009290009281738476,-3.541032411589662,29.997712948994387,9645.896758841034,87,32,55,36.7816091954023,1.0733034783697297,2.658145633281667,0.03055339808369732,2.1855887097065985,12.848159716168498,10218.55887097066,-0.32325315464914445
60,2,3.5,1,2,0.15,24,1,0.1,1.5,6,1,177,67,110,37.85310734463277,0.9671501627371213,-2.559808332032748,-0.01446219396628671,-3.3843864220561404,20.775305424606373,9661.561357794386,69,32,37,46.3768115942029,1.007886814783529,0.23369179166233384,0.0033868375603236787,-0.09407474264384597,7.82705899119114,9990.592525735616,-0.33358787242587473
60,2,3.5,1,2,0.05,12,0,0.25,2.5,6,0,132,56,76,42.42424242424242,0.9031844170790984,-2.6708117153820212,-0.020233422086227432,-2.8271575203466126,8.682385343160192,9717.28424796534,50,27,23,54.0,1.6911441151567783,6.111759129754665,0.1222351825950933,6.170421870067555,2.7059717563631227,10617.042187006755,-0.3447339317817252
60,2,3.5,1,2,0.05,12,0,0.25,3.0,6,0,132,56,76,42.42424242424242,0.9031844170790984,-2.6708117153820212,-0.020233422086227432,-2.8271575203466126,8.682385343160192,9717.28424796534,50,27,23,54.0,1.709575468575937,6.27474683385705,0.12549493667714098,6.337636446123307,2.7059717563631325,10633.76364461233,-0.3447339317817252
60,2,3.5,1,2,0.05,12,0,0.25,2.0,6,0,132,56,76,42.42424242424242,0.9031289596579742,-2.672341596477342,-0.020245012094525318,-2.828615045642624,8.682385343160346,9717.138495435738,50,27,23,54.0,1.666874540262891,5.897144272042489,0.11794288544084978,5.952903474060944,2.7059717563631103,10595.290347406095,-0.34600384745377133
60,2,3.5,1,2,0.05,24,0,0.0,3.0,72,0,124,46,78,37.096774193548384,1.1340254047267053,8.87417210062659,0.07156590403731121,7.944841231774324,15.019542606225636,10794.484123177434,40,16,24,40.0,0.9683797358611856,-0.7014385950422171,-0.017535964876055427,-1.0169594539655602,8.685855465713352,9898.304054603444,-0.34665236558627877
60,2,3.5,1,2,0.05,12,0,0.0,3.0,6,0,132,56,76,42.42424242424242,0.9122135653772012,-2.6194043045015376,-0.019843972003799528,-2.8097534155989923,9.751499663487037,9719.024658440101,50,27,23,54.0,1.6478125999995805,6.384564658850152,0.12769129317700303,6.431510980709998,2.839651457404034,10643.151098070999,-0.35187748616233994
60,2,3.5,1,2,0.05,12,0,0.0,2.5,6,0,132,56,76,42.42424242424242,0.9122135653772012,-2.6194043045015376,-0.019843972003799528,-2.8097534155989923,9.751499663487037,9719.024658440101,50,27,23,54.0,1.5971153970703706,5.884914651850293,0.11769829303700587,5.915063304009571,2.839651457404029,10591.506330400958,-0.35187748616233994
60,2,3.5,1,2,0.15,24,0,0.1,1.0,6,0,177,76,101,42.93785310734463,0.9075940433936751,-3.4882541402086122,-0.019707650509653177,-3.6748565016147428,10.37792696992934,9632.514349838526,66,36,30,54.54545454545455,1.13517922941346,1.7427270644679873,0.026404955522242233,1.6640496932237347,3.7680772891596437,10166.404969322373,-0.35778332043463146
60,2,3.5,1,2,0.15,24,0,0.1,1.0,6,1,177,76,101,42.93785310734463,0.9075940433936751,-3.4882541402086122,-0.019707650509653177,-3.6748565016147428,10.37792696992934,9632.514349838526,66,36,30,54.54545454545455,1.13517922941346,1.7427270644679873,0.026404955522242233,1.6640496932237347,3.7680772891596437,10166.404969322373,-0.35778332043463146
60,2,3.5,1,0,0.05,24,1,0.25,2.5,24,1,231,62,169,26.83982683982684,1.1364519207647223,16.734083722233656,0.07244192087547037,15.578597594164133,21.726609051239254,11557.859759416413,80,19,61,23.75,0.9724602946977373,-1.1588548802809115,-0.014485686003511394,-1.8298653722007452,17.64044975510491,9817.013462779925,-0.367799638562776
60,2,3.5,1,0,0.05,12,1,0.1,2.0,24,1,195,53,142,27.17948717948718,0.9741096576596826,-2.6648560504645253,-0.013665928463920642,-4.067760600813397,22.975011692620033,9593.22393991866,70,20,50,28.571428571428573,0.9842316358895659,-0.5961719898184461,-0.008516742711692088,-1.1372657425062438,15.116472533851688,9886.273425749376,-0.37060624492576943
60,2,3.5,1,0,0.05,48,0,0.0,3.0,24,1,221,86,135,38.914027149321264,1.2987527301401025,23.049641269294302,0.10429701931807377,24.33787473964135,8.47968696724211,12433.787473964136,81,32,49,39.50617283950617,0.9420628664420814,-1.7256026063532346,-0.02130373588090413,-2.0766802192535017,9.914585599482699,9792.33197807465,-0.40045106644878714
60,2,3.5,1,0,0.15,24,0,0.0,2.0,72,1,191,69,122,36.12565445026178,1.2438316048567637,19.81617832629994,0.10374962474502587,20.330269726550366,9.068084879479105,12033.026972655036,61,19,42,31.147540983606557,0.9596177018859936,-1.1912236334789421,-0.019528256286540036,-1.5792739463661887,13.233198410781036,9842.07260536338,-0.41486869102436924
60,2,3.5,1,2,0.05,12,0,0.1,2.5,24,0,121,56,65,46.28099173553719,1.6541834066910375,25.880727551624464,0.21389031034400383,28.543580786723943,5.914936492912186,12854.358078672394,44,19,25,43.18181818181818,0.9392215067031817,-0.9958324907418397,-0.022632556607769083,-1.1848590544135562,7.196945112801501,9881.514094558645,-0.4359631051616029
60,2,3.5,1,2,0.05,12,0,0.1,1.0,24,0,126,65,61,51.58730158730159,1.2427670637010706,9.140552306463004,0.07254406592430955,9.173028888544476,7.0802100060927335,10917.302888854447,45,21,24,46.666666666666664,0.9358711292631123,-0.9860213779902705,-0.021911586177561566,-1.1120159436903254,8.55537574757098,9888.798405630967,-0.4498747644352813
60,2,3.5,1,2,0.05,12,0,0.1,1.0,24,1,126,65,61,51.58730158730159,1.2427670637010706,9.140552306463004,0.07254406592430955,9.173028888544476,7.0802100060927335,10917.302888854447,45,21,24,46.666666666666664,0.9358711292631123,-0.9860213779902705,-0.021911586177561566,-1.1120159436903254,8.55537574757098,9888.798405630967,-0.4498747644352813
60,2,3.5,1,2,0.15,24,0,0.0,1.5,72,0,145,62,83,42.758620689655174,0.9658460947991984,-2.4400133317954187,-0.016827678150313233,-3.208726924458283,18.22878137920091,9679.127307554172,48,22,26,45.833333333333336,1.1020659642479271,2.356640270474886,0.049096672301560125,2.092296571989438,5.811639745476311,10209.229657198945,-0.4556204783739184
60,2,3.5,1,0,0.05,48,1,0.25,2.0,24,0,258,92,166,35.65891472868217,1.0078804393124916,1.301999939535659,0.005046511393549066,-1.1176589553420824,33.84608488948052,9888.234104465791,93,31,62,33.333333333333336,0.9864507739729599,-0.7943668876031158,-0.008541579436592643,-1.6309536745759967,18.62874676537276,9836.9046325424,-0.4576920108551754
60,2,3.5,1,2,0.05,24,0,0.25,1.5,72,0,134,56,78,41.791044776119406,0.9652955940635769,-2.289677771583629,-0.01708714754913156,-3.006545911435732,17.599583669061197,9699.345408856427,42,19,23,45.23809523809524,1.1201729213498768,2.350290935826224,0.055959307995862476,2.128821167120498,8.39854400333349,10212.88211671205,-0.4579785753603177
60,2,3.5,1,0,0.15,12,0,0.0,1.0,6,0,214,92,122,42.99065420560748,1.0375396511951798,1.7087732809778484,0.007984921873728264,1.3786657329633911,11.907865836437253,10137.866573296338,73,37,36,50.68493150684932,0.9148430680046203,-1.4630157107357802,-0.02004131110596959,-1.5767926043343317,5.812096200234892,9842.320739566567,-0.4585104154535362
60,2,3.5,1,0,0.15,12,0,0.0,1.0,6,1,214,92,122,42.99065420560748,1.0375396511951798,1.7087732809778484,0.007984921873728264,1.3786657329633911,11.907865836437253,10137.866573296338,73,37,36,50.68493150684932,0.9148430680046203,-1.4630157107357802,-0.02004131110596959,-1.5767926043343317,5.812096200234892,9842.320739566567,-0.4585104154535362
60,2,3.5,1,0,0.05,24,0,0.1,2.0,24,1,206,86,120,41.74757281553398,1.3989864428724292,26.688957510454397,0.12955804616725436,29.2684475337887,7.634318540101721,12926.84475337887,70,30,40,42.857142857142854,0.9474724048627716,-1.440945819322552,-0.020584940276036457,-1.7363720172825725,12.1127835803264,9826.362798271743,-0.4640482449935549
60,2,3.5,1,2,0.05,12,0,0.25,2.5,6,1,132,54,78,40.90909090909091,0.8981868700729713,-2.8021500407762487,-0.021228409399820066,-2.9545234838483148,8.852906396379343,9704.547651615168,50,27,23,54.0,1.6911441151567783,6.111759129754665,0.1222351825950933,6.170421870067555,2.7059717563631227,10617.042187006755,-0.46445902034639186
60,2,3.5,1,2,0.05,12,0,0.25,3.0,6,1,132,54,78,40.90909090909091,0.8981868700729713,-2.8021500407762487,-0.021228409399820066,-2.9545234838483148,8.852906396379343,9704.547651615168,50,27,23,54.0,1.709575468575937,6.27474683385705,0.12549493667714098,6.337636446123307,2.7059717563631325,10633.76364461233,-0.46445902034639186
60,2,3.5,1,2,0.05,12,0,0.25,2.0,6,1,132,54,78,40.90909090909091,0.8981312834767989,-2.8036799218715696,-0.02123999940811795,-2.955979098742989,8.852906396379435,9704.4020901257,50,27,23,54.0,1.666874540262891,5.897144272042489,0.11794288544084978,5.952903474060944,2.7059717563631103,10595.290347406095,-0.46572919436853066
60,2,3.5,1,0,0.15,24,0,0.1,2.0,24,1,216,91,125,42.129629629629626,1.3556732857803047,24.77359120599534,0.11469255187960806,26.82702903204486,6.515212188338736,12682.702903204487,71,31,40,43.66197183098591,0.9446176308153605,-1.498616971008185,-0.02110728128180542,-1.7874281555262717,11.619934327062685,9821.257184447373,-0.49102231427197657
60,2,3.5,1,0,0.15,12,0,0.25,3.0,6,1,213,86,127,40.375586854460096,0.9631526398688617,-1.579879370313234,-0.007417274039029268,-1.892548053963583,11.856585348141492,9810.745194603642,73,36,37,49.31506849315068,0.9108465676842744,-1.483460385151745,-0.020321375139064998,-1.6032825054895672,7.347337947688291,9839.671749451043,-0.49143299010602326
60,2,3.5,1,2,0.05,24,1,0.0,2.5,72,1,163,34,129,20.858895705521473,0.9750151187785767,-2.1530596930396015,-0.013208955172022096,-3.5510508259140594,25.53025724757311,9644.894917408594,57,17,40,29.82456140350877,1.5337315159280327,14.716803037863395,0.25818952698005954,15.095837481900155,7.8351416568136045,11509.583748190016,-0.4966364134448009
60,2,3.5,1,2,0.05,24,0,0.25,1.5,6,0,165,70,95,42.42424242424242,0.9030766063967613,-3.3992488220232473,-0.020601508012262106,-3.5903842627586946,10.874573901113788,9640.961573724131,59,30,29,50.847457627118644,1.3543901600430344,3.816678390810967,0.06468946425103334,3.7869399581240692,3.0120540054541687,10378.693995812408,-0.4970375662773049
60,3,2.5,1,1,0.05,12,1,0.25,3.0,6,0,153,60,93,39.21568627450981,0.9717107451813304,-2.4130049244638254,-0.015771274016103433,-3.6751165439359856,21.352077534892896,9632.488345606402,58,21,37,36.206896551724135,1.0027966712890553,0.08812968205195615,0.0015194772767578647,-0.41982219379979036,13.836829504173764,9958.01778062002,-0.5070768189506843
60,2,3.5,1,2,0.05,12,0,0.0,2.5,6,1,132,54,78,40.90909090909091,0.9057075633177712,-2.807682157570357,-0.021270319375533007,-2.992299265600651,9.975701831243327,9700.770073439935,50,26,24,52.0,1.3424026660077795,3.3849146518502935,0.06769829303700586,3.331007765237892,4.042180798882819,10333.10077652379,-0.5209763575199254
60,2,3.5,1,2,0.05,12,0,0.0,3.0,6,1,132,54,78,40.90909090909091,0.9057075633177712,-2.807682157570357,-0.021270319375533007,-2.992299265600651,9.975701831243327,9700.770073439935,50,26,24,52.0,1.3423672622978906,3.384564658850153,0.06769129317700305,3.330654922658982,4.200485789994148,10333.065492265898,-0.5209763575199254
60,2,3.5,1,0,0.05,48,1,0.25,2.5,72,0,247,79,168,31.983805668016196,1.0842786418196644,14.454740188678368,0.05852121533877882,11.996195512489916,33.00084024288333,11199.619551248992,91,27,64,29.67032967032967,0.9863628099773954,-0.8828368262145045,-0.009701503584774776,-1.9600436738874905,20.98437610754668,9803.995632611251,-0.5252962953907822
60,2,3.5,1,2,0.05,24,0,0.1,1.5,72,0,134,56,78,41.791044776119406,0.964140367784953,-2.3739935314392415,-0.01771636963760628,-3.0900013688343497,17.75331114673043,9690.999863116565,43,19,24,44.18604651162791,1.008722438456455,0.1905509576155227,0.004431417618965644,-0.06704264024578466,8.843285355515395,9993.295735975422,-0.5301359336027215
60,2,3.5,1,0,0.15,12,0,0.25,3.0,6,0,213,88,125,41.31455399061033,0.9442758991732014,-2.4485410449190064,-0.011495497863469513,-2.7465787971351574,12.57515191523293,9725.342120286485,73,36,37,49.31506849315068,0.9108465676842744,-1.483460385151745,-0.020321375139064998,-1.6032825054895672,7.347337947688291,9839.671749451043,-0.5345469841315096
60,2,3.5,1,3,0.05,24,0,0.0,2.0,6,1,185,77,108,41.62162162162162,0.9098236803789463,-3.5476958923054784,-0.019176734553002586,-3.776390212486802,14.537165091865775,9622.36097875132,67,35,32,52.23880597014925,1.4522783700094068,6.01052750712053,0.08970936577791837,6.041520065949246,3.9797029990208377,10604.152006594924,-0.5483052295367017
60,2,3.5,1,2,0.05,24,1,0.1,2.0,6,1,166,55,111,33.13253012048193,0.9631902151672466,-2.609303914667583,-0.01571869828113002,-3.45608451077678,22.00128648385361,9654.391548922322,62,28,34,45.16129032258065,1.2412468444126394,6.226037854543165,0.1004199653958575,6.0268161693211475,6.635461326950047,10602.681616932114,-0.5512531141705721
60,2,3.5,1,3,0.05,24,0,0.0,2.0,6,0,185,79,106,42.7027027027027,0.9107754899556911,-3.7024430109063626,-0.020013205464358717,-3.953667354373025,13.699085011759157,9604.633264562697,67,35,32,52.23880597014925,1.4522783700094068,6.01052750712053,0.08970936577791837,6.041520065949246,3.9797029990208377,10604.152006594924,-0.5797638967124283
60,3,2.5,1,1,0.05,12,1,0.25,3.0,24,1,151,30,121,19.867549668874172,0.9734335127733936,-2.166106766925072,-0.014345077926656105,-3.631907999351025,25.048014998100122,9636.809200064898,56,14,42,25.0,1.0103320592991127,0.34781170309901444,0.006210923269625258,-0.28780331536132353,16.549406477739964,9971.219668463867,-0.5862165402213755
60,2,3.5,1,2,0.05,24,0,0.25,1.5,6,1,165,68,97,41.21212121212121,0.8991473846777834,-3.530587147417474,-0.021397497863136206,-3.716749853039414,11.041001392503052,9628.325014696058,59,30,29,50.847457627118644,1.3543901600430344,3.816678390810967,0.06468946425103334,3.7869399581240692,3.0120540054541687,10378.693995812408,-0.5944806442860266
60,2,3.5,1,0,0.05,12,0,0.1,2.5,72,0,152,53,99,34.86842105263158,1.0597420120174506,5.272702982860178,0.034688835413553804,3.8736663706517183,21.388039568117666,10387.366637065172,51,19,32,37.254901960784316,0.9722888362207548,-0.8431964155650525,-0.01653326305029515,-1.2848122327632328,9.647152006472112,9871.518776723677,-0.5969066348169223
60,2,3.5,1,3,0.05,24,0,0.25,1.0,6,1,185,81,104,43.78378378378378,0.9060159658340058,-3.588567319590454,-0.01939766118697543,-3.767509025457416,15.009735165114005,9623.249097454258,67,35,32,52.23880597014925,1.3160318151074129,3.8665954968751635,0.05771038055037558,3.8406167162257088,3.790248557852685,10384.06167162257,-0.6063675264187609
60,2,3.5,1,3,0.05,24,0,0.25,1.0,6,0,185,81,104,43.78378378378378,0.9060159658340058,-3.588567319590454,-0.01939766118697543,-3.767509025457416,15.009735165114005,9623.249097454258,67,35,32,52.23880597014925,1.3160318151074129,3.8665954968751635,0.05771038055037558,3.8406167162257088,3.790248557852685,10384.06167162257,-0.6063675264187609
60,2,3.5,1,0,0.15,12,0,0.25,1.5,6,1,213,86,127,40.375586854460096,0.9646955268165711,-1.5137260488612563,-0.007106695065076321,-1.8165335887645018,12.524271984788454,9818.34664112355,73,36,37,49.31506849315068,0.9078081994922886,-1.534017034864949,-0.021013931984451353,-1.6492702018760075,6.817004382028216,9835.0729798124,-0.6068266092274484
60,2,3.5,1,0,0.15,12,0,0.0,1.5,6,0,213,88,125,41.31455399061033,1.006517976462359,0.3082086791047917,0.001446989103778365,-0.086824751199166,10.589078904245296,9991.317524880084,73,36,37,49.31506849315068,0.907794628567968,-1.6200287835889204,-0.022192175117656445,-1.7454083953891475,7.169809767616922,9825.459160461085,-0.6085664795640091
60,2,3.5,1,2,0.05,24,0,0.25,2.0,24,0,150,65,85,43.333333333333336,1.2393517037727182,12.512352318431981,0.08341568212287988,12.522483510269344,9.141920727670644,11252.248351026934,51,23,28,45.09803921568628,0.9329562660154287,-1.1858423140682446,-0.0232518100797695,-1.3572307740543854,7.053284943411916,9864.276922594561,-0.6126593477481885
60,2,3.5,1,2,0.05,24,0,0.1,3.0,6,1,165,68,97,41.21212121212121,0.8969011320710931,-3.6338092314644026,-0.02202308625129941,-3.821864077027548,10.25498759287201,9617.813592297245,59,29,30,49.152542372881356,1.2141753167550586,2.4413033661398598,0.041378023154912874,2.364010758987889,4.409946883874191,10236.40107589879,-0.6143711603378652
60,2,3.5,1,2,0.05,24,0,0.1,2.5,6,1,165,68,97,41.21212121212121,0.8969011320710931,-3.6338092314644026,-0.02202308625129941,-3.821864077027548,10.25498759287201,9617.813592297245,59,29,30,49.152542372881356,1.2270587989434458,2.588157302955012,0.04386707293144088,2.5108850121753123,4.303213293516662,10251.088501217531,-0.6143711603378652
60,2,3.5,1,2,0.05,24,0,0.0,2.0,6,0,165,70,95,42.42424242424242,0.9072271335800531,-3.5139014130493016,-0.021296372200298796,-3.7459690706405313,11.882243331361758,9625.403092935947,59,30,29,50.847457627118644,1.433048810506786,5.171262189990291,0.08764851169475069,5.1547299716451,3.134483328821354,10515.47299716451,-0.6186830965292687
60,2,3.5,1,0,0.05,12,1,0.25,2.0,6,1,202,71,131,35.148514851485146,0.968157950410889,-2.865905547980555,-0.014187651227626509,-3.9346575856970767,26.12676912433155,9606.534241430292,72,27,45,37.5,1.095600409985473,2.8676198315693155,0.03982805321624049,2.4741027047116004,10.399715482261525,10247.41027047116,-0.6210094252859264
60,2,3.5,1,2,0.05,12,1,0.0,1.0,24,0,130,65,65,50.0,0.960709890177654,-2.5472471861414023,-0.019594209124164635,-3.1305699030482748,16.62250185449993,9686.943009695173,48,25,23,52.083333333333336,1.0990718868195388,2.2212661482837817,0.04627637808924545,2.006373141829143,8.122536570599046,10200.637314182914,-0.6461692135200885
60,2,3.5,1,2,0.05,12,1,0.0,1.0,24,1,130,65,65,50.0,0.960709890177654,-2.5472471861414023,-0.019594209124164635,-3.1305699030482748,16.62250185449993,9686.943009695173,48,25,23,52.083333333333336,1.0990718868195388,2.2212661482837817,0.04627637808924545,2.006373141829143,8.122536570599046,10200.637314182914,-0.6461692135200885
60,2,3.5,1,0,0.05,24,1,0.0,2.5,24,0,227,77,150,33.92070484581498,1.1929098598127839,28.931881753480923,0.1274532235836164,29.729276755627843,23.050376470967986,12972.927675562783,81,23,58,28.395061728395063,0.9756410023226801,-1.3411384851919386,-0.016557265249283193,-2.238954932664816,22.878509372281524,9776.104506733518,-0.6467951838146128
60,2,3.5,1,0,0.15,12,0,0.25,1.5,6,0,213,88,125,41.31455399061033,0.9457814219669757,-2.3823877234670294,-0.01118491888951657,-2.6712260420196254,13.237395407927819,9732.877395798037,73,36,37,49.31506849315068,0.9078081994922886,-1.534017034864949,-0.021013931984451353,-1.6492702018760075,6.817004382028216,9835.0729798124,-0.64961401461581
60,3,2.5,1,1,0.05,12,1,0.0,2.0,72,1,142,41,101,28.87323943661972,0.9760390517904457,-1.9761426500465082,-0.01391649753553879,-3.1360313642694426,26.993769648434164,9686.396863573056,56,17,39,30.357142857142858,1.0536383371288502,1.7109699187874479,0.030553034264061567,1.2266812911138514,12.403975444537314,10122.668129111385,-0.6548927020955824
60,2,3.5,1,2,0.05,24,0,0.1,2.0,6,1,165,68,97,41.21212121212121,0.8951552861130411,-3.6953430900462276,-0.022396018727552893,-3.8798535562572734,10.254987592871997,9612.014644374272,59,29,30,49.152542372881356,1.246256324737898,2.806982632846563,0.047575976827907845,2.734877191947338,4.1610929853008916,10273.487719194734,-0.6551560998793169
60,2,3.5,1,0,0.05,24,1,0.1,2.0,72,0,229,82,147,35.80786026200873,1.0594158120960993,8.95018353818763,0.03908377090911629,6.839636884712541,27.105396771737045,10683.963688471254,81,27,54,33.333333333333336,0.9787031102215283,-1.1663693582699939,-0.014399621707036962,-1.9518200182453982,22.26740561561477,9804.81799817546,-0.6682078318384369
60,2,3.5,1,2,0.05,12,0,0.25,2.5,24,0,120,56,64,46.666666666666664,1.6410838485375951,24.287365178590733,0.20239470982158944,26.59216379161393,5.474238601905106,12659.216379161393,44,19,25,43.18181818181818,0.9318775011834072,-1.1050282291605276,-0.025114277935466535,-1.289861903363676,7.065996482740798,9871.013809663633,-0.6909663311672549
60,2,3.5,1,0,0.05,12,0,0.25,2.0,72,1,157,57,100,36.30573248407644,1.265276972813232,17.15928199864623,0.10929478980029445,17.48457936469854,9.9105189340156,11748.457936469853,51,16,35,31.372549019607842,0.9544320047465953,-1.1897504528898104,-0.02332844025274138,-1.5273449774754755,11.09590537934423,9847.265502252452,-0.6946099666834586
60,2,3.5,1,2,0.05,24,1,0.0,3.0,6,1,164,49,115,29.878048780487806,0.9649031707723759,-2.5324701314710065,-0.015441891045554918,-3.5654935341839833,25.069597942615896,9643.450646581601,62,26,36,41.935483870967744,1.4188801225663217,10.951047076312319,0.1766297915534245,10.970856253644934,7.589392432910051,11097.085625364492,-0.7042451669285406
60,2,3.5,1,3,0.05,24,1,0.25,3.0,6,1,185,59,126,31.89189189189189,0.9675001750711435,-2.6205266502068425,-0.014165008920036987,-3.8098156322953214,27.535108231574423,9619.018436770468,67,27,40,40.298507462686565,1.4047086895623107,10.697138309915474,0.15965878074500706,10.714078549141014,6.552490099775031,11071.407854914101,-0.7116562652382665
60,2,3.5,1,0,0.05,48,1,0.25,2.0,72,1,256,71,185,27.734375,0.9747556222141114,-3.540839925468498,-0.01383140595886132,-5.436476108573074,29.333477349731872,9456.352389142692,93,27,66,29.032258064516128,1.0778532920877741,3.875785933153312,0.0416751175607883,3.1454090261692214,13.881574881497485,10314.540902616922,-0.739308514214821
60,2,3.5,1,2,0.05,12,0,0.0,1.5,24,0,123,58,65,47.15447154471545,1.390291590767626,15.519713867953215,0.12617653551181476,16.176043534442307,5.998162490729671,11617.60435344423,45,20,25,44.44444444444444,0.9306650399473485,-1.143830169177079,-0.025418448203935087,-1.2999380667517157,8.196296327145273,9870.006193324829,-0.7894283804786187
60,2,3.5,1,2,0.05,12,0,0.1,1.5,24,0,123,59,64,47.96747967479675,1.463826562970838,17.782620022966036,0.14457414652817915,18.838993654633065,6.334299245910086,11883.899365463307,45,20,25,44.44444444444444,0.9299611653119658,-1.1472553039294833,-0.025494562309544073,-1.3020584919720246,8.102565535981157,9869.794150802798,-0.7928236928404354
60,2,3.5,1,0,0.15,24,0,0.25,2.0,6,1,245,103,142,42.04081632653061,1.0247575575810923,1.2082540193075904,0.004931649058398328,0.807319527563588,10.831958968395238,10080.731952756358,83,40,43,48.19277108433735,0.8972861944317921,-1.9898179434013408,-0.023973710161461936,-2.121160608516315,7.786702696540722,9787.883939148369,-0.8096344855019919
60,2,3.5,1,0,0.15,12,0,0.1,1.5,6,1,213,85,128,39.906103286384976,0.9473050204852074,-2.3934460444412937,-0.011236835889395745,-2.707101428566605,12.730204605691197,9729.28985714334,73,36,37,49.31506849315068,0.9033576456882568,-1.6680970746880945,-0.022850644858741023,-1.7883863810521872,7.096988296001385,9821.161361894781,-0.8117549615186432
60,2,3.5,1,0,0.15,24,0,0.1,2.0,6,1,245,102,143,41.63265306122449,1.0072779129494263,0.37395334739657315,0.0015263401934554007,-0.060967940281986266,10.786280363688117,9993.903205971801,83,40,43,48.19277108433735,0.9002869512629919,-2.0000565874693494,-0.024097067318907824,-2.1404177793231116,8.02361418573301,9785.95822206769,-0.8132279713017545
60,2,3.5,1,0,0.05,24,1,0.0,2.5,6,1,234,71,163,30.34188034188034,0.9703167841423535,-3.3758931279503424,-0.014426893709189497,-4.9717279874695315,29.446925222785957,9502.827201253047,88,28,60,31.818181818181817,0.9807137821226422,-0.8361511895706122,-0.009501718063302411,-1.4841438293743736,18.404212297937324,9851.585617062563,-0.820007679028186
60,2,3.5,1,3,0.05,24,0,0.1,3.0,6,0,185,79,106,42.7027027027027,0.8946341363148783,-4.256468697184912,-0.02300793890370223,-4.473416237453964,12.412279057048623,9552.658376254603,67,35,32,52.23880597014925,1.491878370583309,6.303461517827244,0.0940815151914514,6.353319545550162,3.9409351728732043,10635.331954555017,-0.834311590645773
60,2,3.5,1,3,0.05,24,0,0.0,3.0,6,0,185,79,106,42.7027027027027,0.8982559242727844,-4.221952486937582,-0.0228213647942572,-4.4565878588256,12.852562117346627,9554.34121411744,67,35,32,52.23880597014925,1.4920033921803584,6.5384509151634855,0.09758881962930575,6.590525846539452,3.9797029990208364,10659.052584653946,-0.834827587403338
60,2,3.5,1,0,0.15,24,0,0.0,2.5,6,0,245,104,141,42.44897959183673,1.004483602193408,0.2435359146290867,0.000994024141343211,-0.2411795713205045,10.917584417219341,9975.88204286795,83,40,43,48.19277108433735,0.9008077592693711,-2.024872923253744,-0.024396059316310167,-2.170557333542533,8.358885324425007,9782.944266645747,-0.8499637982411037
60,2,3.5,1,0,0.15,12,0,0.1,1.5,6,0,213,87,126,40.84507042253521,0.9304670155735444,-3.232189564141709,-0.015174598892684079,-3.5252525526448864,13.413306844529505,9647.474744735511,73,36,37,49.31506849315068,0.9033576456882568,-1.6680970746880945,-0.022850644858741023,-1.7883863810521872,7.096988296001385,9821.161361894781,-0.8527410958489416
60,2,3.5,1,0,0.15,24,0,0.25,2.0,6,0,245,105,140,42.857142857142854,1.006809886431071,0.3395923447018171,0.0013860912028645597,-0.07021371079445338,11.55887853909056,9992.978628920555,83,40,43,48.19277108433735,0.8972861944317921,-1.9898179434013408,-0.023973710161461936,-2.121160608516315,7.786702696540722,9787.883939148369,-0.8532496597437114
60,2,3.5,1,0,0.15,24,0,0.1,2.0,6,0,245,104,141,42.44897959183673,0.9911376456683078,-0.4647901723038398,-0.0018971027440973052,-0.9013708126350717,11.542376403845052,9909.862918736493,83,40,43,48.19277108433735,0.9002869512629919,-2.0000565874693494,-0.024097067318907824,-2.1404177793231116,8.02361418573301,9785.95822206769,-0.8585937337111706
60,2,3.5,1,2,0.15,24,0,0.1,1.5,6,1,177,72,105,40.67796610169491,0.8888788398622769,-4.205432760248112,-0.02375950712004583,-4.391675392538652,11.406626051967434,9560.832460746135,66,35,31,53.03030303030303,1.1355851725018162,1.7514096847711778,0.026536510375320874,1.6612505004170774,4.011374757250113,10166.125050041708,-0.8621213334589786
60,2,3.5,1,3,0.05,24,0,0.25,1.5,6,0,185,79,106,42.7027027027027,0.8927684034231529,-4.224341554868084,-0.022834278674962617,-4.414693578814644,13.318516087305923,9558.530642118536,67,35,32,52.23880597014925,1.4026078298315485,4.925838309362144,0.07351997476659916,4.932300122789246,3.7902485578526797,10493.230012278924,-0.8750512553707004
60,2,3.5,1,2,0.15,24,0,0.25,1.5,72,1,149,58,91,38.92617449664429,0.9538488508132177,-3.071015592521498,-0.020610842902828847,-3.760387371256424,18.627104210693407,9623.961262874358,48,20,28,41.666666666666664,1.3024364985271473,5.358364942033934,0.1116326029590403,5.248563763230507,5.422110769220455,10524.85637632305,-0.8818308114869908
60,2,3.5,1,0,0.05,48,1,0.0,2.0,72,1,255,70,185,27.45098039215686,0.9680836462190688,-4.431417881138429,-0.017378109337797758,-6.247935385413472,25.624903661179644,9375.206461458652,95,25,70,26.31578947368421,0.9886267216177327,-0.5709902196790566,-0.006010423365042701,-1.3043735160306769,20.158839327990382,9869.562648396932,-0.8827030418656331
60,2,3.5,1,0,0.15,24,0,0.0,3.0,6,0,245,104,141,42.44897959183673,0.9905491406771418,-0.51334252459052,-0.002095275610573551,-0.9838536046038793,11.580775868272966,9901.614639539612,83,40,43,48.19277108433735,0.9007906141984261,-2.0252229162538846,-0.024400276099444392,-2.1708913900236215,8.663553417003438,9782.910860997637,-0.8902112537596336
60,2,3.5,1,2,0.05,24,1,0.1,1.5,72,1,165,58,107,35.15151515151515,0.9835122734184679,-1.432854805967701,-0.008683968521016371,-2.471455127164679,19.105356467589047,9752.854487283532,58,19,39,32.758620689655174,0.9592024930950199,-1.2030996613334404,-0.020743097609197247,-1.5492164473455694,11.438658158180298,9845.078355265443,-0.8944724183944553
60,2,3.5,1,0,0.05,12,1,0.1,2.0,72,0,192,66,126,34.375,0.9859696863271837,-1.8214370611005817,-0.009486651359898863,-3.672019434950957,30.46458729599269,9632.798056504904,69,23,46,33.333333333333336,0.9783084709707185,-1.0116692723510894,-0.014661873512334628,-1.6821052394771274,19.79905215244985,9831.789476052287,-0.9125961228466513
60,3,3.5,1,1,0.05,12,0,0.0,2.5,6,1,92,42,50,45.65217391304348,0.897808430632733,-2.48512886897093,-0.027012270314901412,-2.659631109023086,5.370056533830833,9734.036889097692,33,13,20,39.39393939393939,1.1860439652531336,1.388880769672813,0.0420872960506913,1.296766381789305,6.22260742707992,10129.676638178931,-0.926330563387854
60,3,3.5,1,1,0.05,12,0,0.0,2.5,6,0,92,42,50,45.65217391304348,0.897808430632733,-2.48512886897093,-0.027012270314901412,-2.659631109023086,5.370056533830833,9734.036889097692,33,13,20,39.39393939393939,1.1860439652531336,1.388880769672813,0.0420872960506913,1.296766381789305,6.22260742707992,10129.676638178931,-0.926330563387854
60,2,3.5,1,2,0.05,24,0,0.0,2.5,6,1,165,68,97,41.21212121212121,0.8892551826353152,-4.076997751592594,-0.024709077282379355,-4.266134407920474,11.177133404268796,9573.386559207953,59,29,30,49.152542372881356,1.198329585701023,2.3743464902152693,0.04024316085110626,2.284486729139501,4.473893019493698,10228.44867291395,-0.9535909110012228
60,2,3.5,1,2,0.05,24,0,0.0,3.0,6,1,165,68,97,41.21212121212121,0.8892551826353152,-4.076997751592594,-0.024709077282379355,-4.266134407920474,11.177133404268796,9573.386559207953,59,29,30,49.152542372881356,1.1983003507233136,2.373996497215129,0.04023722876635812,2.284137460097546,4.584919416547478,10228.413746009754,-0.9535909110012228
60,2,3.5,1,0,0.05,48,0,0.1,3.0,24,1,220,87,133,39.54545454545455,1.3235007225914819,24.00290779100906,0.10910412632276846,25.615278874308412,7.512100991244027,12561.52788743084,81,32,49,39.50617283950617,0.9271830301283325,-2.155818944178505,-0.026615048693561794,-2.489897083257253,9.976611618078909,9751.010291674274,-0.9650635814578236
60,2,3.5,1,0,0.05,48,0,0.1,1.5,24,0,229,100,129,43.66812227074236,1.1664993862616817,13.82761929528221,0.06038261700996598,13.707500480519275,8.884175507454849,11370.750048051928,82,37,45,45.1219512195122,0.9332736683120962,-2.1730134715691953,-0.026500164287429212,-2.473018703300345,10.745568561607682,9752.698129669965,-0.9863191450355295
60,2,3.5,1,2,0.05,24,1,0.1,2.5,72,0,161,47,114,29.19254658385093,0.9776132722823312,-2.6098076210483065,-0.016209985223902525,-4.4939309998669135,28.812631414559526,9550.606900013308,56,19,37,33.92857142857143,1.260147096151518,9.747372803971249,0.17406022864234375,9.394682941598532,11.154510108310545,10939.468294159853,-0.9902247359157066
60,2,3.5,1,0,0.05,48,1,0.25,2.5,6,0,266,105,161,39.473684210526315,0.9673925368410841,-4.160229067582479,-0.015639958900686014,-5.747042931432866,30.591388663233193,9425.295706856714,100,41,59,41.0,1.1128528009135845,5.413863705268495,0.05413863705268495,4.773403033616264,13.29216992369815,10477.340303361627,-1.0031820844962989
60,3,3.5,1,1,0.05,12,0,0.25,3.0,6,1,92,43,49,46.73913043478261,0.8842661800180485,-2.604118553306966,-0.02830563644898876,-2.7471156364033633,4.870348990381903,9725.288436359664,33,13,20,39.39393939393939,1.1738708301561656,1.241773518978749,0.037629500575113606,1.1527676586744917,5.9200206505149815,10115.27676586745,-1.0645964714320622
60,3,3.5,1,1,0.05,12,0,0.25,3.0,6,0,92,43,49,46.73913043478261,0.8842661800180485,-2.604118553306966,-0.02830563644898876,-2.7471156364033633,4.870348990381903,9725.288436359664,33,13,20,39.39393939393939,1.1738708301561656,1.241773518978749,0.037629500575113606,1.1527676586744917,5.9200206505149815,10115.27676586745,-1.0645964714320622
60,2,3.5,1,0,0.05,48,1,0.25,2.0,24,1,260,75,185,28.846153846153847,0.9688925511487207,-4.386238526392338,-0.01687014817843207,-6.199273900231761,29.796015722000806,9380.072609976824,94,28,66,29.78723404255319,1.078331138642797,3.7681753552563197,0.04008697186442893,3.076220884858638,12.975272401607626,10307.622088485863,-1.0816029697057596
60,2,3.5,1,0,0.15,24,0,0.1,2.5,6,1,245,102,143,41.63265306122449,0.9942499049780257,-0.29545108553202815,-0.001205922798089911,-0.7200800283737041,11.085989718744349,9927.99199716263,83,40,43,48.19277108433735,0.8893773895430525,-2.218881917360901,-0.02673351707663736,-2.3537803854050243,8.339274587749694,9764.621961459497,-1.116674631817961
60,2,3.5,1,0,0.05,24,0,0.0,2.0,24,0,205,90,115,43.90243902439025,1.3277908453020404,24.80419731507148,0.12099608446376332,26.71070053285025,8.506317759820528,12671.070053285026,70,31,39,44.285714285714285,0.934771880063093,-1.864318976525066,-0.026633128236072372,-2.160818966535538,12.662121557625774,9783.918103346447,-1.1272283692344662
60,3,3.5,1,1,0.05,12,0,0.25,2.0,6,0,92,43,49,46.73913043478261,0.8817216631085895,-2.6613725495386533,-0.028927962494985363,-2.793006514834584,4.8507387463531275,9720.699348516542,33,13,20,39.39393939393939,1.0636516303044488,0.4545955689111143,0.013775623300336798,0.3799875129139263,5.920020650514978,10037.998751291392,-1.13191810985064
60,3,3.5,1,1,0.05,12,0,0.25,2.0,6,1,92,43,49,46.73913043478261,0.8817216631085895,-2.6613725495386533,-0.028927962494985363,-2.793006514834584,4.8507387463531275,9720.699348516542,33,13,20,39.39393939393939,1.0636516303044488,0.4545955689111143,0.013775623300336798,0.3799875129139263,5.920020650514978,10037.998751291392,-1.13191810985064
60,2,3.5,1,0,0.05,24,1,0.0,2.0,72,0,227,81,146,35.68281938325991,1.0424334932979005,6.408991009802753,0.028233440571818293,4.174197926884582,30.993228016166725,10417.419792688457,81,27,54,33.333333333333336,0.9753744062488289,-1.3526213635153923,-0.016699029179202376,-2.1354022642202097,24.654401050480658,9786.459773577979,-1.1380758616661577
60,2,3.5,1,3,0.05,24,0,0.25,3.0,6,0,185,79,106,42.7027027027027,0.8785681034110437,-4.7837561243392654,-0.025858141212644677,-4.959327287024262,12.262054270035346,9504.067271297574,67,35,32,52.23880597014925,1.484432647627899,5.926951035675683,0.08846195575635347,5.969600229180827,3.790248557852707,10596.960022918083,-1.1424504001268905
60,2,3.5,1,0,0.05,48,0,0.1,2.5,24,0,224,96,128,42.857142857142854,1.3193133150406686,26.523804878885237,0.1184098432093091,28.66842326148047,8.673880558099025,12866.842326148048,81,35,46,43.20987654320987,0.9319632745142635,-2.28451710038211,-0.02820391481953222,-2.656486085612575,10.581621053968487,9734.351391438742,-1.1506902714363787
60,2,3.5,1,3,0.05,24,0,0.0,2.5,6,0,185,79,106,42.7027027027027,0.8862065139535062,-4.7219524869375835,-0.02552406749695991,-4.9206272371072,13.275823564552988,9507.93727628928,67,35,32,52.23880597014925,1.527526069894916,7.010527507120525,0.10463473891224664,7.083758037138432,3.979702999020841,10708.375803713843,-1.154592365144547
60,2,3.5,1,3,0.05,24,0,0.1,2.5,6,0,185,79,106,42.7027027027027,0.8822569909414371,-4.756468697184891,-0.025710641606404818,-4.937345658757508,12.8376530115006,9506.265434124249,67,35,32,52.23880597014925,1.5464369902030966,7.002634687062701,0.10451693562780151,7.082984244203194,3.9409351728732047,10708.29842442032,-1.154858588930033
60,2,3.5,1,0,0.15,24,0,0.1,2.5,6,0,245,104,141,42.44897959183673,0.9783738231321882,-1.1341946052324419,-0.00462936573564262,-1.5549403246115978,11.839545689307808,9844.50596753884,83,40,43,48.19277108433735,0.8893773895430525,-2.218881917360901,-0.02673351707663736,-2.3537803854050243,8.339274587749694,9764.621961459497,-1.1618879900517687
60,2,3.5,1,0,0.05,24,1,0.1,3.0,72,0,221,64,157,28.959276018099548,1.1560769928281134,25.150475422554962,0.11380305621065594,24.118151234749252,31.675816691215708,12411.815123474926,77,20,57,25.974025974025974,0.9779074645549821,-1.2771287216160947,-0.016586087293715517,-2.3590078323846297,25.059532059544452,9764.099216761537,-1.1676719190655707
60,2,3.5,1,2,0.15,24,0,0.25,1.0,6,0,177,75,102,42.3728813559322,0.8743325662511946,-4.712603860109153,-0.026624880565588437,-4.839130186142482,11.355938198489108,9516.086981385752,66,36,30,54.54545454545455,1.1174777547339971,1.4401099890227593,0.021819848318526656,1.3662315911892486,3.512056700492331,10136.623159118924,-1.174709954026704
60,2,3.5,1,2,0.15,24,0,0.25,1.0,6,1,177,75,102,42.3728813559322,0.8743325662511946,-4.712603860109153,-0.026624880565588437,-4.839130186142482,11.355938198489108,9516.086981385752,66,36,30,54.54545454545455,1.1174777547339971,1.4401099890227593,0.021819848318526656,1.3662315911892486,3.512056700492331,10136.623159118924,-1.174709954026704
60,2,3.5,1,3,0.05,24,0,0.25,1.5,6,1,185,77,108,41.62162162162162,0.8799375030020226,-4.593145698064573,-0.02482781458413283,-4.751366849893124,14.600018084458952,9524.863315010687,67,35,32,52.23880597014925,1.4026078298315485,4.925838309362144,0.07351997476659916,4.932300122789246,3.7902485578526797,10493.230012278924,-1.1769567669591645
60,2,3.5,1,0,0.15,24,0,0.0,1.5,6,1,245,103,142,42.04081632653061,1.0851341962348728,4.391700602129702,0.017925308580121233,4.013153828819349,9.505082468921044,10401.315382881936,83,40,43,48.19277108433735,0.8829545592449278,-2.3444314609420935,-0.028246162180025222,-2.4669007385387687,7.85147024141245,9753.309926146123,-1.1859303677635977
60,2,3.5,1,2,0.05,24,0,0.1,3.0,72,0,122,46,76,37.704918032786885,1.1332614267330057,8.560694755503269,0.07016962914346941,7.665896343205425,15.29009798107181,10766.589634320542,40,16,24,40.0,0.9539482642238793,-1.0202743887340582,-0.025506859718351454,-1.3275464282902383,8.534598285422923,9867.245357170976,-1.1888381155812646
60,2,3.5,1,2,0.15,24,0,0.0,1.0,6,0,178,77,101,43.258426966292134,0.8823755444410858,-4.709794137066285,-0.026459517623967893,-4.861162285407394,12.176261682694177,9513.883771459261,66,36,30,54.54545454545455,1.097410809318771,1.3133344797238335,0.019899007268542934,1.2236669880824058,3.8771296539857802,10122.36669880824,-1.191307112537172
60,2,3.5,1,2,0.15,24,0,0.0,1.0,6,1,178,77,101,43.258426966292134,0.8823755444410858,-4.709794137066285,-0.026459517623967893,-4.861162285407394,12.176261682694177,9513.883771459261,66,36,30,54.54545454545455,1.097410809318771,1.3133344797238335,0.019899007268542934,1.2236669880824058,3.8771296539857802,10122.36669880824,-1.191307112537172
60,2,3.5,1,2,0.05,24,0,0.1,2.5,6,0,165,70,95,42.42424242424242,0.8768209839454034,-4.472552751164814,-0.027106380310089783,-4.630559707891191,10.95738864529443,9536.944029210881,59,30,29,50.847457627118644,1.4473820335371481,5.088157302955012,0.08623995428737309,5.07430925860104,3.227090002891565,10507.430925860104,-1.205004925613627
60,2,3.5,1,2,0.05,24,0,0.1,3.0,6,0,165,70,95,42.42424242424242,0.8768209839454034,-4.472552751164814,-0.027106380310089783,-4.630559707891191,10.95738864529443,9536.944029210881,59,30,29,50.847457627118644,1.47843280388018,5.44130336613986,0.09222548078203154,5.435712505897583,3.227090002891581,10543.571250589759,-1.205004925613627
60,2,3.5,1,0,0.15,24,0,0.25,2.5,6,1,245,103,142,42.04081632653061,1.0056816793155736,0.27728550552585596,0.0011317775735749222,-0.1153169368075746,11.22306225668136,9988.468306319242,83,40,43,48.19277108433735,0.8825546989629657,-2.2752030856891627,-0.02741208536974895,-2.398752064726073,8.133282698288708,9760.124793527393,-1.206401194565514
60,2,3.5,1,2,0.05,12,0,0.25,2.0,72,0,111,49,62,44.14414414414414,1.4079552194420972,20.007605980323884,0.1802487025254404,21.11371184816868,8.332541674798591,12111.371184816868,38,15,23,39.473684210526315,0.9423370359627395,-1.1235620213032287,-0.02956742161324286,-1.3571744847983847,8.97543298415412,9864.282551520162,-1.2442379038350895
60,2,3.5,1,2,0.05,24,0,0.1,2.0,6,0,165,70,95,42.42424242424242,0.8751262738825254,-4.534086609746641,-0.027479312786343277,-4.6880615935735666,10.957388645294513,9531.193840642643,59,30,29,50.847457627118644,1.422659430008519,4.806982632846563,0.08147428191265361,4.790097572621077,3.083371532616206,10479.009757262107,-1.2456875933647378
60,2,3.5,1,0,0.15,24,0,0.25,2.5,6,0,245,105,140,42.857142857142854,0.9881410620342101,-0.5913761690799152,-0.0024137802819588377,-0.9848185742042936,11.946793458190436,9901.51814257957,83,40,43,48.19277108433735,0.8825546989629657,-2.2752030856891627,-0.02741208536974895,-2.398752064726073,8.133282698288708,9760.124793527393,-1.2498250666560584
60,2,3.5,1,3,0.05,24,1,0.1,2.5,72,1,181,40,141,22.099447513812155,0.968582618979294,-3.1279675881559013,-0.017281588884839234,-4.6986910870039145,31.329263871064235,9530.130891299608,60,16,44,26.666666666666668,1.3425751218615618,10.158743863385256,0.1693123977230876,9.989126344532039,8.792415462251602,10998.912634453203,-1.2596620963718583
60,2,3.5,1,0,0.15,24,0,0.1,3.0,6,1,245,102,143,41.63265306122449,1.0039809489706712,0.20454891446797185,0.0008348935284407014,-0.23565761269191965,10.65214630246521,9976.434238730808,83,40,43,48.19277108433735,0.8820559698139243,-2.365735854176054,-0.028502841616578962,-2.4936847046464594,8.626612284966727,9750.631529535354,-1.282219320293629
60,3,2.5,1,1,0.05,12,0,0.1,3.0,24,0,146,55,91,37.67123287671233,0.9591420988212507,-3.070779612261129,-0.021032737070281703,-4.138879276525187,25.47944641848352,9586.112072347481,47,16,31,34.04255319148936,1.1800446334866068,4.047871254407123,0.08612492030653453,3.671502044557351,9.278773240644139,10367.150204455735,-1.326636193403891
60,2,3.5,1,0,0.15,24,0,0.1,3.0,6,0,245,104,141,42.44897959183673,0.9879075384082274,-0.6341946052324422,-0.002588549409112009,-1.0745914924054856,11.409379143474577,9892.540850759451,83,40,43,48.19277108433735,0.8820559698139243,-2.365735854176054,-0.028502841616578962,-2.4936847046464594,8.626612284966727,9750.631529535354,-1.327653290754191
60,2,3.5,1,2,0.05,24,0,0.25,2.5,6,0,165,70,95,42.42424242424242,0.8639038430025126,-4.773096402808392,-0.028927856986717525,-4.8970325643768025,10.661075836178782,9510.29674356232,59,30,29,50.847457627118644,1.4832301434929576,5.204247336421787,0.08820758197325063,5.204601583254598,3.127761865050147,10520.460158325459,-1.3952081066152442
60,2,3.5,1,2,0.05,24,0,0.25,3.0,6,0,165,70,95,42.42424242424242,0.8639038430025126,-4.773096402808392,-0.028927856986717525,-4.8970325643768025,10.661075836178782,9510.29674356232,59,30,29,50.847457627118644,1.4983640459671503,5.36723504052417,0.09097008543261305,5.370295027276151,3.1277618650501484,10537.029502727615,-1.3952081066152442
60,2,3.5,1,0,0.05,24,1,0.1,3.0,6,1,236,71,165,30.084745762711865,0.9522101181375535,-5.309644201379774,-0.022498492378727857,-6.801218191764324,24.973304133811595,9319.878180823567,87,29,58,33.333333333333336,1.0969634004859756,4.145433609650567,0.047648662179891575,3.4188450538249926,14.743531354822458,10341.884505382499,-1.3960935681785536
60,2,3.5,1,2,0.05,24,0,0.25,2.0,6,0,165,70,95,42.42424242424242,0.8638602212274289,-4.774626283903713,-0.028937128993355835,-4.898459042981429,10.661075836178718,9510.154095701857,59,30,29,50.847457627118644,1.463302503282206,4.98963247870961,0.0845700420120273,4.989061927427363,3.012054005454168,10498.906192742736,-1.3962225508292387
60,2,3.5,1,0,0.15,24,0,0.25,1.5,72,0,185,79,106,42.7027027027027,0.9993569894227972,-0.059629287730738945,-0.00032232047422021054,-1.1516223223620559,22.348512081488686,9884.837767763795,59,24,35,40.67796610169491,0.9545028446479098,-1.4016397394112858,-0.023756605752733657,-1.740929680087011,11.747180415544658,9825.907031991299,-1.398131154644657
60,2,3.5,1,2,0.15,24,0,0.1,1.5,6,0,177,74,103,41.80790960451977,0.870359569092353,-5.044176279948529,-0.02849817107315553,-5.195579872930867,12.1000136556869,9480.442012706913,66,36,30,54.54545454545455,1.25220418311975,3.2514096847711773,0.0492637831025936,3.1865572876355053,3.2257206221298933,10318.655728763551,-1.4146295265329645
60,2,3.5,1,0,0.05,48,1,0.0,2.5,24,0,254,85,169,33.46456692913386,1.1192436391313039,20.220961728902342,0.07961008554685961,18.66269883289724,24.781068728986998,11866.269883289724,94,27,67,28.72340425531915,0.9660035696061603,-2.18189132114395,-0.02321160979940372,-3.193925232678152,22.847384049594673,9680.607476732184,-1.4206302753072175
60,2,3.5,1,0,0.05,48,0,0.1,1.0,24,0,235,116,119,49.361702127659576,1.120886563847274,9.539928719520589,0.04059544135966208,9.196685647576741,10.955858375455229,10919.668564757674,83,39,44,46.98795180722892,0.9187461763789182,-2.5395127384914886,-0.030596539017969743,-2.7710992481658647,10.177510784521232,9722.890075183414,-1.4364313716821204
60,2,3.5,1,0,0.05,48,0,0.1,1.0,24,1,235,116,119,49.361702127659576,1.120886563847274,9.539928719520589,0.04059544135966208,9.196685647576741,10.955858375455229,10919.668564757674,83,39,44,46.98795180722892,0.9187461763789182,-2.5395127384914886,-0.030596539017969743,-2.7710992481658647,10.177510784521232,9722.890075183414,-1.4364313716821204
60,2,3.5,1,0,0.05,12,1,0.1,2.0,72,1,195,52,143,26.666666666666668,0.9571697255852687,-4.491343508000543,-0.023032530810259192,-5.829792180826077,24.615744808129072,9417.020781917392,70,19,51,27.142857142857142,0.9989906670192443,-0.03807810260160038,-0.0005439728943085769,-0.5970505608092758,15.042765990575132,9940.294943919072,-1.4395903306389943
60,2,3.5,1,3,0.05,24,0,0.0,2.5,6,1,185,77,108,41.62162162162162,0.8712003664486292,-5.0672053683366975,-0.027390299288306472,-5.210030734777504,14.537165091865775,9478.99692652225,67,35,32,52.23880597014925,1.527526069894916,7.010527507120525,0.10463473891224664,7.083758037138432,3.979702999020841,10708.375803713843,-1.4469083309277249
60,2,3.5,1,3,0.05,24,0,0.0,3.0,6,1,185,77,108,41.62162162162162,0.8712003664486292,-5.0672053683366975,-0.027390299288306472,-5.210030734777504,14.537165091865775,9478.99692652225,67,35,32,52.23880597014925,1.4920033921803584,6.5384509151634855,0.09758881962930575,6.590525846539452,3.9797029990208364,10659.052584653946,-1.4469083309277249
60,2,3.5,1,3,0.05,24,0,0.1,2.0,6,1,185,77,108,41.62162162162162,0.8663493117076407,-5.112061932834379,-0.027632767204510158,-5.236422323483203,14.105253181513453,9476.35776765168,67,35,32,52.23880597014925,1.4684039334148236,6.002634687062705,0.0895915624934732,6.040756780942602,3.9409351728731843,10604.07567809426,-1.4549425174089305
60,2,3.5,1,3,0.05,24,0,0.1,2.5,6,1,185,77,108,41.62162162162162,0.8663493117076407,-5.112061932834379,-0.027632767204510158,-5.236422323483203,14.105253181513453,9476.35776765168,67,35,32,52.23880597014925,1.5464369902030966,7.002634687062701,0.10451693562780151,7.082984244203194,3.9409351728732047,10708.29842442032,-1.4549425174089305
60,2,3.5,1,3,0.05,24,0,0.1,3.0,6,1,185,77,108,41.62162162162162,0.8663493117076407,-5.112061932834379,-0.027632767204510158,-5.236422323483203,14.105253181513453,9476.35776765168,67,35,32,52.23880597014925,1.491878370583309,6.303461517827244,0.0940815151914514,6.353319545550162,3.9409351728732043,10635.331954555017,-1.4549425174089305
60,2,3.5,1,0,0.05,24,0,0.1,2.0,24,0,204,90,114,44.11764705882353,1.3432403784829259,25.294102093957747,0.12399069653900856,27.370983286818063,8.558098319225966,12737.098328681806,70,31,39,44.285714285714285,0.9267418045286143,-2.082399543139041,-0.0297485649019863,-2.3702334654200796,12.679710727391896,9762.976653457992,-1.4558875370807836
60,2,3.5,1,3,0.05,24,0,0.25,2.5,6,0,185,79,106,42.7027027027027,0.865875995637079,-5.283756124339269,-0.0285608439153474,-5.420865401162778,12.688128758511322,9457.913459883723,67,35,32,52.23880597014925,1.5660755705677172,6.925838309362141,0.10337072103525584,7.010237744247849,3.790248557852665,10701.023774424784,-1.463669355253651
60,2,3.5,1,3,0.05,24,0,0.1,2.0,6,0,185,79,106,42.7027027027027,0.8698798455679952,-5.256468697184911,-0.028413344309107625,-5.401275080061241,13.263026965952665,9459.872491993876,67,35,32,52.23880597014925,1.4684039334148236,6.002634687062705,0.0895915624934732,6.040756780942602,3.9409351728731843,10604.07567809426,-1.4754055872143212
60,2,3.5,1,2,0.05,24,0,0.25,3.0,6,1,165,68,97,41.21212121212121,0.859902886300897,-4.904434728202621,-0.029723846837591644,-5.021685510304819,10.733434491810494,9497.831448969519,59,30,29,50.847457627118644,1.4983640459671503,5.36723504052417,0.09097008543261305,5.370295027276151,3.1277618650501484,10537.029502727615,-1.48715052444379
60,2,3.5,1,2,0.05,24,0,0.25,2.5,6,1,165,68,97,41.21212121212121,0.859902886300897,-4.904434728202621,-0.029723846837591644,-5.021685510304819,10.733434491810494,9497.831448969519,59,30,29,50.847457627118644,1.4832301434929576,5.204247336421787,0.08820758197325063,5.204601583254598,3.127761865050147,10520.460158325459,-1.48715052444379
60,2,3.5,1,2,0.05,24,0,0.25,2.0,6,1,165,68,97,41.21212121212121,0.8598591846435939,-4.905964609297942,-0.02973311884422995,-5.023110119201757,10.733434491810586,9497.688988079824,59,30,29,50.847457627118644,1.463302503282206,4.98963247870961,0.0845700420120273,4.989061927427363,3.012054005454168,10498.906192742736,-1.4881651284222324
60,2,3.5,1,0,0.05,48,0,0.25,2.5,24,1,222,92,130,41.44144144144144,1.3402067010479672,23.895665977352508,0.1076381350331194,25.65637367366591,7.672152268284982,12565.637367366591,81,33,48,40.74074074074074,0.9171494070373973,-2.49793297678373,-0.03083867872572506,-2.808380173053082,11.362350434709459,9719.161982694692,-1.4906381598538534
60,2,3.5,1,0,0.05,12,1,0.25,2.5,72,0,189,58,131,30.687830687830687,1.047982488499201,6.451818335621446,0.03413660495037802,4.123902420966696,31.539215122365043,10412.39024209667,67,19,48,28.35820895522388,0.9725920294393491,-1.33090815001511,-0.01986430074649418,-2.132572460521498,18.151898850228037,9786.74275394785,-1.5116481525950118
60,2,3.5,1,0,0.05,48,1,0.25,2.0,6,1,270,97,173,35.925925925925924,0.9537304871237496,-5.473397180563316,-0.02027184140949376,-6.727841775568577,30.894618275358347,9327.215822443142,100,37,63,37.0,1.1007468077230185,3.9977064437920777,0.039977064437920776,3.5111417735640194,10.706926542503115,10351.114177356401,-1.5118882115392518
60,2,3.5,1,0,0.15,24,0,0.0,1.0,6,1,246,109,137,44.3089430894309,1.0754312727942683,3.8849077039327184,0.015792307739563895,3.5501250341483104,10.063185339176837,10355.012503414831,83,41,42,49.397590361445786,0.8716072812137108,-2.5709441506255786,-0.030975230730428658,-2.674252208744221,6.862330412058,9732.574779125578,-1.515017951081723
60,2,3.5,1,0,0.15,24,0,0.0,1.0,6,0,246,109,137,44.3089430894309,1.0754312727942683,3.8849077039327184,0.015792307739563895,3.5501250341483104,10.063185339176837,10355.012503414831,83,41,42,49.397590361445786,0.8716072812137108,-2.5709441506255786,-0.030975230730428658,-2.674252208744221,6.862330412058,9732.574779125578,-1.515017951081723
60,2,3.5,1,0,0.05,24,1,0.25,2.0,24,1,233,68,165,29.184549356223176,1.0381597996766898,4.713154818822093,0.020228132269622716,2.8975216587214803,26.459781444162317,10289.752165872149,81,22,59,27.160493827160494,0.9570437982488572,-1.8489201986180934,-0.022826175291581402,-2.431416467559089,16.757262093253935,9756.858353244092,-1.515444894583739
60,2,3.5,1,3,0.05,24,1,0.0,3.0,72,0,173,45,128,26.01156069364162,0.9754440952700412,-3.2613737670701806,-0.0188518714859548,-5.666186016088959,33.16317349300699,9433.381398391104,58,17,41,29.310344827586206,1.210277502105274,8.76635937712757,0.15114412719185466,8.131989495765279,14.264184348837528,10813.198949576528,-1.516335623245245
60,2,3.5,1,2,0.15,24,1,0.1,3.0,24,0,170,47,123,27.647058823529413,0.975330884924243,-2.998855253455384,-0.017640325020325788,-5.090509429754531,35.36067610315982,9490.949057024547,63,23,40,36.507936507936506,1.3435407760846108,12.33404127813442,0.19577843298626063,12.19318258594646,8.460299447382294,11219.318258594645,-1.5191229900377148
60,2,3.5,1,2,0.05,24,0,0.0,3.0,6,0,165,70,95,42.42424242424242,0.8709296292644964,-4.888719898523774,-0.02962860544559863,-5.045504377212984,11.846715619990917,9495.449562278702,59,30,29,50.847457627118644,1.450026068160163,5.3739964972151295,0.09108468639347678,5.35358851044716,3.3012940602857004,10535.358851044717,-1.5223697670081153
60,2,3.5,1,2,0.05,24,0,0.0,2.5,6,0,165,70,95,42.42424242424242,0.8709296292644964,-4.888719898523774,-0.02962860544559863,-5.045504377212984,11.846715619990917,9495.449562278702,59,30,29,50.847457627118644,1.408184669822284,4.874346490215269,0.08261604220703846,4.842371338794482,3.3012940602857017,10484.237133879447,-1.5223697670081153
60,2,3.5,1,0,0.05,48,1,0.0,2.0,24,1,258,73,185,28.294573643410853,0.9681271024365065,-4.394351826889543,-0.01703237142205249,-6.16388886044108,25.869816493111188,9383.611113955893,96,26,70,27.083333333333332,0.954889184515856,-2.269919156091273,-0.023644991209284094,-2.938971246523947,21.156838406091804,9706.102875347606,-1.54943864363303
60,2,3.5,1,2,0.15,24,1,0.0,1.5,72,0,176,71,105,40.34090909090909,0.9611985341807074,-4.213917476327499,-0.02394271293367897,-5.389326392506533,24.92301246134066,9461.067360749346,64,26,38,40.625,1.0041411011837316,0.15955134278944594,0.0024929897310850928,-0.321621705400954,12.74763238872044,9967.837829459904,-1.549816245697358
60,2,3.5,1,2,0.05,12,0,0.25,3.0,72,1,108,42,66,38.888888888888886,1.5836412220438512,23.665569092717625,0.21912563974738541,25.526824641555844,7.747648863565894,12552.682464155585,38,11,27,28.94736842105263,0.9261937590986291,-1.2142566764088107,-0.03195412306338976,-1.4459579827088453,9.576388486565387,9855.404201729116,-1.5512519327226764
60,2,3.5,1,2,0.05,24,0,0.0,3.0,24,1,150,59,91,39.333333333333336,1.3149672856847274,15.886007255117677,0.10590671503411785,16.224198203008665,9.13644529682907,11622.419820300867,51,21,30,41.1764705882353,0.8988022258364465,-1.6059131069373027,-0.03148849229288829,-1.7538435151807752,9.962247645170548,9824.615648481922,-1.553855264468026
60,2,3.5,1,0,0.05,24,1,0.25,3.0,72,0,215,62,153,28.837209302325583,1.1209967745397724,18.857474530085423,0.08770918386086243,16.790882378334725,34.792283375213906,11679.088237833474,77,20,57,25.974025974025974,0.9748338107921427,-1.4514493601759253,-0.01884999169059643,-2.5224961531479684,23.16870139256444,9747.750384685203,-1.5871976673192325
60,2,3.5,1,2,0.15,24,0,0.25,1.5,72,0,144,61,83,42.361111111111114,0.9458341712594444,-3.848471441548254,-0.026725496121862875,-4.548623498480842,19.99888415564127,9545.137650151915,47,22,25,46.808510638297875,1.216277487644937,4.4876873261395,0.09548270906679786,4.306311262263418,5.422110769220452,10430.631126226343,-1.5936942179150857
60,2,3.5,1,0,0.05,24,1,0.1,2.5,24,0,229,75,154,32.751091703056765,1.1290739295010146,19.814681720338616,0.08652699441195902,18.48828347482079,25.487057781357507,11848.828347482078,80,23,57,28.75,0.963576152104626,-1.9599493543586695,-0.024499366929483367,-2.807427807400331,23.128412802637328,9719.257219259967,-1.612562940153291
60,2,3.5,1,2,0.05,12,0,0.0,2.5,24,1,124,53,71,42.74193548387097,1.5846131408710062,22.33425470200181,0.18011495727420815,24.120083706460726,6.587782583562647,12412.008370646074,44,18,26,40.90909090909091,0.9022897621278362,-1.4199360375757042,-0.032271273581266004,-1.5655503295643025,9.55340507675949,9843.44496704357,-1.6150858894994653
60,2,3.5,1,2,0.05,24,1,0.0,3.0,72,0,159,41,118,25.78616352201258,0.9763250540098326,-2.8887826429279024,-0.01816844429514404,-5.124238146863169,36.16612353172796,9487.576185313683,56,18,38,32.142857142857146,1.3868081117828466,14.906039275547897,0.26617927277764103,14.947899705565938,10.69764698388696,11494.789970556594,-1.6298566066149613
60,2,3.5,1,2,0.15,24,0,0.1,1.5,72,0,144,61,83,42.361111111111114,0.9454181003892571,-3.890546826308377,-0.02701768629380817,-4.590766697736493,20.13935119756746,9540.923330226351,48,22,26,45.833333333333336,1.1010098483194248,2.3277716740024705,0.0484952432083848,2.0634279398185518,5.758026886336488,10206.342793981856,-1.6301114706452877
60,2,3.5,1,0,0.05,48,0,0.25,2.5,24,0,221,97,124,43.89140271493213,1.3048118052627846,24.084391539848717,0.10897914723913446,25.72594182506227,7.852728847751825,12572.594182506227,81,35,46,43.20987654320987,0.9199441259360767,-2.6520742526625907,-0.0327416574402789,-3.002906275831285,10.646163087812713,9699.709372416872,-1.6323753526980735
60,2,3.5,1,0,0.05,12,1,0.25,2.5,6,0,200,77,123,38.5,0.9497102017387974,-4.944078105950566,-0.02472039052975283,-6.086302125118004,25.140373425656072,9391.3697874882,72,30,42,41.666666666666664,1.2007577927709863,7.217636238228538,0.10024494775317414,6.817134175740547,9.086336841212004,10681.713417574054,-1.651995110922213
60,3,3.5,1,1,0.05,12,0,0.25,2.5,6,0,92,43,49,46.73913043478261,0.8620448760311418,-3.1041185533069786,-0.03374041905768455,-3.219349728915566,5.022818501104003,9678.065027108443,33,13,20,39.39393939393939,1.1038617554340862,0.7417735189787492,0.02247798542359846,0.6616538284664353,5.920020650514957,10066.165382846644,-1.6525173402754534
60,3,3.5,1,1,0.05,12,0,0.25,2.5,6,1,92,43,49,46.73913043478261,0.8620448760311418,-3.1041185533069786,-0.03374041905768455,-3.219349728915566,5.022818501104003,9678.065027108443,33,13,20,39.39393939393939,1.1038617554340862,0.7417735189787492,0.02247798542359846,0.6616538284664353,5.920020650514957,10066.165382846644,-1.6525173402754534
60,2,3.5,1,0,0.15,24,0,0.25,3.0,6,1,245,103,142,42.04081632653061,1.0024419972950163,0.11917787274358382,0.00048644029691258706,-0.26942742734475944,11.36003478344362,9973.057257265524,83,40,43,48.19277108433735,0.8651582253058071,-2.61221538158678,-0.031472474476949154,-2.7196671140450768,8.398551936230806,9728.033288595492,-1.655451404205587
60,2,3.5,1,2,0.05,12,1,0.0,2.5,6,0,128,49,79,38.28125,0.9525710417888893,-3.3562236996953505,-0.026220497653869926,-4.2925332355801205,22.21665749727054,9570.746676441988,50,24,26,48.0,1.327838113001575,7.988425550470461,0.15976851100940923,7.843737739912604,5.961629111568322,10784.373773991261,-1.6567245683730136
60,2,3.5,1,2,0.05,12,0,0.1,1.0,72,0,120,68,52,56.666666666666664,1.3107688431531042,14.110013914891319,0.11758344929076099,14.571181017485824,6.711474660476885,11457.118101748583,43,20,23,46.51162790697674,0.9299556695252544,-1.3879128578123343,-0.03227704320493801,-1.5611759750833842,11.122540844118037,9843.882402491661,-1.656726468698548
60,2,3.5,1,2,0.05,12,0,0.1,1.0,72,1,120,68,52,56.666666666666664,1.3107688431531042,14.110013914891319,0.11758344929076099,14.571181017485824,6.711474660476885,11457.118101748583,43,20,23,46.51162790697674,0.9299556695252544,-1.3879128578123343,-0.03227704320493801,-1.5611759750833842,11.122540844118037,9843.882402491661,-1.656726468698548
60,2,3.5,1,2,0.05,12,1,0.1,2.0,6,1,131,44,87,33.587786259541986,0.9374745486526702,-3.5923992016455686,-0.02742289466905014,-4.2221175179604,19.976302431431996,9577.78824820396,50,24,26,48.0,1.4049519419293612,7.855475096625093,0.15710950193250187,7.840585353271545,5.429901040838899,10784.058535327154,-1.672735952213161
60,2,3.5,1,0,0.15,24,0,0.0,1.5,6,0,245,105,140,42.857142857142854,1.079019606996793,4.2093272095954015,0.01718092738610368,3.805359848018819,9.594810218574414,10380.535984801882,83,40,43,48.19277108433735,0.8663658412798825,-2.727957223478718,-0.03286695449974359,-2.840987863759714,8.204904909763512,9715.901213624029,-1.6865707006447277
60,2,3.5,1,0,0.15,24,0,0.25,3.0,6,0,245,105,140,42.857142857142854,0.9849705105187507,-0.7494838018621873,-0.003059117558621173,-1.1375875244799105,12.08264935158056,9886.241247552009,83,40,43,48.19277108433735,0.8651582253058071,-2.61221538158678,-0.031472474476949154,-2.7196671140450768,8.398551936230806,9728.033288595492,-1.6988082782938037
60,2,3.5,1,2,0.15,24,0,0.0,1.5,6,0,177,74,103,41.80790960451977,0.8666044703927158,-5.4969232511622605,-0.031056063565888477,-5.649421294676471,12.646048110658503,9435.057870532353,66,36,30,54.54545454545455,1.2168664057473881,2.923886272515954,0.044301307159332635,2.8432125175769984,3.311672632188825,10284.3212517577,-1.7106910405038296
60,2,3.5,1,0,0.05,24,0,0.0,1.0,72,1,194,105,89,54.123711340206185,1.172155872525028,14.060026467355813,0.07247436323379285,14.10269535653339,10.722882043163121,11410.269535653339,65,31,34,47.69230769230769,0.9356455996268798,-2.0574412387469714,-0.03165294213456879,-2.3330523705296202,14.152402795043278,9766.694762947038,-1.7241817077030737
60,2,3.5,1,0,0.05,24,0,0.0,1.0,72,0,194,105,89,54.123711340206185,1.172155872525028,14.060026467355813,0.07247436323379285,14.10269535653339,10.722882043163121,11410.269535653339,65,31,34,47.69230769230769,0.9356455996268798,-2.0574412387469714,-0.03165294213456879,-2.3330523705296202,14.152402795043278,9766.694762947038,-1.7241817077030737
60,2,3.5,1,2,0.05,24,1,0.1,2.5,6,1,165,51,114,30.90909090909091,0.939093972769988,-4.325488390965181,-0.026215081157364734,-5.160797554709939,23.48369935520408,9483.920244529007,62,27,35,43.54838709677419,1.2744441807116835,7.088369538575738,0.11432854094476996,6.889280271609022,8.017761703392347,10688.928027160902,-1.7380286588695888
60,2,3.5,1,3,0.05,24,1,0.25,1.5,6,1,185,72,113,38.91891891891892,0.9461416191785197,-4.321554173383704,-0.023359752288560562,-5.0825258446886235,28.67376419639161,9491.747415531137,67,29,38,43.28358208955224,1.1564597372443222,4.127194434347755,0.06159991693056351,3.8769900148443392,6.892842935975409,10387.699001484434,-1.7421670717649025
60,2,3.5,1,0,0.15,24,0,0.25,1.5,6,1,245,103,142,42.04081632653061,1.005584868658047,0.272560812240375,0.001112493111185204,-0.1062948442558942,11.90671829351221,9989.37051557441,83,40,43,48.19277108433735,0.8625485062076138,-2.6627720312999843,-0.03208159073855403,-2.7651330455014222,7.874235402898462,9723.486695449858,-1.7543834791665764
60,2,3.5,1,0,0.05,48,1,0.1,2.0,72,1,256,70,186,27.34375,0.9544735441038998,-6.416964058978826,-0.02506626585538604,-8.100755768442959,26.909857663383107,9189.924423155704,95,27,68,28.42105263157895,1.0316455856108624,1.6444332550674083,0.017309823737551668,0.8585704005215522,15.960015090864097,10085.857040052155,-1.7558361379870076
60,2,3.5,1,2,0.15,24,1,0.0,1.0,6,1,177,84,93,47.45762711864407,0.9360097205699016,-5.047733210997396,-0.028518266728798845,-5.617591066808014,20.458738771330708,9438.240893319198,69,37,32,53.6231884057971,1.06222231196913,1.8648571816320356,0.0270269156758266,1.5808154446279366,8.558916339407617,10158.081544462793,-1.782482033814988
60,2,3.5,1,2,0.15,24,1,0.0,1.0,6,0,177,84,93,47.45762711864407,0.9360097205699016,-5.047733210997396,-0.028518266728798845,-5.617591066808014,20.458738771330708,9438.240893319198,69,37,32,53.6231884057971,1.06222231196913,1.8648571816320356,0.0270269156758266,1.5808154446279366,8.558916339407617,10158.081544462793,-1.782482033814988
60,2,3.5,1,3,0.05,24,0,0.25,2.0,6,0,185,79,106,42.7027027027027,0.8531838878631143,-5.783756124339269,-0.0312635466180501,-5.882403515301171,13.114203246987241,9411.759648469882,67,35,32,52.23880597014925,1.4843417001996329,5.925838309362143,0.0884453479009275,5.968722294837137,3.790248557852681,10596.872229483713,-1.7848883103804052
60,2,3.5,1,2,0.05,12,0,0.1,2.5,24,1,124,52,72,41.935483870967744,1.5493741982973006,20.244885265922374,0.1632652037574385,21.61512306595348,5.576346024920531,12161.512306595348,44,18,26,40.90909090909091,0.8961952558117173,-1.4958324907418399,-0.03399619297140545,-1.6380698915158587,9.460996170750663,9836.193010848414,-1.7942223067851182
60,2,3.5,1,0,0.05,24,0,0.1,1.0,72,0,193,105,88,54.40414507772021,1.1773099778175353,14.274709110962311,0.07396222337286172,14.36298591454548,10.665088211904187,11436.298591454548,64,30,34,46.875,0.9331640281481317,-2.0697401661242405,-0.03233969009569126,-2.3349232325654112,14.112195080159488,9766.507676743458,-1.7969339310928676
60,2,3.5,1,0,0.05,24,0,0.1,1.0,72,1,193,105,88,54.40414507772021,1.1773099778175353,14.274709110962311,0.07396222337286172,14.36298591454548,10.665088211904187,11436.298591454548,64,30,34,46.875,0.9331640281481317,-2.0697401661242405,-0.03233969009569126,-2.3349232325654112,14.112195080159488,9766.507676743458,-1.7969339310928676
60,2,3.5,1,0,0.15,24,0,0.25,1.5,6,0,245,105,140,42.857142857142854,0.9880463171873436,-0.5961008623653997,-0.00243306474434857,-0.9758750194628019,12.62487616463266,9902.41249805372,83,40,43,48.19277108433735,0.8625485062076138,-2.6627720312999843,-0.03208159073855403,-2.7651330455014222,7.874235402898462,9723.486695449858,-1.7974729514338037
60,2,3.5,1,0,0.05,12,1,0.0,2.0,72,0,190,65,125,34.21052631578947,0.9689339346055222,-4.03650496316375,-0.02124476296401974,-5.766513119204952,33.97528493790158,9423.348688079504,69,23,46,33.333333333333336,0.9747800199518459,-1.179877856822402,-0.017099679084382636,-1.848367278621721,22.255218381757018,9815.163272137828,-1.8002759992600885
60,2,3.5,1,2,0.05,24,0,0.0,3.0,24,0,147,62,85,42.17687074829932,1.3749819526708977,20.328444457442252,0.13828873780572962,21.35704714796485,10.045384691796121,12135.704714796484,50,22,28,44.0,0.9054936645524478,-1.700882232856718,-0.03401764465713436,-1.8941524573400814,8.26520244873622,9810.584754265992,-1.8003176548438748
60,2,3.5,1,2,0.05,12,0,0.25,1.0,24,1,126,65,61,51.58730158730159,1.2512024454205561,9.212316335837626,0.07311362171299703,9.26385455566594,6.4657497518014,10926.385455566593,45,21,24,46.666666666666664,0.897163021728432,-1.5644560964965453,-0.03476569103325656,-1.6769012094207558,8.426279350925194,9832.309879057924,-1.8049556812753944
60,2,3.5,1,2,0.05,12,0,0.25,1.0,24,0,126,65,61,51.58730158730159,1.2512024454205561,9.212316335837626,0.07311362171299703,9.26385455566594,6.4657497518014,10926.385455566593,45,21,24,46.666666666666664,0.897163021728432,-1.5644560964965453,-0.03476569103325656,-1.6769012094207558,8.426279350925194,9832.309879057924,-1.8049556812753944
60,2,3.5,1,3,0.05,24,1,0.1,2.5,24,1,182,41,141,22.52747252747253,0.9583277492027695,-4.130266629529344,-0.02269377268972167,-5.603510874876283,31.211967488464992,9439.648912512372,61,20,41,32.78688524590164,1.4095877533940715,12.549709932235729,0.20573294970878245,12.626039972400926,8.79241546225161,11262.603997240092,-1.8127263813700178
60,3,3.5,1,1,0.05,12,0,0.0,3.0,6,0,92,42,50,45.65217391304348,0.8666846541196349,-3.24200730819054,-0.035239209871636305,-3.3842729967960117,6.34771492221355,9661.5727003204,33,13,20,39.39393939393939,1.1911993739379267,1.427367629337251,0.04325356452537124,1.332673039859289,6.222607427079911,10133.26730398593,-1.8187785217955572
60,3,3.5,1,1,0.05,12,0,0.0,3.0,6,1,92,42,50,45.65217391304348,0.8666846541196349,-3.24200730819054,-0.035239209871636305,-3.3842729967960117,6.34771492221355,9661.5727003204,33,13,20,39.39393939393939,1.1911993739379267,1.427367629337251,0.04325356452537124,1.332673039859289,6.222607427079911,10133.26730398593,-1.8187785217955572
60,2,3.5,1,2,0.15,24,1,0.0,2.0,6,1,176,58,118,32.95454545454545,0.94097576143061,-4.709805708393243,-0.02676025970677979,-5.57334803980093,24.544015829384332,9442.665196019907,69,30,39,43.47826086956522,1.0796452492149953,2.399655081582519,0.03477760987800752,2.0228358478722397,9.496838304679592,10202.283584787225,-1.841865873374883
60,2,3.5,1,0,0.05,12,0,0.1,2.5,72,1,156,51,105,32.69230769230769,1.2702833112611593,17.811290624467663,0.11417493990043373,18.038576689545405,13.914068812976602,11803.85766895454,51,15,36,29.41176470588235,0.9365498861958589,-1.6793334174646897,-0.03292810622479784,-2.042233667771287,11.861699655925506,9795.776633222871,-1.8594306070085194
60,2,3.5,1,2,0.15,24,1,0.1,2.5,24,0,174,51,123,29.310344827586206,0.9667208642943356,-4.043255353603943,-0.023237099733355995,-5.876815089046117,31.894612747830443,9412.318491095388,63,23,40,36.507936507936506,1.2519848056191156,9.046934775519581,0.1436021392939616,8.699794122999727,9.787166193027389,10869.979412299974,-1.8880567012807874
60,2,3.5,1,0,0.05,12,1,0.1,2.5,72,1,194,44,150,22.68041237113402,1.0096467386430843,1.0138509998145755,0.005226036081518431,-0.8113259653694138,20.423012289066296,9918.867403463059,68,14,54,20.58823529411765,0.9449703943080418,-2.0238189955738015,-0.029762044052555905,-2.600484508740286,15.407938605679997,9739.951549125972,-1.8882337035237586
60,3,3.5,1,1,0.05,12,0,0.0,2.5,72,0,84,30,54,35.714285714285715,0.9457770641690765,-2.750380025185695,-0.03274261934744875,-3.4471985642249403,14.118633249677776,9655.280143577505,27,11,16,40.74074074074074,1.437251616014256,6.726129248845035,0.24911589810537166,6.600542627434969,6.343219053745757,10660.054262743497,-1.8966053503698679
60,2,3.5,1,0,0.15,24,0,0.1,1.5,6,1,245,102,143,41.63265306122449,1.007091583986997,0.36437940226952337,0.0014872628664062179,-0.055671513055499666,11.910542999452984,9994.43284869445,83,40,43,48.19277108433735,0.8611262644091476,-2.7855464576911726,-0.03356080069507437,-2.892286033469804,8.1412192026078,9710.77139665302,-1.905378440771989
60,2,3.5,1,2,0.15,24,0,0.25,1.5,6,0,177,74,103,41.80790960451977,0.8446783497693974,-5.842576660734164,-0.033008907687763635,-5.923739229534908,11.93186330552723,9407.626077046509,66,36,30,54.54545454545455,1.2867351999459207,3.5149652509238827,0.05325704925642247,3.4652115820036578,3.002007346894548,10346.521158200367,-1.9069766056301056
60,2,3.5,1,0,0.15,12,1,0.25,3.0,6,1,214,70,144,32.71028037383178,0.9773704472036812,-2.2080176457132072,-0.010317839465949566,-3.6191583593622068,19.33809656362839,9638.08416406378,75,24,51,32.0,0.9321343275647569,-2.2883141013860993,-0.03051085468514799,-2.7658454354975937,14.45621015635908,9723.41545645024,-1.9140292731743558
60,2,3.5,1,3,0.05,24,1,0.25,3.0,72,0,168,44,124,26.19047619047619,0.9764911790534144,-2.974758859156192,-0.01770689797116781,-5.2754811459364115,41.75707664872192,9472.451885406359,57,19,38,33.333333333333336,1.3216281504381566,12.36594853038634,0.2169464654453744,12.126276851092289,11.04971608207521,11212.62768510923,-1.917087736878625
60,2,3.5,1,2,0.05,24,0,0.1,3.0,24,1,149,59,90,39.59731543624161,1.2966078425420429,14.536551865530074,0.09756075077536962,14.73918273100625,9.186466004509338,11473.918273100626,51,21,30,41.1764705882353,0.8863443343334961,-1.78913007659645,-0.03508098189404804,-1.9303926667139981,9.808209389038943,9806.9607333286,-1.9287777122220058
60,2,3.5,1,2,0.15,24,1,0.1,1.0,6,1,178,83,95,46.62921348314607,0.9279889855522191,-5.573009064861251,-0.03130903969023175,-6.089765338602815,18.2989090732062,9391.023466139719,69,37,32,53.6231884057971,1.0641722726791487,1.894080202122791,0.027450437711924507,1.617225987391513,6.690500849263222,10161.722598739152,-1.9480110181061732
60,2,3.5,1,2,0.15,24,1,0.1,1.0,6,0,178,83,95,46.62921348314607,0.9279889855522191,-5.573009064861251,-0.03130903969023175,-6.089765338602815,18.2989090732062,9391.023466139719,69,37,32,53.6231884057971,1.0641722726791487,1.894080202122791,0.027450437711924507,1.617225987391513,6.690500849263222,10161.722598739152,-1.9480110181061732
60,2,3.5,1,0,0.15,24,0,0.1,1.5,6,0,245,104,141,42.44897959183673,0.9909550951344882,-0.4743641174308918,-0.0019361800711464971,-0.8961189238889111,12.6571107906985,9910.388107611108,83,40,43,48.19277108433735,0.8611262644091476,-2.7855464576911726,-0.03356080069507437,-2.892286033469804,8.1412192026078,9710.77139665302,-1.95017250824672
60,2,3.5,1,0,0.05,24,0,0.0,2.5,24,0,203,88,115,43.34975369458128,1.3523285756742904,26.67883955597197,0.13142285495552694,28.967577070914906,8.506317759820558,12896.75770709149,70,30,40,42.857142857142854,0.9156336924667667,-2.4962870058693323,-0.03566124294099046,-2.813567459902444,11.485632094932239,9718.643254009756,-1.9977268471573155
60,2,3.5,1,2,0.15,24,0,0.25,1.5,6,1,177,72,105,40.67796610169491,0.8409156734703037,-5.973914986128392,-0.033750932125019166,-6.0470464549890135,12.096316477903809,9395.295354501099,66,36,30,54.54545454545455,1.2867351999459207,3.5149652509238827,0.05325704925642247,3.4652115820036578,3.002007346894548,10346.521158200367,-1.998571592296441
60,2,3.5,1,2,0.15,24,0,0.0,2.0,6,1,177,72,105,40.67796610169491,0.8522829659124124,-5.930196960821592,-0.033503937631760405,-6.0493765072881285,12.9855974028485,9395.062349271187,66,35,31,53.03030303030303,1.2163817459075632,2.9238862725159502,0.04430130715933258,2.827775414474165,3.8510137336303596,10282.777541447416,-2.0044944135830294
60,2,3.5,1,2,0.15,24,0,0.0,1.5,6,1,177,72,105,40.67796610169491,0.8521314356850264,-5.93628024092173,-0.03353830644588548,-6.0480916067616075,13.067970585688576,9395.19083932384,66,35,31,53.03030303030303,1.1053744807097772,1.423886272515954,0.021574034432059908,1.3229097633069342,4.178373490376212,10132.290976330693,-2.0131767464207124
60,3,2.5,1,1,0.05,12,0,0.25,3.0,6,0,159,69,90,43.39622641509434,0.8703672608618435,-5.486751958263578,-0.034507873951343256,-5.701315368595683,12.067988664164586,9429.868463140432,57,25,32,43.85964912280702,1.376773590160647,5.237053809509978,0.09187813700894698,5.157392163014918,6.40969106822078,10515.739216301492,-2.028087892205872
60,3,2.5,1,1,0.05,12,0,0.25,3.0,6,1,159,69,90,43.39622641509434,0.8703672608618435,-5.486751958263578,-0.034507873951343256,-5.701315368595683,12.067988664164586,9429.868463140432,57,25,32,43.85964912280702,1.382969069403056,5.29932239810416,0.09297056838779229,5.222920467558101,6.4096910682207255,10522.29204675581,-2.028087892205872
60,2,3.5,1,3,0.05,24,1,0.25,2.5,24,0,177,54,123,30.508474576271187,0.9676733417760394,-3.9375128491705516,-0.022245835306048314,-5.753603510650884,35.875242721479786,9424.639648934912,60,22,38,36.666666666666664,1.312553565679294,10.852803518709118,0.18088005864515197,10.697817355831528,7.359561974761313,11069.781735583154,-2.030664023924208
60,2,3.5,1,2,0.05,12,1,0.1,2.0,24,0,129,43,86,33.333333333333336,0.9551381125081286,-3.8255826731104365,-0.02965567963651501,-4.922086660431157,22.761616723524366,9507.791333956884,47,17,30,36.170212765957444,1.1853458930317373,4.792653421825981,0.10197134940055279,4.466019266823906,9.258769788053932,10446.601926682391,-2.0338686409559172
60,2,3.5,1,2,0.05,24,0,0.1,3.0,24,0,146,63,83,43.15068493150685,1.370692890556173,19.377628062979728,0.13272347988342278,20.31321074326158,10.094886535430494,12031.321074326159,50,22,28,44.0,0.8984719199243992,-1.8141028531100247,-0.036282057062200494,-2.0027008565897453,8.044695318449623,9799.729914341026,-2.043772495224648
60,2,3.5,1,0,0.05,12,1,0.25,3.0,24,1,194,48,146,24.742268041237114,1.1587426668667544,16.536295786431236,0.0852386380743878,15.450735327596421,20.305621471789152,11545.073532759643,68,15,53,22.058823529411764,0.9422772146032121,-2.1338414200309552,-0.03138002088280817,-2.7501279766357745,16.582156137110776,9724.987202336422,-2.0483742969220153
60,2,3.5,1,0,0.05,24,1,0.25,2.0,6,0,240,96,144,40.0,0.9499815753920223,-5.770517735510994,-0.024043823897962478,-6.961225032682339,33.2207046007297,9303.877496731766,87,35,52,40.229885057471265,1.001482036059059,0.06553306924823366,0.0007532536695199271,-0.5193420409949301,15.31477273889108,9948.065795900508,-2.049927833608164
60,2,3.5,1,2,0.05,12,0,0.0,1.5,24,1,125,56,69,44.8,1.3386202765359643,12.930098706043648,0.10344078964834919,13.250059909010115,6.444583558698564,11325.005990901012,45,19,26,42.22222222222222,0.8941333254487371,-1.6438301691770807,-0.036529559315046235,-1.7767133077103425,9.553405076759493,9822.328669228966,-2.0550294455638096
60,2,3.5,1,2,0.05,12,0,0.1,1.5,24,1,125,57,68,45.6,1.412413214678859,15.16658883510193,0.12133271068081544,15.815353633890016,5.387880935213358,11581.535363389003,45,19,26,42.22222222222222,0.8930750395159982,-1.6472553039294862,-0.036605673420655245,-1.7787563099596282,9.46099617075065,9822.124369004037,-2.059212893629658
60,2,3.5,1,0,0.05,48,1,0.1,3.0,6,1,265,81,184,30.566037735849058,0.9415338092318368,-7.270758832330971,-0.027436825782381023,-8.784299569870402,27.90481339593353,9121.57004301296,100,32,68,32.0,1.0598452993159677,2.832248623028966,0.02832248623028966,2.0239290491505413,15.031339751015535,10202.392904915054,-2.0733917118463143
60,3,2.5,1,1,0.05,12,1,0.25,3.0,72,1,151,26,125,17.218543046357617,0.946785686207623,-4.341392785114824,-0.02875094559678691,-5.71604615928385,25.15218525665911,9428.395384071615,55,11,44,20.0,1.004624576248114,0.1510788806126498,0.002746888738411814,-0.4938301812688728,17.545702453469122,9950.616981873112,-2.0881191335894767
60,3,3.5,1,1,0.05,12,0,0.0,2.0,6,0,92,42,50,45.65217391304348,0.8566871951735902,-3.4851288689709303,-0.03788183553229272,-3.6072232642929025,5.6192136621176125,9639.27767357071,33,13,20,39.39393939393939,1.0520915272069529,0.38888076967283486,0.011784265747661662,0.310790372527725,6.222607427079925,10031.079037252772,-2.0955295560452707
60,3,3.5,1,1,0.05,12,0,0.0,2.0,6,1,92,42,50,45.65217391304348,0.8566871951735902,-3.4851288689709303,-0.03788183553229272,-3.6072232642929025,5.6192136621176125,9639.27767357071,33,13,20,39.39393939393939,1.0520915272069529,0.38888076967283486,0.011784265747661662,0.310790372527725,6.222607427079925,10031.079037252772,-2.0955295560452707
60,2,3.5,1,2,0.05,12,0,0.25,3.0,72,0,105,45,60,42.857142857142854,1.505034575464281,24.40062530611358,0.2323869076772722,26.25547463947615,9.958282636496262,12625.547463947616,38,15,23,39.473684210526315,0.9271696027017217,-1.4190992392949955,-0.03734471682355251,-1.6767298306355038,8.957096966065201,9832.32701693645,-2.111273270528619
60,2,3.5,1,2,0.15,24,1,0.0,3.0,24,1,174,33,141,18.96551724137931,0.9533877116330767,-4.311180746606922,-0.02477690084256852,-5.834202477434902,32.76321327593156,9416.57975225651,64,16,48,25.0,1.0677055042395942,2.1511496528923426,0.03361171332644285,1.549620013512376,11.355253529397004,10154.962001351238,-2.1192687305570286
60,2,3.5,1,2,0.15,24,0,0.1,2.5,6,1,177,72,105,40.67796610169491,0.8380016763307191,-6.130903030707236,-0.03463787022998438,-6.200172753457666,12.549945926444384,9379.982724654234,66,35,31,53.03030303030303,1.17945344051438,2.318074225101448,0.035122336743961334,2.225007542444346,4.218334440109669,10222.500754244435,-2.1203111639845655
60,2,3.5,1,2,0.15,24,0,0.1,3.0,6,1,177,72,105,40.67796610169491,0.8380016763307191,-6.130903030707236,-0.03463787022998438,-6.200172753457666,12.549945926444384,9379.982724654234,66,35,31,53.03030303030303,1.1680847604569469,2.171220288286296,0.03289727709524691,2.0785428851731513,4.218334440109681,10207.854288517316,-2.1203111639845655
60,2,3.5,1,2,0.15,24,1,0.0,1.5,72,1,176,61,115,34.65909090909091,0.9450644188357514,-5.213917476327497,-0.029624531115497142,-6.160240234256276,24.6115852752739,9383.975976574373,65,23,42,35.38461538461539,1.083171722046533,2.62699320325455,0.04041528005007,2.2390958433313957,8.72314562881207,10223.90958433314,-2.130053916192003
60,2,3.5,1,0,0.05,24,1,0.0,3.0,24,0,225,70,155,31.11111111111111,1.2204656059590322,34.2338364698177,0.1521503843103009,36.02453800941849,23.402631830372915,13602.45380094185,80,21,59,26.25,0.9569491101498202,-2.3770730861612885,-0.029713413577016106,-3.333519905120297,25.641447321650507,9666.64800948797,-2.1564850612337567
60,2,3.5,1,2,0.15,24,0,0.1,2.0,6,1,177,72,105,40.67796610169491,0.8363757524025097,-6.192436889289061,-0.03498551914852577,-6.256728259360134,12.549945926444428,9374.327174063987,66,35,31,53.03030303030303,1.196393777409336,2.536899554992999,0.03843787204534847,2.448375063502528,3.721189052691592,10244.837506350254,-2.1583279036951266
60,3,3.5,1,1,0.05,12,0,0.0,1.5,6,0,92,42,50,45.65217391304348,0.8540717267525247,-3.5487327075196076,-0.038573181603474,-3.662536836074126,5.67337268291419,9633.746316392588,33,13,20,39.39393939393939,0.9119530556977157,-0.6573000505741272,-0.019918183350731127,-0.715538784336256,6.222607427079898,9928.446121566374,-2.1698951000055278
60,3,3.5,1,1,0.05,12,0,0.0,1.5,6,1,92,42,50,45.65217391304348,0.8540717267525247,-3.5487327075196076,-0.038573181603474,-3.662536836074126,5.67337268291419,9633.746316392588,33,13,20,39.39393939393939,0.9119530556977157,-0.6573000505741272,-0.019918183350731127,-0.715538784336256,6.222607427079898,9928.446121566374,-2.1698951000055278
60,2,3.5,1,0,0.15,24,0,0.0,1.0,24,0,225,111,114,49.333333333333336,1.1301147698189287,9.805880396110549,0.043581690649380216,9.523746573625536,9.700803664512158,10952.374657362554,73,34,39,46.57534246575342,0.9029878683350998,-2.7388506761077713,-0.03751850241243523,-2.9407993522470477,11.0577863578015,9705.920064775295,-2.178935176720996
60,2,3.5,1,0,0.15,24,0,0.0,1.0,24,1,225,111,114,49.333333333333336,1.1301147698189287,9.805880396110549,0.043581690649380216,9.523746573625536,9.700803664512158,10952.374657362554,73,34,39,46.57534246575342,0.9029878683350998,-2.7388506761077713,-0.03751850241243523,-2.9407993522470477,11.0577863578015,9705.920064775295,-2.178935176720996
60,2,3.5,1,2,0.05,24,1,0.25,3.0,6,1,167,55,112,32.93413173652694,0.9334201560604236,-4.885013007813356,-0.029251574897085963,-5.7534334021428934,25.936506233453215,9424.65665978571,62,27,35,43.54838709677419,1.5060443327879365,11.55726507160546,0.18640750115492677,11.72513781502429,7.963972948824677,11172.513781502428,-2.2001940789557883
60,2,3.5,1,2,0.15,24,1,0.0,1.5,24,0,176,69,107,39.20454545454545,0.9505991648163735,-5.206478772801882,-0.029582265754556147,-6.27112116252505,26.30821376014774,9372.887883747495,64,25,39,39.0625,0.9739972228673707,-0.911602728399565,-0.014243792631243203,-1.323823967883886,10.495224769025887,9867.617603211611,-2.218082344442168
60,2,3.5,1,0,0.05,48,1,0.0,2.0,72,0,251,87,164,34.66135458167331,0.9791165032221031,-3.5412455272184333,-0.014108547917204914,-5.857731545266887,31.574942129751303,9414.226845473311,94,31,63,32.97872340425532,0.9603681239049919,-2.538432080144161,-0.02700459659727831,-3.409150306551434,24.82925023348553,9659.084969344856,-2.218832250542871
60,2,3.5,1,2,0.05,12,1,0.1,1.0,72,0,131,65,66,49.61832061068702,0.930501434487336,-4.72189809328535,-0.03604502361286526,-5.237687546763081,14.747071485292453,9476.231245323692,48,24,24,50.0,0.9749090510558633,-0.610085609177777,-0.012710116857870353,-0.8468001717628293,8.669896269542559,9915.319982823718,-2.2391417516183383
60,2,3.5,1,2,0.05,12,1,0.1,1.0,72,1,131,65,66,49.61832061068702,0.930501434487336,-4.72189809328535,-0.03604502361286526,-5.237687546763081,14.747071485292453,9476.231245323692,48,24,24,50.0,0.9749090510558633,-0.610085609177777,-0.012710116857870353,-0.8468001717628293,8.669896269542559,9915.319982823718,-2.2391417516183383
60,2,3.5,1,2,0.15,24,1,0.1,1.5,6,0,177,73,104,41.24293785310734,0.9357745256291813,-5.449922974324129,-0.030790525278667394,-6.193078283389841,24.42783491874596,9380.692171661016,69,35,34,50.72463768115942,1.086613380753182,2.7336917916623147,0.03961872161829442,2.391082347132789,8.58978099923451,10239.10823471328,-2.2483240475281985
60,2,3.5,1,3,0.05,24,1,0.25,1.5,24,1,184,64,120,34.78260869565217,0.9482847506028214,-5.055509635517533,-0.02747559584520398,-6.037350552431986,30.41282883819588,9396.264944756802,62,24,38,38.70967741935484,1.2029755483474651,5.596784147295109,0.09027071205314692,5.360000599720793,6.921288206505882,10536.000059972079,-2.261446340967355
60,2,3.5,1,0,0.15,12,0,0.1,1.0,6,0,213,89,124,41.78403755868545,0.9702116959534459,-1.3498895475974753,-0.006337509613133687,-1.6574733041234135,12.000475671579714,9834.252669587659,73,36,37,49.31506849315068,0.8447509530977791,-2.679678934045185,-0.0367079306033587,-2.76104943199893,6.936685305701475,9723.895056800107,-2.270913185114678
60,2,3.5,1,0,0.15,12,0,0.1,1.0,6,1,213,89,124,41.78403755868545,0.9702116959534459,-1.3498895475974753,-0.006337509613133687,-1.6574733041234135,12.000475671579714,9834.252669587659,73,36,37,49.31506849315068,0.8447509530977791,-2.679678934045185,-0.0367079306033587,-2.76104943199893,6.936685305701475,9723.895056800107,-2.270913185114678
60,2,3.5,1,0,0.05,12,1,0.25,2.5,24,1,195,50,145,25.641025641025642,1.075641131210661,7.87675541088903,0.040393617491738615,6.219275136133007,22.763993767760287,10621.9275136133,68,16,52,23.529411764705884,0.9407425415546978,-2.1899779550437715,-0.0322055581624084,-2.7435437408176444,16.778399529359444,9725.645625918236,-2.2814997087373357
60,2,3.5,1,0,0.05,48,1,0.0,2.0,24,0,255,90,165,35.294117647058826,0.9910726144302807,-1.4769203072691492,-0.005791844342231958,-3.81186503938854,30.6756911894539,9618.813496061146,95,31,64,32.63157894736842,0.955952407695311,-2.669423889186719,-0.02809919883354441,-3.469714824618464,23.7155146251815,9653.028517538154,-2.282121720184269
60,2,3.5,1,2,0.05,24,1,0.1,2.0,72,1,164,41,123,25.0,0.937381389380939,-5.4024562750232645,-0.03294180655501991,-6.415403181206891,21.24899158317035,9358.45968187931,58,18,40,31.03448275862069,1.2134962881819666,6.296900338666553,0.10856724721838885,5.9672221219102095,8.788295546915606,10596.72221219102,-2.286603627339762
60,2,3.5,1,0,0.05,48,1,0.1,2.5,24,0,256,83,173,32.421875,1.0633854000050362,10.96890432739754,0.04284728252889664,8.236888276581578,27.128825397508965,10823.688827658158,93,27,66,29.032258064516128,0.9552320434939522,-2.8160199159683543,-0.030279784042670475,-3.7708304123288294,23.110226838239463,9622.916958767117,-2.2909143629026802
60,2,3.5,1,3,0.05,24,1,0.25,3.0,6,0,183,67,116,36.612021857923494,0.9459346565059813,-5.069296309508428,-0.027701072729554254,-6.316167686348361,30.723442334685952,9368.383231365164,67,30,37,44.776119402985074,1.3431895799050142,10.765682157729156,0.16068182324968888,10.701107487096163,6.212076205863925,11070.110748709616,-2.2996937295070086
60,3,3.5,1,1,0.05,12,0,0.25,1.5,6,0,92,43,49,46.73913043478261,0.8372790551347782,-3.6613725495386413,-0.03979752771237654,-3.74388428080461,5.537578561071168,9625.611571919539,33,13,20,39.39393939393939,0.9336506354564368,-0.47386260143385167,-0.014359472770722777,-0.5316994043132905,5.920020650514987,9946.83005956867,-2.30775984753738
60,3,3.5,1,1,0.05,12,0,0.25,1.5,6,1,92,43,49,46.73913043478261,0.8372790551347782,-3.6613725495386413,-0.03979752771237654,-3.74388428080461,5.537578561071168,9625.611571919539,33,13,20,39.39393939393939,0.9336506354564368,-0.47386260143385167,-0.014359472770722777,-0.5316994043132905,5.920020650514987,9946.83005956867,-2.30775984753738
60,3,2.5,1,1,0.05,12,0,0.25,3.0,24,0,146,55,91,37.67123287671233,0.9392191213849861,-4.482253585406267,-0.030700367023330594,-5.4253770472676655,25.068376045413938,9457.462295273233,47,17,30,36.170212765957444,1.2413010173554742,5.134528714212614,0.10924529179175774,4.814017596602516,9.324510683733541,10481.401759660252,-2.308580921197134
60,3,3.5,1,1,0.05,12,0,0.1,3.0,6,1,92,42,50,45.65217391304348,0.8468837738683133,-3.6711893700759806,-0.03990423228343457,-3.791117828232693,6.311867429317905,9620.88821717673,33,13,20,39.39393939393939,1.1839024209062774,1.3478269720374185,0.04084324157689147,1.255615001600896,6.095290053836075,10125.561500160089,-2.322731673904289
60,3,3.5,1,1,0.05,12,0,0.1,3.0,6,0,92,42,50,45.65217391304348,0.8468837738683133,-3.6711893700759806,-0.03990423228343457,-3.791117828232693,6.311867429317905,9620.88821717673,33,13,20,39.39393939393939,1.1839024209062774,1.3478269720374185,0.04084324157689147,1.255615001600896,6.095290053836075,10125.561500160089,-2.322731673904289
60,2,3.5,1,2,0.05,24,0,0.25,3.0,24,0,146,63,83,43.15068493150685,1.3273117796088778,16.755481207712435,0.1147635699158386,17.283723923523663,9.787207365118203,11728.372392352367,50,22,28,44.0,0.8882906557637316,-1.9758694720474173,-0.03951738944094835,-2.1576927361584564,7.751983863104445,9784.230726384154,-2.369207511202031
60,2,3.5,1,2,0.05,24,1,0.1,2.0,6,0,165,65,100,39.39393939393939,0.9361563558751618,-5.2397658411477,-0.03175615661301637,-6.080056698664937,24.87820704409053,9391.994330133506,62,29,33,46.774193548387096,1.1815800448749394,5.226037854543164,0.08429093313779297,4.935051712140592,8.3522038800708,10493.50517121406,-2.3816818995575915
60,2,3.5,1,0,0.15,24,1,0.25,3.0,6,0,247,95,152,38.46153846153846,0.9941295325263976,-0.7070591590215538,-0.002862587688346372,-2.5027066565283196,24.950632121232502,9749.729334347168,89,33,56,37.07865168539326,0.9405975335157338,-2.8689445986505353,-0.032235332569107135,-3.5521575588861043,15.409801584368878,9644.78424411139,-2.389395150120169
60,2,3.5,1,0,0.15,12,0,0.0,2.5,72,1,168,58,110,34.523809523809526,1.3316647073029546,24.57198923144836,0.1462618406633831,26.011734085797777,14.39741122727384,12601.173408579778,55,16,39,29.09090909090909,0.925021884732887,-2.0769423431479597,-0.03776258805723563,-2.454208383361167,14.442128876722082,9754.579161663883,-2.390207599787599
60,2,3.5,1,3,0.05,24,0,0.25,2.5,6,1,185,77,108,41.62162162162162,0.8261054515456722,-6.652560267535763,-0.03595978522992304,-6.67381964844177,14.818501200890852,9332.618035155823,67,35,32,52.23880597014925,1.5660755705677172,6.925838309362141,0.10337072103525584,7.010237744247849,3.790248557852665,10701.023774424784,-2.4109269214367997
60,2,3.5,1,3,0.05,24,0,0.25,2.0,6,1,185,77,108,41.62162162162162,0.8261054515456722,-6.652560267535763,-0.03595978522992304,-6.67381964844177,14.818501200890852,9332.618035155823,67,35,32,52.23880597014925,1.4843417001996329,5.925838309362143,0.0884453479009275,5.968722294837137,3.790248557852681,10596.872229483713,-2.4109269214367997
60,2,3.5,1,3,0.05,24,0,0.25,3.0,6,1,185,77,108,41.62162162162162,0.8261054515456722,-6.652560267535763,-0.03595978522992304,-6.67381964844177,14.818501200890852,9332.618035155823,67,35,32,52.23880597014925,1.484432647627899,5.926951035675683,0.08846195575635347,5.969600229180827,3.790248557852707,10596.960022918083,-2.4109269214367997
60,2,3.5,1,3,0.05,24,1,0.25,1.5,72,1,183,64,119,34.97267759562842,0.9462447560224629,-5.281784861132289,-0.028862212355914147,-6.2615750271292185,30.60157890917754,9373.842497287078,62,22,40,35.483870967741936,1.1108218331911577,3.2671344782142184,0.05269571739055191,2.9181998485751315,7.2374693718501915,10291.819984857513,-2.4155129854579878
60,2,3.5,1,0,0.05,48,1,0.1,2.0,24,1,260,73,187,28.076923076923077,0.9440904683550071,-7.891511292861202,-0.030351966511004625,-9.401948138794614,28.894580723668177,9059.805186120539,96,28,68,29.166666666666668,0.9974689076400732,-0.1317965571652311,-0.0013728808038044906,-0.8877795184847326,17.035925748266006,9911.222048151527,-2.4232194599602
60,2,3.5,1,0,0.05,24,1,0.25,1.5,24,0,235,96,139,40.851063829787236,1.0016051954476377,0.2206637620159857,0.0009389947319829178,-1.4717482102566626,28.725688239967774,9852.825178974334,82,31,51,37.80487804878049,0.9471024955927135,-2.489636550818743,-0.030361421351448085,-3.004701529064946,18.684402241069776,9699.529847093505,-2.4235943775777877
60,2,3.5,1,2,0.05,24,1,0.1,3.0,6,1,165,50,115,30.303030303030305,0.922782958267052,-5.48542033764864,-0.033244971743325094,-6.27912026080617,22.91298104530281,9372.087973919382,62,27,35,43.54838709677419,1.429314312252161,11.088369538575757,0.17884466997702833,11.133117370447088,7.5690196549386926,11113.311737044709,-2.4393966478774205
60,2,3.5,1,0,0.15,12,0,0.0,2.5,72,0,164,58,106,35.36585365853659,1.0837091531112497,7.994506266098813,0.04874698942743178,6.570178721268682,20.21736955833422,10657.017872126868,54,20,34,37.03703703703704,0.939208149719438,-1.9021447535240261,-0.035224902843037524,-2.325658166648714,12.958325316874554,9767.434183335128,-2.4563828398416825
60,2,3.5,1,0,0.05,24,0,0.1,2.5,24,1,205,83,122,40.48780487804878,1.38384459157299,25.33328755615368,0.12357701246904235,27.4752377703388,7.634318540101679,12747.52377703388,70,29,41,41.42857142857143,0.8975139275723087,-2.812101030707174,-0.040172871867245344,-3.0776212492862776,11.16604652642851,9692.237875071372,-2.4659541354614958
60,2,3.5,1,0,0.15,24,0,0.1,2.5,24,1,215,87,128,40.46511627906977,1.322824478359248,22.51756158915133,0.10473284460070387,23.9225482597182,7.52135496565986,12392.25482597182,71,30,41,42.25352112676056,0.893971916804214,-2.869772182392807,-0.040419326512574745,-3.1279804968531444,10.694556053395942,9687.201950314686,-2.467995568951198
60,2,3.5,1,2,0.05,24,0,0.0,3.0,72,1,131,42,89,32.06106870229008,1.2124620387192924,11.69180624538227,0.08925042935406313,11.222319390828117,12.273674645427267,11122.23193908281,42,11,31,26.19047619047619,0.9027629618069463,-1.6476651520716803,-0.03923012266837334,-1.8602544377180341,11.781042189314883,9813.974556228197,-2.4777868103797216
60,2,3.5,1,0,0.05,24,0,0.25,1.5,72,1,183,70,113,38.25136612021858,1.136772182468251,10.186423223357291,0.05566351488173383,9.66538950358622,13.248487291280306,10966.538950358621,61,21,40,34.42622950819672,0.9195549464492863,-2.408106550288041,-0.03947715656209903,-2.7115939176958426,13.370260408225729,9728.840608230415,-2.4981079493003655
60,3,3.5,1,1,0.05,12,0,0.1,2.0,6,0,92,42,50,45.65217391304348,0.8401501958562511,-3.832636922990453,-0.04165909698902666,-3.9355997976100343,5.787848058992876,9606.440020238997,33,13,20,39.39393939393939,1.0570188800310263,0.4178932721084131,0.01266343248813373,0.3412873812228545,6.095290053836097,10034.128738122285,-2.4986906579587127
60,3,3.5,1,1,0.05,12,0,0.1,2.0,6,1,92,42,50,45.65217391304348,0.8401501958562511,-3.832636922990453,-0.04165909698902666,-3.9355997976100343,5.787848058992876,9606.440020238997,33,13,20,39.39393939393939,1.0570188800310263,0.4178932721084131,0.01266343248813373,0.3412873812228545,6.095290053836097,10034.128738122285,-2.4986906579587127
60,2,3.5,1,0,0.05,12,1,0.25,2.0,6,0,201,79,122,39.30348258706468,0.9374618551374677,-6.134778484024335,-0.030521285990170822,-7.090123596010722,29.337260588084153,9290.987640398927,72,30,42,41.666666666666664,1.0632790878472635,2.275007267535883,0.0315973231602206,1.7874801725897171,11.32232180178412,10178.748017258971,-2.508394579912357
60,2,3.5,1,0,0.05,24,1,0.0,2.5,6,0,233,85,148,36.48068669527897,0.9479668883474115,-6.692617306931758,-0.028723679428891664,-8.227021978896431,33.14872982298383,9177.297802110357,88,32,56,36.36363636363637,0.9564303811410676,-2.277559879063329,-0.025881362262083284,-3.0170599673290055,21.48477960907317,9698.2940032671,-2.5164943186001594
60,2,3.5,1,2,0.15,24,0,0.0,2.0,6,0,177,74,103,41.80790960451977,0.8363917724778142,-6.741919107752774,-0.03808993846188008,-6.814229092041312,13.641546695229682,9318.577090795869,66,36,30,54.54545454545455,1.365207610250379,4.92388627251595,0.07460433746236288,4.884952158190892,2.981351926099433,10488.495215819088,-2.5342338410070635
60,2,3.5,1,2,0.05,24,1,0.0,1.0,72,1,165,82,83,49.696969696969695,0.9277297435615881,-6.195999637983692,-0.03755151295747692,-6.784533639888723,17.46738006315411,9321.546636011128,58,31,27,53.44827586206897,1.1172234485146282,3.210148792454855,0.05534739297335957,2.9633788406186135,10.042614096039667,10296.33788406186,-2.53998086802319
60,2,3.5,1,2,0.05,24,1,0.0,1.0,72,0,165,82,83,49.696969696969695,0.9277297435615881,-6.195999637983692,-0.03755151295747692,-6.784533639888723,17.46738006315411,9321.546636011128,58,31,27,53.44827586206897,1.1172234485146282,3.210148792454855,0.05534739297335957,2.9633788406186135,10.042614096039667,10296.33788406186,-2.53998086802319
60,2,3.5,1,0,0.05,12,0,0.1,2.0,72,0,155,60,95,38.70967741935484,1.0742598600428366,6.269608503992387,0.04044908712253153,5.160352512809618,16.21371675268377,10516.035251280962,51,19,32,37.254901960784316,0.9356138760330059,-1.959143591860197,-0.03841458023255288,-2.338674444298394,10.991271088128919,9766.13255557016,-2.54792890449216
60,2,3.5,1,0,0.05,24,0,0.0,1.5,72,0,180,77,103,42.77777777777778,1.034734855788232,3.155659636159724,0.017531442423109576,2.0701021754830906,16.13938572842802,10207.010217548308,62,25,37,40.32258064516129,0.9319738223440894,-2.3990906317774785,-0.03869501018995933,-2.7659616195370162,11.816734281650007,9723.403838046299,-2.559603045374282
60,2,3.5,1,2,0.05,24,1,0.25,2.5,24,0,162,49,113,30.246913580246915,0.954430591356985,-5.038163093664376,-0.031099772183113432,-6.582879124077168,29.6375241050448,9341.712087592283,56,22,34,39.285714285714285,1.47215160967001,13.970626627824707,0.24947547549686977,14.256219992804443,8.001275287381542,11425.621999280444,-2.575062355116606
60,2,3.5,1,0,0.05,48,1,0.1,2.5,24,1,258,64,194,24.8062015503876,1.013521089457037,1.8988543429349343,0.007359900554011373,-0.4872113714300408,20.300531209789124,9951.278862856996,94,22,72,23.404255319148938,0.9324392818141534,-3.4547166801267535,-0.03675230510773142,-4.181897838623749,20.36682658674924,9581.810216137625,-2.5769738531897355
60,3,2.5,1,1,0.05,12,1,0.0,2.0,24,0,142,52,90,36.61971830985915,1.041100771574131,3.8650164147861785,0.027218425456240695,2.460504553456677,21.665759929657234,10246.050455345667,56,19,37,33.92857142857143,0.9457478851708211,-2.0018327019859874,-0.035747012535464064,-2.493743689433958,14.04667525523466,9750.625631056604,-2.578845952200743
60,2,3.5,1,0,0.15,12,0,0.25,2.5,72,1,162,55,107,33.95061728395062,1.1912266830881049,13.438988686303544,0.08295672028582435,12.992775779079647,16.615849208992994,11299.277577907964,53,17,36,32.075471698113205,0.9255518270458719,-2.0326875677850262,-0.0383525956185854,-2.39024328300651,12.014258846906378,9760.975671699349,-2.5822084556499485
60,2,3.5,1,2,0.05,12,1,0.1,1.0,24,0,131,64,67,48.85496183206107,0.9231447105852096,-5.116718695493286,-0.0390589213396434,-5.592139879820445,15.64813838926006,9440.786012017956,48,23,25,47.916666666666664,0.9304781745258935,-1.6968380238130831,-0.035350792162772565,-1.9137397934669065,8.669896269542559,9808.62602065331,-2.609308986338462
60,2,3.5,1,2,0.05,12,1,0.1,1.0,24,1,131,64,67,48.85496183206107,0.9231447105852096,-5.116718695493286,-0.0390589213396434,-5.592139879820445,15.64813838926006,9440.786012017956,48,23,25,47.916666666666664,0.9304781745258935,-1.6968380238130831,-0.035350792162772565,-1.9137397934669065,8.669896269542559,9808.62602065331,-2.609308986338462
60,2,3.5,1,2,0.05,12,1,0.1,2.5,6,1,130,41,89,31.53846153846154,0.9175656333652061,-4.740245735218578,-0.0364634287324506,-5.361846102710766,19.869913476205113,9463.815389728923,50,23,27,46.0,1.4231864384109718,8.217806780657657,0.16435613561315315,8.187415650733376,7.284586618274419,10818.741565073338,-2.6102238518145215
60,2,3.5,1,2,0.05,12,1,0.1,1.5,24,0,131,52,79,39.69465648854962,0.9653871492760051,-2.7032628752798127,-0.02063559446778483,-3.5878156651554693,21.304069920759762,9641.218433484453,47,17,30,36.170212765957444,0.934112217357271,-1.7037189320678923,-0.03624933898016792,-1.9890459171523212,10.586896632743308,9801.095408284767,-2.6478335574570466
60,2,3.5,1,0,0.15,12,0,0.1,2.5,72,1,167,56,111,33.532934131736525,1.24817845525236,17.997522879693502,0.10776959808199701,18.137415266191702,15.793956068169072,11813.741526619171,53,17,36,32.075471698113205,0.9242599445213427,-2.0936733079760463,-0.03950326996181219,-2.4550882103090976,12.35602402529426,9754.49117896909,-2.6505460665722502
60,2,3.5,1,2,0.15,24,0,0.1,2.5,6,0,177,74,103,41.80790960451977,0.82087303616636,-6.969646550407651,-0.03937653418309407,-6.988870826487559,13.331669462998686,9301.112917351244,66,36,30,54.54545454545455,1.3737266576535863,4.81807422510145,0.07300112462274924,4.781283033522432,3.4343742424766615,10478.128303352243,-2.6753382518175117
60,2,3.5,1,2,0.15,24,0,0.1,3.0,6,0,177,74,103,41.80790960451977,0.82087303616636,-6.969646550407651,-0.03937653418309407,-6.988870826487559,13.331669462998686,9301.112917351244,66,36,30,54.54545454545455,1.4011193651320222,5.171220288286297,0.07835182254979238,5.141678416670037,3.43437424247667,10514.167841667004,-2.6753382518175117
60,2,3.5,1,2,0.05,24,1,0.1,2.0,72,0,162,54,108,33.333333333333336,0.9491080939033805,-5.615002128863464,-0.03466050696829299,-6.949952138965331,25.258018352039368,9305.004786103467,57,22,35,38.59649122807018,1.234285155351078,8.302800106161518,0.1456631597572196,7.996629806524624,10.45822580131742,10799.662980652462,-2.6772713090902576
60,2,3.5,1,0,0.05,48,0,0.25,2.0,24,1,226,96,130,42.47787610619469,1.3752991216054855,26.750437319731333,0.11836476690146608,29.31813883210339,7.345433770970658,12931.81388321034,81,33,48,40.74074074074074,0.8871138511387311,-3.403500491420288,-0.04201852458543566,-3.6555143906209175,11.903782384430576,9634.448560937908,-2.7011797746055137
60,2,3.5,1,2,0.15,24,0,0.1,2.0,6,0,177,74,103,41.80790960451977,0.8192915537796976,-7.031180408989474,-0.039724183101635446,-7.044950796135474,13.331669462998747,9295.504920386453,66,36,30,54.54545454545455,1.3519166014429502,4.536899554992999,0.06874090234837878,4.497863943544811,2.9331597861622547,10449.786394354482,-2.7132661084449774
60,3,2.5,1,1,0.05,12,0,0.0,3.0,24,0,146,54,92,36.986301369863014,0.9364522008600238,-4.87649794034747,-0.033400670824297735,-5.868301928413199,27.22994586515009,9413.16980715868,47,16,31,34.04255319148936,1.182098977185244,4.120400072362985,0.08766808664602095,3.743155147040267,9.24065290957872,10374.315514704027,-2.7138393315279425
60,2,3.5,1,0,0.15,12,0,0.25,2.5,72,0,159,56,103,35.22012578616352,0.9953198812582871,-0.42426695138512915,-0.002668345606195781,-1.8198168333578124,23.37388867558664,9818.018316664218,53,20,33,37.735849056603776,0.9349001308523597,-1.9099943907735437,-0.036037630014595166,-2.2932418492998097,12.004381655905295,9770.675815070019,-2.737497655633568
60,3,2.5,1,1,0.05,12,1,0.25,1.5,6,1,153,58,95,37.908496732026144,0.9228991958987555,-5.6766633792533305,-0.03710237502779955,-6.301429822421401,21.59395354235279,9369.85701775786,58,23,35,39.6551724137931,0.9350139080051634,-1.8431226861597236,-0.03177797734758144,-2.1382408123009733,11.364993191312077,9786.175918769903,-2.7523225791330392
60,3,2.5,1,1,0.05,12,1,0.1,1.5,72,0,147,60,87,40.816326530612244,0.9780589798002486,-1.9726293517163431,-0.013419247290587369,-3.034947181696057,22.327475055724687,9696.505281830394,56,22,34,39.285714285714285,0.9400757123741034,-2.0757243317053575,-0.037066505923309956,-2.4612657191471987,12.617715441334221,9753.87342808528,-2.7618425441428145
60,2,3.5,1,3,0.05,24,1,0.25,2.0,24,1,182,49,133,26.923076923076923,0.9397044470892877,-5.8525778377956765,-0.03215702108678943,-6.960214636798156,30.68376524119241,9303.978536320185,61,22,39,36.0655737704918,1.4078418754221385,11.267604768651687,0.18471483227297847,11.364626171368197,7.079669813840872,11136.46261713682,-2.764605690467403
60,2,3.5,1,0,0.05,12,0,0.25,2.0,72,0,154,59,95,38.311688311688314,1.0651251187894326,5.367090653735799,0.03485123801127142,4.253006039510621,16.15850917890062,10425.300603951062,51,19,32,37.254901960784316,0.9290777606662801,-2.0670572758783283,-0.040530534821143695,-2.4152343921415964,11.085925094904407,9758.47656078584,-2.769284139657703
60,2,3.5,1,0,0.05,24,1,0.1,2.5,24,1,231,57,174,24.675324675324674,1.0763950337516401,9.386719850339809,0.0406351508672719,7.4556928244535525,18.56808030848565,10745.569282445354,81,19,62,23.45679012345679,0.9311626769082505,-3.0986461185170837,-0.03825489035206276,-3.7490612367759413,20.818748272899448,9625.093876322406,-2.771616653037317
60,2,3.5,1,3,0.05,24,1,0.0,2.5,24,1,180,40,140,22.22222222222222,0.9403189735589466,-5.881190995079933,-0.032673283305999626,-7.212838229017848,30.000105887021245,9278.716177098215,61,21,40,34.42622950819672,1.544447774469015,16.179225335489903,0.26523320222114594,16.75634711741374,8.022260089952205,11675.634711741373,-2.773983298198835
60,2,3.5,1,2,0.15,24,1,0.0,2.5,6,1,175,53,122,30.285714285714285,0.9248926867018765,-6.007298539277936,-0.03432742022444535,-6.8825415770392695,27.362341511908166,9311.745842296074,69,29,40,42.028985507246375,1.130041787805501,3.9209398518299334,0.056825215243912076,3.524774467565006,9.960308787173384,10352.4774467565,-2.799847615550336
60,3,2.5,1,1,0.05,12,0,0.0,3.0,24,1,150,47,103,31.333333333333332,0.9187516512813024,-5.483785874910449,-0.036558572499402996,-6.267215032094386,22.967366296593138,9373.27849679056,48,16,32,33.333333333333336,1.300518749501572,6.180742869054319,0.12876547643863165,5.913649934897824,8.118767750811521,10591.364993489782,-2.80721389536222
60,2,3.5,1,2,0.05,12,1,0.0,3.0,6,1,129,39,90,30.232558139534884,0.917390127495817,-4.811474607372641,-0.037298252770330546,-5.492339839641335,21.75947994068012,9450.766016035866,50,22,28,44.0,1.6048174819303795,11.738852258506617,0.23477704517013234,11.955980330170002,7.329054428669121,11195.598033017,-2.807431255209795
60,2,3.5,1,2,0.05,24,1,0.25,2.5,72,1,165,35,130,21.21212121212121,0.9410125920727146,-5.440133218796197,-0.03297050435634059,-6.73211180886657,30.145079585017264,9326.788819113342,57,14,43,24.56140350877193,1.1833190114548842,5.3977158607857065,0.09469676948746854,4.940373168095746,9.70797976901191,10494.037316809574,-2.817685725535023
60,2,3.5,1,2,0.15,24,0,0.25,2.5,6,0,177,74,103,41.80790960451977,0.808155376122004,-7.216424241519308,-0.04077075842666276,-7.198763358801674,13.024567372002407,9280.123664119832,66,36,30,54.54545454545455,1.3999268905192181,4.902534196534703,0.07428082115961672,4.878478608230585,3.274754799954667,10487.847860823058,-2.8217698708033163
60,2,3.5,1,2,0.15,24,0,0.25,3.0,6,0,177,74,103,41.80790960451977,0.808155376122004,-7.216424241519308,-0.04077075842666276,-7.198763358801674,13.024567372002407,9280.123664119832,66,36,30,54.54545454545455,1.4132227010289353,5.065521900637087,0.07675033182783465,5.043658420356811,3.274754799954612,10504.36584203568,-2.8217698708033163
60,2,3.5,1,2,0.15,24,0,0.25,2.0,6,0,177,74,103,41.80790960451977,0.8081147050841759,-7.217954122614628,-0.04077940182268152,-7.200155313039469,13.02456737200236,9279.984468696053,66,36,30,54.54545454545455,1.3824195669059076,4.6879193388225255,0.07102908089125039,4.663607102206124,2.866021501918824,10466.360710220612,-2.8227155524808447
60,2,3.5,1,2,0.05,12,0,0.0,2.0,72,0,112,52,60,46.42857142857143,1.5466231384231819,26.85527753872675,0.2397792637386317,29.604205946726726,8.46254234862838,12960.420594672672,38,15,23,39.473684210526315,0.9184733170489795,-1.6966356412633121,-0.04464830634903453,-1.938971272601664,9.377029083802967,9806.102872739833,-2.8241495812207065
60,2,3.5,1,0,0.05,24,1,0.25,1.5,6,0,240,100,140,41.666666666666664,0.9300239950853633,-7.797810728565921,-0.03249087803569133,-8.620837107365153,31.436741789545486,9137.916289263485,88,38,50,43.18181818181818,0.97144838991128,-1.2043189378323658,-0.013685442475367793,-1.6657944497181387,15.710965206600072,9833.420555028186,-2.8263806837979217
60,2,3.5,1,0,0.05,24,1,0.0,3.0,6,1,233,66,167,28.326180257510728,0.9293064928942337,-7.979619946281331,-0.03424729590678683,-9.291525918528876,28.490299077220026,9070.847408147112,87,27,60,31.03448275862069,1.0381406650604164,1.6156610612701277,0.018570816796208364,0.8758845348938671,18.00222320072395,10087.588453489387,-2.827800868075596
60,2,3.5,1,2,0.05,24,0,0.1,3.0,72,1,130,42,88,32.30769230769231,1.1791491046496687,9.798513430541794,0.07537318023493687,9.186348764622343,12.13073487467299,10918.634876462234,42,11,31,26.19047619047619,0.8939475007915454,-1.7921978191345718,-0.04267137664606123,-1.9993962141838573,11.59179055568665,9800.060378581615,-2.8309667439340553
60,2,3.5,1,0,0.15,12,0,0.25,1.0,6,1,213,90,123,42.25352112676056,1.013176778209443,0.5637217967829866,0.002646581205553928,0.2604853700165499,11.867664960935752,10026.048537001654,73,36,37,49.31506849315068,0.8163461969899667,-3.0558906625492965,-0.041861515925332826,-3.1165750221685995,7.264603532725195,9688.34249778314,-2.835112586889077
60,2,3.5,1,0,0.15,12,0,0.25,1.0,6,0,213,90,123,42.25352112676056,1.013176778209443,0.5637217967829866,0.002646581205553928,0.2604853700165499,11.867664960935752,10026.048537001654,73,36,37,49.31506849315068,0.8163461969899667,-3.0558906625492965,-0.041861515925332826,-3.1165750221685995,7.264603532725195,9688.34249778314,-2.835112586889077
60,2,3.5,1,2,0.05,12,1,0.0,1.5,24,0,130,53,77,40.76923076923077,1.0047093449398294,0.3594824478609555,0.002765249598930427,-0.58932083150387,21.597382858296204,9941.067916849614,47,17,30,36.170212765957444,0.9312379676623712,-1.7832056830922716,-0.037940546448771734,-2.0671112455255214,10.638693234380016,9793.288875447448,-2.8403015799594145
60,3,2.5,1,1,0.05,12,0,0.25,3.0,72,1,136,37,99,27.205882352941178,0.9323923679054648,-5.092591992489124,-0.03744552935653768,-6.162330034680597,22.398714001663812,9383.76699653194,44,14,30,31.818181818181817,1.410640383128969,9.21980588244552,0.20954104278285274,9.070550813376776,10.071355685902518,10907.055081337678,-2.843024790965635
60,2,3.5,1,0,0.05,48,0,0.25,1.5,24,1,229,102,127,44.54148471615721,1.325725370966666,23.516893986128675,0.10269386020143527,25.368918861381616,6.445880763230908,12536.89188613816,81,34,47,41.97530864197531,0.8844650234773045,-3.4826567450242596,-0.042995762284250116,-3.7050815972413,12.723601390415304,9629.49184027587,-2.853390340168895
60,2,3.5,1,2,0.05,24,1,0.0,1.0,24,0,165,80,85,48.484848484848484,0.9209491426862276,-6.595290568460427,-0.03997145799066925,-7.125591282138288,18.725243830673083,9287.440871786172,58,30,28,51.724137931034484,1.0576736099379636,1.5849351168352606,0.027326467531642425,1.3123725016721988,10.042614096039667,10131.23725016722,-2.8710083991442823
60,2,3.5,1,2,0.05,24,1,0.0,1.0,24,1,165,80,85,48.484848484848484,0.9209491426862276,-6.595290568460427,-0.03997145799066925,-7.125591282138288,18.725243830673083,9287.440871786172,58,30,28,51.724137931034484,1.0576736099379636,1.5849351168352606,0.027326467531642425,1.3123725016721988,10.042614096039667,10131.23725016722,-2.8710083991442823
60,2,3.5,1,0,0.15,24,0,0.1,2.5,24,0,213,93,120,43.66197183098591,1.3155106394402267,24.390928032609594,0.11451139921412955,26.096575015407588,9.885670204362649,12609.657501540758,71,32,39,45.070422535211264,0.8863797522656015,-3.187310781022447,-0.04489170114116122,-3.441103795110889,10.084001443404118,9655.889620488912,-2.8937840842875606
60,2,3.5,1,2,0.15,24,0,0.25,2.5,6,1,177,72,105,40.67796610169491,0.8043303491643579,-7.347762566913536,-0.04151278286391828,-7.320399390200238,13.095011754860886,9267.960060979976,66,36,30,54.54545454545455,1.3999268905192181,4.902534196534703,0.07428082115961672,4.878478608230585,3.274754799954667,10487.847860823058,-2.907849031415669
60,2,3.5,1,2,0.15,24,0,0.25,3.0,6,1,177,72,105,40.67796610169491,0.8043303491643579,-7.347762566913536,-0.04151278286391828,-7.320399390200238,13.095011754860886,9267.960060979976,66,36,30,54.54545454545455,1.4132227010289353,5.065521900637087,0.07675033182783465,5.043658420356811,3.274754799954612,10504.36584203568,-2.907849031415669
60,3,3.5,1,1,0.05,12,0,0.1,2.5,6,1,92,42,50,45.65217391304348,0.8260300108644563,-4.171189370075981,-0.04533901489213022,-4.258299788829534,6.311867429317887,9574.170021117046,33,13,20,39.39393939393939,1.1156805998856294,0.8478269720374185,0.02569172642537632,0.7639867504610764,6.0952900538360595,10076.398675046108,-2.9079174607815665
60,3,3.5,1,1,0.05,12,0,0.1,2.5,6,0,92,42,50,45.65217391304348,0.8260300108644563,-4.171189370075981,-0.04533901489213022,-4.258299788829534,6.311867429317887,9574.170021117046,33,13,20,39.39393939393939,1.1156805998856294,0.8478269720374185,0.02569172642537632,0.7639867504610764,6.0952900538360595,10076.398675046108,-2.9079174607815665
60,2,3.5,1,2,0.15,24,0,0.25,2.0,6,1,177,72,105,40.67796610169491,0.8042896086944509,-7.349292448008857,-0.041521426259937044,-7.32178951998187,13.095011754860892,9267.821048001813,66,36,30,54.54545454545455,1.3824195669059076,4.6879193388225255,0.07102908089125039,4.663607102206124,2.866021501918824,10466.360710220612,-2.908794851957359
60,2,3.5,1,2,0.15,24,0,0.0,3.0,6,1,177,72,105,40.67796610169491,0.8180372046965921,-7.305015446296063,-0.041271273707887364,-7.317813279487984,13.974350724611732,9268.218672051202,66,35,31,53.03030303030303,1.1573802231135706,2.126620579740789,0.032221523935466505,2.0217242432838844,4.339108154564861,10202.172424328388,-2.909044742933159
60,2,3.5,1,2,0.15,24,0,0.0,2.5,6,1,177,72,105,40.67796610169491,0.8180372046965921,-7.305015446296063,-0.041271273707887364,-7.317813279487984,13.974350724611732,9268.218672051202,66,35,31,53.03030303030303,1.1574061242907598,2.126970572740929,0.032226826859711045,2.0220726162649694,4.339108154564831,10202.207261626498,-2.909044742933159
60,3,2.5,1,1,0.05,12,1,0.0,2.0,6,1,142,48,94,33.80281690140845,0.9341595327120109,-5.2193532410961465,-0.036756008740113706,-6.098877113258494,25.23971175158102,9390.11228867415,58,21,37,36.206896551724135,1.079106463592477,2.3937150241141385,0.04127094869162308,1.9687103746849788,11.296594118092967,10196.871037468498,-2.913910769291638
60,2,3.5,1,0,0.15,24,0,0.0,1.0,72,1,204,109,95,53.431372549019606,1.1257581656585613,11.036926395131706,0.05410258036829268,10.654007342021643,9.977488727382294,11065.400734202163,65,31,34,47.69230769230769,0.9106481156364653,-2.784252380943916,-0.04283465201452178,-3.026500101211349,14.658584201423858,9697.349989878865,-2.9227185480620363
60,2,3.5,1,0,0.15,24,0,0.0,1.0,72,0,204,109,95,53.431372549019606,1.1257581656585613,11.036926395131706,0.05410258036829268,10.654007342021643,9.977488727382294,11065.400734202163,65,31,34,47.69230769230769,0.9106481156364653,-2.784252380943916,-0.04283465201452178,-3.026500101211349,14.658584201423858,9697.349989878865,-2.9227185480620363
60,2,3.5,1,0,0.05,12,1,0.0,3.0,72,0,189,53,136,28.04232804232804,1.0916986170078862,12.968840996817919,0.06861820633236994,10.494901663118839,33.21906626348602,11049.490166311884,65,16,49,24.615384615384617,0.9570127273801511,-2.1424152775804024,-0.0329602350396985,-3.0473330702423973,22.84610153375701,9695.26669297576,-2.9561765508160662
60,2,3.5,1,0,0.05,48,1,0.25,2.0,72,0,252,89,163,35.317460317460316,1.024345023184227,4.0493902280196234,0.016069008841347713,1.5453863843027493,32.314949773285704,10154.538638430275,92,30,62,32.608695652173914,0.9505180499461721,-3.103635342727584,-0.03373516676877809,-3.9284971985863004,19.344403594961264,9607.15028014137,-2.9581176140672816
60,2,3.5,1,0,0.05,48,0,0.25,3.0,24,1,219,90,129,41.0958904109589,1.36848114140448,25.8802204217026,0.11817452247352785,28.084317269250114,7.672152268285068,12808.431726925011,81,32,49,39.50617283950617,0.878863280508008,-3.6526208291478284,-0.04509408431046702,-3.9289990655938856,10.929939476017815,9607.100093440611,-2.96680631386533
60,2,3.5,1,2,0.15,24,1,0.0,3.0,72,1,174,30,144,17.24137931034483,0.9402824643700584,-5.670977531383416,-0.03259182489300814,-7.1885175227853315,33.724484925877626,9281.148247721467,64,11,53,17.1875,1.035725381703829,1.133352908164229,0.01770863919006608,0.4927400344244548,11.894951483867896,10049.274003442446,-2.9846479291237906
60,2,3.5,1,3,0.05,24,1,0.25,1.5,6,0,184,77,107,41.84782608695652,0.9264591364758271,-6.358500109134566,-0.034557065810513946,-7.051878993073901,30.219031955737467,9294.81210069261,67,31,36,46.26865671641791,1.103047849292795,3.1271944343477798,0.04667454379623552,2.7994399565879124,8.303437394951676,10279.943995658792,-2.9939794549263774
60,2,3.5,1,2,0.15,24,1,0.1,1.5,72,1,176,60,116,34.09090909090909,0.9279842824791585,-6.862988731927637,-0.038994254158679756,-7.686810766662133,22.873748719275795,9231.318923333787,65,21,44,32.30769230769231,0.9608751058513963,-1.2735551556518374,-0.019593156240797497,-1.6555446011944919,10.301192334679547,9834.445539880551,-2.9969162998635634
60,2,3.5,1,2,0.05,12,0,0.1,2.0,72,0,112,51,61,45.535714285714285,1.4668273000519767,23.34682720842355,0.20845381436092456,25.166290127844015,8.408005553288096,12516.629012784402,38,15,23,39.473684210526315,0.9151767591520477,-1.7618819105501722,-0.046365313435530846,-2.001934952291373,9.31390080701235,9799.806504770862,-2.9986557090567656
60,3,2.5,1,1,0.05,12,0,0.1,3.0,72,1,140,35,105,25.0,0.9251864409583591,-5.506762860883024,-0.03933402043487874,-6.5306531914618215,21.710773306249923,9346.934680853818,44,14,30,31.818181818181817,1.4173228447326476,9.380386526557986,0.21319060287631786,9.24337941142792,10.220980576743328,10924.337941142792,-3.0050093109691196
60,2,3.5,1,2,0.05,24,1,0.1,1.5,24,1,166,57,109,34.33734939759036,0.9646333169384703,-3.0328296013267186,-0.018270057839317583,-3.9880217864971423,20.695888120764362,9601.197821350286,58,19,39,32.758620689655174,0.9208838068886805,-2.3399635643754104,-0.04034419938578294,-2.652350241874124,11.515491525593967,9734.764975812588,-3.0266518676562226
60,3,2.5,1,1,0.05,12,1,0.25,3.0,6,1,153,48,105,31.372549019607842,0.9708290604099947,-2.1601451657058837,-0.014118595854286821,-3.2672622127131956,22.42593133053542,9673.27377872868,58,18,40,31.03448275862069,0.9199078489712684,-2.279430258943825,-0.03930052170592802,-2.677637277375411,14.427358439032547,9732.236272262458,-3.028038608091819
60,2,3.5,1,2,0.05,12,1,0.0,2.0,72,1,129,31,98,24.031007751937985,0.923873359309158,-5.04367111426424,-0.03909822569197085,-5.803970126519942,22.67151634729462,9419.602987348006,48,13,35,27.083333333333332,1.1472033160784312,3.3117242266697593,0.06899425472228665,2.9885851931443996,7.63315910692473,10298.85851931444,-3.0331848016053824
60,2,3.5,1,0,0.05,48,0,0.25,1.5,24,0,228,104,124,45.6140350877193,1.2665286516661667,20.796866196369354,0.0912143254226726,21.943047365746658,7.415734353184707,12194.304736574666,81,36,45,44.44444444444444,0.8867805943624849,-3.63679802090312,-0.04489874099880395,-3.874221617308904,12.722331869361273,9612.57783826911,-3.038980898590676
60,3,2.5,1,1,0.05,12,0,0.0,3.0,6,0,159,67,92,42.138364779874216,0.8489130192758103,-6.997308165205966,-0.04400822745412557,-7.1534354721536015,12.373869788568053,9284.65645278464,57,25,32,43.85964912280702,1.4359698385441595,6.288677495379326,0.11032767535753203,6.246661165044087,6.7491424616912346,10624.66611650441,-3.039384593120377
60,2,3.5,1,2,0.05,24,0,0.25,1.0,72,1,141,68,73,48.226950354609926,0.9056812869966742,-5.967380851462608,-0.042321850010373106,-6.3401390266874085,16.768568520254732,9365.986097331259,47,25,22,53.191489361702125,1.261869732376719,4.856380201639536,0.10332723833275609,4.763619391403817,9.038677535243286,10476.361939140383,-3.0398164371684575
60,2,3.5,1,2,0.05,24,0,0.25,1.0,72,0,141,68,73,48.226950354609926,0.9056812869966742,-5.967380851462608,-0.042321850010373106,-6.3401390266874085,16.768568520254732,9365.986097331259,47,25,22,53.191489361702125,1.261869732376719,4.856380201639536,0.10332723833275609,4.763619391403817,9.038677535243286,10476.361939140383,-3.0398164371684575
60,2,3.5,1,0,0.05,12,1,0.0,2.5,6,1,196,58,138,29.591836734693878,0.9252883271264326,-7.323880512944642,-0.037366737310942054,-8.392370424213347,26.432909425464075,9160.762957578665,73,25,48,34.24657534246575,1.1118420990758602,3.747602397850658,0.05133701914863915,3.237912575421631,12.907800541750202,10323.791257542163,-3.0416651330487676
60,2,3.5,1,2,0.15,24,1,0.1,3.0,24,1,174,34,140,19.54022988505747,0.9376865979981879,-5.847168283182356,-0.03360441542058825,-7.254489272088193,32.99605443218528,9274.55107279118,64,16,48,25.0,1.0304137530091806,0.9940946428926453,0.015532728795197582,0.37848656345333964,10.723289049374236,10037.848656345333,-3.0473928850040024
60,3,2.5,1,1,0.05,12,0,0.25,2.5,6,1,159,69,90,43.39622641509434,0.8349275125031855,-6.98675195826359,-0.04394183621549428,-7.068264148612502,12.49496308088949,9293.17358513875,57,25,32,43.85964912280702,1.3107015150568504,4.299322398104162,0.07542670873866951,4.203653069286073,6.40969106822077,10420.365306928608,-3.0679820803417837
60,3,2.5,1,1,0.05,12,0,0.25,2.5,6,0,159,69,90,43.39622641509434,0.8349275125031855,-6.98675195826359,-0.04394183621549428,-7.068264148612502,12.49496308088949,9293.17358513875,57,25,32,43.85964912280702,1.3048297828473703,4.2370538095099795,0.0743342773598242,4.138759520594548,6.409691068220765,10413.875952059454,-3.0679820803417837
60,2,3.5,1,0,0.15,24,0,0.25,2.5,24,1,212,89,123,41.9811320754717,1.3467983864486386,22.575164113347007,0.10648662317616513,24.121193818213428,6.754172341344364,12412.119381821343,71,30,41,42.25352112676056,0.8775639895290668,-3.2825781160137155,-0.046233494591742474,-3.519053480315526,10.709693548052513,9648.094651968448,-3.0831364810976587
60,2,3.5,1,0,0.05,48,1,0.1,2.5,72,1,254,60,194,23.62204724409449,1.0123636555446363,1.7342643846036538,0.0068278125378096605,-0.6920543180848338,21.062846603505093,9930.794568191517,93,19,74,20.43010752688172,0.9247429006432719,-3.841307637904788,-0.04130438320327729,-4.569538449219768,20.295293390591286,9543.046155078024,-3.0903938370244903
60,2,3.5,1,3,0.05,24,1,0.1,2.5,72,0,176,51,125,28.977272727272727,0.9562553205523762,-5.620622637170005,-0.03193535589301139,-7.481715572923364,37.07594735389884,9251.828442707663,59,19,40,32.20338983050848,1.1646818903547935,6.685152693635776,0.11330767277348773,6.076544551351271,14.231439823844848,10607.654455135127,-3.0961473332081066
60,2,3.5,1,0,0.05,24,1,0.25,2.0,72,1,232,66,166,28.448275862068964,1.0271069364586036,3.384185721660863,0.014587007420951996,1.5046748641773133,28.109515223287023,10150.467486417732,80,21,59,26.25,0.933228321106504,-2.9859941005391786,-0.037324926256739735,-3.557398327985739,17.917747985388836,9644.260167201426,-3.1131619813909426
60,3,2.5,1,1,0.05,12,0,0.0,3.0,6,1,159,65,94,40.880503144654085,0.8452434498620586,-7.140239259594425,-0.04490716515468192,-7.285440888792016,12.19756889207998,9271.455911120798,57,25,32,43.85964912280702,1.443966487412257,6.3685603895658565,0.11172912964150625,6.331614371682415,6.749142461691212,10633.16143716824,-3.1260394482142306
60,2,3.5,1,3,0.05,24,1,0.0,2.5,72,1,180,39,141,21.666666666666668,0.9360908098795109,-6.403779136735505,-0.035576550759641695,-7.744534640990586,31.237159626297583,9225.546535900941,60,17,43,28.333333333333332,1.4714084576493802,13.544445738864715,0.22574076231441192,13.748134551601176,8.965346377759435,11374.813455160118,-3.1486156473656717
60,2,3.5,1,0,0.05,48,1,0.25,2.0,6,0,269,108,161,40.14869888475837,0.9288541666975528,-9.133253794696236,-0.03395261633716073,-10.158525076022629,34.57624992349559,8984.147492397737,100,41,59,41.0,1.034769220990742,1.6679765327789875,0.016679765327789874,1.0339453489333295,13.109464504837101,10103.394534893334,-3.150616244046576
60,2,3.5,1,0,0.05,24,1,0.25,1.5,6,1,241,91,150,37.75933609958506,0.918178046935711,-8.684993265967472,-0.03603731645629656,-9.373256132426434,31.1054032502689,9062.674386757357,88,35,53,39.77272727272727,0.9835670391518607,-0.6117063737989343,-0.006951208793169708,-1.02440098554607,14.414322867408622,9897.559901445393,-3.184836109801154
60,3,2.5,1,1,0.05,12,0,0.0,2.5,6,0,159,67,92,42.138364779874216,0.8436635002179084,-7.240429725986358,-0.04553729387412804,-7.363278622415404,12.14532148481324,9263.67213775846,57,25,32,43.85964912280702,1.3986386143816,5.750190635714902,0.10088053746868249,5.693341833985022,6.7491424616912115,10569.334183398503,-3.1890773750111396
60,2,3.5,1,0,0.15,24,0,0.1,1.0,6,0,245,106,139,43.265306122448976,1.0063538750207783,0.3258094321048707,0.0013298344167545742,-0.0487237626157877,11.496738304070803,9995.12762373842,83,40,43,48.19277108433735,0.8106937357119599,-3.797128317048264,-0.04574853394034053,-3.8540163406779127,7.982718019739419,9614.598365932208,-3.2001885409700495
60,2,3.5,1,0,0.15,24,0,0.1,1.0,6,1,245,106,139,43.265306122448976,1.0063538750207783,0.3258094321048707,0.0013298344167545742,-0.0487237626157877,11.496738304070803,9995.12762373842,83,40,43,48.19277108433735,0.8106937357119599,-3.797128317048264,-0.04574853394034053,-3.8540163406779127,7.982718019739419,9614.598365932208,-3.2001885409700495
60,3,2.5,1,1,0.05,12,1,0.0,1.5,72,1,142,53,89,37.32394366197183,0.9453921324090223,-4.47614265004651,-0.031522131338355706,-5.320418902326729,23.063490557234072,9467.958109767327,56,20,36,35.714285714285715,0.9281349577767926,-2.28903008121246,-0.040875537164508216,-2.6339149197316503,13.243282497181397,9736.608508026835,-3.210788107547826
60,2,3.5,1,0,0.05,24,0,0.25,2.5,24,1,202,85,117,42.07920792079208,1.4173078795478435,25.62388623053252,0.1268509219333293,27.968723239865323,6.615570360588238,12796.872323986532,70,29,41,41.42857142857143,0.8780578802377575,-3.3194653229369444,-0.04742093318481349,-3.5598100894204565,11.155987609799098,9644.018991057954,-3.2290688268896477
60,2,3.5,1,0,0.05,12,1,0.25,1.5,6,0,201,82,119,40.79601990049751,0.9200458819802283,-7.6129175954699955,-0.03787521191776117,-8.288046724432174,28.854291681843215,9171.195327556783,73,32,41,43.83561643835616,0.9647237737034973,-1.232214178094336,-0.01687964627526488,-1.6112161575191797,12.921772237402019,9838.878384248083,-3.248280419405836
60,2,3.5,1,0,0.05,48,1,0.0,3.0,6,1,262,76,186,29.00763358778626,0.9227332145742837,-9.760740035576273,-0.03725473296021478,-11.067663685024076,30.751726586341157,8893.233631497593,100,29,71,29.0,0.9489996387371665,-2.4573981774191664,-0.024573981774191664,-3.1894011148800194,20.498358876196278,9681.059888511998,-3.263598410369254
60,2,3.5,1,2,0.05,24,1,0.1,1.0,72,0,165,81,84,49.09090909090909,0.9137697870745881,-7.432854805967723,-0.04504760488465286,-7.927365171401912,16.573943098481756,9207.26348285981,58,29,29,50.0,0.9760603769170707,-0.7030996613334494,-0.01212240795402499,-0.988681624685761,10.571577680618363,9901.131837531424,-3.2639037558344435
60,2,3.5,1,2,0.05,24,1,0.1,1.0,72,1,165,81,84,49.09090909090909,0.9137697870745881,-7.432854805967723,-0.04504760488465286,-7.927365171401912,16.573943098481756,9207.26348285981,58,29,29,50.0,0.9760603769170707,-0.7030996613334494,-0.01212240795402499,-0.988681624685761,10.571577680618363,9901.131837531424,-3.2639037558344435
60,2,3.5,1,0,0.05,12,1,0.25,1.5,6,1,202,75,127,37.12871287128713,0.9136485980823843,-7.762852695439778,-0.03842996383881078,-8.371948343548096,27.98288326855833,9162.80516564519,73,29,44,39.726027397260275,0.9470658714248362,-1.6396016140609064,-0.022460296083026115,-1.9599783824685302,12.466584949519389,9804.002161753147,-3.2642656745093923
60,2,3.5,1,0,0.05,24,0,0.1,1.5,72,0,178,75,103,42.13483146067416,1.0030985016304512,0.2810646597507023,0.0015790149424196756,-0.800419591320789,18.13467464532251,9919.958040867921,61,25,36,40.98360655737705,0.9208610509347019,-2.708963874718943,-0.04440924384785152,-3.0507699739583005,11.942331591017403,9694.92300260417,-3.2745693231305895
60,3,2.5,1,1,0.05,12,0,0.0,2.5,6,1,159,65,94,40.880503144654085,0.8399740670525162,-7.383360820374816,-0.04643623157468438,-7.494985692716383,11.968560756643225,9250.501430728362,57,25,32,43.85964912280702,1.4064273726078254,5.830073529901434,0.10228199175265675,5.7778526149419696,6.749142461691199,10577.785261494197,-3.2757443677073574
60,2,3.5,1,2,0.05,12,0,0.0,2.5,72,1,114,45,69,39.473684210526315,1.649892010859942,27.78467114899071,0.24372518551746236,30.76105929534063,7.758555718496922,13076.105929534064,38,11,27,28.94736842105263,0.8919278314369234,-1.8215709403385714,-0.04793607737733083,-2.028605406670647,11.039339704486117,9797.139459332935,-3.305756292515438
60,2,3.5,1,0,0.05,24,1,0.1,2.5,6,1,236,72,164,30.508474576271187,0.9177508291552431,-9.13656755889562,-0.038714269317354326,-10.148645869610828,28.721432572145762,8985.135413038917,87,29,58,33.333333333333336,0.9566209278526017,-1.8545663903494187,-0.02131685506148757,-2.448383756836958,16.793368509304717,9755.161624316304,-3.311477546305871
60,2,3.5,1,2,0.05,24,1,0.1,2.0,24,1,165,41,124,24.848484848484848,0.9197168616493699,-6.833776451363112,-0.04141682697795825,-7.705710277307986,23.623081656223864,9229.428972269201,58,19,39,32.758620689655174,1.1743426435194684,5.15640878951847,0.08890359981928396,4.783793179638596,8.86742829552715,10478.37931796386,-3.3118801294799454
60,2,3.5,1,2,0.05,12,1,0.25,3.0,72,0,126,31,95,24.603174603174605,0.9544912543380145,-4.402680025660382,-0.03494190496555859,-6.058427837125779,35.6556919788118,9394.157216287422,45,14,31,31.11111111111111,1.2459885147757694,7.706326343713423,0.17125169652696495,7.247300952376645,10.204139702650663,10724.730095237665,-3.3416853669596285
60,2,3.5,1,3,0.05,24,1,0.25,2.0,72,1,181,47,134,25.96685082872928,0.9310526477663239,-6.731773236985552,-0.03719211733141189,-7.797353258548934,31.66654724897778,9220.264674145106,60,19,41,31.666666666666668,1.325349301741459,9.281946808814059,0.15469911348023432,9.162125951087452,6.921288206505894,10916.212595108746,-3.346011886129876
60,2,3.5,1,0,0.05,48,1,0.0,3.0,24,1,255,58,197,22.745098039215687,1.0976349004250208,13.315092747379463,0.05221604998972339,11.117366767711445,19.80816348777576,11111.736676771145,94,19,75,20.21276595744681,0.9203853405710446,-3.9327049130719645,-0.04183728630927622,-4.694767200348238,24.402464219088213,9530.523279965177,-3.3517181137707706
60,2,3.5,1,3,0.05,24,1,0.25,2.0,6,1,185,63,122,34.054054054054056,0.9128306025535475,-7.0185222825826,-0.03793795828423027,-7.710727741228817,30.26089386920524,9228.927225877118,67,27,40,40.298507462686565,1.241748552338049,6.389824995798105,0.09537052232534486,6.18072244811898,6.132452161698639,10618.072244811898,-3.361837484950636
60,2,3.5,1,2,0.15,24,1,0.1,2.5,24,1,175,37,138,21.142857142857142,0.9266240548112107,-6.877345648873021,-0.03929911799356012,-8.048274088885776,28.448010583816234,9195.172591111423,64,16,48,25.0,0.9783338094470092,-0.7081744878416562,-0.011065226372525877,-1.2368817455423398,11.582286378121665,9876.311825445766,-3.3661055977730006
60,3,3.5,1,1,0.05,12,0,0.1,1.5,6,1,92,42,50,45.65217391304348,0.8097430403798238,-4.561693723693599,-0.049583627431452164,-4.620678042127146,6.459717091932711,9537.932195787285,33,13,20,39.39393939393939,0.9210067226829647,-0.5789443621940789,-0.01754376855133572,-0.6370544862689509,6.095290053836046,9936.294551373105,-3.373823635439915
60,3,3.5,1,1,0.05,12,0,0.1,1.5,6,0,92,42,50,45.65217391304348,0.8097430403798238,-4.561693723693599,-0.049583627431452164,-4.620678042127146,6.459717091932711,9537.932195787285,33,13,20,39.39393939393939,0.9210067226829647,-0.5789443621940789,-0.01754376855133572,-0.6370544862689509,6.095290053836046,9936.294551373105,-3.373823635439915
60,2,3.5,1,2,0.15,24,1,0.0,1.5,24,1,176,59,117,33.52272727272727,0.9231892179643919,-7.113208406804233,-0.04041595685684223,-7.878928530808715,26.67439377573149,9212.107146919128,65,23,42,35.38461538461539,1.0187168838854808,0.5928691029765031,0.009121063122715432,0.19973705715981005,8.805717696553799,10019.97370571598,-3.3767154020966865
60,2,3.5,1,0,0.05,48,0,0.0,3.0,24,0,219,91,128,41.55251141552512,1.2906242124550324,24.690730277463267,0.11274306062768615,26.196137176035393,9.545735935175102,12619.613717603539,81,34,47,41.97530864197531,0.883483853709038,-4.017428027279986,-0.04959787687999983,-4.354342555731305,10.44519152611806,9564.565744426869,-3.378859547422565
60,2,3.5,1,2,0.05,12,0,0.0,1.5,72,0,114,54,60,47.36842105263158,1.2970427647791458,14.591233708584554,0.12799327814547853,14.925925736578694,7.457702240511023,11492.592573657868,39,16,23,41.02564102564103,0.9058735565017778,-1.95872380464138,-0.050223687298496925,-2.164906162233615,9.244273681477818,9783.509383776638,-3.396390092323413
60,2,3.5,1,2,0.05,12,1,0.0,2.0,24,1,129,31,98,24.031007751937985,0.9151483140902945,-5.509653201179,-0.04271048993162015,-6.2140693139011605,22.725113910060095,9378.593068609884,48,14,34,29.166666666666668,1.165264966323721,3.7322264394635543,0.07775471748882405,3.4211982148534714,7.716717212600634,10342.119821485347,-3.4150771697739692
60,3,2.5,1,1,0.05,12,0,0.25,2.0,6,0,159,69,90,43.39622641509434,0.8217615515709809,-7.5440059544952645,-0.047446578330158896,-7.567496412671549,12.109481286916443,9243.250358732845,57,25,32,43.85964912280702,1.2665359567805066,3.7047796986874197,0.06499613506469157,3.599626026018532,6.409691068220752,10359.962602601854,-3.4216593060342717
60,3,2.5,1,1,0.05,12,0,0.25,2.0,6,1,159,69,90,43.39622641509434,0.8217615515709809,-7.5440059544952645,-0.047446578330158896,-7.567496412671549,12.109481286916443,9243.250358732845,57,25,32,43.85964912280702,1.2722353668259032,3.7670482872816025,0.06608856644353689,3.6641836163614716,6.409691068220777,10366.418361636146,-3.4216593060342717
60,2,3.5,1,0,0.05,24,1,0.0,3.0,72,1,228,48,180,21.05263157894737,1.1351837720934512,16.610158167986572,0.0728515709122218,14.96624396916566,19.82285021909272,11496.624396916566,79,13,66,16.455696202531644,0.9203938046333098,-3.3531005968281717,-0.04244431135225534,-4.049915934589155,24.279876263997494,9595.008406541085,-3.4222334383313764
60,2,3.5,1,2,0.05,12,0,0.1,1.5,72,0,114,53,61,46.49122807017544,1.2426706064702135,12.134241872302665,0.10644071817809356,12.144225066637304,9.30383297702278,11214.42250666373,39,16,23,41.02564102564103,0.905220624468487,-1.9685625292650017,-0.050475962288846196,-2.1740722347166397,9.17276762562875,9782.592776528336,-3.4264970131576185
60,2,3.5,1,2,0.15,24,0,0.0,2.5,6,0,177,74,103,41.80790960451977,0.8030286288419676,-8.116737593227246,-0.04585727453800704,-8.072339512932958,14.722527990508222,9192.766048706704,66,36,30,54.54545454545455,1.3431851939801414,4.626970572740929,0.07010561473849893,4.573394891375049,3.473861131763677,10457.339489137505,-3.4425526136081652
60,2,3.5,1,2,0.15,24,0,0.0,3.0,6,0,177,74,103,41.80790960451977,0.8030286288419676,-8.116737593227246,-0.04585727453800704,-8.072339512932958,14.722527990508222,9192.766048706704,66,36,30,54.54545454545455,1.3802445359142848,5.12662057974079,0.07767606939001198,5.083300519069556,3.4738611317636567,10508.330051906956,-3.4425526136081652
60,2,3.5,1,2,0.05,12,0,0.1,2.5,72,1,113,44,69,38.93805309734513,1.62058100905805,25.858363215253988,0.22883507270136272,28.32265584814675,7.753735779525684,12832.265584814675,38,11,27,28.94736842105263,0.8883901648980537,-1.8761792335219163,-0.049373137724260954,-2.081000422428547,10.969186960023048,9791.899957757145,-3.452328495618406
60,3,2.5,1,1,0.05,12,0,0.1,3.0,6,0,159,67,92,42.138364779874216,0.8328046744200337,-7.602938336543039,-0.04781722224240905,-7.7003140916425235,12.656501056799183,9229.968590835748,57,25,32,43.85964912280702,1.4107885395545947,5.833576428046962,0.10234344610608706,5.774202858887212,6.602540566200954,10577.42028588872,-3.4694586377541468
60,3,2.5,1,1,0.05,12,0,0.1,3.0,24,1,150,47,103,31.333333333333332,0.9035867943347221,-6.488570944115833,-0.043257139627438886,-7.186532768590226,22.80055843652838,9281.346723140978,48,16,32,33.333333333333336,1.2990040439194426,6.106769151268597,0.12722435731809575,5.838953679944936,8.19169257642545,10583.895367994493,-3.4973918504550845
60,2,3.5,1,0,0.05,48,0,0.25,2.0,24,0,225,100,125,44.44444444444444,1.3199885457666751,25.29984612151381,0.11244376054006137,27.33687547036796,7.381596842457802,12733.687547036796,81,35,46,43.20987654320987,0.8775154737868706,-4.057641767299149,-0.05009434280616233,-4.317448885801312,11.625245667594752,9568.255111419869,-3.511246148371752
60,2,3.5,1,2,0.05,24,1,0.0,2.0,72,1,164,40,124,24.390243902439025,0.9167551252162246,-7.15840565302128,-0.04364881495744683,-8.025933540242624,23.612437640704897,9197.406645975738,58,18,40,31.03448275862069,1.2979226983596506,8.210148792454858,0.14155428952508375,8.025334874973765,7.977578957253841,10802.533487497376,-3.540363759363956
60,3,2.5,1,1,0.05,12,1,0.1,3.0,6,1,147,45,102,30.612244897959183,0.9197095367249731,-6.233611666773491,-0.042405521542676815,-7.153732573533311,25.830535727473247,9284.62674264667,58,18,40,31.03448275862069,1.0419896137160842,1.2678763518687957,0.021859937101186132,0.7342675249942587,12.600361279714273,10073.426752499425,-3.5432114800755583
60,3,2.5,1,1,0.05,12,0,0.1,3.0,6,1,159,65,94,40.880503144654085,0.8292491696346019,-7.736577915845537,-0.0486577227411669,-7.823049685990535,12.491194705835694,9217.695031400946,57,25,32,43.85964912280702,1.4179540227084093,5.905339315308915,0.10360244412822657,5.850173990321306,6.6025405662009495,10585.017399032131,-3.5507013161429857
60,2,3.5,1,0,0.05,24,0,0.0,1.5,72,1,187,71,116,37.967914438502675,1.090907924996645,7.188041527546107,0.038438724746235865,6.388544197833457,13.890646830940383,10638.854419783345,63,22,41,34.92063492063492,0.9034040718456402,-3.119786337773082,-0.04952041805989019,-3.4258877983318947,13.380950915400405,9657.41122016681,-3.5627841638181943
60,2,3.5,1,0,0.15,24,0,0.25,2.5,24,0,211,94,117,44.54976303317535,1.311390450862928,22.946068392278463,0.10874913929989792,24.416570573033127,9.4088092554185,12441.657057303313,71,32,39,45.070422535211264,0.8691035098964834,-3.63859893456854,-0.05124787231786676,-3.86779318185998,10.133724350558483,9613.220681814002,-3.566937061125613
60,2,3.5,1,0,0.05,48,1,0.25,1.5,24,0,262,104,158,39.69465648854962,0.9347273602416185,-10.244822440932452,-0.03910237572874982,-11.403922714006587,33.46665055784916,8859.607728599341,95,37,58,38.94736842105263,0.9746431591339432,-1.3725409969443034,-0.014447799967834773,-2.006625774500803,17.69916006905671,9799.33742254992,-3.5923470667159108
60,2,3.5,1,0,0.05,24,1,0.1,3.0,6,0,234,85,149,36.324786324786324,0.9239087697693948,-9.568073443861946,-0.04088920275154678,-10.825045753408846,30.51931075174505,8917.495424659115,87,32,55,36.7816091954023,1.07488992127995,3.7963710384894735,0.04363644871826981,2.912202072780601,18.437722831088525,10291.22020727806,-3.6245276992727713
60,2,3.5,1,2,0.05,12,0,0.0,3.0,24,0,118,53,65,44.91525423728814,1.6628907160158435,26.718480234133597,0.22642779859435253,29.523300110114057,6.601758368583739,12952.330011011407,44,19,25,43.18181818181818,0.8618682035181477,-2.2794388475195015,-0.05180542835271595,-2.443303451294665,9.140575246707936,9755.669654870533,-3.6245746940607435
60,3,2.5,1,1,0.05,12,0,0.0,1.0,6,0,159,68,91,42.76729559748428,0.8323300717109354,-7.728869538144876,-0.048609242378269656,-7.746522432280967,14.189816155911581,9225.347756771904,57,26,31,45.6140350877193,1.096912432913237,1.3887599098472836,0.024364208944689186,1.27688843596796,6.749142461691236,10127.688843596796,-3.6416087627051477
60,3,2.5,1,1,0.05,12,0,0.0,1.0,6,1,159,68,91,42.76729559748428,0.8323300717109354,-7.728869538144876,-0.048609242378269656,-7.746522432280967,14.189816155911581,9225.347756771904,57,26,31,45.6140350877193,1.096912432913237,1.3887599098472836,0.024364208944689186,1.27688843596796,6.749142461691236,10127.688843596796,-3.6416087627051477
60,2,3.5,1,0,0.05,12,1,0.1,3.0,6,1,198,59,139,29.7979797979798,0.9046030220327097,-9.1093547253313,-0.04600684204712778,-9.991983349893763,21.446145064200355,9000.801665010624,72,26,46,36.111111111111114,1.2427941668411675,8.071696914007628,0.11210690158343928,7.674361758239434,9.70186981523399,10767.436175823943,-3.6492009203845406
60,2,3.5,1,0,0.05,48,1,0.25,2.5,72,1,254,64,190,25.19685039370079,1.0892900133787478,12.448600270927054,0.049010237287114386,10.410795582458565,24.358319867412597,11041.079558245856,92,18,74,19.565217391304348,0.915782840238133,-4.116158088712856,-0.044740848790357134,-4.792438618321027,19.449089982964754,9520.756138167897,-3.6507584412888776
60,2,3.5,1,3,0.05,24,1,0.25,2.5,72,0,174,50,124,28.735632183908045,0.9496869254136276,-6.379079683543917,-0.03666137749163171,-8.143452887443559,38.765056273765744,9185.654711255644,59,21,38,35.59322033898305,1.2938665239392813,11.3009582244696,0.19154166482151863,11.074894833136707,9.713867409683836,11107.489483313671,-3.6832328185396497
60,2,3.5,1,2,0.05,12,1,0.1,2.0,6,0,130,51,79,39.23076923076923,0.9119637456125007,-5.958676350362162,-0.045835971925862785,-6.573078232816865,22.09500105023258,9342.692176718314,50,25,25,50.0,1.3064352476044576,6.855475096625094,0.13710950193250188,6.730144406499994,5.4600435785598735,10673.01444065,-3.692187201102799
60,2,3.5,1,0,0.15,24,0,0.0,1.5,24,0,217,96,121,44.23963133640553,1.1712481822933751,13.39531910856161,0.06172958114544521,13.289811773989468,11.86336087201493,11328.981177398946,72,33,39,45.833333333333336,0.8685415817400044,-3.7113397216661226,-0.051546385023140594,-3.904986988746695,11.608126715979528,9609.50130112533,-3.700311047040107
60,2,3.5,1,0,0.15,24,0,0.25,1.0,6,0,245,107,138,43.673469387755105,1.044216383637205,2.1537170937182717,0.00879068201517662,1.8138712337668839,11.282828685771307,10181.387123376688,83,40,43,48.19277108433735,0.7839898458981448,-4.184645658984333,-0.05041741757812449,-4.215790191367996,8.316756205299193,9578.4209808632,-3.7076501072781065
60,2,3.5,1,0,0.15,24,0,0.25,1.0,6,1,245,107,138,43.673469387755105,1.044216383637205,2.1537170937182717,0.00879068201517662,1.8138712337668839,11.282828685771307,10181.387123376688,83,40,43,48.19277108433735,0.7839898458981448,-4.184645658984333,-0.05041741757812449,-4.215790191367996,8.316756205299193,9578.4209808632,-3.7076501072781065
60,2,3.5,1,0,0.05,12,0,0.0,2.5,72,1,157,52,105,33.12101910828026,1.2852512777356866,19.408933816583513,0.12362378227123257,19.86193869446793,12.724921332361333,11986.193869446794,53,14,39,26.41509433962264,0.9021026735558795,-2.694550664235881,-0.05084057857048832,-3.051753246440736,13.935974935497914,9694.824675355927,-3.7171126014105207
60,2,3.5,1,2,0.15,24,1,0.1,1.5,72,0,176,69,107,39.20454545454545,0.9289584767049562,-7.7788084908810555,-0.044197775516369636,-8.686969617277141,26.21318980875224,9131.303038272286,64,27,37,42.1875,1.073509997059553,2.752853674598669,0.0430133386656042,2.2915491774018193,12.636345566866938,10229.154917740181,-3.7172132597626217
60,3,2.5,1,1,0.05,12,0,0.0,2.5,72,0,136,45,91,33.088235294117645,0.9327867208409962,-5.916615025445931,-0.043504522245925964,-7.014264422851834,27.03699339368534,9298.573557714817,43,16,27,37.2093023255814,1.3054326566697045,8.084536893363056,0.1880124858921641,7.833320106985964,11.229907142035582,10783.332010698596,-3.7286794231398983
60,2,3.5,1,0,0.15,24,0,0.25,2.0,24,1,214,92,122,42.99065420560748,1.3699206406897402,24.30404981633319,0.11357032624454762,26.329019250734255,6.1736889535631825,12632.901925073425,71,30,41,42.25352112676056,0.8624368343742602,-3.688145630650272,-0.05194571310775031,-3.891143364758809,11.617760582142257,9610.885663524119,-3.739096665053441
60,2,3.5,1,0,0.05,12,0,0.0,2.0,72,0,155,60,95,38.70967741935484,1.0801353595387229,6.781490724447088,0.04375155306094895,5.687727221227679,18.726418573260258,10568.772722122767,52,19,33,36.53846153846154,0.9187743325938483,-2.52472730502648,-0.04855244817358616,-2.8922458835873632,11.576195389513172,9710.775411641263,-3.744252075211321
60,2,3.5,1,2,0.05,24,1,0.0,2.0,24,1,164,40,124,24.390243902439025,0.9121509295390514,-7.348477161248482,-0.0448077875685883,-8.15475437100699,24.957565027497335,9184.524562899302,58,19,39,32.758620689655174,1.2566916739915392,7.095895408015033,0.12234302427612126,6.846795317212728,8.060825489317699,10684.679531721273,-3.746177055039996
60,3,2.5,1,1,0.05,12,1,0.0,2.0,6,0,142,55,87,38.732394366197184,0.9234430066219245,-6.590060145542634,-0.046408874264384746,-7.450695854321565,23.04010971320797,9254.930414567843,58,22,36,37.93103448275862,1.007591563782435,0.25995584783423853,0.004481997376452388,-0.22183485815612247,12.960060796973554,9977.816514184387,-3.768654251596532
60,2,3.5,1,0,0.05,24,1,0.1,2.0,6,1,238,79,159,33.19327731092437,0.9313785712197676,-7.679578718572551,-0.03226713747299391,-8.720037245873357,30.37236956733248,9127.996275412665,88,31,57,35.22727272727273,0.9148112295435012,-3.725108351302933,-0.04233077671935151,-4.188147341686765,16.374412691790866,9581.185265831324,-3.7769337499148827
60,2,3.5,1,0,0.05,12,0,0.1,2.0,72,1,159,58,101,36.477987421383645,1.25998318630679,17.38399308349564,0.10933328983330591,17.708506300231264,10.842289477900241,11770.850630023126,51,15,36,29.41176470588235,0.8996333039114128,-2.6564041675696144,-0.05208635622685518,-2.9576482171650653,12.747145044244897,9704.235178283494,-3.779073345659244
60,2,3.5,1,0,0.15,24,0,0.25,1.5,24,0,215,100,115,46.51162790697674,1.293423825958722,20.91484797565396,0.09727836267746028,22.19399507897821,9.987401290777168,12219.399507897822,71,33,38,46.478873239436616,0.8618435753405074,-3.701407109021199,-0.05213249449325632,-3.8767298099371295,12.253481694274525,9612.327019006287,-3.7971045883994834
60,3,2.5,1,1,0.05,12,1,0.1,1.5,72,1,147,53,94,36.054421768707485,0.9603542162459935,-3.206946352458764,-0.021815961581352135,-4.106179630700568,24.37835830765761,9589.382036929943,56,21,35,37.5,0.9234642569528851,-2.5757243317053566,-0.04599507735188137,-2.9320941097689124,11.734917935812197,9706.790589023109,-3.810975592958368
60,2,3.5,1,2,0.05,12,0,0.1,3.0,24,0,117,54,63,46.15384615384615,1.6715090598478932,25.811488480156914,0.2206110126509138,28.46402664997605,6.614516673724225,12846.402664997606,44,19,25,43.18181818181818,0.85574460241285,-2.363569810469221,-0.0537174956924823,-2.5233183198184683,8.910589166520431,9747.668168018154,-3.8142294654367244
60,3,2.5,1,1,0.05,12,0,0.0,3.0,72,1,141,34,107,24.113475177304963,0.9108791387518657,-6.661933915857978,-0.0472477582684963,-7.613236663360345,21.786712990311123,9238.676333663965,44,14,30,31.818181818181817,1.4220170949650008,9.493925808016462,0.21577104109128323,9.36568502550812,10.333147562876809,10936.568502550812,-3.8295540797875343
60,2,3.5,1,2,0.05,12,0,0.0,3.0,72,0,107,45,62,42.05607476635514,1.4918894454021885,25.07758737412265,0.2343699754590902,27.02044623285338,9.81231176888762,12702.044623285337,38,15,23,39.473684210526315,0.9011423971696256,-2.0573059800879117,-0.05413963105494504,-2.317545811236521,9.64094978245738,9768.245418876348,-3.8340608526755453
60,2,3.5,1,0,0.05,48,0,0.1,3.0,24,0,218,93,125,42.6605504587156,1.317734089121554,25.89333175331688,0.11877675116200404,27.844663120612157,9.352946296809044,12784.466312061217,81,34,47,41.97530864197531,0.8725668313900913,-4.368251783011956,-0.05392903435817229,-4.682834344503539,10.468142579925965,9531.716565549646,-3.835186403106179
60,2,3.5,1,2,0.05,12,1,0.1,3.0,6,1,130,40,90,30.76923076923077,0.8905985839543119,-6.293119947715881,-0.048408614982429855,-6.827078392850073,19.664334187194342,9317.292160714993,50,23,27,46.0,1.6034234011398372,11.717806780657684,0.2343561356131537,11.936701414290196,7.284586618274426,11193.67014142902,-3.84634181829359
60,3,3.5,1,1,0.05,12,0,0.25,2.0,24,1,87,35,52,40.229885057471265,0.862998924257107,-4.728289971693931,-0.05434816059418311,-4.969413787202992,8.202828577503652,9503.0586212797,31,12,19,38.70967741935484,0.8688759670816576,-1.5891677758509042,-0.051263476640351746,-1.7121509281819325,7.179513751371274,9828.784907181807,-3.8544143352743436
60,2,3.5,1,2,0.15,24,1,0.1,1.5,24,0,177,68,109,38.4180790960452,0.9247828374030945,-8.04950770707324,-0.04547744467273016,-8.898183387581737,26.526500225403304,9110.181661241826,64,26,38,40.625,1.047711818160249,1.6197026498920972,0.02530785390456402,1.2008262459564545,10.386191926065937,10120.082624595645,-3.8723300790014616
60,2,3.5,1,0,0.05,12,1,0.0,1.5,72,1,195,70,125,35.8974358974359,0.9647659281313979,-3.694840646476058,-0.018947900751159274,-4.853103531073044,25.735602557099767,9514.689646892695,71,22,49,30.985915492957748,0.9094534168959131,-3.2481867624450915,-0.045749109330212555,-3.6042364049526654,17.620296293095198,9639.576359504734,-3.87247364075381
60,2,3.5,1,0,0.05,24,0,0.25,2.0,24,1,204,88,116,43.13725490196079,1.442749631768142,27.45384852138949,0.13457768883034063,30.377132728097056,6.615570360588234,13037.713272809706,70,29,41,41.42857142857143,0.8631591668516724,-3.7250328375735027,-0.05321475482247861,-3.93174279130577,12.129436380980033,9606.825720869423,-3.896655343699186
60,2,3.5,1,0,0.05,48,1,0.25,1.5,72,0,260,103,157,39.61538461538461,0.9325881406581598,-10.80042733858681,-0.041540105148410805,-11.941460900280742,34.4450128383287,8805.853909971926,94,37,57,39.361702127659576,0.9546215294566917,-2.616179247942403,-0.02783169412704684,-3.26070152925777,18.451275024894695,9673.929847074223,-3.9001473146644283
60,2,3.5,1,2,0.05,24,1,0.0,2.0,6,0,164,64,100,39.02439024390244,0.9121890589984388,-7.510864403071163,-0.045797953677263185,-8.22996971424823,26.149124600744138,9177.003028575176,62,29,33,46.774193548387096,1.1721876172731536,5.179335598028765,0.08353767093594783,4.860830179618136,8.398185324975726,10486.083017961813,-3.9100512531349354
30,5,3.5,1,0,0.05,12,0,0.25,3.0,6,1,362,157,205,43.370165745856355,1.1086622728178743,11.540912764370066,0.031880974487210126,10.647064131492279,13.573587153169568,11064.706413149228,119,45,74,37.81512605042017,0.8321452425021537,-6.308593435833753,-0.05301339021709036,-6.478624163956958,8.352338508665483,9352.137583604304,-3.9727145916166977
60,2,3.5,1,2,0.05,12,1,0.1,2.0,72,0,129,42,87,32.55813953488372,0.9318889123480717,-6.064467675441237,-0.04701137732900183,-7.071703886811864,25.57195537983677,9292.829611318813,47,17,30,36.170212765957444,1.1117627639351486,3.3958141583171964,0.07225136507057865,2.9524035070785715,11.119842555747944,10295.240350707858,-3.984557129903457
60,3,3.5,1,1,0.05,12,0,0.0,2.5,72,1,86,26,60,30.232558139534884,0.8983565083975414,-4.732312483035186,-0.05502688933761845,-5.260400985512648,10.413545301826053,9473.959901448736,27,11,16,40.74074074074074,1.537180510868338,7.726129248845035,0.2861529351424087,7.677350254924775,6.204728212012544,10767.735025492479,-3.9975681840588044
60,2,3.5,1,2,0.15,24,0,0.25,1.0,72,0,151,73,78,48.34437086092715,0.8888435381702022,-7.596598177557884,-0.050308597202370096,-7.891840563884545,19.261163707593308,9210.815943611546,52,28,24,53.84615384615385,1.2646602249087,5.223631065242223,0.10045444356235045,5.137743464676436,7.588126687777735,10513.774346467644,-4.0118132749969915
60,2,3.5,1,2,0.15,24,0,0.25,1.0,72,1,151,73,78,48.34437086092715,0.8888435381702022,-7.596598177557884,-0.050308597202370096,-7.891840563884545,19.261163707593308,9210.815943611546,52,28,24,53.84615384615385,1.2646602249087,5.223631065242223,0.10045444356235045,5.137743464676436,7.588126687777735,10513.774346467644,-4.0118132749969915
60,2,3.5,1,2,0.15,24,1,0.25,3.0,24,1,174,38,136,21.839080459770116,0.9248244596982294,-7.306260350084183,-0.04199000201197806,-8.585504511395026,34.84378869196225,9141.449548860497,64,16,48,25.0,1.0870653190757016,2.6710887296224812,0.04173576140035127,2.0908325636645797,9.575190935019583,10209.083256366457,-4.02253987632952
60,2,3.5,1,2,0.15,24,1,0.1,1.5,24,1,177,59,118,33.333333333333336,0.9101100176424664,-8.46296352728666,-0.047813353261506555,-9.122278764164548,24.830212642165087,9087.772123583545,65,22,43,33.84615384615385,0.9425809192021823,-1.873416441853081,-0.028821791413124322,-2.2352362778072177,10.379012535938784,9776.476372219278,-4.031962575192986
60,2,3.5,1,2,0.05,12,1,0.25,3.0,24,1,130,27,103,20.76923076923077,0.9208760746640582,-5.800694533507513,-0.04462072718082702,-6.841623563802168,30.207865059477196,9315.837643619783,47,12,35,25.53191489361702,1.2247075151696403,5.298942744514446,0.11274346264924354,4.896486038121894,8.62157576217246,10489.64860381219,-4.045672371232428
60,2,3.5,1,2,0.05,24,1,0.25,2.0,24,1,166,44,122,26.50602409638554,0.913106036554063,-7.876326943131075,-0.047447752669464306,-8.723114287978461,25.56695321671733,9127.688571202154,57,19,38,33.333333333333336,1.2573155110722831,7.104433850753813,0.124639190364102,6.857425703996123,8.685619036635234,10685.742570399612,-4.046536085786703
60,2,3.5,1,0,0.05,48,1,0.1,2.5,6,1,265,82,183,30.943396226415093,0.9041247721895053,-11.920973791307429,-0.04498480675965067,-12.761877919228226,30.378799815369916,8723.812208077177,100,32,68,32.0,0.933065541007958,-3.1677513769710233,-0.03167751376971023,-3.7641624305267407,17.074257074624448,9623.583756947326,-4.0514470688241255
60,3,2.5,1,1,0.05,12,0,0.0,2.5,24,1,150,48,102,32.0,0.8917098507168552,-7.30705240712232,-0.048713682714148804,-7.876763414667531,22.677892560723038,9212.323658533247,48,17,31,35.416666666666664,1.251935107620802,5.1807428690543045,0.10793214310529801,4.92550434994794,8.118767750811557,10492.550434994793,-4.059440093813489
60,2,3.5,1,2,0.15,24,1,0.0,2.5,24,1,174,36,138,20.689655172413794,0.914463466602251,-7.89702751977201,-0.04538521563087362,-8.947704214479312,29.86282680488906,9105.22957855207,64,18,46,28.125,1.223960909545131,7.11048363956483,0.11110130686820047,6.704441347039691,10.566865245942756,10670.44413470397,-4.0839255111866395
60,2,3.5,1,2,0.05,12,0,0.25,3.0,24,0,117,54,63,46.15384615384615,1.6209023941944936,23.254868327668852,0.19875955835614403,25.30936090407414,6.222021043675344,12530.936090407415,44,19,25,43.18181818181818,0.8469006769205538,-2.4834537312502154,-0.056442130255686715,-2.637311262978115,8.603342583725299,9736.268873702189,-4.08594597777405
60,2,3.5,1,2,0.05,24,1,0.25,2.0,24,0,165,54,111,32.72727272727273,0.9275597774287055,-7.8581473053751205,-0.04762513518409164,-8.944013768093061,26.795953571050685,9105.598623190694,56,22,34,39.285714285714285,1.3189243467763503,9.436742097415086,0.16851325173955511,9.324327112309327,9.448112653549357,10932.432711230933,-4.110846051031339
60,2,3.5,1,3,0.05,24,1,0.25,1.5,24,0,183,71,112,38.797814207650276,0.9264625060985552,-8.135945015817084,-0.044458715933426686,-9.013995096611305,32.23963958088334,9098.60049033887,61,26,35,42.622950819672134,1.141098148535248,4.468611700309326,0.07325592951326765,4.133528630876038,6.921288206505921,10413.352863087604,-4.114611517494049
60,2,3.5,1,0,0.05,48,1,0.25,1.5,6,0,269,112,157,41.63568773234201,0.9045448673448453,-11.878565692556453,-0.0441582367753028,-12.37837143078967,33.19995097630384,8762.162856921033,101,44,57,43.56435643564357,1.0053170281431933,0.24423737903867737,0.002418191871670073,-0.2802582186022473,13.491934269430846,9971.974178139775,-4.1362337200903925
60,2,3.5,1,3,0.05,24,1,0.0,1.5,72,0,181,73,108,40.331491712707184,0.9424069902137955,-6.463069763077204,-0.03570756775180776,-7.522064080751845,27.471417908548645,9247.793591924816,62,24,38,38.70967741935484,0.9235621499040815,-2.9535418191713916,-0.04763777127695793,-3.3564482845819477,15.57744644534829,9664.355171541805,-4.150624429761395
60,2,3.5,1,3,0.05,24,1,0.0,2.5,72,0,174,50,124,28.735632183908045,0.9408778019566841,-7.60382607404634,-0.04370014985084104,-9.286195594773982,34.598384335130945,9071.380440522602,59,19,40,32.20338983050848,1.1616969311915155,6.577003878399584,0.11147464200677261,5.961712809243602,14.406685633732666,10596.17128092436,-4.154727985056382
60,3,2.5,1,1,0.05,12,1,0.0,2.5,6,1,142,44,98,30.985915492957748,0.9158246044863114,-6.688960318079978,-0.047105354352675904,-7.5511699328595245,28.254063285600694,9244.883006714048,58,19,39,32.758620689655174,1.0507693401919862,1.5384288550209504,0.026524635431395695,1.0523963714538676,11.53168468663814,10105.239637145387,-4.166376279040437
60,2,3.5,1,0,0.05,24,0,0.0,3.0,24,1,201,79,122,39.30348258706468,1.3490436994572244,23.821032206203718,0.11851259804081452,25.444426573991088,7.834188697852225,12544.44265739911,70,28,42,40.0,0.857307333776078,-3.9381785082229954,-0.05625969297461422,-4.165388061732789,11.424496211336441,9583.46119382672,-4.170556414885322
60,2,3.5,1,0,0.05,12,1,0.1,2.0,6,1,199,65,134,32.663316582914575,0.9006361852618383,-9.475379813619835,-0.047614973937788116,-10.130497462220777,27.507989167141854,8986.950253777923,73,28,45,38.35616438356164,1.03510080685472,1.2011549530541306,0.01645417743909768,0.7324434823809955,11.34808309025908,10073.2443482381,-4.180297863963229
60,2,3.5,1,0,0.15,24,0,0.25,1.0,72,0,199,105,94,52.76381909547739,1.1071781234818454,9.071304020291127,0.04558444231302074,8.550393835747293,10.8137106772571,10855.039383574729,63,29,34,46.03174603174603,0.8825683128163992,-3.4999255509030496,-0.05555437382385793,-3.700411148340077,13.896900547597166,9629.958885165992,-4.208226481272857
60,2,3.5,1,0,0.15,24,0,0.25,1.0,72,1,199,105,94,52.76381909547739,1.1071781234818454,9.071304020291127,0.04558444231302074,8.550393835747293,10.8137106772571,10855.039383574729,63,29,34,46.03174603174603,0.8825683128163992,-3.4999255509030496,-0.05555437382385793,-3.700411148340077,13.896900547597166,9629.958885165992,-4.208226481272857
60,2,3.5,1,0,0.05,48,1,0.1,2.0,6,1,267,89,178,33.333333333333336,0.9044155607921173,-11.963984950984367,-0.04480893240069051,-12.665703284773588,33.35654806521601,8733.429671522641,101,34,67,33.663366336633665,0.912440257546188,-4.229249315565107,-0.04187375559965452,-4.72603060587744,16.39775219447057,9527.396939412256,-4.21095772106935
60,2,3.5,1,3,0.05,24,1,0.25,2.0,24,0,179,60,119,33.5195530726257,0.9324360290370073,-7.949538529135604,-0.04441082977170729,-9.142922457495484,34.2058956899063,9085.707754250452,60,24,36,40.0,1.2755486107395106,9.256070221705745,0.15426783702842908,9.070672496402832,8.450594899683852,10907.067249640284,-4.217477274073761
60,2,3.5,1,0,0.15,24,0,0.25,2.0,24,0,213,96,117,45.070422535211264,1.3142405715054273,23.03563733455092,0.10814853208709352,24.620581930899533,6.761759297497851,12462.058193089953,71,32,39,45.070422535211264,0.8545134533608275,-4.044166449205097,-0.056960090833874606,-4.238538111470902,11.047648892161394,9576.14618885291,-4.222174498293884
60,2,3.5,1,0,0.05,48,1,0.25,1.5,72,1,262,91,171,34.732824427480914,0.9151037256165757,-12.214930695929676,-0.04662187288522777,-12.990778745376975,31.049623218114995,8700.922125462303,95,32,63,33.68421052631579,0.9381687654960944,-3.1367579720615058,-0.03301850496906848,-3.675664875540552,18.025545051651918,9632.433512445945,-4.238522411229741
60,2,3.5,1,0,0.05,24,1,0.0,3.0,72,0,223,65,158,29.14798206278027,1.1566498219760506,25.630180491791663,0.11493354480624064,24.639773249645657,31.728973082248874,12463.977324964566,78,19,59,24.358974358974358,0.9392577214577699,-3.644536247418839,-0.04672482368485691,-4.659713853745506,28.100143016730815,9534.02861462545,-4.260760525258382
60,2,3.5,1,2,0.15,24,1,0.1,2.5,72,1,174,35,139,20.114942528735632,0.9122972055174549,-8.327395693168064,-0.047858595937747495,-9.395503652679038,28.656869947308245,9060.449634732096,64,12,52,18.75,0.9151789078586329,-2.767697933218455,-0.04324528020653836,-3.2446169756190857,12.08826355175942,9675.538302438092,-4.263238652588771
60,2,3.5,1,0,0.15,12,1,0.25,2.5,6,0,213,81,132,38.028169014084504,0.8992285945520053,-10.5575601415352,-0.04956601005415587,-11.22634313785884,25.792500647926058,8877.365686214116,75,29,46,38.666666666666664,0.9421447696489712,-2.2641612236447077,-0.03018881631526277,-2.7758969718010507,12.330285772371138,9722.410302819895,-4.272620521158506
60,2,3.5,1,0,0.05,48,1,0.0,2.5,6,0,262,95,167,36.25954198473283,0.9204102662344881,-11.469518658306239,-0.043776788772161214,-12.66630051626969,36.662347935444686,8733.36994837303,101,36,65,35.64356435643565,0.9397065428612071,-3.5252722648876595,-0.03490368579096693,-4.290326058694394,20.54053330030011,9570.967394130561,-4.274101939545399
60,3,2.5,1,1,0.05,12,0,0.0,2.5,24,0,146,55,91,37.67123287671233,0.9049159106662755,-7.199764472559348,-0.049313455291502384,-7.90455546320139,25.749021489490996,9209.54445367986,47,18,29,38.297872340425535,1.3074148242710952,6.637748518120164,0.14122869187489712,6.427729925039283,7.993551586167176,10642.772992503928,-4.2793348960963575
60,2,3.5,1,2,0.05,12,1,0.1,2.0,72,1,130,31,99,23.846153846153847,0.9015155967137362,-6.691499562340895,-0.05147307355646842,-7.351813346746017,22.234310830524787,9264.818665325398,48,13,35,27.083333333333332,1.056871744830456,1.3899143908222247,0.028956549808796347,1.0177838879191992,8.478109262711602,10101.77838879192,-4.289152782239794
60,2,3.5,1,0,0.15,24,0,0.0,3.0,24,1,211,82,129,38.86255924170616,1.3327331358098828,23.309745485151293,0.11047272741777864,24.793041399922178,6.804655382105847,12479.304139992219,71,29,42,40.84507042253521,0.8506810037864649,-4.069649836361053,-0.05731901177973315,-4.285540517755249,11.51954780194911,9571.445948224475,-4.294045426615726
60,2,3.5,1,0,0.05,12,1,0.0,2.0,6,1,197,63,134,31.97969543147208,0.9010199670728218,-9.687334823438759,-0.04917428844385157,-10.37225640459214,26.828565581719726,8962.774359540786,73,26,47,35.61643835616438,0.9924625675648799,-0.25239760214927887,-0.00345750139930519,-0.6993908328360665,14.222451255272194,9930.060916716393,-4.29469633582228
60,2,3.5,1,2,0.05,12,0,0.25,2.0,24,0,121,56,65,46.28099173553719,1.5477499840898148,21.109274127867042,0.17445681097410778,22.721935819671103,5.405421138810293,12272.19358196711,44,19,25,43.18181818181818,0.8394058832388447,-2.605028229160519,-0.05920518702637543,-2.7275107516099184,7.519424105468911,9727.248924839008,-4.312206133510958
60,2,3.5,1,2,0.05,24,1,0.0,2.0,24,0,163,53,110,32.515337423312886,0.925370254225355,-8.087798112138216,-0.04961839332600133,-9.158180456410559,26.805545261768703,9084.181954358944,57,22,35,38.59649122807018,1.261069564153173,8.091423576638954,0.14195479959015708,7.856049817719302,8.6619916718529,10785.60498177193,-4.313387238800902
60,2,3.5,1,0,0.05,24,1,0.1,2.0,6,0,237,91,146,38.39662447257384,0.920789948415664,-9.772251356068539,-0.04123312808467738,-10.718125138862122,33.13927860758967,8928.187486113788,88,34,54,38.63636363636363,0.917971609977167,-4.074170922464032,-0.04629739684618218,-4.601506520056498,20.00808467718233,9539.84934799435,-4.33328954414605
60,2,3.5,1,0,0.15,24,0,0.0,1.5,72,0,188,80,108,42.5531914893617,0.9951952232079826,-0.46430143648806266,-0.00246968849195778,-1.5995882076482837,18.66204582885516,9840.041179235172,62,25,37,40.32258064516129,0.9020609030599903,-3.3748250181388837,-0.05443266158288522,-3.6926012278860942,12.095163734450793,9630.73987721139,-4.344553629260697
60,2,3.5,1,0,0.05,48,0,0.25,3.0,24,0,218,95,123,43.57798165137615,1.3209563706579428,25.221541952918702,0.11569514657302157,27.107838690443288,8.58169532636601,12710.78386904433,81,34,47,41.97530864197531,0.8590638390551459,-4.762763518467999,-0.05879954961071603,-5.044413290611594,10.430649418825434,9495.55867093884,-4.346994323364413
60,2,3.5,1,0,0.15,24,0,0.1,1.5,72,0,187,79,108,42.24598930481283,0.9852071164003123,-1.4205181829245994,-0.007596353919382884,-2.5214152142139623,18.591428633333898,9747.858478578604,62,25,37,40.32258064516129,0.9012547598275746,-3.3988251040399042,-0.0548197597425791,-3.7152430214895005,11.995949035641154,9628.47569785105,-4.380638699963641
60,2,3.5,1,2,0.05,24,1,0.1,1.0,24,1,166,79,87,47.59036144578313,0.893834338339641,-9.032829601326739,-0.054414636152570715,-9.365853364560694,18.968929496953262,9063.41466354393,58,28,30,48.275862068965516,0.9205769151299084,-2.3399635643754166,-0.04034419938578305,-2.587592393780669,10.571577680618363,9741.240760621933,-4.384176964004413
60,2,3.5,1,2,0.05,24,1,0.1,1.0,24,0,166,79,87,47.59036144578313,0.893834338339641,-9.032829601326739,-0.054414636152570715,-9.365853364560694,18.968929496953262,9063.41466354393,58,28,30,48.275862068965516,0.9205769151299084,-2.3399635643754166,-0.04034419938578305,-2.587592393780669,10.571577680618363,9741.240760621933,-4.384176964004413
30,5,3.5,1,0,0.05,12,0,0.25,3.0,6,0,362,162,200,44.751381215469614,1.1291015894265635,14.024358869276263,0.038741322843304594,13.35806235367427,13.833062285507811,11335.806235367427,118,47,71,39.83050847457627,0.8311585256985701,-6.743791331234948,-0.05715077399351651,-6.911775182000602,8.776811283166644,9308.82248179994,-4.4048317357738265
60,2,3.5,1,2,0.05,12,1,0.25,2.5,72,1,131,28,103,21.374045801526716,0.9160602636610276,-6.363826569213542,-0.04857882877262246,-7.318377031713441,29.71216700789635,9268.162296828656,47,12,35,25.53191489361702,1.1765604666791591,4.480733184568964,0.09533474860785031,4.067303861868288,8.800099584408773,10406.730386186828,-4.421372269323182
60,2,3.5,1,0,0.05,12,0,0.1,3.0,72,1,150,47,103,31.333333333333332,1.2752301333029175,17.321405963200608,0.11547603975467072,17.421262261415805,13.268962491491298,11742.12622614158,50,14,36,28.0,0.8871192187268565,-2.874540273058681,-0.05749080546117362,-3.1868832620929988,14.199432879593424,9681.3116737907,-4.4336255181668225
60,3,2.5,1,1,0.05,12,0,0.1,1.0,6,1,159,68,91,42.76729559748428,0.8042959408271678,-8.859305475618193,-0.05571890236237857,-8.768000914429319,14.68198021836353,9123.199908557068,57,26,31,45.6140350877193,1.06502393816899,0.9178785527360055,0.016103132504140447,0.8064180148530831,6.602540566200964,10080.641801485308,-4.438172866630691
60,3,2.5,1,1,0.05,12,0,0.1,1.0,6,0,159,68,91,42.76729559748428,0.8042959408271678,-8.859305475618193,-0.05571890236237857,-8.768000914429319,14.68198021836353,9123.199908557068,57,26,31,45.6140350877193,1.06502393816899,0.9178785527360055,0.016103132504140447,0.8064180148530831,6.602540566200964,10080.641801485308,-4.438172866630691
60,2,3.5,1,0,0.15,12,0,0.1,2.5,72,0,163,57,106,34.969325153374236,1.028166851375607,2.67262005128271,0.016396442032409263,1.1375299490390622,24.549900263993802,10113.752994903907,53,20,33,37.735849056603776,0.9099708516071776,-2.757536306076411,-0.052028986907102094,-3.130251700183473,12.345809068051732,9686.974829981653,-4.457052598679055
60,3,2.5,1,1,0.05,12,0,0.25,3.0,24,1,147,49,98,33.333333333333336,0.8864298397326085,-7.698001602390079,-0.05236735783938829,-8.279068382155874,23.069307439231622,9172.093161784413,48,17,31,35.416666666666664,1.3741265319240406,7.191348379213535,0.14981975790028199,7.003113990632581,8.285501786851036,10700.31139906326,-4.458852521016446
60,2,3.5,1,0,0.05,48,0,0.25,1.0,24,0,234,118,116,50.427350427350426,1.1799391687667298,13.497424393139104,0.05768130082538079,13.62913879972869,10.656657195852542,11362.91387997287,83,38,45,45.78313253012048,0.846485794350709,-4.878512695298352,-0.05877726138913677,-5.011079723036804,12.168136476376318,9498.89202769632,-4.471761058910507
60,2,3.5,1,0,0.05,48,0,0.25,1.0,24,1,234,118,116,50.427350427350426,1.1799391687667298,13.497424393139104,0.05768130082538079,13.62913879972869,10.656657195852542,11362.91387997287,83,38,45,45.78313253012048,0.846485794350709,-4.878512695298352,-0.05877726138913677,-5.011079723036804,12.168136476376318,9498.89202769632,-4.471761058910507
60,2,3.5,1,0,0.15,24,1,0.25,2.5,6,0,247,95,152,38.46153846153846,0.9196890937944859,-9.672919926269893,-0.03916161913469592,-10.64498223822522,29.266345339083056,8935.501776177478,89,34,55,38.20224719101124,0.9063295102304507,-4.4356244870215615,-0.04983847738226474,-4.949785453220068,14.290542293055747,9505.021454677993,-4.477188471077529
60,2,3.5,1,2,0.15,24,1,0.25,3.0,24,0,170,48,122,28.235294117647058,0.9356841143661474,-7.714408339745187,-0.045378872586736396,-9.318459960324565,37.8178793447508,9068.154003967544,63,23,40,36.507936507936506,1.2588117171644586,9.233092102524667,0.14655701750039155,8.824363496743448,10.28217910928864,10882.436349674344,-4.519703482290425
60,2,3.5,1,2,0.05,12,0,0.1,3.0,72,0,106,45,61,42.45283018867924,1.4620333946685964,23.31007807917192,0.21990639697331998,24.852853523341032,9.87220481514841,12485.285352334104,38,15,23,39.473684210526315,0.8888877994790844,-2.307935586782652,-0.060735147020596104,-2.5585976279416167,9.455231723019363,9744.140237205838,-4.521715227397382
60,3,2.5,1,1,0.05,12,0,0.1,2.5,6,0,159,67,92,42.138364779874216,0.7998183502820975,-9.10293833654304,-0.057251184506560006,-9.03832418663757,13.502673788302483,9096.167581336244,57,25,32,43.85964912280702,1.3403705816138056,4.833576428046978,0.08479958645696453,4.749573365997395,6.602540566200957,10474.957336599738,-4.529597876335313
60,2,3.5,1,0,0.05,12,1,0.1,1.5,24,0,196,77,119,39.285714285714285,0.9281959007704068,-8.500559565970356,-0.043370201867195694,-9.431325301014493,29.23987295849299,9056.86746989855,69,25,44,36.231884057971016,0.9134250635222751,-3.4722558683239497,-0.05032254881628913,-3.8650043034843096,20.31702742716694,9613.499569651569,-4.534947607889006
60,2,3.5,1,0,0.05,12,1,0.1,2.5,6,1,198,60,138,30.303030303030305,0.8906841059577427,-10.43627808284717,-0.0527084751658948,-11.087104566125728,24.76918493361229,8891.289543387427,72,26,46,36.111111111111114,1.077355854197264,2.571696914007633,0.03571801269455046,2.061201750639219,11.442990221503296,10206.120175063923,-4.546584456575893
60,3,3.5,1,1,0.05,12,0,0.25,1.0,6,0,92,43,49,46.73913043478261,0.8002589421991633,-4.4943595101020035,-0.04885173380545656,-4.5314143048093,6.301638083606822,9546.85856951907,33,13,20,39.39393939393939,0.7236234112901981,-1.973862601433853,-0.05981401822526827,-1.9945627349887807,5.92002065051499,9800.543726501122,-4.559617232501224
60,3,3.5,1,1,0.05,12,0,0.25,1.0,6,1,92,43,49,46.73913043478261,0.8002589421991633,-4.4943595101020035,-0.04885173380545656,-4.5314143048093,6.301638083606822,9546.85856951907,33,13,20,39.39393939393939,0.7236234112901981,-1.973862601433853,-0.05981401822526827,-1.9945627349887807,5.92002065051499,9800.543726501122,-4.559617232501224
60,2,3.5,1,0,0.05,48,1,0.0,2.5,6,1,263,81,182,30.79847908745247,0.9519109172730363,-6.115950415312905,-0.023254564316779105,-7.697930017667565,32.77453210563556,9230.206998233243,101,30,71,29.702970297029704,0.9001750740444353,-4.909210428259911,-0.04860604384415754,-5.454320628439724,20.888110820576077,9454.567937156027,-4.564228881336589
60,2,3.5,1,0,0.05,24,0,0.1,1.5,72,1,187,69,118,36.898395721925134,1.067166210652806,5.239984452632473,0.02802130723332873,4.364825523520666,15.087643245637153,10436.482552352067,62,21,41,33.87096774193548,0.88379800133586,-3.6331439013280056,-0.05859909518270977,-3.9044431274925406,13.738502881091064,9609.555687250746,-4.583258637698332
60,3,2.5,1,1,0.05,12,1,0.1,3.0,6,0,147,56,91,38.095238095238095,0.9115305134970789,-7.815187782932222,-0.05316454274103553,-8.735299082389725,25.200751213217565,9126.470091761028,58,19,39,32.758620689655174,0.9371054521800039,-2.2214682522800873,-0.03830117676344978,-2.758524387508221,16.044888413965182,9724.147561249178,-4.5976845755118765
60,2,3.5,1,0,0.05,24,1,0.1,1.5,24,0,234,93,141,39.743589743589745,0.9513500464638397,-6.810086145947056,-0.029102932247636992,-8.143906555500413,30.13895469259744,9185.609344449958,82,30,52,36.58536585365854,0.9139256406273961,-4.151809874061071,-0.05063182773245208,-4.6081901612150755,20.84854796954217,9539.180983878492,-4.601784712766603
60,3,2.5,1,1,0.05,12,0,0.0,2.0,6,0,159,67,92,42.138364779874216,0.800479185004962,-9.240429725986353,-0.05811591022632926,-9.158107068612843,13.425068392728939,9084.189293138716,57,25,32,43.85964912280702,1.2904357332365728,4.189410592159178,0.0734984314413891,4.091888687511647,6.749142461691239,10409.188868751166,-4.610092455132095
60,3,2.5,1,1,0.05,12,0,0.1,2.5,6,1,159,65,94,40.880503144654085,0.7961432863443273,-9.23657791584554,-0.05809168500531786,-9.159280560800598,13.338968904285437,9084.07194391994,57,25,32,43.85964912280702,1.347178407558759,4.905339315308931,0.08605858447910404,4.8248085688234355,6.602540566200959,10482.480856882345,-4.611175761045616
60,2,3.5,1,2,0.05,12,1,0.1,2.0,24,1,130,31,99,23.846153846153847,0.8935081748723065,-7.086320164548828,-0.05451015511191406,-7.689064097988718,22.286535077126548,9231.093590201128,48,14,34,29.166666666666668,1.0733858193045385,1.799534330080805,0.037490298543350106,1.4311562953979395,8.557511120352533,10143.115629539794,-4.612009236263322
60,2,3.5,1,0,0.05,48,1,0.25,1.5,6,1,270,102,168,37.77777777777778,0.887958584451579,-13.236188427876428,-0.04902292010324603,-13.493746228749936,32.531528373913616,8650.625377125007,101,40,61,39.603960396039604,1.0141222108640666,0.5739672900517656,0.005682844455958075,0.10907648941502757,12.693498818254204,10010.907648941502,-4.615769262527834
30,5,3.5,1,0,0.05,12,0,0.1,3.0,6,1,362,156,206,43.0939226519337,1.0926538398268593,10.21808724770979,0.028226760352789475,9.125369586664078,14.627238817723137,10912.536958666407,119,44,75,36.97478991596638,0.8229584402484752,-6.980245863266964,-0.058657528262747595,-7.132560287545764,9.109163579137691,9286.743971245423,-4.6187211005629925
60,2,3.5,1,2,0.05,12,1,0.1,1.5,72,0,131,52,79,39.69465648854962,0.9488100654334437,-4.137717852238713,-0.031585632459837504,-4.987493209351445,22.295992629641322,9501.250679064855,47,18,29,38.297872340425535,0.9119970128922543,-2.583676778927255,-0.054971846360154356,-2.8879759057619414,12.832010688282164,9711.202409423806,-4.623830066918617
60,2,3.5,1,0,0.05,12,1,0.0,1.5,24,1,195,69,126,35.38461538461539,0.9629994938865382,-3.8159224064247934,-0.01956883285346048,-4.937908105308053,25.632531671262537,9506.209189469195,71,22,49,30.985915492957748,0.895043508987758,-3.7746090133381243,-0.053163507230114426,-4.1051257821909,17.694819703459096,9589.48742178091,-4.636548993410074
60,3,2.5,1,1,0.05,12,1,0.25,1.5,6,0,153,65,88,42.48366013071895,0.8937645046804004,-8.50741502754805,-0.055604019787895746,-8.96813971681304,21.458400898744873,9103.186028318696,58,24,34,41.37931034482759,0.9510809745079721,-1.435735250193155,-0.02475405603781302,-1.7533501696846199,12.251508051615081,9824.664983031538,-4.652623278962894
30,5,3.5,1,0,0.05,12,0,0.25,2.5,6,1,362,157,205,43.370165745856355,1.066397734159145,6.991764077342198,0.01931426540702265,5.889399697045117,14.810869815516398,10588.939969704512,119,45,74,37.81512605042017,0.8137223919144045,-7.00099129228838,-0.058831859599062016,-7.10570034246788,8.966851124884949,9289.429965753212,-4.6656441907301724
60,2,3.5,1,3,0.05,24,1,0.0,1.5,24,0,181,71,110,39.226519337016576,0.9273995908537126,-8.035831987306015,-0.044396861808320524,-8.928680469573502,28.468906068675278,9107.13195304265,62,23,39,37.096774193548384,0.9104597081156426,-3.2304792889672447,-0.05210450466076201,-3.58440851620373,13.61464299417954,9641.559148379627,-4.68335194132628
60,3,2.5,1,1,0.05,12,1,0.1,2.0,72,0,144,47,97,32.638888888888886,0.9217443511384212,-7.844423767037545,-0.05447516504887184,-8.849538180693994,24.139849022256723,9115.0461819306,56,18,38,32.142857142857146,0.9205298592165134,-3.075724331705463,-0.0549236487804547,-3.557383043814566,14.801710217207098,9644.261695618543,-4.695390974164392
60,3,2.5,1,1,0.05,12,0,0.0,2.0,6,1,159,65,94,40.880503144654085,0.796626345915583,-9.383360820374815,-0.059014847926885626,-9.287262325844237,13.250882473313,9071.273767415576,57,25,32,43.85964912280702,1.29762192974889,4.269293486345711,0.07489988572536334,4.175118971005531,6.749142461691202,10417.511897100554,-4.697240748201534
60,2,3.5,1,2,0.05,12,1,0.0,1.5,72,0,130,54,76,41.53846153846154,1.011699853512529,0.9187349007733563,0.007067191544410433,-0.06886881167520453,21.08876279920733,9993.11311883248,47,18,29,38.297872340425535,0.9096812137576734,-2.6557176337953283,-0.056504630506283585,-2.957974092639959,12.887490438164237,9704.202590736004,-4.709306289974663
60,2,3.5,1,0,0.05,12,1,0.25,2.0,24,1,196,55,141,28.06122448979592,0.9986492824238131,-0.14048978054366532,-0.0007167845946105373,-1.6549669767840003,25.120987456402094,9834.5033023216,68,18,50,26.470588235294116,0.8999483693560492,-3.693580524613102,-0.05431736065607503,-4.109881434270934,16.528618456168495,9589.011856572906,-4.7156879238198055
60,3,2.5,1,1,0.05,12,1,0.1,1.5,6,1,147,57,90,38.775510204081634,0.8954535080632013,-8.058837563678647,-0.05482202424271189,-8.538395185455428,23.947491214873786,9146.160481454457,58,23,35,39.6551724137931,0.9652064979803023,-1.0468851727671704,-0.018049744358054662,-1.3879292653455,10.141723708425827,9861.20707346545,-4.720391136646642
60,2,3.5,1,0,0.05,24,1,0.0,1.5,24,1,232,82,150,35.3448275862069,0.9624761201551925,-4.608514132641322,-0.019864285054488458,-5.9111745989903985,27.252330985752693,9408.88254010096,84,27,57,32.142857142857146,0.8985235877480588,-4.475877377406827,-0.05328425449293842,-4.867188042626546,18.46310621181202,9513.281195737345,-4.722253007293855
60,2,3.5,1,0,0.05,24,0,0.1,3.0,24,1,200,80,120,40.0,1.3823102319725884,24.972998115429878,0.12486499057714939,26.981770766435574,7.859895361537268,12698.177076643558,70,28,42,40.0,0.8428658024564247,-4.31210103070718,-0.061601443295816856,-4.516830028609586,11.358865074569543,9548.316997139042,-4.729676641438877
60,2,3.5,1,0,0.15,24,0,0.1,3.0,24,1,210,84,126,40.0,1.3201547864146694,22.11443413605669,0.10530682921931757,23.391204662723464,7.433183526204003,12339.120466272347,71,29,42,40.84507042253521,0.8385717940253027,-4.369772182392814,-0.06154608707595512,-4.566441487356732,11.425164459250315,9543.355851264327,-4.73530837519832
60,3,2.5,1,1,0.05,12,1,0.1,2.0,6,1,147,49,98,33.333333333333336,0.8983707842038053,-7.874191033985687,-0.053565925401263176,-8.489296363883314,26.46333063637341,9151.070363611669,58,21,37,36.206896551724135,1.016098821741187,0.484996522481458,0.008362009008301,0.06454075705912832,11.04659532562961,10006.454075705913,-4.73989706551054
60,2,3.5,1,0,0.05,24,0,0.0,1.0,24,0,214,107,107,50.0,1.1405529436645983,10.192006086701841,0.04762619666683104,9.967451078088052,11.477919257896096,10996.745107808805,72,32,40,44.44444444444444,0.8497185072227352,-4.404098057504973,-0.06116802857645795,-4.546564960694521,12.606445169011687,9545.343503930548,-4.744706609226187
60,2,3.5,1,0,0.05,24,0,0.0,1.0,24,1,214,107,107,50.0,1.1405529436645983,10.192006086701841,0.04762619666683104,9.967451078088052,11.477919257896096,10996.745107808805,72,32,40,44.44444444444444,0.8497185072227352,-4.404098057504973,-0.06116802857645795,-4.546564960694521,12.606445169011687,9545.343503930548,-4.744706609226187
60,2,3.5,1,0,0.15,24,1,0.25,3.0,6,1,249,81,168,32.53012048192771,0.9794918098830198,-2.303532711102093,-0.00925113538595218,-3.9356825539060836,22.910431510852067,9606.431744609392,89,28,61,31.46067415730337,0.875840265502921,-4.959777364762957,-0.055727835559134346,-5.37534169256152,16.7519692999629,9462.465830743848,-4.74574794852569
30,5,3.5,1,0,0.05,12,0,0.1,2.5,6,1,362,156,206,43.0939226519337,1.0610539472180274,6.677965702625626,0.01844741906802659,5.4817534632524145,17.084714426980643,10548.17534632524,119,44,75,36.97478991596638,0.8234769086097702,-6.959804128347528,-0.05848574897771032,-7.108250720806442,9.085371420542522,9289.174927919355,-4.747954771892125
60,2,3.5,1,0,0.15,24,0,0.0,1.5,24,1,219,92,127,42.009132420091326,1.2056118046061115,14.92880739860686,0.06816807031327334,15.106830019858396,9.91327236090105,11510.68300198584,72,31,41,43.05555555555556,0.8434276901966204,-4.422617700611338,-0.061425245841824135,-4.584908084224082,12.233544179709233,9541.509191577592,-4.760635910456887
60,2,3.5,1,0,0.15,24,0,0.25,1.5,24,1,216,98,118,45.370370370370374,1.3573433486696669,23.452697048978035,0.10857730115267608,25.398053195643875,8.159397298583693,12539.805319564388,71,31,40,43.66197183098591,0.8378856659506403,-4.345386290466375,-0.06120262380938556,-4.4928012159431425,12.815864983959258,9550.719878405685,-4.785776336173226
60,2,3.5,1,2,0.05,12,1,0.25,2.5,24,0,127,37,90,29.133858267716537,0.9246925749079138,-6.708265163939133,-0.05282098554282782,-7.805422024198672,29.036781631036853,9219.457797580133,46,17,29,36.95652173913044,1.4662762540301237,11.442883099402737,0.24875832824788557,11.517582639165314,7.0510261617613885,11151.758263916532,-4.789905542158159
60,2,3.5,1,0,0.15,24,1,0.25,3.0,24,0,235,73,162,31.06382978723404,1.0984309416483256,15.881160339008078,0.06757940569790671,13.544900253074243,29.691674497017516,11354.490025307425,82,21,61,25.609756097560975,0.9216053656358534,-4.3549987045300576,-0.05310974029914704,-5.1957807087860575,23.14226469487557,9480.421929121394,-4.807379707684389
60,2,3.5,1,0,0.05,12,1,0.1,1.5,6,1,199,74,125,37.185929648241206,0.8881322088190848,-10.630372690162195,-0.05341895824202108,-11.015483301816875,25.984284653980783,8898.451669818312,73,29,44,39.726027397260275,0.8836136088994925,-3.981424022777754,-0.054540055106544576,-4.255716661405861,14.75677341012426,9574.428333859414,-4.815428862773903
30,5,2.5,1,1,0.05,12,0,0.25,2.5,72,0,184,56,128,30.434782608695652,0.9260509971858562,-9.36816555612615,-0.05091394323981604,-10.767679126147122,33.3093297027517,8923.232087385288,54,18,36,33.333333333333336,0.9990062854539894,-0.034461603992906875,-0.0006381778517204977,-0.5986495544305526,9.679587320132391,9940.135044556944,-4.837118793251745
60,3,2.5,1,1,0.05,12,0,0.25,1.5,6,0,159,69,90,43.39622641509434,0.7745085537594373,-9.54400595449525,-0.06002519468236006,-9.367001474965475,13.27698187257003,9063.299852503453,57,25,32,43.85964912280702,1.1301032603015257,1.8084011002503162,0.03172633509211081,1.6867374013088243,6.409691068220763,10168.673740130882,-4.8440769720166905
60,3,2.5,1,1,0.05,12,0,0.25,1.5,6,1,159,69,90,43.39622641509434,0.7745085537594373,-9.54400595449525,-0.06002519468236006,-9.367001474965475,13.27698187257003,9063.299852503453,57,25,32,43.85964912280702,1.1351887234023688,1.870669688844499,0.03281876647095612,1.750102984644153,6.4096910682207335,10175.010298464415,-4.8440769720166905
60,2,3.5,1,3,0.05,24,1,0.1,1.5,72,1,183,63,120,34.42622950819672,0.9039878965674826,-9.69229963710602,-0.05296338599511486,-10.308833914014027,29.654247170323657,8969.116608598597,63,21,42,33.333333333333336,0.9883250120331398,-0.36922114656020105,-0.005860653120003191,-0.7572907575861376,10.602436837416487,9924.270924241386,-4.851729328259973
60,2,3.5,1,2,0.05,24,1,0.25,2.5,6,1,167,55,112,32.93413173652694,0.8767856899581362,-9.040326196160821,-0.05413368979737019,-9.4797026126902,26.984403362019542,9052.02973873098,62,28,34,45.16129032258065,1.5026996107717305,11.475891916468676,0.1850950309107851,11.67907356157809,5.813427894554377,11167.907356157808,-4.864548328902765
60,2,3.5,1,0,0.05,12,1,0.25,2.5,72,1,195,47,148,24.102564102564102,1.067096977745293,7.145814118240497,0.036645200606361526,5.355573827440185,23.812017481408375,10535.557382744018,68,14,54,20.58823529411765,0.9003755182172328,-3.851486874134211,-0.05663951285491487,-4.37451947637737,18.603141300920083,9562.548052362263,-4.8685106474817985
60,2,3.5,1,2,0.05,24,1,0.25,2.0,6,1,168,57,111,33.92857142857143,0.8769830971057477,-9.023646995563686,-0.05371218449740289,-9.411294303704798,27.97533203034483,9058.87056962952,62,28,34,45.16129032258065,1.3596994272571257,8.211408286713144,0.13244206914053458,8.180549974261563,5.813427894554381,10818.054997426156,-4.88145870471033
60,3,2.5,1,1,0.05,12,1,0.0,2.0,72,0,141,51,90,36.170212765957444,1.0732224048026289,6.827399216466426,0.048421271038768976,5.515282994051107,20.732255431942537,10551.52829940511,56,18,38,32.142857142857146,0.9154090454528379,-3.289030081212549,-0.05873268002165266,-3.764033795374544,14.177367433858686,9623.596620462546,-4.882080110392688
60,2,3.5,1,0,0.05,48,1,0.25,1.5,24,1,263,91,172,34.60076045627376,0.9029836813311882,-13.839243723372142,-0.05262069856795491,-14.35593814891124,31.806906295035304,8564.406185108875,96,33,63,34.375,0.9542464935693054,-2.2443685499584958,-0.023378839062067665,-2.7895216737371054,17.162853337247352,9721.04783262629,-4.907045773984894
60,3,3.5,1,1,0.05,12,0,0.1,1.0,6,0,92,42,50,45.65217391304348,0.8100788877830913,-4.553641282433832,-0.04949610089601991,-4.606319816514204,6.5741535621742715,9539.36801834858,33,13,20,39.39393939393939,0.7163412596210212,-2.0789443621940764,-0.0629983140058811,-2.0983856346939556,6.095290053836071,9790.161436530605,-4.908962042614909
60,3,3.5,1,1,0.05,12,0,0.1,1.0,6,1,92,42,50,45.65217391304348,0.8100788877830913,-4.553641282433832,-0.04949610089601991,-4.606319816514204,6.5741535621742715,9539.36801834858,33,13,20,39.39393939393939,0.7163412596210212,-2.0789443621940764,-0.0629983140058811,-2.0983856346939556,6.095290053836071,9790.161436530605,-4.908962042614909
60,2,3.5,1,0,0.15,24,0,0.25,1.5,72,1,191,76,115,39.79057591623037,1.1401604007940573,11.213132931192174,0.05870750225755065,10.719339055923616,14.476970359511347,11071.933905592361,62,22,40,35.483870967741936,0.8761041620575668,-3.855161954792041,-0.06218003152890388,-4.112519754741529,13.27601068957108,9588.748024525847,-4.9200995777067815
60,2,3.5,1,2,0.15,24,1,0.0,2.5,6,0,174,65,109,37.35632183908046,0.9002345456854886,-9.37264458126802,-0.05386577345556333,-10.125582098132835,29.33542365738247,8987.441790186716,69,32,37,46.3768115942029,1.0640312513235168,2.247604107666763,0.03257397257488062,1.7469839654969954,10.612456022584665,10174.6983965497,-4.921384149423368
60,2,3.5,1,0,0.05,48,1,0.1,3.0,6,0,263,95,168,36.12167300380228,0.9038327571341315,-13.562726283204947,-0.05156930145705303,-14.488356383936518,33.91514476358397,8551.164361606348,100,37,63,37.0,1.0568836950717386,3.1634541414656248,0.03163454141465625,2.2133848095857944,17.089935414225263,10221.33848095858,-4.922661265567951
60,2,3.5,1,0,0.05,24,0,0.1,2.5,24,0,203,89,114,43.8423645320197,1.3663946104961795,27.018477606713958,0.1330959488015466,29.46759196942206,8.975976071124988,12946.759196942206,70,30,40,42.857142857142854,0.8486841420960685,-4.453554754523663,-0.06362221077890946,-4.665866947540486,11.590009657488572,9533.413305245951,-4.933985385443993
60,2,3.5,1,0,0.05,12,0,0.0,2.0,24,0,176,75,101,42.61363636363637,1.2242053435850706,15.266209699739658,0.08673982783942988,15.367200266199843,8.47081561525866,11536.720026619983,61,26,35,42.622950819672134,0.850804948458706,-3.830411632231351,-0.06279363331526805,-4.022136743150728,13.002436965678973,9597.786325684927,-4.945186214045623
60,2,3.5,1,0,0.05,48,1,0.1,3.0,72,1,251,55,196,21.91235059760956,1.129979767687171,17.8521771029794,0.07112421156565499,16.083099894380638,18.01255951834714,11608.309989438063,91,15,76,16.483516483516482,0.8937550846529866,-5.316847631991466,-0.05842689705485128,-6.034944817246979,22.39473960002346,9396.505518275302,-4.946685054475658
60,2,3.5,1,3,0.05,24,1,0.1,1.5,72,0,183,72,111,39.34426229508197,0.9158385515006741,-9.60811939605941,-0.05250338467792027,-10.384373012527826,32.43317992315227,8961.562698747217,62,25,37,40.32258064516129,0.9908675922398654,-0.3428123163097163,-0.005529230908221231,-0.8052663701833773,13.267368122671265,9919.473362981662,-4.950338687540661
60,2,3.5,1,0,0.05,24,0,0.25,1.5,24,1,207,94,113,45.410628019323674,1.402296232913076,25.31589983739426,0.12229903303089014,27.761837030150673,6.859591271269454,12776.183703015067,70,30,40,42.857142857142854,0.838979001591123,-4.382273497389603,-0.06260390710556575,-4.533146483148343,13.320604535979438,9546.685351685166,-4.955400991828965
60,2,3.5,1,2,0.15,24,1,0.25,2.5,24,1,176,40,136,22.727272727272727,0.9062033253602751,-9.20719447801882,-0.052313604988743295,-10.185679733574649,32.667728699044844,8981.432026642535,64,18,46,28.125,1.1511602894984545,4.6344482172125545,0.07241325339394616,4.159875025013471,8.745870856781917,10415.987502501348,-4.961578843106906
60,2,3.5,1,2,0.15,24,1,0.1,3.0,72,1,173,29,144,16.76300578034682,0.9074607661546499,-8.80766690363,-0.05091136938514451,-10.01576441726817,35.07758281561493,8998.423558273184,64,11,53,17.1875,1.0071174666834484,0.2323020667815585,0.0036297197934618518,-0.41361049889845347,11.691225717136923,9958.638950110155,-4.963431648152484
60,2,3.5,1,0,0.05,12,1,0.25,2.0,24,0,194,69,125,35.56701030927835,1.0400565258227596,4.978428540934649,0.025662002788322934,3.1474091960811412,28.3257408192147,10314.740919608113,67,21,46,31.34328358208955,0.9136099886039647,-3.7051150715590495,-0.05530022494864253,-4.2066859460638595,15.934234293745122,9579.331405393614,-4.980396196291594
60,3,2.5,1,1,0.05,12,0,0.1,2.0,6,0,159,67,92,42.138364779874216,0.7852725346949764,-9.764385889457511,-0.06141123200916673,-9.620199758864423,13.634595008521416,9037.980024113558,57,25,32,43.85964912280702,1.2803984632203251,3.981916991346083,0.06985819283063303,3.880959250773275,6.6025405662009735,10388.095925077329,-4.982609530983363
60,2,3.5,1,0,0.05,24,1,0.25,2.0,24,0,231,84,147,36.36363636363637,1.0811789277058783,11.83207314030041,0.051221095845456324,10.04778500398622,29.019232244290404,11004.778500398623,80,25,55,31.25,0.9144476541635513,-4.411462441477527,-0.05514328051846908,-4.996339429920749,21.306398155570292,9500.366057007925,-4.987141762709985
60,2,3.5,1,0,0.05,24,1,0.0,2.0,6,1,235,77,158,32.765957446808514,0.9406278225874591,-6.739347438444432,-0.02867807420614652,-7.90751903485436,28.771297023536164,9209.248096514564,88,29,59,32.95454545454545,0.8879038541751899,-4.8574359598179795,-0.055198135907022494,-5.258977390995801,19.199448560482892,9474.10226090042,-5.021420066790825
60,2,3.5,1,2,0.05,24,1,0.0,3.0,6,0,163,60,103,36.809815950920246,0.8991479602373481,-8.868958951564856,-0.054410791113894824,-9.654309907833724,29.977758294199024,9034.569009216628,62,28,34,45.16129032258065,1.3100601845857331,9.643397563099525,0.155538670372573,9.450371279685976,8.066867593148753,10945.037127968597,-5.027135215927575
60,2,3.5,1,0,0.15,24,0,0.1,1.5,24,0,217,96,121,44.23963133640553,1.1669572901660792,12.913199778780589,0.059507833081938195,12.765257649457062,11.679744713358422,11276.525764945707,72,33,39,45.833333333333336,0.8359292839693407,-4.601850142989844,-0.06391458531930339,-4.746270188852164,12.291574027348508,9525.372981114784,-5.028048461517728
60,2,3.5,1,0,0.05,24,1,0.0,1.0,72,0,234,115,119,49.14529914529915,0.8905102307762536,-13.555232203922928,-0.05792834275180739,-13.700149135891992,24.378655866333407,8629.985086410801,85,42,43,49.411764705882355,0.9438229290446898,-2.461339676598725,-0.02895693737174971,-2.847066760683703,15.890638987602154,9715.29332393163,-5.029098435982885
60,2,3.5,1,0,0.05,24,1,0.0,1.0,72,1,234,115,119,49.14529914529915,0.8905102307762536,-13.555232203922928,-0.05792834275180739,-13.700149135891992,24.378655866333407,8629.985086410801,85,42,43,49.411764705882355,0.9438229290446898,-2.461339676598725,-0.02895693737174971,-2.847066760683703,15.890638987602154,9715.29332393163,-5.029098435982885
60,2,3.5,1,0,0.05,24,0,0.0,1.5,24,1,209,89,120,42.58373205741627,1.2336937017295873,16.531635504337235,0.07909873447051309,16.960512085572454,8.817066214858778,11696.051208557246,72,30,42,41.666666666666664,0.8433045508796896,-4.593896445096596,-0.06380411729300828,-4.761573664189289,12.942547615538336,9523.842633581071,-5.04130954035891
60,2,3.5,1,2,0.15,24,1,0.1,2.0,6,1,177,56,121,31.638418079096045,0.8726616803028874,-9.96682383425427,-0.0563097391765778,-10.330819757183962,26.67810644430073,8966.918024281604,69,31,38,44.927536231884055,1.072470933638452,2.147890638280943,0.031128849830158595,1.7843223165190825,8.036916636020825,10178.432231651908,-5.061487419505113
60,3,2.5,1,1,0.05,12,0,0.1,2.0,6,1,159,65,94,40.880503144654085,0.781544749351378,-9.89802546876001,-0.062251732507924595,-9.74038238343683,13.47113979867364,9025.961761656317,57,25,32,43.85964912280702,1.2869016870282475,4.053679878608035,0.07111719085277254,3.955570581281398,6.6025405662009735,10395.557058128139,-5.06430783895548
60,2,3.5,1,0,0.15,12,0,0.1,2.0,72,1,170,64,106,37.64705882352941,1.2722556887971193,19.995144232588316,0.11761849548581363,20.681054695685198,10.241274792689845,12068.10546956852,53,17,36,32.075471698113205,0.8764249590347721,-3.415970098858073,-0.06445226601619006,-3.697471389754059,13.236503386001653,9630.252861024594,-5.087668482053133
60,2,3.5,1,0,0.05,24,1,0.25,1.5,72,0,233,95,138,40.772532188841204,0.9838896755936468,-2.2672010170377983,-0.009730476467973384,-3.9260048673755765,30.48657828951587,9607.399513262442,81,31,50,38.27160493827161,0.9114830211958183,-4.4779592816349165,-0.055283447921418725,-4.948570152619192,20.22325771413234,9505.14298473808,-5.093901522394763
60,2,3.5,1,2,0.05,12,1,0.25,2.5,24,1,131,29,102,22.137404580152673,0.9020970872486026,-7.270852165013965,-0.055502688282549346,-8.101695720918201,28.99344399576025,9189.83042790818,47,13,34,27.659574468085108,1.223248921706648,5.262302232104527,0.11196387727881972,4.921224416716097,7.12250483985498,10492.12244167161,-5.098561192412555
30,5,3.5,1,0,0.05,12,0,0.25,2.5,6,0,362,162,200,44.751381215469614,1.0833177672155738,8.975210182248398,0.02479339829350386,7.957144397154203,15.0666302954471,10795.71443971542,118,47,71,39.83050847457627,0.8138232510518764,-7.436189187689575,-0.06301855243804724,-7.535947011824485,9.388477739746733,9246.405298817552,-5.100294210116645
60,2,3.5,1,3,0.05,24,1,0.1,2.0,24,0,180,60,120,33.333333333333336,0.9198448607689937,-9.664483619740313,-0.053691575665223965,-10.71842856885361,33.095279429179655,8928.157143114639,61,22,39,36.0655737704918,1.1061527527360209,3.8211451529117095,0.06264172381822475,3.3142393101390555,11.77461933815937,10331.423931013906,-5.102471172230679
30,5,3.5,1,0,0.05,12,0,0.1,3.0,6,0,362,161,201,44.47513812154696,1.0956123591292941,10.95981223455578,0.030275724404850223,9.85527315657222,15.752652384453741,10985.527315657222,118,47,71,39.83050847457627,0.8248942936526293,-7.434447324640167,-0.06300379088678107,-7.591221576155583,9.558062658133458,9240.877842384441,-5.117837295128919
30,5,3.5,1,0,0.05,12,0,0.25,2.0,6,1,362,157,205,43.370165745856355,1.001338963953076,0.14099457137395033,0.00038948776622638214,-0.9572817650971066,17.274793278204385,9904.27182349029,119,45,74,37.81512605042017,0.8043782608150463,-7.352177788254924,-0.06178300662399096,-7.417959655392481,9.272854277133268,9258.204034460752,-5.127282563183061
60,3,3.5,1,1,0.05,12,0,0.0,1.0,6,0,92,42,50,45.65217391304348,0.8497815812889702,-3.653061904238837,-0.039707194611291706,-3.7530646950149404,5.748017093387814,9624.693530498505,33,13,20,39.39393939393939,0.7110243986284369,-2.157300050574146,-0.06537272880527716,-2.1757308765373296,6.222607427079913,9782.426912346267,-5.1359444764340205
60,3,3.5,1,1,0.05,12,0,0.0,1.0,6,1,92,42,50,45.65217391304348,0.8497815812889702,-3.653061904238837,-0.039707194611291706,-3.7530646950149404,5.748017093387814,9624.693530498505,33,13,20,39.39393939393939,0.7110243986284369,-2.157300050574146,-0.06537272880527716,-2.1757308765373296,6.222607427079913,9782.426912346267,-5.1359444764340205
60,2,3.5,1,0,0.05,24,1,0.1,1.5,6,0,238,96,142,40.33613445378151,0.8910873565806042,-12.98429941188726,-0.054555879881879245,-13.314975823456976,31.104895294636552,8668.502417654303,88,37,51,42.04545454545455,0.8961037419156627,-4.842128997631205,-0.05502419315490006,-5.212926495990978,17.868481901535798,9478.707350400902,-5.137674683033776
60,2,3.5,1,0,0.15,24,0,0.0,1.5,72,1,196,76,120,38.775510204081634,1.0863150981388385,7.263341024577804,0.03705786237029492,6.4058069478154955,13.027970996212057,10640.580694781549,63,22,41,34.92063492063492,0.8699360793867997,-4.095520724134486,-0.06500826546245216,-4.346226857691093,13.654441517526376,9565.377314230891,-5.164332570187231
60,2,3.5,1,2,0.15,24,1,0.0,1.0,72,0,177,86,91,48.58757062146893,0.8861173293337455,-10.722531800718343,-0.06057927571027313,-10.966453673973975,22.41755090485597,8903.354632602603,65,34,31,52.30769230769231,1.0676322226895225,2.126993203254538,0.03272297235776212,1.817980326041968,10.07108262350633,10181.798032604196,-5.211780492448537
60,2,3.5,1,2,0.15,24,1,0.0,1.0,72,1,177,86,91,48.58757062146893,0.8861173293337455,-10.722531800718343,-0.06057927571027313,-10.966453673973975,22.41755090485597,8903.354632602603,65,34,31,52.30769230769231,1.0676322226895225,2.126993203254538,0.03272297235776212,1.817980326041968,10.07108262350633,10181.798032604196,-5.211780492448537
60,2,3.5,1,2,0.05,24,1,0.25,1.5,6,1,168,62,106,36.904761904761905,0.8679511621769884,-9.668262316287757,-0.057549180454093796,-9.901179288333662,26.794162133437226,9009.882071166634,62,30,32,48.38709677419355,1.280341485000751,6.390107064433708,0.10306624297473722,6.293007168649067,5.5213503658960095,10629.300716864907,-5.212351976422482
60,2,3.5,1,3,0.05,24,1,0.25,2.5,6,1,185,59,126,31.89189189189189,0.8716694412315537,-10.347552641431534,-0.05593271698071099,-10.77977074295353,29.9380455208961,8922.022925704647,67,27,40,40.298507462686565,1.295132616672702,7.8008565215872,0.11643069435204775,7.636785854819728,6.552490099775017,10763.678585481974,-5.224264776344147
60,2,3.5,1,2,0.05,12,1,0.25,2.0,24,0,130,42,88,32.30769230769231,0.9123621972173074,-7.62412775908808,-0.05864713660836984,-8.455477386196474,26.252868375172984,9154.452261380353,46,17,29,36.95652173913044,1.2481972704340751,6.09100790919644,0.1324132154173139,5.838107174314655,8.418111143417693,10583.810717431466,-5.230146608741743
30,5,3.5,1,0,0.05,12,0,0.1,2.5,6,0,362,161,201,44.47513812154696,1.060846733067414,6.919690689471615,0.019115167650474076,5.671747947948069,18.036047498480663,10567.174794794808,118,47,71,39.83050847457627,0.825375763797716,-7.4140055897207295,-0.06283055584509092,-7.5670320714879775,9.813928832464223,9243.296792851203,-5.236554557511347
30,5,3.5,1,0,0.05,12,0,0.25,1.0,6,0,366,171,195,46.721311475409834,0.962225097198514,-3.9719212892909677,-0.010852243959811388,-4.710015136888634,16.655587552022936,9528.998486311137,119,52,67,43.69747899159664,0.7993808223344672,-7.518420405623126,-0.0631800034085977,-7.502051159481926,9.739135032478096,9249.794884051807,-5.239824775034007
30,5,3.5,1,0,0.05,12,0,0.25,1.0,6,1,366,171,195,46.721311475409834,0.962225097198514,-3.9719212892909677,-0.010852243959811388,-4.710015136888634,16.655587552022936,9528.998486311137,119,52,67,43.69747899159664,0.7993808223344672,-7.518420405623126,-0.0631800034085977,-7.502051159481926,9.739135032478096,9249.794884051807,-5.239824775034007
60,2,3.5,1,3,0.05,24,1,0.0,1.5,72,1,182,63,119,34.61538461538461,0.8967607789239369,-10.483289289362588,-0.05760049060089334,-11.018791348932734,28.463342046524264,8898.120865106726,63,24,39,38.095238095238095,1.163604671604845,5.013900041293721,0.07958571494117017,4.702817137064641,8.034750430069147,10470.281713706465,-5.258439716696949
60,2,3.5,1,0,0.15,12,1,0.0,2.5,24,1,206,46,160,22.33009708737864,0.9473131453760184,-5.9771528165765595,-0.029015304934837668,-7.541581884299919,26.028046919853992,9245.841811570008,72,15,57,20.833333333333332,0.8879846291865984,-4.268574560647786,-0.059285757786774806,-4.746880203577398,16.240894203111335,9525.31197964226,-5.285243391380684
60,2,3.5,1,0,0.05,24,1,0.25,2.5,72,0,223,71,152,31.838565022421523,1.1118435178197414,17.352892333455046,0.07781566068813922,15.553957436195876,30.98092047178531,11555.395743619587,78,22,56,28.205128205128204,0.9213109664906557,-4.458840850810899,-0.05716462629244743,-5.236464706858968,23.14683060317684,9476.353529314103,-5.2957511393238486
60,2,3.5,1,2,0.05,24,1,0.1,2.5,6,0,164,62,102,37.80487804878049,0.8871168404967856,-9.504433234971543,-0.057953861188850875,-10.073615442098982,28.378599950956218,8992.638455790102,62,28,34,45.16129032258065,1.187521327917699,5.588369538575737,0.09013499255767318,5.244053479733468,8.466127179546907,10524.405347973347,-5.309554962309735
60,3,2.5,1,1,0.05,12,0,0.0,1.5,6,0,159,67,92,42.138364779874216,0.7783374659276665,-10.265881627590545,-0.06456529325528644,-10.064575908056483,13.866623119331559,8993.542409194351,57,25,32,43.85964912280702,1.1371631371854258,1.978519286779156,0.034710864680336066,1.853856504084317,6.749142461691234,10185.385650408432,-5.325807479778562
60,2,3.5,1,0,0.15,12,1,0.0,2.0,72,1,207,54,153,26.08695652173913,0.9068955598232583,-10.7045266269299,-0.05171268901898502,-11.584940405014732,28.36617330604203,8841.505959498527,73,17,56,23.28767123287671,0.88782767618739,-4.259766846343049,-0.05835297049784999,-4.670819415642924,17.454866372088674,9532.918058435707,-5.331205586452324
60,2,3.5,1,0,0.15,24,0,0.25,3.0,24,1,209,87,122,41.6267942583732,1.3723696178791973,24.23832780584394,0.11597286031504278,26.12498602438118,6.4678132070124805,12612.498602438118,71,29,42,40.84507042253521,0.8216360355537903,-4.7825781160137035,-0.06736025515512259,-4.951704401682456,11.304207334108748,9504.829559831755,-5.343339272549598
30,5,3.5,1,0,0.05,12,0,0.0,2.5,6,1,362,152,210,41.988950276243095,1.052305612702417,5.8965907590085855,0.016288924748642502,4.598248436785735,19.39714265433812,10459.824843678573,119,43,76,36.134453781512605,0.8163694486415034,-7.488319142425882,-0.06292705161702422,-7.625972092022004,9.678388195330943,9237.4027907978,-5.345045649401497
60,3,2.5,1,1,0.05,12,1,0.0,1.5,6,1,142,56,86,39.436619718309856,0.8914853499979658,-8.56368259643218,-0.06030762391853648,-9.026551409379824,25.210298151804842,9097.344859062017,58,22,36,37.93103448275862,0.9222107888451025,-2.352557894221951,-0.040561343003826744,-2.661591928172524,12.576694388939885,9733.840807182747,-5.352655836575436
60,2,3.5,1,3,0.05,24,1,0.25,1.5,72,0,182,71,111,39.010989010989015,0.9106048003115447,-10.142056735861571,-0.05572558646077786,-10.848365457429532,33.62746104244563,8915.163454257046,61,26,35,42.622950819672134,1.09283645601743,3.2877132023333475,0.05389693774316963,2.8623033531622655,8.623923316352228,10286.230335316226,-5.356283269496925
60,2,3.5,1,2,0.05,12,0,0.1,1.5,72,1,117,52,65,44.44444444444444,1.391629624814239,17.07595184493271,0.14594830636694625,17.871420537187355,7.117059147975915,11787.142053718735,39,13,26,33.333333333333336,0.8509400079970874,-2.6541683782899823,-0.06805559944333288,-2.8042528513993803,10.515378500984426,9719.574714860062,-5.365714692986785
60,2,3.5,1,3,0.05,24,1,0.1,1.5,24,1,184,62,122,33.69565217391305,0.8943593622773086,-10.6255459557638,-0.05774753236828152,-11.126476493853621,30.21623398704088,8887.352350614638,63,22,41,34.92063492063492,0.990512754163707,-0.2999323561948989,-0.004760831050712681,-0.6840883802044506,11.014402456463879,9931.591161979555,-5.38312024316002
60,2,3.5,1,2,0.05,12,0,0.0,1.5,72,1,117,53,64,45.2991452991453,1.4252726770953965,18.577058116256985,0.15877827449792295,19.640010312475287,6.305644924815006,11964.00103124753,39,13,26,33.333333333333336,0.8507383040605482,-2.664456427289046,-0.068319395571514,-2.8146455432834228,10.585890471834816,9718.535445671658,-5.396728431928998
60,3,2.5,1,1,0.05,12,0,0.0,1.5,6,1,159,65,94,40.880503144654085,0.7744008443805449,-10.408812721979004,-0.06546423095584279,-10.192442385272948,13.693325593525618,8980.755761472705,57,25,32,43.85964912280702,1.1434957871267613,2.058402180965689,0.03611231896431034,1.9352972912452415,6.749142461691224,10193.529729124524,-5.413176641380084
60,2,3.5,1,0,0.05,24,1,0.0,1.0,24,1,234,112,122,47.863247863247864,0.8825005604643845,-14.318609694823637,-0.061190639721468536,-14.328971177657424,25.12909739996521,8567.102882234258,85,41,44,48.23529411764706,0.9191122417409227,-3.5517977549847006,-0.04178585594099648,-3.8960496556980306,16.798787389002015,9610.395034430197,-5.416373965590646
60,2,3.5,1,0,0.05,24,1,0.0,1.0,24,0,234,112,122,47.863247863247864,0.8825005604643845,-14.318609694823637,-0.061190639721468536,-14.328971177657424,25.12909739996521,8567.102882234258,85,41,44,48.23529411764706,0.9191122417409227,-3.5517977549847006,-0.04178585594099648,-3.8960496556980306,16.798787389002015,9610.395034430197,-5.416373965590646
60,2,3.5,1,0,0.05,12,1,0.0,1.0,72,0,196,96,100,48.97959183673469,0.8823809051915551,-12.232760473128275,-0.0624120432302463,-12.382110588284668,23.454668365211813,8761.788941171533,71,36,35,50.70422535211268,0.9930421332652639,-0.2481867624451327,-0.0034955882034525734,-0.6025449598092592,13.39240481032054,9939.745504019074,-5.456056002652623
60,2,3.5,1,0,0.05,12,1,0.0,1.0,72,1,196,96,100,48.97959183673469,0.8823809051915551,-12.232760473128275,-0.0624120432302463,-12.382110588284668,23.454668365211813,8761.788941171533,71,36,35,50.70422535211268,0.9930421332652639,-0.2481867624451327,-0.0034955882034525734,-0.6025449598092592,13.39240481032054,9939.745504019074,-5.456056002652623
60,3,2.5,1,1,0.05,12,1,0.0,2.5,6,0,142,52,90,36.61971830985915,0.9032155950366045,-8.637564382925548,-0.06082791818961654,-9.45025747372047,26.79542507426052,9054.974252627953,58,20,38,34.48275862068966,0.9284749964467234,-2.595330321258952,-0.04474707450446469,-3.0866268370059124,14.159832918582161,9691.337316299408,-5.476332388953505
30,5,3.5,1,0,0.05,12,0,0.1,1.0,6,1,366,171,195,46.721311475409834,0.9643020559602182,-3.8968261194578524,-0.010647065900158067,-4.685217379957507,18.82708106647903,9531.47826200425,119,52,67,43.69747899159664,0.8050854083849294,-7.658770644672648,-0.0643594171821231,-7.652913516590165,10.55176987520237,9234.708648340984,-5.476646591152988
30,5,3.5,1,0,0.05,12,0,0.1,1.0,6,0,366,171,195,46.721311475409834,0.9643020559602182,-3.8968261194578524,-0.010647065900158067,-4.685217379957507,18.82708106647903,9531.47826200425,119,52,67,43.69747899159664,0.8050854083849294,-7.658770644672648,-0.0643594171821231,-7.652913516590165,10.55176987520237,9234.708648340984,-5.476646591152988
60,2,3.5,1,3,0.05,24,1,0.1,1.5,24,0,184,71,113,38.58695652173913,0.9068714755798054,-10.558949221047966,-0.05738559359265199,-11.211288376331563,32.980485135842116,8878.871162366844,62,24,38,38.70967741935484,0.9805539169097935,-0.6796438808065516,-0.010961998077525025,-1.0978295067280874,11.267481219260212,9890.217049327191,-5.489332043616961
60,2,3.5,1,0,0.05,24,0,0.25,3.0,24,1,199,83,116,41.70854271356784,1.4415125843325567,27.10844067488262,0.13622331997428452,29.80800831790433,6.841077898241206,12980.800831790433,70,28,42,40.0,0.8229743697957408,-4.81946532293693,-0.06884950461338471,-4.991855813640345,11.277317194922688,9500.814418635966,-5.489372765738219
60,2,3.5,1,0,0.05,12,1,0.0,1.0,24,1,196,94,102,47.95918367346939,0.880073766667811,-12.266310052128135,-0.06258321455167416,-12.390644253968253,23.665450420113316,8760.935574603174,71,35,36,49.29577464788732,0.96257234576791,-1.3386448408311091,-0.0188541526877621,-1.6757624805637583,14.327527229203321,9832.423751943625,-5.490434335136988
60,2,3.5,1,0,0.05,12,1,0.0,1.0,24,0,196,94,102,47.95918367346939,0.880073766667811,-12.266310052128135,-0.06258321455167416,-12.390644253968253,23.665450420113316,8760.935574603174,71,35,36,49.29577464788732,0.96257234576791,-1.3386448408311091,-0.0188541526877621,-1.6757624805637583,14.327527229203321,9832.423751943625,-5.490434335136988
60,2,3.5,1,0,0.05,12,1,0.25,3.0,72,1,194,40,154,20.61855670103093,1.0859547002544512,9.164766698112079,0.04724106545418597,7.17752373783942,25.91441056133942,10717.752373783942,67,12,55,17.91044776119403,0.8932060052341254,-4.129228584693086,-0.0616302773834789,-4.705617804038242,18.035063007243394,9529.438219596175,-5.509529591042394
60,2,3.5,1,0,0.05,48,1,0.0,3.0,24,0,252,78,174,30.952380952380953,1.1545222663320862,27.02291644523912,0.10723379541761555,26.251239408156746,25.254632307241533,12625.123940815674,93,24,69,25.806451612903224,0.9125053388921497,-5.717825922113308,-0.06148199916250869,-6.642375428834201,27.44902032479774,9335.76245711658,-5.515800979727433
60,2,3.5,1,2,0.05,24,1,0.1,3.0,6,0,164,61,103,37.19512195121951,0.8829338529602913,-9.884763183509968,-0.060272946240914435,-10.46248387593307,27.84439163136538,8953.751612406693,62,28,34,45.16129032258065,1.3385217171734018,10.088369538575757,0.16271563771896383,9.956478416612224,7.881416841626433,10995.647841661223,-5.51777694341363
60,2,3.5,1,2,0.05,12,1,0.25,3.0,6,1,132,42,90,31.818181818181817,0.8678769199104257,-8.155440002712712,-0.06178363638418721,-8.596468105385924,24.555676882586116,9140.353189461408,50,24,26,48.0,1.8065826265019953,14.208281613241171,0.28416563226482344,14.770142759412131,4.560234479583782,11477.014275941212,-5.522767848280604
30,5,3.5,1,0,0.05,12,0,0.25,2.0,6,0,362,162,200,44.751381215469614,1.0150798440786952,1.6244406762801438,0.00448740518309432,0.4841353305373053,17.982713194167047,10048.41353305373,118,47,71,39.83050847457627,0.8067289069576132,-7.719548335088852,-0.06541990114482078,-7.785424060357404,9.632956479386808,9221.45759396426,-5.529582742905721
60,2,3.5,1,0,0.05,48,1,0.0,1.0,72,1,262,128,134,48.85496183206107,0.8824547915786518,-16.374993101735754,-0.06249997367074715,-16.218830498155768,25.09673223862795,8378.116950184423,98,48,50,48.97959183673469,0.9283690681644643,-3.6471503932275,-0.03721582033905612,-4.054941132888268,17.098652913950044,9594.505886711173,-5.531379733221629
60,2,3.5,1,0,0.05,48,1,0.0,1.0,72,0,262,128,134,48.85496183206107,0.8824547915786518,-16.374993101735754,-0.06249997367074715,-16.218830498155768,25.09673223862795,8378.116950184423,98,48,50,48.97959183673469,0.9283690681644643,-3.6471503932275,-0.03721582033905612,-4.054941132888268,17.098652913950044,9594.505886711173,-5.531379733221629
60,2,3.5,1,2,0.15,24,1,0.0,1.0,24,1,177,84,93,47.45762711864407,0.8789150936962055,-11.121822731195081,-0.06283515667341853,-11.292210467098396,23.79110372630339,8870.77895329016,65,33,32,50.76923076923077,1.0029439589306772,0.09286910297649997,0.001428755430407692,-0.22031915677891423,10.07108262350633,9977.968084322109,-5.534186229325003
60,2,3.5,1,2,0.15,24,1,0.0,1.0,24,0,177,84,93,47.45762711864407,0.8789150936962055,-11.121822731195081,-0.06283515667341853,-11.292210467098396,23.79110372630339,8870.77895329016,65,33,32,50.76923076923077,1.0029439589306772,0.09286910297649997,0.001428755430407692,-0.22031915677891423,10.07108262350633,9977.968084322109,-5.534186229325003
30,5,2.5,1,1,0.05,12,0,0.25,2.5,24,0,198,66,132,33.333333333333336,0.902911095935254,-11.770484377857244,-0.05944689079725881,-12.667013501482982,30.49187015663355,8733.298649851702,58,21,37,36.206896551724135,0.9099040680611562,-2.913302354256384,-0.0502293509354549,-3.3212281119707088,9.303065842152087,9667.87718880293,-5.5606253528628145
60,2,3.5,1,0,0.05,24,1,0.25,3.0,72,1,224,48,176,21.428571428571427,1.1632164033483816,19.589738888752137,0.08745419146764347,18.460547134422733,23.43555276272053,11846.054713442274,78,13,65,16.666666666666668,0.886583485509431,-4.965356114676355,-0.06365841172661994,-5.592868877111579,20.217056866813056,9440.713112288842,-5.561862582159662
60,2,3.5,1,0,0.05,12,1,0.0,2.5,6,0,195,68,127,34.87179487179487,0.8961464188527016,-11.631728161735074,-0.05964988800889782,-12.39270801505825,30.721189859150595,8760.729198494175,73,29,44,39.726027397260275,1.079807398598756,3.306193708357947,0.04529032477202667,2.658397680457525,15.153433411958831,10265.839768045753,-5.5855608454129975
60,2,3.5,1,0,0.05,24,1,0.1,2.5,72,1,230,54,176,23.47826086956522,1.0569812831578855,7.055064027264666,0.03067419142288985,4.947330167198349,20.443579269961436,10494.733016719834,80,16,64,20.0,0.8847207334421406,-5.178519081492703,-0.06473148851865879,-5.722160794501363,22.05693242814515,9427.783920549864,-5.5876784152030625
60,2,3.5,1,0,0.05,24,1,0.0,3.0,6,0,231,81,150,35.064935064935064,0.897293531257461,-13.348992532996142,-0.057787846463186764,-14.187386214244613,34.27386296615323,8581.261378575538,87,31,56,35.632183908045974,1.0033330744800943,0.17425237177742892,0.0020029008250279185,-0.7252162153187025,22.122864127308365,9927.47837846813,-5.592895680325128
60,2,3.5,1,2,0.15,24,1,0.25,3.0,6,1,177,56,121,31.638418079096045,0.8637803769498756,-10.590902982713507,-0.05983561007182772,-10.968643426091528,29.368839892952746,8903.135657390847,69,31,38,44.927536231884055,1.3506994944322608,9.004739744372435,0.13050347455612224,8.90825758378515,7.405977774954731,10890.825758378514,-5.593281122655251
30,5,3.5,1,0,0.05,12,0,0.0,2.5,6,0,362,159,203,43.92265193370166,1.0574811500457812,6.728339804528683,0.018586574045659346,5.404963511895522,20.097009703723703,10540.496351189551,118,46,72,38.983050847457626,0.8244868364034252,-7.6889954592520064,-0.06516097846823735,-7.85398390231834,10.344875789420946,9214.601609768166,-5.595032406929154
60,2,3.5,1,0,0.05,24,1,0.1,2.5,6,0,234,86,148,36.75213675213675,0.8910428984403728,-13.674598799522819,-0.058438456408217175,-14.256405141347983,33.990375874363586,8574.359485865201,87,32,55,36.7816091954023,0.9368029314560482,-3.2036289615105327,-0.03682332139667279,-3.8666647169124158,20.01039930700236,9613.333528308758,-5.653448714954966
60,3,2.5,1,1,0.05,12,0,0.1,2.5,24,0,146,55,91,37.67123287671233,0.8783175933224809,-9.145351151579394,-0.06263939144917394,-9.637345349611405,26.559710241538497,9036.26546503886,47,16,31,34.04255319148936,1.0243686799796774,0.5478712544071466,0.011656835200152055,0.19924602115835022,9.719198909069036,10019.924602115834,-5.713766471673952
60,2,3.5,1,0,0.05,12,0,0.0,2.5,24,0,176,74,102,42.04545454545455,1.2634458880074793,18.212348285385648,0.10347925162150937,18.662645034673275,8.647964733514545,11866.264503467328,61,25,36,40.98360655737705,0.8376968096667262,-4.330411632231349,-0.07099035462674343,-4.539268825773457,11.716596197469851,9546.073117422655,-5.713924176684572
60,2,3.5,1,0,0.05,24,0,0.25,2.5,24,0,201,90,111,44.776119402985074,1.3678155776299437,25.812611793028736,0.12842095419417282,28.039650692507934,8.228589827426518,12803.965069250793,70,30,40,42.857142857142854,0.8297596118879637,-4.973606598815806,-0.0710515228402258,-5.152140078965917,11.740245192221916,9484.785992103409,-5.723779784075836
60,3,3.5,1,1,0.05,12,0,0.25,2.5,72,0,83,29,54,34.93975903614458,0.8870671072228146,-5.706858706517448,-0.06875733381346323,-6.224893078321059,16.173305513281857,9377.510692167894,26,10,16,38.46153846153846,1.356783950749895,5.123434394902906,0.19705516903472717,4.944518427072775,7.350604596940472,10494.451842707278,-5.742413811097172
60,2,3.5,1,0,0.15,12,0,0.1,3.0,72,1,161,53,108,32.91925465838509,1.3093798356695858,21.503629427714447,0.13356291570008974,22.22571101809656,14.747418278077362,12222.571101809657,52,16,36,30.76923076923077,0.8636033162062982,-3.6337134690290798,-0.06987910517363614,-3.9245810094236777,13.973953598506721,9607.541899057633,-5.748519790280448
60,2,3.5,1,2,0.15,24,1,0.1,1.0,72,1,177,85,92,48.0225988700565,0.8744488714611608,-11.870752790736752,-0.06706639994766526,-11.979529557604051,20.365890052959895,8802.047044239594,65,33,32,50.76923076923077,1.0069880250027903,0.2264448443481587,0.0034837668361255183,-0.09898386688688143,8.79705708538193,9990.101613311312,-5.760730180819156
60,2,3.5,1,2,0.15,24,1,0.1,1.0,72,0,177,85,92,48.0225988700565,0.8744488714611608,-11.870752790736752,-0.06706639994766526,-11.979529557604051,20.365890052959895,8802.047044239594,65,33,32,50.76923076923077,1.0069880250027903,0.2264448443481587,0.0034837668361255183,-0.09898386688688143,8.79705708538193,9990.101613311312,-5.760730180819156
60,3,2.5,1,1,0.05,12,1,0.25,3.0,24,0,147,44,103,29.931972789115648,0.9834203421138706,-1.7712365901879126,-0.012049228504679677,-3.6922999169419435,23.593859223934405,9630.770008305806,56,15,41,26.785714285714285,0.9094806545344702,-3.6806506069637286,-0.06572590369578087,-4.301102462782724,19.157743857442448,9569.889753721727,-5.764955487161756
60,2,3.5,1,0,0.05,24,1,0.1,3.0,72,1,227,49,178,21.58590308370044,1.179280926335372,21.67297674564043,0.09547566848299749,20.89668266671476,17.67992507975433,12089.668266671475,78,13,65,16.666666666666668,0.8826393465758153,-5.154059075579374,-0.06607768045614582,-5.770690687664737,22.96612829917818,9422.930931233526,-5.78351226516694
60,2,3.5,1,0,0.15,12,0,0.1,2.0,72,0,166,65,101,39.1566265060241,1.0875554777989656,7.8807596530850645,0.047474455741476296,6.769799205082294,15.474859663605784,10676.979920508229,53,20,33,37.735849056603776,0.8785900839268679,-3.718709523148651,-0.07016433062544625,-4.024217194021384,13.226391049149342,9597.578280597862,-5.788846069850808
60,2,3.5,1,0,0.05,12,1,0.25,1.5,24,0,198,80,118,40.4040404040404,0.9776108731063664,-2.620700597671088,-0.013235861604399435,-3.970868717626508,28.61382818046718,9602.91312823735,69,25,44,36.231884057971016,0.8915410969422499,-4.334296876813754,-0.06281589676541673,-4.680034145349055,18.149632224901925,9531.996585465095,-5.7904876492802675
30,5,3.5,1,0,0.05,12,0,0.0,3.0,6,1,362,152,210,41.988950276243095,1.0746109706579419,8.47843460388743,0.023421090065987377,7.197385319003313,17.00812991816246,10719.738531900332,119,43,76,36.134453781512605,0.7998667022400013,-8.16128903151427,-0.06858226076902749,-8.238838419139483,10.277637526985101,9176.116158086052,-5.8002312932342885
60,2,3.5,1,2,0.15,24,1,0.0,2.5,72,1,174,34,140,19.54022988505747,0.8873643761431651,-10.670977531383414,-0.06132745707691618,-11.466910282651243,31.01635694069425,8853.308971734876,64,16,48,25.0,1.2567854268901433,8.133647448663092,0.12708824138536082,7.773151532360023,10.566865245942756,10777.315153236003,-5.80155964485738
60,2,3.5,1,0,0.05,12,0,0.1,2.0,24,0,176,76,100,43.18181818181818,1.2692036577506571,17.811434965397005,0.10120133503066481,18.352850567170996,8.370685891711846,11835.285056717099,60,25,35,41.666666666666664,0.8331992981922361,-4.254771487227579,-0.07091285812045965,-4.4253542320276225,13.287458686225783,9557.464576797238,-5.811047350417708
60,3,2.5,1,1,0.05,12,0,0.25,1.0,6,1,159,69,90,43.39622641509434,0.7426978041084991,-10.890407288768554,-0.06849312760231795,-10.560162748291768,14.458617434442807,8943.983725170823,57,26,31,45.6140350877193,1.0337778521323284,0.4670145403674924,0.008193237550306884,0.3586653074447721,6.5561117746222894,10035.866530744477,-5.825389897026723
60,3,2.5,1,1,0.05,12,0,0.25,1.0,6,0,159,69,90,43.39622641509434,0.7426978041084991,-10.890407288768554,-0.06849312760231795,-10.560162748291768,14.458617434442807,8943.983725170823,57,26,31,45.6140350877193,1.0337778521323284,0.4670145403674924,0.008193237550306884,0.3586653074447721,6.5561117746222894,10035.866530744477,-5.825389897026723
60,2,3.5,1,2,0.05,24,1,0.25,1.5,6,0,167,68,99,40.7185628742515,0.8624175770523852,-10.646718799398046,-0.06375280718202422,-10.812218569979215,26.516071610634057,8918.778143002079,62,31,31,50.0,1.2377238124091887,5.890107064433722,0.0950017268457052,5.740267102171792,6.11045867376116,10574.026710217178,-5.827096388096542
60,3,2.5,1,1,0.05,12,1,0.25,2.5,6,0,153,60,93,39.21568627450981,0.8824308097444515,-10.028367197026274,-0.0655448836406946,-10.559346632126655,24.356469580889314,8944.065336787335,58,21,37,36.206896551724135,0.9282914643732274,-2.2597044100002925,-0.03896042086207401,-2.6674677431177907,13.836829504173757,9733.25322568822,-5.843261175043344
60,2,3.5,1,3,0.05,24,1,0.25,2.0,6,0,184,70,114,38.04347826086956,0.8791250189232834,-11.101572415580064,-0.06033463269336991,-11.510324971734242,33.309704490086155,8848.967502826576,67,30,37,44.776119402985074,1.1740024722038493,5.458368843611791,0.08146819169569837,5.137353229386865,6.995267506643341,10513.735322938686,-5.851844730377983
60,3,2.5,1,1,0.05,12,1,0.1,1.5,24,0,147,61,86,41.49659863945578,0.9840099004450041,-1.433236403347936,-0.009749907505768271,-2.507612259910852,21.21576327246505,9749.238774008914,56,22,34,39.285714285714285,0.8897250508282409,-3.8198267220530484,-0.06821119146523301,-4.131852576723071,12.617715441334152,9586.814742327693,-5.910309714431267
60,2,3.5,1,2,0.05,12,0,0.0,2.0,72,1,115,50,65,43.47826086956522,1.687205226982506,29.341101946399185,0.2551400169252103,32.955728752022864,6.245481887761173,13295.572875202286,38,11,27,28.94736842105263,0.8361012620092184,-2.7625352785247563,-0.07269829680328306,-2.91836067837703,11.473329504445939,9708.163932162297,-5.919670761963661
60,2,3.5,1,0,0.15,12,0,0.0,2.0,24,0,189,82,107,43.386243386243386,1.2319539850213503,16.689320996328384,0.08830328569485918,16.96315611736594,8.853825116432166,11696.315611736594,62,27,35,43.54838709677419,0.8221863699266744,-4.4272812114179265,-0.07140776147448269,-4.572702759747937,14.242381146233566,9542.729724025206,-5.936632803729781
30,5,3.5,1,2,0.05,12,0,0.25,3.0,6,0,255,113,142,44.31372549019608,1.0891022700130055,6.942676986317736,0.027226184260069553,6.118792807308249,12.780401819273472,10611.879280730825,80,34,46,42.5,0.7938264212952111,-5.771529719990564,-0.07214412149988206,-5.862374730940811,7.224262762115218,9413.762526905919,-5.954138501086947
60,2,3.5,1,0,0.05,24,0,0.25,1.5,24,0,206,96,110,46.601941747572816,1.328626108940801,22.595872047634938,0.10968869926036377,24.27065264937227,8.713466724855023,12427.065264937228,70,31,39,44.285714285714285,0.8214612899904155,-5.036414773268463,-0.07194878247526376,-5.160957311775693,13.89062712587844,9483.90426882243,-5.959125307394121
60,2,3.5,1,0,0.05,24,1,0.0,1.5,72,1,232,83,149,35.775862068965516,0.9641631563423486,-4.471680043502755,-0.019274482946132567,-5.81896834390212,27.34677728620103,9418.103165609788,83,26,57,31.325301204819276,0.8768449192690535,-5.420930269138078,-0.06531241288118167,-5.757040875736896,19.572745505967575,9424.29591242631,-5.97527640686779
60,2,3.5,1,0,0.15,12,1,0.0,2.0,24,1,207,55,152,26.570048309178745,0.9217434919449646,-8.853441388866718,-0.04277024825539478,-9.909785058799114,26.89635311430717,9009.021494120088,73,18,55,24.65753424657534,0.8745370645732963,-4.775228806056312,-0.06541409323364811,-5.148850670587313,17.529539435842157,9485.11493294127,-5.975709871756232
60,3,2.5,1,1,0.05,12,1,0.1,2.0,6,0,147,58,89,39.45578231292517,0.8857635448657333,-9.851307300419165,-0.06701569592121881,-10.36848951273025,24.26699482622297,8963.151048726975,58,22,36,37.93103448275862,0.9739043149758227,-0.8640660486796387,-0.014897690494476529,-1.3048441920172071,13.689073914266311,9869.51558079828,-5.978308447573221
60,2,3.5,1,0,0.05,12,1,0.0,3.0,6,1,196,54,142,27.551020408163264,0.8682706403642959,-12.931683260005128,-0.06597797581635269,-13.40368536910842,25.797513673325184,8659.631463089157,72,24,48,33.333333333333336,1.1752926561151056,5.699414648691402,0.07915853678738058,5.197841973828732,12.903642418040546,10519.784197382873,-5.980061177191348
60,2,3.5,1,0,0.05,24,1,0.25,1.5,24,1,236,84,152,35.59322033898305,0.9690464712790422,-3.8737575204237067,-0.016414226781456383,-5.249894439582803,28.72691656080894,9475.01055604172,83,27,56,32.53012048192771,0.8781201439282,-5.361464103832931,-0.06459595305822809,-5.694572955105814,18.97305895103194,9430.542704489419,-5.983888331730614
60,2,3.5,1,0,0.05,24,0,0.0,1.5,24,0,207,92,115,44.44444444444444,1.220658374352196,16.454947384609145,0.07949249944255626,16.815945352141128,10.204761323300787,11681.594535214113,72,31,41,43.05555555555556,0.8275725892915076,-5.226361688879639,-0.07258835678999499,-5.367446522802222,13.496376039306599,9463.255347719778,-5.984427118660041
60,2,3.5,1,3,0.05,24,1,0.0,1.5,24,1,182,61,121,33.51648351648352,0.8829716594898133,-11.70397451257823,-0.06430755226691334,-12.067098617203008,29.201520970071794,8793.290138279699,63,24,39,38.095238095238095,1.11972111489114,3.669025444128211,0.05823849911314621,3.319401694046342,8.429780620110003,10331.940169404634,-6.001014857580048
30,5,3.5,1,0,0.05,12,0,0.0,3.0,6,0,362,159,203,43.92265193370166,1.0831690198678199,9.810183649407536,0.027099954832617502,8.55116342324511,17.728740541035,10855.11634232451,118,46,72,38.983050847457626,0.8103623570293246,-8.30776988930779,-0.070404829570405,-8.41692345053665,10.451765768855214,9158.307654946335,-6.005570326132798
60,3,2.5,1,1,0.05,12,1,0.0,1.5,6,0,142,60,82,42.25352112676056,0.9129022759277591,-7.042036160863192,-0.04959180394974078,-7.660920525799975,25.673923963819316,9233.907947420003,58,23,35,39.6551724137931,0.8840181279497085,-3.8525578942219507,-0.06642341196934398,-4.136151976533586,12.152534643101456,9586.384802346642,-6.006986634473568
60,2,3.5,1,2,0.05,12,1,0.1,2.5,6,0,129,49,80,37.98449612403101,0.8740631439930167,-8.655005801461417,-0.06709306822838308,-9.111713418113743,24.02022529587266,9088.828658188626,50,24,26,48.0,1.2871835005712395,6.717806780657654,0.13435613561315307,6.522208117105377,5.916611480492075,10652.220811710538,-6.009211489332202
60,2,3.5,1,2,0.05,12,0,0.1,2.0,72,1,115,49,66,42.608695652173914,1.628592078119573,26.7885371810536,0.2329438015743791,29.64288492434619,6.199632443589519,12964.28849243462,38,11,27,28.94736842105263,0.8335218828444507,-2.7985238573085565,-0.07364536466601464,-2.952375524095785,11.403517703476956,9704.762447590421,-6.015347598508215
60,3,2.5,1,1,0.05,12,1,0.0,2.5,24,1,141,30,111,21.27659574468085,0.8874212586710754,-9.207293984393395,-0.06529995733612337,-9.970400000533541,28.017742979922705,9002.959999946646,56,15,41,26.785714285714285,1.047975444557074,1.5327737550724072,0.027370959912007272,0.9759073299692389,12.63613112120264,10097.590732996925,-6.031912668282093
60,2,3.5,1,2,0.05,24,1,0.25,2.0,72,1,165,41,124,24.848484848484848,0.8813349813134655,-10.918328315761785,-0.06617168676219264,-11.468000145571967,26.55359762339809,8853.199985442803,57,18,39,31.57894736842105,1.2174920505302866,6.397801716724546,0.11224213538113238,6.074516728560564,10.334980115357121,10607.451672856056,-6.041670269941576
60,2,3.5,1,0,0.05,48,1,0.0,3.0,72,0,247,73,174,29.554655870445345,1.1384974409914637,24.940346586748987,0.1009730631042469,23.428289617159727,30.659574990536235,12342.828961715973,91,22,69,24.175824175824175,0.9156991977206417,-5.912448477849928,-0.06497196129505416,-6.943554002238928,29.101588828115094,9305.644599776107,-6.053193375791402
60,2,3.5,1,0,0.15,24,0,0.1,1.5,24,1,219,94,125,42.922374429223744,1.2266454760282952,16.25411230577864,0.07421969089396639,16.65116700873679,10.269023609871264,11665.11670087368,72,31,41,43.05555555555556,0.8116902554200446,-5.284311544360203,-0.07339321589389171,-5.393069476951206,12.887138606204077,9460.69305230488,-6.060123450806487
60,2,3.5,1,0,0.05,48,1,0.1,2.0,6,0,266,101,165,37.96992481203007,0.8839587685437793,-16.09019579687215,-0.060489457882978,-16.30574034797202,37.86704628090907,8369.425965202798,101,39,62,38.613861386138616,0.9582108923206408,-2.281175532088228,-0.022585896357309187,-2.9542726181397305,17.11943685983112,9704.572738186027,-6.090553746736359
60,2,3.5,1,0,0.05,24,0,0.1,1.5,24,1,209,90,119,43.0622009569378,1.282001895233156,19.15044411537909,0.09162891921234015,20.091388663420883,8.940245656734982,12009.13886634209,71,30,41,42.25352112676056,0.8161867565678935,-5.226640392674573,-0.07361465341795173,-5.343887743565268,13.37292132610466,9465.611225643474,-6.103800496324061
60,2,3.5,1,2,0.05,12,1,0.0,2.0,6,0,129,50,79,38.75968992248062,0.8766703012831608,-8.727201130316576,-0.06765272194043857,-9.151224935201352,24.966422702989295,9084.877506479865,50,25,25,50.0,1.2779376973567105,6.488425550470491,0.1297685110094098,6.327602517975839,5.483114000769684,10632.760251797583,-6.11673439038446
60,3,2.5,1,1,0.05,12,0,0.1,1.5,6,0,159,67,92,42.138364779874216,0.7496704407535499,-11.383333811294094,-0.07159329441065468,-11.046048246339723,14.578276277970021,8895.395175366028,57,25,32,43.85964912280702,1.1341528481565846,1.9050942696944615,0.033422706485867745,1.7817334080675318,6.602540566200972,10178.173340806752,-6.128640835181927
60,2,3.5,1,2,0.15,24,1,0.0,3.0,6,1,175,50,125,28.571428571428573,0.8592058759359045,-11.284598865728032,-0.06448342208987447,-11.657455295816721,30.48566269692456,8834.254470418327,69,29,40,42.028985507246375,1.194475885055086,5.863717046653277,0.0849814064732359,5.484997172952566,8.918299600960223,10548.499717295257,-6.134220694726176
60,3,2.5,1,1,0.05,12,1,0.0,3.0,6,1,142,41,101,28.87323943661972,0.8809295792697723,-9.474923719329386,-0.06672481492485483,-10.13548161762996,27.651314207848284,8986.451838237004,58,17,41,29.310344827586206,0.9605295431941082,-1.1983232817311262,-0.020660746236743556,-1.6855024000196894,15.627055244280497,9831.449759998031,-6.161947442026264
60,2,3.5,1,2,0.05,12,1,0.0,2.0,24,0,128,41,87,32.03125,0.9002860174112844,-8.647705820717167,-0.06756020172435287,-9.37980947830772,26.727359057557543,9062.019052169228,47,17,30,36.170212765957444,1.1823065159157322,4.727754608087475,0.10059052357632925,4.398095176865713,9.311311477175117,10439.809517686572,-6.171969579975381
60,2,3.5,1,0,0.15,12,0,0.25,2.0,72,1,168,62,106,36.904761904761905,1.231897401047835,16.759188157256215,0.09975707236462032,16.895221698427008,10.812349622871292,11689.522169842701,53,17,36,32.075471698113205,0.8546672010506402,-3.968078219969051,-0.07486940037677454,-4.212487235515927,13.295648380604202,9578.751276448407,-6.176446133755999
60,2,3.5,1,0,0.15,24,1,0.25,2.5,6,1,249,81,168,32.53012048192771,0.9041208454153387,-10.769393478350425,-0.0432505762182748,-11.528759301102909,27.25908474854386,8847.124069889709,89,29,60,32.58426966292135,0.8507698928167822,-5.959777364762951,-0.06696379061531406,-6.2581633215410655,16.31572620165439,9374.183667845893,-6.180403393777447
60,2,3.5,1,2,0.05,24,1,0.25,1.5,72,1,167,55,112,32.93413173652694,0.876341768128663,-11.46873385496481,-0.06867505302374138,-11.785106153942305,25.05265084244508,8821.48938460577,58,20,38,34.48275862068966,1.0133555119456772,0.39247925713991194,0.006766883743791585,0.02395308261928797,11.647270468671394,10002.395308261928,-6.210227072272946
60,3,2.5,1,1,0.05,12,0,0.1,1.5,6,1,159,65,94,40.880503144654085,0.7458136153824749,-11.516973390596593,-0.07243379490941254,-11.164334847541845,14.416607079777547,8883.566515245815,57,25,32,43.85964912280702,1.1399132813465809,1.976857156956414,0.03468170450800726,1.8548369932266828,6.602540566200954,10185.483699322667,-6.210704383908315
60,2,3.5,1,0,0.15,12,0,0.25,2.0,72,0,165,63,102,38.18181818181818,1.0413638437974906,3.681572631893362,0.022312561405414315,2.433209601102382,18.401893225331058,10243.320960110237,53,20,33,37.735849056603776,0.8689346605790573,-3.845385042957571,-0.07255443477278437,-4.117296689182492,13.285915037106163,9588.27033108175,-6.222789344983758
60,2,3.5,1,2,0.15,24,1,0.1,2.0,24,0,175,56,119,32.0,0.9001220913507738,-11.71373766300124,-0.06693564378857851,-12.474888344627889,29.26300459654008,8752.511165537211,64,24,40,37.5,1.1871020830150987,6.552494678320357,0.10238272934875557,6.16518322477646,8.607037451722926,10616.518322477647,-6.231661744959145
60,2,3.5,1,3,0.05,24,1,0.25,2.0,72,0,176,57,119,32.38636363636363,0.9101588102045811,-10.927774749900232,-0.06208962926079677,-11.87032341387707,37.58556360774416,8812.967658612293,59,23,36,38.983050847457626,1.255271225917284,9.302525532933164,0.15766992428700277,9.054613731976445,8.168987153364524,10905.461373197644,-6.234344665912954
60,2,3.5,1,0,0.05,12,0,0.25,2.5,24,1,175,71,104,40.57142857142857,1.3203094806051312,17.600194953369954,0.10057254259068545,18.255238706949008,8.5562931804156,11825.5238706949,60,24,36,40.0,0.8118182869594414,-4.569946404266668,-0.07616577340444447,-4.7249519183111826,11.080947004712174,9527.504808168882,-6.246710200390964
60,3,2.5,1,1,0.05,12,1,0.0,1.5,24,1,142,54,88,38.028169014084504,0.9601997178022647,-3.262067067335492,-0.022972303291095012,-4.170846176292731,22.12934919469019,9582.915382370727,56,20,36,35.714285714285715,0.8754472979884511,-3.9672262449274367,-0.07084332580227566,-4.238867927750833,13.24328249718138,9576.113207224917,-6.256893809148621
60,3,2.5,1,1,0.05,12,0,0.1,2.0,24,0,146,57,89,39.04109589041096,0.8608760179208957,-10.172431409903716,-0.06967418773906654,-10.446714370669053,23.52239390813502,8955.328562933095,49,20,29,40.816326530612244,1.2476726763041628,5.314490448268551,0.10845898874017451,5.101157767925879,7.96132465824384,10510.115776792589,-6.26580807201015
60,2,3.5,1,2,0.05,24,1,0.25,3.0,6,0,166,62,104,37.34939759036145,0.8631762160471189,-11.179937584087853,-0.06734902159089068,-11.546905168558208,28.015264225767496,8845.30948314418,62,28,34,45.16129032258065,1.346748174795711,9.623944959976495,0.1552249187092983,9.510288182058346,9.18772731275351,10951.028818205836,-6.275152107901726
60,2,3.5,1,0,0.15,24,0,0.1,1.0,72,1,203,108,95,53.20197044334975,1.111650820990331,9.729195655861771,0.047927072196363406,9.234336344242667,11.527482029233058,10923.433634424267,64,29,35,45.3125,0.8456825999151656,-4.808369263044939,-0.07513076973507717,-4.959888135731616,14.59231888452574,9504.011186426838,-6.279812179759367
60,2,3.5,1,0,0.15,24,0,0.1,1.0,72,0,203,108,95,53.20197044334975,1.111650820990331,9.729195655861771,0.047927072196363406,9.234336344242667,11.527482029233058,10923.433634424267,64,29,35,45.3125,0.8456825999151656,-4.808369263044939,-0.07513076973507717,-4.959888135731616,14.59231888452574,9504.011186426838,-6.279812179759367
60,2,3.5,1,0,0.15,24,0,0.0,3.0,24,0,209,88,121,42.10526315789474,1.2949898858468667,23.494034323003092,0.11241164747848369,24.81311620123543,9.64471507234001,12481.311620123543,71,31,40,43.66197183098591,0.8128215445625944,-5.415453543710382,-0.07627399357338566,-5.572200125329196,11.827171578750011,9442.77998746708,-6.2837199510367725
60,2,3.5,1,3,0.05,24,1,0.25,1.0,6,1,185,86,99,46.486486486486484,0.8428679970603852,-12.5371596596158,-0.06776843059251783,-12.389700725448872,27.400819177434016,8761.029927455113,67,35,32,52.23880597014925,1.1707284123665214,4.484561189375158,0.06693374909515161,4.304466851538269,6.042992835787069,10430.446685153827,-6.313205445259443
60,2,3.5,1,3,0.05,24,1,0.25,1.0,6,0,185,86,99,46.486486486486484,0.8428679970603852,-12.5371596596158,-0.06776843059251783,-12.389700725448872,27.400819177434016,8761.029927455113,67,35,32,52.23880597014925,1.1707284123665214,4.484561189375158,0.06693374909515161,4.304466851538269,6.042992835787069,10430.446685153827,-6.313205445259443
60,3,2.5,1,1,0.05,12,1,0.25,3.0,72,0,144,37,107,25.694444444444443,0.9796911977706159,-2.237835074217986,-0.015540521348736014,-4.280515079007841,25.62870861125913,9571.948492099216,55,13,42,23.636363636363637,0.9097042454539535,-3.8489211193873514,-0.06998038398886093,-4.528071915021792,20.939616847371184,9547.19280849782,-6.313817255580219
60,3,3.5,1,1,0.05,12,0,0.25,2.0,72,0,83,30,53,36.144578313253014,0.8741437545696595,-6.232186512096342,-0.07508658448308846,-6.6310927992554785,14.930240279725032,9336.890720074452,27,11,16,40.74074074074074,1.2081349156877208,3.1957206132734934,0.11836002271383309,2.98462235029171,7.259395944590233,10298.46223502917,-6.322964904935508
60,2,3.5,1,0,0.15,24,1,0.25,1.5,6,1,251,92,159,36.65338645418327,0.8781814287799807,-13.771380739449238,-0.054866058722905335,-13.907283663005055,31.21283172774147,8609.271633699494,90,34,56,37.77777777777778,0.8534808832620041,-5.987069323365509,-0.06652299248183899,-6.209090587692268,16.287245669548756,9379.090941230774,-6.367021434672693
60,2,3.5,1,0,0.05,24,0,0.25,2.0,24,0,203,92,111,45.320197044334975,1.3725671552079908,26.003257323171965,0.12809486366094563,28.379723989969506,7.549532115341698,12837.97239899695,70,30,40,42.857142857142854,0.8158775386428057,-5.379174113452363,-0.0768453444778909,-5.517931776816987,12.707292352192844,9448.206822318301,-6.3889489239309185
60,2,3.5,1,0,0.05,48,1,0.0,1.0,24,0,262,125,137,47.70992366412214,0.8667708731580696,-18.301084489809412,-0.06985146751835654,-17.784187501159778,26.744076758066942,8221.581249884022,98,47,51,47.95918367346939,0.9040903991898454,-4.892550590936717,-0.04992398562180324,-5.236489528865262,18.11957003913021,9476.351047113474,-6.396737625990071
60,2,3.5,1,0,0.05,48,1,0.0,1.0,24,1,262,125,137,47.70992366412214,0.8667708731580696,-18.301084489809412,-0.06985146751835654,-17.784187501159778,26.744076758066942,8221.581249884022,98,47,51,47.95918367346939,0.9040903991898454,-4.892550590936717,-0.04992398562180324,-5.236489528865262,18.11957003913021,9476.351047113474,-6.396737625990071
60,2,3.5,1,0,0.15,24,1,0.25,1.5,6,0,250,102,148,40.8,0.9028924715615917,-11.390673022191587,-0.04556269208876635,-11.882459663702626,30.617619866187507,8811.754033629737,90,37,53,41.111111111111114,0.8658913017171077,-6.0772216059935324,-0.06752468451103925,-6.343790020319229,17.136937793639838,9365.620997968077,-6.406657088989275
60,2,3.5,1,2,0.15,24,1,0.25,1.5,6,1,178,64,114,35.95505617977528,0.8430650211451648,-12.168868651014309,-0.06836443062367589,-12.154452734964538,28.091254379020903,8784.554726503546,69,35,34,50.72463768115942,1.256945634409972,6.584350748623949,0.09542537316846303,6.4682058122421004,6.475782662968592,10646.82058122421,-6.410938758613577
30,5,2.5,1,1,0.05,12,0,0.0,2.5,72,0,185,55,130,29.72972972972973,0.9063143261746682,-12.14927271989114,-0.065671744431844,-13.235078319961325,34.53219781671215,8676.492168003868,55,19,36,34.54545454545455,1.0749876157121276,2.6067107875507833,0.04739474159183243,2.0274658354946906,9.760946253568786,10202.74658354947,-6.4239424907642775
30,5,3.5,1,0,0.05,12,0,0.1,2.0,6,1,362,156,206,43.0939226519337,0.9800356548610619,-2.183662452439161,-0.006032216719445195,-3.272180083712084,19.686216071976226,9672.781991628792,119,44,75,36.97478991596638,0.7801974614330441,-8.666189807189358,-0.07282512443016267,-8.643132675583786,10.587584737814481,9135.686732441622,-6.424541310190548
60,3,2.5,1,1,0.05,12,1,0.0,2.5,24,0,139,41,98,29.496402877697843,0.9266932780242493,-7.496863883426609,-0.053934272542637475,-8.756571312662798,24.88323715181668,9124.34286873372,56,16,40,28.571428571428573,0.8998497696984926,-4.001832701986074,-0.07146129824975132,-4.5296108074662005,15.231469313371502,9547.03891925338,-6.4351193879036925
60,2,3.5,1,0,0.15,24,0,0.1,1.0,24,0,224,110,114,49.107142857142854,1.1173536116101022,8.734821767744197,0.03899474003457231,8.37564858599844,11.703569863176918,10837.564858599844,72,33,39,45.833333333333336,0.8008297174054022,-5.586321652097899,-0.07758780072358193,-5.64776356447868,12.214648869725869,9435.223643552132,-6.460953625616101
60,2,3.5,1,0,0.15,24,0,0.1,1.0,24,1,224,110,114,49.107142857142854,1.1173536116101022,8.734821767744197,0.03899474003457231,8.37564858599844,11.703569863176918,10837.564858599844,72,33,39,45.833333333333336,0.8008297174054022,-5.586321652097899,-0.07758780072358193,-5.64776356447868,12.214648869725869,9435.223643552132,-6.460953625616101
60,2,3.5,1,0,0.05,12,1,0.1,2.0,6,0,198,73,125,36.86868686868687,0.874831894480878,-13.37967555290047,-0.06757411895404278,-13.671496380632675,31.406970900429794,8632.850361936733,73,31,42,42.465753424657535,1.0472951831648143,1.8520923818930348,0.02537112851908267,1.3112195526882475,14.597652266453242,10131.121955268825,-6.461759851147892
60,2,3.5,1,2,0.05,12,1,0.1,1.5,72,1,131,46,85,35.11450381679389,0.9894747298475813,-0.7218980932853067,-0.005510672467826769,-1.5579590931367404,17.285397932155586,9844.204090686326,48,14,34,29.166666666666668,0.8522563975714714,-3.6100856091777613,-0.07521011685787003,-3.8128815257455595,10.699760053024427,9618.711847425444,-6.464440736762332
60,2,3.5,1,0,0.15,12,1,0.25,2.5,24,0,205,64,141,31.21951219512195,0.9998681129685707,-0.018582611500141732,-9.064688536654504e-05,-2.3535471578162492,31.95225526323318,9764.645284218375,70,19,51,27.142857142857142,0.8976620052570679,-4.738260950193132,-0.06768944214561616,-5.308265535207646,18.61071024939134,9469.173446479235,-6.464487532137339
60,3,2.5,1,1,0.05,12,1,0.25,2.5,6,1,153,48,105,31.372549019607842,0.8814941692727797,-8.775507438268301,-0.05735625776645948,-9.301656810779392,24.659151224740203,9069.834318922061,58,18,40,31.03448275862069,0.8549806564870985,-4.127264350996068,-0.07115973018958738,-4.410156152405509,14.66173140405875,9558.98438475945,-6.477807035078381
30,5,2.5,1,1,0.05,12,0,0.0,2.5,24,0,198,65,133,32.82828282828283,0.8940187726083557,-13.105760784908771,-0.06619071103489278,-13.865091925934426,32.68563335320992,8613.490807406557,58,20,38,34.48275862068966,0.8843067768583681,-3.8856719208184245,-0.06699434346238663,-4.267321933819712,10.224116930220685,9573.267806618029,-6.48420504932395
60,2,3.5,1,2,0.05,24,1,0.25,1.5,72,0,166,63,103,37.95180722891566,0.8872389307757269,-11.829005729694071,-0.07125907066080765,-12.234399549815622,25.766393264158026,8776.560045018437,57,24,33,42.10526315789474,1.072400952972148,2.4130579812590267,0.042334350548403975,1.9998028744171892,12.088515294898258,10199.980287441718,-6.491368499324151
60,2,3.5,1,2,0.15,24,1,0.1,2.5,6,1,176,52,124,29.545454545454547,0.8446110743769726,-12.183008310551852,-0.06922163812813552,-12.344062693038982,28.422693553035355,8765.593730696102,69,30,39,43.47826086956522,1.0846380949259178,2.5102223223135316,0.036380033656717846,2.1116351795549493,8.549475289106788,10211.163517955496,-6.513453753036792
60,2,3.5,1,2,0.05,12,1,0.0,2.0,72,0,128,41,87,32.03125,0.8999942930807274,-8.995791497301184,-0.0702796210726655,-9.74522758010955,28.069119324982093,9025.477241989045,47,17,30,36.170212765957444,1.1099781310215076,3.3442823662046406,0.07115494396180086,2.899644639783383,11.157980721225194,10289.964463978338,-6.5250005795132315
60,2,3.5,1,0,0.15,12,0,0.0,2.5,24,1,190,76,114,40.0,1.3440065093043387,22.13603349498569,0.11650543944729311,23.470290677148785,9.394015278947244,12347.029067714879,62,25,37,40.32258064516129,0.8075332540239233,-4.794815967634881,-0.07733574141346583,-4.945269470885528,13.716647984982322,9505.473052911448,-6.527193039758523
30,5,3.5,1,0,0.05,12,0,0.25,2.0,24,0,296,112,184,37.83783783783784,0.9991470573495992,-0.12873640637845762,-0.00043492029181911357,-2.157231053877473,28.495052115627445,9784.276894612252,102,38,64,37.254901960784316,0.86685692084148,-7.17656161816479,-0.0703584472369097,-7.526716311268322,12.857891628361026,9247.328368873168,-6.548361110122692
30,5,2.5,1,1,0.05,12,0,0.1,3.0,6,0,221,85,136,38.46153846153846,0.8341306118371892,-14.90966948810581,-0.0674645678194833,-14.81705585682035,23.532179555365584,8518.294414317965,65,22,43,33.84615384615385,0.8297846711599658,-4.692581649504744,-0.07219356383853452,-4.908760965822278,9.600892114647182,9509.123903417772,-6.552752340652813
60,2,3.5,1,3,0.05,24,1,0.25,1.0,72,1,183,88,95,48.08743169398907,0.868977566690244,-12.781784861132326,-0.0698458189132914,-12.800437696016909,28.782104408400688,8719.95623039831,63,33,30,52.38095238095238,1.0743892250425797,2.257070820444314,0.035826520959433554,1.9616210109447252,6.921288206505884,10196.162101094473,-6.557664714116727
60,2,3.5,1,3,0.05,24,1,0.25,1.0,72,0,183,88,95,48.08743169398907,0.868977566690244,-12.781784861132326,-0.0698458189132914,-12.800437696016909,28.782104408400688,8719.95623039831,63,33,30,52.38095238095238,1.0743892250425797,2.257070820444314,0.035826520959433554,1.9616210109447252,6.921288206505884,10196.162101094473,-6.557664714116727
30,5,3.5,1,2,0.05,12,0,0.25,2.0,6,0,255,113,142,44.31372549019608,1.0040133870661907,0.31271537770656316,0.0012263348145355418,-0.5172457179626,15.816394936642716,9948.27542820374,80,34,46,42.5,0.7824078772916803,-6.091175265697272,-0.0761396908212159,-6.1499833308160445,7.507710531411652,9385.001666918395,-6.558692108269548
60,2,3.5,1,2,0.05,12,0,0.0,3.0,24,1,121,50,71,41.32231404958678,1.5668891392714515,21.276043031809024,0.17583506637858698,22.804115733916163,6.587782583562611,12280.411573391617,44,17,27,38.63636363636363,0.7647201746131167,-3.4199360375757024,-0.07772581903581142,-3.497978144247993,11.911508565666415,9650.202185575201,-6.5771658193178615
60,2,3.5,1,0,0.15,12,0,0.0,2.0,24,1,190,77,113,40.526315789473685,1.2829048165019312,18.192689766801973,0.09575099877264197,18.844271127342683,9.218312895796025,11884.427112734267,62,26,36,41.935483870967744,0.8074780025356751,-4.794815967634883,-0.07733574141346586,-4.9221707778225205,14.556437458864616,9507.782922217748,-6.577690911167959
60,2,3.5,1,0,0.05,12,1,0.25,2.0,72,1,196,54,142,27.551020408163264,0.982533484698875,-1.8572137376952997,-0.009475580294363774,-3.3632816709484703,27.085279114273664,9663.671832905153,68,17,51,25.0,0.8743628371060149,-4.851486874134205,-0.07134539520785596,-5.23623883827804,17.93875937289499,9476.376116172196,-6.5875199429702604
60,2,3.5,1,0,0.05,48,1,0.0,3.0,6,0,260,91,169,35.0,0.8819799804839421,-17.166956686303,-0.06602675648578077,-17.57263911540151,36.96460187864484,8242.73608845985,100,35,65,35.0,0.9901929571419762,-0.5734600140468951,-0.005734600140468951,-1.550504251421314,20.801707609251853,9844.949574857868,-6.595079748644757
60,2,3.5,1,2,0.05,24,1,0.25,1.5,24,0,167,62,105,37.125748502994014,0.8828067935212669,-11.988389775943924,-0.07178676512541272,-12.33940334434579,26.669129718022656,8766.05966556542,57,24,33,42.10526315789474,1.1739650075889407,4.814781737790607,0.08446985504895803,4.544076097782113,9.723064592471037,10454.40760977821,-6.607166407525456
60,3,2.5,1,1,0.05,12,0,0.25,2.5,24,0,146,55,91,37.67123287671233,0.8585284978562239,-10.432740726457965,-0.07145712826341072,-10.747660505040091,26.154573437205297,8925.23394949599,47,17,30,36.170212765957444,1.0768158994893695,1.6345287142126113,0.034777206685374706,1.3035305803754893,9.764711747796511,10130.35305803755,-6.610810135770152
60,2,3.5,1,0,0.05,24,1,0.0,1.5,6,1,235,86,149,36.59574468085106,0.8886583929296601,-12.600144878781323,-0.053617637782048186,-12.933881657776237,29.667795280876607,8706.611834222376,88,33,55,37.5,0.857563939470866,-6.159285832361657,-0.06999188445865519,-6.4077878979665766,18.19773997893808,9359.221210203343,-6.61526464680317
30,5,2.5,1,1,0.05,12,0,0.1,2.5,24,0,198,65,133,32.82828282828283,0.8912350309612656,-13.404693578169711,-0.06770047261701874,-14.111192438430153,32.70897845012512,8588.880756156985,58,20,38,34.48275862068966,0.8817694870100615,-3.9585162367135727,-0.06825027994333746,-4.334536639415488,10.27565580066862,9566.54633605845,-6.616273982930559
60,3,3.5,1,1,0.05,12,0,0.1,2.5,72,0,84,29,55,34.523809523809526,0.8752124372956119,-6.446394872565055,-0.07674279610196494,-6.924442129919828,17.03681365518074,9307.555787008017,26,10,16,38.46153846153846,1.3603844121915585,5.181299201781117,0.19928073853004297,5.004471916281972,7.501093913759682,10500.447191628198,-6.616479868315681
60,2,3.5,1,2,0.05,12,1,0.1,3.0,6,0,129,48,81,37.2093023255814,0.863289526025078,-9.428278015813685,-0.07308742647917585,-9.842716885821245,23.825293919401034,9015.728311417875,50,24,26,48.0,1.4581818695020747,10.71780678065768,0.21435613561315361,10.75155439093438,5.613711912281528,11075.155439093438,-6.618498667759058
60,2,3.5,1,2,0.05,24,1,0.25,1.0,6,1,168,75,93,44.642857142857146,0.8320145831500028,-12.241035173776961,-0.07286330460581525,-12.0703140378004,23.616535336050923,8792.96859621996,62,33,29,53.225806451612904,1.2277477841524418,5.17805085235908,0.08351694923159807,5.0674074350274045,5.9763595760277175,10506.74074350274,-6.62497994180542
60,2,3.5,1,2,0.05,24,1,0.25,1.0,6,0,168,75,93,44.642857142857146,0.8320145831500028,-12.241035173776961,-0.07286330460581525,-12.0703140378004,23.616535336050923,8792.96859621996,62,33,29,53.225806451612904,1.2277477841524418,5.17805085235908,0.08351694923159807,5.0674074350274045,5.9763595760277175,10506.74074350274,-6.62497994180542
30,5,3.5,1,2,0.05,12,0,0.25,2.5,6,0,255,113,142,44.31372549019608,1.0601067761186855,4.683404039201691,0.018366290349810552,3.8155215771048523,13.182437234922684,10381.552157710485,80,34,46,42.5,0.7759651619144725,-6.271529719990555,-0.07839412149988194,-6.319394559886082,7.674670890018814,9368.060544011392,-6.638983144787366
60,2,3.5,1,2,0.05,12,1,0.1,1.5,24,1,131,46,85,35.11450381679389,0.9908206841800397,-0.6167186954932331,-0.004707776301475062,-1.433088882266853,17.340945665636703,9856.691111773314,48,14,34,29.166666666666668,0.8492412827703539,-3.6968380238130694,-0.07701745882943895,-3.8963308057643142,10.777234467969821,9610.366919423568,-6.654538027530326
60,3,2.5,1,1,0.05,12,1,0.1,1.5,6,0,147,62,85,42.17687074829932,0.8662984993324357,-10.966962169965775,-0.07460518482969915,-11.193291637997138,22.828448450039872,8880.670836200286,58,24,34,41.37931034482759,0.9824004219534516,-0.5468851727671719,-0.009429054702882274,-0.9096108949834703,11.040455803899556,9909.038910501653,-6.689874646916864
60,2,3.5,1,0,0.15,24,0,0.1,3.0,24,0,208,90,118,43.26923076923077,1.3175674499771193,24.193034491262495,0.11631266582337738,25.817880418480165,9.799752961839001,12581.788041848016,71,31,40,43.66197183098591,0.8013387122900353,-5.706782424090643,-0.08037721724071328,-5.8409160966710445,11.72523702908098,9415.908390332896,-6.710891909334512
60,2,3.5,1,0,0.05,12,0,0.25,1.5,72,1,159,64,95,40.25157232704402,1.1944939978855853,12.575169867220676,0.07908911866176525,12.429999232129664,12.47825978393445,11242.999923212967,53,18,35,33.9622641509434,0.8487784864995443,-4.250589786586909,-0.08019980729409262,-4.455582077281672,13.146734384899469,9554.441792271833,-6.712329414847714
60,2,3.5,1,2,0.15,24,1,0.0,2.5,72,0,172,48,124,27.906976744186046,0.9067959186260163,-11.954909636582423,-0.06950528858478153,-13.09558109275686,33.27258389923164,8690.441890724314,63,20,43,31.746031746031747,1.1408130807041141,6.140376599408102,0.09746629522870003,5.452585715721225,13.900259616841293,10545.258571572122,-6.7174037468440515
60,2,3.5,1,2,0.05,12,0,0.1,3.0,24,1,120,50,70,41.666666666666664,1.5520761927371343,19.97041228270727,0.1664201023558939,21.286793730481524,5.670929739961873,12128.679373048153,44,17,27,38.63636363636363,0.7574587751455233,-3.4958324907418445,-0.07945073842595102,-3.5690705982740822,11.681150963435826,9643.092940172592,-6.7503591011331725
60,3,3.5,1,1,0.05,12,0,0.0,2.0,72,0,85,30,55,35.294117647058826,0.8677645829468549,-6.715550349697686,-0.07900647470232572,-7.096491925741244,15.548814604202327,9290.350807425875,27,11,16,40.74074074074074,1.2098499966068155,3.2280685727668437,0.11955809528766087,3.017572519610612,7.2548336808174545,10301.757251961062,-6.764826729573482
30,5,3.5,1,2,0.05,12,0,0.25,3.0,6,1,255,109,146,42.745098039215684,1.0430269262183285,3.3020437581361346,0.012949191208376998,2.3836457884643503,12.684112883474018,10238.364578846435,80,33,47,41.25,0.760965105995683,-6.381670259558781,-0.07977087824448477,-6.412802915936123,8.33813538100062,9358.719708406388,-6.776759469998307
60,3,2.5,1,1,0.05,12,0,0.0,2.0,72,0,139,48,91,34.53237410071942,0.8842669536931855,-10.164628695699864,-0.07312682514891988,-10.706510638105849,27.15409088902109,8929.348936189415,45,18,27,40.0,1.2289847475609033,6.062309041125957,0.13471797869168792,5.774741702026742,9.618275981578163,10577.474170202675,-6.790529921197973
60,2,3.5,1,0,0.05,48,1,0.0,1.5,24,0,258,100,158,38.75968992248062,0.8902231497647752,-17.368164116829362,-0.06731846556910606,-17.468185343502153,33.67854196713806,8253.181465649785,96,35,61,36.458333333333336,0.8833537871696048,-6.716134946454285,-0.06995973902556547,-7.112057908334357,23.621771487846964,9288.794209166565,-6.792507748395283
60,3,2.5,1,1,0.05,12,0,0.1,2.5,24,1,150,47,103,31.333333333333332,0.8356135671866417,-11.063142483434124,-0.07375428322289417,-11.223424697906925,24.65661564752317,8877.657530209308,48,16,32,33.333333333333336,1.1276345148288198,2.6067691512686215,0.05430769065142962,2.294103483142562,8.191692576425451,10229.410348314255,-6.7944160969564615
60,2,3.5,1,2,0.15,24,1,0.25,1.0,6,0,179,79,100,44.134078212290504,0.8282915180483003,-13.248404298803173,-0.07401343183688923,-12.982533333468638,24.61458870812421,8701.746666653136,69,39,30,56.52173913043478,1.267445605246759,6.834402250506454,0.0990493079783544,6.7844474172482405,5.576058674130683,10678.444741724823,-6.796785945874838
60,2,3.5,1,2,0.15,24,1,0.25,1.0,6,1,179,79,100,44.134078212290504,0.8282915180483003,-13.248404298803173,-0.07401343183688923,-12.982533333468638,24.61458870812421,8701.746666653136,69,39,30,56.52173913043478,1.267445605246759,6.834402250506454,0.0990493079783544,6.7844474172482405,5.576058674130683,10678.444741724823,-6.796785945874838
60,3,2.5,1,1,0.05,12,1,0.1,2.0,72,1,147,36,111,24.489795918367346,0.8686616019579695,-10.706946352458697,-0.07283636974461699,-11.145206849518619,27.683733221831247,8885.479315048138,56,16,40,28.571428571428573,0.9384784833837441,-2.075724331705463,-0.03706650592331184,-2.525042888574791,12.193295886026528,9747.495711142521,-6.80303263707218
60,2,3.5,1,2,0.15,24,1,0.1,1.0,24,1,178,83,95,46.62921348314607,0.8558258971843363,-13.47072758609577,-0.07567824486570657,-13.354709139717436,22.77409859197498,8664.529086028257,65,32,33,49.23076923076923,0.9423510991898133,-1.8734164418530814,-0.02882179141312433,-2.162873909064378,8.79705708538193,9783.712609093562,-6.80365313351784
60,2,3.5,1,2,0.15,24,1,0.1,1.0,24,0,178,83,95,46.62921348314607,0.8558258971843363,-13.47072758609577,-0.07567824486570657,-13.354709139717436,22.77409859197498,8664.529086028257,65,32,33,49.23076923076923,0.9423510991898133,-1.8734164418530814,-0.02882179141312433,-2.162873909064378,8.79705708538193,9783.712609093562,-6.80365313351784
30,5,3.5,1,0,0.05,12,0,0.0,1.5,6,1,364,160,204,43.956043956043956,1.034940219241773,3.9313542449706413,0.010800423749919344,2.8233862456988668,17.602103293744346,10282.338624569886,119,46,73,38.65546218487395,0.7726291805381378,-9.251623910900436,-0.07774473874706249,-9.157854565268519,11.176234475421522,9084.214543473148,-6.80659253697643
30,5,2.5,1,1,0.05,12,0,0.25,3.0,6,0,220,87,133,39.54545454545455,0.8761411383966827,-10.175123738265594,-0.04625056244666179,-10.594420421584017,20.80387741586944,8940.557957841598,65,22,43,33.84615384615385,0.8141349502066972,-4.946170930317506,-0.0760949373895001,-5.126241676338738,9.202594654949646,9487.375832366126,-6.81049100928614
60,3,2.5,1,1,0.05,12,0,0.0,1.5,24,0,148,60,88,40.54054054054054,0.8454790690185593,-11.213900562625437,-0.07576959839611781,-11.286135909716599,22.10530207668547,8871.38640902834,50,20,30,40.0,0.9701087149961468,-0.6757793806238084,-0.013515587612476168,-0.9279244322208835,9.2969932216793,9907.207556777912,-6.819137262903358
60,3,2.5,1,1,0.05,12,1,0.1,2.5,6,1,147,45,102,30.612244897959183,0.8612041451077542,-10.7758683293737,-0.07330522673043334,-11.150454533564357,27.116987557783023,8884.954546643565,58,18,40,31.03448275862069,0.9095173465137073,-2.73212364813127,-0.04710558014019431,-3.1129158752649655,12.706347147903173,9688.708412473503,-6.827379891904235
60,2,3.5,1,0,0.15,24,0,0.1,1.5,72,1,196,75,121,38.265306122448976,1.074778707039874,6.2525656607813955,0.031900845208068344,5.351853589271127,13.994193524908749,10535.185358927112,63,22,41,34.92063492063492,0.8428943601821954,-5.0985061548573265,-0.08092866912471947,-5.305360958987803,13.597483164775628,9469.46390410122,-6.830841495266113
60,2,3.5,1,0,0.15,12,0,0.1,2.0,24,1,190,79,111,41.578947368421055,1.30140971830713,19.09027438331614,0.10047512833324283,19.937606648461916,8.811732428672627,11993.760664846192,61,26,35,42.622950819672134,0.8030451666184109,-4.86855360160155,-0.07981235412461558,-4.989336080429386,14.50128472209928,9501.066391957062,-6.832508724046185
60,2,3.5,1,0,0.15,12,0,0.1,2.0,24,0,189,83,106,43.91534391534392,1.2599739084077373,18.19472236747128,0.09626837231466286,18.76660075859227,8.766967399254225,11876.660075859227,61,26,35,42.622950819672134,0.8030451666184109,-4.86855360160155,-0.07981235412461558,-4.989336080429386,14.50128472209928,9501.066391957062,-6.832508724046185
60,2,3.5,1,2,0.05,24,1,0.1,3.0,72,0,156,38,118,24.358974358974358,0.913347645321949,-10.46866679813082,-0.06710683844955655,-11.92947005813485,39.49061081112732,8807.052994186515,55,18,37,32.72727272727273,1.3522274943955537,13.19131189731796,0.23984203449669017,13.055079148349868,11.665878992511312,11305.507914834987,-6.8508900339058805
60,2,3.5,1,0,0.15,12,0,0.0,2.0,72,0,166,65,101,39.1566265060241,1.087615672628123,7.944546139311936,0.04785871168260202,6.821505464980548,18.0289434446695,10682.150546498055,54,20,34,37.03703703703704,0.8635577786446598,-4.269204742287782,-0.07905934707940336,-4.55396817173569,13.820341335972074,9544.603182826431,-6.859822438807939
60,2,3.5,1,0,0.05,48,1,0.0,2.5,72,0,249,81,168,32.53012048192771,1.1094199300778977,19.007477735416483,0.07633525194946379,17.081430600104785,26.35163617224674,11708.143060010478,93,25,68,26.881720430107528,0.898266695529444,-7.031777834735681,-0.07561051435199657,-7.8211682882518785,25.413919084197172,9217.883171174812,-6.891286736248573
60,3,3.5,1,1,0.05,12,0,0.1,2.5,72,1,86,26,60,30.232558139534884,0.848872043056639,-7.026887932383125,-0.08170799921375727,-7.379514607955551,12.590454294282047,9262.048539204445,27,10,17,37.03703703703704,1.36072097858183,5.1848553048371695,0.1920316779569322,5.008213635436531,7.49779781672343,10500.821363543653,-6.895262641901851
60,3,2.5,1,1,0.05,12,1,0.1,2.0,24,1,147,37,110,25.170068027210885,0.8658733114632893,-10.933236403347905,-0.07437575784590411,-11.33615246597639,26.843581268081294,8866.38475340236,56,17,39,30.357142857142858,0.9163867593537487,-2.819826722053162,-0.05035404860809218,-3.233940750435782,12.193295886026485,9676.605924956422,-6.912138910965255
60,3,2.5,1,1,0.05,12,1,0.25,1.5,72,0,153,62,91,40.52287581699346,0.9718099150854981,-2.6436715379410614,-0.01727889894079125,-3.7259228862491,21.520910593630493,9627.40771137509,56,21,35,37.5,0.8770417688412137,-4.369272492066696,-0.07802272307261958,-4.667464603520988,14.792318867145642,9533.253539647902,-6.9351382784139055
60,2,3.5,1,0,0.15,24,1,0.25,2.0,6,1,251,86,165,34.26294820717131,0.9104155845374419,-10.146331502626735,-0.040423631484568665,-10.887828005565625,31.358309998424094,8911.217199443437,89,30,59,33.70786516853933,0.8395648257199486,-6.402406335455612,-0.07193714983657991,-6.629397413198657,16.70358280950104,9337.060258680134,-6.946102965090513
60,3,3.5,1,1,0.05,12,0,0.25,2.0,24,0,87,37,50,42.52873563218391,0.9234634455387208,-2.798173499148173,-0.03216291378331233,-3.165619024477473,9.184771172567906,9683.438097552253,31,12,19,38.70967741935484,0.802648528033929,-2.5891677758509046,-0.08352154115648079,-2.6950590861158696,8.107746630803913,9730.494091388413,-6.9513697396543215
60,3,2.5,1,1,0.05,12,1,0.0,2.5,72,1,141,29,112,20.56737588652482,0.8725889427302681,-10.421369567104422,-0.07391042246173349,-11.050400903865354,28.881246789847552,8894.959909613464,56,13,43,23.214285714285715,1.0065986447657451,0.2109699187873835,0.003767319978346134,-0.3441799320177963,12.636131121202668,9965.58200679822,-6.974434041320211
60,3,2.5,1,1,0.05,12,1,0.1,1.5,24,1,147,54,93,36.734693877551024,0.963734550060679,-2.9332364033479643,-0.019953989138421526,-3.8408490552643504,23.4998053507069,9615.915094473565,56,21,35,37.5,0.8716395446758809,-4.319826722053048,-0.07713976289380443,-4.594616891802527,11.734917935812256,9540.538310819747,-6.9763803942876415
60,2,3.5,1,0,0.15,12,1,0.25,1.5,6,0,214,86,128,40.18691588785047,0.9007632459530739,-10.089574241977811,-0.0471475431868122,-10.580456775721503,28.269501748580506,8941.95432242785,76,31,45,40.78947368421053,0.8519385848420198,-5.643127781166294,-0.07425168133113545,-5.861648901678562,14.849300582282638,9413.835109832144,-6.983080526158967
60,2,3.5,1,0,0.05,24,1,0.0,2.0,6,0,234,88,146,37.60683760683761,0.9088022492796332,-11.537600917821973,-0.04930598682829903,-12.329760939200007,33.83457746584583,8767.02390608,88,33,55,37.5,0.8771003828240307,-6.298844649310676,-0.07157778010580314,-6.7079717910231595,22.62848285392454,9329.202820897684,-6.9847882559097885
60,2,3.5,1,3,0.05,24,1,0.1,1.5,6,1,185,68,117,36.75675675675676,0.8428993750427348,-13.772412028985926,-0.07444547042695095,-13.673667065254136,27.586755867617967,8632.633293474586,67,26,41,38.80597014925373,0.8844179686717463,-3.7644978915738556,-0.05618653569513218,-4.033257818793324,11.973383723691926,9596.674218120668,-6.992002874149093
60,2,3.5,1,0,0.05,12,1,0.1,1.5,72,0,195,76,119,38.97435897435897,0.8987763623984839,-12.407649573495798,-0.06362897217177332,-12.930993530810431,32.07210622516757,8706.900646918957,69,26,43,37.68115942028985,0.8850745953914639,-5.011669272351083,-0.07263288800508816,-5.3685155252554795,21.92469147454428,9463.148447474452,-6.992616459031007
60,2,3.5,1,0,0.05,12,0,0.25,1.5,72,0,157,67,90,42.67515923566879,1.0152072210382526,1.2042308727090214,0.007670260335726251,0.25133799680157054,21.852969913811833,10025.133799680158,53,20,33,37.735849056603776,0.8626125603404858,-4.141843058960263,-0.07814798224453326,-4.3739404868114455,13.057685145322095,9562.605951318856,-7.001852893944636
60,2,3.5,1,0,0.05,12,1,0.0,1.5,6,1,197,71,126,36.04060913705584,0.8498428677820669,-14.646861157419814,-0.0743495490224356,-14.528767520539276,28.298668484800544,8547.123247946072,73,29,44,39.726027397260275,0.9385399441283796,-2.054247474692958,-0.028140376365656958,-2.398991672912476,15.048947560496249,9760.100832708753,-7.002782766447041
60,2,3.5,1,0,0.05,48,1,0.1,2.5,6,0,263,96,167,36.50190114068441,0.8686537997878933,-18.492543240326437,-0.07031385262481535,-18.434525588835783,36.32055251333597,8156.547441116422,100,37,63,37.0,0.9690775932017449,-1.7196775934941817,-0.017196775934941816,-2.5054081148316087,16.973437745879302,9749.45918851684,-7.01179876202178
60,2,3.5,1,2,0.05,12,1,0.25,2.0,72,0,130,41,89,31.53846153846154,0.8932076411383548,-9.702293540908403,-0.07463302723775694,-10.384247589016537,28.80102557950549,8961.575241098346,46,16,30,34.78260869565217,1.0489905554698202,1.4859185524921448,0.0323025772280901,1.0245478931298457,10.392340905429723,10102.454789312986,-7.019934216098308
60,2,3.5,1,3,0.05,24,1,0.1,2.0,6,0,184,69,115,37.5,0.8655541923312714,-13.129478585680122,-0.07135586187869632,-13.360477949775307,34.170581469989884,8663.95220502247,67,26,41,38.80597014925373,0.9048572403519297,-3.5751817262391286,-0.05336092128715117,-3.965204614068829,14.15641146606951,9603.479538593117,-7.032761920888872
60,2,3.5,1,0,0.15,12,1,0.25,2.5,6,1,214,70,144,32.71028037383178,0.8945360613408667,-10.290359674436846,-0.04808579287120022,-10.912933586073736,23.516878584886104,8908.706641392626,75,24,51,32.0,0.8283330821939964,-5.7883141013860975,-0.07717752135181463,-6.022678960999606,16.105506961227377,9397.73210390004,-7.039025351858004
60,2,3.5,1,2,0.15,24,1,0.1,2.0,6,0,176,67,109,38.06818181818182,0.855244774264128,-13.021057337218977,-0.07398328032510783,-13.140676322642031,29.72097495111511,8685.932367735797,69,34,35,49.27536231884058,1.1004482955471175,3.2734153882072325,0.04744080272764105,2.8802736995119815,8.658126855663049,10288.027369951198,-7.0462474568444975
30,5,2.5,1,1,0.05,12,0,0.0,1.5,72,0,192,74,118,38.541666666666664,0.8739586581659599,-14.774013996784644,-0.07694798956658669,-14.882637239604012,25.097819182820135,8511.736276039599,57,22,35,38.59649122807018,0.9152054553141432,-2.8589362289115527,-0.05015677594581672,-3.1991850509520914,8.126342585317595,9680.08149490479,-7.0467064902413155
60,2,3.5,1,0,0.05,12,1,0.1,1.5,6,0,199,78,121,39.19597989949749,0.8565873508915582,-14.7341944670583,-0.07404117822642362,-14.647818237863541,29.873772512923637,8535.218176213646,73,33,40,45.205479452054796,0.9735627239654293,-0.9814240227777593,-0.013444164695585743,-1.3980837485094377,14.98497919423267,9860.191625149057,-7.052962962314247
60,2,3.5,1,2,0.05,12,1,0.25,3.0,72,1,130,22,108,16.923076923076923,0.8751412960197211,-9.353218442089215,-0.07194783416991704,-10.142675911377342,33.28854390973432,8985.732408862266,47,10,37,21.27659574468085,1.1256274598228813,3.190409466281117,0.06788105247406633,2.689390537143699,9.749336777909427,10268.93905371437,-7.054693358445532
60,3,2.5,1,1,0.05,12,0,0.0,2.5,72,1,142,36,106,25.35211267605634,0.8524124071571731,-11.174576394464573,-0.07869419996101812,-11.546184416979099,21.434249943234033,8845.38155830209,44,15,29,34.09090909090909,1.425674370537023,9.574876391016934,0.2176108270685667,9.507989464889288,10.333147562876825,10950.798946488929,-7.069983929404476
60,2,3.5,1,0,0.05,24,0,0.1,1.5,24,0,207,92,115,44.44444444444444,1.211885653816863,15.621355195483066,0.07546548403615008,15.872500721033767,10.37185737320504,11587.250072103376,71,31,40,43.66197183098591,0.8005937134887107,-5.8680941164910605,-0.08264921290832479,-5.954478474048807,13.931719801831747,9404.552152595119,-7.071970440063357
60,2,3.5,1,0,0.05,24,1,0.25,1.0,6,1,243,108,135,44.44444444444444,0.8329310641797826,-17.729169363141278,-0.07295954470428509,-17.013600956794907,31.591926406954418,8298.63990432051,88,43,45,48.86363636363637,1.0052003890641397,0.19288472419573466,0.0021918718658606212,-0.16049298315918836,12.302852513470704,9983.950701684082,-7.076744289512995
60,2,3.5,1,0,0.05,24,1,0.25,1.0,6,0,243,108,135,44.44444444444444,0.8329310641797826,-17.729169363141278,-0.07295954470428509,-17.013600956794907,31.591926406954418,8298.63990432051,88,43,45,48.86363636363637,1.0052003890641397,0.19288472419573466,0.0021918718658606212,-0.16049298315918836,12.302852513470704,9983.950701684082,-7.076744289512995
60,2,3.5,1,2,0.05,12,1,0.25,2.0,6,1,133,44,89,33.08270676691729,0.8362929860128318,-10.10207105576019,-0.07595542147188113,-10.250575403205197,25.91287097264422,8974.94245967948,50,24,26,48.0,1.503106433966258,8.862424828348859,0.17724849656697717,8.949738334274393,5.23299054392808,10894.973833427439,-7.08454587024867
60,3,2.5,1,1,0.05,12,0,0.0,3.0,72,0,135,41,94,30.37037037037037,0.8908576124767691,-9.94185607846115,-0.07364337835897149,-10.809766440350998,31.76716797724518,8919.0233559649,42,14,28,33.333333333333336,1.207611908819979,5.4997820792355885,0.1309471923627521,5.062027520955281,12.761472759411147,10506.202752095527,-7.112532678008965
30,5,2.5,1,1,0.05,12,0,0.0,3.0,6,0,221,83,138,37.55656108597285,0.817516518580744,-16.931429955048333,-0.07661280522646305,-16.55126661632689,25.494285868987877,8344.873338367312,65,22,43,33.84615384615385,0.8595317897846801,-3.9008851305400993,-0.06001361739292461,-4.16996355923358,9.653975392735909,9583.003644076642,-7.136939163421446
30,5,3.5,1,0,0.05,12,0,0.1,2.0,6,0,362,161,201,44.47513812154696,0.9785273758894544,-2.441937465593168,-0.006745683606610961,-3.5707068622338967,20.607700671830255,9642.92931377661,118,47,71,39.83050847457627,0.7789947317631893,-9.383200921591273,-0.07951865187789214,-9.328025810556252,11.257900513605215,9067.197418944375,-7.152425415261498
60,2,3.5,1,3,0.05,24,1,0.1,2.0,72,0,177,57,120,32.20338983050848,0.8958793245632898,-12.838705809550358,-0.07253506107090597,-13.544809273919679,35.604145828151466,8645.519072608033,61,22,39,36.0655737704918,1.1051198239135944,4.161604363514659,0.06822302235269932,3.5929794831842,13.338243073915562,10359.297948318419,-7.185282769148596
60,2,3.5,1,0,0.15,12,1,0.25,2.0,6,1,215,74,141,34.41860465116279,0.9111551291857886,-8.66361398673433,-0.04029587900806665,-9.379590305075237,27.47309544264044,9062.040969492477,75,25,50,33.333333333333336,0.8298815434228025,-5.730943072078753,-0.07641257429438336,-5.935952203059546,16.08495660465456,9406.404779694045,-7.196806735122523
60,2,3.5,1,2,0.05,24,1,0.25,1.5,24,1,168,54,114,32.142857142857146,0.8584332031373894,-12.947313709673027,-0.0770673435099585,-13.050784284658635,26.93889887096769,8694.921571534136,58,21,37,36.206896551724135,1.0579795254662643,1.5991113911691823,0.027570886054641076,1.2585884152190863,10.022048576396173,10125.85884152191,-7.198448132588561
60,2,3.5,1,0,0.05,12,1,0.25,1.0,6,0,204,90,114,44.11764705882353,0.8290787438835501,-15.3657303399366,-0.07532220754870883,-14.908587460209134,29.24783909213443,8509.141253979087,73,36,37,49.31506849315068,1.006951741618948,0.21453974490747807,0.0029389006151709324,-0.0810097627691686,10.31378816028873,9991.899023723083,-7.198527103311431
60,2,3.5,1,0,0.05,12,1,0.25,1.0,6,1,204,90,114,44.11764705882353,0.8290787438835501,-15.3657303399366,-0.07532220754870883,-14.908587460209134,29.24783909213443,8509.141253979087,73,36,37,49.31506849315068,1.006951741618948,0.21453974490747807,0.0029389006151709324,-0.0810097627691686,10.31378816028873,9991.899023723083,-7.198527103311431
60,2,3.5,1,2,0.05,12,1,0.0,3.0,6,0,128,47,81,36.71875,0.8620996569224396,-9.938976508494012,-0.07764825397260947,-10.37154856585546,25.98605033064611,8962.845143414454,50,24,26,48.0,1.4280875878166728,10.431202745293822,0.20862405490587643,10.421997520775527,5.759051434112731,11042.199752077553,-7.206606539982401
60,3,2.5,1,1,0.05,12,0,0.0,1.5,24,1,150,54,96,36.0,0.822210227073667,-11.961019025686468,-0.07974012683790979,-11.884420350385149,21.35715755331701,8811.557964961485,51,19,32,37.254901960784316,0.9055435125470845,-2.132785029689669,-0.04181931430764057,-2.3503282279475624,9.477183306719066,9764.967177205244,-7.2158973109845235
60,2,3.5,1,0,0.05,12,1,0.1,2.5,72,0,191,58,133,30.36649214659686,1.0268589802059094,3.683757446714547,0.019286688202693962,1.2656433458324345,32.99949823443291,10126.564334583243,67,18,49,26.865671641791046,0.8994174578244473,-4.997410165323314,-0.07458821142273603,-5.631926835826939,21.2554452771182,9436.807316417306,-7.2180053501730725
60,3,2.5,1,1,0.05,12,0,0.0,2.0,72,1,145,40,105,27.586206896551722,0.8485809006448227,-11.61377092016604,-0.08009497186321407,-11.840930345605793,21.89658551972564,8815.90696543942,47,17,30,36.170212765957444,1.246903515402986,6.049534715182389,0.1287135045783487,5.792503786985792,9.618275981578108,10579.25037869858,-7.239010415124511
60,2,3.5,1,2,0.15,24,1,0.25,2.5,72,1,175,35,140,20.0,0.8715809176862359,-12.792819333885785,-0.07310182476506162,-13.377482658787375,35.02277419080421,8662.251734121262,64,14,50,21.875,1.0719644516466118,2.3387492053879018,0.036542956334185965,1.7634103143794988,10.931706223952935,10176.341031437949,-7.250948365592379
60,2,3.5,1,0,0.15,24,1,0.0,2.0,72,1,241,64,177,26.556016597510375,0.9262096658739226,-9.877891637708466,-0.04098710223115546,-11.109541904903985,29.384703859087807,8889.045809509602,84,20,64,23.80952380952381,0.8604994634816603,-6.433654323150372,-0.07659112289464728,-6.814379381635249,18.99017740724571,9318.562061836476,-7.256930468397645
60,2,3.5,1,0,0.05,24,1,0.0,1.0,6,0,236,107,129,45.33898305084746,0.8379817424039311,-18.217013210432903,-0.0771907339425123,-17.48760179095854,27.841830211770557,8251.239820904146,88,41,47,46.59090909090909,0.8598581181779188,-6.03444082828828,-0.06857319123054863,-6.223134009885467,16.091349509011124,9377.686599011453,-7.264756085176387
60,2,3.5,1,0,0.05,24,1,0.0,1.0,6,1,236,107,129,45.33898305084746,0.8379817424039311,-18.217013210432903,-0.0771907339425123,-17.48760179095854,27.841830211770557,8251.239820904146,88,41,47,46.59090909090909,0.8598581181779188,-6.03444082828828,-0.06857319123054863,-6.223134009885467,16.091349509011124,9377.686599011453,-7.264756085176387
60,2,3.5,1,0,0.15,12,1,0.25,2.0,6,0,214,83,131,38.78504672897196,0.8965219041801665,-10.818868245735315,-0.050555459092221096,-11.369982168826409,29.952521337271737,8863.001783117359,75,29,46,38.666666666666664,0.8541766117136761,-5.706790194337359,-0.07609053592449812,-5.984506416975821,15.280995704857691,9401.549358302418,-7.264778315230131
60,2,3.5,1,2,0.15,24,1,0.0,2.0,6,0,175,66,109,37.714285714285715,0.857554627148311,-13.382286094505304,-0.07647020625431603,-13.51925949228704,29.61736742537065,8648.074050771296,69,33,36,47.82608695652174,1.0359839883115682,1.2263193374193464,0.017772744020570237,0.7896772850329858,9.687436196810587,10078.967728503298,-7.2841038924522845
60,2,3.5,1,0,0.15,12,0,0.1,3.0,72,0,157,54,103,34.394904458598724,1.062944677828401,5.820735179309686,0.037074746365029845,4.2509279964221935,22.151082948236716,10425.09279964222,51,19,32,37.254901960784316,0.8608199468256816,-4.123066099176408,-0.08084443331718447,-4.423395053744795,13.814076457255863,9557.660494625521,-7.296744043103144
60,2,3.5,1,0,0.15,24,0,0.25,3.0,24,0,208,92,116,44.23076923076923,1.3243601413805839,23.761828053495282,0.11423955794949656,25.391880160809688,9.246328307535787,12539.188016080969,71,31,40,43.66197183098591,0.785297261803088,-6.106514490786948,-0.08600724634911194,-6.208598648791741,11.592973460483416,9379.140135120826,-7.2980419070324185
60,2,3.5,1,0,0.05,12,0,0.0,2.5,24,1,177,70,107,39.548022598870055,1.3012040130088454,18.75612202807979,0.10596679111909486,19.42598375467719,8.694024071422735,11942.598375467718,61,23,38,37.704918032786885,0.7897105257227016,-5.197946388448308,-0.08521223587620178,-5.325185615382344,13.319051283280531,9467.481438461766,-7.328232174667097
60,2,3.5,1,0,0.15,24,0,0.25,1.0,24,1,223,112,111,50.224215246636774,1.1710468212717668,12.061263854881444,0.05408638499946836,12.07021344953898,11.70469945504837,11207.021344953897,72,33,39,45.833333333333336,0.7783234709965285,-6.161209371283493,-0.0855723523789374,-6.1824620934083026,12.623193589288745,9381.75379065917,-7.328933967143169
60,2,3.5,1,0,0.15,24,0,0.25,1.0,24,0,223,112,111,50.224215246636774,1.1710468212717668,12.061263854881444,0.05408638499946836,12.07021344953898,11.70469945504837,11207.021344953897,72,33,39,45.833333333333336,0.7783234709965285,-6.161209371283493,-0.0855723523789374,-6.1824620934083026,12.623193589288745,9381.75379065917,-7.328933967143169
60,2,3.5,1,2,0.15,24,1,0.0,2.0,72,1,175,41,134,23.428571428571427,0.8552437117219026,-13.676323491365089,-0.07815041995065765,-13.884501453371756,27.469495056993132,8611.549854662824,65,17,48,26.153846153846153,1.0671835313151175,2.1269932032545404,0.03272297235776216,1.6484265938499387,10.71243263998691,10164.842659384994,-7.333758800838905
60,2,3.5,1,0,0.05,12,1,0.1,3.0,6,0,197,69,128,35.025380710659896,0.858576025194293,-15.445293283590019,-0.07840250397761431,-15.630531172632677,27.375504437631992,8436.946882736733,72,29,43,40.27777777777778,1.217061175818073,8.722634342846531,0.12114769920620182,8.229434651271017,12.147720978916556,10822.943465127102,-7.336582669515925
60,2,3.5,1,2,0.05,24,1,0.25,3.0,72,1,160,26,134,16.25,0.8676727181750133,-11.812036709876471,-0.07382522943672795,-12.53919967494539,34.92646444948077,8746.08003250546,57,11,46,19.29824561403509,1.1152854357539466,3.397715860785679,0.05960905018922244,2.805817184770576,11.628179423204086,10280.581718477059,-7.336721073236972
60,2,3.5,1,3,0.05,24,1,0.25,1.0,24,0,184,86,98,46.73913043478261,0.8547021456162647,-14.108759281194828,-0.07667803957171103,-13.935707433752398,30.032720434362385,8606.42925662476,63,33,30,52.38095238095238,1.1273437615410675,3.622670208142592,0.05750270171654908,3.3789851483017497,6.921288206505899,10337.898514830174,-7.34447458366435
60,2,3.5,1,3,0.05,24,1,0.25,1.0,24,1,184,86,98,46.73913043478261,0.8547021456162647,-14.108759281194828,-0.07667803957171103,-13.935707433752398,30.032720434362385,8606.42925662476,63,33,30,52.38095238095238,1.1273437615410675,3.622670208142592,0.05750270171654908,3.3789851483017497,6.921288206505899,10337.898514830174,-7.34447458366435
60,3,3.5,1,1,0.05,12,0,0.1,2.0,72,0,84,30,54,35.714285714285715,0.8595957787652329,-7.110434094160179,-0.08464802493047832,-7.454799080369701,15.82331319134759,9254.52009196303,27,11,16,40.74074074074074,1.2091243624927175,3.214375623468302,0.11905094901734452,3.0036257130235056,7.257169192092679,10300.36257130235,-7.361789275980702
60,3,3.5,1,1,0.05,12,0,0.25,2.5,72,1,84,26,58,30.952380952380953,0.8442426707948238,-7.216638147128532,-0.08591235889438728,-7.551520716360082,13.40803167983959,9244.847928363992,27,10,17,37.03703703703704,1.3570896798161285,5.126669467651313,0.18987664695004863,4.947921390507237,7.347600318970489,10494.792139050724,-7.3740119976219365
60,3,3.5,1,1,0.05,12,0,0.0,2.5,24,1,88,34,54,38.63636363636363,0.9827856882304429,-0.6063831615578608,-0.006890717744975691,-1.0664140179707293,6.525602354148366,9893.358598202927,30,10,20,33.333333333333336,0.8019353561330362,-2.6637170752633446,-0.08879056917544483,-2.7896257325058516,7.409461318500601,9721.037426749415,-7.376355163939932
60,2,3.5,1,0,0.05,12,0,0.0,2.0,24,1,177,71,106,40.112994350282484,1.2460693366572204,15.312778299896069,0.08651287175082524,15.515010141952267,8.516964271057537,11551.501014195226,61,24,37,39.34426229508197,0.7896496829816912,-5.197946388448309,-0.08521223587620179,-5.302179243515271,14.162710536409143,9469.782075648473,-7.378973415336835
60,3,2.5,1,1,0.05,12,0,0.1,3.0,72,0,135,41,94,30.37037037037037,0.8867087169498818,-10.303054684578582,-0.07631892358947098,-11.12468133233875,31.668533031072617,8887.531866766125,42,14,28,33.333333333333336,1.2034495267600853,5.3857496986015025,0.12823213568098815,4.9440387652500695,12.779455912844554,10494.403876525006,-7.382466895342335
60,2,3.5,1,2,0.15,24,1,0.1,2.0,72,1,175,41,134,23.428571428571427,0.854008440762226,-13.83259020098319,-0.0790433725770468,-14.01983401502761,26.819036367559594,8598.01659849724,65,17,48,26.153846153846153,1.0376453548192284,1.2264448443481588,0.018868382220740904,0.7321734803180435,10.608406129137657,10073.217348031805,-7.38649708403116
60,3,2.5,1,1,0.05,12,0,0.0,2.0,24,1,150,49,101,32.666666666666664,0.8216533521279923,-12.029687860902676,-0.0801979190726845,-12.013539071470037,23.785572614063764,8798.646092852996,51,19,32,37.254901960784316,1.1131409895749442,2.5546726891575644,0.05009162135603067,2.2486373083176803,9.07328217253684,10224.863730831768,-7.40849518799815
60,2,3.5,1,0,0.05,48,1,0.1,1.5,24,0,261,100,161,38.31417624521073,0.8770728006217031,-19.737106279574668,-0.07562109685660792,-19.40851057836428,34.604427488231224,8059.1489421635715,95,36,59,37.89473684210526,0.9456177571924809,-3.0078804356707276,-0.03166189932284976,-3.6010538535361403,21.556258387135095,9639.894614646386,-7.427794914564475
60,2,3.5,1,0,0.05,24,1,0.25,2.5,72,1,230,58,172,25.217391304347824,1.136195172888652,16.890897289575513,0.07343868386771962,15.650368155649176,22.90125402193263,11565.036815564918,79,15,64,18.9873417721519,0.8520157634629628,-6.477938122405327,-0.08199921673930793,-6.905870888259502,20.17463191942438,9309.41291117405,-7.431762724853438
60,3,2.5,1,1,0.05,12,0,0.1,2.0,72,1,142,40,102,28.169014084507044,0.8447658379206935,-11.571295152808233,-0.0814879940338608,-11.770357699946455,22.88415706305467,8822.964230005355,46,17,29,36.95652173913044,1.3004945897767144,7.054151089211844,0.1533511106350401,6.866266669001608,8.524522407523316,10686.626666900162,-7.447302391156968
60,2,3.5,1,0,0.05,24,0,0.1,1.0,24,0,213,108,105,50.70422535211268,1.198552029467094,13.819168429938568,0.06487872502318577,14.044182856370991,11.117009557008942,11404.418285637099,72,32,40,44.44444444444444,0.7859311199291114,-6.234593383413332,-0.0865915747696296,-6.265078903800547,13.162053424732855,9373.492109619945,-7.44797249847387
60,2,3.5,1,0,0.05,24,0,0.1,1.0,24,1,213,108,105,50.70422535211268,1.198552029467094,13.819168429938568,0.06487872502318577,14.044182856370991,11.117009557008942,11404.418285637099,72,32,40,44.44444444444444,0.7859311199291114,-6.234593383413332,-0.0865915747696296,-6.265078903800547,13.162053424732855,9373.492109619945,-7.44797249847387
30,5,3.5,1,1,0.05,12,1,0.1,3.0,24,1,143,26,117,18.181818181818183,0.8776549873823397,-10.106354306515112,-0.07067380633926651,-10.925831461427837,13.948335869447472,8907.416853857216,49,9,40,18.367346938775512,0.8619720321035527,-4.279817654816573,-0.08734321744523618,-4.713283186122186,12.847640621096499,9528.671681387781,-7.456075531940546
60,2,3.5,1,3,0.05,24,1,0.25,2.5,6,0,184,67,117,36.41304347826087,0.8518953938764563,-13.94938984348011,-0.07581190132326147,-14.084124621214233,33.345981805964925,8591.587537878577,67,30,37,44.776119402985074,1.2349225418206116,7.369400369400872,0.10999105028956525,7.101642083240667,6.5548201065303875,10710.164208324066,-7.456207482413521
30,5,3.5,1,0,0.05,12,0,0.0,1.0,6,0,366,169,197,46.17486338797814,0.966362756850774,-3.7833881609560494,-0.010337126122830735,-4.616047990422667,20.357673480686497,9538.395200957733,119,51,68,42.857142857142854,0.7587574036780576,-9.800656462493254,-0.08235845766801055,-9.612226481405594,12.487678460959078,9038.77735185944,-7.461042194007924
30,5,3.5,1,0,0.05,12,0,0.0,1.0,6,1,366,169,197,46.17486338797814,0.966362756850774,-3.7833881609560494,-0.010337126122830735,-4.616047990422667,20.357673480686497,9538.395200957733,119,51,68,42.857142857142854,0.7587574036780576,-9.800656462493254,-0.08235845766801055,-9.612226481405594,12.487678460959078,9038.77735185944,-7.461042194007924
30,5,3.5,1,2,0.05,12,0,0.25,2.5,6,1,255,109,146,42.745098039215684,1.0201029092040323,1.5427708110200897,0.006050081611843489,0.6500966722918333,13.086592139305184,10065.009667229184,80,33,47,41.25,0.7422368668136072,-6.881670259558772,-0.08602087824448465,-6.8671505232884344,8.374754581463074,9313.284947671156,-7.463364703712316
30,5,3.5,1,2,0.05,12,0,0.25,2.0,6,1,255,109,146,42.745098039215684,0.9696663167022179,-2.327917850475043,-0.009129089609706051,-3.077711440175901,15.723457685011127,9692.22885598241,80,33,47,41.25,0.7464517359146144,-6.7691431538327524,-0.08461428942290941,-6.760788672962647,8.262641780177885,9323.921132703736,-7.472488016095136
60,2,3.5,1,2,0.15,24,1,0.25,2.0,6,1,178,58,120,32.58426966292135,0.8233708946935574,-13.72953697046385,-0.07713223017114522,-13.584701007360856,30.63944832457779,8641.529899263915,69,32,37,46.3768115942029,1.2228757967985557,5.720462951732686,0.08290526017003892,5.516711923528272,7.072855757247555,10551.671192352827,-7.479998602997137
60,3,3.5,1,1,0.05,12,0,0.0,2.0,72,1,87,26,61,29.885057471264368,0.8359302173695413,-7.639247970173351,-0.08780744793302701,-7.891497685020276,11.905427440821105,9210.850231497972,28,11,17,39.285714285714285,1.2936988397095106,4.224954749169398,0.1508912410417642,4.054957931524439,6.31798382955213,10405.495793152444,-7.486480422014238
60,2,3.5,1,2,0.15,24,1,0.1,3.0,6,1,176,51,125,28.977272727272727,0.8234842466608061,-13.842940257235316,-0.07865306964338248,-13.798405176783291,28.23905701391462,8620.159482321671,69,30,39,43.47826086956522,1.2026488900684331,6.010222322313532,0.08710467133787728,5.650321286525539,8.103327244104888,10565.032128652554,-7.487832367646577
60,2,3.5,1,0,0.15,12,1,0.0,2.5,72,1,206,44,162,21.359223300970875,0.9202121826017294,-9.199180666948243,-0.044656216829845836,-10.49075213802496,27.372595632755083,8950.924786197504,72,13,59,18.055555555555557,0.8487076602398891,-5.753112600934525,-0.07990434167964618,-6.144037872537156,17.04774100910998,9385.596212746284,-7.506328641335306
30,5,3.5,1,2,0.05,12,0,0.0,3.0,72,0,191,59,132,30.89005235602094,1.0400649748759223,5.082849704528494,0.026611778557740804,2.712204486457148,38.420986642537386,10271.220448645714,67,19,48,28.35820895522388,0.8911408188912437,-4.974793977546936,-0.07425065638129755,-5.589546399596291,14.034014832181724,9441.04536004037,-7.5260924283819
30,5,3.5,1,0,0.05,12,0,0.0,1.5,6,0,364,163,201,44.78021978021978,1.018493641617232,2.1266280754323357,0.005842384822616307,0.9721056527689065,18.233334561344666,10097.21056527689,118,48,70,40.67796610169491,0.7616416590349243,-9.95230022772656,-0.08434152735361491,-9.797501239077688,11.842846304011655,9020.249876092232,-7.52695714166117
60,2,3.5,1,2,0.05,24,1,0.0,2.0,72,0,162,52,110,32.098765432098766,0.8861029251707828,-12.942337758220278,-0.07989097381617455,-13.508450740409028,28.637910525703653,8649.154925959097,57,22,35,38.59649122807018,1.2323920173126135,8.242706931989739,0.14460889354367962,7.9320446036025505,10.521882839536161,10793.204460360255,-7.529121861763466
60,2,3.5,1,2,0.15,24,1,0.0,2.0,24,1,175,41,134,23.428571428571427,0.8494991737361453,-13.866394999592288,-0.07923654285481307,-14.005116649496596,28.746702570407678,8599.48833505034,65,19,46,29.23076923076923,1.0505408397473586,1.6038293941562745,0.02467429837163499,1.1338063656216812,10.793205132765458,10113.380636562168,-7.530492618030834
60,3,2.5,1,1,0.05,12,1,0.25,2.5,24,1,151,31,120,20.52980132450331,0.8507082565548894,-12.166106766925092,-0.08057024348957015,-12.539339364481549,26.46672519097986,8746.066063551845,56,14,42,25.0,0.9001766364084987,-3.3603885822464514,-0.060006938968686634,-3.8122623746164708,16.393278852981652,9618.773762538352,-7.5393062205225725
60,3,2.5,1,1,0.05,12,1,0.25,2.5,72,1,151,28,123,18.543046357615893,0.8486341976391587,-12.341392785114826,-0.08173107804711804,-12.71736848740873,24.7330280402971,8728.263151259127,55,12,43,21.818181818181817,0.9127713272757095,-2.8489211193873527,-0.05179856580704278,-3.3227927029973348,16.39327885298166,9667.720729700266,-7.557285922777798
60,2,3.5,1,0,0.15,12,0,0.0,2.5,24,0,189,81,108,42.857142857142854,1.2758585784147112,20.13545958197437,0.10653682318504958,20.893948543743956,9.030232943307878,12089.394854374395,62,26,36,41.935483870967744,0.7904976404583044,-5.427281211417925,-0.08753679373254718,-5.5499957055175075,13.399504942611696,9445.00042944825,-7.562340916255657
30,5,2.5,1,1,0.05,12,0,0.1,2.5,72,0,185,55,130,29.72972972972973,0.8915239037241699,-14.001860785386413,-0.07568573397506169,-14.796611850198138,36.396776196890045,8520.338814980187,55,19,36,34.54545454545455,1.0734603876383946,2.5508488219565146,0.04637906949011845,1.9717568355681392,9.72524532546976,10197.175683556814,-7.566796992797717
30,5,3.5,1,2,0.05,12,0,0.1,3.0,6,0,255,113,142,44.31372549019608,1.0923665904825535,7.503952120386458,0.029427263217201797,6.63346447060662,13.17496368320706,10663.346447060661,80,34,46,42.5,0.7696429126764073,-7.016890961555924,-0.08771113701944905,-7.058092517955172,8.499236894885343,9294.190748204483,-7.582880782117269
60,2,3.5,1,2,0.05,12,1,0.25,1.5,6,1,133,48,85,36.090225563909776,0.825598536482095,-10.750985843317116,-0.08083448002494072,-10.755107167394618,25.815987519892598,8924.489283260538,50,25,25,50.0,1.3331449229569292,5.862424828348867,0.11724849656697733,5.799503264176065,4.560234479583795,10579.950326417606,-7.588027617451004
60,2,3.5,1,0,0.15,12,0,0.0,3.0,72,0,158,54,104,34.177215189873415,1.0811152376270596,7.585088414490538,0.0480068886993072,6.045509711277464,21.578516321781187,10604.550971127746,52,19,33,36.53846153846154,0.8556184257058722,-4.372370493010603,-0.08408404794251159,-4.668210528525396,14.476680068719263,9533.17894714746,-7.594849730791075
30,5,3.5,1,2,0.05,12,0,0.1,3.0,72,0,191,59,132,30.89005235602094,1.0246438609489137,3.1226647988607636,0.01634903036052756,0.7610210147350971,39.40615665822912,10076.102101473509,67,19,48,28.35820895522388,0.8907598429901631,-4.985413784808452,-0.07440916096729033,-5.59862748292651,14.037043972276111,9440.137251707349,-7.601815039724845
60,2,3.5,1,0,0.15,12,0,0.25,3.0,72,0,154,55,99,35.714285714285715,1.0863677126712206,7.535858987973025,0.048934149272552116,6.160107188513564,21.78068355425226,10616.010718851356,50,18,32,36.0,0.8518283965491469,-4.198410397253539,-0.08396820794507079,-4.478603453964858,13.403218023234054,9552.139654603514,-7.606822451391489
60,2,3.5,1,0,0.05,48,1,0.0,2.0,6,0,263,98,165,37.26235741444867,0.8745436748913079,-17.814502269196463,-0.06773575007299036,-17.785798193614866,36.52310570895525,8221.420180638514,101,37,64,36.633663366336634,0.8660021750802465,-7.697703419614721,-0.07621488534272002,-8.067578161973831,21.812634523684228,9193.242183802617,-7.618373245320396
60,2,3.5,1,0,0.05,12,0,0.1,2.0,24,1,177,72,105,40.67796610169491,1.3185017634813574,18.895163374139845,0.10675233544711776,19.745027934242888,8.41564536334975,11974.502793424288,60,24,36,40.0,0.7858128754738843,-5.25477148722758,-0.08757952478712633,-5.353323620981887,14.129382643474495,9464.667637901812,-7.623002299956004
60,2,3.5,1,3,0.05,24,1,0.1,2.5,6,1,185,55,130,29.72972972972973,0.8345289827939961,-14.586629293768285,-0.07884664483117992,-14.58613211216676,30.672861800367773,8541.386788783324,67,25,42,37.3134328358209,1.0654256694124968,2.1325351168942213,0.03182888234170479,1.6493921813789392,9.310626995209532,10164.939218137893,-7.634027455034457
60,2,3.5,1,2,0.05,12,1,0.25,1.5,6,0,132,53,79,40.15151515151515,0.8328915224550384,-10.833197916033074,-0.08206968118206874,-10.857594339953124,24.859913112456393,8914.240566004688,50,26,24,52.0,1.2738682150211598,5.362424828348881,0.10724849656697762,5.249329494280608,4.560234479583795,10524.932949428061,-7.639597296771747
60,2,3.5,1,0,0.05,48,1,0.0,3.0,72,1,252,54,198,21.428571428571427,1.1082252951192195,14.868295623325768,0.059001173108435584,12.717460267583181,19.24325023765432,11271.746026758317,92,14,78,15.217391304347826,0.8470694205362843,-7.53891131345695,-0.08194468818974945,-8.056978450287989,26.696756309574692,9194.302154971201,-7.6488754071615315
60,2,3.5,1,0,0.15,12,1,0.1,3.0,24,1,206,42,164,20.388349514563107,0.9741958965186767,-2.912723507245157,-0.014139434501190084,-4.888193648405592,24.044208449442227,9511.18063515944,71,14,57,19.718309859154928,0.8480258838929086,-5.914824969041174,-0.08330739393015738,-6.351227932842662,15.730679849244527,9364.877206715733,-7.649673520294849
60,2,3.5,1,2,0.15,24,1,0.25,1.5,6,0,177,70,107,39.548022598870055,0.8281134853814514,-14.2306844186792,-0.08039934699818757,-13.984554303917108,28.21707646308923,8601.54456960829,69,37,32,53.6231884057971,1.2748394779060574,7.584350748623964,0.10991812679165165,7.503479365895527,6.009405875230703,10750.347936589553,-7.651882792636272
60,2,3.5,1,0,0.05,48,1,0.0,1.5,24,1,259,89,170,34.36293436293436,0.9096044013281002,-12.516449880427965,-0.04832606131439369,-13.178707372510058,29.223256235704742,8682.129262748995,97,30,67,30.927835051546392,0.8475225787442064,-7.816630213358851,-0.08058381663256547,-8.049608317741663,21.349573217956245,9195.039168225834,-7.658235132043361
60,3,3.5,1,1,0.05,12,0,0.1,2.0,72,1,86,27,59,31.3953488372093,0.8345322722367842,-7.690927153978243,-0.08942938551137491,-7.932215016764255,12.198942975601117,9206.778498323574,28,11,17,39.285714285714285,1.2930059272056988,4.2114276166818705,0.15040812916720966,4.041040112442684,6.320343520097831,10404.104011244268,-7.6690810022013425
60,2,3.5,1,0,0.05,48,1,0.1,1.0,72,0,262,125,137,47.70992366412214,0.8499370630355229,-21.249528895862753,-0.08110507212161355,-20.202384199979573,28.638726298835266,7979.761580002043,98,46,52,46.93877551020408,0.8593689157248048,-7.420776363462505,-0.07572220779043372,-7.607487448322159,16.94225372349217,9239.251255167785,-7.669444679006966
60,2,3.5,1,0,0.05,48,1,0.1,1.0,72,1,262,125,137,47.70992366412214,0.8499370630355229,-21.249528895862753,-0.08110507212161355,-20.202384199979573,28.638726298835266,7979.761580002043,98,46,52,46.93877551020408,0.8593689157248048,-7.420776363462505,-0.07572220779043372,-7.607487448322159,16.94225372349217,9239.251255167785,-7.669444679006966
60,2,3.5,1,0,0.15,12,0,0.25,3.0,72,1,157,54,103,34.394904458598724,1.2851389517053184,19.46355910749785,0.12397171406049587,19.845056611491607,15.696286025892617,11984.505661149162,51,15,36,29.41176470588235,0.8297088096906444,-4.478956831173325,-0.08782268296418284,-4.723560508741609,13.549157088401333,9527.643949125839,-7.669503466732409
60,2,3.5,1,0,0.05,48,1,0.25,1.0,6,1,272,122,150,44.85294117647059,0.8197598715224367,-21.280364525050246,-0.07823663428327296,-19.98274044039896,32.58979911967831,8001.725955960103,101,50,51,49.504950495049506,1.0463936019848035,1.8785583880464203,0.01859958800045961,1.4976802319634386,10.973831391372226,10149.768023196344,-7.677034351134695
60,2,3.5,1,0,0.05,48,1,0.25,1.0,6,0,272,122,150,44.85294117647059,0.8197598715224367,-21.280364525050246,-0.07823663428327296,-19.98274044039896,32.58979911967831,8001.725955960103,101,50,51,49.504950495049506,1.0463936019848035,1.8785583880464203,0.01859958800045961,1.4976802319634386,10.973831391372226,10149.768023196344,-7.677034351134695
60,2,3.5,1,0,0.05,12,0,0.25,2.0,24,1,177,74,103,41.80790960451977,1.3713819232540436,20.631101138224512,0.11655989343629668,21.907569313580332,8.239703834355563,12190.756931358033,60,24,36,40.0,0.7797400645582276,-5.348958109224936,-0.08914930182041561,-5.438570822161126,12.376000469428979,9456.142917783887,-7.686922694673513
60,3,2.5,1,1,0.05,12,1,0.0,1.5,72,0,142,59,83,41.54929577464789,1.0028629935941213,0.24619271994670067,0.0017337515489204273,-0.8264853853944598,21.240863252312742,9917.351461460554,56,21,35,37.5,0.8663251341062481,-4.789030081212461,-0.08551839430736538,-5.067900687408078,13.694220050099574,9493.209931259193,-7.68933583087935
60,3,2.5,1,1,0.05,12,0,0.0,2.0,24,0,146,56,90,38.35616438356164,0.8390540061510435,-12.021783161551365,-0.08234098055857099,-12.10017697689767,25.530035645467176,8789.982302310233,50,20,30,40.0,1.1995619678852258,4.511678338223423,0.09023356676446846,4.249129953195796,9.055312582995507,10424.912995319579,-7.69460961901061
30,5,2.5,1,1,0.05,12,0,0.25,2.5,6,0,220,87,133,39.54545454545455,0.8456200669093398,-12.682458901758203,-0.05764754046253728,-12.734795292077017,20.780001653583327,8726.520470792299,65,22,43,33.84615384615385,0.7929191152125957,-5.510758766637115,-0.08478090410210946,-5.6447303580408175,9.736801913665467,9435.526964195918,-7.720086804798112
60,2,3.5,1,0,0.05,48,1,0.1,1.5,6,0,267,106,161,39.70037453183521,0.8454544449469776,-20.787227561431493,-0.07785478487427526,-19.917597972963797,35.2284964523571,8008.2402027036205,101,43,58,42.57425742574257,0.9479234176823189,-2.6627747970820628,-0.026364106901802603,-3.188248977525132,16.595602945348556,9681.175102247487,-7.74578210334657
30,5,3.5,1,1,0.05,12,1,0.1,3.0,72,1,143,25,118,17.482517482517483,0.8479906615058286,-12.659124105931435,-0.08852534339812192,-13.16089228332159,16.395610442857794,8683.91077166784,49,9,40,18.367346938775512,0.8619720321035527,-4.279817654816573,-0.08734321744523618,-4.713283186122186,12.847640621096499,9528.671681387781,-7.7490873428291875
60,2,3.5,1,0,0.05,12,0,0.0,1.0,24,0,183,89,94,48.63387978142077,1.0367014037001043,2.3836913581600867,0.013025635836940365,1.8089106556836043,12.855548978964334,10180.89106556836,62,27,35,43.54838709677419,0.7834568565607116,-5.558967042032816,-0.08966075874246478,-5.605541218314647,12.469405901884699,9439.445878168535,-7.756181627223762
60,2,3.5,1,0,0.05,12,0,0.0,1.0,24,1,183,89,94,48.63387978142077,1.0367014037001043,2.3836913581600867,0.013025635836940365,1.8089106556836043,12.855548978964334,10180.89106556836,62,27,35,43.54838709677419,0.7834568565607116,-5.558967042032816,-0.08966075874246478,-5.605541218314647,12.469405901884699,9439.445878168535,-7.756181627223762
60,3,2.5,1,1,0.05,12,0,0.1,1.0,72,0,146,68,78,46.57534246575342,0.8369810964545187,-12.408352921896448,-0.08498871864312635,-12.278593389284008,21.98945000659838,8772.140661071599,47,22,25,46.808510638297875,0.8558983183960941,-3.5236068511430227,-0.07497035853495793,-3.6799368002932153,9.59421310696632,9632.006319970678,-7.75715657070871
60,3,2.5,1,1,0.05,12,0,0.1,1.0,72,1,146,68,78,46.57534246575342,0.8369810964545187,-12.408352921896448,-0.08498871864312635,-12.278593389284008,21.98945000659838,8772.140661071599,47,22,25,46.808510638297875,0.8558983183960941,-3.5236068511430227,-0.07497035853495793,-3.6799368002932153,9.59421310696632,9632.006319970678,-7.75715657070871
60,3,2.5,1,1,0.05,12,1,0.1,3.0,24,1,145,26,119,17.93103448275862,0.8541216413783828,-11.93851657799765,-0.08233459708963896,-12.493081622011237,27.399228770879624,8750.691837798877,56,14,42,25.0,1.0639680947288466,2.1617013441708375,0.038601809717336386,1.4976991047429777,13.76354765052,10149.769910474297,-7.764865025676452
60,3,3.5,1,1,0.05,12,0,0.1,2.0,24,1,88,34,54,38.63636363636363,0.8683116255740964,-4.631381723120198,-0.05262933776272952,-4.888776145743012,7.5911435464534565,9511.122385425699,31,11,20,35.483870967741936,0.7849481643956191,-2.86290204123811,-0.09235167874961644,-2.962521539424201,7.80911339733426,9703.74784605758,-7.78724475973049
60,2,3.5,1,2,0.15,24,1,0.25,2.5,6,1,177,56,121,31.638418079096045,0.8167659358338015,-14.24621617106098,-0.08048709701164394,-14.071383891352852,30.02834030019889,8592.861610864715,69,32,37,46.3768115942029,1.3305832493101928,8.484946581488215,0.12297024031142341,8.397649570513588,7.07285575724755,10839.764957051359,-7.792028723303789
30,5,3.5,1,1,0.05,12,0,0.25,3.0,6,1,168,60,108,35.714285714285715,0.7574634159209148,-14.273170924438073,-0.08495935074070282,-13.848887681218947,20.117448147655388,8615.111231878105,50,15,35,30.0,0.8672730998226331,-2.277841463636658,-0.04555682927273316,-2.4523325730848033,7.140573477494806,9754.76674269152,-7.794872567815343
60,2,3.5,1,0,0.15,24,1,0.0,2.0,24,1,241,65,176,26.970954356846473,0.932241272505134,-8.9302737165501,-0.037055077662033614,-10.220123779117507,28.918646419365295,8977.987622088249,85,21,64,24.705882352941178,0.8490779220038174,-6.977641140239345,-0.08208989576752171,-7.3081094596635925,19.829057142246793,9269.18905403364,-7.800517788281102
60,2,3.5,1,0,0.05,12,1,0.1,1.0,72,1,197,96,101,48.73096446700507,0.8799528543386532,-12.551103125625554,-0.06371118337880992,-12.662666094653973,23.006350639545452,8733.733390534602,71,33,38,46.478873239436616,0.8427181267821742,-6.067423426394307,-0.0854566679773846,-6.22171035590976,14.976611153449687,9377.828964409024,-7.812944970645235
60,2,3.5,1,0,0.05,12,1,0.1,1.0,72,0,197,96,101,48.73096446700507,0.8799528543386532,-12.551103125625554,-0.06371118337880992,-12.662666094653973,23.006350639545452,8733.733390534602,71,33,38,46.478873239436616,0.8427181267821742,-6.067423426394307,-0.0854566679773846,-6.22171035590976,14.976611153449687,9377.828964409024,-7.812944970645235
60,2,3.5,1,0,0.15,24,1,0.0,1.0,72,0,244,117,127,47.950819672131146,0.8489901929291678,-19.970058122519468,-0.08184450050212896,-19.106816229642163,29.86667702171852,8089.318377035784,87,41,46,47.12643678160919,0.8612047626012034,-6.50981449669882,-0.07482545398504391,-6.712392380952281,15.060440055756597,9328.760761904772,-7.830736604209852
60,2,3.5,1,0,0.15,24,1,0.0,1.0,72,1,244,117,127,47.950819672131146,0.8489901929291678,-19.970058122519468,-0.08184450050212896,-19.106816229642163,29.86667702171852,8089.318377035784,87,41,46,47.12643678160919,0.8612047626012034,-6.50981449669882,-0.07482545398504391,-6.712392380952281,15.060440055756597,9328.760761904772,-7.830736604209852
60,3,2.5,1,1,0.05,12,0,0.0,1.0,72,0,147,68,79,46.25850340136054,0.8368909252862887,-12.596389812696696,-0.08568972661698433,-12.454343371089749,22.09318454289136,8754.565662891026,47,22,25,46.808510638297875,0.8549194916826078,-3.5502588598401887,-0.07553742254979125,-3.705639870565769,9.618275981578165,9629.436012943423,-7.833661782608549
60,3,2.5,1,1,0.05,12,0,0.0,1.0,72,1,147,68,79,46.25850340136054,0.8368909252862887,-12.596389812696696,-0.08568972661698433,-12.454343371089749,22.09318454289136,8754.565662891026,47,22,25,46.808510638297875,0.8549194916826078,-3.5502588598401887,-0.07553742254979125,-3.705639870565769,9.618275981578165,9629.436012943423,-7.833661782608549
60,2,3.5,1,0,0.15,24,1,0.1,3.0,6,1,246,68,178,27.642276422764226,0.832559924688428,-19.98620784246014,-0.08124474732707374,-19.482494416688155,30.80775260888843,8051.750558331184,89,27,62,30.337078651685392,0.8879242764567428,-5.12945755922606,-0.05763435459804561,-5.6702793300321686,16.73679368159559,9432.972066996783,-7.857839072830798
60,3,2.5,1,1,0.05,12,0,0.25,1.5,24,0,146,59,87,40.41095890410959,0.8214526498040899,-12.437891695595962,-0.08519103901093124,-12.31606838639382,23.396836803056047,8768.393161360618,50,21,29,42.0,1.0327506319201687,0.6962880126138161,0.013925760252276322,0.4485946836039423,9.21190076112758,10044.859468360395,-7.886826246395874
30,5,3.5,1,0,0.05,12,0,0.1,1.5,6,1,364,161,203,44.23076923076923,1.014802766843725,1.6184103924329718,0.004446182396793879,0.5358161333859801,18.722909793093717,10053.581613338598,119,45,74,37.81512605042017,0.7365560644928372,-10.383180677264825,-0.0872536191366792,-10.156360919698438,12.068605224963843,8984.363908030156,-7.896875197989663
60,2,3.5,1,0,0.05,48,1,0.1,1.5,72,0,259,99,160,38.22393822393823,0.8736180922503115,-20.72276618207718,-0.08001068023968023,-20.239884970776355,35.01054047395257,7976.011502922364,94,36,58,38.297872340425535,0.9093850951939277,-5.329157914682071,-0.05669316930512842,-5.844979011607753,23.735304746322928,9415.502098839224,-7.899076578744501
60,3,3.5,1,1,0.05,12,0,0.1,3.0,72,1,86,24,62,27.906976744186046,0.8304740411741227,-7.88803893572669,-0.09172138297356616,-8.220393522233483,12.622123286856096,9177.960647776652,27,10,17,37.03703703703704,1.384182678789727,5.522084154852104,0.20452163536489273,5.3363069682547115,8.00985198377437,10533.63069682547,-7.935297161202217
30,5,3.5,1,1,0.05,12,0,0.25,3.0,6,0,168,64,104,38.095238095238095,0.7575210124228592,-14.522145440546755,-0.0864413419080164,-14.069355141889206,20.48793340382426,8593.064485811079,50,16,34,32.0,0.8631728760551585,-2.4826927446125007,-0.049653854892250014,-2.6600227281602162,8.069392093936797,9733.997727183978,-7.965185606912945
60,2,3.5,1,0,0.05,48,1,0.0,1.5,72,1,259,90,169,34.74903474903475,0.924436629847507,-10.611091354852395,-0.04096946469054979,-11.55799189593485,28.137809703864974,8844.200810406515,96,29,67,30.208333333333332,0.8415839140153083,-8.106740985766864,-0.08444521860173816,-8.318067364282356,21.916052551398586,9168.193263571764,-7.99215151652476
60,3,2.5,1,1,0.05,12,0,0.25,2.5,72,1,137,38,99,27.73722627737226,0.8447443970773613,-11.847177830783039,-0.08647575058965722,-12.126842415637096,23.59486603947066,8787.31575843629,44,14,30,31.818181818181817,1.311635551940029,6.996923373835461,0.15902098576898774,6.7550502113503885,10.07135568590253,10675.505021135039,-7.993111978202207
60,3,3.5,1,1,0.05,12,0,0.25,2.0,72,1,84,27,57,32.142857142857146,0.8328507546801611,-7.7419659527074325,-0.09216626134175515,-7.9768956411691345,13.002851500179608,9202.310435883086,28,11,17,39.285714285714285,1.2920610277031899,4.192990668340384,0.14974966672644227,4.0220681682235915,6.322593605041411,10402.20681682236,-7.994366131827321
60,2,3.5,1,0,0.15,12,1,0.1,2.0,72,1,208,52,156,25.0,0.8703017494017892,-14.975511244477337,-0.07199765021383335,-15.251468390724954,30.003176643984773,8474.853160927505,73,17,56,23.28767123287671,0.8473744100332994,-6.0732593195864055,-0.08319533314501926,-6.392375515477566,15.884785860438388,9360.762448452244,-7.9945685837539955
60,2,3.5,1,0,0.05,12,0,0.25,1.5,24,1,178,78,100,43.82022471910113,1.303279632923017,16.828141662008946,0.09454012169667947,17.51121889370124,9.137243566745404,11751.121889370124,60,25,35,41.666666666666664,0.773208165952936,-5.506198769041038,-0.0917699794840173,-5.567694217273001,13.138084172438754,9443.2305782727,-8.007779280424852
60,3,3.5,1,1,0.05,12,0,0.0,2.0,24,1,88,34,54,38.63636363636363,0.8834259186770493,-4.106383161557861,-0.04666344501770297,-4.396238229822269,7.743906025590802,9560.376177017773,31,11,20,35.483870967741936,0.7821703868931434,-2.9295307259405434,-0.09450099115937237,-3.028349727013413,7.861136571644492,9697.165027298659,-8.010852946169646
60,2,3.5,1,0,0.15,12,1,0.0,1.0,72,1,209,100,109,47.84688995215311,0.8435845313597021,-17.751060777972988,-0.0849333051577655,-17.144032749317084,27.526905772439324,8285.596725068292,74,36,38,48.648648648648646,0.9149725644917575,-3.295517612430898,-0.04453402178960673,-3.6016504152454942,13.417057467726348,9639.83495847545,-8.026026988049875
60,2,3.5,1,0,0.15,12,1,0.0,1.0,72,0,209,100,109,47.84688995215311,0.8435845313597021,-17.751060777972988,-0.0849333051577655,-17.144032749317084,27.526905772439324,8285.596725068292,74,36,38,48.648648648648646,0.9149725644917575,-3.295517612430898,-0.04453402178960673,-3.6016504152454942,13.417057467726348,9639.83495847545,-8.026026988049875
60,3,2.5,1,1,0.05,12,1,0.1,2.0,24,0,146,49,97,33.56164383561644,0.8957759415425162,-10.531089210986302,-0.07213074802045412,-11.241171351075263,25.163282111816127,8875.882864892474,56,18,38,32.142857142857146,0.8714266638338427,-4.8516825015786145,-0.08663718752818954,-5.218311343195414,14.801710217207148,9478.168865680458,-8.02635722507678
30,5,3.5,1,0,0.05,12,0,0.0,2.0,6,1,362,152,210,41.988950276243095,0.9813405592130937,-2.103542630086762,-0.005810891243333597,-3.2572648812886795,21.933047628656624,9674.273511871132,119,43,76,36.134453781512605,0.7465637353512817,-10.334944909297072,-0.08684827654871488,-10.162013366491374,12.158082333400008,8983.798663350863,-8.028933867610117
60,2,3.5,1,2,0.15,24,1,0.1,2.5,72,0,172,47,125,27.325581395348838,0.890357516048335,-14.039941547008217,-0.0816275671337687,-14.861854653243245,34.6001977284885,8513.814534675676,63,20,43,31.746031746031747,1.1419102255024307,6.176917309652877,0.09804630650242661,5.493081779805142,13.711131569460752,10549.308177980514,-8.042165236653544
60,2,3.5,1,3,0.05,24,1,0.1,2.0,24,1,183,45,138,24.59016393442623,0.850188788428628,-14.977532940860394,-0.08184444229978358,-15.044110916285792,32.88522259410539,8495.588908371421,62,21,41,33.87096774193548,1.2350555042988154,7.200856677523342,0.11614284963747326,6.9149042215078005,8.82085604482284,10691.49042215078,-8.042866536128273
60,2,3.5,1,0,0.05,12,0,0.25,3.0,24,1,172,69,103,40.116279069767444,1.341501821450089,18.76335864586689,0.10908929445271448,19.580990208046888,8.110157182813586,11958.09902080469,60,23,37,38.333333333333336,0.7706687861459626,-5.569946404266657,-0.09283244007111095,-5.681749319942009,11.921569361440369,9431.825068005799,-8.046113210088262
60,2,3.5,1,3,0.05,24,1,0.0,2.5,6,1,182,53,129,29.12087912087912,0.8329416433227119,-15.13793694676282,-0.08317547772946605,-15.103509735598998,30.377199388185804,8489.6490264401,67,25,42,37.3134328358209,1.1999950919067746,6.375169189421624,0.0951517789465914,5.999296843515922,8.396186441507727,10599.929684351593,-8.052345679074719
60,2,3.5,1,0,0.15,12,1,0.0,1.0,24,1,209,98,111,46.889952153110045,0.8408757368813394,-17.784610356972834,-0.08509382945920016,-17.15210262099656,27.726474151073155,8284.789737900344,74,35,39,47.2972972972973,0.8871180394055211,-4.385975690816875,-0.05926994176779561,-4.642485894426896,14.351913706113322,9535.75141055731,-8.059471109868097
60,2,3.5,1,0,0.15,12,1,0.0,1.0,24,0,209,98,111,46.889952153110045,0.8408757368813394,-17.784610356972834,-0.08509382945920016,-17.15210262099656,27.726474151073155,8284.789737900344,74,35,39,47.2972972972973,0.8871180394055211,-4.385975690816875,-0.05926994176779561,-4.642485894426896,14.351913706113322,9535.75141055731,-8.059471109868097
60,3,2.5,1,1,0.05,12,0,0.25,2.5,24,1,147,49,98,33.333333333333336,0.8138288229629885,-12.619036688647281,-0.08584378699760055,-12.568971273089646,24.918869188574444,8743.102872691035,48,17,31,35.416666666666664,1.192040670874802,3.691348379213531,0.07690309123361523,3.419308589663461,8.28550178685103,10341.930858966345,-8.062671175337483
30,5,3.5,1,2,0.15,12,0,0.25,3.0,6,0,271,122,149,45.018450184501845,1.111663875455716,9.102779815088196,0.03358959341360958,8.36398586467768,12.014410125574065,10836.398586467769,89,36,53,40.449438202247194,0.73462837142313,-8.264721920642593,-0.09286204405216397,-8.193339163699953,8.831135332517217,9180.666083630005,-8.087831302871555
60,2,3.5,1,3,0.05,24,1,0.1,1.5,6,0,185,74,111,40.0,0.837209051405649,-15.354624698942109,-0.08299797134563303,-15.086615712852126,31.56684014168742,8491.338428714787,67,28,39,41.791044776119406,0.8940357410857983,-3.764497891573877,-0.05618653569513249,-4.069325634939947,12.006467349745105,9593.067436506006,-8.097438669735638
60,3,3.5,1,1,0.05,12,0,0.0,3.0,72,1,86,23,63,26.74418604651163,0.8278078737256978,-8.02590607662878,-0.09332448926312535,-8.350046405752343,12.630599041615168,9164.995359424765,27,10,17,37.03703703703704,1.3924117084629941,5.645178665844575,0.20908069132757684,5.464272235939438,8.089936319702494,10546.427223593944,-8.10144867034053
60,3,2.5,1,1,0.05,12,0,0.1,2.0,72,0,137,47,90,34.306569343065696,0.8646015204416342,-11.760642579408373,-0.08584410641903922,-12.090548184175754,27.35954764018454,8790.945181582425,44,18,26,40.90909090909091,1.277637432841509,7.066018371097844,0.1605913266158601,6.847322351191898,8.524522407523333,10684.732235119189,-8.116114210454693
60,3,2.5,1,1,0.05,12,0,0.1,2.0,24,1,150,49,101,32.666666666666664,0.8056590923559315,-13.071331207387013,-0.08714220804924676,-12.908052237736134,23.51200744549882,8709.194776226386,50,19,31,38.0,1.1566595975411849,3.356963735891335,0.0671392747178267,3.083814377858163,8.335350504524559,10308.381437785816,-8.12044050367031
60,2,3.5,1,0,0.05,24,1,0.25,1.5,72,1,235,84,151,35.744680851063826,0.9669115431682126,-4.181704374380665,-0.01779448669949219,-5.5643837903555315,28.948667941361993,9443.561620964447,82,26,56,31.70731707317073,0.8467492419788705,-6.998538005754018,-0.08534802446041485,-7.239864395158291,20.325306021660126,9276.01356048417,-8.136339977785804
60,3,2.5,1,1,0.05,12,0,0.1,2.5,72,1,141,36,105,25.53191489361702,0.8337359886317073,-12.401245460728209,-0.08795209546615751,-12.59167366040781,23.34689151223251,8740.832633959219,44,14,30,31.818181818181817,1.313342162303632,7.043157676543068,0.1600717653759788,6.803649975185055,10.220980576743308,10680.364997518505,-8.147884811109256
60,2,3.5,1,3,0.05,24,1,0.1,2.0,6,1,185,59,126,31.89189189189189,0.8244135129009054,-15.44830442582762,-0.08350434824771687,-15.214430213436714,31.285146352619314,8478.556978656328,67,25,42,37.3134328358209,0.9823535616483369,-0.5751817262391312,-0.008584801884166137,-0.9950456136021635,11.501445564473336,9900.495438639784,-8.156765809609423
60,2,3.5,1,0,0.15,12,1,0.1,3.0,72,1,206,38,168,18.446601941747574,0.9569973562807922,-4.9404728991101905,-0.02398287815102034,-6.8841363234842134,27.2870651418472,9311.586367651578,70,11,59,15.714285714285714,0.8443670191370137,-6.044240874114331,-0.08634629820163331,-6.500068721683638,16.711988386772397,9349.993127831636,-8.156851702696004
30,5,3.5,1,0,0.05,12,0,0.1,1.5,6,0,364,164,200,45.05494505494506,0.9929829482354754,-0.7908977631105673,-0.0021727960525015585,-1.8769372988945765,19.6554469403127,9812.306270110543,118,48,70,40.67796610169491,0.7442223642513937,-10.600191791666731,-0.08983213382768417,-10.370731626703478,12.278413236513959,8962.926837329653,-8.19618312137324
60,3,3.5,1,1,0.05,12,0,0.0,3.0,72,0,84,27,57,32.142857142857146,0.8560204093339614,-7.691928284973727,-0.0915705748211158,-8.158732165106198,18.056843867154885,9184.12678348938,26,10,16,38.46153846153846,1.3920435930548873,5.641374434717579,0.21697593979682997,5.460252827069145,8.093439156420471,10546.025282706914,-8.198843608872519
60,2,3.5,1,0,0.15,12,1,0.0,1.5,72,1,207,70,137,33.81642512077295,0.8846418569370459,-13.204526626929908,-0.0637899837049754,-13.529045673295858,30.038686230177326,8647.095432670414,74,22,52,29.72972972972973,0.8384379430520845,-6.295517612430884,-0.08507456233014708,-6.5130300850322564,19.061924488788854,9348.696991496774,-8.201152709367548
60,2,3.5,1,0,0.05,12,1,0.1,1.0,6,0,200,89,111,44.5,0.8150955949081419,-17.47124745386832,-0.0873562372693416,-16.72137768032268,26.060872074258945,8327.862231967732,73,36,37,49.31506849315068,0.930847326270477,-2.3553173498600897,-0.03226462123096013,-2.6390215984334997,10.40266175346327,9736.09784015665,-8.238678352252997
60,2,3.5,1,0,0.05,12,1,0.1,1.0,6,1,200,89,111,44.5,0.8150955949081419,-17.47124745386832,-0.0873562372693416,-16.72137768032268,26.060872074258945,8327.862231967732,73,36,37,49.31506849315068,0.930847326270477,-2.3553173498600897,-0.03226462123096013,-2.6390215984334997,10.40266175346327,9736.09784015665,-8.238678352252997
60,2,3.5,1,0,0.15,12,1,0.25,1.5,6,1,215,79,136,36.74418604651163,0.8845501819501419,-11.239509341947585,-0.05227678763696551,-11.55593074421919,28.00633063060757,8844.406925578081,76,28,48,36.8421052631579,0.8109345224386783,-6.552975498538274,-0.08622336182287202,-6.669189913709872,15.243927633283786,9333.081008629013,-8.246466433060931
30,5,3.5,1,2,0.05,12,0,0.25,1.0,6,0,257,117,140,45.525291828793776,0.8941808680037748,-8.100967413915733,-0.03152127398410791,-8.33117888598165,17.52105091693901,9166.882111401836,80,36,44,45.0,0.7268088254624866,-7.277877377314123,-0.09097346721642655,-7.196919069092978,8.539500261413027,9280.308093090702,-8.25554721026678
30,5,3.5,1,2,0.05,12,0,0.25,1.0,6,1,257,117,140,45.525291828793776,0.8941808680037748,-8.100967413915733,-0.03152127398410791,-8.33117888598165,17.52105091693901,9166.882111401836,80,36,44,45.0,0.7268088254624866,-7.277877377314123,-0.09097346721642655,-7.196919069092978,8.539500261413027,9280.308093090702,-8.25554721026678
60,2,3.5,1,0,0.05,12,1,0.0,2.0,6,0,196,70,126,35.714285714285715,0.8515001090338635,-16.47671177262529,-0.08406485598278209,-16.35316649594537,33.12355937761664,8364.683350405463,73,30,43,41.0958904109589,0.9828287308209653,-0.693806291641976,-0.00950419577591748,-1.230140345947095,17.03279181034393,9876.98596540529,-8.260492433547064
60,2,3.5,1,0,0.05,48,1,0.0,2.0,6,1,264,87,177,32.95454545454545,0.9135201370420454,-10.979404725807004,-0.041588654264420474,-11.852418157175105,31.412997625862165,8814.75818428249,101,31,70,30.693069306930692,0.8254206607433916,-8.581641582986993,-0.08496674834640587,-8.764955060738322,20.984699149502813,9123.504493926168,-8.268116089377106
60,2,3.5,1,0,0.05,24,0,0.25,1.0,24,0,212,110,102,51.886792452830186,1.2708922957236668,17.810389675301572,0.0840112720533093,18.712541919256044,10.594055659796926,11871.254191925604,72,32,40,44.44444444444444,0.7652429260796293,-6.778129447663683,-0.0941406867731067,-6.767316511077093,13.584765225441519,9323.26834889229,-8.269622794563062
60,2,3.5,1,0,0.05,24,0,0.25,1.0,24,1,212,110,102,51.886792452830186,1.2708922957236668,17.810389675301572,0.0840112720533093,18.712541919256044,10.594055659796926,11871.254191925604,72,32,40,44.44444444444444,0.7652429260796293,-6.778129447663683,-0.0941406867731067,-6.767316511077093,13.584765225441519,9323.26834889229,-8.269622794563062
60,3,3.5,1,1,0.05,12,0,0.25,3.0,24,1,87,34,53,39.08045977011494,0.9356437872626007,-2.2220710662212935,-0.025541046738175786,-2.648265602555644,8.048497152386105,9735.173439744436,30,10,20,33.333333333333336,0.7609144162221074,-2.89826876400849,-0.096608958800283,-3.0049047569038922,7.516091393809956,9699.509524309611,-8.278578156278739
60,2,3.5,1,2,0.05,12,1,0.25,2.5,72,0,127,34,93,26.771653543307085,0.887465149996911,-10.688911644337425,-0.08416465861683012,-11.491653913487188,33.81857815558337,8850.834608651281,46,16,30,34.78260869565217,1.3127495906479185,9.485918552492151,0.2062156207063511,9.2470761839623,8.174170728858037,10924.707618396229,-8.285635490853187
60,2,3.5,1,0,0.15,12,1,0.1,2.0,6,1,212,66,146,31.132075471698112,0.8262217983969499,-18.10468506191873,-0.08539945783923929,-17.59095474889011,30.96581535019275,8240.90452511099,76,26,50,34.21052631578947,0.8502615130750462,-5.58404388366605,-0.07347426162718487,-5.85455168169765,14.555709347322288,9414.544831830235,-8.311070565956225
60,2,3.5,1,2,0.15,24,1,0.1,2.0,24,1,176,41,135,23.295454545454547,0.836914660782101,-15.263910377323027,-0.0867267635075172,-15.205294251707057,29.025207473035046,8479.470574829294,65,19,46,29.23076923076923,1.0190796288260178,0.622955912040804,0.009583937108320062,0.1421594758793887,10.685959800217308,10014.215947587938,-8.32139400336698
30,5,2.5,1,1,0.05,12,0,0.0,2.0,72,0,189,62,127,32.804232804232804,0.8713960972740477,-16.274116643606934,-0.08610643726776156,-16.450774532238988,31.007510522510863,8354.9225467761,55,19,36,34.54545454545455,0.9314421836861831,-2.3831988476898536,-0.04333088813981552,-2.8231917687933095,10.639284081718229,9717.680823120669,-8.325766994505196
30,5,3.5,1,2,0.05,12,0,0.1,2.5,6,0,255,113,142,44.31372549019608,1.0693345279221627,5.632804838842436,0.02208943074055857,4.730264882413326,14.616152036067648,10473.026488241332,80,34,46,42.5,0.753228443035531,-7.516890961555931,-0.09396113701944914,-7.50930947256413,8.94345734173448,9249.069052743587,-8.327181022570668
60,2,3.5,1,0,0.05,24,1,0.0,1.5,6,0,235,94,141,40.0,0.8713737407682497,-15.601360674222478,-0.06638876882647864,-15.567237678332791,33.32382503896479,8443.276232166721,88,36,52,40.90909090909091,0.8450146406765819,-7.466935345574433,-0.08485153801789129,-7.670003725853891,20.078360967429447,9232.99962741461,-8.34569038580064
60,3,2.5,1,1,0.05,12,1,0.1,3.0,24,0,141,38,103,26.95035460992908,0.8840001530648383,-12.429650076604357,-0.0881535466425841,-13.324860981549447,28.546986034042117,8667.513901845055,56,15,41,26.785714285714285,0.9541668529137045,-1.8701544353546184,-0.033395614917046755,-2.591220477299361,17.16223218089872,9740.877952270064,-8.355868393387803
60,2,3.5,1,0,0.05,12,1,0.1,2.5,6,0,197,70,127,35.53299492385787,0.8435216222318171,-17.051818639250918,-0.08655745502157826,-16.878518026044564,30.666943963560854,8312.148197395543,72,29,43,40.27777777777778,1.0553098530683624,2.222634342846517,0.03086992142842385,1.593544955455628,13.841680703529763,10159.354495545564,-8.379672951393005
60,3,2.5,1,1,0.05,12,1,0.25,2.0,6,1,153,50,103,32.6797385620915,0.8623363410998611,-10.187169420222478,-0.06658280666812078,-10.487980013427112,25.640029680623975,8951.201998657289,58,19,39,32.758620689655174,0.8184213237044139,-5.162239297467188,-0.0890041258183998,-5.347856364208836,13.603186843125417,9465.214363579116,-8.39421797087802
30,5,3.5,1,0,0.05,12,0,0.1,2.0,72,0,252,90,162,35.714285714285715,0.9685040474575263,-4.963199979544212,-0.019695238014064333,-6.936351769140003,37.64622314364636,9306.364823086,89,30,59,33.70786516853933,0.8661573136768176,-7.416679079474795,-0.08333347280308759,-7.817514860312458,12.615833881466044,9218.248513968754,-8.409825074540878
60,3,2.5,1,1,0.05,12,0,0.1,1.5,24,1,150,53,97,35.333333333333336,0.796753662638077,-13.648963334145725,-0.09099308889430482,-13.344864325320927,21.702354580888546,8665.513567467908,51,19,32,37.254901960784316,0.9085086289395576,-2.05253954389993,-0.04024587340980255,-2.270716619181512,9.40562672408216,9772.928338081849,-8.412818467149497
60,2,3.5,1,0,0.05,48,1,0.0,1.0,6,0,265,120,145,45.283018867924525,0.8165756956580794,-23.08037673085782,-0.08709576124852009,-21.48363634710526,30.08116645133495,7851.636365289474,101,46,55,45.54455445544554,0.841102980656668,-7.758646451457294,-0.07681828169759697,-7.868849833268632,17.497212124362456,9213.115016673137,-8.41879743928752
60,2,3.5,1,0,0.05,48,1,0.0,1.0,6,1,265,120,145,45.283018867924525,0.8165756956580794,-23.08037673085782,-0.08709576124852009,-21.48363634710526,30.08116645133495,7851.636365289474,101,46,55,45.54455445544554,0.841102980656668,-7.758646451457294,-0.07681828169759697,-7.868849833268632,17.497212124362456,9213.115016673137,-8.41879743928752
30,5,3.5,1,0,0.05,12,0,0.25,1.5,6,1,364,163,201,44.78021978021978,1.0237099693266438,2.4953088739651497,0.006855244159244917,1.4772583539303996,17.760975315468144,10147.72583539304,119,45,74,37.81512605042017,0.7071836093189382,-11.005106960872293,-0.09247989042749827,-10.68336256887158,12.472834369085831,8931.663743112842,-8.420531168761835
60,2,3.5,1,0,0.15,24,1,0.0,1.0,24,1,244,114,130,46.721311475409834,0.840880333178367,-20.73343561342017,-0.08497309677631217,-19.69624270574902,30.612474424590786,8030.375729425098,87,40,47,45.97701149425287,0.8382870364684752,-7.600272575084797,-0.08735945488603215,-7.719640453104148,15.977552308786441,9228.035954689585,-8.448386199693893
60,2,3.5,1,0,0.15,24,1,0.0,1.0,24,0,244,114,130,46.721311475409834,0.840880333178367,-20.73343561342017,-0.08497309677631217,-19.69624270574902,30.612474424590786,8030.375729425098,87,40,47,45.97701149425287,0.8382870364684752,-7.600272575084797,-0.08735945488603215,-7.719640453104148,15.977552308786441,9228.035954689585,-8.448386199693893
60,2,3.5,1,0,0.05,12,0,0.0,1.0,72,0,168,90,78,53.57142857142857,1.1453693070712816,10.404500653325433,0.06193155150788948,10.134837448766088,12.772534923068504,11013.483744876608,58,26,32,44.827586206896555,0.8176404759057196,-5.555314880810183,-0.09578129104845143,-5.660752325692398,15.223794897159157,9433.92476743076,-8.448522102472682
60,2,3.5,1,0,0.05,12,0,0.0,1.0,72,1,168,90,78,53.57142857142857,1.1453693070712816,10.404500653325433,0.06193155150788948,10.134837448766088,12.772534923068504,11013.483744876608,58,26,32,44.827586206896555,0.8176404759057196,-5.555314880810183,-0.09578129104845143,-5.660752325692398,15.223794897159157,9433.92476743076,-8.448522102472682
60,2,3.5,1,0,0.05,12,0,0.25,1.0,72,1,165,89,76,53.93939393939394,1.16843743170282,11.501344866821293,0.06970512040497753,11.383828986891743,11.65685161381539,11138.382898689175,55,24,31,43.63636363636363,0.8134117400827117,-5.248973011550556,-0.09543587293728284,-5.349442176262187,15.596012714454133,9465.055782373782,-8.449989407356593
60,2,3.5,1,0,0.05,12,0,0.25,1.0,72,0,165,89,76,53.93939393939394,1.16843743170282,11.501344866821293,0.06970512040497753,11.383828986891743,11.65685161381539,11138.382898689175,55,24,31,43.63636363636363,0.8134117400827117,-5.248973011550556,-0.09543587293728284,-5.349442176262187,15.596012714454133,9465.055782373782,-8.449989407356593
60,2,3.5,1,0,0.15,24,1,0.25,1.0,6,0,254,110,144,43.30708661417323,0.8068311340234167,-21.8311086894228,-0.08594924680875117,-20.38702769076447,32.1455877853062,7961.297230923553,90,42,48,46.666666666666664,0.89745767941848,-4.177663909882658,-0.04641848788758509,-4.444682136563916,14.134940776261843,9555.531786343608,-8.458911729294972
60,2,3.5,1,0,0.15,24,1,0.25,1.0,6,1,254,110,144,43.30708661417323,0.8068311340234167,-21.8311086894228,-0.08594924680875117,-20.38702769076447,32.1455877853062,7961.297230923553,90,42,48,46.666666666666664,0.89745767941848,-4.177663909882658,-0.04641848788758509,-4.444682136563916,14.134940776261843,9555.531786343608,-8.458911729294972
30,5,2.5,1,1,0.05,12,0,0.0,1.5,6,0,221,86,135,38.914027149321264,0.7769226582375159,-19.98885654117673,-0.09044731466595805,-18.79793614098828,23.582522430739434,8120.206385901171,65,24,41,36.92307692307692,0.8406377693286331,-4.098581818682067,-0.06305510490280103,-4.261621817343708,8.908483886870135,9573.837818265629,-8.486872021762498
60,2,3.5,1,0,0.05,24,1,0.1,1.5,6,1,238,89,149,37.39495798319328,0.9107865713730416,-9.953018546080703,-0.04181940565580127,-10.5878879983335,27.829589279604487,8941.21120016665,88,33,55,37.5,0.8205107581306452,-7.842128997631194,-0.08911510224580903,-7.959999486655067,18.29501159340603,9204.000051334493,-8.491400428122667
60,3,3.5,1,1,0.05,12,0,0.1,3.0,72,0,84,27,57,32.142857142857146,0.8511675046755874,-7.935897633173929,-0.09447497182349915,-8.378302996818999,17.968020326033386,9162.1697003181,26,10,16,38.46153846153846,1.3838403092848766,5.518528051796052,0.21225107891523276,5.332553558270803,8.013129834972311,10533.255355827081,-8.49365970596031
60,3,2.5,1,1,0.05,12,1,0.25,1.5,24,0,153,63,90,41.1764705882353,0.9757127511382351,-2.2714295214359597,-0.014845944584548756,-3.362856244856194,21.157003405325508,9663.71437551438,56,21,35,37.5,0.8488809706038172,-5.223137573642785,-0.09327031381504973,-5.457027811325821,14.643673448516074,9454.297218867418,-8.494384517833414
60,2,3.5,1,0,0.15,12,1,0.0,2.0,6,1,210,64,146,30.476190476190474,0.828165383661709,-18.468673082764468,-0.08794606229887841,-17.949769855210164,29.941594424287832,8205.023014478984,76,25,51,32.89473684210526,0.8618339730591508,-5.051972845945017,-0.06647332692032917,-5.350323630393927,15.088771985205371,9464.967636960608,-8.500390585836326
60,2,3.5,1,0,0.15,12,0,0.0,1.0,24,1,197,96,101,48.73096446700507,1.0642199536310764,4.370041276000015,0.022182950639593985,3.8187104246883985,11.362375592188172,10381.87104246884,64,28,36,43.75,0.762097717174929,-6.161867984307449,-0.09627918725480389,-6.171028243793176,14.017873668099663,9382.897175620683,-8.527356984226945
60,2,3.5,1,0,0.15,12,0,0.0,1.0,24,0,197,96,101,48.73096446700507,1.0642199536310764,4.370041276000015,0.022182950639593985,3.8187104246883985,11.362375592188172,10381.87104246884,64,28,36,43.75,0.762097717174929,-6.161867984307449,-0.09627918725480389,-6.171028243793176,14.017873668099663,9382.897175620683,-8.527356984226945
60,2,3.5,1,3,0.05,24,1,0.1,2.0,72,1,182,44,138,24.175824175824175,0.8440432182071849,-15.661901106161453,-0.08605440168220578,-15.636585614127984,33.75536482704787,8436.341438587202,62,19,43,30.64516129032258,1.2327954844963995,7.135195533264155,0.11508379892361541,6.832103001523859,8.792415462251585,10683.210300152386,-8.52836214878993
60,2,3.5,1,3,0.05,24,1,0.0,2.0,24,0,177,57,120,32.20338983050848,0.869930730161675,-15.74154726382492,-0.08893529527584701,-15.939259242045123,29.84287357135742,8406.074075795488,61,22,39,36.0655737704918,1.105104628959309,3.793632963733639,0.06219070432350227,3.2849093360439285,11.93234349976036,10328.490933604393,-8.531527043038286
60,3,2.5,1,1,0.05,12,0,0.25,3.0,72,0,134,41,93,30.597014925373134,0.8679553296064667,-11.851127884546258,-0.0884412528697482,-12.443098112616813,29.99085459425354,8755.69018873832,42,14,28,33.333333333333336,1.197544933379807,5.224569503787874,0.12439451199494939,4.777410463805265,12.8041306916612,10477.741046380526,-8.531545891847744
30,5,3.5,1,0,0.05,12,0,0.0,2.5,24,0,295,104,191,35.25423728813559,1.0242009449312492,3.894727375323707,0.013202465679063413,1.3730372737586816,34.71059536960528,10137.30372737587,102,34,68,33.333333333333336,0.8493918358909488,-8.786489645706833,-0.086142055350067,-9.130893060314516,13.543104986901724,9086.910693968548,-8.534584686578157
30,5,3.5,1,2,0.05,12,0,0.1,1.0,6,1,257,117,140,45.525291828793776,0.8718408334902016,-10.233993795957586,-0.03982098753290889,-10.289913348644209,19.789706250498206,8971.00866513558,80,36,44,45.0,0.7389621224428294,-7.419773023619264,-0.0927471627952408,-7.349993176436342,9.364755812349717,9265.000682356365,-8.54472949420107
30,5,3.5,1,2,0.05,12,0,0.1,1.0,6,0,257,117,140,45.525291828793776,0.8718408334902016,-10.233993795957586,-0.03982098753290889,-10.289913348644209,19.789706250498206,8971.00866513558,80,36,44,45.0,0.7389621224428294,-7.419773023619264,-0.0927471627952408,-7.349993176436342,9.364755812349717,9265.000682356365,-8.54472949420107
30,5,2.5,1,1,0.05,12,0,0.1,2.5,6,0,221,85,136,38.46153846153846,0.7784166067566961,-19.9176906233465,-0.09012529693821945,-18.868876570485615,25.179847163472207,8113.112342951438,65,22,43,33.84615384615385,0.7981192117688017,-5.565550933027735,-0.085623860508119,-5.712984848687852,10.373790384690142,9428.701515131215,-8.547521835914242
30,5,3.5,1,2,0.05,12,0,0.1,3.0,6,1,255,108,147,42.35294117647059,1.00895285689743,0.7171592997815986,0.00281238941090823,-0.26210337920546944,15.666385453697442,9973.789662079453,80,32,48,40.0,0.7329003366878206,-7.611912187767874,-0.09514890234709843,-7.5766597697444205,9.323610904907992,9242.334023025558,-8.549627773088805
60,2,3.5,1,2,0.05,12,1,0.25,1.0,6,1,133,59,74,44.3609022556391,0.8004093416304309,-12.239066744069572,-0.092023058226087,-11.979420966414311,22.36867134639564,8802.05790335857,50,28,22,56.0,1.3577927126486165,6.275365529422531,0.1255073105884506,6.27198719100337,5.5771670360371886,10627.198719100337,-8.550424856859145
60,2,3.5,1,2,0.05,12,1,0.25,1.0,6,0,133,59,74,44.3609022556391,0.8004093416304309,-12.239066744069572,-0.092023058226087,-11.979420966414311,22.36867134639564,8802.05790335857,50,28,22,56.0,1.3577927126486165,6.275365529422531,0.1255073105884506,6.27198719100337,5.5771670360371886,10627.198719100337,-8.550424856859145
60,3,3.5,1,1,0.05,12,0,0.25,3.0,72,1,84,24,60,28.571428571428573,0.8237520293126015,-8.171708920600402,-0.09728224905476669,-8.475107021606787,13.4394280212215,9152.489297839322,27,10,17,37.03703703703704,1.3726141921995338,5.34955197626137,0.19813155467634705,5.157142395640868,7.906578115230153,10515.714239564088,-8.553866077107235
60,2,3.5,1,0,0.05,12,0,0.0,3.0,72,1,151,47,104,31.125827814569536,1.288891882755797,18.50624115805935,0.1225578884639692,18.760407806545977,13.057186470580476,11876.040780654597,52,13,39,25.0,0.8118252730206875,-4.990817440959093,-0.09597725847998256,-5.213952356005724,16.324126616230256,9478.604764399428,-8.556493707575484
60,2,3.5,1,0,0.15,24,1,0.0,2.5,24,1,240,55,185,22.916666666666668,0.965544968590582,-4.553985144259953,-0.01897493810108314,-6.521596342767166,29.831299333920825,9347.840365723283,84,17,67,20.238095238095237,0.8386184095405051,-7.470986894830819,-0.08894032017655737,-7.843776940258918,20.922887462569655,9215.622305974108,-8.562408032960946
60,2,3.5,1,0,0.05,48,1,0.1,1.0,6,1,268,120,148,44.776119402985074,0.8094467057329364,-23.66092828253027,-0.08828704583033684,-21.915269801550775,30.48419588416973,7808.473019844922,101,46,55,45.54455445544554,0.8462625407141764,-7.389981199381435,-0.0731681306869449,-7.520347865107602,14.935597450346174,9247.96521348924,-8.576365643289568
60,2,3.5,1,0,0.05,48,1,0.1,1.0,6,0,268,120,148,44.776119402985074,0.8094467057329364,-23.66092828253027,-0.08828704583033684,-21.915269801550775,30.48419588416973,7808.473019844922,101,46,55,45.54455445544554,0.8462625407141764,-7.389981199381435,-0.0731681306869449,-7.520347865107602,14.935597450346174,9247.96521348924,-8.576365643289568
60,2,3.5,1,0,0.05,24,1,0.1,1.0,6,1,239,107,132,44.76987447698745,0.8297533616411225,-18.89153834137785,-0.0790440934785684,-18.019541997904366,28.459738221024978,8198.045800209564,88,40,48,45.45454545454545,0.8188926682441856,-7.885840235119257,-0.08961182085362793,-7.937201521884418,15.319026739338709,9206.279847811558,-8.582117405162705
60,2,3.5,1,0,0.05,24,1,0.1,1.0,6,0,239,107,132,44.76987447698745,0.8297533616411225,-18.89153834137785,-0.0790440934785684,-18.019541997904366,28.459738221024978,8198.045800209564,88,40,48,45.45454545454545,0.8188926682441856,-7.885840235119257,-0.08961182085362793,-7.937201521884418,15.319026739338709,9206.279847811558,-8.582117405162705
60,2,3.5,1,0,0.15,12,1,0.1,1.5,6,1,212,75,137,35.37735849056604,0.8195752173710097,-18.73256991503104,-0.08836117884448604,-17.977812024574924,29.554410965710133,8202.218797542508,76,29,47,38.1578947368421,0.8184095483442637,-6.766622859497952,-0.08903451130918358,-6.9010214923809325,14.940588951059208,9309.897850761907,-8.60551614998707
60,3,2.5,1,1,0.05,12,1,0.1,3.0,72,0,138,33,105,23.91304347826087,0.8855782070339268,-12.410673976576813,-0.08993242012012184,-13.38132379358531,29.76808892097735,8661.86762064147,55,14,41,25.454545454545453,0.9988163270474464,-0.049418714113986795,-0.0008985220747997599,-0.8686793767998968,17.162232180898723,9913.13206232001,-8.605635764129456
60,2,3.5,1,2,0.15,24,1,0.25,1.5,72,1,177,57,120,32.20338983050848,0.8419065179666136,-15.821419970054441,-0.08938655350313243,-15.593039036881983,29.598403652802368,8440.696096311802,65,22,43,33.84615384615385,1.0102876987660534,0.3335126017421424,0.005130963103725268,-0.0721799227257569,11.209390419945862,9992.782007727425,-8.611781059345518
60,2,3.5,1,0,0.05,24,1,0.1,1.5,72,0,232,92,140,39.6551724137931,0.9327991358723579,-9.636028974207552,-0.04153460764744634,-10.73344230885025,32.206217663179416,8926.655769114976,81,30,51,37.03703703703704,0.8614825781484533,-7.166369358269991,-0.088473695781111,-7.465103169648013,24.156337256280903,9253.489683035199,-8.616105556878534
30,5,3.5,1,1,0.05,12,0,0.25,2.5,6,1,168,60,108,35.714285714285715,0.7353176533459388,-15.576439277477899,-0.09271690046117798,-14.9224901835588,20.51040726044163,8507.75098164412,50,15,35,30.0,0.8635096494505529,-2.342429299956257,-0.046848585999125135,-2.512139781699496,7.140573477494836,9748.78602183005,-8.638496611779985
30,5,3.5,1,2,0.15,12,0,0.25,2.0,6,0,271,122,149,45.018450184501845,1.0180670731488377,1.4728182064770179,0.005434753529435491,0.6009151149651837,14.93809932375663,10060.09151149652,89,36,53,40.449438202247194,0.724364885265215,-8.584367466349303,-0.09645356703763261,-8.473826217700642,9.109673796221585,9152.617378229936,-8.642931925625202
60,2,3.5,1,0,0.05,48,1,0.1,1.5,24,1,261,89,172,34.099616858237546,0.8882042169453486,-15.846356434381809,-0.06071400932713337,-16.03531711391215,29.746145131651897,8396.468288608785,96,30,66,31.25,0.8341842791110741,-8.62816891105914,-0.08987675949019937,-8.795502222028484,20.589260959659867,9120.449777797152,-8.646605000846565
60,2,3.5,1,0,0.15,12,1,0.25,1.0,6,0,218,94,124,43.11926605504587,0.8012283581300966,-19.357938839244113,-0.08879788458368859,-18.28069917176012,30.42972943931141,8171.930082823988,76,35,41,46.05263157894737,0.8785041741674467,-4.1988341395699065,-0.05524781762591982,-4.4096124666449965,12.310156708778027,9559.0387533355,-8.668734966281983
60,2,3.5,1,0,0.15,12,1,0.25,1.0,6,1,218,94,124,43.11926605504587,0.8012283581300966,-19.357938839244113,-0.08879788458368859,-18.28069917176012,30.42972943931141,8171.930082823988,76,35,41,46.05263157894737,0.8785041741674467,-4.1988341395699065,-0.05524781762591982,-4.4096124666449965,12.310156708778027,9559.0387533355,-8.668734966281983
30,5,3.5,1,2,0.15,12,0,0.25,2.5,6,0,271,122,149,45.018450184501845,1.0778158513384692,6.343506867972146,0.023407774420561425,5.497182558487745,11.846493320418384,10549.718255848775,89,36,53,40.449438202247194,0.7185738912406779,-8.764721920642586,-0.09848002158025378,-8.639042614488224,9.273742407173843,9136.095738551177,-8.671663007736099
60,2,3.5,1,3,0.05,24,1,0.0,1.5,6,0,182,73,109,40.10989010989011,0.8277863734668869,-16.44696433887702,-0.09036793592789572,-16.017580231412467,28.631828856141706,8398.241976858753,67,28,39,41.791044776119406,0.8994055526558756,-3.6007736716499243,-0.053742890621640664,-3.9174443148307203,12.176561677776917,9608.255568516928,-8.67717980670669
30,5,3.5,1,0,0.05,12,0,0.1,2.5,24,0,293,104,189,35.49488054607509,1.0115087341276472,1.8123126683031983,0.006185367468611598,-0.6112234338133793,34.107551668381085,9938.877656618663,102,34,68,33.333333333333336,0.8457902014429487,-8.969291790377913,-0.08793423323899914,-9.29191269217472,13.602219743062202,9070.808730782528,-8.684823122293917
60,2,3.5,1,2,0.05,12,1,0.25,2.5,6,1,132,42,90,31.818181818181817,0.8036688872490442,-12.118750256357322,-0.09180871406331303,-12.05591629451812,25.26011896940638,8794.408370548188,50,24,26,48.0,1.6600419823813437,11.626908458104381,0.23253816916208764,11.924434687823315,4.768348508750624,11192.443468782332,-8.695958206725164
60,2,3.5,1,3,0.05,24,1,0.0,1.5,6,1,182,66,116,36.26373626373626,0.8168486536213414,-16.505474826507648,-0.09068942212366839,-16.01527362806222,28.055229414762433,8398.472637193778,67,28,39,41.791044776119406,1.0125562792549165,0.3992263283500738,0.005958601915672743,0.02513075771739537,8.741603325664236,10002.51307577174,-8.69660789949229
60,2,3.5,1,0,0.05,12,1,0.0,1.0,6,1,198,89,109,44.94949494949495,0.8122375094994074,-18.190522881241556,-0.09187132768303816,-17.34259223333924,26.08387657235579,8265.740776666076,73,37,36,50.68493150684932,0.9951016480207293,-0.16282688252240207,-0.0022305052400329053,-0.4846402495195412,11.996437611664097,9951.535975048046,-8.697283834325932
60,2,3.5,1,0,0.05,12,1,0.0,1.0,6,0,198,89,109,44.94949494949495,0.8122375094994074,-18.190522881241556,-0.09187132768303816,-17.34259223333924,26.08387657235579,8265.740776666076,73,37,36,50.68493150684932,0.9951016480207293,-0.16282688252240207,-0.0022305052400329053,-0.4846402495195412,11.996437611664097,9951.535975048046,-8.697283834325932
30,5,2.5,1,1,0.05,12,0,0.25,3.0,72,0,183,50,133,27.3224043715847,0.8934239783842896,-13.998762618381534,-0.07649597059224882,-15.02154396521802,35.17425128104812,8497.845603478198,52,16,36,30.76923076923077,0.8692530792387122,-4.5371174121736395,-0.08725225792641614,-4.967384145720677,10.382334260930442,9503.261585427932,-8.700145519671866
60,2,3.5,1,0,0.05,12,1,0.0,2.5,72,0,189,60,129,31.746031746031747,1.0855525633824674,11.468840996817923,0.06068169839586202,9.418586047271372,30.05425607821495,10941.858604727136,68,18,50,26.470588235294116,0.8785884660959757,-6.1732236114139205,-0.09078270016785177,-6.740930824924929,22.32853402675963,9325.906917507507,-8.700937798826397
60,2,3.5,1,0,0.05,48,1,0.25,1.0,72,1,265,125,140,47.16981132075472,0.8379459943510186,-23.3584195603373,-0.08814497947297094,-21.8787805210793,33.77847729173794,7812.12194789207,97,46,51,47.422680412371136,0.8802479262502253,-6.180719664940135,-0.06371875943237253,-6.449205549100057,18.42919213318146,9355.079445089994,-8.706817848232275
60,2,3.5,1,0,0.05,48,1,0.25,1.0,72,0,265,125,140,47.16981132075472,0.8379459943510186,-23.3584195603373,-0.08814497947297094,-21.8787805210793,33.77847729173794,7812.12194789207,97,46,51,47.422680412371136,0.8802479262502253,-6.180719664940135,-0.06371875943237253,-6.449205549100057,18.42919213318146,9355.079445089994,-8.706817848232275
60,2,3.5,1,0,0.15,12,0,0.0,2.0,72,1,170,64,106,37.64705882352941,1.2719220333906573,20.140359531426142,0.11847270312603612,20.837709547907156,10.25490044913023,12083.770954790716,55,16,39,29.09090909090909,0.805780986357386,-5.379992439683375,-0.09781804435787954,-5.552729207079787,15.688165699641718,9444.72707929202,-8.70899723597817
30,5,3.5,1,2,0.05,12,0,0.0,2.5,6,0,255,113,142,44.31372549019608,1.07749110532378,6.379763485119696,0.02501868033380273,5.4895685079325185,14.505241257491075,10548.95685079325,80,33,47,41.25,0.7525025893520064,-7.830180434828782,-0.09787725543535977,-7.828493362615685,9.330099935936456,9217.150663738432,-8.713589924814187
60,2,3.5,1,0,0.15,12,1,0.1,2.0,24,1,208,53,155,25.48076923076923,0.8841792324370598,-13.149023786941315,-0.06321646051414094,-13.66572707706033,28.960279131583228,8633.427292293967,73,18,55,24.65753424657534,0.8336922215129967,-6.631353206803253,-0.09084045488771579,-6.901095429267057,15.957761890596137,9309.890457073294,-8.723871284320163
30,5,3.5,1,0,0.05,12,0,0.0,2.0,6,0,362,159,203,43.92265193370166,0.9848633190588741,-1.7717935845666495,-0.004894457415929971,-2.9867542374760747,22.61089565303055,9701.324576252393,118,46,72,38.983050847457626,0.7480949489546428,-11.03562122612319,-0.09352221378070501,-10.82106509876537,12.802490897904153,8917.893490123462,-8.734772870031897
60,2,3.5,1,2,0.15,24,1,0.0,3.0,72,0,170,41,129,24.11764705882353,0.8921516699873018,-14.406700481271752,-0.08474529694865736,-15.499028075887477,41.40793635843432,8450.097192411253,63,18,45,28.571428571428573,1.171457881222219,7.822883686347577,0.12417275692615201,7.048716646520337,16.770490284090652,10704.871664652033,-8.758814228061224
30,5,3.5,1,2,0.15,12,0,0.25,3.0,6,1,271,118,153,43.542435424354245,1.0679836045121496,5.4621465869065995,0.02015552246090996,4.549813011359949,12.152396808644857,10454.981301135995,89,35,54,39.325842696629216,0.7043429081717125,-8.80377190882037,-0.0989187854923637,-8.665199190580875,9.29971726917442,9133.480080941912,-8.76235557437861
60,3,2.5,1,1,0.05,12,0,0.25,2.0,72,1,138,41,97,29.71014492753623,0.8311801604123823,-12.87825519047815,-0.09332068978607355,-12.920925396434324,24.609874116869918,8707.907460356568,45,16,29,35.55555555555556,1.2701610960856302,6.063244574524532,0.13473876832276738,5.8389488454643645,8.494420722715475,10583.894884546437,-8.763436965145877
60,2,3.5,1,0,0.05,12,1,0.1,1.5,72,1,196,68,128,34.69387755102041,0.9334088990372419,-7.01840594158715,-0.035808193579526276,-7.945795819192936,25.226868012971277,9205.420418080706,70,21,49,30.0,0.8266215923730301,-6.538078102601608,-0.09340111575145153,-6.722395757719568,18.318432543436316,9327.760424228043,-8.774212483473239
30,5,3.5,1,0,0.05,12,0,0.1,2.5,72,0,244,81,163,33.19672131147541,1.0228871680103253,3.624583846206834,0.014854851828716532,0.9678126390717967,40.07809570695413,10096.78126390718,89,28,61,31.46067415730337,0.8672881279041202,-7.6208842357104984,-0.08562791276079212,-8.113151305992016,15.547835981159219,9188.684869400799,-8.782919795655193
60,3,2.5,1,1,0.05,12,0,0.25,1.5,24,1,147,55,92,37.414965986394556,0.7958444036348331,-13.810861736028574,-0.09395144038114676,-13.48293694591537,22.91730008764542,8651.706305408463,51,20,31,39.21568627450981,0.964102747114103,-0.7621020155840236,-0.014943176776157325,-0.9948821424931475,9.305793272005554,9900.511785750685,-8.783368864245592
60,2,3.5,1,3,0.05,24,1,0.0,2.0,24,1,181,44,137,24.30939226519337,0.8353939765690159,-16.371895278460027,-0.0904524601019891,-16.20326083620901,30.42081945083881,8379.673916379099,62,21,41,33.87096774193548,1.2757243633460322,8.193137696829096,0.1321473822069209,7.986007441985632,8.892172516457194,10798.600744198564,-8.785393751472053
60,3,2.5,1,1,0.05,12,0,0.25,2.0,72,0,137,47,90,34.306569343065696,0.8545124297093448,-12.613025167743693,-0.09206587713681527,-12.823521101642655,27.821582203819066,8717.647889835735,43,17,26,39.53488372093023,1.1995962335673045,5.073973213548404,0.11799937705926522,4.760677488157317,8.49442072271544,10476.06774881573,-8.788438823100154
30,5,3.5,1,0,0.05,12,0,0.0,2.5,72,0,246,81,165,32.926829268292686,1.020486881959537,3.291569672567994,0.013380364522634122,0.5897116575718897,41.387567970454015,10058.971165757188,89,28,61,31.46067415730337,0.8684534379218398,-7.565726938870313,-0.08500816785247542,-8.064326627684238,15.539033574364375,9193.567337231576,-8.797183020598077
30,5,3.5,1,1,0.05,12,0,0.25,2.5,6,0,168,64,104,38.095238095238095,0.7357600961670495,-15.825413793586588,-0.0941988916284916,-15.1402102111306,20.87907002153261,8485.97897888694,50,16,34,32.0,0.8596132862087675,-2.5472805809320995,-0.050945611618641994,-2.719702600378626,8.069392093936777,9728.029739962138,-8.807930608534585
60,2,3.5,1,2,0.05,24,1,0.25,2.0,6,0,167,64,103,38.32335329341317,0.8144525078811498,-15.121252029264088,-0.09054641933691071,-14.811789118284812,29.996865805913558,8518.821088171519,62,29,33,46.774193548387096,1.2316685394076157,6.211408286713147,0.1001840046244056,5.995701427692102,7.68806257778544,10599.570142769211,-8.811235393644433
30,5,3.5,1,2,0.15,12,0,0.1,1.0,6,0,273,126,147,46.15384615384615,0.8830014761779842,-9.774064445913984,-0.03580243386781679,-9.90475566561474,19.511163154797213,9009.524433438526,89,39,50,43.82022471910113,0.7303886953965161,-8.507502008128785,-0.09558991020369421,-8.37277469623714,9.448489176686312,9162.722530376286,-8.818902451831196
30,5,3.5,1,2,0.15,12,0,0.1,1.0,6,1,273,126,147,46.15384615384615,0.8830014761779842,-9.774064445913984,-0.03580243386781679,-9.90475566561474,19.511163154797213,9009.524433438526,89,39,50,43.82022471910113,0.7303886953965161,-8.507502008128785,-0.09558991020369421,-8.37277469623714,9.448489176686312,9162.722530376286,-8.818902451831196
60,2,3.5,1,0,0.05,24,1,0.1,1.5,24,1,234,82,152,35.042735042735046,0.9523271661700685,-5.919336300754194,-0.025296308977582026,-7.142110361934084,26.055084776141157,9285.788963806592,83,26,57,31.325301204819276,0.8307648222108797,-7.772098349449452,-0.0936397391499934,-7.949944351237448,19.787251783711937,9205.005564876255,-8.822667677261718
60,3,2.5,1,1,0.05,12,1,0.25,1.5,72,1,153,56,97,36.60130718954248,1.0198893361504182,1.6058599912348888,0.010495816936175744,0.5887644773331369,22.079603305499038,10058.876447733313,56,19,37,33.92857142857143,0.8400090063751826,-5.369272492066696,-0.09587986592976243,-5.585584329450343,13.781326412930852,9441.441567054966,-8.828439651772365
60,3,2.5,1,1,0.05,12,0,0.25,2.0,24,0,146,56,90,38.35616438356164,0.8114204736482217,-13.715309285944496,-0.09394047456126367,-13.520989775780269,25.200593320476873,8647.901022421973,48,20,28,41.666666666666664,1.2201986178492192,4.458839395568959,0.09289248740768664,4.235329137001864,7.91675533536777,10423.532913700186,-8.894060078247474
60,2,3.5,1,0,0.05,48,1,0.1,1.5,72,1,260,89,171,34.23076923076923,0.9013243715445031,-14.067839550910936,-0.05410707519581129,-14.562498792438905,28.452360556821375,8543.750120756109,95,29,66,30.526315789473685,0.8295299505743836,-8.855566744932611,-0.09321649205192223,-9.00527475438535,20.771907564056235,9099.472524561465,-8.913296118305954
60,2,3.5,1,0,0.15,12,1,0.0,1.5,24,1,207,69,138,33.333333333333336,0.881793453939918,-13.325608386878638,-0.06437491974337506,-13.606117367040138,29.941587555268733,8639.388263295987,74,22,52,29.72972972972973,0.8253338280760517,-6.8219398633239186,-0.0921883765314043,-6.998804857638518,19.13514375450559,9300.119514236148,-8.93291643895082
30,5,3.5,1,1,0.05,12,0,0.0,3.0,6,0,168,63,105,37.5,0.7507883069477289,-16.092695447554362,-0.09578985385449025,-15.47417208586519,20.86341023848104,8452.58279141348,50,16,34,32.0,0.9129949920375735,-1.6745701685670134,-0.03349140337134027,-1.908327976519908,9.008055917903633,9809.16720234801,-8.936030822589998
60,2,3.5,1,2,0.05,24,1,0.25,2.5,6,0,166,62,104,37.34939759036145,0.8123221151487194,-15.335250772435323,-0.09238102874961038,-15.044115260617897,29.033749772185086,8495.58847393821,62,29,33,46.774193548387096,1.3720734820346976,9.975891916468663,0.16090148252368813,9.960046705425984,7.688062577785414,10996.004670542598,-8.941170158355552
30,5,3.5,1,2,0.15,12,0,0.25,1.0,6,0,273,126,147,46.15384615384615,0.9051713999500156,-7.601104457655872,-0.02784287347126693,-7.9002216336604985,17.199398906216434,9209.97783663395,89,39,50,43.82022471910113,0.7071357658586366,-8.699979026575713,-0.09775257333231138,-8.524630178599457,9.160124813539554,9147.536982140055,-8.942968768853826
30,5,3.5,1,2,0.15,12,0,0.25,1.0,6,1,273,126,147,46.15384615384615,0.9051713999500156,-7.601104457655872,-0.02784287347126693,-7.9002216336604985,17.199398906216434,9209.97783663395,89,39,50,43.82022471910113,0.7071357658586366,-8.699979026575713,-0.09775257333231138,-8.524630178599457,9.160124813539554,9147.536982140055,-8.942968768853826
60,2,3.5,1,0,0.15,12,1,0.1,1.5,24,0,208,79,129,37.98076923076923,0.876180897725949,-15.957664868860578,-0.07671954263875277,-16.005198332583205,33.9775779648194,8399.48016674168,72,25,47,34.72222222222222,0.8492892895651071,-6.507691938019686,-0.09038461025027342,-6.754572910522438,20.52755441559559,9324.542708947756,-8.949491179671451
60,2,3.5,1,2,0.05,24,1,0.25,2.0,72,0,163,51,112,31.288343558282207,0.8674663978236365,-15.12815950559449,-0.09281079451284964,-15.364370509071069,30.327338389062557,8463.562949092893,56,21,35,37.5,1.1809827002620354,6.402987084647748,0.1143390550829955,5.984997857423613,11.40013868443501,10598.49978574236,-8.961481832197988
60,3,2.5,1,1,0.05,12,1,0.1,3.0,72,1,145,23,122,15.862068965517242,0.8333769491071259,-13.643961500438376,-0.09409628620991983,-13.979989022135664,27.55660700072592,8602.001097786433,55,12,43,21.818181818181817,1.0899917848716598,2.950581285886015,0.053646932470654815,2.2873158790093884,13.763547650520039,10228.731587900938,-8.993735973747771
60,2,3.5,1,0,0.05,48,1,0.0,1.5,6,0,264,104,160,39.39393939393939,0.8281771892260399,-23.501568258659262,-0.08902109188886084,-22.075412761564873,36.97120594364962,7792.458723843513,101,41,60,40.59405940594059,0.8666997926502953,-7.19114096874345,-0.07119941553211337,-7.480411810054188,20.244336571915618,9251.95881899458,-9.001529885724556
60,2,3.5,1,0,0.05,48,1,0.1,1.5,6,1,267,99,168,37.07865168539326,0.8740378714982125,-15.72240848723313,-0.058885425045816966,-15.692468669309545,30.50534795885867,8430.753133069045,101,36,65,35.64356435643565,0.8063549882889424,-9.346269961893364,-0.09253732635537984,-9.371957513037088,19.548423300627956,9062.804248696291,-9.008846255163194
60,2,3.5,1,2,0.05,12,1,0.25,2.0,72,1,131,32,99,24.427480916030536,0.8368961291283136,-12.342021666179118,-0.09421390584869556,-12.496657048433823,27.56568826510493,8750.334295156617,47,13,34,27.659574468085108,1.018950400793958,0.4807331845689432,0.010228365629126452,0.09861307987091283,10.21440516276645,10009.861307987092,-9.014419521428437
60,3,2.5,1,1,0.05,12,0,0.1,1.0,24,0,151,69,82,45.6953642384106,0.8314989286453106,-11.268205008713739,-0.0746238742298923,-11.175748200324598,22.210939738260603,8882.42517996754,51,22,29,43.13725490196079,0.7804548758584713,-4.920574727018549,-0.09648185739252056,-4.979027688857263,9.708226600034653,9502.097231114274,-9.024807999972607
60,3,2.5,1,1,0.05,12,0,0.1,1.0,24,1,151,69,82,45.6953642384106,0.8314989286453106,-11.268205008713739,-0.0746238742298923,-11.175748200324598,22.210939738260603,8882.42517996754,51,22,29,43.13725490196079,0.7804548758584713,-4.920574727018549,-0.09648185739252056,-4.979027688857263,9.708226600034653,9502.097231114274,-9.024807999972607
60,2,3.5,1,0,0.05,48,1,0.1,1.0,24,0,263,122,141,46.38783269961977,0.826819758213648,-24.390018830978413,-0.09273771418622971,-22.644137930931795,31.108138756580832,7735.586206906821,98,45,53,45.91836734693877,0.8353989184867642,-8.700810783295399,-0.08878378350301427,-8.776596323909757,17.993243091314106,9122.340367609024,-9.027108242577066
60,2,3.5,1,0,0.05,48,1,0.1,1.0,24,1,263,122,141,46.38783269961977,0.826819758213648,-24.390018830978413,-0.09273771418622971,-22.644137930931795,31.108138756580832,7735.586206906821,98,45,53,45.91836734693877,0.8353989184867642,-8.700810783295399,-0.08878378350301427,-8.776596323909757,17.993243091314106,9122.340367609024,-9.027108242577066
60,2,3.5,1,0,0.15,12,1,0.25,3.0,72,0,200,52,148,26.0,0.9822615693787404,-2.692251048041596,-0.01346125524020798,-5.489972262842779,36.81204343168517,9451.002773715722,68,16,52,23.529411764705884,0.883462043963069,-6.130230878173455,-0.0901504540907861,-6.823572069361217,21.941026621580995,9317.642793063878,-9.033433276593856
30,5,3.5,1,2,0.05,12,0,0.1,2.0,6,0,255,113,142,44.31372549019608,1.0073481051632018,0.5969672479211946,0.002341048031063508,-0.2918108952953524,16.235610398863066,9970.818910470465,80,34,46,42.5,0.7378252579742716,-7.986086293426476,-0.09982607866783096,-7.9304880486858575,9.358105181043246,9206.951195131414,-9.041649059299093
30,5,3.5,1,2,0.05,12,0,0.1,1.5,6,0,256,114,142,44.53125,0.9792735574132257,-1.6838364606135836,-0.006577486174271811,-2.4523797829213434,16.25048991655806,9754.762021707866,80,35,45,43.75,0.7287981108647471,-7.986086293426455,-0.09982607866783069,-7.896524629424806,9.920642665297287,9210.34753705752,-9.060596124579817
30,5,3.5,1,2,0.05,12,0,0.0,3.0,6,0,255,113,142,44.31372549019608,1.1052216470434408,8.662790637029342,0.03397172798835036,7.839474992642903,12.80476179024057,10783.94749926429,80,33,47,41.25,0.741492733575204,-8.178503906448523,-0.10223129883060653,-8.14582811757818,9.642264850767463,9185.417188242182,-9.068985207857436
60,2,3.5,1,0,0.15,24,1,0.25,1.5,24,0,244,98,146,40.16393442622951,0.9716802678758802,-4.100943715597774,-0.016807146375400712,-5.696877166196678,30.359419459871972,9430.312283380332,84,29,55,34.523809523809526,0.8408072585645548,-7.875353549683334,-0.0937542089248016,-8.080249106909799,18.948293702554096,9191.97508930902,-9.071106417294338
60,2,3.5,1,2,0.05,12,1,0.25,3.0,6,0,131,48,83,36.6412213740458,0.8156006148242811,-12.554120168592895,-0.0958329783862053,-12.563416590648192,25.261307992294846,8743.65834093518,50,25,25,50.0,1.6897727185059044,14.208281613241171,0.28416563226482344,14.702072208323735,5.475303333514033,11470.207220832373,-9.074592525237227
60,2,3.5,1,0,0.05,24,1,0.1,1.0,72,1,235,115,120,48.93617021276596,0.8907706390227557,-13.552813508416692,-0.05767154684432635,-13.698165709934129,24.408709979133167,8630.183429006587,85,39,46,45.88235294117647,0.8231882100455603,-8.257987807050416,-0.09715279773000489,-8.318548116001633,16.78589818711422,9168.145188399836,-9.087991222032008
60,2,3.5,1,0,0.05,24,1,0.1,1.0,72,0,235,115,120,48.93617021276596,0.8907706390227557,-13.552813508416692,-0.05767154684432635,-13.698165709934129,24.408709979133167,8630.183429006587,85,39,46,45.88235294117647,0.8231882100455603,-8.257987807050416,-0.09715279773000489,-8.318548116001633,16.78589818711422,9168.145188399836,-9.087991222032008
60,2,3.5,1,0,0.15,12,1,0.0,2.5,6,1,209,58,151,27.751196172248804,0.8191188673248461,-19.483546481306725,-0.09322271043687429,-18.885786337174537,30.94200526741314,8111.421366282546,76,23,53,30.263157894736842,0.8892879627876326,-4.051972845945063,-0.053315432183487665,-4.46620217541418,16.291805535892586,9553.379782458582,-9.106173082897158
60,2,3.5,1,0,0.15,12,1,0.1,1.0,72,0,210,100,110,47.61904761904762,0.8419434865672499,-18.015972487324877,-0.08579034517773751,-17.364780294402205,27.070137242314196,8263.52197055978,74,34,40,45.945945945945944,0.8252195163827799,-7.102604643379117,-0.09598114382944752,-7.202238147960072,13.276739241214635,9279.776185203993,-9.140134773364414
60,2,3.5,1,0,0.15,12,1,0.1,1.0,72,1,210,100,110,47.61904761904762,0.8419434865672499,-18.015972487324877,-0.08579034517773751,-17.364780294402205,27.070137242314196,8263.52197055978,74,34,40,45.945945945945944,0.8252195163827799,-7.102604643379117,-0.09598114382944752,-7.202238147960072,13.276739241214635,9279.776185203993,-9.140134773364414
60,2,3.5,1,0,0.15,12,0,0.25,1.5,72,0,168,72,96,42.857142857142854,1.0153905138120618,1.3041370313190246,0.007762720424518003,0.28538396157022916,22.18754552331319,10028.538396157022,55,21,34,38.18181818181818,0.8213595033073797,-5.42017082603951,-0.09854856047344564,-5.578895759867864,14.79111317670315,9442.110424013214,-9.14085460305508
60,2,3.5,1,2,0.15,24,1,0.25,2.0,24,1,176,43,133,24.431818181818183,0.8319052477390849,-16.482771326410685,-0.09365210980915162,-16.276377142313102,31.28644589764407,8372.36228576869,64,20,44,31.25,1.1477559670332886,4.527358007415634,0.07073996886586928,4.121931681729318,9.755225670042957,10412.193168172933,-9.161148512306072
60,2,3.5,1,0,0.05,24,0,0.0,3.0,24,0,199,84,115,42.21105527638191,1.3348021964887227,25.46212121437268,0.12795035786116923,27.319326654866693,9.668574522114062,12731.932665486669,70,29,41,41.42857142857143,0.7615060670897685,-7.230003929149745,-0.10328577041642492,-7.2760300190023,13.180821853571633,9272.39699809977,-9.170146230973122
60,2,3.5,1,0,0.15,12,1,0.0,3.0,24,1,206,40,166,19.41747572815534,0.9671651306383995,-3.7341386462679917,-0.01812688663236889,-5.708169789137651,24.461605766313056,9429.183021086235,71,13,58,18.309859154929576,0.813382293702547,-6.928185936907774,-0.09758008361841934,-7.248347560016699,17.600865925649472,9275.16524399833,-9.171273508514018
60,2,3.5,1,0,0.05,24,1,0.0,1.5,24,0,231,93,138,40.25974025974026,0.9675774945649209,-4.460228369042727,-0.01930834791793388,-5.948981686624943,30.446980736174417,9405.101831337506,83,29,54,34.93975903614458,0.8439747908937723,-7.875382110502257,-0.09488412181328021,-8.095991847752648,22.945169792117017,9190.400815224735,-9.18419976382661
60,3,2.5,1,1,0.05,12,1,0.25,2.5,24,0,147,44,103,29.931972789115648,0.8671910712290642,-14.18823209491812,-0.09651858567971511,-14.632086180666882,28.324230463507348,8536.791381933312,56,16,40,28.571428571428573,0.8892923664373886,-4.388850892309194,-0.07837233736266418,-4.883529877641268,17.063196332494943,9511.647012235873,-9.212625126540367
60,2,3.5,1,0,0.05,48,1,0.25,1.0,24,0,266,123,143,46.2406015037594,0.8268434381449733,-24.623538888642827,-0.09256969507008582,-22.833183988222782,34.55564080465888,7716.681601177722,97,45,52,46.391752577319586,0.8851945458052972,-5.731548076619718,-0.059088124501234206,-6.012101361912392,18.048062909425035,9398.78986380876,-9.218124331131111
60,2,3.5,1,0,0.05,48,1,0.25,1.0,24,1,266,123,143,46.2406015037594,0.8268434381449733,-24.623538888642827,-0.09256969507008582,-22.833183988222782,34.55564080465888,7716.681601177722,97,45,52,46.391752577319586,0.8851945458052972,-5.731548076619718,-0.059088124501234206,-6.012101361912392,18.048062909425035,9398.78986380876,-9.218124331131111
30,5,3.5,1,1,0.05,12,0,0.1,3.0,6,0,168,63,105,37.5,0.7413963654072198,-16.55237045414609,-0.09852601460801244,-15.8517468018191,21.116555101728498,8414.82531981809,50,16,34,32.0,0.8759286828917371,-2.365928389492821,-0.047318567789856415,-2.5683359908613035,8.579468373755192,9743.16640091387,-9.243619472818082
30,5,2.5,1,1,0.05,12,0,0.0,2.5,6,0,221,83,138,37.55656108597285,0.7709746870879074,-21.249737309620038,-0.09615265750959293,-19.97749566851533,26.548638414078013,8002.250433148467,65,22,43,33.84615384615385,0.8197925709677089,-5.004466699243647,-0.07699179537297918,-5.194030936738548,10.619744246107869,9480.596906326145,-9.247269207425514
30,5,3.5,1,0,0.05,12,0,0.25,1.5,6,0,364,166,198,45.604395604395606,1.0189635841605231,2.021599647856222,0.0055538451864181925,0.9889809874275235,17.932642903764805,10098.898098742751,118,47,71,39.83050847457627,0.702753761563289,-11.872477507706247,-0.10061421616700209,-11.474067031195245,13.247696952692062,8852.593296880475,-9.253960318488366
60,2,3.5,1,2,0.15,24,1,0.0,2.0,24,0,174,54,120,31.03448275862069,0.8602899630415912,-16.605715950482033,-0.09543514914070134,-16.637781556271324,30.925274485729005,8336.221844372867,64,23,41,35.9375,1.0977687162325038,3.532851905103198,0.05520081101723747,3.0212253403707034,9.717373227181913,10302.122534037071,-9.261012730141127
60,2,3.5,1,2,0.05,12,1,0.25,2.0,24,1,131,32,99,24.427480916030536,0.8295292882132087,-12.64230739684402,-0.09650616333468717,-12.732194174531708,27.612164029281494,8726.78058254683,47,14,33,29.78723404255319,1.1170849140658454,2.758699662535166,0.05869573750074821,2.4152045757978247,8.562826144048294,10241.520457579782,-9.261167497708401
60,3,2.5,1,1,0.05,12,0,0.0,1.0,24,0,151,70,81,46.35761589403973,0.8457360183700192,-10.341002917874167,-0.06848346303227926,-10.356052807316606,22.573305366583945,8964.394719268339,51,22,29,43.13725490196079,0.7770334048227447,-5.029282580747809,-0.09861338393623155,-5.083236697627003,9.743820137880716,9491.6763302373,-9.26654553411456
60,3,2.5,1,1,0.05,12,0,0.0,1.0,24,1,151,70,81,46.35761589403973,0.8457360183700192,-10.341002917874167,-0.06848346303227926,-10.356052807316606,22.573305366583945,8964.394719268339,51,22,29,43.13725490196079,0.7770334048227447,-5.029282580747809,-0.09861338393623155,-5.083236697627003,9.743820137880716,9491.6763302373,-9.26654553411456
30,5,3.5,1,2,0.05,12,0,0.1,2.5,6,1,255,108,147,42.35294117647059,0.9980776483480543,-0.1539879817624215,-0.0006038744382840059,-1.08392258721286,16.66147067228998,9891.607741278714,80,32,48,40.0,0.7153554900892612,-8.11191218776788,-0.1013989023470985,-8.02535916965228,9.763829157910033,9197.464083034773,-9.269422579401484
60,3,3.5,1,1,0.05,12,1,0.25,3.0,6,0,91,39,52,42.857142857142854,1.1863741689391267,9.097146811164997,0.09996864627653843,8.530121756707665,9.101471374585572,10853.012175670767,34,11,23,32.35294117647059,0.8259987919417062,-3.5659576211010755,-0.1048811065029728,-3.7960730566462764,13.34782819312838,9620.392694335373,-9.281447951852629
30,5,3.5,1,2,0.15,12,0,0.1,2.0,72,0,208,74,134,35.57692307692308,0.9945928853837841,-0.6979556262839282,-0.0033555558955958085,-2.5233738075270407,30.802399722619988,9747.662619247296,74,24,50,32.432432432432435,0.8497956722901574,-7.078704226756651,-0.09565816522644123,-7.4030531721298924,11.590770998059263,9259.69468278701,-9.282620350067377
60,2,3.5,1,0,0.05,24,1,0.0,2.5,72,0,225,74,151,32.888888888888886,1.1536633578580309,24.005720781794842,0.10669209236353264,23.367222560859634,27.59718525108556,12336.722256085965,80,21,59,26.25,0.8692271731798936,-7.845967118106916,-0.09807458897633645,-8.414916688747198,26.64784659799031,9158.50833112528,-9.285390750871747
60,2,3.5,1,3,0.05,24,1,0.1,1.0,72,1,183,86,97,46.994535519125684,0.8235096814542495,-17.692299637105922,-0.09667923298964985,-16.98337774181986,28.161200532389053,8301.662225818014,64,32,32,50.0,0.9726021535956096,-0.8895764081876674,-0.013899631377932303,-1.2029466282529433,8.075145161480586,9879.705337174706,-9.293137241010264
60,2,3.5,1,3,0.05,24,1,0.1,1.0,72,0,183,86,97,46.994535519125684,0.8235096814542495,-17.692299637105922,-0.09667923298964985,-16.98337774181986,28.161200532389053,8301.662225818014,64,32,32,50.0,0.9726021535956096,-0.8895764081876674,-0.013899631377932303,-1.2029466282529433,8.075145161480586,9879.705337174706,-9.293137241010264
60,2,3.5,1,0,0.15,12,1,0.1,3.0,6,1,211,59,152,27.96208530805687,0.8020374650830686,-20.654979008725878,-0.09789089577595203,-19.80363352772656,25.718878534144284,8019.636647227344,75,24,51,32.0,0.9803534153065409,-0.7135019227125503,-0.00951335896950067,-1.3114222182796897,12.889306204365727,9868.85777817203,-9.29507402544909
30,5,3.5,1,1,0.05,12,0,0.1,3.0,6,1,168,58,110,34.523809523809526,0.7246185802279687,-16.58097773443391,-0.09869629603829709,-15.820028979333022,21.68724878050184,8417.997102066698,50,14,36,28.0,0.7699191981701038,-4.167243194541845,-0.0833448638908369,-4.2822022395012205,7.889531346516238,9571.779776049878,-9.32844480693145
60,2,3.5,1,0,0.15,24,1,0.25,2.0,6,0,250,98,152,39.2,0.9004320675048207,-12.070813144339846,-0.04828325257735938,-12.651190926039725,33.55742174884074,8734.880907396027,89,34,55,38.20224719101124,0.8230699855017515,-8.378253457714218,-0.09413767930015975,-8.53505296888698,17.579337776481292,9146.494703111302,-9.33109229690989
30,5,3.5,1,2,0.15,12,0,0.25,2.5,6,1,271,118,153,43.542435424354245,1.0398639786328443,3.2028736397905426,0.011818721918046282,2.2804823581212164,11.749173365703813,10228.04823581212,89,35,54,39.325842696629216,0.6875514070463785,-9.303771908820364,-0.10453676302045353,-9.108611852875715,9.740049469826898,9089.138814712429,-9.333542922861799
60,3,2.5,1,1,0.05,12,1,0.25,1.5,24,1,153,57,96,37.254901960784316,1.0214110511774597,1.728570478564068,0.011297846265124627,0.7161373861547693,21.22938067584345,10071.613738615477,56,20,36,35.714285714285715,0.8302488126488512,-5.69467526358004,-0.10169062970678643,-5.886556773389073,13.781326412930827,9411.344322661093,-9.37802305914809
30,5,3.5,1,2,0.15,12,0,0.25,2.0,6,1,271,118,153,43.542435424354245,0.9854650047713432,-1.1678150217045848,-0.004309280522895147,-1.988329590151372,14.844192448879353,9801.167040984863,89,35,54,39.325842696629216,0.6913304050912366,-9.191244803094344,-0.10327241351791398,-9.004809850936347,9.636968597689545,9099.519014906366,-9.38525112150866
60,3,2.5,1,1,0.05,12,1,0.25,2.0,6,0,153,62,91,40.52287581699346,0.9139210987943469,-7.164364720458949,-0.04682591320561405,-7.882931209660149,24.02787715550232,9211.706879033985,58,21,37,36.206896551724135,0.816114015071909,-5.794679356471411,-0.09990826476674847,-5.97363534005404,14.418099053797715,9402.636465994596,-9.392517331470597
60,2,3.5,1,0,0.05,12,1,0.1,1.0,24,1,197,94,103,47.71573604060914,0.8783829284767344,-12.49360514351743,-0.06341931544932705,-12.591146987139034,23.21231418903229,8740.885301286096,71,32,39,45.070422535211264,0.8149896281359911,-7.154175841029616,-0.10076304001450163,-7.230813169033734,15.891506713946763,9276.918683096626,-9.411396984618513
60,2,3.5,1,0,0.05,12,1,0.1,1.0,24,0,197,94,103,47.71573604060914,0.8783829284767344,-12.49360514351743,-0.06341931544932705,-12.591146987139034,23.21231418903229,8740.885301286096,71,32,39,45.070422535211264,0.8149896281359911,-7.154175841029616,-0.10076304001450163,-7.230813169033734,15.891506713946763,9276.918683096626,-9.411396984618513
60,2,3.5,1,0,0.05,12,1,0.0,1.5,6,0,197,76,121,38.578680203045685,0.8221233680967345,-18.80772472048539,-0.09547068386033192,-18.067258244259886,32.69601155099514,8193.274175574012,73,32,41,43.83561643835616,0.9123592445753235,-3.3618969879057348,-0.04605338339596897,-3.71527146544377,17.001958787460236,9628.472853455623,-9.434175833579015
60,2,3.5,1,0,0.15,12,0,0.0,1.0,72,0,180,95,85,52.77777777777778,1.093566531830856,7.361493910011746,0.04089718838895415,6.774114008105436,11.888452141239519,10677.411400810544,60,27,33,45.0,0.79544859772738,-6.273374416665536,-0.10455624027775894,-6.332108708530582,16.557056494362783,9366.789129146942,-9.447062835565571
60,2,3.5,1,0,0.15,12,0,0.0,1.0,72,1,180,95,85,52.77777777777778,1.093566531830856,7.361493910011746,0.04089718838895415,6.774114008105436,11.888452141239519,10677.411400810544,60,27,33,45.0,0.79544859772738,-6.273374416665536,-0.10455624027775894,-6.332108708530582,16.557056494362783,9366.789129146942,-9.447062835565571
60,2,3.5,1,0,0.05,48,1,0.0,1.5,72,0,257,100,157,38.91050583657587,0.890115595988073,-17.840196377602112,-0.06941710652763468,-17.911461322348355,34.250459782067225,8208.853867765165,95,35,60,36.8421052631579,0.8513593557857099,-9.07418284623195,-0.09551771417086263,-9.307038028512038,25.74694496313065,9069.296197148797,-9.447645473292093
60,2,3.5,1,0,0.05,12,0,0.1,2.5,24,0,176,75,101,42.61363636363637,1.2810587630102845,18.888534670785532,0.10732121972037234,19.518532120830745,11.497427011574466,11951.853212083075,60,24,36,40.0,0.7588539490357771,-6.393941070714216,-0.1065656845119036,-6.46060371416175,12.005852819460019,9353.939628583825,-9.448124335869077
60,2,3.5,1,0,0.15,12,1,0.1,1.5,72,1,208,69,139,33.17307692307692,0.86970163500143,-14.97551124447738,-0.07199765021383356,-15.03957987985034,30.57001878400702,8496.042012014967,73,22,51,30.136986301369863,0.82208258909412,-7.073259319586432,-0.09689396328200592,-7.240661504523671,17.739241625963828,9275.933849547633,-9.449025767732357
60,2,3.5,1,3,0.05,24,1,0.1,1.0,6,1,185,83,102,44.86486486486486,0.7905205452072261,-18.26371204169738,-0.09872276779295881,-17.31460458187889,26.50680947161721,8268.539541812112,67,31,36,46.26865671641791,0.8663104019595241,-4.337022295656624,-0.06473167605457647,-4.525008592546087,9.380733764452023,9547.49914074539,-9.45969348666085
60,2,3.5,1,3,0.05,24,1,0.1,1.0,6,0,185,83,102,44.86486486486486,0.7905205452072261,-18.26371204169738,-0.09872276779295881,-17.31460458187889,26.50680947161721,8268.539541812112,67,31,36,46.26865671641791,0.8663104019595241,-4.337022295656624,-0.06473167605457647,-4.525008592546087,9.380733764452023,9547.49914074539,-9.45969348666085
60,3,2.5,1,1,0.05,12,0,0.25,1.5,72,1,141,50,91,35.46099290780142,0.819613831862143,-14.103403372865962,-0.10002413739621249,-13.884571097648967,24.918883430748405,8611.542890235103,47,19,28,40.42553191489362,1.0631891554481856,1.5448100210146773,0.03286829831946122,1.2405397288380637,9.560578768921067,10124.053972883807,-9.471198980651078
60,2,3.5,1,2,0.15,24,1,0.25,1.5,72,0,176,65,111,36.93181818181818,0.848264142263031,-17.1816918447837,-0.0976232491180892,-16.863301785748742,30.47442075273898,8313.669821425126,64,28,36,43.75,1.147340514134663,5.3540913258612575,0.08365767696658215,4.982227150520924,10.89142982671561,10498.222715052092,-9.476823145457631
60,2,3.5,1,0,0.05,12,1,0.1,1.5,24,1,196,68,128,34.69387755102041,0.9458125883264307,-5.609809720777507,-0.02862147816723218,-6.619063493187694,24.039782300771506,9338.09365068123,70,21,49,30.0,0.8123498099261787,-7.092544343712339,-0.10132206205303342,-7.232793689381811,18.389297209133485,9276.720631061818,-9.523625535793144
60,2,3.5,1,2,0.05,12,1,0.25,1.5,24,0,132,48,84,36.36363636363637,0.8403685989449335,-13.233789002317966,-0.10025597729028762,-13.209724545907397,26.162597046212817,8679.02754540926,47,18,29,38.297872340425535,1.0409835919636319,0.9690475495719756,0.020618032969616503,0.6767606535456716,8.309977153813723,10067.676065354566,-9.527496252820876
60,2,3.5,1,2,0.15,24,1,0.25,1.5,24,1,178,56,122,31.46067415730337,0.8248779099713215,-17.29999982476266,-0.09719101025147563,-16.80408220559754,31.370245803424435,8319.591779440247,65,24,41,36.92307692307692,1.0660946386024055,2.022035547831024,0.031108239197400366,1.6488493171480822,9.576113855843854,10164.884931714809,-9.532594479207745
60,2,3.5,1,0,0.05,12,0,0.0,2.0,72,1,159,58,101,36.477987421383645,1.249587821441013,16.977304116561296,0.10677549758843582,17.210974402140877,10.831824333812492,11721.097440214087,53,14,39,26.41509433962264,0.7952527450326106,-5.635515002422072,-0.10633047174381269,-5.793113806785188,15.189383218699945,9420.688619321481,-9.555006272781615
60,2,3.5,1,2,0.05,24,1,0.25,1.0,72,0,167,77,90,46.10778443113772,0.8159267749951394,-16.968733854964828,-0.10160918476026844,-16.31385355652315,23.92814333307472,8368.614644347685,58,29,29,50.0,0.9792633309415884,-0.6075207428600671,-0.010474495566552881,-0.8934826917679994,9.525242230082773,9910.6517308232,-9.556999781630475
60,2,3.5,1,2,0.05,24,1,0.25,1.0,72,1,167,77,90,46.10778443113772,0.8159267749951394,-16.968733854964828,-0.10160918476026844,-16.31385355652315,23.92814333307472,8368.614644347685,58,29,29,50.0,0.9792633309415884,-0.6075207428600671,-0.010474495566552881,-0.8934826917679994,9.525242230082773,9910.6517308232,-9.556999781630475
60,2,3.5,1,2,0.15,24,1,0.1,2.0,72,0,173,54,119,31.213872832369944,0.8600627941529648,-17.04513605482337,-0.09852679800475936,-17.051082824337406,30.841746022632794,8294.89171756626,64,24,40,37.5,1.178648662952724,7.232344611843133,0.11300538456004895,6.777743393446389,10.894318078181437,10677.77433934464,-9.56562024653841
60,2,3.5,1,2,0.15,24,1,0.25,1.5,24,0,177,64,113,36.15819209039548,0.8432471892443663,-17.341075891033555,-0.09797218017533081,-16.96276750731198,31.31990405366356,8303.723249268802,64,28,36,43.75,1.2172730817610178,6.6780609050508115,0.10434470164141893,6.457872902511008,8.493768922503317,10645.7872902511,-9.572479155274598
30,5,3.5,1,2,0.15,12,0,0.1,3.0,6,0,271,122,149,45.018450184501845,1.114499857215709,9.724159695531926,0.035882508101593824,8.95347983580117,12.080143114463251,10895.347983580117,89,36,53,40.449438202247194,0.7158529255872539,-9.570517860661667,-0.1075339085467603,-9.414511733508402,10.084653628017271,9058.54882664916,-9.596512623336292
60,2,3.5,1,0,0.15,12,0,0.0,3.0,72,1,162,53,109,32.71604938271605,1.331740658631506,23.25800311142299,0.14356792044088265,24.327099661425187,14.437084411664086,12432.709966142518,54,15,39,27.77777777777778,0.7929547374171013,-5.734763719425639,-0.10619932813751183,-5.921924994645556,16.091687673848533,9407.807500535444,-9.598791280824644
60,2,3.5,1,3,0.05,24,1,0.0,2.0,6,1,182,57,125,31.318681318681318,0.8023210942464152,-17.88798639332733,-0.09828563952377654,-17.27480831918178,29.985783326651134,8272.519168081822,67,25,42,37.3134328358209,1.042472635752661,1.3538844191741846,0.020207230136928128,0.9210564954852396,10.609131049723077,10092.105649548525,-9.601117992966282
60,2,3.5,1,0,0.15,12,0,0.1,2.5,24,1,190,76,114,40.0,1.2829014629762432,17.94604665837333,0.09445287714933331,18.497521519270045,9.047671636019963,11849.752151927005,61,25,36,40.98360655737705,0.7368046592107602,-6.507723185088188,-0.10668398664078996,-6.5315382684339784,13.660955321169407,9346.846173156602,-9.60173322642313
60,2,3.5,1,0,0.15,24,1,0.0,3.0,6,1,243,63,180,25.925925925925927,0.8084850783167168,-23.35393553137076,-0.09610673058177267,-22.183727893492687,34.406097311397225,7781.627210650731,89,25,64,28.089887640449437,0.8305587794910988,-7.690473187955121,-0.08640981110061934,-8.018231827369704,19.7385442808651,9198.176817263029,-9.608087773194642
60,2,3.5,1,0,0.05,24,0,0.1,3.0,24,0,198,86,112,43.43434343434343,1.3699297930599446,26.86342207773771,0.13567384887746317,29.235498954959937,9.618858949454415,12923.549895495993,70,29,41,41.42857142857143,0.7502912086446257,-7.52453386954063,-0.10749334099343756,-7.5431502077007995,13.15485058555148,9245.68497922992,-9.611774729483463
30,5,3.5,1,2,0.05,12,0,0.1,2.0,6,1,255,108,147,42.35294117647059,0.9476951511486302,-4.189825572683672,-0.016430688520328127,-4.901385026374882,17.84116932830065,9509.861497362512,80,32,48,40.0,0.7081134799384223,-8.318297866609713,-0.10397872333262141,-8.208217455093603,9.769913084536409,9179.17825449064,-9.612670617616091
60,3,2.5,1,1,0.05,12,0,0.25,1.5,72,0,140,54,86,38.57142857142857,0.8308191112211539,-14.106924455739165,-0.1007637461124226,-13.941039786841214,26.66938535820326,8605.896021315879,46,20,26,43.47826086956522,1.080730302913418,2.0528087151054386,0.04462627641533562,1.7398634393805512,9.560578768921047,10173.986343938055,-9.629884750121143
60,2,3.5,1,0,0.05,24,1,0.25,1.0,24,1,239,113,126,47.28033472803347,0.8734546445548981,-15.786090177015831,-0.06605058651471059,-15.593389783180921,30.370374378199784,8440.661021681908,84,37,47,44.04761904761905,0.8139681006293396,-8.348643630494132,-0.09938861464873967,-8.382832510312143,19.342494690131296,9161.716748968785,-9.688882600658243
60,2,3.5,1,0,0.05,24,1,0.25,1.0,24,0,239,113,126,47.28033472803347,0.8734546445548981,-15.786090177015831,-0.06605058651471059,-15.593389783180921,30.370374378199784,8440.661021681908,84,37,47,44.04761904761905,0.8139681006293396,-8.348643630494132,-0.09938861464873967,-8.382832510312143,19.342494690131296,9161.716748968785,-9.688882600658243
30,5,3.5,1,1,0.05,12,0,0.0,3.0,6,1,168,58,110,34.523809523809526,0.7216652465632566,-17.199737782850978,-0.10237939156458915,-16.3542518078451,21.47564236936504,8364.57481921549,50,14,36,28.0,0.788188025274876,-3.8654007894744797,-0.07730801578948959,-4.000938666286258,8.088574964801463,9599.906133371374,-9.689964642221872
60,2,3.5,1,0,0.15,24,1,0.1,2.0,72,1,242,62,180,25.619834710743802,0.896700464551913,-13.85021931854164,-0.05723231123364314,-14.539065944938534,33.384568406321854,8546.093405506146,84,20,64,23.80952380952381,0.8282788633356395,-8.228892808765696,-0.09796300962816305,-8.480415009098074,18.013040115877832,9151.958499090193,-9.698552214875306
60,2,3.5,1,0,0.05,48,1,0.1,2.5,72,0,250,79,171,31.6,1.0642491683761857,11.27173609252767,0.04508694437011068,8.44601526946418,29.312732785499644,10844.601526946419,92,24,68,26.08695652173913,0.8648493504115082,-9.314898807654318,-0.1012489000831991,-9.872763030488418,26.897304111560977,9012.723696951158,-9.700695325311546
60,2,3.5,1,3,0.05,24,1,0.0,2.5,6,0,181,63,118,34.806629834254146,0.8282750514379664,-17.792925237970856,-0.09830345435343014,-17.46911691284244,32.5586148903842,8253.088308715756,67,26,41,38.80597014925373,1.0540176725168062,2.0448950395216556,0.030520821485397847,1.4610221029895065,12.318130129701439,10146.10221029895,-9.705361455372522
60,2,3.5,1,0,0.05,24,1,0.25,2.0,72,0,228,82,146,35.96491228070175,1.0733789752554201,10.930271001277202,0.04793978509332106,8.98294254700469,30.21344012115592,10898.29425470047,79,24,55,30.379746835443036,0.8568886013021026,-7.965415376420073,-0.1008280427394946,-8.347573982080448,22.950392929003442,9165.242601791955,-9.74363081514722
60,2,3.5,1,0,0.05,12,0,0.25,2.5,24,0,174,76,98,43.67816091954023,1.2846023752706839,18.1340464236726,0.1042186576073138,18.72784614593932,10.701566555696576,11872.784614593933,60,24,36,40.0,0.75004724504841,-6.569946404266668,-0.1094991067377778,-6.621024341748194,11.970176531073305,9337.89756582518,-9.756939389128027
60,2,3.5,1,0,0.05,12,0,0.25,1.5,24,0,177,81,96,45.76271186440678,1.2411924719008542,14.78671507818211,0.08354076315357124,15.075864484490653,10.13724513651814,11507.586448449065,60,25,35,41.666666666666664,0.7426207622404345,-6.506198769041038,-0.10843664615068398,-6.51205868940491,14.00674142494297,9348.794131059509,-9.787740189666776
30,5,2.5,1,1,0.05,12,0,0.25,3.0,6,1,221,81,140,36.65158371040724,0.8574554030363295,-11.427757396291174,-0.05170930948548042,-11.673726408402507,21.822039830279653,8832.62735915975,65,20,45,30.76923076923077,0.7264093107839594,-6.741319649341666,-0.10371260998987178,-6.760838183385354,10.53601637595146,9323.916181661465,-9.808799293033395
60,3,2.5,1,1,0.05,12,0,0.1,1.5,24,0,146,58,88,39.726027397260275,0.7902930922909526,-15.116462280752206,-0.10353741288186442,-14.649224624927104,24.240443018727056,8535.07753750729,50,20,30,40.0,0.9735120923398572,-0.5950128315227124,-0.01190025663045425,-0.8466644114706101,9.261223861260119,9915.333558852939,-9.834399121455728
60,2,3.5,1,0,0.15,12,1,0.0,3.0,72,1,206,38,168,18.446601941747574,0.9506878624641982,-5.699180666948239,-0.027665925567709897,-7.591316847953289,25.814513672259494,9240.86831520467,70,10,60,14.285714285714286,0.8048586594309508,-7.227393399622063,-0.10324847713745804,-7.551284295076,18.658840311782132,9244.8715704924,-9.83773322751534
60,2,3.5,1,0,0.15,12,1,0.0,2.0,24,0,204,69,135,33.8235294117647,0.958468391955717,-5.637906888216504,-0.02763679847164953,-7.313109439382092,32.198434919333316,9268.68905606179,72,21,51,29.166666666666668,0.8442023615032334,-7.241117597801563,-0.10057107774724393,-7.5518640974001965,20.980535904439122,9244.81359025998,-9.871563202763085
30,5,3.5,1,0,0.05,12,0,0.25,2.0,24,1,299,98,201,32.77591973244147,1.0589144393130805,7.663105266586909,0.025629114603969595,5.986071615112687,20.39375618985829,10598.607161511269,103,33,70,32.03883495145631,0.7798738745349372,-10.999374356681427,-0.10679004229787793,-10.916948597210396,15.228069875165277,8908.30514027896,-9.878442762195279
60,3,2.5,1,1,0.05,12,1,0.0,3.0,24,0,138,37,101,26.81159420289855,0.9403325013074212,-6.2912294096437895,-0.045588618910462245,-7.919736463504945,24.595295602297334,9208.026353649506,56,14,42,25.0,0.8593804459306369,-5.908268613289395,-0.10550479666588206,-6.4142359423241535,18.76538400041752,9358.576405767584,-9.903131384081316
60,2,3.5,1,0,0.15,12,0,0.25,1.5,24,0,190,88,102,46.31578947368421,1.238490319654708,15.51686840239,0.08166772843363157,15.87578809148209,9.542309632091284,11587.57880914821,61,26,35,42.622950819672134,0.728609772789887,-6.641419897384495,-0.10887573602269664,-6.625442031450001,14.762654829824818,9337.455796855,-9.903399907974869
60,2,3.5,1,0,0.15,12,0,0.25,1.5,24,1,191,85,106,44.50261780104712,1.2924013134368664,17.376116269781594,0.0909744307318408,18.11257759086684,9.542309632091218,11811.257759086684,61,26,35,42.622950819672134,0.728609772789887,-6.641419897384495,-0.10887573602269664,-6.625442031450001,14.762654829824818,9337.455796855,-9.903399907974869
30,5,2.5,1,1,0.05,12,0,0.25,2.5,6,1,221,81,140,36.65158371040724,0.8229321098014359,-14.195479414614535,-0.06423293852766758,-14.007292107290482,21.798471019937523,8599.270789270951,65,20,45,30.76923076923077,0.7237880687167066,-6.805907485661262,-0.10470626901017326,-6.818003814803452,10.859191949103504,9318.199618519655,-9.91199355057752
60,2,3.5,1,0,0.15,12,0,0.25,2.5,24,1,188,78,110,41.48936170212766,1.3106132416249472,18.2907185796107,0.097291056274525,19.023175427162208,8.963949121926237,11902.31754271622,61,25,36,40.98360655737705,0.7260731874675139,-6.705167532610123,-0.10992077922311677,-6.711425006877869,13.595441158883304,9328.857499312213,-9.94294457840514
60,2,3.5,1,0,0.05,12,0,0.0,3.0,24,0,172,70,102,40.69767441860465,1.2379249261486187,16.526510364285688,0.09608436258305632,16.61254202538489,11.294170894388603,11661.254202538488,61,25,36,40.98360655737705,0.7464761118848282,-6.764271188311857,-0.11088969161166978,-6.81876143970348,12.752672775668197,9318.123856029652,-9.948463865432906
60,3,2.5,1,1,0.05,12,1,0.25,2.0,72,0,148,49,99,33.108108108108105,0.9463843699307566,-5.4700909617141065,-0.03696007406563585,-6.706463500531024,26.277859924428377,9329.353649946897,56,17,39,30.357142857142858,0.8517944598040367,-5.869272492066674,-0.10480843735833346,-6.201423668296102,15.876334189045838,9379.85763317039,-9.94962128490752
30,5,3.5,1,2,0.15,12,0,0.25,2.0,24,0,231,88,143,38.095238095238095,0.9682950225522738,-3.7556056216639826,-0.016258032994216375,-5.191233354178426,29.40631693910014,9480.876664582158,83,29,54,34.93975903614458,0.8064202233030058,-8.503897665694733,-0.10245659838186426,-8.614144189259875,13.116898476772082,9138.585581074012,-9.954116728042091
30,5,3.5,1,2,0.05,12,0,0.25,3.0,72,0,188,56,132,29.78723404255319,0.9649391230797614,-4.366087715873039,-0.02322387082911191,-6.363533051330139,36.74385056684161,9363.646694866986,66,19,47,28.78787878787879,0.8525118836155989,-6.531235701479007,-0.09895811668907586,-6.997913520696509,15.302238771606804,9300.208647930349,-9.974949673747789
60,2,3.5,1,0,0.05,12,1,0.0,1.5,24,0,194,77,117,39.69072164948454,0.9387222713809529,-7.167636642826183,-0.03694658063312466,-8.210158348818164,30.287704002693378,9178.984165118183,70,24,46,34.285714285714285,0.8305236342965826,-7.174113746433551,-0.10248733923476501,-7.359793949734172,22.41807205912814,9264.020605026582,-9.978680907340806
60,2,3.5,1,0,0.15,24,1,0.25,3.0,24,1,239,57,182,23.84937238493724,1.0829607003700008,10.79900857803889,0.045184136309786155,8.591885709689095,25.849888702837493,10859.18857096891,83,16,67,19.27710843373494,0.8111194987745133,-8.715931546842008,-0.1050112234559278,-9.02484812841834,21.747495793243697,9097.515187158166,-9.986794990329672
30,5,3.5,1,2,0.05,12,0,0.0,2.5,6,1,255,106,149,41.568627450980394,1.0148012152879144,1.1850245152476813,0.004647154961755613,0.2318689886407821,16.65515343718305,10023.186898864078,80,31,49,38.75,0.7074821693230078,-8.68170438257915,-0.10852130478223938,-8.572567936218078,10.665741913897458,9142.743206378193,-9.997030430341661
30,5,3.5,1,2,0.05,12,0,0.25,1.5,6,0,256,114,142,44.53125,0.9466569027582756,-4.156391229370167,-0.016235903239727213,-4.767213782954349,18.063477451315087,9523.278621704565,80,34,46,42.5,0.6931015803879849,-8.591175265697304,-0.1073896908212163,-8.428078637669822,9.752848657505767,9157.192136233018,-9.997129652957321
30,5,2.5,1,1,0.05,12,0,0.25,1.5,6,0,221,90,131,40.723981900452486,0.7894610478359213,-17.24531207678925,-0.07803308632031335,-16.461745052540554,22.6431353535915,8353.825494745945,65,23,42,35.38461538461539,0.7327741130882421,-6.841223372971578,-0.1052495903534089,-6.826406811869912,9.95172186070035,9317.359318813009,-9.999033456177255
60,2,3.5,1,0,0.15,24,1,0.0,1.0,6,1,247,108,139,43.7246963562753,0.794418132311203,-24.943979982843516,-0.10098777320989277,-22.900322218142076,32.52392881598818,7709.967778185793,90,41,49,45.55555555555556,0.8095548928261095,-8.776336512786589,-0.09751485014207321,-8.774851006358874,16.428212365765564,9122.514899364112,-10.010290834674478
60,2,3.5,1,0,0.15,24,1,0.0,1.0,6,0,247,108,139,43.7246963562753,0.794418132311203,-24.943979982843516,-0.10098777320989277,-22.900322218142076,32.52392881598818,7709.967778185793,90,41,49,45.55555555555556,0.8095548928261095,-8.776336512786589,-0.09751485014207321,-8.774851006358874,16.428212365765564,9122.514899364112,-10.010290834674478
60,2,3.5,1,2,0.15,24,1,0.25,3.0,6,0,176,64,112,36.36363636363637,0.795040048578131,-17.855568166499815,-0.10145209185511259,-17.252601109172794,31.65310850433185,8274.73988908272,69,34,35,49.27536231884058,1.3207513207045685,9.806431996344326,0.14212220284556995,9.672425102756232,8.270262111387172,10967.242510275622,-10.029466074409973
30,5,3.5,1,2,0.05,12,0,0.1,2.0,72,0,199,72,127,36.18090452261306,1.0220327357558927,2.683209909005578,0.013483466879425015,0.9056943514230698,28.368141408032958,10090.569435142306,69,22,47,31.884057971014492,0.8387619000438181,-7.196565092386821,-0.10429804481720031,-7.481741606262315,10.687363110216767,9251.825839373769,-10.029519641909438
60,3,2.5,1,1,0.05,12,1,0.25,2.0,72,1,152,34,118,22.36842105263158,0.8236473441778965,-14.35760828580976,-0.09445794924874842,-14.298233180879283,26.828355555392037,8570.176681912071,56,14,42,25.0,0.8255563837333454,-5.8692724920666715,-0.10480843735833342,-6.117403331676597,14.649576173667725,9388.25966683234,-10.038945254017618
60,3,2.5,1,1,0.05,12,0,0.25,2.0,24,1,147,50,97,34.01360544217687,0.7727271021659642,-15.401605248133801,-0.10477282481723675,-14.893434734951738,25.102885139358555,8510.656526504827,49,19,30,38.775510204081634,1.1821351067521466,3.5004493673711194,0.07143774219124734,3.26650513391169,8.38157527491766,10326.650513391169,-10.046799085210445
60,2,3.5,1,3,0.05,24,1,0.0,2.0,72,1,181,43,138,23.756906077348066,0.8175835373866438,-18.445695304400193,-0.10190991880884084,-17.94042736503776,32.297462301621,8205.957263496224,62,19,43,30.64516129032258,1.2699845470290665,8.027052002814825,0.1294685806905617,7.794816791473846,8.048371297976896,10779.481679147384,-10.079359071568904
60,2,3.5,1,0,0.05,24,1,0.1,1.5,72,1,233,82,151,35.1931330472103,0.952146796158579,-5.981102343041309,-0.025669967137516347,-7.2198816472819445,26.223440766544755,9278.011835271805,82,25,57,30.48780487804878,0.8103590535091395,-8.692778188520515,-0.10600949010390873,-8.788987797761871,20.51839724847294,9121.101220223813,-10.111753288585618
60,2,3.5,1,2,0.15,24,1,0.1,2.5,6,0,175,64,111,36.57142857142857,0.8068395864776253,-17.78572473104281,-0.10163271274881605,-17.23991868366458,33.16111344378721,8276.008131633542,69,33,36,47.82608695652174,1.1081796917824456,3.635747072239824,0.05269198655420035,3.1832082771085624,8.10309646241045,10318.320827710857,-10.114409384348651
60,2,3.5,1,3,0.05,24,1,0.1,1.0,24,0,184,84,100,45.65217391304348,0.8085789465099174,-19.12554595576371,-0.10394318454219408,-18.151683099725492,29.440953183484254,8184.831690027451,64,32,32,50.0,0.9583424103372696,-1.352573791346941,-0.02113396548979595,-1.655893396264141,8.075145161480586,9834.410660373585,-10.126179025219063
60,2,3.5,1,3,0.05,24,1,0.1,1.0,24,1,184,84,100,45.65217391304348,0.8085789465099174,-19.12554595576371,-0.10394318454219408,-18.151683099725492,29.440953183484254,8184.831690027451,64,32,32,50.0,0.9583424103372696,-1.352573791346941,-0.02113396548979595,-1.655893396264141,8.075145161480586,9834.410660373585,-10.126179025219063
60,2,3.5,1,2,0.05,12,0,0.0,3.0,72,1,110,42,68,38.18181818181818,1.6956648144705295,27.662378287986115,0.2514761662544192,30.57651845702638,7.758555718496892,13057.651845702638,38,10,28,26.31578947368421,0.7469111222877178,-4.266732875850093,-0.11228244410131824,-4.373415258627212,12.936027322052682,9562.658474137279,-10.144227640266585
60,2,3.5,1,0,0.15,12,1,0.1,2.5,24,1,207,45,162,21.73913043478261,0.9221086158633677,-8.862567580049491,-0.04281433613550479,-10.14395430026016,24.562993503342117,8985.604569973984,71,14,57,19.718309859154928,0.8042881827988283,-7.617094099775429,-0.10728301548979477,-7.858630250273412,15.907536303088726,9214.136974972658,-10.165838181680742
60,2,3.5,1,0,0.15,12,1,0.1,1.5,24,1,208,69,139,33.17307692307692,0.8800056755464023,-13.566915023667724,-0.06522555299840252,-13.815086802022092,29.46776003798982,8618.491319797791,73,22,51,30.136986301369863,0.8085535690120442,-7.62772556069716,-0.10448939124242684,-7.748223581134139,17.810608781659955,9225.177641886587,-10.169491079177568
60,3,2.5,1,1,0.05,12,1,0.1,2.5,6,0,147,56,91,38.095238095238095,0.8764315696478217,-10.91574649540405,-0.07425677888029966,-11.417007503068744,25.0705095627829,8858.299249693126,58,19,39,32.758620689655174,0.8238568423825094,-6.221468252280153,-0.10726669400483023,-6.47231315060488,16.14669724888295,9352.768684939512,-10.175432545094404
60,2,3.5,1,0,0.15,12,1,0.1,2.5,6,1,211,60,151,28.436018957345972,0.7884774678896767,-22.06558333114612,-0.10457622431822805,-20.845747891633838,29.020716074780424,7915.425210836616,75,24,51,32.0,0.8564439648814406,-5.2135019227125206,-0.06951335896950027,-5.541159123440065,14.983750636500174,9445.884087655993,-10.188837126501646
30,5,2.5,1,1,0.05,12,0,0.1,1.5,6,0,221,87,134,39.366515837104075,0.735259001910025,-23.25224857974007,-0.10521379447846185,-21.36333905444152,25.959917289561606,7863.666094555848,65,23,42,35.38461538461539,0.7507310311113294,-6.619840110354323,-0.10184369400545112,-6.637772209162884,10.024002656238272,9336.222779083711,-10.189491007197187
60,2,3.5,1,0,0.05,48,1,0.0,1.5,6,1,264,96,168,36.36363636363637,0.8541764850192787,-18.463508399206233,-0.06993753181517513,-17.982926065599834,32.58116282597194,8201.707393440016,101,35,66,34.65346534653465,0.7883762275074273,-10.38349145553067,-0.10280684609436307,-10.313113856013256,21.251658850500746,8968.688614398674,-10.196304642651342
60,2,3.5,1,0,0.05,24,0,0.25,3.0,24,0,198,88,110,44.44444444444444,1.3792264012109812,26.449762206098722,0.13358465760655922,28.818468384081996,8.499008479536553,12881.8468384082,70,29,41,41.42857142857143,0.7346286143506116,-7.9296080122571,-0.11328011446081572,-7.909477243961172,13.133196225896912,9209.052275603883,-10.220478003230031
30,5,3.5,1,2,0.05,12,0,0.1,1.5,6,1,256,111,145,43.359375,0.9647858231718639,-2.819596138828924,-0.011014047417300485,-3.5354265724237166,17.45091669411091,9646.457342757629,80,33,47,41.25,0.6904174874780041,-8.818297866609692,-0.11022872333262115,-8.644786602469756,10.652460410270486,9135.521339753024,-10.24964744448552
30,5,3.5,1,2,0.05,12,0,0.25,1.5,6,1,256,112,144,43.75,0.9511393101067658,-3.748207027748656,-0.014641433702143188,-4.369664184573452,17.973020940119312,9563.033581542655,80,33,47,41.25,0.6715387791863098,-8.76914315383276,-0.10961428942290949,-8.575784636351468,9.898417795063487,9142.421536364853,-10.257287724858244
30,5,3.5,1,2,0.15,12,0,0.1,2.5,6,0,271,122,149,45.018450184501845,1.0865801156982025,7.353012413987907,0.02713288713648674,6.4892103803071866,13.25307653295269,10648.92103803072,89,36,53,40.449438202247194,0.7010080092227644,-10.070517860661674,-0.11315188607485027,-9.854288678642275,10.521177149663405,9014.571132135772,-10.258376213983633
60,2,3.5,1,2,0.15,24,1,0.25,2.0,72,1,175,41,134,23.428571428571427,0.8161908165147742,-18.271014430851388,-0.10440579674772221,-17.77578092189218,31.34701457829089,8222.421907810782,64,18,46,28.125,1.102839938920181,3.338835061326756,0.052169297833230564,2.8632808347880845,11.385267036666145,10286.328083478807,-10.271580189450564
60,2,3.5,1,0,0.15,24,1,0.0,1.5,24,1,241,81,160,33.60995850622407,0.8894809679538029,-14.51472572684701,-0.06022707770475937,-14.815118865829113,30.723398019250798,8518.488113417088,86,26,60,30.232558139534884,0.8088102412929775,-9.024352197506952,-0.10493432787798782,-9.102376211403318,19.677888643576974,9089.762378859668,-10.272625374502415
60,2,3.5,1,0,0.15,24,1,0.0,2.5,6,1,244,68,176,27.868852459016395,0.8519353598822909,-18.181981479240143,-0.07451631753786944,-18.02661969684597,36.323545845712644,8197.338030315403,90,26,64,28.88888888888889,0.802889518335084,-9.142285438795849,-0.10158094931995387,-9.291495941060601,20.519802727240798,9070.85040589394,-10.280642695416294
30,5,3.5,1,0,0.05,12,0,0.1,2.0,24,0,297,111,186,37.37373737373738,0.9835976283973618,-2.5413040164446716,-0.00855657917994839,-4.533331143313357,30.646561465629603,9546.666885668665,103,36,67,34.95145631067961,0.8102393415720147,-10.845230672378076,-0.10529350167357356,-10.873584515298496,15.152388923940533,8912.64154847015,-10.283226082236965
60,3,2.5,1,1,0.05,12,0,0.1,2.5,72,0,136,43,93,31.61764705882353,0.8421003184229314,-14.197537284423746,-0.10439365650311577,-14.339630527172432,31.893960233871383,8566.036947282757,42,14,28,33.333333333333336,1.1151594780062364,3.048520848586586,0.07258382972825204,2.6003263873170424,12.293898068325147,10260.032638731704,-10.29268261592864
30,5,3.5,1,1,0.05,12,1,0.1,3.0,6,1,144,33,111,22.916666666666668,0.8860894743511691,-9.2006699894684,-0.06389354159353056,-10.007930303702306,12.936968471975169,8999.20696962977,50,11,39,22.0,0.811686308831913,-5.7702948503434515,-0.11540589700686903,-6.082155403130985,11.68401606514265,9391.784459686902,-10.300252628069154
60,3,2.5,1,1,0.05,12,1,0.0,3.0,24,1,140,24,116,17.142857142857142,0.817142270723169,-15.001659510610573,-0.10715471079007552,-15.110568461250207,27.07563230675305,8488.94315387498,56,13,43,23.214285714285715,1.0351905631194611,1.1263378437690685,0.020113175781590508,0.5025592501531451,15.699098885016886,10050.255925015314,-10.301419349182941
60,2,3.5,1,3,0.05,24,1,0.1,2.5,6,0,184,64,120,34.78260869565217,0.81470328102137,-18.923105371041814,-0.10284296397305334,-18.35162011045358,34.587360979298545,8164.837988954642,67,26,41,38.80597014925373,0.9620033134091788,-1.4278023893738752,-0.021310483423490675,-1.9418535633437428,12.514658203914419,9805.814643665626,-10.308180723502895
60,2,3.5,1,0,0.15,24,1,0.1,3.0,6,0,244,85,159,34.83606557377049,0.8359069996377564,-21.96685456234576,-0.09002809246863017,-21.194617718995445,35.12153817485563,7880.538228100456,89,30,59,33.70786516853933,0.8317114646636294,-9.181076288686851,-0.10315816054704327,-9.507311778511829,19.31675046853311,9049.268822148817,-10.309704448835378
60,2,3.5,1,2,0.15,24,1,0.25,2.5,24,0,172,48,124,27.906976744186046,0.8553408417162756,-17.64460747694399,-0.10258492719153482,-17.691078756226673,36.5091454118167,8230.892124377333,63,25,38,39.682539682539684,1.4137938831595418,13.926219762595792,0.22105110734279035,14.125343801497102,7.939521360620802,11412.53438014971,-10.322471452093966
60,2,3.5,1,0,0.15,24,1,0.1,2.0,24,1,243,63,180,25.925925925925927,0.8926357389425486,-14.299825194543269,-0.05884701726149493,-14.885996753229868,33.929097537472,8511.400324677013,85,21,64,24.705882352941178,0.816523371463275,-8.811840615800753,-0.10366871312706769,-9.000409853059722,18.881540947057484,9099.959014694028,-10.324135692403187
30,5,3.5,1,2,0.05,12,0,0.0,1.5,6,1,256,111,145,43.359375,1.0201298125890288,1.6088398235753103,0.006284530560841056,0.7965312445014305,14.57172300171456,10079.653124450142,80,33,47,41.25,0.695291804556405,-9.028330149450346,-0.11285412686812932,-8.850105719244672,11.086120624226071,9114.989428075532,-10.329687542335751
60,2,3.5,1,0,0.15,24,1,0.1,1.5,24,0,243,93,150,38.27160493827161,0.8917339763143239,-16.179203121447397,-0.06658108280431027,-16.402080732823542,35.08883564848183,8359.791926717646,84,29,55,34.523809523809526,0.830666960399127,-8.688179347017185,-0.10343070651210934,-8.843617542083926,21.422186524363514,9115.638245791608,-10.342801743672556
60,2,3.5,1,3,0.05,24,1,0.0,1.0,72,0,182,85,97,46.7032967032967,0.8068600022776311,-19.48328928936259,-0.10705104005144281,-18.457018025173365,28.025502535643167,8154.298197482663,64,33,31,51.5625,1.0314275739956424,0.9902354030246033,0.015472428172259427,0.6722586888660453,7.999922771080893,10067.225868886604,-10.355475425738044
60,2,3.5,1,3,0.05,24,1,0.0,1.0,72,1,182,85,97,46.7032967032967,0.8068600022776311,-19.48328928936259,-0.10705104005144281,-18.457018025173365,28.025502535643167,8154.298197482663,64,33,31,51.5625,1.0314275739956424,0.9902354030246033,0.015472428172259427,0.6722586888660453,7.999922771080893,10067.225868886604,-10.355475425738044
30,5,3.5,1,2,0.15,12,0,0.1,3.0,6,1,271,117,154,43.17343173431734,1.0350561902104962,2.93736687492706,0.010838992158402436,1.9078856931854293,13.901962153849343,10190.788569318544,89,34,55,38.20224719101124,0.6811475147785132,-10.089421808194421,-0.1133642899797126,-9.851303090799446,10.518213648884755,9014.869690920055,-10.358270730612167
30,5,3.5,1,1,0.05,12,0,0.0,1.5,72,0,147,55,92,37.414965986394556,0.8389597121878408,-14.51298311134689,-0.0987277762676659,-14.373332518944936,20.50384260029593,8562.666748105506,47,17,30,36.170212765957444,0.8169767240080309,-5.243444219723011,-0.11156264297283001,-5.403675750613035,10.237992907464672,9459.632424938696,-10.365421304193907
60,2,3.5,1,2,0.15,24,1,0.0,3.0,6,0,174,62,112,35.632183908045974,0.8136490681091629,-17.95539739006668,-0.10319193902337172,-17.515036820081818,35.01246896121858,8248.496317991818,69,32,37,46.3768115942029,1.1336227242860144,4.690381302490105,0.06797654061579862,4.179428054851386,9.942531866031375,10417.94280548514,-10.367794379587027
30,5,3.5,1,1,0.05,12,0,0.0,2.5,6,0,168,63,105,37.5,0.7167094616717444,-18.293316419683944,-0.10888878821240443,-17.25690991992429,21.807087063026316,8274.30900800757,50,16,34,32.0,0.8816349330942306,-2.2781517372705515,-0.045563034745411034,-2.483119996397176,9.008055917903675,9751.688000360282,-10.370702558406101
60,2,3.5,1,2,0.05,12,0,0.1,3.0,72,1,109,42,67,38.53211009174312,1.6434403092460235,25.519813011361695,0.23412672487487793,27.86467722738857,7.753735779525696,12786.467722738857,38,10,28,26.31578947368421,0.7407229212350385,-4.359343555694656,-0.11471956725512251,-4.460318304664601,12.728678319180833,9553.96816953354,-10.38787541758006
60,3,3.5,1,1,0.05,12,0,0.25,1.5,24,1,87,36,51,41.37931034482759,0.8266908855723625,-5.978684987749304,-0.06872051710056672,-6.112371970488306,9.735772782575701,9388.762802951169,31,12,19,38.70967741935484,0.7038537020811814,-3.5891677758509046,-0.11577960567260982,-3.6253678402793255,7.952586045843378,9637.463215972068,-10.40782593977319
60,2,3.5,1,0,0.05,12,1,0.25,1.5,72,0,197,79,118,40.101522842639596,0.9483106716437987,-6.259068947218,-0.031771923589939084,-7.433254879480011,31.173347633779386,9256.674512051999,69,25,44,36.231884057971016,0.8350038822139503,-7.343452055229944,-0.10642684138014412,-7.543883916714056,20.222165031997978,9245.611608328594,-10.418227707408338
60,2,3.5,1,0,0.15,12,1,0.1,2.0,6,0,211,75,136,35.54502369668246,0.8108938461037467,-21.869986132501747,-0.10364922337678553,-20.728035990034456,35.41051001052424,7927.196400996555,76,29,47,38.1578947368421,0.822755204104553,-7.6356626131268435,-0.10046924490956373,-7.822819708076489,17.06812682509172,9217.71802919235,-10.433384703917147
60,2,3.5,1,0,0.05,12,0,0.1,2.5,24,1,177,69,108,38.983050847457626,1.2842649567827338,16.892217612471455,0.09543625769757884,17.315864823030914,8.832541871233138,11731.586482303092,60,23,37,38.333333333333336,0.7190761306523424,-6.8939410707142175,-0.11489901784523696,-6.889617605019794,13.285397980007424,9311.03823949802,-10.437786015602125
30,5,3.5,1,2,0.05,12,0,0.0,3.0,6,1,255,106,149,41.568627450980394,1.030826504934926,2.4680516671573294,0.009678633988852272,1.4719387673696627,15.41028742761712,10147.193876736967,80,31,49,38.75,0.6939198595261997,-9.084223313231487,-0.11355279141539358,-8.935506265919335,11.008372924135317,9106.449373408066,-10.452611752676741
60,2,3.5,1,2,0.05,12,1,0.25,2.0,6,0,132,50,82,37.878787878787875,0.7892400147313053,-14.303431679066268,-0.10835933090201719,-13.975962460691282,26.605808239631845,8602.403753930872,50,25,25,50.0,1.3816989482277977,7.862424828348861,0.15724849656697723,7.827809214693415,6.180833017618223,10782.780921469343,-10.460618991844585
60,2,3.5,1,0,0.05,12,1,0.0,3.0,6,0,195,65,130,33.333333333333336,0.819290534187301,-20.6650831773166,-0.10597478552470051,-19.971724783597,32.21794598654208,8002.8275216403,72,28,44,38.888888888888886,1.1269041501694426,5.258005959198707,0.07302786054442649,4.574183385713604,15.842972080966941,10457.41833857136,-10.462928299173132
60,2,3.5,1,0,0.15,12,0,0.25,2.0,24,1,190,81,109,42.63157894736842,1.348299466855495,20.72054817659448,0.10905551671891832,21.97685016679589,8.648771130812614,12197.68501667959,61,25,36,40.98360655737705,0.7146746971797224,-6.984179237568389,-0.1144947415994818,-6.956201729522549,14.436405311757367,9304.379827047745,-10.473595645789667
60,2,3.5,1,2,0.05,24,1,0.25,1.0,24,1,168,75,93,44.642857142857146,0.7971263514609085,-18.447313709673036,-0.10980543874805379,-17.520711505114704,25.343374481630132,8247.92884948853,58,27,31,46.55172413793103,0.9499582599700541,-1.3768767416316245,-0.02373925416606249,-1.6286007199963537,8.773300966638049,9837.139928000364,-10.499139896390798
60,2,3.5,1,2,0.05,24,1,0.25,1.0,24,0,168,75,93,44.642857142857146,0.7971263514609085,-18.447313709673036,-0.10980543874805379,-17.520711505114704,25.343374481630132,8247.92884948853,58,27,31,46.55172413793103,0.9499582599700541,-1.3768767416316245,-0.02373925416606249,-1.6286007199963537,8.773300966638049,9837.139928000364,-10.499139896390798
60,3,3.5,1,1,0.05,12,0,0.25,1.0,24,1,88,41,47,46.59090909090909,0.8235894062258136,-6.070277456978122,-0.06898042564747865,-6.159998910053455,10.687133524313413,9384.000108994655,31,13,18,41.935483870967744,0.7028546423917197,-3.600379079577566,-0.11614126063153439,-3.6233502634290593,7.789347285351693,9637.664973657094,-10.503071199548831
60,3,3.5,1,1,0.05,12,0,0.25,1.0,24,0,88,41,47,46.59090909090909,0.8235894062258136,-6.070277456978122,-0.06898042564747865,-6.159998910053455,10.687133524313413,9384.000108994655,31,13,18,41.935483870967744,0.7028546423917197,-3.600379079577566,-0.11614126063153439,-3.6233502634290593,7.789347285351693,9637.664973657094,-10.503071199548831
30,5,3.5,1,0,0.05,12,0,0.1,2.5,24,1,300,88,212,29.333333333333332,1.0706697022121983,9.504062065112882,0.03168020688370961,7.5896204895315345,24.723290360397083,10758.962048953153,103,29,74,28.155339805825243,0.7779791208833035,-11.376079750839239,-0.11044737622174018,-11.327968350299667,16.48065237148474,8867.203164970033,-10.5077377121171
60,2,3.5,1,3,0.05,24,1,0.0,1.0,24,1,182,83,99,45.604395604395606,0.8016563200438674,-19.703974512578224,-0.10826359622295728,-18.617695506754707,28.41544038625974,8138.230449324529,64,33,31,51.5625,1.0184497885223196,0.5813249783661613,0.00908320278697127,0.2646276306956574,7.999922771080893,10026.462763069567,-10.510534678394013
60,2,3.5,1,3,0.05,24,1,0.0,1.0,24,0,182,83,99,45.604395604395606,0.8016563200438674,-19.703974512578224,-0.10826359622295728,-18.617695506754707,28.41544038625974,8138.230449324529,64,33,31,51.5625,1.0184497885223196,0.5813249783661613,0.00908320278697127,0.2646276306956574,7.999922771080893,10026.462763069567,-10.510534678394013
60,2,3.5,1,0,0.05,24,1,0.25,1.0,72,1,238,115,123,48.319327731092436,0.8756938634377789,-15.747389848306588,-0.06616550356431339,-15.584056522998003,30.040785234444574,8441.5943477002,84,38,46,45.23809523809524,0.8058137226604999,-9.042499698632623,-0.10764880593610265,-9.029844688568577,19.9121083295089,9097.015531143143,-10.511435136706908
60,2,3.5,1,0,0.05,24,1,0.25,1.0,72,0,238,115,123,48.319327731092436,0.8756938634377789,-15.747389848306588,-0.06616550356431339,-15.584056522998003,30.040785234444574,8441.5943477002,84,38,46,45.23809523809524,0.8058137226604999,-9.042499698632623,-0.10764880593610265,-9.029844688568577,19.9121083295089,9097.015531143143,-10.511435136706908
60,2,3.5,1,0,0.05,24,1,0.1,1.0,24,0,236,112,124,47.45762711864407,0.8742680154077492,-15.503832168577704,-0.06569420410414281,-15.344728288506248,26.10978644766828,8465.527171149375,85,38,47,44.705882352941174,0.8003143922693772,-9.344740221685722,-0.10993812025512614,-9.30508787225599,17.68132488501688,9069.491212774401,-10.514335698208606
60,2,3.5,1,0,0.05,24,1,0.1,1.0,24,1,236,112,124,47.45762711864407,0.8742680154077492,-15.503832168577704,-0.06569420410414281,-15.344728288506248,26.10978644766828,8465.527171149375,85,38,47,44.705882352941174,0.8003143922693772,-9.344740221685722,-0.10993812025512614,-9.30508787225599,17.68132488501688,9069.491212774401,-10.514335698208606
60,3,3.5,1,1,0.05,12,0,0.0,1.0,72,0,88,39,49,44.31818181818182,0.7799593915070543,-10.198578171184387,-0.11589293376345894,-10.061222836351458,13.772030110468664,8993.877716364854,28,13,15,46.42857142857143,0.834846370642417,-2.3748388258531787,-0.08481567235189924,-2.474356891133922,6.858467826475066,9752.564310886608,-10.518966816961258
60,3,3.5,1,1,0.05,12,0,0.0,1.0,72,1,88,39,49,44.31818181818182,0.7799593915070543,-10.198578171184387,-0.11589293376345894,-10.061222836351458,13.772030110468664,8993.877716364854,28,13,15,46.42857142857143,0.834846370642417,-2.3748388258531787,-0.08481567235189924,-2.474356891133922,6.858467826475066,9752.564310886608,-10.518966816961258
30,5,3.5,1,1,0.05,12,0,0.25,1.0,6,0,168,68,100,40.476190476190474,0.6889348789755141,-18.216757775880662,-0.10843308199928965,-17.004031016601918,19.659233270437788,8299.596898339809,50,17,33,34.0,0.6758222087949103,-5.55011397001342,-0.11100227940026841,-5.515246212146884,8.05581919409082,9448.475378785311,-10.534954955390855
30,5,3.5,1,1,0.05,12,0,0.25,1.0,6,1,168,68,100,40.476190476190474,0.6889348789755141,-18.216757775880662,-0.10843308199928965,-17.004031016601918,19.659233270437788,8299.596898339809,50,17,33,34.0,0.6758222087949103,-5.55011397001342,-0.11100227940026841,-5.515246212146884,8.05581919409082,9448.475378785311,-10.534954955390855
60,2,3.5,1,0,0.05,12,0,0.0,1.5,24,0,178,77,101,43.258426966292134,1.1133332888113334,7.592805823781807,0.042656212493156216,7.053057914719751,11.743488217611192,10705.305791471976,62,26,36,41.935483870967744,0.7299007823619178,-7.205234807938763,-0.11621346464417359,-7.172134978593025,13.875687090295175,9282.786502140698,-10.57977265247208
60,2,3.5,1,0,0.15,12,1,0.0,2.5,6,0,208,70,138,33.65384615384615,0.826216948149079,-21.128083168128477,-0.1015773229236946,-20.35815719127886,34.127416407537496,7964.184280872114,76,27,49,35.526315789473685,0.8235686718256038,-8.072906866013,-0.10622245876332895,-8.320377131702006,18.18143668171455,9167.9622868298,-10.58837297494857
30,5,2.5,1,1,0.05,12,0,0.0,3.0,72,0,184,48,136,26.08695652173913,0.8599092614334215,-18.968757009503147,-0.10309107070382145,-19.160553508409595,40.14990690416407,8083.944649159041,54,19,35,35.18518518518518,1.222423286086308,7.508805716742181,0.1390519577174478,7.019752396521461,10.073207400545792,10701.975239652145,-10.597549643241898
60,2,3.5,1,0,0.15,12,0,0.0,1.5,24,0,192,84,108,43.75,1.0960229620972441,6.904038794842081,0.0359585353898025,6.277588267383316,11.595936335772421,10627.758826738333,63,27,36,42.857142857142854,0.7180745664223556,-7.302104387125335,-0.11590641884325929,-7.249839092427591,14.684849784508911,9275.01609075724,-10.619695430215785
60,2,3.5,1,2,0.15,24,1,0.1,3.0,6,0,175,63,112,36.0,0.7978065781283755,-18.666054679581237,-0.10666316959760706,-17.998024090753006,32.989633649210795,8200.1975909247,69,33,36,47.82608695652174,1.242074762959964,8.135747072239822,0.11790937785854813,7.8033394066391315,7.6547106155111315,10780.333940663913,-10.625232298251667
30,5,3.5,1,1,0.05,12,0,0.25,2.0,6,1,168,60,108,35.714285714285715,0.6834401852252047,-18.62940537917283,-0.11088931773317161,-17.42023179500275,21.70366878350371,8257.976820499725,50,15,35,30.0,0.7761065735805606,-3.8424292999562466,-0.07684858599912493,-3.9319643315183894,7.140573477494833,9606.80356684816,-10.63108896660454
60,2,3.5,1,0,0.15,12,1,0.1,1.0,6,1,214,92,122,42.99065420560748,0.774975380894775,-23.22841370649036,-0.10854398928266523,-21.424948159790002,29.394127052325747,7857.505184021,76,36,40,47.36842105263158,0.8615485335583902,-5.140516186580273,-0.06763837087605622,-5.329068931378389,10.817685655270113,9467.093106862161,-10.63371524743115
60,2,3.5,1,0,0.15,12,1,0.1,1.0,6,0,214,92,122,42.99065420560748,0.774975380894775,-23.22841370649036,-0.10854398928266523,-21.424948159790002,29.394127052325747,7857.505184021,76,36,40,47.36842105263158,0.8615485335583902,-5.140516186580273,-0.06763837087605622,-5.329068931378389,10.817685655270113,9467.093106862161,-10.63371524743115
60,2,3.5,1,0,0.15,24,1,0.0,2.5,72,1,240,52,188,21.666666666666668,0.9376573013691518,-8.372545677726801,-0.03488560699052834,-10.054386304600316,32.25471251919292,8994.561369539968,83,15,68,18.072289156626507,0.806711373304039,-8.927000077741837,-0.10755421780411853,-9.169600576678171,21.66228716713717,9083.039942332183,-10.634200105071018
30,5,3.5,1,2,0.15,12,0,0.0,2.5,6,0,271,122,149,45.018450184501845,1.09457262533124,8.140831927387637,0.0300399702117625,7.303900753161141,13.107048011008388,10730.390075316114,89,35,54,39.325842696629216,0.7012431149303826,-10.429741321686388,-0.1171881047380493,-10.206863394851862,10.901216261362492,8979.313660514814,-10.652766157571643
60,3,2.5,1,1,0.05,12,0,0.0,1.5,72,1,146,47,99,32.19178082191781,0.7879107220414353,-16.444671010324313,-0.1126347329474268,-15.857947668482552,22.632529210830477,8414.205233151744,47,19,28,40.42553191489362,1.0632610538993599,1.5495347151824037,0.032968823727285185,1.2449120199300001,9.618275981578178,10124.491201993,-10.65848350221885
60,2,3.5,1,0,0.15,12,1,0.1,1.0,24,0,210,98,112,46.666666666666664,0.8398880163110869,-17.958474505216753,-0.08551654526293692,-17.29711167093534,27.26522987036775,8270.288832906466,74,33,41,44.5945945945946,0.7989334772654142,-8.189357058014423,-0.11066698727046517,-8.200789975807442,14.209926301109931,9179.921002419256,-10.672996753384123
60,2,3.5,1,0,0.15,12,1,0.1,1.0,24,1,210,98,112,46.666666666666664,0.8398880163110869,-17.958474505216753,-0.08551654526293692,-17.29711167093534,27.26522987036775,8270.288832906466,74,33,41,44.5945945945946,0.7989334772654142,-8.189357058014423,-0.11066698727046517,-8.200789975807442,14.209926301109931,9179.921002419256,-10.672996753384123
60,2,3.5,1,0,0.15,12,1,0.1,3.0,24,0,203,58,145,28.571428571428573,1.0320957352071456,4.671656519264233,0.02301308630179425,1.8685304522909618,34.10048608816297,10186.853045229096,70,17,53,24.285714285714285,0.8450321405295783,-7.528211873853969,-0.10754588391219956,-7.993927918889144,20.29031375279845,9200.607208111085,-10.684285287746446
60,3,2.5,1,1,0.05,12,1,0.0,3.0,6,0,142,51,91,35.91549295774648,0.9109092571460335,-8.043627570347434,-0.05664526457991151,-9.023839417289636,25.457887555565335,9097.616058271036,58,18,40,31.03448275862069,0.8265610224047704,-6.507151202282341,-0.11219226210831622,-6.818970642218824,19.094350146285013,9318.102935778117,-10.685823674965429
30,5,3.5,1,1,0.05,12,0,0.0,1.5,6,0,168,64,104,38.095238095238095,0.7019596550080721,-18.935535501983995,-0.11271152084514283,-17.691425492110724,20.478688090594932,8230.857450788928,50,17,33,34.0,0.8384910857722646,-2.9405836883921603,-0.05881167376784321,-3.068712740060786,6.682072488223273,9693.128725993922,-10.702771496661402
60,3,2.5,1,1,0.05,12,1,0.0,1.5,24,0,142,60,82,42.25352112676056,1.0202778970463726,1.7379329326645092,0.012238964314538798,0.6571628890156278,20.062616642985436,10065.716288901562,56,21,35,37.5,0.8194821109212249,-6.467226244927436,-0.11548618294513278,-6.632732612443526,13.69422005009958,9336.726738755648,-10.709105944466499
60,2,3.5,1,0,0.05,12,0,0.1,1.0,72,1,167,90,77,53.89221556886228,1.15029653224926,10.585364286986561,0.06338541489213509,10.348737831270839,12.732369288527062,11034.873783127085,56,24,32,42.857142857142854,0.7772075515690885,-6.565415854591234,-0.11723956883198632,-6.594679145842452,16.001896485443936,9340.532085415754,-10.725350442403634
60,2,3.5,1,0,0.05,12,0,0.1,1.0,72,0,167,90,77,53.89221556886228,1.15029653224926,10.585364286986561,0.06338541489213509,10.348737831270839,12.732369288527062,11034.873783127085,56,24,32,42.857142857142854,0.7772075515690885,-6.565415854591234,-0.11723956883198632,-6.594679145842452,16.001896485443936,9340.532085415754,-10.725350442403634
60,3,2.5,1,1,0.05,12,0,0.0,1.5,72,0,142,54,88,38.028169014084504,0.8139435239283828,-15.934887117255563,-0.11221751491025045,-15.513047098920508,25.53539318237199,8448.69529010795,46,20,26,43.47826086956522,1.0808478906926546,2.0591952175285257,0.04476511342453317,1.7460090443190746,9.61827598157815,10174.600904431907,-10.740973273939595
60,2,3.5,1,2,0.05,12,1,0.25,1.5,72,0,132,48,84,36.36363636363637,0.8279165189453195,-14.752699080111421,-0.11176287181902592,-14.542335842171472,27.088032687921654,8545.766415782853,47,18,29,38.297872340425535,0.9145305308243064,-2.504010550896556,-0.05327682023184162,-2.8102165256330247,10.712453799348921,9718.978347436698,-10.758616004196462
30,5,3.5,1,1,0.05,12,0,0.25,1.5,6,1,168,62,106,36.904761904761905,0.6784642011266926,-18.905838458396058,-0.11253475272854796,-17.61352292070706,21.07445017042931,8238.647707929294,50,15,35,30.0,0.6985821076273653,-5.172893906290733,-0.10345787812581467,-5.179221794290734,7.732005185965013,9482.077820570927,-10.767831317554737
30,5,3.5,1,1,0.05,12,0,0.0,2.5,6,1,168,58,110,34.523809523809526,0.6941449480015548,-18.900358754980562,-0.11250213544631286,-17.718800955175574,22.03334671940136,8228.119904482443,50,14,36,28.0,0.7551136273177715,-4.468982358178017,-0.08937964716356034,-4.563468524653036,8.589617374200758,9543.653147534696,-10.790741888519825
30,5,3.5,1,1,0.05,12,0,0.25,2.0,6,0,168,64,104,38.095238095238095,0.6847841482620379,-18.878379895281515,-0.11237130890048522,-17.631559905678117,22.066797347316434,8236.844009432189,50,16,34,32.0,0.7769447053452526,-4.047280580932088,-0.08094561161864176,-4.13650418113315,8.069392093936758,9586.349581886685,-10.798387871091
60,2,3.5,1,0,0.15,12,0,0.25,1.5,72,1,170,70,100,41.1764705882353,1.16862951081283,12.175076025830673,0.0716180942695922,11.883170140895526,14.608802793069236,11188.317014089553,55,19,36,34.54545454545455,0.7771884069281874,-6.528917553666156,-0.1187075918848392,-6.602954897108681,14.878386981058739,9339.704510289132,-10.806550424417553
30,5,3.5,1,1,0.05,12,0,0.25,1.5,6,0,168,66,102,39.285714285714285,0.6819628057968813,-18.973446942884234,-0.11293718418383472,-17.675076741955674,21.29778638217191,8232.492325804433,50,16,34,32.0,0.7036196247487141,-5.377745187266575,-0.1075549037453315,-5.381106089931709,8.069392093936774,9461.88939100683,-10.814477426447592
30,5,3.5,1,2,0.15,12,0,0.1,2.5,72,0,204,67,137,32.84313725490196,1.0478132984452075,6.30497961270378,0.03090676280737147,4.1228341560652915,35.79234631421519,10412.28341560653,73,22,51,30.136986301369863,0.8363499028095053,-7.876675647805069,-0.10789966640828862,-8.210272240680915,14.127726639272876,9178.972775931908,-10.834401104742344
60,3,2.5,1,1,0.05,12,0,0.1,1.5,72,1,145,47,98,32.41379310344828,0.7840563446224562,-16.511806632177795,-0.11387452849777789,-15.901114048653419,23.721270682111204,8409.888595134658,47,19,28,40.42553191489362,1.063263543344382,1.5483042524698172,0.03294264366957058,1.2438464095680724,9.594213106966288,10124.384640956807,-10.85549630036876
60,3,3.5,1,1,0.05,12,0,0.0,2.5,24,0,87,37,50,42.52873563218391,1.0545819668343388,2.0511670470035988,0.023576632724179297,1.5245745116892584,7.3189225890944964,10152.457451168926,30,10,20,33.333333333333336,0.7464332052684042,-3.6637170752633437,-0.12212390250877812,-3.7617602829434493,8.335396048967063,9623.823971705655,-10.876248882830515
30,5,2.5,1,1,0.05,12,0,0.25,2.0,72,0,186,60,126,32.25806451612903,0.8372162278931421,-20.286717504998652,-0.10906837368278845,-19.67930753891266,34.3271513363893,8032.069246108734,54,18,36,33.333333333333336,0.8732125345634306,-4.3969361650996825,-0.08142474379814227,-4.740497452685144,10.558698268291039,9525.950254731486,-10.89130067415267
60,2,3.5,1,0,0.15,12,1,0.25,3.0,24,1,207,48,159,23.18840579710145,1.0484628342164881,5.509135166871478,0.02661417955010376,3.378658357598341,24.180520949544395,10337.865835759834,71,14,57,19.718309859154928,0.7960571507639784,-8.159695157532106,-0.1149252839089029,-8.411595629362711,20.002186557311983,9158.840437063729,-10.923578734433393
60,3,2.5,1,1,0.05,12,1,0.25,2.5,72,0,145,38,107,26.20689655172414,0.8519595927473667,-16.31021370051462,-0.1124842324173422,-16.494170534989827,29.855051571541523,8350.582946501017,55,15,40,27.272727272727273,0.917513298960007,-3.348921119387355,-0.060889474897951906,-3.932012021218312,17.06319633249496,9606.79879787817,-10.933271981458464
30,5,3.5,1,2,0.15,12,0,0.1,2.0,6,0,271,122,149,45.018450184501845,1.0213968367747717,1.8171748230666656,0.0067054421515375115,0.8880457796142993,15.313679759869773,10088.80457796143,89,36,53,40.449438202247194,0.6870776783023104,-10.539713192532215,-0.11842374373631702,-10.264788828671467,10.928640462849293,8973.521117132854,-10.93705883558624
60,2,3.5,1,0,0.05,12,0,0.1,1.5,72,0,159,66,93,41.509433962264154,0.9759202446061136,-1.983797531872576,-0.01247671403693444,-2.909284789979616,20.38632866500387,9709.071521002039,54,20,34,37.03703703703704,0.8047654890539703,-6.331887614763839,-0.1172571780511822,-6.458179921569284,13.404956538232316,9354.182007843072,-10.938633228387264
60,2,3.5,1,0,0.15,24,1,0.1,1.5,6,0,248,95,153,38.306451612903224,0.8269455999855729,-22.217435994441896,-0.08958643546145925,-20.997311212373948,35.24882260948844,7900.268878762605,90,36,54,40.0,0.8032501585547623,-9.80088925130985,-0.10889876945899832,-9.799626526754569,18.42071349610308,9020.037347324544,-10.947220034707929
30,5,3.5,1,0,0.05,12,0,0.0,3.0,72,0,241,74,167,30.70539419087137,0.9861518407999849,-2.252774938711017,-0.009347613853572684,-5.06858965228335,44.26754037727,9493.141034771665,85,25,60,29.41176470588235,0.8430973837080562,-8.867731864126148,-0.1043262572250135,-9.3024825270978,21.261902348675605,9069.75174729022,-10.957048648096087
30,5,3.5,1,2,0.05,12,0,0.25,2.0,72,0,197,71,126,36.04060913705584,1.0170077983822514,2.0458003525892083,0.010384773363396996,0.293843512233094,29.43201847832236,10029.384351223309,68,22,46,32.35294117647059,0.8230609184747558,-7.657779513980966,-0.11261440461736714,-7.882293398061724,10.95208855525484,9211.770660193828,-10.95782908302682
30,5,3.5,1,2,0.15,12,0,0.1,1.5,6,0,272,123,149,45.220588235294116,0.9886534802749345,-0.9636288854681186,-0.003542753255397495,-1.7821118084013654,15.743940958304634,9821.788819159863,89,37,52,41.57303370786517,0.677365433863596,-10.539713192532192,-0.11842374373631676,-10.231686507013581,10.89578302867805,8976.831349298642,-10.982298996369737
30,5,3.5,1,2,0.15,12,0,0.0,3.0,6,0,271,122,149,45.018450184501845,1.1269032503179512,10.923859079297287,0.04030944309703796,10.229542826406801,11.99202604604947,11022.95428264068,89,35,54,39.325842696629216,0.6912654911170892,-10.778064793306127,-0.12110185161018121,-10.51600972479102,11.207972022840847,8948.399027520898,-10.997194774513884
60,2,3.5,1,0,0.05,12,0,0.1,3.0,24,0,171,72,99,42.10526315789474,1.2773206916992759,18.32565136748935,0.10716755185666287,18.8319815867253,11.296202160615023,11883.19815867253,60,24,36,40.0,0.7261274309755843,-7.261678390441602,-0.12102797317402669,-7.2774731094247365,12.90529885036241,9272.252689057526,-11.013773000055915
30,5,3.5,1,2,0.15,12,0,0.1,2.5,6,1,271,117,154,43.17343173431734,1.0186921465090752,1.5662195933830452,0.005779408093664373,0.5773735933123358,15.3310468216313,10057.737359331233,89,34,55,38.20224719101124,0.665346188831246,-10.589421808194428,-0.11898226750780257,-10.288959489116733,10.952632311296162,8971.104051088327,-11.037416215382617
60,2,3.5,1,2,0.15,24,1,0.25,1.0,72,0,178,81,97,45.50561797752809,0.7955837707427559,-20.328182760354103,-0.11420327393457361,-19.12452863851507,27.13397253013946,8087.547136148492,65,33,32,50.76923076923077,1.0103196851576015,0.33351260174214437,0.005130963103725298,0.008724443280772043,9.291520332137512,10000.872444328077,-11.038232729577576
60,2,3.5,1,2,0.15,24,1,0.25,1.0,72,1,178,81,97,45.50561797752809,0.7955837707427559,-20.328182760354103,-0.11420327393457361,-19.12452863851507,27.13397253013946,8087.547136148492,65,33,32,50.76923076923077,1.0103196851576015,0.33351260174214437,0.005130963103725298,0.008724443280772043,9.291520332137512,10000.872444328077,-11.038232729577576
60,2,3.5,1,3,0.05,24,1,0.1,3.0,6,1,185,52,133,28.10810810810811,0.7674745847790093,-20.52669131359046,-0.11095508818157006,-19.50460959157453,31.664434591767215,8049.539040842547,67,25,42,37.3134328358209,1.1600061152381298,5.21536367494865,0.0778412488798306,4.739473967369379,9.849753955950304,10473.947396736938,-11.038474953587409
30,5,2.5,1,1,0.05,12,0,0.25,1.0,24,1,207,91,116,43.96135265700483,0.7750829250895053,-23.7262950273645,-0.11461978274089131,-21.83931985373806,26.061634516076115,7816.068014626194,59,26,33,44.067796610169495,0.8014402519446565,-5.655195024079549,-0.09585076311999235,-5.732379750717231,8.751713199437972,9426.762024928277,-11.066076038652477
30,5,2.5,1,1,0.05,12,0,0.25,1.0,24,0,207,91,116,43.96135265700483,0.7750829250895053,-23.7262950273645,-0.11461978274089131,-21.83931985373806,26.061634516076115,7816.068014626194,59,26,33,44.067796610169495,0.8014402519446565,-5.655195024079549,-0.09585076311999235,-5.732379750717231,8.751713199437972,9426.762024928277,-11.066076038652477
30,5,3.5,1,2,0.05,12,0,0.0,1.5,6,0,256,115,141,44.921875,1.0275000760022004,2.2352435415565033,0.008731420084205091,1.4127785558283978,13.074764828881111,10141.27785558284,80,34,46,42.5,0.6839934851778172,-9.676806201699979,-0.12096007752124974,-9.444614854410938,11.666045745906912,9055.538514558906,-11.073061756034964
30,5,2.5,1,1,0.05,12,0,0.25,2.0,6,0,220,87,133,39.54545454545455,0.7673415792346554,-19.113111402708302,-0.08687777910321956,-18.050444211332273,23.028426202639043,8194.955578866773,65,22,43,33.84615384615385,0.7177639891921652,-7.510758766637094,-0.11555013487133992,-7.4725481940350775,11.051441142709384,9252.745180596492,-11.08222560670536
30,5,3.5,1,2,0.05,12,0,0.0,1.0,6,1,257,119,138,46.30350194552529,0.9339380944250465,-5.266331498352262,-0.020491562250397905,-5.745984018896467,18.808461119638867,9425.401598110353,80,35,45,43.75,0.6816875949880247,-9.420658664747178,-0.11775823330933972,-9.186935354548709,11.200512450298387,9081.306464545129,-11.101510892669014
30,5,3.5,1,2,0.05,12,0,0.0,1.0,6,0,257,119,138,46.30350194552529,0.9339380944250465,-5.266331498352262,-0.020491562250397905,-5.745984018896467,18.808461119638867,9425.401598110353,80,35,45,43.75,0.6816875949880247,-9.420658664747178,-0.11775823330933972,-9.186935354548709,11.200512450298387,9081.306464545129,-11.101510892669014
30,5,3.5,1,1,0.05,12,1,0.25,3.0,6,1,156,39,117,25.0,0.8636264779419636,-11.223316164648548,-0.07194433438877275,-11.7666153916956,18.310223594694428,8823.33846083044,50,11,39,22.0,0.8018235162145574,-6.0183572677481845,-0.12036714535496369,-6.302461999422393,12.383972861872014,9369.75380005776,-11.138498355476488
30,5,3.5,1,0,0.05,12,0,0.1,3.0,72,0,237,73,164,30.80168776371308,0.9755790519134416,-3.874931521139441,-0.016349922030124225,-6.4927503056446785,45.319717325517026,9350.724969435532,85,25,60,29.41176470588235,0.8409528655326195,-8.975108094402913,-0.10558950699297544,-9.397586141697122,21.28854568482926,9060.241385830288,-11.150793278137975
30,5,2.5,1,1,0.05,12,0,0.0,3.0,24,0,198,60,138,30.303030303030305,0.8315129026947633,-21.586997043771444,-0.10902523759480527,-20.966270025404743,38.915615733686,7903.372997459525,58,20,38,34.48275862068966,0.9331514583806365,-2.245174730762184,-0.03870990915107214,-2.7577176052119623,9.784030499231863,9724.228239478804,-11.166681153721589
60,2,3.5,1,0,0.15,12,1,0.25,1.5,24,0,210,84,126,40.0,0.9600178136741763,-5.014582245973796,-0.023878963076065695,-6.325090179478776,29.95058545738139,9367.490982052122,72,24,48,33.333333333333336,0.8060010017242452,-8.219317945654081,-0.11415719368964002,-8.31230508367986,19.612130010017214,9168.769491632014,-11.171706548843556
30,5,3.5,1,2,0.15,12,0,0.0,1.0,6,1,273,128,145,46.88644688644688,0.9420225501925082,-4.839340985672978,-0.017726523757043876,-5.373002551918271,18.554885956739188,9462.699744808173,89,38,51,42.69662921348315,0.6777886737429601,-10.56020444806656,-0.11865398256254563,-10.236128888861607,11.328263722367035,8976.38711111384,-11.173133099139967
30,5,3.5,1,2,0.15,12,0,0.0,1.0,6,0,273,128,145,46.88644688644688,0.9420225501925082,-4.839340985672978,-0.017726523757043876,-5.373002551918271,18.554885956739188,9462.699744808173,89,38,51,42.69662921348315,0.6777886737429601,-10.56020444806656,-0.11865398256254563,-10.236128888861607,11.328263722367035,8976.38711111384,-11.173133099139967
60,2,3.5,1,0,0.05,12,0,0.25,2.0,24,0,176,78,98,44.31818181818182,1.308297180557579,19.525635847813408,0.11094111277166709,20.452894455428904,8.239703834355526,12045.28944554289,60,24,36,40.0,0.7204098462307573,-7.3489581092249345,-0.12248263515374891,-7.320441488142427,13.252278893183272,9267.955851185758,-11.19149317008704
30,5,3.5,1,2,0.15,12,0,0.0,3.0,72,0,201,61,140,30.34825870646766,1.0196946859560347,2.6626720598863063,0.013247124676051275,0.12653353878888662,39.971173074817315,10012.653353878888,72,20,52,27.77777777777778,0.840403846705704,-7.854478905859159,-0.10908998480359942,-8.286626237660656,17.090717084319156,9171.337376233934,-11.197415227322733
60,2,3.5,1,0,0.15,12,1,0.0,2.0,6,0,209,72,137,34.44976076555024,0.8070359739390522,-23.25805003195098,-0.11128253603804296,-21.89317294147398,35.4486594789294,7810.682705852602,76,29,47,38.1578947368421,0.8267939461219589,-7.572906866012935,-0.09964351139490704,-7.776439097733379,17.408319598544594,9222.356090226662,-11.206720682476588
60,3,3.5,1,1,0.05,12,0,0.1,2.0,24,0,87,37,50,42.52873563218391,0.9298010634506237,-2.6085185545908116,-0.029982971891848408,-2.993490516478692,9.410009371736342,9700.650948352131,31,11,20,35.483870967741936,0.7301050607098891,-3.8629020412381094,-0.12460974326574546,-3.932926474534293,8.731050907981228,9606.707352546571,-11.218791177178975
30,5,3.5,1,1,0.05,12,0,0.1,2.5,6,1,168,58,110,34.523809523809526,0.6767152094581503,-19.465285342391713,-0.11586479370471257,-18.150360957924462,23.1970708385817,8184.963904207554,50,14,36,28.0,0.7493269102222141,-4.540212478064825,-0.09080424956129651,-4.6287017295357336,8.342095179542373,9537.129827046427,-11.231690638597428
30,5,3.5,1,2,0.05,12,0,0.0,2.0,6,0,255,113,142,44.31372549019608,1.0331241004435916,2.7270733280224624,0.010694405207931225,1.8134319056509307,16.19407815498055,10181.343190565094,80,33,47,41.25,0.6941341903680464,-9.676806201699963,-0.12096007752124953,-9.478011975296408,10.952745515052051,9052.198802470359,-11.239939145220449
60,2,3.5,1,3,0.05,24,1,0.0,3.0,6,1,182,49,133,26.923076923076923,0.773383199645515,-20.58196538905471,-0.11308772191788302,-19.61195340132843,31.72925975004469,8038.804659867157,67,25,42,37.3134328358209,1.2188980384539274,6.977731388662319,0.10414524460690028,6.593359217810013,9.131974576330427,10659.335921781001,-11.243810606982342
60,2,3.5,1,0,0.15,12,0,0.0,1.5,24,1,193,80,113,41.45077720207254,1.1396656377362249,9.252060338667048,0.04793813646977745,8.856068639697835,10.106295287893213,10885.606863969782,63,26,37,41.26984126984127,0.7039628244368982,-7.669639143342294,-0.12174030386257609,-7.58950306537719,14.9972857155243,9241.04969346228,-11.250053571979304
30,5,2.5,1,1,0.05,12,0,0.25,1.5,24,0,203,77,126,37.93103448275862,0.7971996517941156,-23.327958054872713,-0.11491604953139267,-21.754159296636267,29.461426435655643,7824.584070336374,59,24,35,40.67796610169491,0.8748235045968198,-3.8190510412407197,-0.06472967866509695,-4.066318887552168,8.089489882289032,9593.368111244783,-11.255456779468165
60,2,3.5,1,0,0.15,12,1,0.1,1.5,6,0,212,79,133,37.264150943396224,0.7881933628418429,-23.83639169192716,-0.11243580986758095,-22.11316255301785,33.924131676392136,7788.683744698215,76,32,44,42.10526315789474,0.865046329022384,-5.450491944299959,-0.07171699926710472,-5.713330530522964,15.246916518525309,9428.666946947704,-11.26826161947257
30,5,3.5,1,2,0.15,12,0,0.1,3.0,72,0,201,61,140,30.34825870646766,1.0054170350188347,0.7314073239416483,0.003638842407669892,-1.7469964378548308,40.9143829057424,9825.300356214517,72,20,52,27.77777777777778,0.8399119115396725,-7.867552919178279,-0.10927156832192055,-8.297600491082813,17.082678320598177,9170.239950891719,-11.273150039342411
60,2,3.5,1,0,0.15,12,1,0.1,1.5,72,0,207,78,129,37.68115942028985,0.8507195405422654,-19.864754876386034,-0.09596499940283108,-19.25084523909306,36.620180626128615,8074.915476090694,72,26,46,36.111111111111114,0.8276153495472286,-8.04710534204681,-0.11176535197287236,-8.212892484909895,23.308106321515954,9178.71075150901,-11.289469391645657
60,2,3.5,1,0,0.15,12,0,0.1,2.5,24,0,189,82,107,43.386243386243386,1.2834160290249683,20.130540109585397,0.10651079423061056,20.94989244144534,9.964366214539654,12094.989244144534,61,25,36,40.98360655737705,0.7081640024616161,-7.507723185088188,-0.12307742926374078,-7.466285441574105,13.660955321169407,9253.371455842589,-11.298358802216503
30,5,2.5,1,1,0.05,12,0,0.0,1.5,6,1,221,79,142,35.74660633484163,0.7105951077067972,-25.450119195111995,-0.11515891038512215,-23.071234356185755,27.408291355009517,7692.876564381425,65,22,43,33.84615384615385,0.7457950498132127,-6.538414515272217,-0.1005909925426495,-6.554853095333268,10.90382282668014,9344.514690466673,-11.320232830196549
60,2,3.5,1,0,0.15,24,1,0.0,2.0,6,1,245,75,170,30.612244897959183,0.8557772751160242,-17.667108080697886,-0.07211064522733832,-17.464533997130715,34.004199415659954,8253.546600286929,90,28,62,31.11111111111111,0.7807062450702668,-10.163570209043225,-0.11292855787825806,-10.147672947069497,20.955358269406645,8985.23270529305,-11.320609311973186
60,2,3.5,1,0,0.05,12,0,0.25,3.0,24,0,171,74,97,43.27485380116959,1.2915323600991637,18.44980608488942,0.10789360283561064,19.07767504482878,10.541404248619857,11907.767504482877,60,24,36,40.0,0.7166276612715226,-7.448371906356353,-0.1241395317726059,-7.446392128991408,12.696379031153057,9255.360787100859,-11.331393210169397
30,5,3.5,1,0,0.05,12,0,0.25,2.5,24,1,298,93,205,31.20805369127517,1.1283880337259091,16.706134399277516,0.05606085368885073,15.650335596636822,21.730908918218518,11565.033559663681,102,30,72,29.41176470588235,0.7547760836278495,-12.254883350058774,-0.12014591519665466,-12.068804298061309,17.1184158172762,8793.119570193869,-11.345420988679914
60,2,3.5,1,0,0.05,12,1,0.25,1.5,24,1,199,70,129,35.175879396984925,0.9553912943686295,-4.715121880110774,-0.02369407979955163,-5.813084054550199,27.19264407469658,9418.69159454498,70,21,49,30.0,0.7834054321369909,-8.206124429827943,-0.11723034899754205,-8.250403940446361,19.255955350243475,9174.959605955364,-11.361514692257886
60,2,3.5,1,0,0.05,12,0,0.1,1.5,24,0,178,77,101,43.258426966292134,1.1148617498850708,7.603891111083451,0.04271848938810927,7.07872032302701,11.849593905210913,10707.872032302701,61,25,36,40.98360655737705,0.7155664003458289,-7.540466060579592,-0.12361419771441955,-7.480699748495823,14.109793338048537,9251.930025150417,-11.364161132528702
30,5,3.5,1,2,0.15,12,0,0.1,2.0,6,1,271,117,154,43.17343173431734,0.9645589067328205,-2.9696179975382,-0.010957999990915868,-3.7760738893582335,16.936909849770803,9622.392611064177,89,34,55,38.20224719101124,0.6588238540667907,-10.795807487036258,-0.12130120771950852,-10.467317424574652,11.129670773546437,8953.268257542535,-11.378706687770492
60,2,3.5,1,0,0.15,24,1,0.25,2.5,24,0,238,76,162,31.932773109243698,1.0331766752371354,5.352661003032244,0.022490172281648086,2.630732229298638,33.42184513037228,10263.073222929863,82,21,61,25.609756097560975,0.8305895004542568,-9.411135239542906,-0.1147699419456452,-9.725750730258953,23.152007812466266,9027.424926974105,-11.379241840698684
60,3,2.5,1,1,0.05,12,0,0.25,2.5,72,0,136,43,93,31.61764705882353,0.8241327005755517,-15.781060387140457,-0.11603720872897394,-15.660893294448542,30.289846177158488,8433.910670555146,42,14,28,33.333333333333336,1.1134960606916082,3.00168699517781,0.07146873798042404,2.5530505866572684,12.274836897115305,10255.305058665726,-11.396726230806443
30,5,3.5,1,1,0.05,12,0,0.0,1.0,6,0,168,67,101,39.88095238095238,0.6751144549345478,-19.966926409856683,-0.1188507524396231,-18.464238046170458,20.9198493826734,8153.576195382954,50,18,32,36.0,0.6975027838736211,-5.490958185665491,-0.10981916371330983,-5.471115839997043,7.988383551706031,9452.888416000296,-11.396854733781186
30,5,3.5,1,1,0.05,12,0,0.0,1.0,6,1,168,67,101,39.88095238095238,0.6751144549345478,-19.966926409856683,-0.1188507524396231,-18.464238046170458,20.9198493826734,8153.576195382954,50,18,32,36.0,0.6975027838736211,-5.490958185665491,-0.10981916371330983,-5.471115839997043,7.988383551706031,9452.888416000296,-11.396854733781186
60,2,3.5,1,0,0.15,24,1,0.1,1.5,24,1,243,81,162,33.333333333333336,0.8809921124737614,-15.788453276254542,-0.06497305875001869,-15.898269260395626,31.625956736983312,8410.173073960437,85,26,59,30.58823529411765,0.7955379431727837,-9.808212969694667,-0.11539074081993726,-9.815006739249899,20.01567122582946,9018.49932607501,-11.400120870241807
30,5,2.5,1,1,0.05,12,0,0.1,2.0,6,0,221,85,136,38.46153846153846,0.7220468440878424,-24.984656504299824,-0.11305274436334763,-22.779156258370225,27.146602678737246,7722.084374162977,65,22,43,33.84615384615385,0.7255726514514128,-7.565550933027733,-0.11639309127734974,-7.539493000674701,11.679163114500767,9246.05069993253,-11.405046126080883
30,5,2.5,1,1,0.05,12,0,0.1,3.0,24,0,198,61,137,30.80808080808081,0.8243702015345225,-22.246707342170374,-0.11235710778873927,-21.43569619668004,37.14089085919968,7856.430380331995,58,20,38,34.48275862068966,0.8988011315483926,-3.388273921612951,-0.05841851588987847,-3.835942371315526,9.614625213506724,9616.405762868448,-11.407670082966291
60,2,3.5,1,0,0.15,12,0,0.1,1.5,24,0,192,84,108,43.75,1.10247935515138,7.282835387209886,0.037931434308384825,6.689524077731868,11.331610516561604,10668.952407773188,62,26,36,41.935483870967744,0.7024180984483623,-7.654248174953562,-0.12345561572505745,-7.573467872254658,14.89482178695213,9242.653212774534,-11.420101210186996
60,2,3.5,1,0,0.15,12,0,0.1,1.5,24,1,193,81,112,41.968911917098445,1.1522502553817666,9.957969216989506,0.05159569542481609,9.636382084401518,9.703685462558385,10963.638208440152,62,26,36,41.935483870967744,0.7024180984483623,-7.654248174953562,-0.12345561572505745,-7.573467872254658,14.89482178695213,9242.653212774534,-11.420101210186996
30,5,3.5,1,2,0.05,12,0,0.25,2.0,24,0,219,85,134,38.81278538812786,1.0211376739799007,2.306346721352427,0.010531263567819303,0.8066223427618979,24.94037207878403,10080.66223427619,76,25,51,32.89473684210526,0.7836996878243848,-9.074578559128701,-0.11940234946221975,-9.10876004864587,12.764199826508973,9089.123995135413,-11.434877353114882
60,3,3.5,1,1,0.05,12,0,0.0,2.0,24,0,87,37,50,42.52873563218391,0.9348360635870469,-2.448832952996403,-0.028147505206855206,-2.8473936889285345,9.558032963680967,9715.260631107147,31,11,20,35.483870967741936,0.7280361745988684,-3.9295307259405434,-0.12675905567550141,-3.9980969618499285,8.782554406435308,9600.190303815007,-11.44674160589329
60,2,3.5,1,0,0.15,24,1,0.25,3.0,72,0,227,60,167,26.431718061674008,0.9907624128629172,-1.574368327317051,-0.006935543292145599,-4.784598548146191,40.4346946516106,9521.540145185381,79,18,61,22.78481012658228,0.8569641916864507,-8.828118776542114,-0.11174833894357107,-9.432869774688701,26.964553009235694,9056.71302253113,-11.448784526613453
30,5,3.5,1,0,0.05,12,0,0.0,2.5,24,1,303,87,216,28.712871287128714,1.039692607814815,5.4916164832881895,0.01812414680953198,3.3226844319420135,26.09991957347953,10332.268443194202,103,29,74,28.155339805825243,0.7662488555324245,-12.253949611303925,-0.11897038457576627,-12.111750608696925,17.25934848291689,8788.824939130307,-11.466096831006412
60,2,3.5,1,0,0.15,24,1,0.1,2.5,6,1,246,69,177,28.048780487804876,0.8039538901007742,-23.396812164880384,-0.09510899254016417,-22.061030339083377,34.90090551803779,7793.896966091662,89,27,62,30.337078651685392,0.7786771267833119,-10.129457559226017,-0.11381412987894401,-10.151530374989125,19.133245467716854,8984.846962501088,-11.46813209837702
60,2,3.5,1,0,0.15,12,1,0.0,1.5,6,1,210,71,139,33.80952380952381,0.7740905293251549,-24.218791222511815,-0.11532757725005625,-22.368623992548997,32.02143590505219,7763.1376007451,76,28,48,36.8421052631579,0.8260537784388557,-6.353822718488728,-0.08360293050643064,-6.512280507215385,16.43092350791903,9348.771949278462,-11.471482278473081
60,2,3.5,1,0,0.05,12,1,0.25,2.0,72,0,192,67,125,34.895833333333336,1.015112478791307,1.9384030710969664,0.010095849328630033,0.005880044794404071,31.335357575609045,10000.58800447944,67,20,47,29.850746268656717,0.8353275032991587,-7.8309081500151025,-0.1168792261196284,-8.11429836621177,18.76679122664383,9188.570163378823,-11.475438289383455
30,5,3.5,1,1,0.05,12,0,0.1,2.5,6,0,168,63,105,37.5,0.6885221109055831,-19.93667806210389,-0.11867070275061839,-18.578565956472602,23.01310289918127,8142.14340435274,50,16,34,32.0,0.8563698532783264,-2.738897673015801,-0.05477795346031602,-2.9210396957339846,8.57946837375518,9707.896030426602,-11.477629663929115
60,2,3.5,1,2,0.05,12,1,0.25,1.5,24,1,133,41,92,30.827067669172934,0.79089727697097,-15.69271293604705,-0.11799032282742143,-15.218281594335025,28.321927920944397,8478.171840566498,48,15,33,31.25,0.9045965983181162,-2.2466227970494472,-0.04680464160519682,-2.4871896092908408,9.814836185322076,9751.281039070916,-11.527371374245805
60,2,3.5,1,3,0.05,24,1,0.0,1.0,6,0,182,81,101,44.505494505494504,0.7600242048452945,-21.513194988998304,-0.11820436807141925,-19.96976974321435,27.57408184679661,8003.023025678565,67,32,35,47.76119402985075,0.9188501827174798,-2.5702431044604523,-0.03836183738000675,-2.8242372941928107,7.808788275890627,9717.57627058072,-11.532882537741521
60,2,3.5,1,3,0.05,24,1,0.0,1.0,6,1,182,81,101,44.505494505494504,0.7600242048452945,-21.513194988998304,-0.11820436807141925,-19.96976974321435,27.57408184679661,8003.023025678565,67,32,35,47.76119402985075,0.9188501827174798,-2.5702431044604523,-0.03836183738000675,-2.8242372941928107,7.808788275890627,9717.57627058072,-11.532882537741521
60,2,3.5,1,0,0.15,12,1,0.0,1.0,6,0,212,92,120,43.39622641509434,0.767277466859614,-24.771067270724423,-0.11684465693737936,-22.65495546474646,30.510941977634197,7734.504453525354,76,37,39,48.68421052631579,0.9184573729528372,-2.9624021263181435,-0.03897897534629136,-3.2484120174801734,11.250230004967616,9675.158798251983,-11.546186736491391
60,2,3.5,1,0,0.15,12,1,0.0,1.0,6,1,212,92,120,43.39622641509434,0.767277466859614,-24.771067270724423,-0.11684465693737936,-22.65495546474646,30.510941977634197,7734.504453525354,76,37,39,48.68421052631579,0.9184573729528372,-2.9624021263181435,-0.03897897534629136,-3.2484120174801734,11.250230004967616,9675.158798251983,-11.546186736491391
60,3,2.5,1,1,0.05,12,1,0.25,2.0,24,1,152,35,117,23.026315789473685,0.818997320983574,-14.734897798480588,-0.09694011709526702,-14.610376630030897,26.714574709946298,8538.96233699691,56,15,41,26.785714285714285,0.8009493167814472,-6.6946752635800175,-0.11954777256392889,-6.8754434707394285,14.64957617366772,9312.455652926057,-11.551447978643317
60,2,3.5,1,0,0.15,24,1,0.0,1.5,72,1,241,82,159,34.024896265560166,0.8921353754977395,-14.377891637708442,-0.05965930140127985,-14.731638401002034,30.813337928712762,8526.836159899796,85,25,60,29.41176470588235,0.7883828159038957,-9.9694050892382,-0.11728711869691999,-9.952613962049561,20.770995908395857,9004.738603795044,-11.555311783981622
30,5,2.5,1,1,0.05,12,0,0.1,2.0,72,0,187,60,127,32.0855614973262,0.8292216937826272,-21.513507036377213,-0.11504549217314018,-20.666096985465032,35.197504359905835,7933.390301453496,55,19,36,34.54545454545455,0.9312788524274828,-2.3862827840188983,-0.043386959709434514,-2.825612247400311,10.603922154289192,9717.438775259969,-11.5554209222696
60,2,3.5,1,2,0.15,24,1,0.25,3.0,72,1,170,26,144,15.294117647058824,0.801722816521409,-19.164722824966066,-0.11273366367627098,-18.770966330152184,38.40617668161787,8122.903366984781,64,11,53,17.1875,1.010414563653438,0.3387492053878876,0.005292956334185744,-0.30650205799988006,12.212302684987955,9969.349794200012,-11.55685260849179
60,3,3.5,1,1,0.05,12,0,0.1,1.0,72,1,88,39,49,44.31818181818182,0.7603658864198762,-11.091735934821498,-0.12604245380478976,-10.854443776620315,13.691224305737792,8914.555622337968,28,13,15,46.42857142857143,0.8357071303606188,-2.360483486930995,-0.08430298167610696,-2.460333400754877,6.834965695971526,9753.966659924512,-11.568257482984844
60,3,3.5,1,1,0.05,12,0,0.1,1.0,72,0,88,39,49,44.31818181818182,0.7603658864198762,-11.091735934821498,-0.12604245380478976,-10.854443776620315,13.691224305737792,8914.555622337968,28,13,15,46.42857142857143,0.8357071303606188,-2.360483486930995,-0.08430298167610696,-2.460333400754877,6.834965695971526,9753.966659924512,-11.568257482984844
30,5,3.5,1,0,0.05,12,0,0.25,1.0,24,0,315,149,166,47.301587301587304,0.9385518114475385,-8.474194052010265,-0.026902203339715127,-9.294300762939967,23.844866584779126,9070.569923706003,106,46,60,43.39622641509434,0.7423707643921327,-12.840348306028554,-0.12113536137762787,-12.409674152751904,17.501685072950576,8759.03258472481,-11.59220372061908
30,5,3.5,1,0,0.05,12,0,0.25,1.0,24,1,315,149,166,47.301587301587304,0.9385518114475385,-8.474194052010265,-0.026902203339715127,-9.294300762939967,23.844866584779126,9070.569923706003,106,46,60,43.39622641509434,0.7423707643921327,-12.840348306028554,-0.12113536137762787,-12.409674152751904,17.501685072950576,8759.03258472481,-11.59220372061908
60,2,3.5,1,0,0.15,24,1,0.1,1.0,72,0,245,117,128,47.755102040816325,0.8495578499705615,-19.92969454272616,-0.08134569201112718,-19.07385867051922,29.809658212378494,8092.614132948078,87,39,48,44.827586206896555,0.788906035580926,-10.29410242729561,-0.11832301640569666,-10.176228325137405,16.030838768345966,8982.37716748626,-11.595335380702704
60,2,3.5,1,0,0.15,24,1,0.1,1.0,72,1,245,117,128,47.755102040816325,0.8495578499705615,-19.92969454272616,-0.08134569201112718,-19.07385867051922,29.809658212378494,8092.614132948078,87,39,48,44.827586206896555,0.788906035580926,-10.29410242729561,-0.11832301640569666,-10.176228325137405,16.030838768345966,8982.37716748626,-11.595335380702704
60,2,3.5,1,0,0.05,12,0,0.0,1.5,72,0,159,68,91,42.76729559748428,1.0366522226834956,2.949471623328252,0.01855013599577517,1.9887074517858316,16.437325883436653,10198.870745178583,55,20,35,36.36363636363637,0.7901244540642806,-6.9441823089670605,-0.12625786016303747,-7.03136190561734,14.016560699343167,9296.863809438266,-11.62924149210787
30,5,3.5,1,2,0.15,12,0,0.1,2.5,24,0,232,85,147,36.63793103448276,1.008986787700188,1.1093117471109089,0.004781516151340124,-0.7857297384918804,33.04472355186942,9921.427026150812,82,26,56,31.70731707317073,0.7925333052419873,-9.577545238846465,-0.11679933218105445,-9.67422544319877,13.221538576914927,9032.577455680123,-11.635665959953975
60,2,3.5,1,0,0.15,12,0,0.25,2.5,24,0,187,83,104,44.38502673796791,1.2816928344181107,19.00674876634859,0.10164036773448444,19.716874873961743,9.66183221682677,11971.687487396173,61,25,36,40.98360655737705,0.6975750895665013,-7.705167532610124,-0.1263142218460676,-7.644367726114709,13.595441158883304,9235.56322738853,-11.639285036502248
60,2,3.5,1,2,0.15,24,1,0.25,2.0,24,0,175,53,122,30.285714285714285,0.8293068890655619,-20.464591688654743,-0.11694052393516996,-19.771299124388943,33.77086532453239,8022.870087561106,63,25,38,39.682539682539684,1.236840427502607,7.970856932161938,0.12652153860574505,7.689353891495454,10.288091885358988,10768.935389149545,-11.645802226521846
30,5,2.5,1,1,0.05,12,0,0.0,2.0,6,0,221,83,138,37.55656108597285,0.7184815759032104,-26.120224370880557,-0.11819106050172197,-23.678756408568624,28.08045955629433,7632.124359143138,65,22,43,33.84615384615385,0.7387356725853981,-7.255464623560972,-0.11162253267016879,-7.25887823558341,11.921543000938412,9274.112176441658,-11.648004997540795
60,3,3.5,1,1,0.05,12,1,0.1,1.5,6,0,86,38,48,44.18604651162791,0.9959427208012683,-0.18623638728882042,-0.002165539387079307,-0.7365637664905056,10.343686830520433,9926.34362335095,34,13,21,38.23529411764706,0.78069497290402,-4.402355833057884,-0.12948105391346718,-4.508603652271881,9.619662784900486,9549.139634772811,-11.651801849220961
30,5,2.5,1,1,0.05,12,0,0.25,2.0,24,0,200,70,130,35.0,0.8544771392997276,-17.342491528637268,-0.08671245764318634,-17.17270347331543,28.752111598453993,8282.729652668457,58,21,37,36.206896551724135,0.7861598787276974,-6.914639932465999,-0.11921792987010343,-7.029689357535151,11.125388212978937,9297.031064246485,-11.666846181071616
60,2,3.5,1,2,0.05,12,1,0.25,1.5,72,1,133,41,92,30.827067669172934,0.7924088996950708,-15.89242720538215,-0.11949193387505376,-15.406205324259403,28.27590785238036,8459.37946757406,48,14,34,29.166666666666668,0.8215511537615873,-4.5245892750156695,-0.09426227656282644,-4.692890884123157,11.443800840229637,9530.710911587685,-11.671748029446995
30,5,3.5,1,1,0.05,12,1,0.1,2.5,24,1,143,31,112,21.678321678321677,0.8831664311316306,-9.606354306515028,-0.06717730284276244,-10.326820409711923,14.903757697278444,8967.317959028807,49,10,39,20.408163265306122,0.7973402650043956,-6.279817654816589,-0.12815954397584875,-6.517033423730845,10.932918919540306,9348.296657626915,-11.724297028869975
30,5,3.5,1,2,0.15,12,0,0.0,2.5,6,1,271,115,156,42.435424354243544,1.0351504155330942,2.9460929575156287,0.010871191725149922,1.955773204743072,15.292120155292174,10195.577320474307,89,33,56,37.07865168539326,0.6592464693756502,-11.201382375250226,-0.1258582289353958,-10.86052043693353,11.549818700631013,8913.947956306647,-11.734876197072785
60,2,3.5,1,0,0.15,24,1,0.1,1.0,6,1,250,108,142,43.2,0.7918931906662996,-24.779643951685692,-0.09911857580674277,-22.74803118888673,32.40733857406608,7725.1968811113275,90,40,50,44.44444444444444,0.7718728065762355,-10.62040196530491,-0.11800446628116568,-10.435454053907323,16.318241297509843,8956.454594609268,-11.750055378756377
60,2,3.5,1,0,0.15,24,1,0.1,1.0,6,0,250,108,142,43.2,0.7918931906662996,-24.779643951685692,-0.09911857580674277,-22.74803118888673,32.40733857406608,7725.1968811113275,90,40,50,44.44444444444444,0.7718728065762355,-10.62040196530491,-0.11800446628116568,-10.435454053907323,16.318241297509843,8956.454594609268,-11.750055378756377
60,3,3.5,1,1,0.05,12,0,0.25,1.5,72,0,84,32,52,38.095238095238095,0.7826244755794532,-10.543306936132904,-0.12551555876348694,-10.455134452557468,18.4010526932979,8954.486554744253,28,12,16,42.857142857142854,1.0125693392334436,0.19299066834038225,0.006892523869299366,0.0043029664128946266,8.166479955144387,10000.430296641289,-11.753640503789015
30,5,3.5,1,2,0.15,12,0,0.25,1.5,6,0,272,123,149,45.220588235294116,0.9571110012048509,-3.496288400599704,-0.012854001472793029,-4.169062343578922,17.614609013867156,9583.093765642108,89,36,53,40.449438202247194,0.6440924843529527,-11.084367466349335,-0.12454345467808241,-10.695513057487883,11.315926207375652,8930.448694251212,-11.773056072901337
60,2,3.5,1,2,0.15,24,1,0.25,2.0,6,0,177,66,111,37.28813559322034,0.7606863140805544,-20.796882611676033,-0.11749651193037307,-19.525192823358207,32.88262443580102,8047.480717664179,69,35,34,50.72463768115942,1.1969204225957593,5.834768112102102,0.08456185669713191,5.574191864725497,6.994439594630171,10557.419186472549,-11.776386506819325
30,5,3.5,1,0,0.05,12,0,0.0,2.0,72,0,255,94,161,36.86274509803921,1.0229215637044031,3.594070790010889,0.014094395254944663,1.3069172677236285,35.527118584056645,10130.691726772364,89,29,60,32.58426966292135,0.8153038903570947,-10.437044063540384,-0.11727015801730768,-10.548193224868951,15.237579713830401,8945.180677513104,-11.778054169026952
60,2,3.5,1,0,0.15,12,0,0.0,3.0,24,1,186,71,115,38.17204301075269,1.2825707646439426,17.997771875501527,0.09676221438441682,18.469688842754238,8.951960103083547,11846.968884275424,62,24,38,38.70967741935484,0.6841711283025486,-7.869172713771589,-0.12692214054470305,-7.795161386688065,14.52428521607318,9220.483861331193,-11.781015438190447
60,3,2.5,1,1,0.05,12,1,0.25,1.0,6,0,153,72,81,47.05882352941177,0.8403504723000551,-11.671464654118061,-0.076284082706654,-11.597670129411231,21.88824678398604,8840.232987058876,58,25,33,43.10344827586207,0.7466536704935806,-7.177461480293148,-0.12374933586712324,-7.146703340904081,12.999640578632837,9285.329665909592,-11.787167308373752
60,3,2.5,1,1,0.05,12,1,0.25,1.0,6,1,153,72,81,47.05882352941177,0.8403504723000551,-11.671464654118061,-0.076284082706654,-11.597670129411231,21.88824678398604,8840.232987058876,58,25,33,43.10344827586207,0.7466536704935806,-7.177461480293148,-0.12374933586712324,-7.146703340904081,12.999640578632837,9285.329665909592,-11.787167308373752
60,3,2.5,1,1,0.05,12,1,0.0,3.0,72,1,140,22,118,15.714285714285714,0.794023914928675,-16.903206619517498,-0.1207371901394107,-16.70165132614746,28.44245394481797,8329.834867385254,55,11,44,20.0,1.0562527356103422,1.7436496573495428,0.03170272104271896,1.1135384323592845,15.699098885016877,10111.35384323593,-11.789683251699282
60,3,3.5,1,1,0.05,12,0,0.25,2.5,24,1,87,34,53,39.08045977011494,0.8632381228852242,-4.7220710662213055,-0.054276678922083973,-4.988788372022334,8.494989148860343,9501.121162797766,30,10,20,33.333333333333336,0.6784218652389397,-3.898268764008489,-0.1299422921336163,-3.944409889317102,8.06051375249723,9605.55901106829,-11.803686111366858
30,5,3.5,1,2,0.15,12,0,0.1,2.0,24,0,234,91,143,38.888888888888886,0.9982259508733967,-0.21361085781347722,-0.0009128669137328086,-1.8435256691520574,27.741516329630006,9815.647433084794,83,28,55,33.734939759036145,0.7766665925546107,-10.084302517400747,-0.12149762069157527,-10.053107435287234,14.05131297340249,8994.689256471276,-11.817838183941776
30,5,3.5,1,1,0.05,12,1,0.1,2.5,72,1,143,30,113,20.97902097902098,0.853320355293239,-12.159124105931351,-0.08502883990161784,-12.57691169616737,16.70916961169758,8742.308830383263,49,10,39,20.408163265306122,0.7973402650043956,-6.279817654816589,-0.12815954397584875,-6.517033423730845,10.932918919540306,9348.296657626915,-11.832621743735123
60,3,3.5,1,1,0.05,12,0,0.25,3.0,24,0,87,36,51,41.37931034482759,1.0063206491769567,0.2374974611189815,0.002729855874930822,-0.3147802025763702,8.968149125330333,9968.521979742363,30,10,20,33.333333333333336,0.7021142845681383,-3.9134784572072485,-0.13044928190690827,-3.9894905104557843,8.454884624727788,9601.050948954422,-11.835389848625855
30,5,3.5,1,2,0.05,12,0,0.0,2.0,6,1,255,106,149,41.568627450980394,0.9816685352444807,-1.4676656418495506,-0.005755551536664905,-2.3099816691842356,17.900825068555257,9769.001833081576,80,31,49,38.75,0.6621095062259632,-10.028330149450328,-0.1253541268681291,-9.768468219191895,11.535280380323453,9023.15317808081,-11.845798263007056
30,5,2.5,1,1,0.05,12,0,0.1,1.5,72,0,192,71,121,36.979166666666664,0.8080583044442351,-22.98469606502365,-0.11971195867199817,-21.568297589594152,31.683075508828228,7843.170241040585,57,21,36,36.8421052631579,0.8464396260129678,-5.331352381768845,-0.0935324979257692,-5.55808220413001,9.833842758768254,9444.191779587,-11.8500194877864
60,2,3.5,1,0,0.15,12,1,0.1,3.0,6,0,210,71,139,33.80952380952381,0.7859649457372715,-25.249351823960748,-0.12023500868552738,-23.51642165033092,30.63675269831494,7648.357834966908,75,27,48,36.0,0.9146320655573974,-3.7651206521733456,-0.050201608695644606,-4.369213479978839,14.735623801999795,9563.078652002116,-11.856702804948458
60,3,3.5,1,1,0.05,12,1,0.1,3.0,6,1,86,27,59,31.3953488372093,1.0407643695693365,1.7627394937257232,0.02049697085727585,1.0340325632841152,11.029026970417174,10103.40325632841,34,9,25,26.470588235294116,0.7691471460071291,-4.420105469508634,-0.1300031020443716,-4.596340286931932,12.695296113067183,9540.365971306806,-11.86819887305799
60,2,3.5,1,0,0.15,12,1,0.0,3.0,6,1,209,54,155,25.83732057416268,0.7667269421099439,-25.15957646216681,-0.1203807486228077,-23.373086537816224,29.99290737894007,7662.6913462183775,75,22,53,29.333333333333332,0.912928924033875,-3.1001605951043376,-0.04133547460139117,-3.5955262643626695,15.879379646870959,9640.447373563733,-11.871122086768654
30,5,3.5,1,1,0.05,12,0,0.0,1.5,6,1,168,60,108,35.714285714285715,0.6640363346717109,-20.725517010803678,-0.12336617268335523,-19.12498749672783,21.699686531664263,8087.501250327217,50,15,35,30.0,0.7045241417701448,-5.380416384982311,-0.10760832769964622,-5.390517892600489,8.462194484131501,9460.94821073995,-11.917343227619524
60,3,2.5,1,1,0.05,12,1,0.1,2.5,72,1,145,26,119,17.93103448275862,0.7843115529598937,-17.643961500438373,-0.12168249310647153,-17.17586253002066,28.72535652979463,8282.413746997934,55,12,43,21.818181818181817,0.906993705200784,-3.0494187141140436,-0.05544397662025534,-3.51582759877076,13.763547650520035,9648.417240122924,-11.92061242744153
30,5,3.5,1,2,0.15,12,0,0.25,1.5,6,1,272,121,151,44.48529411764706,0.9615493837433159,-3.088104198978194,-0.011353324260949243,-3.769015759927119,17.523656959639126,9623.098424007288,89,35,54,39.325842696629216,0.6241644005898993,-11.191244803094353,-0.12574432363027363,-10.776123662558534,11.39597679714227,8922.387633744147,-11.927542012392886
30,5,2.5,1,1,0.05,12,0,0.0,1.0,6,1,221,90,131,40.723981900452486,0.6931135501113684,-26.851820815909736,-0.12150145165570016,-24.053817738153562,26.45758080241256,7594.618226184644,65,25,40,38.46153846153846,0.6997589120819135,-7.705328366067528,-0.11854351332411582,-7.598715778405019,10.905035640967021,9240.128422159498,-11.932407439289392
30,5,2.5,1,1,0.05,12,0,0.0,1.0,6,0,221,90,131,40.723981900452486,0.6931135501113684,-26.851820815909736,-0.12150145165570016,-24.053817738153562,26.45758080241256,7594.618226184644,65,25,40,38.46153846153846,0.6997589120819135,-7.705328366067528,-0.11854351332411582,-7.598715778405019,10.905035640967021,9240.128422159498,-11.932407439289392
60,2,3.5,1,2,0.15,24,1,0.25,1.0,24,0,179,79,100,44.134078212290504,0.7779135478815395,-21.80676261506231,-0.12182548946962185,-20.290853168998957,28.812419270164202,7970.914683100104,65,32,33,49.23076923076923,1.0015091748313363,0.04604741503019549,0.0007084217696953153,-0.25458646949712005,8.537636591657547,9974.541353050288,-11.936501533206318
60,2,3.5,1,2,0.15,24,1,0.25,1.0,24,1,179,79,100,44.134078212290504,0.7779135478815395,-21.80676261506231,-0.12182548946962185,-20.290853168998957,28.812419270164202,7970.914683100104,65,32,33,49.23076923076923,1.0015091748313363,0.04604741503019549,0.0007084217696953153,-0.25458646949712005,8.537636591657547,9974.541353050288,-11.936501533206318
30,5,3.5,1,0,0.05,12,0,0.1,1.0,72,0,288,149,139,51.736111111111114,1.0266602675191034,3.6786372025003287,0.01277304584201503,2.3169269332178333,19.259546847207652,10231.692693321784,99,42,57,42.42424242424242,0.7601989336626167,-12.637064191185654,-0.12764711304227933,-12.271623231697415,18.692282542661793,8772.837676830259,-11.939369229136348
30,5,3.5,1,0,0.05,12,0,0.1,1.0,72,1,288,149,139,51.736111111111114,1.0266602675191034,3.6786372025003287,0.01277304584201503,2.3169269332178333,19.259546847207652,10231.692693321784,99,42,57,42.42424242424242,0.7601989336626167,-12.637064191185654,-0.12764711304227933,-12.271623231697415,18.692282542661793,8772.837676830259,-11.939369229136348
30,5,2.5,1,1,0.05,12,0,0.1,3.0,72,0,184,48,136,26.08695652173913,0.841170675105688,-21.408221014921423,-0.11634902725500773,-21.068147496148516,39.85337945201679,7893.185250385149,54,19,35,35.18518518518518,1.166426053644359,5.612118003254352,0.10392811117137689,5.049388661048382,9.925854307703323,10504.938866104838,-11.943030823887156
60,2,3.5,1,0,0.05,12,0,0.1,1.5,72,1,162,63,99,38.888888888888886,1.118053152137739,8.006433106473953,0.04942242658317255,7.40364643621878,14.082323266472224,10740.364643621879,54,17,37,31.48148148148148,0.7618630504006827,-7.017493463788817,-0.12995358266275586,-7.060762930074849,14.74769049607316,9293.923706992515,-11.955760276715363
30,5,3.5,1,2,0.15,12,0,0.1,1.5,6,1,272,120,152,44.11764705882353,0.9749345300287336,-2.0993885636834557,-0.007718340307659764,-2.872600415308224,16.951628374552676,9712.739958469178,89,35,54,39.325842696629216,0.6428654934260305,-11.295807487036233,-0.12691918524759813,-10.893142109645215,11.552345252478679,8910.685789035479,-11.973304273347885
60,3,3.5,1,1,0.05,12,0,0.25,3.0,72,0,82,26,56,31.70731707317073,0.7970411517787469,-10.587657630295244,-0.1291177759792103,-10.723874625960683,17.041884481067065,8927.612537403931,26,10,16,38.46153846153846,1.3723049657265003,5.346316903512964,0.20562757321203706,5.153732648161213,7.909564268200938,10515.373264816122,-12.010624676627126
60,2,3.5,1,3,0.05,24,1,0.0,2.0,72,0,175,54,121,30.857142857142858,0.8315350438886804,-21.145742241711034,-0.12083281280977734,-20.40060385693929,33.98967683384393,7959.939614306071,61,22,39,36.0655737704918,1.1023604622072525,4.059610142349707,0.06655098594015914,3.487244484212937,13.509376491672176,10348.724448421293,-12.0468783647265
30,5,3.5,1,2,0.15,12,0,0.0,1.5,6,1,272,120,152,44.11764705882353,1.0283229530508657,2.3699082658432555,0.00871289803618844,1.529431718555796,14.022050717690549,10152.943171855579,89,35,54,39.325842696629216,0.6481688609872829,-11.548008142121418,-0.12975290047327437,-11.131112894575912,11.818318719410877,8886.88871054241,-12.070294401381277
60,2,3.5,1,0,0.05,12,0,0.0,1.5,24,1,179,74,105,41.340782122905026,1.1344039931735657,8.484027197289603,0.047396799984858115,8.053024297384614,9.996495677816078,10805.302429738462,62,24,38,38.70967741935484,0.6860469733437633,-8.07276956415572,-0.13020596071218904,-7.958850698167296,14.605590237243272,9204.11493018327,-12.110524066126821
30,5,3.5,1,2,0.15,12,0,0.0,3.0,6,1,271,115,156,42.435424354243544,1.0564240637852742,4.729120109425278,0.017450627710056375,3.720881623351624,13.60733778440244,10372.088162335162,89,33,56,37.07865168539326,0.6470015747574662,-11.603901305902564,-0.13038091354946701,-11.214376310305173,11.900938275335578,8878.562368969482,-12.11054750546289
30,5,2.5,1,1,0.05,12,0,0.25,1.5,6,1,221,85,136,38.46153846153846,0.7791872877064833,-17.678591297582916,-0.07999362578091818,-16.802822819948815,22.79807635775266,8319.717718005119,65,21,44,32.30769230769231,0.669648524472915,-8.136372091995746,-0.12517495526147301,-8.00764907261653,11.093341798345493,9199.235092738347,-12.127117584463988
60,2,3.5,1,0,0.15,24,1,0.0,2.0,24,0,238,83,155,34.87394957983193,1.00827586432296,1.2852607841001304,0.005400255395378699,-1.0162028651936494,29.989724323495658,9898.379713480635,84,24,60,28.571428571428573,0.8123363018759644,-10.443529931984592,-0.12432773728553086,-10.560112573142943,24.020597851973417,8943.988742685706,-12.163219458561864
60,2,3.5,1,0,0.15,12,0,0.25,2.0,24,0,189,85,104,44.973544973544975,1.2950851514123563,19.797261602618637,0.10474741588687109,20.741237075863815,8.648771130812575,12074.123707586381,61,25,36,40.98360655737705,0.6866239857099291,-7.984179237568389,-0.13088818422243262,-7.886696532053106,14.436405311757367,9211.33034679469,-12.169041331024337
60,2,3.5,1,0,0.15,12,0,0.1,3.0,24,1,185,73,112,39.45945945945946,1.2715649999921936,17.04291920527869,0.09212388759610103,17.416654635584038,8.603929340109131,11741.665463558404,61,24,37,39.34426229508197,0.6761825040865682,-8.007723185088192,-0.13127415057521627,-7.919459535408935,14.367295595716412,9208.054046459107,-12.224374346586968
60,2,3.5,1,0,0.15,24,1,0.0,1.5,6,1,245,84,161,34.285714285714285,0.8173076851943115,-22.318497326801083,-0.09109590745633095,-21.032320100578715,33.682671974182576,7896.767989942128,90,32,58,35.55555555555556,0.7630702216288047,-10.965420081586934,-0.1218380009065215,-10.80017257448106,20.19679358713814,8919.982742551894,-12.227534015193811
60,2,3.5,1,2,0.15,24,1,0.25,2.5,6,0,176,64,112,36.36363636363637,0.753081551008671,-21.510881354847285,-0.12222091678890502,-20.136345812316257,32.29128013717898,7986.365418768374,69,35,34,50.72463768115942,1.3239698087896525,9.59925174185762,0.13911959046170463,9.522762614089132,6.538471927636608,10952.276261408913,-12.228555860898965
60,2,3.5,1,0,0.15,24,1,0.1,1.5,6,1,248,88,160,35.483870967741936,0.8481078190805139,-18.186155128635324,-0.07333127067998114,-17.68829222909836,30.934825201078002,8231.170777090165,90,33,57,36.666666666666664,0.7618930413439091,-11.117020166507848,-0.12352244629453164,-10.935844074083235,19.421186408220727,8906.415592591677,-12.23346210817834
60,2,3.5,1,2,0.05,12,1,0.25,2.5,6,0,131,48,83,36.6412213740458,0.7573861032362021,-16.517430422237496,-0.12608725513158395,-15.872723396080623,25.95916142895693,8412.727660391938,50,25,25,50.0,1.5401805865503377,11.126908458104369,0.22253816916208738,11.314962522107198,5.720838247966293,11131.49625221072,-12.258320429150974
60,2,3.5,1,0,0.05,12,0,0.1,1.5,24,1,179,74,105,41.340782122905026,1.1734384369697635,10.467201333761052,0.05847598510481035,10.243706388057205,10.103508237592083,11024.37063880572,61,24,37,39.34426229508197,0.6851309064710012,-8.040466060579591,-0.13181091902589495,-7.927555558027,14.524631514779138,9207.2444441973,-12.269594542029731
30,5,3.5,1,0,0.05,12,0,0.25,2.0,72,0,247,89,158,36.03238866396761,0.9826675727223294,-2.650753760341877,-0.010731796600574401,-4.713017363016547,36.36514306811476,9528.698263698345,86,28,58,32.55813953488372,0.8063128335509996,-10.464934975505274,-0.12168529041285203,-10.540980104549213,13.569374394827078,8945.901989545078,-12.29122114640463
60,2,3.5,1,2,0.15,24,1,0.0,2.0,72,0,173,53,120,30.63583815028902,0.8270979463044175,-21.4602555965641,-0.12404772021135317,-20.62986563743544,32.65450558801476,7937.013436256456,64,23,41,35.9375,1.1001242454811446,4.159551342789423,0.06499298973108474,3.561416234103487,12.381966811828182,10356.141623410349,-12.292407736817804
30,5,2.5,1,1,0.05,12,0,0.0,3.0,6,1,221,74,147,33.484162895927604,0.7647614601733992,-20.729708713614965,-0.09379958693943423,-19.57161065423163,27.38973819446305,8042.838934576836,65,19,46,29.23076923076923,0.6862001241306555,-8.091715751447564,-0.12448793463765484,-8.026453103355601,12.46470986228835,9197.35468966444,-12.300812032969311
60,2,3.5,1,0,0.05,12,1,0.0,1.5,72,0,193,77,116,39.89637305699482,0.9241623699753311,-9.146281039219003,-0.04739005719802592,-10.046447634699796,31.83781725569313,8995.35523653002,70,25,45,35.714285714285715,0.8097102515460799,-8.715628622910168,-0.12450898032728812,-8.810226915276488,23.960773332443836,9118.977308472351,-12.315478577274108
60,3,3.5,1,1,0.05,12,1,0.0,2.0,6,1,84,28,56,33.333333333333336,0.9744216076464445,-1.1587337426741084,-0.01379444931754891,-1.7801067766862633,14.340284240147486,9821.989322331374,34,10,24,29.41176470588235,0.7650370529398735,-4.545652495906308,-0.13369566164430316,-4.667794565720307,11.277156135009246,9533.22054342797,-12.344374306810476
60,3,2.5,1,1,0.05,12,1,0.1,2.5,72,0,141,38,103,26.95035460992908,0.8802579004540942,-12.751701574627788,-0.09043759982005523,-13.451942216164003,26.807131929793073,8654.8057783836,55,14,41,25.454545454545453,0.831152906085836,-7.049418714114061,-0.12817124934752838,-7.398567014215218,17.893928535619118,9260.143298578478,-12.360711869295235
60,2,3.5,1,0,0.15,12,1,0.1,2.5,72,1,207,43,164,20.77294685990338,0.896562340295109,-11.970316736662278,-0.057827617085325016,-12.913340751852099,26.11046614258374,8708.66592481479,71,12,59,16.901408450704224,0.7667778010803216,-9.059000212558582,-0.12759155228955749,-9.171796355719053,16.69451017429736,9082.820364428095,-12.364560983448525
30,5,3.5,1,1,0.05,12,0,0.1,1.0,6,1,168,68,100,40.476190476190474,0.7052539648002323,-17.62535244586062,-0.10491281217774179,-16.527620712590597,20.642880583153005,8347.23792874094,50,17,33,34.0,0.6447802850425418,-6.407261180598495,-0.1281452236119699,-6.32776418839156,8.833804701268448,9367.223581160844,-12.370352062828653
30,5,3.5,1,1,0.05,12,0,0.1,1.0,6,0,168,68,100,40.476190476190474,0.7052539648002323,-17.62535244586062,-0.10491281217774179,-16.527620712590597,20.642880583153005,8347.23792874094,50,17,33,34.0,0.6447802850425418,-6.407261180598495,-0.1281452236119699,-6.32776418839156,8.833804701268448,9367.223581160844,-12.370352062828653
60,2,3.5,1,0,0.15,24,1,0.1,2.0,6,1,248,77,171,31.048387096774192,0.8465202777910491,-18.43982332455724,-0.07435412630869855,-18.043606928249247,35.68589914590182,8195.639307175075,90,29,61,32.22222222222222,0.7646702370028837,-10.999999520179557,-0.12222221689088397,-10.88650480667619,19.122596786295066,8911.349519332382,-12.382949213185054
60,3,2.5,1,1,0.05,12,0,0.25,1.0,24,1,149,64,85,42.95302013422819,0.7241528766032688,-18.902191086095176,-0.12686034285969916,-17.684014751920163,25.872995160978263,8231.598524807983,51,23,28,45.09803921568628,0.8692478238168465,-2.773313319310677,-0.05437869253550347,-2.915135444160988,9.659145936157184,9708.486455583901,-12.39498387056393
60,3,2.5,1,1,0.05,12,0,0.25,1.0,24,0,149,64,85,42.95302013422819,0.7241528766032688,-18.902191086095176,-0.12686034285969916,-17.684014751920163,25.872995160978263,8231.598524807983,51,23,28,45.09803921568628,0.8692478238168465,-2.773313319310677,-0.05437869253550347,-2.915135444160988,9.659145936157184,9708.486455583901,-12.39498387056393
60,2,3.5,1,3,0.05,24,1,0.0,2.0,6,0,181,65,116,35.91160220994475,0.7802490893443488,-22.481790241962493,-0.1242087858671961,-21.084829566478646,32.721587748139285,7891.517043352135,67,26,41,38.80597014925373,0.9301005664720559,-2.646115580825816,-0.03949426240038531,-3.0859280965818803,14.15831936575382,9691.407190341812,-12.401724902401659
30,5,3.5,1,2,0.05,12,0,0.1,2.5,72,0,194,65,129,33.50515463917526,1.0784748937471127,9.696237087622888,0.04998060354444788,7.825413602482589,33.509139746063816,10782.541360248259,68,20,48,29.41176470588235,0.8138681075418278,-8.494536513435236,-0.12491965460934171,-8.73570456949383,14.01389517763423,9126.429543050617,-12.451366980154617
30,5,3.5,1,0,0.05,12,0,0.1,1.0,24,0,318,152,166,47.79874213836478,0.9519683956953966,-6.77620241655638,-0.021308812630680442,-7.7827617602524874,22.937887616145915,9221.723823974751,106,45,61,42.45283018867924,0.729884616223022,-13.793253450543869,-0.13012503255230065,-13.248691298116789,18.609338013185965,8675.13087018832,-12.461724396306586
30,5,3.5,1,0,0.05,12,0,0.1,1.0,24,1,318,152,166,47.79874213836478,0.9519683956953966,-6.77620241655638,-0.021308812630680442,-7.7827617602524874,22.937887616145915,9221.723823974751,106,45,61,42.45283018867924,0.729884616223022,-13.793253450543869,-0.13012503255230065,-13.248691298116789,18.609338013185965,8675.13087018832,-12.461724396306586
60,3,2.5,1,1,0.05,12,1,0.1,2.5,24,1,145,27,118,18.620689655172413,0.7754122200869308,-18.370251551327595,-0.12669139000915583,-17.75702973912572,29.211328640582202,8224.297026087428,56,14,42,25.0,0.9012145663761089,-3.338298655829221,-0.059612475996950375,-3.7935979998114266,13.763547650519994,9620.640200018857,-12.466689152393197
30,5,2.5,1,1,0.05,12,0,0.25,2.0,6,1,221,81,140,36.65158371040724,0.748955874468169,-20.12613191556464,-0.09106847020617484,-18.849535221822556,24.38372481005328,8115.046477817745,65,20,45,30.76923076923077,0.6629118523123807,-8.305907485661253,-0.1277831920870962,-8.175117259375996,11.726835359669343,9182.4882740624,-12.496553518485413
60,3,3.5,1,1,0.05,12,0,0.1,3.0,24,1,88,33,55,37.5,0.9415439972134687,-2.0568101838019084,-0.023372842997748958,-2.4999829712125443,8.097403408453733,9750.001702878746,30,9,21,30.0,0.6899360631522418,-4.128675525036754,-0.13762251750122514,-4.197885668048762,7.987896826894492,9580.211433195123,-12.52482510787674
60,2,3.5,1,0,0.15,12,0,0.25,3.0,24,1,185,76,109,41.08108108108108,1.3303874912571736,19.45388227210763,0.10515612038977097,20.357536215009176,8.519801998096563,12035.753621500919,61,24,37,39.34426229508197,0.6648350209442052,-8.205167532610114,-0.13451094315754283,-8.096672226541468,14.17074102569244,9190.332777345853,-12.558955296902909
60,2,3.5,1,0,0.05,24,1,0.1,2.5,72,0,226,71,155,31.41592920353982,1.088313057072665,14.043975980596827,0.062141486639808965,11.753247583252513,30.44517482189473,11175.324758325252,79,20,59,25.31645569620253,0.8303153192331711,-10.152110251242215,-0.12850772469926855,-10.474329682404736,28.12202252274035,8952.567031759527,-12.578649657306809
30,5,2.5,1,1,0.05,12,0,0.0,1.5,24,0,203,76,127,37.4384236453202,0.7802425206548056,-25.785682051024455,-0.12702306429076085,-23.667353599092642,30.83076476500917,7633.264640090735,59,24,35,40.67796610169491,0.941092022797371,-1.8051377495596053,-0.030595555077281445,-2.1339312894026796,7.536365088291371,9786.606871059732,-12.582232817444813
60,2,3.5,1,3,0.05,24,1,0.1,3.0,6,0,184,62,122,33.69565217391305,0.7784993799924249,-22.9253114959158,-0.1245940842169337,-21.594604569345265,35.856570513723454,7840.5395430654735,67,26,41,38.80597014925373,1.0440435673024326,1.6550261686805554,0.024701883114635156,1.039056462475374,12.501479311408076,10103.905646247538,-12.631853122014316
60,3,3.5,1,1,0.05,12,0,0.0,1.5,72,0,85,32,53,37.64705882352941,0.769321510943796,-11.455813775239918,-0.13477427970870492,-11.27490979275957,17.297195773363434,8872.509020724043,28,12,16,42.857142857142854,1.014623838461222,0.22495474916942151,0.008034098184622198,0.035884521624063304,8.161989952156592,10003.588452162407,-12.63988711238606
60,3,3.5,1,1,0.05,12,0,0.0,3.0,24,1,88,33,55,37.5,0.9579295813543127,-1.4826891647453955,-0.016848740508470402,-1.947626412047887,8.36084988156492,9805.237358795212,30,9,21,30.0,0.690472291625983,-4.163717075263321,-0.13879056917544402,-4.233045321201501,8.188250305102745,9576.69546787985,-12.656364606737817
60,2,3.5,1,0,0.15,24,1,0.1,1.5,72,1,242,81,161,33.47107438016529,0.8812628839101235,-15.850219318541646,-0.06549677404356052,-15.968706998374527,31.781629101155932,8403.129300162547,84,25,59,29.761904761904763,0.7759402477202315,-10.728892808765723,-0.12772491439006814,-10.637049996442638,20.744734629535525,8936.295000355736,-12.683243563986675
60,2,3.5,1,0,0.05,12,1,0.25,1.0,24,0,201,95,106,47.2636815920398,0.8670629904255611,-14.004346720746536,-0.06967336676988327,-13.91728169725771,28.196015486576226,8608.271830274229,71,30,41,42.25352112676056,0.7630322852511412,-9.19330395648914,-0.12948315431674845,-9.09428411069937,19.23222378600211,9090.571588930063,-12.686345178465531
60,2,3.5,1,0,0.05,12,1,0.25,1.0,24,1,201,95,106,47.2636815920398,0.8670629904255611,-14.004346720746536,-0.06967336676988327,-13.91728169725771,28.196015486576226,8608.271830274229,71,30,41,42.25352112676056,0.7630322852511412,-9.19330395648914,-0.12948315431674845,-9.09428411069937,19.23222378600211,9090.571588930063,-12.686345178465531
30,5,3.5,1,1,0.05,12,0,0.25,2.5,72,0,142,40,102,28.169014084507044,0.8168375637500631,-18.266775163502174,-0.12863926171480405,-17.90164897209603,30.65135268160912,8209.835102790397,45,15,30,33.333333333333336,0.9496221257061486,-1.4414069748871612,-0.03203126610860358,-1.8672531992243613,12.24831391121067,9813.274680077564,-12.686468065227917
30,5,3.5,1,0,0.05,12,0,0.1,2.0,24,1,302,94,208,31.125827814569536,0.996024346277998,-0.5383780202083857,-0.0017827086761867076,-2.368687780120271,23.38721653878057,9763.131221987973,104,31,73,29.807692307692307,0.7366927135110816,-13.752018632839416,-0.1322309483926867,-13.345925686750471,17.59922231670692,8665.407431324953,-12.68754636955759
60,2,3.5,1,0,0.05,12,0,0.0,3.0,24,1,173,65,108,37.57225433526011,1.2364701360953085,14.570284106979832,0.08422129541606839,14.536012265713417,8.624368012601646,11453.601226571342,61,22,39,36.0655737704918,0.6653809277478171,-8.272303134585014,-0.13561152679647565,-8.163687041276058,14.87189360342308,9183.631295872394,-12.709991001852806
30,5,3.5,1,0,0.05,12,0,0.25,2.5,24,0,293,107,186,36.51877133105802,1.0398243465554438,6.069813290714631,0.020716086316432188,3.770794337439365,30.647681035157348,10377.079433743937,100,34,66,34.0,0.7666237905033834,-12.896681198008421,-0.12896681198008422,-12.688941848504086,16.708310687784415,8731.10581514959,-12.74078242742697
30,5,2.5,1,1,0.05,12,0,0.1,3.0,6,1,221,77,144,34.841628959276015,0.8008071300883466,-16.764732257363644,-0.07585851700164545,-16.288793912952226,25.00611384468694,8371.120608704778,65,19,46,29.23076923076923,0.6685171565399134,-8.493896454553772,-0.13067533007005802,-8.386475010982918,12.346493695092404,9161.352498901708,-12.81190005040455
60,2,3.5,1,0,0.05,12,0,0.1,1.0,24,0,182,90,92,49.45054945054945,1.0966467138457041,6.000379224503019,0.032969116618148456,5.571750473247383,12.516818989433032,10557.17504732474,61,26,35,42.622950819672134,0.6714775299391501,-8.379232134640372,-0.13736446122361265,-8.213628190905053,13.900617589222689,9178.637180909494,-12.814814679331818
60,2,3.5,1,0,0.05,12,0,0.1,1.0,24,1,182,90,92,49.45054945054945,1.0966467138457041,6.000379224503019,0.032969116618148456,5.571750473247383,12.516818989433032,10557.17504732474,61,26,35,42.622950819672134,0.6714775299391501,-8.379232134640372,-0.13736446122361265,-8.213628190905053,13.900617589222689,9178.637180909494,-12.814814679331818
30,5,3.5,1,2,0.15,12,0,0.0,1.5,6,0,272,124,148,45.588235294117645,1.0352372163653134,2.996311983824448,0.01101585288170753,2.1501598184675785,12.515460647236504,10215.015981846758,89,36,53,40.449438202247194,0.6378141327287766,-12.276367088557581,-0.13793670886019754,-11.781282900157308,12.463461086754414,8821.871709984269,-12.818989292363364
30,5,2.5,1,1,0.05,12,0,0.25,1.0,6,1,221,94,127,42.53393665158371,0.7503292606609865,-19.89540927478256,-0.09002447635648217,-18.53921416003668,22.09497852007264,8146.078583996332,65,24,41,36.92307692307692,0.6501839719541339,-8.597339719138178,-0.13226676490981812,-8.403195139247288,11.520533783224414,9159.68048607527,-12.83304178407526
30,5,2.5,1,1,0.05,12,0,0.25,1.0,6,0,221,94,127,42.53393665158371,0.7503292606609865,-19.89540927478256,-0.09002447635648217,-18.53921416003668,22.09497852007264,8146.078583996332,65,24,41,36.92307692307692,0.6501839719541339,-8.597339719138178,-0.13226676490981812,-8.403195139247288,11.520533783224414,9159.68048607527,-12.83304178407526
30,5,3.5,1,2,0.05,12,0,0.1,2.5,24,1,221,69,152,31.221719457013574,1.0976662999368916,9.571681076268709,0.04331077410076339,8.28099744344426,25.887386908612214,10828.099744344427,75,19,56,25.333333333333332,0.7464877084183805,-9.906181858501672,-0.1320824247800223,-9.87649963206011,13.319375420657096,9012.350036793989,-12.83543694165357
30,5,3.5,1,1,0.05,12,0,0.1,3.0,72,0,143,37,106,25.874125874125873,0.8232550642331501,-18.32630182234903,-0.12815595679964356,-18.143502457001436,34.42042578504743,8185.649754299856,45,16,29,35.55555555555556,1.0981008629083948,2.712414304080113,0.06027587342400251,2.21294468520401,13.331812151100147,10221.294468520402,-12.851446958951993
60,2,3.5,1,0,0.15,12,0,0.1,1.5,72,0,171,71,100,41.52046783625731,0.9672463785268915,-2.9153322842364515,-0.0170487268084003,-3.8787976620176745,20.919352834590683,9612.120233798232,56,21,35,37.5,0.7673727092680888,-7.591453546052297,-0.13556167046521958,-7.6196644972424625,15.163496896975506,9238.033550275753,-12.872277671277766
30,5,3.5,1,1,0.05,12,0,0.1,2.0,6,1,168,58,110,34.523809523809526,0.6348045687751329,-21.988764960501918,-0.1308855057172733,-20.141317058497034,24.137492768573836,7985.868294150297,50,14,36,28.0,0.6665092807647162,-6.040212478064832,-0.12080424956129664,-6.017708480170036,9.23424522619204,9398.229151982996,-12.874008437019064
30,5,2.5,1,1,0.05,12,0,0.25,1.5,72,0,191,72,119,37.696335078534034,0.8368992906407664,-19.150453570792006,-0.10026415482090055,-18.501335984941715,29.628775625012622,8149.866401505828,55,20,35,36.36363636363637,0.7864500453241118,-7.190539466962348,-0.13073708121749725,-7.272236797474541,10.15984195910998,9272.776320252546,-12.875999399528745
60,2,3.5,1,0,0.15,12,0,0.1,1.5,72,1,174,69,105,39.6551724137931,1.1004096416482005,7.574898354110086,0.04353389858683958,6.846711596180111,14.40667956437514,10684.671159618012,56,19,37,33.92857142857143,0.7462143309726155,-7.77705939507728,-0.13887606062638,-7.769303496308655,15.225828762504928,9223.069650369134,-12.904421999659608
60,2,3.5,1,0,0.15,12,1,0.1,2.5,6,0,210,72,138,34.285714285714285,0.771171133458707,-26.93955814452603,-0.12828361021202872,-24.71089088886933,34.32915749472159,7528.9109111130665,75,27,48,36.0,0.8012652676125221,-8.765120652173328,-0.11686827536231105,-8.912304622365353,17.189701036171456,9108.769537763465,-12.91269486994012
30,5,2.5,1,1,0.05,12,0,0.1,1.0,24,0,209,91,118,43.54066985645933,0.7505061735777231,-27.17486174841421,-0.13002326195413497,-24.502637660774173,28.10686296534626,7549.736233922583,59,25,34,42.3728813559322,0.738291977132791,-7.73999114072775,-0.13118629052080932,-7.677893017934856,10.626611771986287,9232.210698206514,-12.919022419513917
30,5,2.5,1,1,0.05,12,0,0.1,1.0,24,1,209,91,118,43.54066985645933,0.7505061735777231,-27.17486174841421,-0.13002326195413497,-24.502637660774173,28.10686296534626,7549.736233922583,59,25,34,42.3728813559322,0.738291977132791,-7.73999114072775,-0.13118629052080932,-7.677893017934856,10.626611771986287,9232.210698206514,-12.919022419513917
30,5,3.5,1,2,0.15,12,0,0.0,2.0,6,0,271,122,149,45.018450184501845,1.0463305274907668,3.9881417702904085,0.01471639029627457,3.059132016868804,15.239174497713712,10305.91320168688,89,35,54,39.325842696629216,0.6483470607537941,-12.27636708855757,-0.13793670886019743,-11.813818250259533,12.495744847320285,8818.618174974046,-12.961346267341952
60,2,3.5,1,0,0.15,24,1,0.1,1.0,24,0,246,114,132,46.34146341463415,0.8338670800144048,-21.880713202887165,-0.08894598862962262,-20.617857787542505,31.433284039815053,7938.214221245749,87,38,49,43.67816091954023,0.7670616687978505,-11.380854841930912,-0.13081442347047026,-11.142778483244541,16.934390295422308,8885.722151675545,-12.985582370392407
60,2,3.5,1,0,0.15,24,1,0.1,1.0,24,1,246,114,132,46.34146341463415,0.8338670800144048,-21.880713202887165,-0.08894598862962262,-20.617857787542505,31.433284039815053,7938.214221245749,87,38,49,43.67816091954023,0.7670616687978505,-11.380854841930912,-0.13081442347047026,-11.142778483244541,16.934390295422308,8885.722151675545,-12.985582370392407
60,2,3.5,1,0,0.15,24,1,0.25,2.0,24,1,243,66,177,27.160493827160494,0.937566365667088,-8.241731630048749,-0.03391659107015946,-9.602725233408382,32.035430065949754,9039.727476659162,83,19,64,22.89156626506024,0.7640877355406566,-10.875469866143517,-0.13102975742341585,-10.814424872769635,21.80554728901769,8918.557512723037,-13.053844395332927
60,2,3.5,1,0,0.15,12,1,0.1,2.0,24,0,206,68,138,33.00970873786408,0.9261168377990161,-10.20808023367217,-0.04955378754209792,-11.443749772274892,33.178358732982986,8855.62502277251,72,20,52,27.77777777777778,0.7972847433311921,-9.462133274695917,-0.13141851770410995,-9.56387350683766,20.36352963572981,9043.612649316234,-13.108937863612748
30,5,3.5,1,2,0.15,12,0,0.25,2.0,72,0,206,73,133,35.43689320388349,0.9897994987578882,-1.3011358675814848,-0.006316193531948956,-3.081084683850843,31.806659455654057,9691.891531614916,72,23,49,31.944444444444443,0.7916147358785841,-9.536454323547064,-0.13245075449370922,-9.60859522132832,11.487670546638434,9039.140477867168,-13.141199600838156
60,2,3.5,1,0,0.05,12,0,0.1,3.0,24,1,172,66,106,38.372093023255815,1.2744682921801689,16.12410039742772,0.09374476975248675,16.39910203182522,8.625257974789765,11639.910203182522,60,22,38,36.666666666666664,0.657997968429735,-8.393941070714222,-0.13989901784523703,-8.272221720975981,14.701331808116464,9172.777827902402,-13.144898369733891
60,2,3.5,1,0,0.05,24,1,0.0,1.5,72,0,230,93,137,40.43478260869565,0.9527136944042724,-6.700785066252489,-0.029133848114141256,-8.078377458704722,32.17644163250596,9192.162254129527,82,29,53,35.36585365853659,0.7981612173732046,-10.888372129603166,-0.13278502597077033,-10.846766114356832,26.121259678388363,8915.323388564317,-13.170882599501322
60,3,2.5,1,1,0.05,12,1,0.1,1.0,6,1,147,69,78,46.93877551020408,0.7868687596082565,-16.339306690416176,-0.11115174619330732,-15.648556733444108,24.687302352559268,8435.144326655589,58,25,33,43.10344827586207,0.737821059166893,-7.880351816293328,-0.13586813476367807,-7.811872014570076,12.297831011296227,9218.812798542993,-13.184655754797005
60,3,2.5,1,1,0.05,12,1,0.1,1.0,6,0,147,69,78,46.93877551020408,0.7868687596082565,-16.339306690416176,-0.11115174619330732,-15.648556733444108,24.687302352559268,8435.144326655589,58,25,33,43.10344827586207,0.737821059166893,-7.880351816293328,-0.13586813476367807,-7.811872014570076,12.297831011296227,9218.812798542993,-13.184655754797005
60,2,3.5,1,0,0.15,12,0,0.25,1.0,72,0,177,92,85,51.9774011299435,1.06459746034163,4.968088243214371,0.028068295159403227,4.284252932670185,15.153845967480118,10428.425293267019,57,24,33,42.10526315789474,0.7271892448197537,-8.001401322531912,-0.14037546179880547,-7.9155031969982526,16.869238210588072,9208.449680300175,-13.18927768182168
60,2,3.5,1,0,0.15,12,0,0.25,1.0,72,1,177,92,85,51.9774011299435,1.06459746034163,4.968088243214371,0.028068295159403227,4.284252932670185,15.153845967480118,10428.425293267019,57,24,33,42.10526315789474,0.7271892448197537,-8.001401322531912,-0.14037546179880547,-7.9155031969982526,16.869238210588072,9208.449680300175,-13.18927768182168
30,5,3.5,1,0,0.05,12,0,0.0,2.0,24,0,299,112,187,37.458193979933114,0.9994155532451648,-0.09167138561159482,-0.00030659326291503287,-2.2308316815728757,31.07927325841568,9776.916831842713,103,35,68,33.980582524271846,0.7639090437879523,-13.772460868911914,-0.13371321231953315,-13.435090835687047,17.68067507608088,8656.490916431296,-13.243820449968215
60,3,2.5,1,1,0.05,12,0,0.1,1.5,72,0,140,52,88,37.142857142857146,0.7792676973307158,-18.88805377255555,-0.1349146698039682,-17.953446228193858,28.376121357445633,8204.655377180614,46,20,26,43.47826086956522,1.0808281862242883,2.057223527569386,0.044722250599334476,1.7441559330755751,9.594213106966306,10174.415593307558,-13.250484107011122
60,3,3.5,1,1,0.05,12,1,0.1,1.5,6,1,86,35,51,40.69767441860465,1.0251630069507782,1.080254538304784,0.012561099282613767,0.5549793311678153,11.594003016463986,10055.497933116781,34,12,22,35.294117647058826,0.7431826523308942,-4.902355833057884,-0.14418693626640836,-4.969549355454417,8.706576835675179,9503.045064454558,-13.272433696817945
30,5,3.5,1,1,0.05,12,0,0.0,2.0,6,0,168,63,105,37.5,0.6482752326582326,-22.712415669058423,-0.13519295041106205,-20.757339625310934,24.189666735851254,7924.266037468907,50,16,34,32.0,0.7906589971752299,-4.029149661587887,-0.08058299323175774,-4.139336694776352,9.00805591790368,9586.066330522364,-13.280942016668382
30,5,3.5,1,1,0.05,12,0,0.1,1.5,6,0,168,64,104,38.095238095238095,0.6384091435152616,-22.768606731770895,-0.1355274210224458,-20.755132571901747,23.39408999139429,7924.486742809825,50,16,34,32.0,0.7161550092632392,-5.412668596186805,-0.1082533719237361,-5.428751274352617,8.579468373755153,9457.124872564738,-13.286386651425284
60,3,2.5,1,1,0.05,12,1,0.25,2.0,24,0,150,51,99,34.0,0.9104704237255858,-9.205398186287685,-0.0613693212419179,-10.087874635316908,25.700815242819285,8991.212536468309,56,17,39,30.357142857142858,0.800077772312623,-7.723137573642763,-0.13791317095790648,-7.888102020629617,15.876334189045854,9211.189797937039,-13.328905338951104
60,3,3.5,1,1,0.05,12,0,0.25,1.5,72,1,85,29,56,34.11764705882353,0.7396860975089673,-12.053086376743988,-0.1418010161969881,-11.765477407577707,16.552300610550823,8823.452259242229,28,12,16,42.857142857142854,1.0831115948814167,1.1929906683403821,0.04260680958358508,1.0144782390249407,7.238840359702246,10101.447823902494,-13.357137878315278
30,5,2.5,1,1,0.05,12,0,0.0,2.5,6,1,221,74,147,33.484162895927604,0.7213531743797645,-24.554937015587466,-0.1111083122877261,-22.50264646512935,28.83000689600633,7749.735353487065,65,19,46,29.23076923076923,0.6627929967482693,-8.695297320151102,-0.13377380492540158,-8.56539448039053,12.977941347639401,9143.460551960947,-13.362629438601356
60,3,3.5,1,1,0.05,12,0,0.0,1.5,72,1,87,28,59,32.18390804597701,0.7324973206591927,-12.437746233089413,-0.1429626003803381,-12.105366384432381,14.592481429975408,8789.463361556762,28,12,16,42.857142857142854,1.085168367853514,1.2249547491694215,0.04374838389890791,1.0463803485736722,7.234303588883203,10104.638034857368,-13.370084699515301
60,2,3.5,1,2,0.05,12,1,0.25,1.0,72,1,133,59,74,44.3609022556391,0.7582281479957775,-18.392427205382162,-0.13828892635625686,-17.35912918091046,24.13578890507156,8264.087081908954,48,23,25,47.916666666666664,0.9000755218111589,-2.5245892750156655,-0.0525956098961597,-2.726937839185939,9.272074660394305,9727.306216081406,-13.371401644127364
60,2,3.5,1,2,0.05,12,1,0.25,1.0,72,0,133,59,74,44.3609022556391,0.7582281479957775,-18.392427205382162,-0.13828892635625686,-17.35912918091046,24.13578890507156,8264.087081908954,48,23,25,47.916666666666664,0.9000755218111589,-2.5245892750156655,-0.0525956098961597,-2.726937839185939,9.272074660394305,9727.306216081406,-13.371401644127364
30,5,3.5,1,1,0.05,12,0,0.0,2.0,6,1,168,58,110,34.523809523809526,0.6307241251355004,-22.81945800435504,-0.13583010716878002,-20.81321560499827,24.08409916815263,7918.678439500173,50,14,36,28.0,0.6729182795668127,-5.968982358178014,-0.11937964716356028,-5.953431374277551,9.479363168540532,9404.656862572245,-13.373425853423727
60,2,3.5,1,0,0.15,24,1,0.25,1.5,24,1,245,84,161,34.285714285714285,0.9155456290843317,-11.195364998037476,-0.045695367338928476,-11.97420528345452,32.40417811027003,8802.579471654548,85,25,60,29.41176470588235,0.7578864790309551,-11.388013771358326,-0.1339766326042156,-11.204465005815923,20.039776965401572,8879.553499418407,-13.380706259350502
30,5,3.5,1,1,0.05,12,0,0.1,1.5,6,1,168,59,109,35.11904761904762,0.6294426783419785,-22.297214012058728,-0.13272151197654006,-20.35793773804082,23.59591548642627,7964.206226195918,50,14,36,28.0,0.6238634200097809,-6.8126179616730305,-0.1362523592334606,-6.724827534798628,9.473390878470251,9327.517246520138,-13.400081449239643
30,5,3.5,1,2,0.15,12,0,0.0,2.0,6,1,271,115,156,42.435424354243544,0.9975350481067682,-0.20659719958160763,-0.0007623512899690318,-1.1147320403107508,16.9653684722351,9888.526795968924,89,33,56,37.07865168539326,0.6182812144527438,-12.548008142121404,-0.14098885552945398,-12.02649356367771,12.706775583891144,8797.35064363223,-13.43026426534099
30,5,3.5,1,1,0.05,12,0,0.1,2.0,6,0,168,63,105,37.5,0.641285201815946,-22.960157680214092,-0.1366676052393696,-20.946805640695853,24.326899975288477,7905.319435930414,50,16,34,32.0,0.7777085647588158,-4.238897673015808,-0.08477795346031616,-4.334917179343178,8.579468373755164,9566.508282065683,-13.450621555549946
30,5,3.5,1,2,0.05,12,0,0.1,2.0,24,0,222,88,134,39.63963963963964,1.052508505242771,5.830022274754918,0.026261361597995126,4.347712776178114,23.18379861257607,10434.771277617812,76,24,52,31.57894736842105,0.7533794302459664,-10.642228086868997,-0.1400293169324868,-10.528388530637,14.196615449829997,8947.1611469363,-13.452820207325944
30,5,3.5,1,2,0.15,12,0,0.0,2.0,72,0,209,76,133,36.36363636363637,1.02706364154698,3.4715622839117213,0.016610345856036945,1.5974827655751644,30.057063608997204,10159.748276557517,74,23,51,31.08108108108108,0.789966414156105,-10.124830487024196,-0.1368220336084351,-10.168651990502243,13.796675228428526,8983.134800949776,-13.473945537717501
30,5,3.5,1,2,0.05,12,0,0.25,2.0,24,1,220,75,145,34.09090909090909,1.0728780229905477,6.911307093156566,0.031415032241620754,5.708577951149052,20.4879250113662,10570.857795114905,76,22,54,28.94736842105263,0.7299656125491647,-10.76466238645221,-0.1416402945585817,-10.597630890196175,13.611091024098664,8940.236910980382,-13.498993189256444
60,2,3.5,1,2,0.05,24,1,0.25,2.5,72,0,159,41,118,25.78616352201258,0.8251393976654835,-21.04415206852191,-0.13235315766365982,-20.44651902676916,39.266564140922426,7955.3480973230835,56,20,36,35.714285714285715,1.2995912868320023,10.901419776184209,0.19466821028900375,10.677061267374466,10.024790714572534,11067.706126737447,-13.536725692706904
30,5,2.5,1,1,0.05,12,0,0.1,2.5,6,1,221,77,144,34.841628959276015,0.7458792216610692,-21.387647116960288,-0.09677668378715062,-19.97131734010409,27.137192935990797,8002.868265989591,65,19,46,29.23076923076923,0.6539616555060873,-8.866865738076752,-0.13641331904733464,-8.718116988041313,12.777159257557056,9128.188301195869,-13.542674695678095
30,5,2.5,1,1,0.05,12,0,0.0,2.0,24,0,201,71,130,35.32338308457712,0.8874502787364646,-13.564771852133664,-0.0674864271250431,-14.047207330257939,26.42238889601927,8595.279266974207,58,20,38,34.48275862068966,0.7599590054519516,-8.062015449416966,-0.13900026636925805,-8.098062055126809,12.222403170869132,9190.193794487319,-13.557698215392485
60,2,3.5,1,0,0.15,24,1,0.1,3.0,24,1,239,50,189,20.92050209205021,0.9879579459117549,-1.5724001381663553,-0.006579080076009855,-3.928064557068356,26.893385038915653,9607.193544293164,83,15,68,18.072289156626507,0.7546240038096129,-11.555228262523379,-0.1392196176207636,-11.559288128384582,21.59284506612625,8844.071187161542,-13.58323517690774
60,2,3.5,1,0,0.15,12,0,0.0,1.5,72,0,171,72,99,42.10526315789474,0.9894861870162582,-0.9312777177518323,-0.0054460685248645165,-1.9620747877177602,19.06032005051846,9803.792521228224,57,21,36,36.8421052631579,0.7540480487851684,-8.188659746228364,-0.143660697302252,-8.17198268983309,15.785834769250764,9182.80173101669,-13.59554853463133
60,3,2.5,1,1,0.05,12,1,0.0,1.0,72,1,142,64,78,45.070422535211264,0.7550752344771187,-19.976142650046498,-0.1406770609158204,-18.69840875943082,25.036130979125083,8130.159124056919,57,26,31,45.6140350877193,0.8016232433421991,-6.299504732556301,-0.11051762688695264,-6.374871789572212,14.265478436317178,9362.51282104278,-13.653679180320667
60,3,2.5,1,1,0.05,12,1,0.0,1.0,24,1,142,64,78,45.070422535211264,0.7550752344771187,-19.976142650046498,-0.1406770609158204,-18.69840875943082,25.036130979125083,8130.159124056919,57,26,31,45.6140350877193,0.7782497272715574,-7.041736723764219,-0.12353924076779332,-7.063026217418978,14.265478436317178,9293.697378258103,-13.653679180320667
60,3,2.5,1,1,0.05,12,1,0.0,1.0,72,0,142,64,78,45.070422535211264,0.7550752344771187,-19.976142650046498,-0.1406770609158204,-18.69840875943082,25.036130979125083,8130.159124056919,57,26,31,45.6140350877193,0.8016232433421991,-6.299504732556301,-0.11051762688695264,-6.374871789572212,14.265478436317178,9362.51282104278,-13.653679180320667
60,3,2.5,1,1,0.05,12,1,0.0,1.0,24,0,142,64,78,45.070422535211264,0.7550752344771187,-19.976142650046498,-0.1406770609158204,-18.69840875943082,25.036130979125083,8130.159124056919,57,26,31,45.6140350877193,0.7782497272715574,-7.041736723764219,-0.12353924076779332,-7.063026217418978,14.265478436317178,9293.697378258103,-13.653679180320667
60,2,3.5,1,2,0.05,12,1,0.25,1.0,24,0,133,58,75,43.609022556390975,0.7494222559351026,-18.692712936047062,-0.14054671380486514,-17.589867027132367,24.93536334972319,8241.013297286763,48,21,27,43.75,0.8840584136636953,-2.7226109298502674,-0.05672106103854724,-2.89915805829003,8.518029305743267,9710.084194170997,-13.66276663978864
60,2,3.5,1,2,0.05,12,1,0.25,1.0,24,1,133,58,75,43.609022556390975,0.7494222559351026,-18.692712936047062,-0.14054671380486514,-17.589867027132367,24.93536334972319,8241.013297286763,48,21,27,43.75,0.8840584136636953,-2.7226109298502674,-0.05672106103854724,-2.89915805829003,8.518029305743267,9710.084194170997,-13.66276663978864
30,5,3.5,1,2,0.15,12,0,0.1,2.5,24,1,234,71,163,30.34188034188034,1.029789190826641,3.2013738350340875,0.013681084765102937,1.5159753826047284,30.517686540009453,10151.597538260472,82,22,60,26.829268292682926,0.7254782314626237,-11.254702454426418,-0.13725246895641974,-11.091339156941228,14.875318524756182,8890.866084305877,-13.663467564337632
60,2,3.5,1,0,0.15,12,0,0.0,1.5,72,1,174,70,104,40.229885057471265,1.1132412669161513,8.602533812981592,0.04943984949989421,7.933787925073021,13.257223130812736,10793.378792507301,57,18,39,31.57894736842105,0.7210563284331944,-8.284289530338917,-0.14533841281296345,-8.221480800031989,16.56232277675159,9177.851919996801,-13.67942368998041
30,5,2.5,1,1,0.05,12,0,0.1,2.0,24,0,200,70,130,35.0,0.8607086966897999,-16.734463021719883,-0.08367231510859942,-16.69081736007505,28.575843281938017,8330.918263992495,58,20,38,34.48275862068966,0.7592635463128197,-8.060179530563715,-0.13896861259592613,-8.095030851187223,12.18882607066331,9190.496914881278,-13.685131019492683
60,2,3.5,1,2,0.15,24,1,0.1,3.0,72,0,167,38,129,22.75449101796407,0.8344585885669846,-21.89880072409075,-0.13113054325802845,-21.490370353473274,44.680051914323556,7850.962964652672,62,19,43,30.64516129032258,1.2919596956897113,12.702977258171185,0.20488672997050297,12.372017928684498,12.430124998313737,11237.20179286845,-13.710626790889137
60,2,3.5,1,0,0.05,12,1,0.25,1.0,72,1,201,96,105,47.76119402985075,0.8526816952318208,-15.956746409415299,-0.07938679805679254,-15.604705392399465,28.829047550720087,8439.529460760054,71,31,40,43.66197183098591,0.7557774567481578,-9.887160024627635,-0.13925577499475542,-9.7362719265759,19.802616172636743,9026.37280734241,-13.716098827120828
60,2,3.5,1,0,0.05,12,1,0.25,1.0,72,0,201,96,105,47.76119402985075,0.8526816952318208,-15.956746409415299,-0.07938679805679254,-15.604705392399465,28.829047550720087,8439.529460760054,71,31,40,43.66197183098591,0.7557774567481578,-9.887160024627635,-0.13925577499475542,-9.7362719265759,19.802616172636743,9026.37280734241,-13.716098827120828
30,5,3.5,1,1,0.05,12,1,0.25,3.0,24,1,153,26,127,16.99346405228758,0.8628804503503401,-11.344440010419,-0.07414666673476471,-11.998005719852356,21.442012903445974,8800.199428014765,49,8,41,16.3265306122449,0.7713652505891487,-7.054491366687975,-0.1439692115650607,-7.280620256959192,13.289008569803448,9271.93797430408,-13.749509128991717
60,2,3.5,1,0,0.05,12,0,0.25,1.0,24,0,182,93,89,51.0989010989011,1.187599973535623,10.938173115410068,0.0600998522824729,10.932815533828656,12.266421517609201,11093.281553382865,61,26,35,42.622950819672134,0.647134692706563,-8.919211142720938,-0.1462165761101793,-8.702428453270016,14.320126648995013,9129.757154672998,-13.773882386039997
60,2,3.5,1,0,0.05,12,0,0.25,1.0,24,1,182,93,89,51.0989010989011,1.187599973535623,10.938173115410068,0.0600998522824729,10.932815533828656,12.266421517609201,11093.281553382865,61,26,35,42.622950819672134,0.647134692706563,-8.919211142720938,-0.1462165761101793,-8.702428453270016,14.320126648995013,9129.757154672998,-13.773882386039997
60,3,3.5,1,1,0.05,12,0,0.25,1.5,24,0,87,38,49,43.67816091954023,0.8860982760945644,-4.048568515203547,-0.046535270289695944,-4.308956150379506,10.701317669655083,9569.10438496205,31,12,19,38.70967741935484,0.6502045853842768,-4.589167775850905,-0.14803767018873887,-4.58914325160662,8.87308796898699,9541.085674839338,-13.798863318004663
30,5,3.5,1,0,0.05,12,0,0.0,1.5,24,0,303,123,180,40.59405940594059,0.9545193173988465,-6.779181482048259,-0.022373536244383693,-8.130296301307771,26.32180305714858,9186.970369869223,104,38,66,36.53846153846154,0.7382819661805273,-14.729561629795814,-0.1416304002864982,-14.17003865042985,18.92306301158773,8582.996134957015,-13.800388244701928
30,5,3.5,1,1,0.05,12,1,0.25,3.0,72,1,153,24,129,15.686274509803921,0.8127759779358019,-15.625586074124728,-0.10212801355637077,-15.664577143994796,22.83590410821644,8433.54228560052,49,8,41,16.3265306122449,0.7713652505891487,-7.054491366687975,-0.1439692115650607,-7.280620256959192,13.289008569803448,9271.93797430408,-13.833142601277945
60,3,2.5,1,1,0.05,12,1,0.1,2.5,24,0,143,40,103,27.972027972027973,0.8421010221824643,-16.938367018576578,-0.11845011901102502,-16.94991350963715,30.15761426756957,8305.008649036285,56,15,41,26.785714285714285,0.8071207708795048,-7.87015443535469,-0.1405384720599052,-8.117654950151444,17.162232180898716,9188.234504984855,-13.844757393502228
30,5,3.5,1,0,0.05,12,0,0.1,2.0,72,1,266,76,190,28.571428571428573,1.0087649503713125,1.1397280880706389,0.004284692060415936,-0.7511898775011128,28.136625548866377,9924.881012249889,93,23,70,24.731182795698924,0.7451442303067728,-13.116078368426916,-0.1410331007357733,-12.830276444781907,15.145796719689514,8716.97235552181,-13.846889667668766
60,2,3.5,1,0,0.05,12,1,0.25,1.5,72,1,199,70,129,35.175879396984925,0.9405035150133824,-6.423103833736792,-0.03227690368711956,-7.430380489609667,28.427906249694978,9256.961951039033,70,20,50,28.571428571428573,0.7508160985848403,-9.864030779349045,-0.14091472541927208,-9.772615949565278,20.620021441360258,9022.738405043472,-13.869246732035096
30,5,3.5,1,0,0.05,12,0,0.25,1.5,24,0,302,120,182,39.735099337748345,0.9107349597767044,-13.199854575273552,-0.04370812773269388,-13.780734135747974,30.570599460415238,8621.926586425203,104,39,65,37.5,0.7353593265113514,-14.530792548273313,-0.13971915911801264,-13.982048341555043,16.584264799987892,8601.795165844496,-13.870037191387723
30,5,3.5,1,0,0.05,12,0,0.1,1.5,24,0,302,121,181,40.06622516556291,0.932379663876433,-10.058995389694527,-0.03330793175395539,-11.065768305132783,28.68714937346685,8893.423169486721,104,38,66,36.53846153846154,0.7382746507006717,-14.692800983462622,-0.14127693253329443,-14.137420368684362,18.848615658411493,8586.257963131564,-13.906976879320359
60,2,3.5,1,0,0.15,12,1,0.0,1.5,6,0,210,77,133,36.666666666666664,0.7604124722309777,-27.879654785577383,-0.13276026088370182,-25.2218066343637,36.78488773317872,7477.81933656363,76,30,46,39.473684210526315,0.7570720382700314,-10.375311331326348,-0.1365172543595572,-10.23779732190504,19.341782303224704,8976.220267809496,-13.91029408122101
30,5,3.5,1,1,0.05,12,0,0.0,3.0,72,0,143,36,107,25.174825174825173,0.8115735382814514,-19.83279657331483,-0.13869088512807573,-19.377638684546405,34.720073467719956,8062.236131545359,45,16,29,35.55555555555556,1.1666944245820587,4.614699744249155,0.10254888320553678,4.1359030925552265,13.470884819299522,10413.590309255524,-13.94628170465896
60,2,3.5,1,0,0.15,24,1,0.25,2.5,24,1,241,59,182,24.481327800829874,0.9983164834505053,-0.22080272663724898,-0.000916193886461614,-2.3826798196010857,28.373662827096396,9761.732018039891,83,16,67,19.27710843373494,0.744890823452264,-11.772068081854849,-0.14183214556451626,-11.668848183583558,22.137249688021026,8833.115181641644,-13.952770999288552
30,5,3.5,1,2,0.05,12,0,0.1,2.5,24,0,220,82,138,37.27272727272727,1.0583287326574227,6.65294487967929,0.03024065854399677,4.957530092228635,29.168854196929228,10495.753009222864,75,22,53,29.333333333333332,0.7591763929449874,-10.635470808314714,-0.1418062774441962,-10.589848348604614,13.790895293850328,8941.015165139539,-13.979332876316764
30,5,2.5,1,1,0.05,12,0,0.25,3.0,24,0,198,62,136,31.31313131313131,0.8460159924389952,-19.060477294184007,-0.09626503683931317,-18.872569322603326,33.98877328644377,8112.743067739667,57,19,38,33.333333333333336,0.751317808513353,-7.905132561857314,-0.13868653617293533,-7.98868669342162,11.332504214905676,9201.131330657838,-13.99930009639881
30,5,2.5,1,1,0.05,12,0,0.1,1.5,24,0,203,75,128,36.94581280788177,0.759167591870709,-28.419380066972458,-0.13999694614272146,-25.641493410947692,32.60845779081557,7435.85065890523,59,23,36,38.983050847457626,0.8650074427363567,-4.267226127687202,-0.07232586657096952,-4.508677213961998,8.518049523564803,9549.1322786038,-14.028432441757452
60,2,3.5,1,0,0.15,12,1,0.1,2.5,24,0,205,61,144,29.75609756097561,0.9782798333990241,-3.137706445833011,-0.015305885101624445,-5.42003728700724,34.10555141195484,9457.996271299276,70,17,53,24.285714285714285,0.7979521692123449,-9.815318376468785,-0.14021883394955406,-9.987133178949769,20.711982635801995,9001.286682105023,-14.046044153543875
60,2,3.5,1,0,0.15,12,1,0.25,2.5,24,1,208,50,158,24.03846153846154,0.9766772428932357,-2.650405208670763,-0.012742332733994053,-4.423020978425751,26.51905251399271,9557.697902157424,71,14,57,19.718309859154928,0.7446662182262948,-10.215831692544942,-0.14388495341612595,-10.203652896251603,20.23215838676063,8979.63471037484,-14.062639444097963
30,5,3.5,1,0,0.05,12,0,0.0,1.5,24,1,309,110,199,35.59870550161812,0.9484757004864608,-7.17832465459771,-0.023230824124911682,-8.401436468373413,20.980568159868405,9159.856353162659,105,35,70,33.333333333333336,0.710035817035269,-15.458410297800118,-0.14722295521714399,-14.759150804912025,18.49924720150211,8524.084919508798,-14.094714067824759
60,2,3.5,1,0,0.15,12,1,0.0,1.5,24,0,206,79,127,38.349514563106794,0.8849052414073102,-14.677322623280045,-0.07124913894796138,-14.91806440610458,34.98422080299456,8508.193559389541,73,24,49,32.87671232876713,0.774979853649706,-10.22132299739214,-0.14001812325194712,-10.155189757763605,22.63113301455615,8984.48102422364,-14.120499356754559
30,5,3.5,1,0,0.05,12,0,0.0,1.0,72,1,291,151,140,51.89003436426117,1.0355880841996443,4.956630725556937,0.01703309527682796,3.610856649683014,19.892060423908873,10361.085664968301,99,41,58,41.41414141414141,0.726207615546255,-14.726213290899551,-0.14874962920100557,-14.085914793563148,20.372544398406532,8591.408520643685,-14.18438333431363
30,5,3.5,1,0,0.05,12,0,0.0,1.0,72,0,291,151,140,51.89003436426117,1.0355880841996443,4.956630725556937,0.01703309527682796,3.610856649683014,19.892060423908873,10361.085664968301,99,41,58,41.41414141414141,0.726207615546255,-14.726213290899551,-0.14874962920100557,-14.085914793563148,20.372544398406532,8591.408520643685,-14.18438333431363
60,3,2.5,1,1,0.05,12,1,0.0,2.5,72,0,137,40,97,29.197080291970803,0.9798636798604395,-2.022822443797361,-0.014765127326988038,-3.6724943999768,23.518292186501355,9632.75056000232,56,14,42,25.0,0.8069906619372486,-8.289030081212637,-0.14801839430736852,-8.544887596465944,15.316529533383195,9145.511240353406,-14.19465051126898
30,5,3.5,1,1,0.05,12,0,0.0,2.5,24,0,153,47,106,30.718954248366014,0.7694890128127063,-21.998321666489737,-0.14377988017313553,-20.73541248426327,30.046732572025736,7926.458751573673,48,17,31,35.416666666666664,0.8661769059986734,-3.5618687090052408,-0.07420559810427585,-3.8514365185471577,11.178166787220755,9614.856348145284,-14.252631916198622
60,2,3.5,1,0,0.15,12,1,0.25,3.0,72,1,207,40,167,19.32367149758454,0.9978763011021021,-0.246625769375401,-0.0011914288375623238,-2.499648173665625,28.393058527887206,9750.035182633437,70,11,59,15.714285714285714,0.7565196845938252,-10.155082322194236,-0.1450726046027748,-10.253245282246349,22.211921456353693,8974.675471775365,-14.27153661505893
30,5,2.5,1,1,0.05,12,0,0.1,1.0,6,1,221,93,128,42.081447963800905,0.7454186174593826,-21.262797220288792,-0.09621175212800359,-19.676954368689326,23.76414020014459,8032.304563131067,65,24,41,36.92307692307692,0.6295486938809441,-9.45590871238627,-0.14547551865209646,-9.192357750799985,12.36906976174935,9080.764224920002,-14.29533741525379
30,5,2.5,1,1,0.05,12,0,0.1,1.0,6,0,221,93,128,42.081447963800905,0.7454186174593826,-21.262797220288792,-0.09621175212800359,-19.676954368689326,23.76414020014459,8032.304563131067,65,24,41,36.92307692307692,0.6295486938809441,-9.45590871238627,-0.14547551865209646,-9.192357750799985,12.36906976174935,9080.764224920002,-14.29533741525379
60,3,3.5,1,1,0.05,12,0,0.25,1.0,72,0,86,37,49,43.02325581395349,0.719424305751698,-12.959113848754324,-0.15068737033435262,-12.494866992613641,16.912447443716996,8750.513300738636,28,13,15,46.42857142857143,0.8368315740437249,-2.3416405128654683,-0.08363001831662387,-2.441918146102029,6.802627888435546,9755.808185389797,-14.30790568555624
60,3,3.5,1,1,0.05,12,0,0.25,1.0,72,1,86,37,49,43.02325581395349,0.719424305751698,-12.959113848754324,-0.15068737033435262,-12.494866992613641,16.912447443716996,8750.513300738636,28,13,15,46.42857142857143,0.8368315740437249,-2.3416405128654683,-0.08363001831662387,-2.441918146102029,6.802627888435546,9755.808185389797,-14.30790568555624
60,2,3.5,1,0,0.15,12,1,0.0,2.0,72,0,203,67,136,33.004926108374384,0.9180947622901722,-11.588718282621256,-0.057087282180400274,-12.7090704732168,36.244007289322184,8729.09295267832,72,21,51,29.166666666666668,0.8028962408557058,-10.227087107780957,-0.14204287649695774,-10.327607465417167,23.80772724518023,8967.239253458283,-14.344089661228853
30,5,3.5,1,0,0.05,12,0,0.1,2.5,72,1,261,66,195,25.28735632183908,1.0635045473286246,8.070739204370192,0.030922372430537134,6.029559097550119,32.74843466963681,10602.955909755012,93,21,72,22.580645161290324,0.741231059736177,-13.320283524662607,-0.143228855103899,-13.062984485021012,17.352010005470284,8693.7015514979,-14.350999992868752
30,5,3.5,1,2,0.15,12,0,0.25,2.0,24,1,233,77,156,33.047210300429185,1.0006238422927467,0.06504065508664303,0.0002791444424319443,-1.3552273848427054,25.801191261528494,9864.477261515729,83,25,58,30.120481927710845,0.7086483599579438,-12.193981493018244,-0.1469154396749186,-11.873869477521238,15.13881581637586,8812.613052247876,-14.379237043383352
60,2,3.5,1,0,0.15,24,1,0.25,1.0,24,1,249,116,133,46.5863453815261,0.8476718677735768,-20.11446044492932,-0.08078096564228643,-19.211681147861658,32.634504121630634,8078.8318852138345,86,36,50,41.86046511627907,0.7418284606384729,-12.375193298019552,-0.14389759648859943,-12.008245029830256,20.865406173243425,8799.175497016975,-14.417582163015377
60,2,3.5,1,0,0.15,24,1,0.25,1.0,24,0,249,116,133,46.5863453815261,0.8476718677735768,-20.11446044492932,-0.08078096564228643,-19.211681147861658,32.634504121630634,8078.8318852138345,86,36,50,41.86046511627907,0.7418284606384729,-12.375193298019552,-0.14389759648859943,-12.008245029830256,20.865406173243425,8799.175497016975,-14.417582163015377
30,5,3.5,1,1,0.05,12,0,0.0,2.0,24,0,155,51,104,32.903225806451616,0.7732503454999596,-21.167538825130766,-0.13656476661374686,-19.963228450484173,26.231638377032475,8003.677154951582,48,17,31,35.416666666666664,0.7346782834300023,-7.061868709005209,-0.14712226477094184,-7.087355670793183,11.515684745781519,9291.264432920681,-14.427586183045067
30,5,3.5,1,2,0.05,12,0,0.25,2.5,24,0,219,84,135,38.35616438356164,1.0833951213656492,9.116984271786368,0.04163006516797428,7.649656129040006,26.919876659782314,10764.965612904,74,22,52,29.72972972972973,0.7422769227805522,-10.903552526276062,-0.14734530440913599,-10.792062291691396,13.915831407435657,8920.79377083086,-14.433420383585803
30,5,3.5,1,2,0.05,12,0,0.1,2.0,24,1,222,75,147,33.78378378378378,1.0635695120420003,6.225109338013007,0.02804103305411264,4.9400929158114115,21.490468575411235,10494.009291581142,76,21,55,27.63157894736842,0.7151399172886297,-11.412939137055954,-0.15017025180336782,-11.175978252202768,14.171295844154866,8882.402174779723,-14.441792918098828
30,5,3.5,1,1,0.05,12,0,0.0,2.5,72,0,143,39,104,27.272727272727273,0.7961219800039019,-20.904953150575906,-0.14618848357046088,-20.056092329950705,31.757985534899436,7994.390767004929,46,16,30,34.78260869565217,1.04227108337516,1.2126048150577724,0.026360974240386355,0.7382376516914757,12.321136629169734,10073.823765169147,-14.547068768961244
30,5,3.5,1,0,0.05,12,0,0.0,1.0,24,1,321,155,166,48.28660436137071,0.9600855215777908,-5.698839022713699,-0.017753392594123674,-6.806902484256461,23.44979210552625,9319.309751574354,106,44,62,41.509433962264154,0.6956049544279206,-15.899572799410643,-0.1499959698057608,-15.058077077455067,20.325929539907804,8494.192292254493,-14.548091714605622
30,5,3.5,1,0,0.05,12,0,0.0,1.0,24,0,321,155,166,48.28660436137071,0.9600855215777908,-5.698839022713699,-0.017753392594123674,-6.806902484256461,23.44979210552625,9319.309751574354,106,44,62,41.509433962264154,0.6956049544279206,-15.899572799410643,-0.1499959698057608,-15.058077077455067,20.325929539907804,8494.192292254493,-14.548091714605622
30,5,2.5,1,1,0.05,12,0,0.1,1.5,6,1,221,81,140,36.65158371040724,0.7230066257111598,-23.281780758289095,-0.10534742424565201,-21.35069646633685,26.511453378806994,7864.930353366315,65,20,45,30.76923076923077,0.6283140467290507,-9.519789475840563,-0.14645829962831636,-9.27827448740749,12.45831533552273,9072.172551259251,-14.560923597899311
60,3,2.5,1,1,0.05,12,1,0.0,3.0,72,0,135,34,101,25.185185185185187,0.9446846234007527,-5.788173354069581,-0.042875358178293195,-7.468427923696163,26.471240279005947,9253.157207630384,55,12,43,21.818181818181817,0.8122330661545485,-8.25635034265046,-0.15011546077546292,-8.61048557414399,19.449585524095784,9138.951442585601,-14.572819192904037
60,3,2.5,1,1,0.05,12,0,0.25,1.0,72,1,143,62,81,43.35664335664335,0.7323204295451227,-21.154385718198487,-0.14793276726012927,-19.613990423811078,27.81742629095827,8038.600957618892,47,22,25,46.808510638297875,0.8571370482559616,-3.489821160191166,-0.07425151404662056,-3.6473418871563967,9.560578768921047,9635.26581128436,-14.610561343289389
60,3,2.5,1,1,0.05,12,0,0.25,1.0,72,0,143,62,81,43.35664335664335,0.7323204295451227,-21.154385718198487,-0.14793276726012927,-19.613990423811078,27.81742629095827,8038.600957618892,47,22,25,46.808510638297875,0.8571370482559616,-3.489821160191166,-0.07425151404662056,-3.6473418871563967,9.560578768921047,9635.26581128436,-14.610561343289389
60,3,3.5,1,1,0.05,12,0,0.1,1.5,24,1,88,34,54,38.63636363636363,0.7995438257849354,-7.049893854287196,-0.08011243016235449,-7.118278230917818,9.256473925445894,9288.172176908218,31,11,20,35.483870967741936,0.6347147072205502,-4.8629020412381125,-0.1568678077818746,-4.851416601337855,8.621875015213634,9514.858339866214,-14.626166208993137
30,5,3.5,1,2,0.05,12,0,0.0,2.0,72,0,200,74,126,37.0,1.0568933562791787,6.881369558183547,0.03440684779091773,5.201820677961866,29.249184353594053,10520.182067796186,69,21,48,30.434782608695652,0.7758421312879786,-10.245145558711972,-0.14848037041611553,-10.247115308327825,13.247604424774165,8975.288469167217,-14.626454316046303
60,2,3.5,1,0,0.15,12,0,0.0,3.0,24,0,185,77,108,41.62162162162162,1.2522744471350127,18.497197962490223,0.0999848538512985,18.860443521753332,9.724461243212525,11886.044352175333,62,25,37,40.32258064516129,0.6406608150833212,-9.558719643849177,-0.15417289748143834,-9.346281923414878,15.113276801945656,9065.371807658512,-14.628451253454777
30,5,3.5,1,0,0.05,12,0,0.1,1.5,24,1,306,108,198,35.294117647058826,0.9491496147039296,-6.897306542650848,-0.022540217459643293,-8.09904172288476,22.702261100757116,9190.095827711524,105,34,71,32.38095238095238,0.6955341035504509,-15.892624718287546,-0.1513583306503576,-15.114008268042012,18.81827550622881,8488.599173195798,-14.640556614569077
60,2,3.5,1,0,0.05,12,0,0.0,1.5,72,1,162,65,97,40.123456790123456,1.1449670995265206,9.983283154061677,0.06162520465470171,9.517679096341025,12.824100703129652,10951.767909634102,55,16,39,29.09090909090909,0.7107344341751249,-8.539812093077614,-0.15526931078322936,-8.455074658031258,16.06871174343969,9154.492534196874,-14.667049745505555
60,2,3.5,1,2,0.05,24,1,0.25,3.0,72,0,153,35,118,22.875816993464053,0.8202351483576795,-21.583061974548613,-0.14106576453953343,-21.05135730906903,44.83074571031872,7894.8642690930965,55,17,38,30.90909090909091,1.1930507451577483,7.412151285693303,0.13476638701260552,6.790529402495471,14.384522865488819,10679.052940249547,-14.753415730783592
60,2,3.5,1,0,0.15,24,1,0.0,1.5,24,0,240,93,147,38.75,0.9057194325215023,-13.866439963248402,-0.05777683318020167,-14.436898826455291,35.39784621379417,8556.310117354471,85,28,57,32.94117647058823,0.768075602634782,-12.423735331575166,-0.14616159213617844,-12.187367611184708,23.524465496881554,8781.26323888153,-14.75844405155058
60,2,3.5,1,0,0.15,24,1,0.25,3.0,72,1,236,46,190,19.491525423728813,1.0241794015681789,3.157896031349668,0.013380915387074864,0.5399433352598626,28.906648196118233,10053.994333525987,80,12,68,15.0,0.7492917723277307,-11.988917576524372,-0.14986146970655465,-11.976010694807337,24.6498468883503,8802.398930519266,-14.782517402299854
60,3,2.5,1,1,0.05,12,1,0.0,1.0,6,1,142,64,78,45.070422535211264,0.7272102821950935,-21.436795249182683,-0.15096334682523016,-19.840860184636345,26.017123268929726,8015.913981536365,58,26,32,44.827586206896555,0.773041670711791,-6.844187633266836,-0.11800323505632476,-6.858875326140568,13.970447166020145,9314.112467385943,-14.79518776987804
60,3,2.5,1,1,0.05,12,1,0.0,1.0,6,0,142,64,78,45.070422535211264,0.7272102821950935,-21.436795249182683,-0.15096334682523016,-19.840860184636345,26.017123268929726,8015.913981536365,58,26,32,44.827586206896555,0.773041670711791,-6.844187633266836,-0.11800323505632476,-6.858875326140568,13.970447166020145,9314.112467385943,-14.79518776987804
60,3,3.5,1,1,0.05,12,0,0.1,1.5,72,1,87,28,59,32.18390804597701,0.7079116107993737,-13.576245677824902,-0.1560488008945391,-13.091174164781771,15.813913375499155,8690.882583521823,28,12,16,42.857142857142854,1.0842987843759948,1.211427616681861,0.043265272024352174,1.0328819617194673,7.236627013708106,10103.288196171947,-14.801162087386466
60,3,3.5,1,1,0.05,12,1,0.25,1.5,6,0,91,41,50,45.05494505494506,1.0042272803616092,0.1974839478709982,0.0021701532733076727,-0.3646172642984835,11.023638607678768,9963.538273570151,34,12,22,35.294117647058826,0.7217746771611009,-5.419384768192421,-0.15939366965271826,-5.459140587783917,10.779730391294867,9454.085941221609,-14.801701121261406
60,3,3.5,1,1,0.05,12,0,0.0,1.5,24,1,88,35,53,39.77272727272727,0.8496579254250675,-5.286532126144673,-0.06007422870618946,-5.480534009403004,8.341066669492076,9451.9465990597,31,11,20,35.483870967741936,0.6334574130519709,-4.929530725940521,-0.1590171201916297,-4.915978446904223,8.706788075876167,9508.402155309577,-14.810630887331623
60,2,3.5,1,2,0.15,24,1,0.25,2.0,72,0,173,51,122,29.479768786127167,0.7953974409462965,-25.480845620684082,-0.1472881249750525,-23.730219093045957,35.09524589433571,7626.978090695405,63,23,40,36.507936507936506,1.1322558774504343,5.344020429249954,0.08482572109920562,4.801152892485949,14.064397668672216,10480.115289248595,-14.827844060936833
30,5,3.5,1,2,0.05,12,0,0.1,2.0,72,1,205,61,144,29.75609756097561,1.037815415645762,3.938046244114129,0.019209981678605506,2.41151548719043,25.06249653412039,10241.151548719043,69,18,51,26.08695652173913,0.7471269272880547,-10.527201876733233,-0.15256814314106135,-10.445599685692963,10.544967756507637,8955.440031430704,-14.841460727372313
60,2,3.5,1,0,0.15,24,1,0.0,3.0,24,1,238,48,190,20.168067226890756,0.9906396499842511,-1.2208291422811,-0.005129534211265126,-3.6295717122591276,24.991068931170094,9637.042828774087,83,14,69,16.867469879518072,0.7210761157759664,-12.64042689722003,-0.15229429996650637,-12.468859179579106,23.35961299008708,8753.11408204209,-14.843660221084578
60,2,3.5,1,0,0.15,24,1,0.25,2.0,72,1,242,64,178,26.446280991735538,0.9328426885348492,-8.95493257513768,-0.0370038536162714,-10.284643216957578,33.15646797260889,8971.535678304243,81,18,63,22.22222222222222,0.748745642569055,-12.001413728314459,-0.14816560158412911,-11.833850417017079,22.331381678297525,8816.614958298293,-14.86778502690491
30,5,3.5,1,1,0.05,12,0,0.25,1.0,24,1,159,66,93,41.509433962264154,0.7038436336804811,-24.19858983598929,-0.152192388905593,-22.02006115601375,24.617595501062397,7797.993884398625,48,20,28,41.666666666666664,0.7206295709932157,-6.543279207067973,-0.1363183168139161,-6.514391309456369,9.429464230883902,9348.560869054363,-14.899425323451018
30,5,3.5,1,1,0.05,12,0,0.25,1.0,24,0,159,66,93,41.509433962264154,0.7038436336804811,-24.19858983598929,-0.152192388905593,-22.02006115601375,24.617595501062397,7797.993884398625,48,20,28,41.666666666666664,0.7206295709932157,-6.543279207067973,-0.1363183168139161,-6.514391309456369,9.429464230883902,9348.560869054363,-14.899425323451018
60,2,3.5,1,0,0.15,12,1,0.25,2.0,24,1,209,56,153,26.794258373205743,0.928036248990545,-8.16765040010344,-0.03907966698614086,-9.295143545864848,28.76115066061804,9070.485645413515,71,16,55,22.535211267605632,0.7318093681862363,-10.719434262114254,-0.1509779473537219,-10.594954250557675,20.209701798004183,8940.504574944232,-14.932178426735193
30,5,3.5,1,1,0.05,12,0,0.0,3.0,24,0,153,45,108,29.41176470588235,0.7661430076954026,-22.800347812237597,-0.14902188112573592,-21.46509396089449,32.86622343262488,7853.490603910552,48,17,31,35.416666666666664,0.8902410483562447,-2.9213715189490084,-0.06086190664477101,-3.281285437797088,13.192633803355388,9671.871456220291,-14.952693473329218
60,2,3.5,1,0,0.15,12,1,0.0,3.0,6,0,208,67,141,32.21153846153846,0.7512484684429688,-30.828129735486108,-0.14821216218983707,-27.720159771723207,35.550974134086545,7227.984022827679,75,26,49,34.666666666666664,0.8334637837108206,-7.621094615172254,-0.10161459486896339,-7.96323907471187,18.450420902057076,9203.676092528813,-15.01870439611433
60,2,3.5,1,0,0.15,24,1,0.1,2.0,24,0,241,82,159,34.024896265560166,0.9725382667656376,-4.358881641274114,-0.018086645814415412,-6.442048584790172,33.25958312209688,9355.795141520983,84,23,61,27.38095238095238,0.7735516145882445,-12.642620683693414,-0.15050738909158826,-12.487332482854852,23.866631748016275,8751.266751714515,-15.054945541659116
60,2,3.5,1,0,0.15,24,1,0.1,2.5,24,1,241,53,188,21.991701244813278,0.9244598012077836,-10.009459558747198,-0.04153302721471866,-11.430160105055108,29.121470960388347,8856.983989494489,83,16,67,19.27710843373494,0.7316655972086994,-12.634760738762253,-0.15222603299713558,-12.433004531108583,22.016939506130313,8756.699546889142,-15.063478683035129
30,5,2.5,1,1,0.05,12,0,0.0,1.0,24,0,209,89,120,42.58373205741627,0.7176926541615181,-31.687867416447702,-0.15161659050931914,-27.845120163596548,29.91185794740168,7215.487983640345,59,26,33,44.067796610169495,0.7971431038214949,-5.807977977780171,-0.09844030470813848,-5.876921365967592,10.675680692849436,9412.30786340324,-15.111550763230769
30,5,2.5,1,1,0.05,12,0,0.0,1.0,24,1,209,89,120,42.58373205741627,0.7176926541615181,-31.687867416447702,-0.15161659050931914,-27.845120163596548,29.91185794740168,7215.487983640345,59,26,33,44.067796610169495,0.7971431038214949,-5.807977977780171,-0.09844030470813848,-5.876921365967592,10.675680692849436,9412.30786340324,-15.111550763230769
30,5,3.5,1,2,0.15,12,0,0.1,2.0,24,1,235,77,158,32.765957446808514,0.993991995958815,-0.6451979032216206,-0.002745522992432428,-2.096309093846338,26.75465892767684,9790.369090615366,83,24,59,28.91566265060241,0.6960602726688799,-12.761459732980715,-0.1537525269033821,-12.373296089231566,15.711946722169778,8762.670391076843,-15.14533000077673
60,2,3.5,1,0,0.15,24,1,0.0,3.0,6,0,241,81,160,33.60995850622407,0.8121495985671956,-26.089429216028876,-0.10825489301256795,-24.433227062864795,38.61226766527908,7556.677293713521,89,29,60,32.58426966292135,0.7663546610108373,-13.211407208023033,-0.14844277761823632,-13.063963872524909,22.86472047644119,8693.603612747509,-15.178323532685676
60,2,3.5,1,0,0.15,12,0,0.1,1.0,72,1,179,94,85,52.513966480446925,1.0771161459856022,6.020685947807393,0.033635117026856946,5.369346431726174,13.59432666957929,10536.934643172617,58,24,34,41.37931034482759,0.6968644381058299,-9.298484334102294,-0.1603186954155568,-9.109493540845593,17.300208875978225,9089.05064591544,-15.268399453512142
60,2,3.5,1,0,0.15,12,0,0.1,1.0,72,0,179,94,85,52.513966480446925,1.0771161459856022,6.020685947807393,0.033635117026856946,5.369346431726174,13.59432666957929,10536.934643172617,58,24,34,41.37931034482759,0.6968644381058299,-9.298484334102294,-0.1603186954155568,-9.109493540845593,17.300208875978225,9089.05064591544,-15.268399453512142
30,5,3.5,1,1,0.05,12,0,0.0,1.0,24,1,160,67,93,41.875,0.7039649801807837,-24.898753931312,-0.1556172120707,-22.58245585906671,25.17480601449521,7741.75441409333,48,20,28,41.666666666666664,0.716497643770453,-6.680429475308815,-0.13917561406893364,-6.643144932023537,10.559405512200872,9335.685506797647,-15.275097577767085
30,5,3.5,1,1,0.05,12,0,0.0,1.0,24,0,160,67,93,41.875,0.7039649801807837,-24.898753931312,-0.1556172120707,-22.58245585906671,25.17480601449521,7741.75441409333,48,20,28,41.666666666666664,0.716497643770453,-6.680429475308815,-0.13917561406893364,-6.643144932023537,10.559405512200872,9335.685506797647,-15.275097577767085
30,5,3.5,1,1,0.05,12,0,0.25,2.5,24,0,153,47,106,30.718954248366014,0.7506051341688117,-23.51632269749355,-0.15370145553917353,-21.88898062999075,30.3251468186026,7811.101937000925,48,18,30,37.5,0.9016307975917356,-2.5034738103873373,-0.052155704383069525,-2.8209184582624225,10.822499917934586,9717.908154173758,-15.299262064884823
60,3,3.5,1,1,0.05,12,1,0.25,2.5,6,0,91,39,52,42.857142857142854,1.0610881221192927,2.9817845386025326,0.032766863061566294,2.255918533131407,10.123260060577975,10225.59185331314,34,11,23,32.35294117647059,0.7284086203543224,-5.565957621101096,-0.1637046359147381,-5.650887547137096,13.347828193128356,9434.91124528629,-15.358981236203926
30,5,3.5,1,2,0.05,12,0,0.25,2.5,24,1,220,72,148,32.72727272727273,1.140338256736605,13.313542554116715,0.06051610251871234,12.439035271003851,22.512223007861216,11243.903527100385,74,19,55,25.675675675675677,0.6979361164662446,-11.739173048135525,-0.15863747362345304,-11.485742467582005,14.86580899903934,8851.4257532418,-15.386859698530857
60,3,3.5,1,1,0.05,12,0,0.25,2.5,24,0,87,36,51,41.37931034482759,0.925696193039402,-2.7919545936755474,-0.03209143211121319,-3.2115735786996447,10.114744093086184,9678.842642130036,30,10,20,33.333333333333336,0.6259963964312403,-4.913478457207249,-0.16378261524024165,-4.919458837255808,8.993780616365914,9508.05411627442,-15.38975465629834
30,5,3.5,1,0,0.05,12,0,0.1,1.5,72,0,261,110,151,42.1455938697318,1.0092184687761392,1.3520915732530263,0.00518042748372807,-0.4448008039418916,25.34452305424092,9955.519919605811,92,31,61,33.69565217391305,0.739469305174512,-14.53951424640578,-0.15803819833049762,-14.023553715574888,17.848866653801633,8597.644628442511,-15.392292656639867
30,5,3.5,1,0,0.05,12,0,0.0,2.5,72,1,264,66,198,25.0,1.0472424164575773,6.115044445743445,0.023163047142967595,3.9588880050563935,32.32336070356114,10395.88880050564,93,21,72,22.580645161290324,0.7279117978960401,-14.304273877621494,-0.15380939653356446,-13.92004331855291,18.177428392653713,8607.99566814471,-15.410188221551035
60,2,3.5,1,0,0.15,12,0,0.1,1.0,24,0,196,95,101,48.46938775510204,1.0492155490370862,3.305315733140019,0.01686385578132663,2.7364866490029005,12.160981207870796,10273.64866490029,62,26,36,41.935483870967744,0.6114915384916506,-9.993014249014342,-0.16117764917765068,-9.676419204685516,15.962911373288247,9032.358079531448,-15.43824305053991
60,2,3.5,1,0,0.15,12,0,0.1,1.0,24,1,196,95,101,48.46938775510204,1.0492155490370862,3.305315733140019,0.01686385578132663,2.7364866490029005,12.160981207870796,10273.64866490029,62,26,36,41.935483870967744,0.6114915384916506,-9.993014249014342,-0.16117764917765068,-9.676419204685516,15.962911373288247,9032.358079531448,-15.43824305053991
30,5,3.5,1,0,0.05,12,0,0.0,1.5,72,0,263,110,153,41.82509505703422,0.9965082184532409,-0.520052068379498,-0.0019773842904163424,-2.304114652290268,25.89242241423847,9769.588534770974,92,31,61,33.69565217391305,0.7385890737071725,-14.604589019665704,-0.15874553282245332,-14.079428401384664,17.901685510281425,8592.057159861533,-15.49766053036997
60,2,3.5,1,0,0.15,24,1,0.0,2.0,6,0,244,88,156,36.0655737704918,0.8530809026607902,-19.896329302010898,-0.0815423332049627,-19.39979303987106,37.61966897968076,8060.020696012894,90,32,58,35.55555555555556,0.7489278661140392,-13.68450422911114,-0.15205004699012378,-13.326561575259642,23.0324028894419,8667.343842474036,-15.51324315491346
30,5,3.5,1,2,0.15,12,0,0.0,2.0,24,0,235,92,143,39.148936170212764,1.0261818601538795,3.157252881569293,0.013435118644975715,1.4779052151315586,27.887964763673605,10147.790521513156,83,27,56,32.53012048192771,0.7180868810765892,-13.059311275042818,-0.15734109969931107,-12.679330083337481,16.61697953702265,8732.066991666252,-15.528132413714014
30,5,2.5,1,1,0.05,12,0,0.25,1.5,24,1,205,66,139,32.19512195121951,0.7865783401681863,-22.421964545739858,-0.10937543680848712,-20.95902608489445,27.06503588590779,7904.097391510555,59,19,40,32.20338983050848,0.6864117603017675,-9.270128246701304,-0.15712081774070008,-9.110207532443459,11.216923158139094,9088.979246755654,-15.55372595039873
30,5,2.5,1,1,0.05,12,0,0.25,2.5,24,1,203,51,152,25.123152709359605,0.8539758711161305,-15.11647709812064,-0.0744654044242396,-15.279042149325194,29.251311972171823,8472.09578506748,59,16,43,27.11864406779661,0.6888668739151471,-9.20594547556739,-0.15603297416215914,-9.115368559611381,14.18189936071964,9088.463144038862,-15.57120793049372
60,3,3.5,1,1,0.05,12,1,0.0,2.0,6,0,84,33,51,39.285714285714285,0.9817712406434952,-0.914003908419698,-0.01088099890975831,-1.6060721866721028,11.876281230595751,9839.39278133279,34,11,23,32.35294117647059,0.7456551067834366,-5.679411672186209,-0.1670415197701826,-5.773333795473645,13.043144567161852,9422.666620452635,-15.639895631332156
60,2,3.5,1,0,0.15,12,0,0.1,3.0,24,0,184,79,105,42.93478260869565,1.2779889471453887,19.432646568238294,0.10561220960999072,20.09671474280237,9.878524002748705,12009.671474280238,61,24,37,39.34426229508197,0.6201778295285663,-10.027194828156382,-0.16438024308453086,-9.766058484082386,15.236900812905773,9023.394151591761,-15.699169259665792
30,5,3.5,1,0,0.05,12,0,0.0,2.0,24,1,306,94,212,30.718954248366014,0.9808857158699595,-2.67154941161835,-0.008730553632739705,-4.484200050436193,25.557026725600817,9551.57999495638,104,30,74,28.846153846153847,0.6866262990091592,-16.739920834509004,-0.16096077725489427,-15.886922669742487,20.054595058330943,8411.307733025751,-15.790850695991404
30,5,3.5,1,1,0.05,12,0,0.1,3.0,24,0,153,45,108,29.41176470588235,0.7527568345783839,-24.03945005057148,-0.15712058856582667,-22.40731443263366,32.96738832750549,7759.268556736633,48,17,31,35.416666666666664,0.848288656159101,-4.027486635550957,-0.08390597157397828,-4.319716915296434,13.03235150795376,9568.028308470357,-15.795406457265168
60,2,3.5,1,0,0.15,24,1,0.25,1.5,72,0,242,97,145,40.082644628099175,0.9555020483745653,-6.588808494651547,-0.02722648138285763,-8.045889381452941,32.07994684610243,9195.411061854706,82,28,54,34.146341463414636,0.7621712896747986,-12.993831950693602,-0.15846136525236101,-12.697165686014234,22.136024233086705,8730.283431398577,-15.80470669587299
60,3,3.5,1,1,0.05,12,0,0.1,1.5,72,0,85,31,54,36.470588235294116,0.723636739908803,-13.995752618006824,-0.16465591315302147,-13.494981596253197,19.28905997717739,8650.50184037468,28,12,16,42.857142857142854,1.0137552889678283,0.21142761668186183,0.007550986310066494,0.022521750186532685,8.164289566068573,10002.252175018653,-15.838931851116541
30,5,2.5,1,1,0.05,12,0,0.0,2.0,6,1,221,75,146,33.93665158371041,0.6805683377134145,-28.13425148132757,-0.12730430534537363,-25.143043868637317,29.977025274938136,7485.695613136269,65,19,46,29.23076923076923,0.6046224148516165,-10.195297320151097,-0.15685072800232458,-9.897072223469038,13.824973254481865,9010.292777653096,-15.85548401282287
60,2,3.5,1,0,0.15,12,1,0.25,2.0,24,0,207,70,137,33.81642512077295,0.9557746151200327,-6.048732078625116,-0.029220927916063365,-7.6927353136446825,33.16795504332838,9230.726468635532,70,19,51,27.142857142857142,0.7604728177775156,-11.090136140399403,-0.15843051629142005,-11.005741366720612,21.34716370266766,8899.425863327939,-15.885915308482543
60,2,3.5,1,0,0.15,12,0,0.25,3.0,24,0,184,81,103,44.02173913043478,1.2882158225989704,19.322508427565406,0.10501363275850764,20.069617923508567,9.499805081398206,12006.961792350856,61,24,37,39.34426229508197,0.610557068728778,-10.173083088828532,-0.16677185391522184,-9.893214143815598,14.998478891015546,9010.67858561844,-15.943266549021049
60,2,3.5,1,0,0.15,24,1,0.1,2.0,6,0,247,91,156,36.8421052631579,0.8489881966237202,-19.8572845137829,-0.08039386442827086,-19.295626780550634,38.44612352918892,8070.437321944936,90,32,58,35.55555555555556,0.7375035500493018,-14.051618249640347,-0.15612909166267053,-13.622292629623644,21.423755895183945,8637.770737037636,-15.9935835272681
30,5,3.5,1,0,0.05,12,0,0.25,3.0,24,1,296,89,207,30.06756756756757,1.166462543774948,21.506605308360726,0.07265745036608354,21.038663274156534,19.140462504588672,12103.866327415653,101,29,72,28.712871287128714,0.6611137439299143,-16.831891590396374,-0.16665239198412252,-15.956886217802635,17.950746974134553,8404.311378219736,-16.028942179499314
30,5,3.5,1,1,0.05,12,0,0.1,2.5,72,0,143,39,104,27.272727272727273,0.7762535320387065,-22.823011698843438,-0.15960148041149258,-21.546528503930386,33.772428695171634,7845.3471496069615,46,16,30,34.78260869565217,1.0401767952677228,1.1511451227822922,0.02502489397352809,0.67761746180941,12.289202495008356,10067.76174618094,-16.048971938611135
30,5,2.5,1,1,0.05,12,0,0.0,1.0,72,0,200,89,111,44.5,0.7656415354746995,-25.815504122725837,-0.12907752061362918,-23.50024574063292,26.301345076161166,7649.975425936708,58,24,34,41.37931034482759,0.7109007522654823,-9.455858389769123,-0.16303204120291592,-9.275197097475175,12.29554301834123,9072.480290252483,-16.051729575939724
30,5,2.5,1,1,0.05,12,0,0.0,1.0,72,1,200,89,111,44.5,0.7656415354746995,-25.815504122725837,-0.12907752061362918,-23.50024574063292,26.301345076161166,7649.975425936708,58,24,34,41.37931034482759,0.7109007522654823,-9.455858389769123,-0.16303204120291592,-9.275197097475175,12.29554301834123,9072.480290252483,-16.051729575939724
60,2,3.5,1,0,0.15,24,1,0.0,2.5,6,0,243,85,158,34.97942386831276,0.8671866513630989,-18.26636243818838,-0.07517021579501391,-18.259753006835854,37.802700686841426,8174.024699316415,90,30,60,33.333333333333336,0.74949634266234,-14.163219458863779,-0.15736910509848642,-13.821739659393407,22.955832593453877,8617.82603406066,-16.05499391508276
60,3,3.5,1,1,0.05,12,0,0.1,2.5,24,1,88,33,55,37.5,0.8967935583957033,-3.631381723120204,-0.041265701399093226,-3.9771142677716864,8.543674420967196,9602.288573222831,30,9,21,30.0,0.6148359650778118,-5.128675525036754,-0.17095585083455847,-5.125850207537985,8.879150318989794,9487.414979246201,-16.055263451991095
30,5,2.5,1,1,0.05,12,0,0.1,2.0,6,1,221,77,144,34.841628959276015,0.6975569106796907,-25.454612997913614,-0.11517924433445074,-23.07963664839896,28.70256579433506,7692.036335160104,65,19,46,29.23076923076923,0.5954226483671952,-10.36686573807676,-0.15949024212425783,-10.047564673178744,13.626140712999602,8995.243532682125,-16.061367389148852
30,5,3.5,1,2,0.15,12,0,0.1,1.5,24,0,237,99,138,41.77215189873418,0.9563518132964248,-5.01723053938776,-0.021169749111340758,-6.125785169672815,26.438929548042374,9387.421483032718,83,29,54,34.93975903614458,0.6933779207818124,-13.534195782645888,-0.1630625997909143,-13.018244288053415,16.870025650624694,8698.175571194659,-16.062758230526015
60,3,3.5,1,1,0.05,12,0,0.1,3.0,24,0,87,36,51,41.37931034482759,1.025305704227264,0.9660529847274795,0.011104057295718155,0.38837487581957486,9.016579737058978,10038.837487581957,30,9,21,30.0,0.6410057912783318,-5.145100134275446,-0.17150333780918153,-5.171514804083122,8.923008386193928,9482.848519591687,-16.065918262136513
30,5,2.5,1,1,0.05,12,0,0.0,1.5,24,1,206,62,144,30.097087378640776,0.7029191330165305,-32.91471956705222,-0.159780192073069,-28.83422691907058,31.720577545706462,7116.577308092942,59,19,40,32.20338983050848,0.7545383426236881,-7.293844901116951,-0.12362448984943984,-7.314553025135062,10.249525002245045,9268.544697486494,-16.065981137794015
30,5,3.5,1,0,0.05,12,0,0.25,1.5,24,1,304,109,195,35.85526315789474,0.9553349961513955,-5.915674017716496,-0.01945945400564637,-7.155700462423409,25.34662503810276,9284.429953757659,105,34,71,32.38095238095238,0.662752609885683,-17.191191354023594,-0.16372563194308185,-16.184480080796547,18.60867361696053,8381.551991920345,-16.101511567411777
30,5,3.5,1,2,0.15,12,0,0.25,2.5,24,1,233,74,159,31.759656652360515,1.0668056043772725,6.967276116046776,0.029902472601059122,5.439999882353019,27.335634130597246,10543.999988235302,81,22,59,27.160493827160494,0.6776561342865974,-13.168492154701566,-0.16257397721853786,-12.749308177234253,16.371345019860104,8725.069182276575,-16.101551576389998
30,5,3.5,1,1,0.05,12,0,0.1,1.5,72,0,147,52,95,35.374149659863946,0.7539031603058901,-22.818145345275234,-0.1552254785392873,-21.173701770561404,26.188560360839002,7882.62982294386,47,16,31,34.04255319148936,0.7395976073903084,-7.722101127647757,-0.16430002399250546,-7.714601054942472,12.28920249500832,9228.539894505753,-16.13500070502948
60,3,3.5,1,1,0.05,12,1,0.25,1.5,6,1,91,36,55,39.56043956043956,1.0659330288855742,2.6961822611618063,0.029628376496283585,2.2110060081540484,12.162567237934802,10221.100600815405,34,11,23,32.35294117647059,0.6848857742067713,-5.8267722041589876,-0.17137565306349964,-5.829513442181722,9.878346298051682,9417.048655781828,-16.142012986063566
30,5,3.5,1,1,0.05,12,0,0.0,1.5,24,0,155,55,100,35.483870967741936,0.7155661748882114,-25.359530693926764,-0.1636098754446888,-23.077264900173,27.107457393700678,7692.2735099827005,48,18,30,37.5,0.7780142397678609,-5.677589247088254,-0.11828310931433862,-5.764847351217228,9.755753910597017,9423.515264878277,-16.167120608503435
30,5,3.5,1,1,0.05,12,0,0.25,2.0,24,0,155,50,105,32.25806451612903,0.7293444079751532,-25.240626245746675,-0.1628427499725592,-23.11723756452465,28.967831616544032,7688.276243547535,48,18,30,37.5,0.7641050096244726,-6.003473810387319,-0.12507237104973581,-6.091429526752634,10.82249991793459,9390.857047324736,-16.17447404848719
60,3,3.5,1,1,0.05,12,0,0.0,3.0,24,0,87,36,51,41.37931034482759,1.0304391152952594,1.1748610438160654,0.013504149928920291,0.5882477538735609,9.27740185958386,10058.824775387357,30,9,21,30.0,0.6419242382038481,-5.181065521020514,-0.17270218403401713,-5.207193662619991,9.122166017343869,9479.280633738,-16.199615318120532
60,2,3.5,1,3,0.05,24,1,0.0,3.0,6,0,181,58,123,32.04419889502763,0.7313366831557521,-29.061083995005973,-0.16055847511053023,-26.28739726631214,34.86905004485164,7371.260273368786,67,26,41,38.80597014925373,1.0699348745836683,2.6474572387623496,0.03951428714570671,2.0296501739640815,12.338888891312024,10202.96501739641,-16.263366376915005
30,5,3.5,1,1,0.05,12,0,0.1,2.0,24,0,155,50,105,32.25806451612903,0.7296884710933546,-25.44174709877518,-0.1641403038630657,-23.2824062841116,29.220361528610965,7671.75937158884,48,17,31,35.416666666666664,0.7326357366858162,-7.097728950651564,-0.14786935313857424,-7.119564040172477,11.256810243906266,9288.043595982752,-16.318693106025453
60,2,3.5,1,0,0.15,12,1,0.0,2.5,24,0,203,62,141,30.541871921182267,1.0157865869332334,2.2417638712213463,0.0110431717794155,-0.2192773223939959,32.79826469069287,9978.0722677606,71,17,54,23.943661971830984,0.7700426719299447,-11.58864031729667,-0.16322028615910802,-11.579539768440139,22.041166530115454,8842.046023155986,-16.322172541590877
60,2,3.5,1,0,0.15,12,1,0.25,2.5,72,0,202,59,143,29.207920792079207,0.9764570656316263,-3.4595741318660798,-0.017126604613198416,-5.793587012681545,35.02142059834471,9420.641298731845,70,17,53,24.285714285714285,0.7881603961997933,-11.357214928799712,-0.1622459275542816,-11.438090883315343,23.235739782316,8856.190911668466,-16.323289211225127
30,5,3.5,1,1,0.05,12,0,0.0,2.0,72,0,146,44,102,30.136986301369863,0.760675316576651,-24.042004088263987,-0.16467126087852046,-22.336196738485704,29.697281909735825,7766.3803261514295,46,16,30,34.78260869565217,0.9206137558343621,-2.2773048201828763,-0.0495066265257147,-2.633044157382902,12.321136629169718,9736.69558426171,-16.342597609111888
60,2,3.5,1,0,0.15,24,1,0.1,1.5,72,0,241,92,149,38.17427385892116,0.8756609996413351,-19.005145949707924,-0.07885952676227354,-18.758808443857866,37.00962635309838,8124.119155614213,82,28,54,34.146341463414636,0.7593497095628374,-13.189877128651657,-0.160852160105508,-12.869434689295044,26.100608894002697,8713.056531070495,-16.34521011183137
60,2,3.5,1,0,0.15,12,1,0.0,1.5,72,0,205,79,126,38.53658536585366,0.8730079868347217,-16.655967019672875,-0.08124861960816036,-16.620159582898452,36.429902939059644,8337.984041710155,73,25,48,34.24657534246575,0.759425879782131,-11.762837873868758,-0.16113476539546243,-11.561856259428316,25.2911025209707,8843.814374057169,-16.350012447005142
60,2,3.5,1,0,0.15,12,0,0.25,1.0,24,1,196,98,98,50.0,1.1200831153391242,7.6018243226229,0.03878481797256581,7.268865249732159,12.395886435580183,10726.886524973215,62,26,36,41.935483870967744,0.5856801500022545,-10.554432271064398,-0.1702327785655548,-10.176343001735045,16.342887867577673,8982.365699826496,-16.418177355966478
60,2,3.5,1,0,0.15,12,0,0.25,1.0,24,0,196,98,98,50.0,1.1200831153391242,7.6018243226229,0.03878481797256581,7.268865249732159,12.395886435580183,10726.886524973215,62,26,36,41.935483870967744,0.5856801500022545,-10.554432271064398,-0.1702327785655548,-10.176343001735045,16.342887867577673,8982.365699826496,-16.418177355966478
30,5,3.5,1,2,0.15,12,0,0.25,2.5,24,0,231,87,144,37.66233766233766,1.029958100008958,3.555031928769941,0.015389748609393685,1.7411215825946291,30.931003577796563,10174.112158259462,81,25,56,30.864197530864196,0.705652345444846,-13.332871632842098,-0.16460335349187774,-12.944989742228008,16.283895591202445,8705.5010257772,-16.46421894823945
60,2,3.5,1,0,0.15,12,1,0.25,2.5,72,1,208,47,161,22.596153846153847,0.9804703077689799,-2.265578349247,-0.010892203602149039,-4.156657633689431,26.718241902763562,9584.334236631057,71,12,59,16.901408450704224,0.7152588010934577,-11.87734061163538,-0.16728648748782227,-11.709523754612006,21.8141681147557,8829.0476245388,-16.473559048859517
60,2,3.5,1,0,0.15,12,1,0.25,1.0,24,1,214,100,114,46.728971962616825,0.8468867184946788,-17.404991159348956,-0.0813317343894811,-16.8518116734784,30.576266903793552,8314.81883265216,74,30,44,40.54054054054054,0.7080396106664613,-12.219157693990288,-0.16512375262149037,-11.817851084859809,20.842965844992893,8818.214891514019,-16.499123243690097
60,2,3.5,1,0,0.15,12,1,0.25,1.0,24,0,214,100,114,46.728971962616825,0.8468867184946788,-17.404991159348956,-0.0813317343894811,-16.8518116734784,30.576266903793552,8314.81883265216,74,30,44,40.54054054054054,0.7080396106664613,-12.219157693990288,-0.16512375262149037,-11.817851084859809,20.842965844992893,8818.214891514019,-16.499123243690097
60,2,3.5,1,0,0.15,24,1,0.25,1.0,72,0,248,118,130,47.58064516129032,0.8501615935339784,-20.07576011622009,-0.08095064562991972,-19.20274798021464,32.31563214857434,8079.7252019785365,85,36,49,42.35294117647059,0.7167034132790289,-14.0579193264079,-0.1653872861930341,-13.485173213503309,22.193668258320304,8651.482678649669,-16.598824992034466
60,2,3.5,1,0,0.15,24,1,0.25,1.0,72,1,248,118,130,47.58064516129032,0.8501615935339784,-20.07576011622009,-0.08095064562991972,-19.20274798021464,32.31563214857434,8079.7252019785365,85,36,49,42.35294117647059,0.7167034132790289,-14.0579193264079,-0.1653872861930341,-13.485173213503309,22.193668258320304,8651.482678649669,-16.598824992034466
30,5,3.5,1,2,0.05,12,0,0.1,2.5,72,1,199,51,148,25.628140703517587,1.0581270883075053,5.880680165939215,0.029551156612759876,4.198248338659671,30.174506366638703,10419.824833865967,68,16,52,23.529411764705884,0.7212910886162983,-11.325173297781657,-0.1665466661438479,-11.178410566312468,12.670260035809614,8882.158943368753,-16.59914416869079
30,5,3.5,1,1,0.05,12,0,0.25,2.5,24,1,155,39,116,25.161290322580644,0.7652777670213117,-18.607989968419453,-0.12005154818335131,-17.811589303893438,24.665141353240777,8218.841069610657,48,14,34,29.166666666666668,0.6694486038514192,-8.095367236765457,-0.16865348409928035,-8.038451240218858,12.381723366304875,9196.154875978114,-16.61717765360858
30,5,2.5,1,1,0.05,12,0,0.1,1.5,24,1,206,61,145,29.611650485436893,0.7060308268791161,-31.63886484119975,-0.1535867225300959,-27.895080415770735,31.506483180354827,7210.4919584229265,59,18,41,30.508474576271187,0.6824871799515865,-9.740152225918203,-0.16508732586302038,-9.549091826231503,10.305155490098189,9045.09081737685,-16.624712760997944
30,5,3.5,1,1,0.05,12,1,0.25,2.5,72,1,154,31,123,20.12987012987013,0.8732038995358664,-10.670038582516254,-0.06928596482153411,-11.30007455702292,17.323648591267542,8869.992544297707,49,9,40,18.367346938775512,0.7225978523855968,-8.554491366687971,-0.1745814564630198,-8.59179087061721,13.289008569803402,9140.82091293828,-16.661166556464025
30,5,3.5,1,1,0.05,12,1,0.25,2.5,24,1,154,32,122,20.77922077922078,0.9018226395637282,-8.194550369496842,-0.05321136603569378,-9.086020697718045,17.323648591267563,9091.397930228195,49,9,40,18.367346938775512,0.7225978523855968,-8.554491366687971,-0.1745814564630198,-8.59179087061721,13.289008569803402,9140.82091293828,-16.66116655646403
60,2,3.5,1,0,0.15,12,1,0.25,2.0,72,1,209,55,154,26.31578947368421,0.9199709097365922,-9.268606205182767,-0.04434739811092233,-10.32929087288652,30.208533170009495,8967.070912711348,71,15,56,21.12676056338028,0.7149514122252865,-11.877340611635356,-0.1672864874878219,-11.645135820272168,20.77159739909606,8835.486417972783,-16.68359130263058
30,5,3.5,1,0,0.05,12,0,0.0,3.0,24,1,302,83,219,27.483443708609272,1.0773557664328417,10.707978328187142,0.035456881881414375,8.53819907411033,26.11817440595012,10853.819907411033,102,27,75,26.470588235294116,0.6655842441491687,-17.42860380483021,-0.17086866475323736,-16.50946595193422,20.08818546007665,8349.053404806578,-16.859315552559444
30,5,3.5,1,2,0.15,12,0,0.1,1.0,24,0,242,116,126,47.93388429752066,0.9204279327968252,-8.600653648293452,-0.03553989110865063,-9.150089876432755,24.677099862610106,9084.991012356724,83,33,50,39.75903614457831,0.6602210844860897,-14.230946630896607,-0.17145718832405552,-13.549423660324123,16.749035762299187,8645.057633967588,-16.862820975305645
30,5,3.5,1,2,0.15,12,0,0.1,1.0,24,1,242,116,126,47.93388429752066,0.9204279327968252,-8.600653648293452,-0.03553989110865063,-9.150089876432755,24.677099862610106,9084.991012356724,83,33,50,39.75903614457831,0.6602210844860897,-14.230946630896607,-0.17145718832405552,-13.549423660324123,16.749035762299187,8645.057633967588,-16.862820975305645
30,5,3.5,1,0,0.05,12,0,0.25,3.0,24,0,290,103,187,35.51724137931034,1.064669765883324,9.9227860748648,0.03421650370643034,7.54177599771757,28.685421649384196,10754.177599771756,99,34,65,34.343434343434346,0.6933618646115717,-16.850461891507678,-0.17020668577280482,-16.039085206130853,17.040330542672923,8396.091479386914,-16.894553128421578
60,2,3.5,1,0,0.15,24,1,0.1,2.5,6,0,244,86,158,35.24590163934426,0.8079963585651903,-25.65706088291106,-0.1051518888643896,-23.921029020912556,38.95950376744074,7607.897097908744,89,30,59,33.70786516853933,0.7308968199263272,-14.681076288686826,-0.16495591335603177,-14.22477017375442,22.019407822820334,8577.522982624558,-16.92138695476394
30,5,3.5,1,1,0.05,12,0,0.1,2.5,24,0,153,46,107,30.065359477124183,0.7317287366590821,-25.803518232941627,-0.16865044596693873,-23.668785135867587,32.505663189105285,7633.121486413241,48,17,31,35.416666666666664,0.8644771930313335,-3.5977289506515655,-0.07495268647190761,-3.8848098144888876,10.877054247438291,9611.519018551111,-16.96274488491096
30,5,3.5,1,2,0.05,12,0,0.25,3.0,24,0,216,80,136,37.03703703703704,1.040905000431991,4.514111287822743,0.020898663369549736,2.7341181036453888,26.709825194933728,10273.411810364538,74,22,52,29.72972972972973,0.6990227652299479,-12.733516625421329,-0.1720745489921801,-12.399467777156314,13.08455349236578,8760.053222284369,-16.980250069100506
60,2,3.5,1,0,0.15,24,1,0.0,1.5,6,0,245,93,152,37.95918367346939,0.8109095697835367,-24.819713122242202,-0.10130495151935592,-23.049515896733897,36.825235953190905,7695.04841032661,90,34,56,37.77777777777778,0.7143348992278845,-14.986908694424551,-0.16652120771582835,-14.354815459601799,22.624537520422145,8564.51845403982,-16.981879179666834
30,5,3.5,1,2,0.15,12,0,0.0,2.5,72,0,204,66,138,32.35294117647059,1.0303403013460593,4.039005534662051,0.019799046738539466,1.7866975462558443,37.32777240894671,10178.669754625584,74,21,53,28.37837837837838,0.753644120309964,-12.371203928409418,-0.16717843146499214,-12.227633546360718,17.90387906154618,8777.236645363928,-17.018472439062453
60,3,3.5,1,1,0.05,12,1,0.1,2.0,6,1,86,28,58,32.55813953488372,0.9251481344792013,-3.235098932002293,-0.037617429441887125,-3.7296778248030793,13.622858928439824,9627.032217519692,34,10,24,29.41176470588235,0.6811909940620086,-6.097722141001247,-0.17934476885297787,-6.1164286430374855,11.34206888608489,9388.357135696251,-17.033931626731217
30,5,3.5,1,2,0.15,12,0,0.0,2.5,24,0,232,84,148,36.206896551724135,1.0165437164517104,2.0706580332285895,0.00892525014322668,0.11463482158227123,32.70324254854092,10011.463482158228,83,25,58,30.120481927710845,0.7091705152968982,-14.059311275042809,-0.1693892924703953,-13.617787893783806,17.066095425784,8638.22121062162,-17.03970108947386
60,2,3.5,1,0,0.15,12,1,0.0,3.0,24,0,203,56,147,27.586206896551722,1.0333561797016038,4.947981504733384,0.02437429312676544,2.0208876110874963,33.93427125505557,10202.08876110875,70,16,54,22.857142857142858,0.762523609370936,-11.968923257040418,-0.17098461795772024,-11.966858184154717,24.085238143490766,8803.314181584528,-17.183202864629354
30,5,3.5,1,2,0.05,12,0,0.25,2.0,72,1,201,62,139,30.845771144278608,1.076153251463651,7.733887142354292,0.03847705045947409,6.380474161233751,22.926220510133692,10638.047416123374,68,18,50,26.470588235294116,0.7090536139275825,-12.021417514070974,-0.1767855516775143,-11.754193868019136,11.84881847131193,8824.580613198086,-17.212610520044564
30,5,3.5,1,0,0.05,12,0,0.0,2.0,72,1,271,78,193,28.782287822878228,1.0153269041931101,2.043533596811317,0.007540714379377553,0.09237001047066595,28.202063699942563,10009.237001047066,93,22,71,23.655913978494624,0.6922908504628105,-16.17559100229157,-0.1739310860461459,-15.445212784290508,17.691797495775898,8455.47872157095,-17.24632124745852
60,3,2.5,1,1,0.05,12,1,0.1,1.0,72,1,147,70,77,47.61904761904762,0.8417391364401957,-12.706946352458697,-0.08644181192148774,-12.587447380261473,23.134755580420073,8741.255261973853,57,24,33,42.10526315789474,0.7000356866139058,-10.085550059390837,-0.17693947472615504,-9.852870390396761,14.27719271579061,9014.712960960323,-17.27591713315826
60,3,2.5,1,1,0.05,12,1,0.1,1.0,72,0,147,70,77,47.61904761904762,0.8417391364401957,-12.706946352458697,-0.08644181192148774,-12.587447380261473,23.134755580420073,8741.255261973853,57,24,33,42.10526315789474,0.7000356866139058,-10.085550059390837,-0.17693947472615504,-9.852870390396761,14.27719271579061,9014.712960960323,-17.27591713315826
60,2,3.5,1,0,0.15,24,1,0.1,3.0,72,1,237,45,192,18.9873417721519,1.002120684827322,0.2767973365534786,0.0011679212512805005,-2.2734701169658034,27.177567240273532,9772.65298830342,81,11,70,13.580246913580247,0.6978266683061818,-14.200065970967097,-0.17530945643169257,-13.858917031659567,23.252492807763105,8614.108296834043,-17.32527441624688
30,5,3.5,1,0,0.05,12,0,0.0,1.5,72,1,276,97,179,35.14492753623188,0.9845070507627423,-2.0739601881832983,-0.007514348507910501,-3.6267663189418986,22.60497031941232,9637.32336810581,96,28,68,29.166666666666668,0.6827534611838709,-17.089762641814506,-0.17801836085223444,-16.151835719451736,17.47253062413806,8384.816428054826,-17.3351562841701
30,5,3.5,1,1,0.05,12,0,0.25,3.0,72,0,142,38,104,26.760563380281692,0.8522433780839183,-14.98106138032627,-0.1055004322558188,-15.351912588783323,32.08932372923251,8464.808741121667,43,13,30,30.232558139534884,0.7400257681012121,-7.444062783067897,-0.1731177391411139,-7.54002869746806,13.571215369382422,9245.997130253194,-17.378662838271087
60,2,3.5,1,0,0.15,12,1,0.25,1.5,24,1,211,73,138,34.59715639810427,0.9245498009333278,-8.609003528413488,-0.04080096458963739,-9.48003611674878,29.611908772255784,9051.996388325122,73,20,53,27.397260273972602,0.6889565986557487,-12.73197816732907,-0.17441065982642562,-12.314531961207864,21.25598484234547,8768.546803879213,-17.409460802345997
30,5,3.5,1,2,0.05,12,0,0.1,1.5,24,0,225,96,129,42.666666666666664,1.007682963260081,0.8110786217590922,0.003604793874484854,-0.41993147128951414,21.967747481124672,9958.006852871049,76,25,51,32.89473684210526,0.67744034842075,-13.592121352114145,-0.1788437020015019,-13.051586604717047,16.601691740790077,8694.841339528295,-17.4131738099908
30,5,3.5,1,2,0.15,12,0,0.25,1.5,24,0,236,96,140,40.67796610169491,0.8953623227570018,-11.967686449749433,-0.05071053580402302,-12.370272441219898,29.53520700676615,8762.97275587801,83,29,54,34.93975903614458,0.6701498498640671,-14.490211579077469,-0.17458086239852372,-13.83446628588848,15.54869623367972,8616.553371411152,-17.446817280645874
60,3,3.5,1,1,0.05,12,1,0.1,1.5,72,0,86,37,49,43.02325581395349,1.0779411030914074,3.917436180840209,0.045551583498141965,3.315601368287635,9.962909990722,10331.560136828764,33,11,22,33.333333333333336,0.7266669487214931,-6.126315907124053,-0.18564593657951675,-6.162614136203048,11.805978430959652,9383.738586379695,-17.466982413904656
30,5,3.5,1,0,0.05,12,0,0.1,3.0,24,1,298,85,213,28.523489932885905,1.1253216853210701,16.73717877110933,0.056165029433252786,15.336480697096722,22.59134326300645,11533.648069709672,101,27,74,26.73267326732673,0.6455854858879697,-18.0449164798231,-0.1786625394041891,-16.983833093400026,19.317693661242394,8301.616690659997,-17.46806628309493
60,2,3.5,1,0,0.15,12,1,0.25,1.0,72,1,214,101,113,47.19626168224299,0.8340458020291381,-19.357390848017708,-0.09045509742064349,-18.481711680781167,31.188314401718237,8151.828831921884,74,31,43,41.891891891891895,0.7034268265144635,-12.913013762128783,-0.17450018597471328,-12.440604721718795,21.401982964777964,8755.93952782812,-17.48271499719186
60,2,3.5,1,0,0.15,12,1,0.25,1.0,72,0,214,101,113,47.19626168224299,0.8340458020291381,-19.357390848017708,-0.09045509742064349,-18.481711680781167,31.188314401718237,8151.828831921884,74,31,43,41.891891891891895,0.7034268265144635,-12.913013762128783,-0.17450018597471328,-12.440604721718795,21.401982964777964,8755.93952782812,-17.48271499719186
30,5,3.5,1,2,0.05,12,0,0.0,2.0,24,0,223,89,134,39.91031390134529,1.0826756862841107,9.192038423871324,0.04121990324605975,7.8696867025687345,23.34584920789998,10786.968670256872,76,23,53,30.263157894736842,0.6928508546106339,-13.608194877153826,-0.17905519575202403,-13.132787576941995,16.741853256972103,8686.7212423058,-17.48618827626976
60,2,3.5,1,0,0.15,24,1,0.25,2.0,24,0,241,83,158,34.439834024896264,0.9864970198971788,-2.1228133085704344,-0.008808353977470682,-4.317021645416574,34.42806242390621,9568.297835458343,82,22,60,26.829268292682926,0.7429894269237907,-14.24617174442866,-0.1737338017613251,-13.86135377720732,25.008488010680818,8613.864622279269,-17.511201006939643
30,5,3.5,1,2,0.15,12,0,0.1,2.0,72,1,216,62,154,28.703703703703702,0.9860200873030479,-1.5601143101636092,-0.007222751435942636,-3.1233973992347286,29.112554299955352,9687.660260076527,74,18,56,24.324324324324323,0.7046689624802728,-13.036038268199132,-0.17616267929998827,-12.674413036862298,12.84278004558233,8732.55869631377,-17.521934451681968
30,5,3.5,1,2,0.05,12,0,0.1,3.0,24,0,217,79,138,36.40552995391705,1.069195071051512,7.894031908456843,0.03637802722791172,6.1063242709631815,28.339637389393513,10610.632427096318,74,21,53,28.37837837837838,0.6997932117658849,-13.070959295173438,-0.1766345850699113,-12.726120841591271,13.692594281929809,8727.387915840873,-17.532501515469338
60,3,3.5,1,1,0.05,12,0,0.1,1.0,24,0,89,42,47,47.19101123595506,0.868552116688427,-4.60117972133181,-0.05169864855429,-4.785134345471764,9.213910503966598,9521.486565452824,31,12,19,38.70967741935484,0.5694102495480369,-5.730937224356757,-0.1848689427211857,-5.656425687497957,8.495647885926848,9434.357431250204,-17.554334812980517
60,3,3.5,1,1,0.05,12,0,0.1,1.0,24,1,89,42,47,47.19101123595506,0.868552116688427,-4.60117972133181,-0.05169864855429,-4.785134345471764,9.213910503966598,9521.486565452824,31,12,19,38.70967741935484,0.5694102495480369,-5.730937224356757,-0.1848689427211857,-5.656425687497957,8.495647885926848,9434.357431250204,-17.554334812980517
60,2,3.5,1,0,0.15,24,1,0.25,1.5,72,1,244,84,160,34.42622950819672,0.9140216588326363,-11.503311851994427,-0.04714472070489519,-12.26637567068426,32.61448845606064,8773.362432931573,83,23,60,27.710843373493976,0.7020536683127081,-14.513957633529268,-0.17486695944011166,-13.940781055140816,22.527683774909345,8605.921894485919,-17.596376234865062
60,2,3.5,1,0,0.15,24,1,0.0,2.0,72,0,237,81,156,34.177215189873415,0.9749936584805864,-4.039747923406591,-0.017045349887791526,-6.214698027496468,33.9621172760287,9378.530197250353,82,23,59,28.048780487804876,0.760346043888983,-14.386624441086834,-0.1754466395254492,-14.05062328218053,27.4309631702002,8594.937671781947,-17.619814840549015
30,5,3.5,1,1,0.05,12,1,0.0,3.0,6,1,131,25,106,19.083969465648856,0.7081226410254174,-23.592790168918583,-0.1800976348772411,-21.94198499296991,24.621063711107574,7805.801500703009,50,10,40,20.0,0.7663212827981666,-7.542806970422695,-0.15085613940845388,-7.740564533488781,11.727123378727908,9225.943546651122,-17.677599465067296
30,5,3.5,1,1,0.05,12,1,0.25,2.0,72,1,155,41,114,26.451612903225808,0.9199274052630301,-6.7820129883663665,-0.04375492250558946,-7.663297426020477,18.406549231399044,9233.670257397953,49,11,38,22.448979591836736,0.7060571493121528,-9.054491366687976,-0.184785538095673,-8.99385430804507,11.644316143872517,9100.614569195493,-17.779630164284118
30,5,3.5,1,1,0.05,12,1,0.25,2.0,24,1,155,41,114,26.451612903225808,0.9282508256846981,-6.028531706394981,-0.038893752944483745,-6.9607418619923696,18.406549231399055,9303.925813800763,49,11,38,22.448979591836736,0.7060571493121528,-9.054491366687976,-0.184785538095673,-8.99385430804507,11.644316143872517,9100.614569195493,-17.77963016428412
30,5,3.5,1,2,0.05,12,0,0.1,1.5,72,0,202,85,117,42.07920792079208,1.0262591462487034,2.9401563023770976,0.014555229219688602,1.5704310763656526,22.233360632289287,10157.043107636566,70,23,47,32.857142857142854,0.7075805525031305,-12.82990523435285,-0.183284360490755,-12.429106945848156,15.077828688901565,8757.089305415184,-17.821008594302462
30,5,3.5,1,0,0.05,12,0,0.1,1.5,72,1,273,96,177,35.16483516483517,0.9889432647839307,-1.455261905406577,-0.005330629690133981,-3.005979482400467,22.935540199127416,9699.402051759953,96,27,69,28.125,0.6683406190147814,-17.523884744468486,-0.1825404660882134,-16.501736769694286,17.81815272442218,8349.826323030571,-17.836026684889084
30,5,2.5,1,1,0.05,12,0,0.25,1.0,72,0,196,90,106,45.91836734693877,0.8182174995222424,-18.98632002755983,-0.09686897973244812,-18.07205208291198,24.179306434674857,8192.794791708802,57,23,34,40.35087719298246,0.6828609270152273,-10.352203619941363,-0.18161760736739235,-10.080224258717429,11.017507745435868,8991.977574128257,-17.84075296773463
30,5,2.5,1,1,0.05,12,0,0.25,1.0,72,1,196,90,106,45.91836734693877,0.8182174995222424,-18.98632002755983,-0.09686897973244812,-18.07205208291198,24.179306434674857,8192.794791708802,57,23,34,40.35087719298246,0.6828609270152273,-10.352203619941363,-0.18161760736739235,-10.080224258717429,11.017507745435868,8991.977574128257,-17.84075296773463
30,5,3.5,1,0,0.05,12,0,0.25,3.0,72,0,233,72,161,30.901287553648068,0.9787302478574587,-3.277651381067586,-0.014067173309302945,-5.853643913128559,40.82136482396589,9414.635608687144,82,23,59,28.048780487804876,0.7420219329443203,-14.200673726422115,-0.17317894788319654,-13.924613728720637,22.90346713347073,8607.538627127937,-17.841248751089307
30,5,3.5,1,1,0.05,12,0,0.1,1.0,24,0,160,67,93,41.875,0.7048386179173884,-24.496536493244246,-0.15310335308277653,-22.26117162997584,26.347549682796455,7773.882837002416,48,19,29,39.583333333333336,0.6483533279387982,-8.619254255365727,-0.17956779698678596,-8.435690240661842,10.514248455875837,9156.430975933816,-17.851743993957722
30,5,3.5,1,1,0.05,12,0,0.1,1.0,24,1,160,67,93,41.875,0.7048386179173884,-24.496536493244246,-0.15310335308277653,-22.26117162997584,26.347549682796455,7773.882837002416,48,19,29,39.583333333333336,0.6483533279387982,-8.619254255365727,-0.17956779698678596,-8.435690240661842,10.514248455875837,9156.430975933816,-17.851743993957722
60,3,3.5,1,1,0.05,12,0,0.0,1.0,24,0,89,43,46,48.31460674157304,0.8989059438320822,-3.5428796546960033,-0.03980763656961801,-3.779822734008209,9.362799712837292,9622.017726599179,31,12,19,38.70967741935484,0.5666948997550565,-5.826028276998671,-0.1879363960322152,-5.747052277784492,8.606480398870389,9425.29477222155,-17.875444196201673
60,3,3.5,1,1,0.05,12,0,0.0,1.0,24,1,89,43,46,48.31460674157304,0.8989059438320822,-3.5428796546960033,-0.03980763656961801,-3.779822734008209,9.362799712837292,9622.017726599179,31,12,19,38.70967741935484,0.5666948997550565,-5.826028276998671,-0.1879363960322152,-5.747052277784492,8.606480398870389,9425.29477222155,-17.875444196201673
60,2,3.5,1,0,0.15,12,1,0.25,1.5,72,0,209,83,126,39.71291866028708,0.9331602684349662,-8.65295059552071,-0.04140167749052972,-9.702593517728497,32.46217607283306,9029.74064822715,72,24,48,33.333333333333336,0.7349358087823332,-12.869758834014506,-0.1787466504724237,-12.523223113530912,22.198517361173657,8747.677688646909,-17.923478049932847
30,5,3.5,1,2,0.05,12,0,0.1,3.0,24,1,218,66,152,30.275229357798164,1.1062863184304348,10.312768105046258,0.04730627571122137,8.969241739892642,24.995986441108087,10896.924173989264,74,18,56,24.324324324324323,0.6556508915792669,-13.450956910746157,-0.18176968798305618,-12.992632933976767,14.48737356365003,8700.736706602323,-17.933677390259938
60,2,3.5,1,0,0.15,24,1,0.1,2.5,72,1,240,50,190,20.833333333333332,0.9075211456814991,-12.34111538182234,-0.051421314090926415,-13.497666005505648,30.488821518680613,8650.233399449435,82,13,69,15.853658536585366,0.686878375744599,-14.71463370173788,-0.17944675246021805,-14.22808728303938,23.23638713767147,8577.191271696061,-17.958363724873784
60,3,3.5,1,1,0.05,12,1,0.1,2.5,6,1,86,27,59,31.3953488372093,0.9316664734762959,-2.9548894591391988,-0.034359179757432544,-3.502229361475051,12.745034146390013,9649.777063852494,34,9,25,26.470588235294116,0.6646913335450196,-6.420105469508613,-0.18882663145613568,-6.435829035692276,12.695296113067148,9356.417096430772,-17.962447721157986
30,5,3.5,1,1,0.05,12,1,0.1,2.0,24,1,143,40,103,27.972027972027973,0.9277549667762989,-5.914734491243479,-0.041361779659045306,-6.827665197201094,14.046402392710217,9317.23348027989,49,11,38,22.448979591836736,0.7003130828486565,-9.279817654816572,-0.18938403377176677,-9.198816766595064,11.156130694780323,9080.118323340494,-17.98935905449916
30,5,2.5,1,1,0.05,12,1,0.1,3.0,24,0,187,49,138,26.203208556149733,0.8999760404857041,-14.513447421859208,-0.07761201829871234,-15.738910347403912,20.298785218348346,8426.10896525961,63,13,50,20.634920634920636,0.7660451750354724,-11.802127889498509,-0.18733536332537315,-11.861895117108945,17.12791175815969,8813.810488289106,-18.003484787231308
30,5,3.5,1,1,0.05,12,1,0.1,2.0,72,1,143,40,103,27.972027972027973,0.9193174865580609,-6.659124105931442,-0.04656730144008001,-7.522781382697808,14.837032953256715,9247.721861730219,49,11,38,22.448979591836736,0.7003130828486565,-9.279817654816572,-0.18938403377176677,-9.198816766595064,11.156130694780323,9080.118323340494,-18.03679688813195
60,3,3.5,1,1,0.05,12,0,0.1,1.5,24,0,87,37,50,42.52873563218391,0.8378040501394766,-6.027030685757809,-0.06927621477882538,-6.194008572662479,11.04256137178989,9380.599142733752,31,11,20,35.483870967741936,0.5903681808155148,-5.8629020412381125,-0.18912587229800362,-5.802931998930417,9.53568465714872,9419.706800106958,-18.04783096019675
60,3,3.5,1,1,0.05,12,1,0.0,2.5,6,1,84,25,59,29.761904761904763,0.8911268390819592,-4.94488758428291,-0.0588677093367013,-5.442953520021387,15.698564239294635,9455.704647997862,34,9,25,26.470588235294116,0.6694378233150708,-6.400938664999425,-0.1882629019117478,-6.421647107962125,13.943178144598791,9357.835289203787,-18.073793592753375
30,5,3.5,1,1,0.05,12,0,0.25,1.5,24,0,155,54,101,34.83870967741935,0.6851507738225068,-28.070188894081078,-0.18109799286503922,-25.11524979575208,29.02577542455144,7488.475020424792,48,18,30,37.5,0.6971629015193241,-7.7071352242291455,-0.16056531717144054,-7.639940117826461,10.822499917934582,9236.005988217354,-18.09186223452093
30,5,3.5,1,2,0.15,12,0,0.25,3.0,72,0,198,58,140,29.292929292929294,0.9493803169180262,-6.722725177406647,-0.03395315746164973,-8.662481337883566,38.29690592115187,9133.751866211644,70,19,51,27.142857142857142,0.7402727340071125,-12.409910511045107,-0.17728443587207296,-12.285245319393834,18.28798329566937,8771.475468060617,-18.11944448675805
60,3,3.5,1,1,0.05,12,0,0.0,1.5,24,0,87,38,49,43.67816091954023,0.9006232304318802,-3.6289819175832156,-0.04171243583428984,-3.9274232703865763,9.037179457457833,9607.257672961343,31,11,20,35.483870967741936,0.5896156636682495,-5.929530725940522,-0.19127518470775876,-5.866848796317459,9.61974912762211,9413.315120368254,-18.17889850081673
30,5,3.5,1,1,0.05,12,0,0.25,3.0,24,0,153,45,108,29.41176470588235,0.7529013994157521,-23.601241530263877,-0.15425648058995997,-22.041953593847495,32.225420065644066,7795.80464061525,47,16,31,34.04255319148936,0.6588547220637329,-8.495304017988264,-0.18075114931889924,-8.408374729082169,12.949689470287254,9159.162527091783,-18.30381059061031
30,5,3.5,1,2,0.05,12,0,0.25,2.5,72,0,191,64,127,33.50785340314136,1.0843732339789733,10.129725476299164,0.05303521191779667,8.35819062624803,32.92022784226415,10835.819062624803,66,19,47,28.78787878787879,0.728487207271332,-12.020530081711533,-0.18212924366229594,-11.836101509130948,16.926152331845845,8816.389849086905,-18.31069436028368
30,5,3.5,1,2,0.15,12,0,0.1,3.0,24,1,231,68,163,29.437229437229437,1.0417164260614056,4.442460863811642,0.01923143231087291,2.6597622922364117,29.338829196416594,10265.976229223641,81,21,60,25.925925925925927,0.6388937257385268,-14.799477506670918,-0.18270959884778912,-14.165472783399824,15.998774826722217,8583.452721660018,-18.312830260360425
30,5,3.5,1,1,0.05,12,0,0.25,2.0,72,0,144,43,101,29.86111111111111,0.7336272481812838,-26.289325642616237,-0.1825647614070572,-24.022496151232207,31.942621198394725,7597.750384876779,45,15,30,33.333333333333336,0.8495772486372873,-4.303881535993941,-0.09564181191097647,-4.566338248706647,12.248313911210664,9543.366175129335,-18.32291477659793
60,2,3.5,1,0,0.15,12,1,0.1,2.0,72,0,205,66,139,32.19512195121951,0.8932827578806345,-15.3056047975774,-0.07466148681745073,-15.885566296876641,36.719703390680934,8411.443370312336,72,20,52,27.77777777777778,0.7525765360641584,-13.047105342046798,-0.18120979641731663,-12.807262318360413,22.63901117899585,8719.27376816396,-18.389962828929363
30,5,3.5,1,1,0.05,12,1,0.25,2.5,6,1,156,40,116,25.641025641025642,0.867884979912542,-10.865027234415635,-0.0696476104770233,-11.370563095898344,17.691170155841842,8862.943690410166,50,11,39,22.0,0.6851592133676552,-9.561297587981096,-0.19122595175962193,-9.47908713920862,12.383972861872008,9052.091286079138,-18.42056439530496
30,5,2.5,1,1,0.05,12,1,0.0,3.0,24,0,169,44,125,26.035502958579883,0.9027272996615432,-12.79360785676245,-0.07570182163764763,-14.081991720983755,21.97848157844928,8591.800827901625,63,13,50,20.634920634920636,0.7623868135135318,-12.01728097962637,-0.1907504917401011,-12.050295804545307,15.009519049655285,8794.970419545469,-18.45309613335404
60,3,3.5,1,1,0.05,12,1,0.0,1.5,6,1,84,33,51,39.285714285714285,0.918822470146575,-3.658733742674112,-0.04355635407945372,-4.094287906424066,14.735313088448738,9590.571209357593,34,11,23,32.35294117647059,0.6613658212884381,-6.545652495906311,-0.19251919105606796,-6.510069664757811,12.145039110336297,9348.993033524219,-18.4577714421879
30,5,3.5,1,2,0.05,12,0,0.0,3.0,72,1,197,45,152,22.84263959390863,1.0225283017759594,2.2633985370586736,0.011489332675424738,0.3598425542809425,31.91604051028744,10035.984255428095,67,14,53,20.895522388059703,0.6974880088099357,-12.314649754901517,-0.18380074261047039,-12.094018088964308,13.114713926714284,8790.598191103569,-18.478109903526803
30,5,3.5,1,2,0.15,12,0,0.1,1.5,72,0,213,87,126,40.84507042253521,0.9709268847989762,-3.528084061879408,-0.01656377493840098,-4.858413743169598,27.155557489521176,9514.15862568304,76,25,51,32.89473684210526,0.6998531085606353,-14.220073154377044,-0.1871062257154874,-13.66347339079168,16.560617535311756,8633.652660920832,-18.50586926161337
30,5,3.5,1,2,0.05,12,0,0.0,3.0,24,1,218,63,155,28.89908256880734,1.075232928837781,7.349349117303684,0.03371261062983341,5.777959032542523,26.2067377402589,10577.795903254253,75,18,57,24.0,0.65091866599021,-14.044067238803535,-0.1872542298507138,-13.523073739128122,15.310963261732663,8647.692626087188,-18.56291658347786
30,5,3.5,1,2,0.05,12,0,0.1,3.0,72,1,196,44,152,22.448979591836736,0.9822493942688673,-1.7978397523656617,-0.009172651797783989,-3.5921672820670048,33.883505517790184,9640.7832717933,67,14,53,20.895522388059703,0.6969615757928329,-12.316050569154864,-0.1838216502858935,-12.0943366225444,13.11771319169498,8790.56633774556,-18.599301437553486
30,5,3.5,1,2,0.05,12,0,0.25,3.0,24,1,217,68,149,31.336405529953918,1.10341419083128,9.71066957015309,0.0447496293555442,8.423363610529467,21.88548129304441,10842.336361052947,74,19,55,25.675675675675677,0.6379831707692882,-14.069137147280765,-0.19012347496325357,-13.50269447546527,14.881969965920822,8649.730552453473,-18.61776122101581
30,5,3.5,1,1,0.05,12,1,0.1,2.5,6,1,144,35,109,24.305555555555557,0.8786108473865761,-9.784033257037816,-0.06794467539609594,-10.41506030966428,14.14465232248717,8958.493969033572,50,11,39,22.0,0.6811462265296162,-9.770294850343488,-0.19540589700686975,-9.669172196912735,11.684016065142657,9033.082780308727,-18.63379382370454
30,5,3.5,1,2,0.05,12,0,0.0,2.0,24,1,223,72,151,32.28699551569507,1.01877247257917,1.860722766257945,0.00834404827918361,0.4719912903397683,23.723324156476917,10047.199129033977,76,20,56,26.31578947368421,0.6497546114684574,-14.437190018109423,-0.18996302655407135,-13.81129730546572,16.71731515474228,8618.870269453428,-18.685812339673465
30,5,3.5,1,0,0.05,12,1,0.25,1.0,24,0,348,163,185,46.839080459770116,0.8126476129973005,-35.821039726763566,-0.10293402220334358,-31.316769666521438,35.191516305011575,6868.323033347856,120,50,70,41.666666666666664,0.6889995916234887,-22.13427718956899,-0.18445230991307493,-20.338020235918297,23.149333150292883,7966.197976408171,-18.699143731801534
30,5,3.5,1,0,0.05,12,1,0.25,1.0,24,1,348,163,185,46.839080459770116,0.8126476129973005,-35.821039726763566,-0.10293402220334358,-31.316769666521438,35.191516305011575,6868.323033347856,120,50,70,41.666666666666664,0.6889995916234887,-22.13427718956899,-0.18445230991307493,-20.338020235918297,23.149333150292883,7966.197976408171,-18.699143731801534
60,3,2.5,1,1,0.05,12,1,0.1,1.0,24,0,147,70,77,47.61904761904762,0.8369070157603673,-13.094922867094503,-0.08908110793941838,-12.923254486860191,23.43004378048933,8707.674551313981,57,24,33,42.10526315789474,0.6769443469139047,-10.861938623263104,-0.1905603267239141,-10.545936851192927,14.27719271579061,8945.406314880707,-18.70190230433832
60,3,2.5,1,1,0.05,12,1,0.1,1.0,24,1,147,70,77,47.61904761904762,0.8369070157603673,-13.094922867094503,-0.08908110793941838,-12.923254486860191,23.43004378048933,8707.674551313981,57,24,33,42.10526315789474,0.6769443469139047,-10.861938623263104,-0.1905603267239141,-10.545936851192927,14.27719271579061,8945.406314880707,-18.70190230433832
30,5,3.5,1,2,0.05,12,0,0.0,3.0,24,0,217,79,138,36.40552995391705,1.0941451618636289,10.80254434783997,0.049781310358709537,9.153305300325343,26.83817257260651,10915.330530032534,75,21,54,28.0,0.6863132192429108,-14.215072097847942,-0.18953429463797256,-13.739125362458704,15.119597121611228,8626.08746375413,-18.758020045639192
30,5,3.5,1,2,0.15,12,0,0.25,3.0,24,0,228,83,145,36.40350877192982,0.9954232169088141,-0.5478410551936589,-0.0024028116455862233,-2.430816602568431,30.39447226703172,9756.918339743157,81,25,56,30.864197530864196,0.665252523460756,-15.162835731987359,-0.18719550286404146,-14.513607368032755,15.475485056855634,8548.639263196725,-18.77204165077811
60,2,3.5,1,0,0.15,24,1,0.0,3.0,72,1,238,45,193,18.907563025210084,0.9861294121749696,-1.838580765222769,-0.007725129265641887,-4.3300781534130195,25.379682909777618,9566.992184658699,81,10,71,12.345679012345679,0.6593466682531528,-15.401575416928253,-0.1901429063818303,-14.843175013544785,25.05751510359671,8515.682498645521,-18.77770635153695
60,2,3.5,1,0,0.15,24,1,0.1,3.0,24,0,236,70,166,29.661016949152543,1.076641940613841,12.73375354404898,0.05395658281376686,9.900219766796226,34.31552156861596,10990.021976679624,82,18,64,21.951219512195124,0.7401459610670188,-15.301170958535506,-0.18659964583579886,-14.952947313307007,27.190399716635604,8504.705268669299,-18.796719894783145
30,5,3.5,1,0,0.05,12,1,0.25,1.0,72,0,345,161,184,46.666666666666664,0.7969959578127698,-39.06653494919903,-0.11323633318608414,-33.50996599418238,37.26098403026267,6649.003400581762,120,50,70,41.666666666666664,0.6889447873118233,-22.139938731054052,-0.18449948942545044,-20.342567180118266,23.153719630454834,7965.743281988173,-18.828139355177484
30,5,3.5,1,0,0.05,12,1,0.25,1.0,72,1,345,161,184,46.666666666666664,0.7969959578127698,-39.06653494919903,-0.11323633318608414,-33.50996599418238,37.26098403026267,6649.003400581762,120,50,70,41.666666666666664,0.6889447873118233,-22.139938731054052,-0.18449948942545044,-20.342567180118266,23.153719630454834,7965.743281988173,-18.828139355177484
60,2,3.5,1,0,0.15,24,1,0.25,2.5,72,0,233,69,164,29.613733905579398,1.0000821593824654,0.013774036656417632,5.9116037152007004e-05,-2.8488769685980464,37.621542312009204,9715.112303140195,80,19,61,23.75,0.7596288753196893,-14.835510267177101,-0.18544387833971376,-14.5462768285204,27.31686648812274,8545.37231714796,-18.842977706585305
30,5,3.5,1,1,0.05,12,1,0.0,3.0,24,1,130,21,109,16.153846153846153,0.7110020417345735,-23.527417347887276,-0.18098013344528674,-21.946712031386884,24.716648612884878,7805.328796861312,49,8,41,16.3265306122449,0.7159739857143359,-9.395766055810988,-0.191750327669612,-9.434438488467,11.727123378727908,9056.5561511533,-18.84482529972233
60,3,2.5,1,1,0.05,12,1,0.25,1.0,72,0,153,76,77,49.673202614379086,0.920091311001413,-6.394140008765113,-0.041791764763170675,-6.9167571704360835,19.871756000842232,9308.324282956391,56,23,33,41.07142857142857,0.6756011893448732,-10.869272492066672,-0.19409415164404772,-10.55195189343009,15.788322986470854,8944.804810656991,-18.846213018982105
60,3,2.5,1,1,0.05,12,1,0.25,1.0,72,1,153,76,77,49.673202614379086,0.920091311001413,-6.394140008765113,-0.041791764763170675,-6.9167571704360835,19.871756000842232,9308.324282956391,56,23,33,41.07142857142857,0.6756011893448732,-10.869272492066672,-0.19409415164404772,-10.55195189343009,15.788322986470854,8944.804810656991,-18.846213018982105
30,5,3.5,1,2,0.15,12,0,0.0,3.0,24,1,231,65,166,28.138528138528137,1.0135934410778946,1.4570007421623181,0.0063073625201831955,-0.36901272487198655,30.495013891045307,9963.0987275128,82,21,61,25.609756097560975,0.6348092249142184,-15.400150584354602,-0.18780671444334882,-14.69531593057165,16.824607968129406,8530.468406942835,-18.898869767189506
30,5,3.5,1,2,0.05,12,0,0.0,2.5,24,1,221,65,156,29.41176470588235,1.0292176030366493,2.883880366950012,0.013049232429638064,1.3272493661830254,27.68838010753207,10132.724936618302,76,18,58,23.68421052631579,0.6499093981235832,-14.43719001810941,-0.18996302655407118,-13.853104303033891,17.14363159900683,8614.689569696611,-18.923406123426506
30,5,3.5,1,2,0.05,12,0,0.25,1.5,24,0,224,93,131,41.517857142857146,0.9413425874211453,-6.160704866966945,-0.027503146727531007,-7.064169651345731,25.268465056227768,9293.583034865427,76,25,51,32.89473684210526,0.6529287209496377,-14.560892472511428,-0.19159069042778196,-13.87861522313517,15.299030443962375,8612.138477686483,-18.934938962067218
30,5,3.5,1,2,0.15,12,0,0.0,1.5,24,0,238,102,136,42.857142857142854,1.0093493796334003,1.0617740709586294,0.004461235592263149,-0.2704782485622337,21.904741202919066,9972.952175143777,83,28,55,33.734939759036145,0.6448038278564338,-16.0934539948637,-0.19389703608269518,-15.212419537984957,18.981794590450203,8478.758046201505,-18.97129874484746
30,5,3.5,1,1,0.05,12,0,0.0,1.0,72,1,154,68,86,44.15584415584416,0.7603967842216599,-20.158379751816817,-0.13089856981699233,-18.857654594949658,20.724061265307224,8114.234540505034,48,19,29,39.583333333333336,0.6620831240352186,-9.340366380580576,-0.19459096626209535,-9.124743221325938,12.150097946141617,9087.525677867407,-18.989192024246467
30,5,3.5,1,1,0.05,12,0,0.0,1.0,72,0,154,68,86,44.15584415584416,0.7603967842216599,-20.158379751816817,-0.13089856981699233,-18.857654594949658,20.724061265307224,8114.234540505034,48,19,29,39.583333333333336,0.6620831240352186,-9.340366380580576,-0.19459096626209535,-9.124743221325938,12.150097946141617,9087.525677867407,-18.989192024246467
60,3,3.5,1,1,0.05,12,1,0.0,1.0,72,0,84,40,44,47.61904761904762,0.8348506788249593,-7.6028890677693495,-0.0905105841401113,-7.715347308941234,12.923272549967132,9228.465269105876,34,14,20,41.1764705882353,0.6699015820128679,-6.76987934062846,-0.19911409825377824,-6.707229016920535,11.5993442886513,9329.277098307946,-18.991468208201173
60,3,3.5,1,1,0.05,12,1,0.0,1.0,72,1,84,40,44,47.61904761904762,0.8348506788249593,-7.6028890677693495,-0.0905105841401113,-7.715347308941234,12.923272549967132,9228.465269105876,34,14,20,41.1764705882353,0.6699015820128679,-6.76987934062846,-0.19911409825377824,-6.707229016920535,11.5993442886513,9329.277098307946,-18.991468208201173
30,5,3.5,1,0,0.05,12,1,0.1,2.0,72,1,330,84,246,25.454545454545453,0.8725118492708315,-23.691589680079783,-0.07179269600024177,-23.067957909553517,30.80966873639831,7693.204209044648,120,25,95,20.833333333333332,0.6848753059427197,-22.796559057674422,-0.18997132548062018,-21.06182099068976,24.624787545060666,7893.817900931024,-18.9963830058008
30,5,3.5,1,1,0.05,12,0,0.1,2.0,72,0,145,43,102,29.655172413793103,0.7257966819715173,-27.403760182527357,-0.18899144953467142,-24.870991984887326,32.74553007540924,7512.900801511268,46,16,30,34.78260869565217,0.9202154366965933,-2.285986483193139,-0.049695358330285634,-2.640909924946444,12.289202495008356,9735.909007505355,-19.027268633877657
30,5,3.5,1,2,0.15,12,0,0.25,3.0,24,1,230,70,160,30.434782608695652,1.037400460541083,3.8644031320831584,0.016801752748187647,2.1704394270883443,26.390452793976056,10217.043942708835,81,22,59,27.160493827160494,0.6206222973166011,-15.498456253846806,-0.19133896609687415,-14.737472579248244,16.43921717370608,8526.252742075176,-19.03540725796635
30,5,3.5,1,2,0.15,12,0,0.0,2.0,24,1,236,74,162,31.35593220338983,0.9536750625189766,-5.031625608883423,-0.021320447495268742,-6.285795527874449,28.853724260352582,9371.420447212555,83,23,60,27.710843373493976,0.634066503489113,-15.793273363660482,-0.19028040197181303,-14.979622810829019,18.228082417490647,8502.037718917098,-19.048048965939905
30,5,3.5,1,2,0.05,12,0,0.0,2.5,72,0,194,64,130,32.98969072164948,1.0597733457263343,7.459183179304231,0.03844939783146511,5.436849391647547,35.080296533306516,10543.684939164756,69,19,50,27.536231884057973,0.7277328741850244,-12.991519000097188,-0.18828288405937954,-12.732138474694876,17.784205334842156,8726.786152530512,-19.052790925361357
60,3,3.5,1,1,0.05,12,1,0.1,1.5,72,1,86,32,54,37.2093023255814,1.0607266997832572,2.683119180097787,0.031199060233695196,2.135929037794404,11.91464533795355,10213.592903779441,33,10,23,30.303030303030305,0.6907656024017022,-6.626315907124051,-0.20079745173103186,-6.61557577951487,10.914980185304655,9338.442422048513,-19.06045663611538
60,2,3.5,1,0,0.15,24,1,0.25,2.5,72,1,240,55,185,22.916666666666668,1.0079356644483,1.0517789927769177,0.004382412469903824,-1.2468521751105799,28.671945913934394,9875.314782488942,81,13,68,16.049382716049383,0.675869933467713,-15.50149958425335,-0.19137653807720187,-14.904358846013688,24.632251933336576,8509.56411539863,-19.0655587708944
60,3,3.5,1,1,0.05,12,1,0.1,3.0,6,0,86,35,51,40.69767441860465,1.0671696358746419,3.291721838536761,0.0382758353318228,2.4913227598121646,10.320519464091042,10249.132275981217,34,10,24,29.41176470588235,0.7073689748443002,-6.769168040669735,-0.1990931776667569,-6.843112497911719,16.13608174890625,9315.688750208828,-19.107209915772525
30,5,3.5,1,0,0.05,12,0,0.0,3.0,24,0,292,100,192,34.24657534246575,1.0365625897889148,5.920583767334058,0.020275971805938556,3.1624826325563626,35.93006028114229,10316.248263255637,100,32,68,32.0,0.6803184418151436,-18.870827934412045,-0.18870827934412046,-17.77946188758186,20.46664183077193,8222.053811241814,-19.20448261596617
30,5,3.5,1,2,0.05,12,0,0.1,1.0,24,0,231,112,119,48.484848484848484,0.9488445635854241,-5.155553139538418,-0.022318411859473673,-5.912151729072979,21.992552443764,9408.784827092702,76,28,48,36.8421052631579,0.6277276838646096,-14.88242603497184,-0.1958213951969979,-14.095015909778908,16.092100600170753,8590.49840902211,-19.21185675641104
30,5,3.5,1,2,0.05,12,0,0.1,1.0,24,1,231,112,119,48.484848484848484,0.9488445635854241,-5.155553139538418,-0.022318411859473673,-5.912151729072979,21.992552443764,9408.784827092702,76,28,48,36.8421052631579,0.6277276838646096,-14.88242603497184,-0.1958213951969979,-14.095015909778908,16.092100600170753,8590.49840902211,-19.21185675641104
30,5,3.5,1,2,0.15,12,0,0.1,2.5,72,1,211,52,159,24.644549763033176,0.9988364187066733,-0.12757232796811824,-0.0006046081894223613,-1.9503675764709572,34.294826509070944,9804.963242352904,73,16,57,21.91780821917808,0.6793560775530313,-13.834009689247551,-0.18950698204448702,-13.388990877213125,14.913333650822219,8661.100912278687,-19.21926913056648
30,5,3.5,1,0,0.05,12,0,0.25,2.0,72,1,260,77,183,29.615384615384617,1.0556033696287928,6.967662797079879,0.026798703065691844,5.22442036654418,25.795975234930303,10522.442036654418,88,21,67,23.863636363636363,0.6646155002638154,-17.13920803900907,-0.19476372771601216,-16.231073316684473,16.9108116814974,8376.892668331553,-19.24603664819619
30,5,3.5,1,2,0.15,12,0,0.0,2.5,24,1,234,67,167,28.632478632478634,0.9675741407130636,-3.5084680081913664,-0.01499345302645883,-5.024572540657335,32.22132197879714,9497.542745934266,83,21,62,25.301204819277107,0.6342209621039376,-15.793273363660484,-0.19028040197181306,-15.020867946225513,18.646665382355977,8497.913205377448,-19.249795911816925
60,2,3.5,1,2,0.15,24,1,0.25,2.5,72,0,169,41,128,24.2603550295858,0.7598539084859398,-31.396838183611507,-0.18578010759533437,-28.31015653778519,43.69885574429192,7168.98434622148,63,22,41,34.92063492063492,1.3136472135863044,12.989798207551672,0.20618727313574084,12.881482564968238,10.63559324252476,11288.148256496825,-19.264345978883107
30,5,3.5,1,2,0.15,12,0,0.1,3.0,24,0,229,82,147,35.80786026200873,1.0230871951896914,2.850398775888457,0.012447156226587148,0.7896626595600864,31.93031779010261,10078.966265956009,81,24,57,29.62962962962963,0.6667815538137568,-15.513033725705188,-0.19151893488524924,-14.843391331683653,16.089537854830287,8515.660866831635,-19.293477523577142
30,5,3.5,1,0,0.05,12,0,0.1,3.0,24,0,290,101,189,34.827586206896555,1.0578212691747004,9.105726676918247,0.03139905750661464,6.575660119467508,32.57228573944615,10657.56601194675,99,32,67,32.323232323232325,0.6684724844305662,-18.97207826902377,-0.1916371542325633,-17.820188283150607,19.23244980992975,8217.98117168494,-19.320590580163156
30,5,2.5,1,1,0.05,12,1,0.1,3.0,24,1,189,38,151,20.105820105820104,0.96388428495071,-3.965876809624492,-0.02098347518319837,-5.868720926213644,19.801498693298356,9413.127907378635,64,10,54,15.625,0.6984008016706716,-12.821043910434804,-0.20032881110054382,-12.6042492310391,15.60413407060678,8739.57507689609,-19.406730701321376
30,5,3.5,1,2,0.05,12,0,0.0,2.0,72,1,207,60,147,28.985507246376812,1.0168201682553086,1.7556664939852278,0.008481480647271632,0.21840157977679464,25.182882970746377,10021.84015797768,69,17,52,24.63768115942029,0.6818942478710125,-13.585001336066554,-0.19688407733429789,-13.130385271452905,13.226136808257,8686.96147285471,-19.41074269172761
30,5,3.5,1,2,0.15,12,0,0.25,1.0,24,0,241,116,125,48.13278008298755,0.93038743315301,-7.310263612507306,-0.030333044035300027,-7.94334235941384,22.722816761762697,9205.665764058616,83,32,51,38.55421686746988,0.607905162429833,-16.377682563213604,-0.19732147666522415,-15.373379679702449,16.95030561783233,8462.662032029755,-19.436624667484182
30,5,3.5,1,2,0.15,12,0,0.25,1.0,24,1,241,116,125,48.13278008298755,0.93038743315301,-7.310263612507306,-0.030333044035300027,-7.94334235941384,22.722816761762697,9205.665764058616,83,32,51,38.55421686746988,0.607905162429833,-16.377682563213604,-0.19732147666522415,-15.373379679702449,16.95030561783233,8462.662032029755,-19.436624667484182
30,5,2.5,1,1,0.05,12,1,0.1,3.0,72,1,189,36,153,19.047619047619047,0.9330248018050986,-7.40233487661332,-0.03916579299795408,-9.034845594420315,20.50427428751525,9096.515440557969,64,10,54,15.625,0.6984008016706716,-12.821043910434804,-0.20032881110054382,-12.6042492310391,15.60413407060678,8739.57507689609,-19.44889723697439
30,5,2.5,1,1,0.05,12,0,0.1,1.0,72,0,200,91,109,45.5,0.800287417849763,-21.532964846950982,-0.10766482423475492,-20.14977371817196,25.117963286493826,7985.0226281828045,58,23,35,39.6551724137931,0.6612827642946784,-11.41024598015507,-0.19672837896819087,-11.031247484151042,12.568797032685778,8896.875251584896,-19.449596421028787
30,5,2.5,1,1,0.05,12,0,0.1,1.0,72,1,200,91,109,45.5,0.800287417849763,-21.532964846950982,-0.10766482423475492,-20.14977371817196,25.117963286493826,7985.0226281828045,58,23,35,39.6551724137931,0.6612827642946784,-11.41024598015507,-0.19672837896819087,-11.031247484151042,12.568797032685778,8896.875251584896,-19.449596421028787
30,5,2.5,1,1,0.05,12,1,0.1,3.0,72,0,185,47,138,25.405405405405407,0.9171197610113302,-12.083148840499613,-0.06531431805675467,-13.74077208980352,18.688931558398462,8625.922791019648,63,13,50,20.634920634920636,0.7516226600118899,-12.770114712413765,-0.20270023353037722,-12.715430792636905,17.40667623146132,8728.45692073631,-19.472225618181884
30,5,3.5,1,2,0.15,12,0,0.0,1.0,24,1,243,117,126,48.148148148148145,0.926430659214958,-7.997471349604925,-0.03291140473088446,-8.610827008526044,25.084922779382453,9138.917299147395,83,32,51,38.55421686746988,0.6206875135452155,-16.327344791898557,-0.1967149974927537,-15.344188651185142,18.478422443140015,8465.581134881486,-19.492138409063557
30,5,3.5,1,2,0.15,12,0,0.0,1.0,24,0,243,117,126,48.148148148148145,0.926430659214958,-7.997471349604925,-0.03291140473088446,-8.610827008526044,25.084922779382453,9138.917299147395,83,32,51,38.55421686746988,0.6206875135452155,-16.327344791898557,-0.1967149974927537,-15.344188651185142,18.478422443140015,8465.581134881486,-19.492138409063557
30,5,3.5,1,2,0.05,12,0,0.1,1.5,24,1,225,87,138,38.666666666666664,1.0151902819737908,1.4917851202270664,0.006630156089898073,0.33456170965775467,21.640675803033066,10033.456170965776,76,22,54,28.94736842105263,0.621587250639589,-15.155868176664676,-0.1994193181140089,-14.371072132294104,16.16600754292083,8562.89278677059,-19.562817316118323
30,5,2.5,1,1,0.05,12,1,0.25,3.0,6,1,205,56,149,27.317073170731707,1.0032788342078212,0.35679200709886527,0.001740448815116416,-1.5811280265465522,18.224208697335012,9841.887197345344,65,13,52,20.0,0.6768065139790372,-13.170165362492952,-0.20261792865373773,-12.854481885379077,14.91259515648023,8714.551811462092,-19.582666885053154
60,2,3.5,1,0,0.15,12,1,0.1,3.0,72,0,201,52,149,25.870646766169155,0.9853234020328735,-2.258891325502562,-0.011238265301007772,-5.135998981597368,40.00363442400729,9486.400101840263,68,14,54,20.58823529411765,0.7623881671345923,-13.013149618147692,-0.19136984732570134,-12.980067532335093,24.697665157273782,8701.993246766491,-19.589015813281662
60,3,3.5,1,1,0.05,12,0,0.1,2.5,24,0,87,36,51,41.37931034482759,0.9578649458880106,-1.6085185545908156,-0.01848871901828524,-2.090180745996806,10.337675752336118,9790.98192540032,30,9,21,30.0,0.5712317928423959,-6.145100134275446,-0.20483667114251486,-6.090048515044688,9.805204141165742,9390.99514849553,-19.618065353258345
60,3,3.5,1,1,0.05,12,1,0.0,2.0,72,1,84,24,60,28.571428571428573,1.0085097076902803,0.3971109322306545,0.004727511097983982,-0.3009277687630818,14.57755861187882,9969.907223123691,33,7,26,21.21212121212121,0.6722121935775045,-6.759404689284711,-0.20483044512983972,-6.761348079476958,12.491875576339819,9323.865192052304,-19.66063759008008
30,5,3.5,1,0,0.05,12,1,0.25,3.0,6,1,350,99,251,28.285714285714285,0.9161192240005239,-15.554579517009728,-0.04444165576288494,-16.91232581225448,25.260723105453803,8308.767418774552,122,29,93,23.770491803278688,0.6499162882468046,-24.229783057236375,-0.19860477915767522,-22.207170971275335,26.544118435747894,7779.282902872466,-19.672074009881545
30,5,3.5,1,1,0.05,12,1,0.0,2.5,6,1,131,27,104,20.610687022900763,0.677269060566438,-26.054728326024673,-0.19889105592385248,-23.734898613714662,25.6760501107144,7626.510138628534,50,11,39,22.0,0.7196283819503887,-9.042806970422694,-0.18085613940845388,-9.045537480206711,11.727123378727896,9095.446251979329,-19.681947914622803
60,2,3.5,1,0,0.15,12,1,0.25,1.5,72,1,211,73,138,34.59715639810427,0.9113355689897213,-10.316985482039502,-0.04889566579165641,-11.034366815663322,30.806125284570463,8896.563318433668,73,19,54,26.027397260273972,0.6624584113957279,-14.389884516850172,-0.19712170571027632,-13.76931626769381,22.586263024728687,8623.068373230619,-19.805214755989986
30,5,3.5,1,0,0.05,12,1,0.1,1.0,24,1,335,159,176,47.46268656716418,0.8234647820465847,-32.40323571930516,-0.09672607677404525,-28.888195737586997,32.735013178318724,7111.180426241301,121,50,71,41.32231404958678,0.6722980551522102,-23.810364344750013,-0.1967798706177687,-21.66841766149339,24.485809341631143,7833.158233850661,-19.81708963769825
30,5,3.5,1,0,0.05,12,1,0.1,1.0,24,0,335,159,176,47.46268656716418,0.8234647820465847,-32.40323571930516,-0.09672607677404525,-28.888195737586997,32.735013178318724,7111.180426241301,121,50,71,41.32231404958678,0.6722980551522102,-23.810364344750013,-0.1967798706177687,-21.66841766149339,24.485809341631143,7833.158233850661,-19.81708963769825
30,5,3.5,1,2,0.05,12,0,0.0,2.5,24,0,220,81,139,36.81818181818182,1.0657027304220767,7.605443575530631,0.03457019807059378,5.901204806054161,28.81352754918143,10590.120480605416,76,21,55,27.63157894736842,0.6738515957376645,-15.10819487715381,-0.19879203785728697,-14.485615385133933,17.594304023514326,8551.438461486607,-19.825931705018885
30,5,3.5,1,1,0.05,12,0,0.1,1.5,24,0,155,53,102,34.193548387096776,0.6640322358892008,-30.569860278129205,-0.1972249050201884,-26.97028218595848,30.79175380335359,7302.971781404151,48,17,31,35.416666666666664,0.6931299983396441,-8.146489242325204,-0.16971852588177508,-8.057732399202887,11.12477070327108,9194.226760079711,-19.852749228630593
30,5,3.5,1,2,0.15,12,0,0.1,1.5,24,1,238,89,149,37.39495798319328,0.9454025406454581,-5.878522121007562,-0.0246996727773427,-6.852069508978953,27.25329378779866,9314.793049102105,83,25,58,30.120481927710845,0.6067846157037096,-16.504388772589454,-0.19884805750107776,-15.525316236305065,17.670852750090425,8447.468376369494,-19.863352466083946
60,3,3.5,1,1,0.05,12,1,0.0,1.5,6,0,84,36,48,42.857142857142854,0.9475496420685491,-2.466386348960896,-0.02936174224953448,-2.9741787754466675,15.263873956170473,9702.582122455333,34,12,22,35.294117647058826,0.6692762334686133,-7.045652495906311,-0.20722507340900914,-6.996122868871424,11.71878506261828,9300.387713112857,-19.944252505184974
30,5,3.5,1,0,0.05,12,1,0.1,1.0,72,0,333,157,176,47.147147147147145,0.8065081936804044,-35.78536721756146,-0.10746356521790228,-31.25318646990457,34.972068925852696,6874.681353009543,121,50,71,41.32231404958678,0.6722980551522102,-23.810364344750013,-0.1967798706177687,-21.66841766149339,24.485809341631143,7833.158233850661,-19.951312982550288
30,5,3.5,1,0,0.05,12,1,0.1,1.0,72,1,333,157,176,47.147147147147145,0.8065081936804044,-35.78536721756146,-0.10746356521790228,-31.25318646990457,34.972068925852696,6874.681353009543,121,50,71,41.32231404958678,0.6722980551522102,-23.810364344750013,-0.1967798706177687,-21.66841766149339,24.485809341631143,7833.158233850661,-19.951312982550288
30,5,3.5,1,1,0.05,12,1,0.0,3.0,72,1,130,20,110,15.384615384615385,0.6815584870198839,-26.13630844736116,-0.20104852651816277,-23.94705549066557,26.903993607935067,7605.294450933443,49,8,41,16.3265306122449,0.7159739857143359,-9.395766055810988,-0.191750327669612,-9.434438488467,11.727123378727908,9056.5561511533,-19.9647729937098
60,3,3.5,1,1,0.05,12,1,0.25,3.0,6,1,91,30,61,32.967032967032964,1.1744596337634774,7.182278087086322,0.07892613282512442,6.624924892129447,8.934513816188286,10662.492489212944,34,8,26,23.529411764705884,0.6203930790259222,-7.041588531664,-0.2071055450489412,-7.01836480872291,14.435686952581502,9298.16351912771,-19.980374757848224
30,5,2.5,1,1,0.05,12,0,0.25,2.0,24,1,205,55,150,26.829268292682926,0.7928998197678995,-21.840780646373773,-0.10654039339694524,-20.636892606562906,29.888851428725744,7936.310739343709,59,16,43,27.11864406779661,0.6043292256999422,-11.707283053777005,-0.19842852633520347,-11.309813180704475,14.599670178695401,8869.018681929552,-20.018090811621796
60,3,3.5,1,1,0.05,12,1,0.25,2.0,6,0,91,39,52,42.857142857142854,0.9688594784616013,-1.5200062209457066,-0.016703365065337435,-2.128332984850312,11.432734780675165,9787.166701514969,34,11,23,32.35294117647059,0.653509386150098,-7.100932567572206,-0.2088509578697708,-7.054971048320635,13.504464451519826,9294.502895167936,-20.03281007561913
30,5,2.5,1,1,0.05,12,0,0.0,2.5,24,1,204,48,156,23.529411764705884,0.7790934068363756,-24.13732078097748,-0.11832019990675235,-22.600573741428576,31.756265727568948,7739.942625857142,59,14,45,23.728813559322035,0.6067970403320433,-11.71885017395211,-0.19862457921952728,-11.347913882848037,14.190827842438589,8865.208611715196,-20.144805328720565
30,5,2.5,1,1,0.05,12,1,0.0,3.0,72,0,168,42,126,25.0,0.893343092374414,-14.212312101947218,-0.08459709584492392,-15.323148648749063,24.536841966335526,8467.685135125093,63,13,50,20.634920634920636,0.7481066807362304,-12.98267452256791,-0.2060741987709192,-12.899755099355914,15.513142530879467,8710.024490064408,-20.167528725263626
30,5,3.5,1,0,0.05,12,0,0.0,3.0,72,1,262,58,204,22.137404580152673,1.0041111152299844,0.5326063402391294,0.0020328486268669063,-1.8644355366452703,35.972392535267026,9813.556446335473,90,17,73,18.88888888888889,0.6483183960182534,-17.787382957057392,-0.1976375884117488,-16.856289810261494,19.77931503996472,8314.37101897385,-20.174379650602713
30,5,3.5,1,0,0.05,12,1,0.1,2.5,72,1,329,72,257,21.88449848024316,0.9348057757848824,-12.145651031613452,-0.03691687243651505,-14.115850079171688,27.763592720587415,8588.414992082831,120,20,100,16.666666666666668,0.6637559896916467,-24.354968872541782,-0.20295807393784818,-22.35632645211194,28.364330105571884,7764.367354788806,-20.19057616617616
30,5,3.5,1,0,0.05,12,0,0.1,3.0,72,1,257,57,200,22.17898832684825,0.9795880944717991,-2.5762451949219134,-0.010024300369345967,-4.763916466214157,36.90822047836723,9523.608353378584,90,17,73,18.88888888888889,0.6473311230748043,-17.804173331850706,-0.1978241481316745,-16.868961912179834,19.781021282379193,8313.103808782016,-20.25115984506819
60,2,3.5,1,0,0.15,24,1,0.0,2.5,24,0,237,75,162,31.645569620253166,1.0651502340588055,10.594755723497421,0.044703610647668444,8.002061919171076,32.36566149679703,10800.206191917108,83,19,64,22.89156626506024,0.7228358692480711,-16.79105265147969,-0.20230183917445407,-16.157013920877816,27.662349170425248,8384.298607912218,-20.28337018887276
30,5,3.5,1,0,0.05,12,1,0.1,1.5,72,1,331,110,221,33.23262839879154,0.8534681271703279,-27.252956276613375,-0.08233521533720053,-25.452204176899194,33.87851959387554,7454.7795823100805,121,33,88,27.272727272727273,0.6675240936828027,-24.310364344750035,-0.20091210202272755,-22.152900190411707,25.078237431421314,7784.70998095883,-20.30847108606636
30,5,3.5,1,1,0.05,12,0,0.0,1.5,24,1,158,44,114,27.848101265822784,0.626784110343964,-31.184865308003033,-0.19737256524052552,-27.3562680105369,30.129497563815775,7264.37319894631,48,14,34,29.166666666666668,0.6076355210756207,-9.66629639864561,-0.20138117497178354,-9.414404391782604,10.745492554420274,9058.559560821739,-20.341434279044996
30,5,3.5,1,0,0.05,12,1,0.1,1.5,24,1,333,112,221,33.633633633633636,0.8761010241706201,-22.87082477835708,-0.0686811554905618,-22.121923790516206,32.43126660600312,7787.80762094838,121,33,88,27.272727272727273,0.6654818824585537,-24.459689146899954,-0.20214619129669384,-22.26743460104601,25.18846786955541,7773.256539895399,-20.349129256639138
60,3,2.5,1,1,0.05,12,1,0.25,1.0,24,1,153,76,77,49.673202614379086,0.9142382035519324,-6.862494439144859,-0.04485290483101215,-7.348427874329733,20.24334829218743,9265.157212567026,56,23,33,41.07142857142857,0.651322926675395,-11.682737412161801,-0.20862031093146075,-11.272466404997516,15.788322986470854,8872.753359500248,-20.369681010543076
60,3,2.5,1,1,0.05,12,1,0.25,1.0,24,0,153,76,77,49.673202614379086,0.9142382035519324,-6.862494439144859,-0.04485290483101215,-7.348427874329733,20.24334829218743,9265.157212567026,56,23,33,41.07142857142857,0.651322926675395,-11.682737412161801,-0.20862031093146075,-11.272466404997516,15.788322986470854,8872.753359500248,-20.369681010543076
30,5,3.5,1,0,0.05,12,1,0.25,1.0,6,1,352,161,191,45.73863636363637,0.795993039212449,-37.32663213606515,-0.1060415685683669,-32.26241239552516,37.34711950178365,6773.758760447484,122,51,71,41.80327868852459,0.6458898437335068,-24.309692629340702,-0.19925977565033362,-22.01711071596415,24.17152833534705,7798.288928403585,-20.393806612136128
30,5,3.5,1,0,0.05,12,1,0.25,1.0,6,0,352,161,191,45.73863636363637,0.795993039212449,-37.32663213606515,-0.1060415685683669,-32.26241239552516,37.34711950178365,6773.758760447484,122,51,71,41.80327868852459,0.6458898437335068,-24.309692629340702,-0.19925977565033362,-22.01711071596415,24.17152833534705,7798.288928403585,-20.393806612136128
30,5,3.5,1,2,0.15,12,0,0.0,3.0,24,0,229,82,147,35.80786026200873,1.0464576355429287,5.7677588055379365,0.02518671967483815,3.6926097880203956,30.498295017873474,10369.26097880204,82,24,58,29.26829268292683,0.6552998466228627,-16.66618849573694,-0.20324620116752365,-15.839537081924771,17.492875901069965,8416.046291807523,-20.402034063799388
30,5,2.5,1,1,0.05,12,0,0.0,1.5,72,1,196,58,138,29.591836734693878,0.7417435309926969,-27.806074058241435,-0.1418677247869461,-25.121818626743618,27.84726049217826,7487.8181373256375,58,16,42,27.586206896551722,0.6489711398731595,-11.86333487161611,-0.2045402564071743,-11.476419307712115,12.673102706352369,8852.358069228789,-20.419165246111234
30,5,3.5,1,2,0.05,12,0,0.25,1.0,24,1,230,112,118,48.69565217391305,0.9600682632839318,-3.9028331703002808,-0.016968839870870785,-4.698508241724864,19.998932937201793,9530.149175827513,76,28,48,36.8421052631579,0.5992231569448151,-15.948363456647579,-0.20984688758746814,-14.997962172782175,16.318572249945024,8500.203782721783,-20.551797878903923
30,5,3.5,1,2,0.05,12,0,0.25,1.0,24,0,230,112,118,48.69565217391305,0.9600682632839318,-3.9028331703002808,-0.016968839870870785,-4.698508241724864,19.998932937201793,9530.149175827513,76,28,48,36.8421052631579,0.5992231569448151,-15.948363456647579,-0.20984688758746814,-14.997962172782175,16.318572249945024,8500.203782721783,-20.551797878903923
60,2,3.5,1,2,0.15,24,1,0.25,3.0,72,0,163,35,128,21.47239263803681,0.7551975111284666,-31.93574808963821,-0.19592483490575588,-28.855342196017276,48.20357155396774,7114.465780398273,62,18,44,29.032258064516128,1.1021695891796774,4.539493723404713,0.07321764070007603,3.6886864402955855,14.550875183545923,10368.868644029559,-20.559989288917567
60,2,3.5,1,0,0.15,24,1,0.1,2.5,24,0,239,73,166,30.543933054393307,1.0086535501404021,1.437175231175207,0.006013285486088733,-1.3932507317798049,33.77302369207013,9860.67492682202,82,19,63,23.170731707317074,0.7134572538843026,-16.83298501545562,-0.20528030506653194,-16.158485870102503,27.935812988875313,8384.15141298975,-20.685613359629137
30,5,3.5,1,2,0.05,12,0,0.0,1.5,24,0,226,98,128,43.36283185840708,1.0422626712333591,4.4446910259976145,0.019666774451316878,3.241521357432009,19.154597481093745,10324.152135743201,76,24,52,31.57894736842105,0.6271081240849243,-16.142337596974727,-0.21239917890756219,-15.237163785476316,18.704562537841426,8476.283621452369,-20.700596949266625
30,5,3.5,1,0,0.05,12,1,0.1,2.0,24,1,332,85,247,25.602409638554217,0.8899207464616053,-20.309458181823484,-0.06117306681272133,-20.42939378013624,30.579933034287908,7957.060621986376,121,25,96,20.66115702479339,0.6589853729925108,-25.015195280866912,-0.20673715108154472,-22.782401176124388,26.267707341926,7721.7598823875605,-20.7101382397534
60,2,3.5,1,0,0.15,24,1,0.0,1.5,72,0,239,93,146,38.91213389121339,0.8934843541844624,-16.10699666045819,-0.06739329146635226,-16.374120869898867,37.00420205534641,8362.587913010113,83,27,56,32.53012048192771,0.7033185119193682,-16.92237520717464,-0.2038840386406583,-16.062697528376834,28.08487203988801,8393.730247162317,-20.758937283663542
30,5,2.5,1,1,0.05,12,1,0.1,3.0,6,1,190,46,144,24.210526315789473,0.9363662346512351,-6.852160986421124,-0.036064005191690125,-8.360148845299786,16.686064588130233,9163.98511547002,65,13,52,20.0,0.667870376195248,-13.990062221858874,-0.21523172649013653,-13.582792197290505,15.098761952299386,8641.720780270949,-20.769630297708325
30,5,3.5,1,2,0.05,12,0,0.25,1.5,24,1,224,85,139,37.94642857142857,0.9805304994042522,-1.8538413555979614,-0.008276077480348042,-2.8996267833081624,22.801438167562846,9710.037321669184,76,22,54,28.94736842105263,0.5964141811615352,-16.08856236706861,-0.21169161009300805,-15.155092945999126,15.708011402306546,8484.490705400087,-20.910038394846136
30,5,3.5,1,2,0.05,12,0,0.0,1.5,24,1,226,86,140,38.05309734513274,1.0043278838084093,0.4275169567809377,0.0018916679503581315,-0.730516870047837,20.16002316863468,9926.948312995217,76,22,54,28.94736842105263,0.6057187616160613,-16.232721440337535,-0.21358844000444124,-15.293316349818653,17.05365282437807,8470.668365018135,-20.922627325144713
60,3,3.5,1,1,0.05,12,1,0.1,1.0,6,1,86,43,43,50.0,0.8916672609262102,-4.617448732204927,-0.05369126432796427,-4.8933239543925255,12.40737642290918,9510.667604560747,34,14,20,41.1764705882353,0.6115779334498735,-7.402355833057905,-0.21771634803111486,-7.274136089393302,9.225999888722844,9272.58639106067,-20.937386715437345
60,3,3.5,1,1,0.05,12,1,0.1,1.0,6,0,86,43,43,50.0,0.8916672609262102,-4.617448732204927,-0.05369126432796427,-4.8933239543925255,12.40737642290918,9510.667604560747,34,14,20,41.1764705882353,0.6115779334498735,-7.402355833057905,-0.21771634803111486,-7.274136089393302,9.225999888722844,9272.58639106067,-20.937386715437345
30,5,3.5,1,2,0.15,12,0,0.0,3.0,72,1,209,46,163,22.00956937799043,0.9698950692960002,-3.2805309162968648,-0.01569632017366921,-5.1354827273843,35.644060546362475,9486.45172726157,72,14,58,19.444444444444443,0.6568933663807324,-14.830940905543777,-0.20598529035477467,-14.28823830747551,15.357555500399828,8571.176169252449,-20.99433999138291
60,3,3.5,1,1,0.05,12,1,0.1,2.0,6,0,86,35,51,40.69767441860465,0.9475456818643021,-2.5705815177422457,-0.02989048276444472,-3.1656418950066656,10.943508848024045,9683.435810499333,34,11,23,32.35294117647059,0.6632213666612085,-7.446784712162346,-0.21902307976948077,-7.401226920320225,13.975770041638825,9259.877307967978,-21.058876639975047
30,5,3.5,1,2,0.15,12,0,0.0,1.5,24,1,238,88,150,36.97478991596638,0.9444814872128757,-5.955399998258044,-0.02502268906831111,-6.92194063166407,25.139631343218415,9307.805936833593,83,25,58,30.120481927710845,0.5919928563060112,-17.588804785888595,-0.21191331067335656,-16.441547623963537,18.55831884361521,8355.845237603646,-21.072641555432412
30,5,3.5,1,2,0.15,12,0,0.1,3.0,72,1,208,45,163,21.634615384615383,0.9334306484402733,-7.306092246272997,-0.0351254434916971,-8.83837607522241,37.481355660734586,9116.16239247776,72,14,58,19.444444444444443,0.6564490098107242,-14.824886960620766,-0.20590120778639953,-14.28212640474068,15.349293925034807,8571.787359525932,-21.09705815454774
30,5,3.5,1,1,0.05,12,0,0.25,1.5,72,0,146,52,94,35.61643835616438,0.7639857909074875,-21.6015403006281,-0.1479557554837541,-20.204028617995572,25.26684603246787,7979.597138200443,45,15,30,33.333333333333336,0.6648476399972292,-9.589347627890024,-0.21309661395311166,-9.396904719544697,12.248313911210671,9060.30952804553,-21.11311273761587
30,5,3.5,1,0,0.05,12,0,0.25,1.0,72,0,280,144,136,51.42857142857143,1.0257450839108324,3.435512546315281,0.012269687665411718,2.1170554738575875,20.480939993666002,10211.705547385758,93,35,58,37.634408602150536,0.6169245458445302,-20.06313587300187,-0.21573264379571902,-18.516232310160863,20.610454185960823,8148.376768983914,-21.121713060813494
30,5,3.5,1,0,0.05,12,0,0.25,1.0,72,1,280,144,136,51.42857142857143,1.0257450839108324,3.435512546315281,0.012269687665411718,2.1170554738575875,20.480939993666002,10211.705547385758,93,35,58,37.634408602150536,0.6169245458445302,-20.06313587300187,-0.21573264379571902,-18.516232310160863,20.610454185960823,8148.376768983914,-21.121713060813494
60,3,3.5,1,1,0.05,12,1,0.0,3.0,6,1,84,24,60,28.571428571428573,0.8738912991348389,-5.730850985532312,-0.06822441649443228,-6.210796809495789,14.99033440796309,9378.920319050421,34,8,26,23.529411764705884,0.6182997553254412,-7.400938664999435,-0.21767466661763044,-7.361775582877728,16.042649446801693,9263.822441712227,-21.137891311771323
30,5,3.5,1,0,0.05,12,1,0.1,1.0,6,0,338,158,180,46.74556213017752,0.8195211659563003,-31.93430708561118,-0.09448019847813958,-28.492158437578386,32.52634050069532,7150.784156242162,122,50,72,40.98360655737705,0.6371921401237434,-25.605329908729402,-0.209879753350241,-23.032947583489182,25.801260525080384,7696.705241651081,-21.183953049281094
30,5,3.5,1,0,0.05,12,1,0.1,1.0,6,1,338,158,180,46.74556213017752,0.8195211659563003,-31.93430708561118,-0.09448019847813958,-28.492158437578386,32.52634050069532,7150.784156242162,122,50,72,40.98360655737705,0.6371921401237434,-25.605329908729402,-0.209879753350241,-23.032947583489182,25.801260525080384,7696.705241651081,-21.183953049281094
60,2,3.5,1,0,0.15,24,1,0.1,2.0,72,0,239,80,159,33.47280334728033,0.9543754305025486,-7.445995870899311,-0.03115479443890925,-9.344488650397832,35.06177513045986,9065.551134960217,82,22,60,26.829268292682926,0.7175509342798008,-17.189877128651652,-0.209632647910386,-16.41319485692857,27.278866851836103,8358.680514307143,-21.18998536952693
30,5,3.5,1,2,0.15,12,0,0.25,1.5,24,1,237,87,150,36.70886075949367,0.9120801478608491,-9.200107793667872,-0.03881902022644672,-9.832534784152891,28.313368855897274,9016.746521584711,83,25,58,30.120481927710845,0.5814440508764047,-17.517881473634638,-0.21105881293535708,-16.366267806900392,17.21851147919218,8363.37321930996,-21.198713643252404
30,5,2.5,1,1,0.05,12,0,0.0,3.0,24,1,204,44,160,21.568627450980394,0.7369406476602034,-28.769982385592343,-0.1410293254195703,-26.14283880772177,35.00168696311718,7385.716119227823,59,13,46,22.033898305084747,0.5900686637033276,-12.2188501739521,-0.20709915549071356,-11.810058743688002,14.521419314474512,8818.9941256312,-21.22044498322952
60,3,3.5,1,1,0.05,12,1,0.0,1.0,24,1,84,40,44,47.61904761904762,0.8348506788249593,-7.6028890677693495,-0.0905105841401113,-7.715347308941234,12.923272549967132,9228.465269105876,34,14,20,41.1764705882353,0.6337104486485282,-7.512111331836379,-0.22094445093636408,-7.392940584586505,11.5993442886513,9260.70594154135,-21.24688574318844
60,3,3.5,1,1,0.05,12,1,0.0,1.0,24,0,84,40,44,47.61904761904762,0.8348506788249593,-7.6028890677693495,-0.0905105841401113,-7.715347308941234,12.923272549967132,9228.465269105876,34,14,20,41.1764705882353,0.6337104486485282,-7.512111331836379,-0.22094445093636408,-7.392940584586505,11.5993442886513,9260.70594154135,-21.24688574318844
60,3,3.5,1,1,0.05,12,1,0.0,1.5,72,1,84,30,54,35.714285714285715,0.9439362450417654,-2.6028890677693486,-0.030986774616301768,-3.113359592697129,14.971668023085371,9688.664040730288,33,9,24,27.272727272727273,0.6473811266312803,-7.259404689284714,-0.21998196028135497,-7.19134918589045,13.347876219259543,9280.865081410955,-21.24909780379644
30,5,3.5,1,0,0.05,12,1,0.25,2.5,72,1,338,76,262,22.485207100591715,0.9575991747029163,-8.152614737098908,-0.02412016194407961,-10.751549109515057,25.233903443074695,8924.845089048495,118,19,99,16.10169491525424,0.6441750754840067,-25.208085770779313,-0.21362784551507893,-22.986137470766067,28.617764062995942,7701.386252923393,-21.31358789500848
30,5,3.5,1,0,0.05,12,0,0.25,1.5,72,0,258,106,152,41.08527131782946,0.9653959909765557,-5.0937495959172745,-0.01974321548805145,-6.621532384842754,29.258622936530877,9337.846761515724,88,28,60,31.818181818181817,0.6597546697975502,-18.774382360883394,-0.21334525410094765,-17.557394094247304,18.028064292637282,8244.26059057527,-21.321669809718305
30,5,3.5,1,1,0.05,12,0,0.25,1.0,72,0,151,67,84,44.370860927152314,0.7726207284565025,-18.57288766782181,-0.12299925607829013,-17.546035664916804,20.958381242055708,8245.39643350832,47,18,29,38.297872340425535,0.6283564753168361,-10.251011780869032,-0.2181066336355113,-9.94399226202879,10.882695770091882,9005.600773797121,-21.424333186350008
30,5,3.5,1,1,0.05,12,0,0.25,1.0,72,1,151,67,84,44.370860927152314,0.7726207284565025,-18.57288766782181,-0.12299925607829013,-17.546035664916804,20.958381242055708,8245.39643350832,47,18,29,38.297872340425535,0.6283564753168361,-10.251011780869032,-0.2181066336355113,-9.94399226202879,10.882695770091882,9005.600773797121,-21.424333186350008
60,3,3.5,1,1,0.05,12,1,0.0,1.0,6,1,84,40,44,47.61904761904762,0.8059253367787125,-8.685756187516898,-0.10340185937520116,-8.68987170906096,13.767876736638526,9131.012829093905,34,14,20,41.1764705882353,0.6082433595678919,-7.5456524959063085,-0.22193095576195024,-7.408491037948972,11.259726435614706,9259.150896205103,-21.44714665510861
60,3,3.5,1,1,0.05,12,1,0.0,1.0,6,0,84,40,44,47.61904761904762,0.8059253367787125,-8.685756187516898,-0.10340185937520116,-8.68987170906096,13.767876736638526,9131.012829093905,34,14,20,41.1764705882353,0.6082433595678919,-7.5456524959063085,-0.22193095576195024,-7.408491037948972,11.259726435614706,9259.150896205103,-21.44714665510861
30,5,3.5,1,0,0.05,12,1,0.1,2.5,24,1,331,75,256,22.658610271903324,0.9711615194544357,-5.331518025099364,-0.016107305211780557,-8.098307586550657,26.70872886290911,9190.169241344935,121,20,101,16.52892561983471,0.6457926380302044,-26.015195280866898,-0.21500161389146197,-23.62670030343287,29.165741465274497,7637.329969656714,-21.478118496528932
60,3,3.5,1,1,0.05,12,1,0.25,2.0,6,1,91,31,60,34.065934065934066,0.9544380242177904,-1.87486425571314,-0.020602903908935606,-2.3704753441434745,12.572870055068522,9762.952465585653,34,9,25,26.470588235294116,0.590884051570564,-7.576563478135131,-0.2228401022980921,-7.472333634252903,12.680852597754185,9252.76663657471,-21.50755847638439
30,5,3.5,1,0,0.05,12,1,0.1,1.5,6,1,337,119,218,35.311572700296736,0.8605629607700125,-24.91764221451209,-0.07393959114098543,-23.591595156868973,30.232572193552887,7640.840484313103,122,36,86,29.508196721311474,0.6316303098655462,-26.157341343489435,-0.21440443724171668,-23.532994799088648,25.17161011503548,7646.700520091135,-21.509919000516508
30,5,2.5,1,1,0.05,12,0,0.25,3.0,24,1,203,48,155,23.645320197044335,0.8166683138482274,-18.991183643254747,-0.09355262878450614,-18.545328344172685,31.301629898990868,8145.4671655827315,58,14,44,24.137931034482758,0.566709336214753,-12.39308642411071,-0.21367390386397775,-11.930500526454058,14.209032365507044,8806.949947354595,-21.70431576351715
60,3,3.5,1,1,0.05,12,1,0.0,2.0,24,1,84,25,59,29.761904761904763,1.0345320478919604,1.6111865149416762,0.019180791844543764,0.9095902005727297,13.540383460990501,10090.959020057273,33,8,25,24.242424242424242,0.6390179586348746,-7.4376008529996875,-0.22538184403029357,-7.3787841993480985,12.491875576339833,9262.12158006519,-21.71993544095742
60,2,3.5,1,0,0.15,24,1,0.1,3.0,72,0,231,61,170,26.406926406926406,1.0157614334993532,2.7542960134680436,0.011923359365662526,-0.7325807834160702,41.36462413214319,9926.741921658393,79,16,63,20.253164556962027,0.7382264600969753,-16.728407911968667,-0.21175199888567933,-16.25402093558811,29.242633028035954,8374.59790644119,-21.74242175283519
30,5,3.5,1,2,0.15,12,0,0.0,2.0,72,1,218,61,157,27.98165137614679,0.9662293330702907,-3.7778925889999435,-0.017329782518348366,-5.231771052087952,29.251658736475054,9476.822894791205,74,17,57,22.972972972972972,0.6439611327097327,-16.101292486708818,-0.21758503360417322,-15.298727119241008,15.466495437992863,8470.127288075899,-21.793931807832728
30,5,3.5,1,2,0.05,12,0,0.0,1.5,72,0,202,83,119,41.08910891089109,0.9809228646756802,-2.178760860467981,-0.010785944853801886,-3.489231088266753,26.165683288988355,9651.076891173325,70,22,48,31.428571428571427,0.6575606180704818,-15.39255890329898,-0.21989369861855684,-14.640070711906084,17.216851428672125,8535.992928809392,-21.81792163534989
30,5,3.5,1,1,0.05,12,1,0.1,1.5,24,1,143,52,91,36.36363636363637,0.9088863760701454,-7.414734491243712,-0.051851290148557425,-8.032298897669154,15.600807319441703,9196.770110233085,50,14,36,28.0,0.6456300185946489,-11.302880385443828,-0.22605760770887656,-10.96770897510323,12.073408175652672,8903.229102489677,-21.85736660959243
30,5,3.5,1,1,0.05,12,1,0.1,1.5,72,1,143,52,91,36.36363636363637,0.9005511627750118,-8.159124105931676,-0.05705681192959214,-8.718427861963974,15.600807319441707,9128.157213803603,50,14,36,28.0,0.6456300185946489,-11.302880385443828,-0.22605760770887656,-10.96770897510323,12.073408175652672,8903.229102489677,-21.85736660959243
30,5,2.5,1,1,0.05,12,0,0.1,2.5,24,1,204,47,157,23.03921568627451,0.7754073647754852,-23.828351953914922,-0.11680564683291628,-22.318872433946304,31.77051281295163,7768.11275660537,59,14,45,23.728813559322035,0.5841564741387759,-12.775105348256076,-0.21652720929247588,-12.282108273484116,15.099969680406245,8771.789172651588,-21.981204293524918
30,5,3.5,1,2,0.15,12,0,0.25,2.0,72,1,212,63,149,29.71698113207547,1.0209109975782618,2.2787974794049415,0.010749044714174252,0.6746992794585127,27.060114803462774,10067.469927945851,72,18,54,25.0,0.6371145962227925,-15.900092323637066,-0.22083461560607037,-15.106036094651431,15.260135016932688,8489.396390534857,-22.00379331225438
30,5,3.5,1,1,0.05,12,1,0.0,2.5,24,1,130,24,106,18.46153846153846,0.6857704669062396,-25.52741734788728,-0.19636474882990215,-23.36885560255051,25.36527910277449,7663.114439744949,49,9,40,18.367346938775512,0.6703751413291534,-10.895766055810988,-0.2223625725675712,-10.715452263147728,11.727123378727896,8928.454773685227,-22.026221419722468
30,5,3.5,1,1,0.05,12,0,0.25,2.0,24,1,157,42,115,26.751592356687897,0.7312633258138056,-21.832293516672564,-0.1390591943737106,-20.34691742041945,24.74656957217108,7965.308257958055,48,14,34,29.166666666666668,0.567368183507002,-10.595367236765426,-0.22073681743261306,-10.259858988211656,13.234547364971771,8974.014101178835,-22.034557520766505
30,5,3.5,1,2,0.05,12,0,0.0,1.0,24,1,232,113,119,48.706896551724135,0.9554028097916517,-4.521188629453837,-0.01948788202350792,-5.323967644886873,22.39056287896724,9467.603235511313,76,27,49,35.526315789473685,0.5873017492167169,-16.97126144634748,-0.22330607166246685,-15.871998117938057,17.81857072755596,8412.800188206194,-22.065056898365917
30,5,3.5,1,2,0.05,12,0,0.0,1.0,24,0,232,113,119,48.706896551724135,0.9554028097916517,-4.521188629453837,-0.01948788202350792,-5.323967644886873,22.39056287896724,9467.603235511313,76,27,49,35.526315789473685,0.5873017492167169,-16.97126144634748,-0.22330607166246685,-15.871998117938057,17.81857072755596,8412.800188206194,-22.065056898365917
30,5,3.5,1,2,0.05,12,0,0.25,1.5,72,0,201,80,121,39.80099502487562,0.9296837169726282,-8.126346544942741,-0.040429584800710155,-9.036556901047476,28.520569248443113,9096.344309895252,68,22,46,32.35294117647059,0.6529182103905705,-15.02141751407101,-0.22090319873633837,-14.30605458834645,14.804846063425112,8569.394541165355,-22.07230695729956
30,5,3.5,1,2,0.15,12,0,0.0,1.5,72,0,214,86,128,40.18691588785047,0.941557337314605,-7.22480656493013,-0.033760778340795,-8.312798872957917,29.85589149588439,9168.720112704208,76,24,52,31.57894736842105,0.6537152017589402,-16.780523935703933,-0.22079636757505175,-15.84149620764771,18.677692305674608,8415.85037923523,-22.129179301554988
30,5,3.5,1,1,0.05,12,1,0.0,2.5,72,1,130,23,107,17.692307692307693,0.6564699848134877,-28.136308447361166,-0.2164331419027782,-25.332752479439346,27.53377824904711,7466.724752056065,49,9,40,18.367346938775512,0.6703751413291534,-10.895766055810988,-0.2223625725675712,-10.715452263147728,11.727123378727896,8928.454773685227,-22.184141681530157
60,3,3.5,1,1,0.05,12,1,0.25,1.0,6,0,91,47,44,51.64835164835165,1.0051484640440296,0.20843399112940597,0.002290483419004461,-0.18929566145663435,12.14615676563293,9981.070433854336,34,13,21,38.23529411764706,0.5760102239399528,-7.826772204158988,-0.23019918247526436,-7.658102351760787,9.92014860033555,9234.189764823921,-22.241132399435564
60,3,3.5,1,1,0.05,12,1,0.25,1.0,6,1,91,47,44,51.64835164835165,1.0051484640440296,0.20843399112940597,0.002290483419004461,-0.18929566145663435,12.14615676563293,9981.070433854336,34,13,21,38.23529411764706,0.5760102239399528,-7.826772204158988,-0.23019918247526436,-7.658102351760787,9.92014860033555,9234.189764823921,-22.241132399435564
30,5,2.5,1,1,0.05,12,1,0.25,3.0,24,1,202,42,160,20.792079207920793,1.0624235518036744,6.841695491220414,0.033869779659507,4.729226973190359,22.105197256936055,10472.922697319036,64,9,55,14.0625,0.6488623301320912,-14.486636872841828,-0.22635370113815356,-14.00536353575822,17.74229004577463,8599.463646424178,-22.246518561977773
30,5,3.5,1,1,0.05,12,1,0.0,3.0,6,0,131,33,98,25.19083969465649,0.7011270168172276,-29.215920947329604,-0.22302229730785958,-26.385389585767037,30.018240544868657,7361.461041423297,50,11,39,22.0,0.722572796667496,-10.636242523848667,-0.21272485047697334,-10.617910901755078,14.514448578487924,8938.208909824492,-22.30788756657119
30,5,2.5,1,1,0.05,12,1,0.25,3.0,72,1,202,39,163,19.306930693069308,1.0155070186433308,1.7114321266123664,0.00847243627035825,-0.4796481220972093,24.13177923036888,9952.03518779028,64,9,55,14.0625,0.6488623301320912,-14.486636872841828,-0.22635370113815356,-14.00536353575822,17.74229004577463,8599.463646424178,-22.36811348038374
30,5,3.5,1,1,0.05,12,1,0.25,2.0,6,1,156,46,110,29.487179487179485,0.8999837135168197,-8.185145290745153,-0.05246888006887918,-8.862719130470865,16.993541324754204,9113.728086952913,50,12,38,24.0,0.6190879471670305,-11.561297587981084,-0.23122595175962168,-11.211483063919292,12.461571355776698,8878.85169360807,-22.510849197840926
30,5,3.5,1,0,0.05,12,1,0.1,3.0,72,1,328,58,270,17.682926829268293,0.9005540351323381,-18.586858557050324,-0.05666725169832416,-19.743396453176707,29.0559811039363,8025.660354682329,119,16,103,13.445378151260504,0.6297747821257335,-26.837756346319054,-0.22552736425478195,-24.319549912750148,29.08280810162464,7568.045008724985,-22.559406173046
30,5,3.5,1,1,0.05,12,0,0.0,2.5,24,1,156,36,120,23.076923076923077,0.7017372627505243,-24.407466521928306,-0.15645811873030965,-22.44258845327487,27.565806696528945,7755.7411546725125,48,12,36,25.0,0.5639422172554531,-10.76764520007934,-0.22432594166831957,-10.437851689422462,12.798305803770905,8956.214831057754,-22.569476104301724
30,5,3.5,1,2,0.05,12,0,0.25,3.0,72,1,193,44,149,22.797927461139896,0.9766655464695244,-2.3260996391237447,-0.01205232973639246,-4.051015654613421,30.074834569468383,9594.898434538658,66,14,52,21.21212121212121,0.630669203177113,-14.894873701569017,-0.2256799045692275,-14.291686191900332,15.252458763339332,8570.831380809967,-22.69067286279753
30,5,3.5,1,1,0.05,12,1,0.1,2.0,6,1,144,42,102,29.166666666666668,0.8990624063034508,-8.10248634591684,-0.05626726629108917,-8.774579029381735,13.61190777305967,9122.542097061827,50,12,38,24.0,0.6156006838097791,-11.770294850343454,-0.2354058970068691,-11.398070517837965,11.850408610648715,8860.192948216203,-22.732920236178497
60,2,3.5,1,0,0.15,24,1,0.25,2.0,72,0,238,81,157,34.03361344537815,0.9849835740768358,-2.4088472955213347,-0.010121207124039222,-4.667226013766745,35.13962794707769,9533.277398623326,80,21,59,26.25,0.6988352643991848,-17.981288045478784,-0.2247661005684848,-17.051112201622832,26.189818494674068,8294.888779837716,-22.747872289407532
30,5,3.5,1,0,0.05,12,1,0.25,2.0,72,1,340,92,248,27.058823529411764,0.9278379533212632,-13.82394526344174,-0.040658662539534526,-15.240862711187509,24.943610471371898,8475.913728881249,119,22,97,18.48739495798319,0.6168565556577884,-27.12913843340666,-0.2279759532219047,-24.358589291778053,27.809743882428716,7564.141070822195,-22.753717669542414
30,5,2.5,1,1,0.05,12,1,0.1,2.5,24,0,188,56,132,29.78723404255319,0.9131870580396513,-12.045156306885726,-0.06406998035577514,-13.30549150917879,16.82731246957374,8669.45084908212,63,14,49,22.22222222222222,0.7005212089441093,-14.802127889498554,-0.2349544109444215,-14.340731069278645,18.06958335757089,8565.926893072135,-22.762685369672216
60,3,3.5,1,1,0.05,12,1,0.1,1.5,24,0,86,38,48,44.18604651162791,1.1069212798157277,5.34480564384442,0.06214890283540023,4.794337530374504,8.674226586061954,10479.43375303745,33,11,22,33.333333333333336,0.6488516947706622,-7.870418297471745,-0.23849752416581046,-7.769806445280569,11.805978430959655,9223.019355471943,-22.907771680435687
30,5,3.5,1,0,0.05,12,1,0.1,3.0,6,1,336,89,247,26.488095238095237,0.9326719953140644,-12.114418874440103,-0.036054818078690785,-14.02985663017815,23.48509257521507,8597.014336982185,122,25,97,20.491803278688526,0.6077023027295964,-27.98210114543386,-0.2293614847986382,-25.080546534900094,27.911056135254093,7491.9453465099905,-22.91418880698263
30,5,3.5,1,2,0.15,12,0,0.1,1.0,72,0,227,111,116,48.89867841409691,0.9263778950870836,-8.445312633452197,-0.037204020411683685,-9.10499062693585,24.7065190659314,9089.500937306415,77,29,48,37.66233766233766,0.606355574600013,-17.83040185254143,-0.231563660422616,-16.630660532897423,17.774117234778934,8336.933946710258,-22.9903751543485
30,5,3.5,1,2,0.15,12,0,0.1,1.0,72,1,227,111,116,48.89867841409691,0.9263778950870836,-8.445312633452197,-0.037204020411683685,-9.10499062693585,24.7065190659314,9089.500937306415,77,29,48,37.66233766233766,0.606355574600013,-17.83040185254143,-0.231563660422616,-16.630660532897423,17.774117234778934,8336.933946710258,-22.9903751543485
30,5,3.5,1,1,0.05,12,1,0.25,1.5,24,1,155,56,99,36.12903225806452,0.957673859920027,-3.528531706395076,-0.022764720686419843,-4.436934665575376,17.5764298123073,9556.306533442463,49,13,36,26.53061224489796,0.6243917535465088,-11.554491366687957,-0.2358059462589379,-11.177134252550802,11.695886252403046,8882.28657474492,-22.995194606996396
30,5,3.5,1,1,0.05,12,1,0.25,1.5,72,1,155,56,99,36.12903225806452,0.9490487044562489,-4.282012988366461,-0.027625890247525552,-5.158547935177116,17.576429812307303,9484.145206482288,49,13,36,26.53061224489796,0.6243917535465088,-11.554491366687957,-0.2358059462589379,-11.177134252550802,11.695886252403046,8882.28657474492,-22.995194606996396
30,5,3.5,1,2,0.05,12,0,0.0,2.5,72,1,200,49,151,24.5,1.008124579603269,0.8242353151206259,0.004121176575603129,-0.8840472025050672,30.22893753616066,9911.595279749494,69,15,54,21.73913043478261,0.6293890034281042,-15.831374777451769,-0.22944021416596766,-15.075716915628545,16.4995300200235,8492.428308437145,-23.07413013770526
30,5,3.5,1,1,0.05,12,1,0.0,2.5,6,0,131,37,94,28.244274809160306,0.7351771945569113,-24.990119640834163,-0.19076427206743635,-23.10377847737891,27.502092267838197,7689.622152262109,50,12,38,24.0,0.6881472209417754,-11.636242523848667,-0.23272485047697333,-11.424092960668641,14.514448578487887,8857.590703933136,-23.15313357861164
30,5,3.5,1,1,0.05,12,0,0.1,1.0,72,0,154,69,85,44.8051948051948,0.7831568773102264,-17.978914102697054,-0.11674619547205879,-17.067620248413697,20.575469589646055,8293.23797515863,48,18,30,37.5,0.6051758088516852,-11.300994726033961,-0.23543739012570752,-10.889269686431158,12.429272881809469,8911.073031356884,-23.178733540435083
30,5,3.5,1,1,0.05,12,0,0.1,1.0,72,1,154,69,85,44.8051948051948,0.7831568773102264,-17.978914102697054,-0.11674619547205879,-17.067620248413697,20.575469589646055,8293.23797515863,48,18,30,37.5,0.6051758088516852,-11.300994726033961,-0.23543739012570752,-10.889269686431158,12.429272881809469,8911.073031356884,-23.178733540435083
30,5,2.5,1,1,0.05,12,1,0.0,3.0,6,0,171,47,124,27.485380116959064,0.8285662385032275,-21.278252052609673,-0.12443422252988114,-20.789402026367267,23.972557435348328,7921.059797363273,65,15,50,23.076923076923077,0.6921210634127011,-15.3660199673885,-0.2364003071905923,-14.87489903830701,16.450793106419983,8512.510096169299,-23.275176564152083
30,5,3.5,1,0,0.05,12,1,0.1,2.0,6,1,337,102,235,30.26706231454006,0.8961797959264303,-18.627116837028918,-0.055273343730056136,-18.94084913792978,25.239394403221286,8105.915086207022,122,29,93,23.770491803278688,0.6002920921731572,-28.474315358084915,-0.23339602752528618,-25.336072994108626,27.29429568430862,7466.392700589137,-23.29545787370358
30,5,2.5,1,1,0.05,12,1,0.1,2.5,24,1,189,44,145,23.280423280423282,0.9408840498769228,-6.465876809624339,-0.03421098841071079,-7.930275119943875,18.6567123949549,9206.972488005613,64,11,53,17.1875,0.6394227254999992,-15.32104391043485,-0.23939131110054454,-14.67499924855119,15.62590282709904,8532.50007514488,-23.362249675762186
30,5,3.5,1,0,0.05,12,1,0.0,1.0,24,0,321,143,178,44.54828660436137,0.728476551160835,-50.56493920779943,-0.15752317510217892,-40.66440333503007,42.12972407440798,5933.559666496993,120,48,72,40.0,0.6332706123857531,-27.118430324031856,-0.22598691936693213,-24.215701440105597,25.557604880984506,7578.4298559894405,-23.380355101826513
30,5,3.5,1,0,0.05,12,1,0.0,1.0,24,1,321,143,178,44.54828660436137,0.728476551160835,-50.56493920779943,-0.15752317510217892,-40.66440333503007,42.12972407440798,5933.559666496993,120,48,72,40.0,0.6332706123857531,-27.118430324031856,-0.22598691936693213,-24.215701440105597,25.557604880984506,7578.4298559894405,-23.380355101826513
30,5,2.5,1,1,0.05,12,1,0.1,2.5,72,1,189,42,147,22.22222222222222,0.9100518956452086,-9.902334876613168,-0.05239330622546649,-11.027058994613759,19.36951969622308,8897.294100538624,64,11,53,17.1875,0.6394227254999992,-15.32104391043485,-0.23939131110054454,-14.67499924855119,15.62590282709904,8532.50007514488,-23.405018113838278
30,5,2.5,1,1,0.05,12,1,0.0,2.5,24,0,169,49,120,28.994082840236686,0.8828225168413527,-14.793607856762426,-0.08753614116427472,-15.451889306238442,24.050458616782176,8454.811069376156,63,14,49,22.22222222222222,0.6969228768932537,-15.017280979626388,-0.23836953935914904,-14.524014352558257,16.277702341394654,8547.598564744174,-23.470247390799358
30,5,3.5,1,0,0.05,12,1,0.0,1.0,72,0,319,141,178,44.20062695924765,0.7125792283160952,-53.92191322887549,-0.169034210748826,-42.623355509976314,44.04029899504589,5737.664449002369,120,48,72,40.0,0.6332706123857531,-27.118430324031856,-0.22598691936693213,-24.215701440105597,25.557604880984506,7578.4298559894405,-23.494989597064787
30,5,3.5,1,0,0.05,12,1,0.0,1.0,72,1,319,141,178,44.20062695924765,0.7125792283160952,-53.92191322887549,-0.169034210748826,-42.623355509976314,44.04029899504589,5737.664449002369,120,48,72,40.0,0.6332706123857531,-27.118430324031856,-0.22598691936693213,-24.215701440105597,25.557604880984506,7578.4298559894405,-23.494989597064787
30,5,3.5,1,2,0.05,12,0,0.1,1.5,72,1,208,75,133,36.05769230769231,0.9929288450188392,-0.7342274177125487,-0.0035299395082334073,-1.9817262136094027,23.799731994166073,9801.82737863906,70,19,51,27.142857142857142,0.5991862154030235,-16.782967348593463,-0.23975667640847803,-15.777604489848907,15.86941209436517,8422.23955101511,-23.77901114198759
30,5,3.5,1,1,0.05,12,1,0.25,3.0,6,0,156,50,106,32.05128205128205,0.8172586302933836,-18.45878630879251,-0.11832555326149045,-18.119807313113768,21.229893900162512,8188.019268688623,50,11,39,22.0,0.6677175836087997,-12.117671722331446,-0.2423534344466289,-11.874501564425266,14.127836606801306,8812.549843557474,-23.780519348182608
30,5,2.5,1,1,0.05,12,0,0.0,2.0,24,1,206,54,152,26.21359223300971,0.7581471409734143,-26.868420034089386,-0.13042922346645333,-24.56750349819631,29.312503710681497,7543.249650180369,59,14,45,23.728813559322035,0.5337741153866201,-13.895193702550683,-0.23551175767035057,-13.213964140345835,14.755548646073668,8678.603585965417,-23.832943302680494
30,5,3.5,1,0,0.05,12,1,0.25,2.5,24,1,342,80,262,23.391812865497077,1.0038407137977396,0.7335596885189102,0.0021449113699383337,-2.5241226322699872,24.10455289795333,9747.587736773,119,19,100,15.966386554621849,0.6061736792845492,-28.29610943183409,-0.23778243220028647,-25.30113891745447,30.76348139277261,7469.886108254554,-23.9329555707477
30,5,3.5,1,0,0.05,12,1,0.1,1.5,6,0,337,135,202,40.0593471810089,0.8716049433802945,-25.22388469831313,-0.07484832254692324,-23.99122223769051,33.92603308795903,7600.877776230949,122,41,81,33.60655737704918,0.6376808079802951,-28.928501007355102,-0.23711886071602542,-25.690545063339908,28.166339077323222,7430.945493666009,-23.990868005382254
30,5,2.5,1,1,0.05,12,1,0.0,3.0,6,1,171,37,134,21.637426900584796,0.8292941437587513,-17.65512127419867,-0.10324632324092789,-17.586056051061117,22.1983952242342,8241.394394893889,65,12,53,18.46153846153846,0.6387041182435269,-15.851018970636776,-0.24386183031748887,-15.18474156920836,16.44847313238425,8481.525843079164,-24.02171303451324
30,5,3.5,1,0,0.05,12,1,0.25,2.5,6,1,350,109,241,31.142857142857142,1.002527665383929,0.4673831122148282,0.0013353803206137948,-2.429763065080337,23.228322235880167,9757.023693491967,122,29,93,23.770491803278688,0.5770534292898516,-29.27272337746927,-0.23994035555302679,-25.933761846214576,28.324331074305775,7406.6238153785425,-24.058170125644082
30,5,3.5,1,2,0.05,12,0,0.25,2.5,72,1,196,52,144,26.53061224489796,1.0855908493752453,8.52324986607542,0.04348596870446642,6.993058892069559,28.289612317153466,10699.305889206955,66,15,51,22.727272727272727,0.6059649887532814,-15.88416808180157,-0.24066921336062985,-15.082047395758059,16.471837233334625,8491.795260424195,-24.13189883564653
30,5,3.5,1,0,0.05,12,1,0.0,2.0,6,1,322,92,230,28.571428571428573,0.8116510491328804,-34.160842151141324,-0.10608957189795443,-30.533188919960498,35.126501633077126,6946.681108003951,121,29,92,23.96694214876033,0.6100091997009424,-28.79187720480533,-0.23794939838682092,-25.603435783310303,27.557558867925575,7439.656421668969,-24.20210943279151
30,5,3.5,1,0,0.05,12,1,0.0,1.0,6,0,324,143,181,44.135802469135804,0.7268219502230255,-49.184398885213184,-0.15180370026300366,-39.79472744611164,41.19237921798063,6020.527255388837,121,49,72,40.49586776859504,0.6123550246853783,-28.379747804347097,-0.2345433702838603,-25.15181958566678,26.47714729536565,7484.818041433322,-24.220767627620784
30,5,3.5,1,0,0.05,12,1,0.0,1.0,6,1,324,143,181,44.135802469135804,0.7268219502230255,-49.184398885213184,-0.15180370026300366,-39.79472744611164,41.19237921798063,6020.527255388837,121,49,72,40.49586776859504,0.6123550246853783,-28.379747804347097,-0.2345433702838603,-25.15181958566678,26.47714729536565,7484.818041433322,-24.220767627620784
30,5,2.5,1,1,0.05,12,1,0.25,3.0,24,0,200,53,147,26.5,0.9193443794395231,-12.354760610119422,-0.06177380305059711,-14.053491164838528,25.297606017051276,8594.650883516148,63,12,51,19.047619047619047,0.6976874187158832,-15.481812161639963,-0.24574305018476134,-15.01296168644972,19.79394183437583,8498.703831355027,-24.280898233731477
30,5,3.5,1,0,0.05,12,1,0.0,2.0,72,1,315,75,240,23.80952380952381,0.771632783608679,-42.766724903549694,-0.1357673806461895,-36.32688104611903,39.77112425684755,6367.311895388097,119,23,96,19.327731092436974,0.618104626799816,-28.101481171489482,-0.23614690060075194,-25.115821768789047,28.491522601246604,7488.417823121095,-24.28599908760821
30,5,3.5,1,0,0.05,12,0,0.25,2.5,72,1,254,65,189,25.590551181102363,1.062839151023957,7.752613694021307,0.0305221011575642,5.774652473996822,31.125050916666485,10577.465247399681,87,18,69,20.689655172413794,0.5904116153846989,-20.931186766764462,-0.24058835364097084,-19.355693079160773,21.381387878993866,8064.430692083923,-24.297781506879854
30,5,3.5,1,2,0.15,12,1,0.25,1.0,24,0,261,117,144,44.827586206896555,0.7503283956669162,-37.432389959830076,-0.14341911862003862,-32.13148039553925,36.3628976374494,6786.851960446075,90,35,55,38.888888888888886,0.6153549538578955,-21.48121992678623,-0.2386802214087359,-19.695609245248146,21.72674029393801,8030.439075475186,-24.36800014075308
30,5,3.5,1,2,0.15,12,1,0.25,1.0,24,1,261,117,144,44.827586206896555,0.7503283956669162,-37.432389959830076,-0.14341911862003862,-32.13148039553925,36.3628976374494,6786.851960446075,90,35,55,38.888888888888886,0.6153549538578955,-21.48121992678623,-0.2386802214087359,-19.695609245248146,21.72674029393801,8030.439075475186,-24.36800014075308
60,2,3.5,1,0,0.15,24,1,0.0,3.0,24,0,235,68,167,28.93617021276596,1.0857335277535092,14.396710439834202,0.06126259761631575,11.600535437333903,33.04378049741889,11160.053543733391,82,17,65,20.73170731707317,0.6735752128007003,-19.82698725244906,-0.241792527468891,-18.694142044585803,30.253944702643732,8130.585795541419,-24.37284509035317
30,5,3.5,1,0,0.05,12,1,0.0,2.0,6,0,322,109,213,33.850931677018636,0.8038303678947227,-41.31170603127504,-0.1282972236996119,-35.556961802982755,42.45800897900294,6444.303819701724,121,36,85,29.75206611570248,0.6656416205883513,-28.63655508503641,-0.23666574450443315,-25.62029085040556,28.129360974624284,7437.970914959444,-24.402369643533465
60,2,3.5,1,0,0.15,12,1,0.25,2.0,72,0,205,68,137,33.170731707317074,0.9398013875497409,-8.472989396390508,-0.04133165559214882,-9.96042949711551,35.585295176432105,9003.957050288449,70,18,52,25.714285714285715,0.6795669581192522,-16.857214928799685,-0.24081735612570979,-16.0337653740504,24.684484005095893,8396.62346259496,-24.431451419214266
30,5,2.5,1,1,0.05,12,1,0.1,2.5,72,0,187,54,133,28.877005347593585,0.9231407996632933,-10.795244965344,-0.05772858270237433,-12.281362236214422,19.860271018442855,8771.863776378557,63,14,49,22.22222222222222,0.6870654112183624,-15.77011471241381,-0.25031928114942553,-15.170261521166173,18.741630864263914,8482.973847883382,-24.43352524527643
30,5,3.5,1,2,0.15,12,1,0.25,1.0,72,0,260,116,144,44.61538461538461,0.7402912445030353,-39.129075075524085,-0.15049644259816955,-33.27342378890481,37.433643972265095,6672.657621109519,90,35,55,38.888888888888886,0.6152925778505562,-21.486881468271285,-0.2387431274252365,-19.70019285696427,21.73120797281431,8029.980714303572,-24.438660274506756
30,5,3.5,1,2,0.15,12,1,0.25,1.0,72,1,260,116,144,44.61538461538461,0.7402912445030353,-39.129075075524085,-0.15049644259816955,-33.27342378890481,37.433643972265095,6672.657621109519,90,35,55,38.888888888888886,0.6152925778505562,-21.486881468271285,-0.2387431274252365,-19.70019285696427,21.73120797281431,8029.980714303572,-24.438660274506756
60,3,3.5,1,1,0.05,12,1,0.1,1.5,24,1,86,33,53,38.372093023255815,1.0870339322531293,3.844805643844385,0.04470704237028355,3.3225182265365527,10.891292140766424,10332.251822653656,33,10,23,30.303030303030305,0.6093724935327045,-8.370418297471742,-0.2536490393173255,-8.215010024333203,10.914980185304636,9178.49899756668,-24.448421703323806
60,3,3.5,1,1,0.05,12,1,0.0,2.5,6,0,84,31,53,36.904761904761905,0.9180942288375227,-4.278054910427577,-0.05092922512413782,-4.914513216700889,13.75906659456027,9508.548678329911,34,10,24,29.41176470588235,0.6344431048965014,-8.534697841279328,-0.25102052474350967,-8.431941254315733,16.49968759552352,9156.805874568427,-24.467612714140433
30,5,3.5,1,1,0.05,12,0,0.25,1.5,24,1,157,46,111,29.29936305732484,0.6682978907183151,-26.913477416038596,-0.17142342303209296,-24.182278187794104,27.063479009372738,7581.772181220589,48,14,34,29.166666666666668,0.5239699098850992,-11.658212429689723,-0.2428794256185359,-11.183228349772579,12.851875576617827,8881.677165022742,-24.47462945283469
60,3,3.5,1,1,0.05,12,1,0.1,1.0,72,0,86,44,42,51.16279069767442,0.9698976239486219,-1.3168808199022037,-0.015312567673281438,-1.734648885968404,10.413565025706065,9826.53511140316,34,13,21,38.23529411764706,0.5963808350298296,-8.636141634809432,-0.2540041657296892,-8.431356553093716,11.421838306832946,9156.864344690628,-24.537430395170297
60,3,3.5,1,1,0.05,12,1,0.1,1.0,72,1,86,44,42,51.16279069767442,0.9698976239486219,-1.3168808199022037,-0.015312567673281438,-1.734648885968404,10.413565025706065,9826.53511140316,34,13,21,38.23529411764706,0.5963808350298296,-8.636141634809432,-0.2540041657296892,-8.431356553093716,11.421838306832946,9156.864344690628,-24.537430395170297
60,3,3.5,1,1,0.05,12,1,0.25,2.5,6,1,91,30,61,32.967032967032964,1.050205989193056,2.0669158145238944,0.022713360599163675,1.443986017030796,10.391788557548052,10144.39860170308,34,8,26,23.529411764705884,0.5395291690004146,-8.541588531664019,-0.2512231921077652,-8.36609763108025,14.435686952581584,9163.390236891975,-24.553867283781646
30,5,3.5,1,0,0.05,12,1,0.25,1.5,6,1,351,127,224,36.18233618233618,0.8579258133985602,-26.155149213755237,-0.0745160946260833,-24.56084402662463,29.55696079944483,7543.915597337537,122,35,87,28.688524590163933,0.5679437587073924,-29.85385807936292,-0.24470375474887637,-26.264459153195673,27.9411988352943,7373.554084680432,-24.6266871699023
30,5,3.5,1,0,0.05,12,1,0.25,2.0,24,1,343,93,250,27.113702623906704,0.9444325792333755,-10.578450041006272,-0.03084096221867718,-12.45382208090805,22.98554826730113,8754.617791909195,120,22,98,18.333333333333332,0.5898026630526928,-29.457041627339564,-0.24547534689449638,-26.086889964587368,29.459190489123394,7391.311003541264,-24.65590173813198
30,5,3.5,1,0,0.05,12,0,0.25,2.5,72,0,238,78,160,32.773109243697476,0.9996229197585587,-0.057973846499337345,-0.00024358759033335018,-2.5553938373116925,38.21279404282596,9744.46061626883,84,23,61,27.38095238095238,0.645109716564327,-20.243028750016094,-0.2409884375001916,-18.880387047423298,23.536076104286593,8111.96129525767,-24.65712683381103
60,3,3.5,1,1,0.05,12,1,0.1,3.0,24,1,84,16,68,19.047619047619047,0.967707776254381,-1.4428181356365744,-0.017176406376625885,-2.257165660351279,10.91790824282036,9774.283433964873,33,6,27,18.181818181818183,0.6108204053800796,-8.370418297471756,-0.25364903931732596,-8.29495282687256,14.80721166864086,9170.504717312744,-24.67905976862927
30,5,3.5,1,1,0.05,12,0,0.1,2.5,24,1,156,35,121,22.435897435897434,0.6755790094176732,-26.19719692509264,-0.16793074951982462,-23.785886878661312,29.52755376039109,7621.411312133869,48,12,36,25.0,0.5410650401170045,-11.756031756744196,-0.24491732826550408,-11.322535701580694,13.404240550510119,8867.74642984193,-24.7920739421288
30,5,3.5,1,2,0.15,12,0,0.25,1.5,72,0,211,82,129,38.86255924170616,0.8907074941108818,-13.542151352604641,-0.06418081209765232,-13.887883339751406,32.332760612520126,8611.21166602486,73,23,50,31.506849315068493,0.6171201214391199,-17.907771491152673,-0.2453119382349681,-16.759330208949486,16.910428083458832,8324.066979105051,-24.80651270804936
30,5,3.5,1,1,0.05,12,0,0.0,3.0,24,1,156,34,122,21.794871794871796,0.6921775590807631,-25.209492667676166,-0.1615993119722831,-23.107713578873756,29.06167382645284,7689.228642112625,48,11,37,22.916666666666668,0.5235127107819842,-11.76764520007933,-0.24515927500165272,-11.337288577793137,14.06318425733007,8866.271142220687,-24.82342047837741
30,5,2.5,1,1,0.05,12,0,0.1,3.0,24,1,204,44,160,21.568627450980394,0.74596803222917,-26.972415213372965,-0.1322177216341812,-24.766947955855755,33.78330136813189,7523.305204414424,59,13,46,22.033898305084747,0.533336081399203,-14.337902340826215,-0.24301529391230872,-13.639834334809075,15.296157268563713,8636.016566519093,-24.85242085429817
30,5,3.5,1,0,0.05,12,1,0.1,2.0,6,0,336,124,212,36.904761904761905,0.9141450831855443,-17.64530170506134,-0.05251577888411113,-18.446824273836825,30.875960347300886,8155.317572616317,122,36,86,29.508196721311474,0.6441743464624881,-30.24547502195052,-0.247913729688119,-26.785809174067676,28.309863045710866,7321.419082593232,-24.874363461187734
30,5,2.5,1,1,0.05,12,0,0.1,1.5,72,1,196,55,141,28.06122448979592,0.7152854038370322,-30.049413844972868,-0.1533133359437391,-26.750171984867542,30.105836053789268,7324.982801513246,58,15,43,25.862068965517242,0.587962888182974,-14.335626959719708,-0.2471659820641329,-13.63322208364368,14.270541445606884,8636.677791635631,-24.93926884888413
60,3,3.5,1,1,0.05,12,1,0.25,1.5,72,0,91,39,52,42.857142857142854,1.0744699685239063,3.9657274896848183,0.04357942296356943,3.326248090385997,11.522852309013693,10332.6248090386,33,10,23,30.303030303030305,0.6359445397045306,-8.500392710411198,-0.25758765789124843,-8.358769902563711,14.077649510878024,9164.12300974363,-24.97889962790685
30,5,3.5,1,1,0.05,12,1,0.1,3.0,6,0,144,41,103,28.47222222222222,0.8097186051677947,-19.02645894938194,-0.1321281871484857,-18.602989655329882,22.182956028873967,8139.701034467012,50,11,39,22.0,0.6607428201228169,-12.770294850343454,-0.2554058970068691,-12.464125618165001,14.307617531361085,8753.5874381835,-25.156898858901283
60,3,3.5,1,1,0.05,12,1,0.1,2.5,6,0,86,35,51,40.69767441860465,0.9805507077661594,-0.9531339444760449,-0.01108295284274471,-1.6516341048672278,10.320519464091044,9834.836589513277,34,10,24,29.41176470588235,0.6209090071207793,-8.769168040669713,-0.257916707078521,-8.639280977663999,16.136081748906246,9136.0719022336,-25.162482792395974
30,5,2.5,1,1,0.05,12,1,0.0,2.5,72,0,169,47,122,27.810650887573964,0.872848384513229,-16.402007556024046,-0.09705329914807127,-16.844210155752858,26.89750710164623,8315.578984424714,63,14,49,22.22222222222222,0.6836039028446008,-15.982674522567928,-0.2536932463899671,-15.349581318991223,17.086331370674305,8465.041868100878,-25.200078951070317
30,5,3.5,1,2,0.15,12,0,0.0,2.5,72,1,212,50,162,23.58490566037736,0.9525268154003961,-5.219694138234909,-0.024621198765259006,-6.766252126394989,34.343732788328076,9323.3747873605,74,15,59,20.27027027027027,0.5943872733916196,-18.34766592809402,-0.24794143146073,-17.19550630356871,18.654996543266673,8280.44936964313,-25.234243755235813
30,5,3.5,1,2,0.15,12,0,0.25,2.5,72,0,201,66,135,32.83582089552239,1.0527752778948876,6.773088014765558,0.03369695529734108,4.673714098066095,35.20112460329871,10467.371409806608,70,19,51,27.142857142857142,0.6357700831779275,-17.399204891277634,-0.24856006987539478,-16.442722970552516,19.85465105684944,8355.727702944749,-25.27026630967741
30,5,3.5,1,0,0.05,12,1,0.0,2.0,24,1,317,76,241,23.974763406940063,0.7880737904676421,-39.40975088247364,-0.12432098070180958,-34.15961533273667,37.72109153506041,6584.038466726333,120,23,97,19.166666666666668,0.6027297736954528,-29.636831687355187,-0.24697359739462657,-26.254081758560886,29.578471015118375,7374.591824143911,-25.275586629615702
30,5,3.5,1,1,0.05,12,0,0.25,3.0,24,1,155,37,118,23.870967741935484,0.7600982349377636,-19.033005120866967,-0.12279358142494817,-18.21391102877331,26.57894068060592,8178.608897122669,47,12,35,25.53191489361702,0.4987083156258318,-11.782508185308771,-0.2506916635172079,-11.319564063931352,13.613902035525314,8868.043593606864,-25.279366060214688
30,5,2.5,1,1,0.05,12,1,0.25,2.5,24,1,203,48,155,23.645320197044335,1.022582194721161,2.491585132142527,0.012273818384938556,0.5750076967786955,19.08305332517846,10057.50076967787,64,10,54,15.625,0.600220312883386,-16.486636872841807,-0.25760370113815323,-15.63310683699558,16.939955568869518,8436.689316300442,-25.2874739605697
30,5,3.5,1,0,0.05,12,1,0.25,1.5,72,1,342,114,228,33.333333333333336,0.8571391551402237,-27.421551519633443,-0.08017997520360656,-25.62975419668556,30.318868823345564,7437.024580331444,120,28,92,23.333333333333332,0.5797604532176132,-30.1399387310541,-0.2511661560921175,-26.516085932679058,28.276023681746025,7348.391406732094,-25.296647777617586
30,5,2.5,1,1,0.05,12,1,0.25,2.5,72,1,203,46,157,22.660098522167488,0.9924991539830731,-0.833020381779199,-0.004103548678715266,-2.7008258026867904,19.764607954044326,9729.91741973132,64,10,54,15.625,0.600220312883386,-16.486636872841807,-0.25760370113815323,-15.63310683699558,16.939955568869518,8436.689316300442,-25.32836723830165
30,5,3.5,1,2,0.05,12,0,0.0,1.5,72,1,209,74,135,35.4066985645933,0.9767164181850738,-2.4223158668039053,-0.011590028070832082,-3.613257531175207,23.939985963674456,9638.67424688248,70,19,51,27.142857142857142,0.5841897477500143,-17.844939855679932,-0.254927712223999,-16.671612759139265,16.763460998165662,8332.838724086074,-25.334522897016207
30,5,2.5,1,1,0.05,12,1,0.25,3.0,6,0,205,67,138,32.68292682926829,0.9035513190000234,-12.878678137045114,-0.06282282018070787,-14.015500660600733,21.407500560360447,8598.449933939926,65,15,50,23.076923076923077,0.6489817281660374,-16.788935557435067,-0.2582913162682318,-16.02043463662569,17.14194184280915,8397.956536337431,-25.39665272991009
30,5,3.5,1,0,0.05,12,1,0.25,1.5,24,1,345,115,230,33.333333333333336,0.870636149870151,-24.67605629719797,-0.07152480086144339,-23.560973168956366,29.472568708887653,7643.902683104363,120,28,92,23.333333333333332,0.5768088149342031,-30.34923683183711,-0.2529103069319759,-26.667536052024598,28.4238465748405,7333.24639479754,-25.42618813130277
30,5,3.5,1,2,0.05,12,0,0.1,1.0,72,0,216,107,109,49.53703703703704,0.9534463053933857,-5.000212124697156,-0.023149130206931278,-5.865445118818569,22.023020162824874,9413.455488118143,71,26,45,36.61971830985915,0.5721305690776798,-18.313536675421165,-0.25793713627353754,-17.01082643212548,17.26288362257114,8298.917356787451,-25.543167087066276
30,5,3.5,1,2,0.05,12,0,0.1,1.0,72,1,216,107,109,49.53703703703704,0.9534463053933857,-5.000212124697156,-0.023149130206931278,-5.865445118818569,22.023020162824874,9413.455488118143,71,26,45,36.61971830985915,0.5721305690776798,-18.313536675421165,-0.25793713627353754,-17.01082643212548,17.26288362257114,8298.917356787451,-25.543167087066276
30,5,3.5,1,0,0.05,12,1,0.1,2.5,6,1,337,96,241,28.486646884272997,0.9661593223251245,-6.082298531680566,-0.018048363595491293,-8.513913568568155,23.056986609794265,9148.608643143185,122,26,96,21.311475409836067,0.5654990907474347,-30.98210114543384,-0.25395164873306425,-27.210465147441475,29.465371767230142,7278.953485255853,-25.550870562308123
30,5,3.5,1,1,0.05,12,1,0.25,1.5,6,1,156,58,98,37.17948717948718,0.9177883474468674,-6.677310197717386,-0.04280327049818837,-7.333491253346114,16.14904617707646,9266.650874665389,50,14,36,28.0,0.569078040119918,-13.061297587981056,-0.2612259517596211,-12.485546118978618,12.88488199198537,8751.445388102138,-25.56019930307443
30,5,2.5,1,1,0.05,12,0,0.0,2.5,72,1,192,39,153,20.3125,0.8030498375642416,-20.721115946665247,-0.1079224788888815,-19.957321983760323,31.416491777943296,8004.267801623968,57,10,47,17.54385964912281,0.562874754325838,-14.370877743835964,-0.25212066217256074,-13.703259600689776,16.09695769168849,8629.674039931022,-25.56526191422635
30,5,3.5,1,2,0.15,12,1,0.25,2.5,72,1,254,48,206,18.89763779527559,0.7932002692787506,-30.78681144949226,-0.12120791909248921,-28.099327691193,36.067790450710575,7190.0672308807,88,14,74,15.909090909090908,0.6011569896502028,-22.049495554766445,-0.25056244948598233,-20.331589590080988,22.170458312778226,7966.841040991901,-25.569134759367248
30,5,3.5,1,2,0.15,12,0,0.1,1.5,72,1,220,76,144,34.54545454545455,0.9310404326483398,-7.74446586205683,-0.03520211755480378,-8.66769947150493,28.9974664007295,9133.230052849507,76,19,57,25.0,0.5652241826938038,-19.299832525713747,-0.253945164812023,-17.88030482706079,18.03723607224129,8211.969517293921,-25.569535557673095
30,5,2.5,1,1,0.05,12,0,0.1,2.0,24,1,206,53,153,25.728155339805824,0.7486271577168647,-27.12310074173227,-0.1316655375812246,-24.713033443894105,30.117680556696246,7528.696655610589,59,14,45,23.728813559322035,0.515745055957628,-14.876768642106235,-0.25214862105264807,-14.065361924166774,15.596706480669514,8593.463807583323,-25.580998370529112
30,5,3.5,1,1,0.05,12,1,0.25,1.0,24,0,155,76,79,49.03225806451613,0.8662794837360516,-11.028531706394963,-0.07115181746061267,-11.132914159956432,17.168675281668417,8886.708584004356,50,19,31,38.0,0.5870140983910138,-13.075170834930217,-0.26150341669860433,-12.47827223804363,12.877641302385804,8752.172776195637,-25.613251426706075
30,5,3.5,1,1,0.05,12,1,0.25,1.0,24,1,155,76,79,49.03225806451613,0.8662794837360516,-11.028531706394963,-0.07115181746061267,-11.132914159956432,17.168675281668417,8886.708584004356,50,19,31,38.0,0.5870140983910138,-13.075170834930217,-0.26150341669860433,-12.47827223804363,12.877641302385804,8752.172776195637,-25.613251426706075
30,5,3.5,1,1,0.05,12,1,0.25,1.0,72,0,155,76,79,49.03225806451613,0.8583049344058731,-11.782012988366349,-0.07601298702171838,-11.803964927829913,17.168675281668474,8819.603507217009,50,19,31,38.0,0.5870140983910138,-13.075170834930217,-0.26150341669860433,-12.47827223804363,12.877641302385804,8752.172776195637,-25.61325142670608
30,5,3.5,1,1,0.05,12,1,0.25,1.0,72,1,155,76,79,49.03225806451613,0.8583049344058731,-11.782012988366349,-0.07601298702171838,-11.803964927829913,17.168675281668474,8819.603507217009,50,19,31,38.0,0.5870140983910138,-13.075170834930217,-0.26150341669860433,-12.47827223804363,12.877641302385804,8752.172776195637,-25.61325142670608
30,5,3.5,1,0,0.05,12,1,0.1,1.5,24,0,331,132,199,39.879154078549846,0.9164660518435183,-17.276959807086797,-0.0521962531936157,-17.90673159902655,33.32671819683734,8209.326840097345,119,36,83,30.252100840336134,0.6371412513412584,-30.219771626535632,-0.25394766072719016,-26.681232673006996,29.57194174975198,7331.876732699301,-25.641337487568535
30,5,2.5,1,1,0.05,12,0,0.0,3.0,72,1,192,34,158,17.708333333333332,0.7958472130537818,-21.501004703209755,-0.11198439949588414,-20.711333084283535,33.26670492088463,7928.866691571647,57,9,48,15.789473684210526,0.5629212852427453,-14.370877743835958,-0.2521206621725607,-13.73433605368054,16.668534884508713,8626.566394631946,-25.676181640969013
30,5,3.5,1,0,0.05,12,1,0.0,1.5,6,1,323,107,216,33.126934984520126,0.7780140011964092,-40.10719331101483,-0.12417087712388493,-34.31454135400388,38.15355880556287,6568.545864599612,121,34,87,28.09917355371901,0.5885060314047459,-30.311034478331372,-0.25050441717629235,-26.649203735014105,27.2271288505742,7335.079626498589,-25.68224107868019
30,5,3.5,1,1,0.05,12,0,0.1,1.5,24,1,158,42,116,26.582278481012658,0.5941246441545188,-33.507709812377506,-0.21207411273656648,-29.00069565437264,32.38963230940673,7099.930434562735,48,13,35,27.083333333333332,0.5265883971539096,-12.119415340556195,-0.2524878195949207,-11.604313173185565,12.087584877028457,8839.568682681444,-25.74980107393759
60,3,3.5,1,1,0.05,12,1,0.0,1.5,72,0,84,36,48,42.857142857142854,1.0630830356575014,3.1194463022238628,0.037136265502665036,2.510618376984519,13.966749394205188,10251.061837698451,33,10,23,30.303030303030305,0.6282288751967102,-8.759404689284715,-0.26543650573590044,-8.597213662405235,13.798270122781542,9140.278633759477,-25.772561734387317
30,5,3.5,1,2,0.15,12,0,0.0,1.0,72,1,229,113,116,49.34497816593886,0.941605609218921,-6.711104580895544,-0.029306133541028574,-7.525557756004475,25.457238054481028,9247.444224399553,77,28,49,36.36363636363637,0.5707525639834773,-19.905280856022898,-0.25851014098731034,-18.343165668210837,19.469668094187377,8165.683433178916,-25.801272371363982
30,5,3.5,1,2,0.15,12,0,0.0,1.0,72,0,229,113,116,49.34497816593886,0.941605609218921,-6.711104580895544,-0.029306133541028574,-7.525557756004475,25.457238054481028,9247.444224399553,77,28,49,36.36363636363637,0.5707525639834773,-19.905280856022898,-0.25851014098731034,-18.343165668210837,19.469668094187377,8165.683433178916,-25.801272371363982
60,2,3.5,1,0,0.15,12,1,0.0,3.0,72,0,202,53,149,26.237623762376238,0.9962391413937658,-0.5833723226395664,-0.002887981795245378,-3.5830113609373493,39.254403016318285,9641.698863906266,68,13,55,19.11764705882353,0.6927918991629815,-17.189624528538953,-0.2527885960079258,-16.508861610497405,27.916799392569146,8349.11383895026,-25.825129332985988
30,5,3.5,1,2,0.15,12,1,0.25,1.0,6,0,262,117,145,44.656488549618324,0.7368247867124939,-37.00727206604634,-0.14124913002307762,-31.761715232853895,36.18277670526688,6823.828476714611,91,36,55,39.56043956043956,0.5776453690400408,-22.99276122638496,-0.25266770578445014,-20.878930933647244,22.267486392651936,7912.106906635276,-25.83026758497604
30,5,3.5,1,2,0.15,12,1,0.25,1.0,6,1,262,117,145,44.656488549618324,0.7368247867124939,-37.00727206604634,-0.14124913002307762,-31.761715232853895,36.18277670526688,6823.828476714611,91,36,55,39.56043956043956,0.5776453690400408,-22.99276122638496,-0.25266770578445014,-20.878930933647244,22.267486392651936,7912.106906635276,-25.83026758497604
30,5,2.5,1,1,0.05,12,1,0.1,2.0,24,1,189,53,136,28.04232804232804,0.9195200180927888,-8.774256994352866,-0.0464246401817612,-9.791905335473727,19.924463328297414,9020.809466452627,64,13,51,20.3125,0.6037016710183725,-16.821043910434803,-0.2628288111005438,-15.877345528572473,16.30681564630218,8412.265447142752,-25.853506840725917
30,5,3.5,1,1,0.05,12,1,0.1,1.5,6,1,144,51,93,35.416666666666664,0.8689762529746874,-10.462129743460245,-0.07265367877402948,-10.741691331627223,13.958679964852234,8925.830866837277,50,14,36,28.0,0.5654633809403795,-13.27029485034339,-0.2654058970068678,-12.669190967933519,13.115039628702666,8733.080903206648,-25.854001173424724
30,5,3.5,1,0,0.05,12,0,0.25,1.5,72,1,268,96,172,35.82089552238806,1.0088816638207425,1.1466055679871763,0.004278378985026777,-0.4367883883679702,25.686195638688204,9956.321161163203,90,23,67,25.555555555555557,0.5542637650861055,-23.28807510029683,-0.2587563900032981,-21.140243005679427,21.22480309469027,7885.975699432057,-25.857197257827206
30,5,2.5,1,1,0.05,12,1,0.1,2.0,72,1,189,52,137,27.513227513227513,0.9051993775708351,-10.402334876613336,-0.055038808870970034,-11.249498379907507,20.52009666237596,8875.05016200925,64,13,51,20.3125,0.6037016710183725,-16.821043910434803,-0.2628288111005438,-15.877345528572473,16.30681564630218,8412.265447142752,-25.88924484077063
30,5,3.5,1,0,0.05,12,1,0.1,3.0,24,1,330,61,269,18.484848484848484,0.9267962035474967,-13.577821252017502,-0.04114491288490152,-15.62573662417066,28.59004152981384,8437.426337582934,120,16,104,13.333333333333334,0.5813335985665244,-30.773721002936636,-0.25644767502447197,-27.19648822456655,31.778674551991383,7280.351177543344,-25.90924172387395
30,5,3.5,1,0,0.05,12,1,0.0,1.5,6,0,323,122,201,37.77089783281734,0.8007267931558928,-39.53096457086299,-0.1223868872162941,-34.08320445426284,39.944960589430735,6591.679554573716,121,40,81,33.05785123966942,0.6239902412431492,-30.6557123585624,-0.2533529946988628,-26.97153726447126,28.034015113245186,7302.846273552874,-26.0036145182925
30,5,3.5,1,0,0.05,12,1,0.0,1.5,24,0,317,120,197,37.85488958990536,0.844040748965743,-32.017177123109995,-0.10100055874798106,-29.073949186084235,35.27906850240712,7092.605081391576,119,36,83,30.252100840336134,0.6344897574483032,-30.522687420526353,-0.2564931716010618,-26.903741981654516,28.855638959962082,7309.625801834549,-26.018332581075796
30,5,2.5,1,1,0.05,12,1,0.25,2.5,6,1,205,57,148,27.804878048780488,0.9708875481153817,-3.1661982682757444,-0.015444869601345095,-4.781104672947789,18.92209755073036,9521.889532705221,65,13,52,20.0,0.5775934866626176,-17.213105682725836,-0.2648170105034744,-16.21779025834994,16.9333907741885,8378.220974165006,-26.04287445586338
30,5,2.5,1,1,0.05,12,0,0.25,2.5,72,1,190,41,149,21.57894736842105,0.8811679209859226,-12.056634557714716,-0.06345597135639325,-12.747164322860193,30.277443164654855,8725.283567713981,56,10,46,17.857142857142858,0.559203131870708,-14.437581711047578,-0.2578139591258496,-13.758500522340544,16.19981196536339,8624.149947765945,-26.075331111939377
30,5,2.5,1,1,0.05,12,1,0.25,3.0,72,0,198,49,149,24.747474747474747,0.8912935177291343,-17.041610304295737,-0.08606873891058453,-18.03220686497119,29.663108202476067,8196.77931350288,63,12,51,19.047619047619047,0.6847020464822853,-16.453033800560934,-0.2611592666755704,-15.838696349630299,20.086605143787384,8416.13036503697,-26.110420758405066
30,5,3.5,1,0,0.05,12,1,0.25,2.0,6,1,351,115,236,32.763532763532766,0.9486411517287796,-9.481362728107452,-0.027012429424807558,-11.300263837261571,23.12301327186635,8869.973616273843,122,30,92,24.59016393442623,0.5427810738525054,-31.635574255059318,-0.25930798569720753,-27.60208490938624,29.595299642152522,7239.791509061376,-26.139735965007652
30,5,3.5,1,1,0.05,12,1,0.1,1.0,24,1,143,66,77,46.15384615384615,0.7653892082838661,-18.914734491243465,-0.1322708705681361,-17.826170019226208,18.473651218555272,8217.382998077379,50,19,31,38.0,0.581562257578784,-13.302880385443878,-0.26605760770887754,-12.677753280774173,13.12355822849686,8732.224671922582,-26.15787276557107
30,5,3.5,1,1,0.05,12,1,0.1,1.0,24,0,143,66,77,46.15384615384615,0.7653892082838661,-18.914734491243465,-0.1322708705681361,-17.826170019226208,18.473651218555272,8217.382998077379,50,19,31,38.0,0.581562257578784,-13.302880385443878,-0.26605760770887754,-12.677753280774173,13.12355822849686,8732.224671922582,-26.15787276557107
30,5,3.5,1,1,0.05,12,1,0.1,1.0,72,0,143,66,77,46.15384615384615,0.7581493157158362,-19.659124105931433,-0.13747639234917086,-18.439231389479538,19.359724150968834,8156.076861052046,50,19,31,38.0,0.581562257578784,-13.302880385443878,-0.26605760770887754,-12.677753280774173,13.12355822849686,8732.224671922582,-26.211037141515884
30,5,3.5,1,1,0.05,12,1,0.1,1.0,72,1,143,66,77,46.15384615384615,0.7581493157158362,-19.659124105931433,-0.13747639234917086,-18.439231389479538,19.359724150968834,8156.076861052046,50,19,31,38.0,0.581562257578784,-13.302880385443878,-0.26605760770887754,-12.677753280774173,13.12355822849686,8732.224671922582,-26.211037141515884
30,5,3.5,1,0,0.05,12,1,0.1,2.0,72,0,321,108,213,33.64485981308411,0.9363064715120086,-14.241920012179081,-0.04436735206286318,-16.009854075024744,33.61832771401251,8399.014592497526,118,30,88,25.423728813559322,0.6588616728044024,-30.74351981994552,-0.2605383035588603,-27.23118883004919,28.280981965393366,7276.88111699508,-26.275294323806822
30,5,2.5,1,1,0.05,12,1,0.1,3.0,6,0,190,56,134,29.473684210526315,0.8809555109454312,-15.67794994633466,-0.08251552603334032,-16.371235163740717,19.16317614567582,8362.876483625929,65,15,50,23.076923076923077,0.6444977823597025,-17.45520903084417,-0.2685416773976026,-16.594675625465005,17.775495988894377,8340.5324374535,-26.295997269578763
30,5,3.5,1,2,0.15,12,1,0.1,1.0,6,0,248,112,136,45.16129032258065,0.7523699827822823,-33.54713740667907,-0.13527071534951238,-29.341587112887645,33.94205278595279,7065.841288711235,91,35,56,38.46153846153846,0.5766026047724014,-23.56696890427754,-0.2589776802667862,-21.340322249655998,23.38122214461446,7865.9677750344,-26.328907126586078
30,5,3.5,1,2,0.15,12,1,0.1,1.0,6,1,248,112,136,45.16129032258065,0.7523699827822823,-33.54713740667907,-0.13527071534951238,-29.341587112887645,33.94205278595279,7065.841288711235,91,35,56,38.46153846153846,0.5766026047724014,-23.56696890427754,-0.2589776802667862,-21.340322249655998,23.38122214461446,7865.9677750344,-26.328907126586078
30,5,3.5,1,0,0.05,12,1,0.1,2.0,24,0,325,113,212,34.76923076923077,0.9547309210066105,-9.934459415036779,-0.030567567430882396,-12.269752141790235,32.057191151431745,8773.024785820977,119,30,89,25.210084033613445,0.6503497470849073,-31.27527776050254,-0.26281746017229024,-27.59922663799832,28.643710306853755,7240.077336200168,-26.42572881786691
30,5,3.5,1,2,0.05,12,1,0.25,1.0,24,0,249,112,137,44.97991967871486,0.7557172346374714,-34.82462287808711,-0.13985792320516913,-30.295428025396966,34.641318128971825,6970.457197460304,82,31,51,37.80487804878049,0.5884797309190969,-21.296098881937976,-0.2597085229504631,-19.514502559238267,22.354877842970524,8048.549744076174,-26.430487860166764
30,5,3.5,1,2,0.05,12,1,0.25,1.0,24,1,249,112,137,44.97991967871486,0.7557172346374714,-34.82462287808711,-0.13985792320516913,-30.295428025396966,34.641318128971825,6970.457197460304,82,31,51,37.80487804878049,0.5884797309190969,-21.296098881937976,-0.2597085229504631,-19.514502559238267,22.354877842970524,8048.549744076174,-26.430487860166764
60,3,3.5,1,1,0.05,12,1,0.0,1.5,24,1,84,31,53,36.904761904761905,0.9700811743554479,-1.3888134850583247,-0.016533493869741962,-1.9369893760354695,13.939278037329203,9806.301062396453,33,9,24,27.272727272727273,0.5658642990304775,-8.93760085299969,-0.2708363894848391,-8.721178830078259,13.347876219259536,9127.882116992174,-26.435630980201093
30,5,3.5,1,2,0.05,12,1,0.25,1.0,72,0,248,111,137,44.75806451612903,0.7451362286318892,-36.52130799378111,-0.14726333868460123,-31.46826450271626,35.74103144814666,6853.173549728374,82,31,51,37.80487804878049,0.5884153570119838,-21.30176042342303,-0.25977756613930525,-19.519096508156586,22.359309669029727,8048.090349184341,-26.503503726015694
30,5,3.5,1,2,0.05,12,1,0.25,1.0,72,1,248,111,137,44.75806451612903,0.7451362286318892,-36.52130799378111,-0.14726333868460123,-31.46826450271626,35.74103144814666,6853.173549728374,82,31,51,37.80487804878049,0.5884153570119838,-21.30176042342303,-0.25977756613930525,-19.519096508156586,22.359309669029727,8048.090349184341,-26.503503726015694
30,5,3.5,1,1,0.05,12,0,0.0,1.5,72,1,151,42,109,27.814569536423843,0.6830712666991017,-26.16057373250011,-0.17324883266556365,-23.64929389492534,25.76748884540573,7635.070610507466,48,12,36,25.0,0.5560888678701197,-12.747842862427573,-0.2655800596339078,-12.194641535284756,12.983757544873184,8780.535846471525,-26.60269552856382
30,5,2.5,1,1,0.05,12,1,0.0,2.5,6,0,171,51,120,29.82456140350877,0.8132011061259132,-22.55245074611422,-0.13188567687786093,-21.573483502678748,27.02475948732882,7842.651649732125,65,16,49,24.615384615384617,0.6447481716346114,-17.366019967388496,-0.267169537959823,-16.45992704518283,17.303163031924644,8354.007295481717,-26.629977547750165
60,2,3.5,1,0,0.15,24,1,0.0,3.0,72,0,233,62,171,26.609442060085836,1.0179434422518627,3.181441558582324,0.01365425561623315,-0.36947374977426284,41.46076898179781,9963.052625022574,79,15,64,18.9873417721519,0.6823987365390192,-20.67853932499028,-0.2617536623416491,-19.472982864883225,32.27703285347774,8052.701713511678,-26.860012236527353
30,5,2.5,1,1,0.05,12,1,0.25,2.0,24,1,204,58,146,28.431372549019606,0.9924002488954647,-0.8423962047555724,-0.004129393160566532,-2.442996926046903,18.825490836389257,9755.70030739531,64,12,52,18.75,0.5756187078750932,-17.486636872841835,-0.2732287011381537,-16.41405711638545,17.398603146566415,8358.594288361455,-26.883723421258974
30,5,3.5,1,1,0.05,12,0,0.0,2.0,24,1,158,40,118,25.31645569620253,0.6938725078676353,-25.638565775040227,-0.1622694036394951,-23.333835273210013,27.339881875685716,7666.616472678998,48,12,36,25.0,0.48294813272872084,-12.76764520007933,-0.26599260833498606,-12.172810710971593,13.647086198750932,8782.718928902841,-26.88457545077124
60,3,3.5,1,1,0.05,12,1,0.1,1.0,24,1,86,44,42,51.16279069767442,0.9698976239486219,-1.3168808199022037,-0.015312567673281438,-1.734648885968404,10.413565025706065,9826.53511140316,34,13,21,38.23529411764706,0.560095498696363,-9.412530198681699,-0.2768391234906382,-9.135351853981177,11.421838306832946,9086.464814601883,-26.89349684393213
60,3,3.5,1,1,0.05,12,1,0.1,1.0,24,0,86,44,42,51.16279069767442,0.9698976239486219,-1.3168808199022037,-0.015312567673281438,-1.734648885968404,10.413565025706065,9826.53511140316,34,13,21,38.23529411764706,0.560095498696363,-9.412530198681699,-0.2768391234906382,-9.135351853981177,11.421838306832946,9086.464814601883,-26.89349684393213
30,5,2.5,1,1,0.05,12,1,0.25,2.0,72,1,204,57,147,27.941176470588236,0.978083524760666,-2.444994787629269,-0.01198526856681014,-3.9951738868767794,19.509214886045985,9600.482611312322,64,12,52,18.75,0.5756187078750932,-17.486636872841835,-0.2732287011381537,-16.41405711638545,17.398603146566415,8358.594288361455,-26.92474686423838
30,5,3.5,1,0,0.05,12,1,0.0,3.0,6,0,321,101,220,31.46417445482866,0.8772543079747355,-26.572647419306875,-0.08278083308195289,-25.973171457057298,40.28415623826074,7402.68285429427,120,31,89,25.833333333333332,0.6480922234059606,-31.588746850441826,-0.26323955708701524,-27.953623664295957,30.036064269297324,7204.637633570404,-26.965241581625573
30,5,3.5,1,0,0.05,12,1,0.0,2.5,6,0,322,107,215,33.22981366459627,0.8874125855401324,-23.95397203764599,-0.07439121750821735,-23.763182295431385,37.010632609727175,7623.681770456862,120,33,87,27.5,0.6369767803508328,-31.838374905702256,-0.2653197908808521,-28.030891296444082,29.770078741397555,7196.910870355592,-26.9990844294075
30,5,3.5,1,0,0.05,12,1,0.1,1.5,72,0,328,130,198,39.63414634146341,0.9034233704223333,-20.09090014133617,-0.061252744333341984,-20.1873054981321,34.1832850415489,7981.26945018679,119,36,83,30.252100840336134,0.6262496181450562,-31.757325107021174,-0.266868278210262,-27.80853501713645,30.654798405046073,7219.146498286355,-27.00657651295082
30,5,3.5,1,2,0.15,12,0,0.0,1.5,72,1,221,75,146,33.93665158371041,0.9158653927575247,-9.46836157126606,-0.042843265028353214,-10.22033609734766,29.15371635449787,8977.966390265234,76,19,57,25.0,0.5517453561807311,-20.369511110414912,-0.26801988303177515,-18.758285232818174,18.91920118408369,8124.171476718183,-27.013340029900558
30,5,3.5,1,1,0.05,12,1,0.0,2.0,6,1,131,33,98,25.19083969465649,0.700575287393837,-24.072618317755115,-0.18376044517370316,-22.12853976039556,24.867601058509486,7787.146023960444,50,11,39,22.0,0.5801061865358519,-13.542806970422697,-0.27085613940845393,-12.963044957826842,13.445620870890348,8703.695504217316,-27.024275068011825
30,5,3.5,1,1,0.05,12,1,0.0,1.5,6,1,131,40,91,30.53435114503817,0.6715003605392575,-26.288606401171215,-0.200676384741765,-23.72555298172998,25.315214400646628,7627.444701827002,50,14,36,28.0,0.5791830069119065,-13.54280697042272,-0.27085613940845443,-12.925288838519078,13.408074090176061,8707.471116148092,-27.052978227787996
60,2,3.5,1,0,0.15,12,1,0.1,2.5,72,0,204,58,146,28.431372549019606,0.9349899746006839,-9.80041028976229,-0.04804122691059946,-11.574448468131903,39.02690038694699,8842.55515318681,70,15,55,21.428571428571427,0.6677370027938562,-18.532846235018994,-0.26475494621455703,-17.52913405786457,25.98561348468959,8247.086594213542,-27.055366651380677
30,5,3.5,1,0,0.05,12,1,0.0,1.5,24,1,319,99,220,31.03448275862069,0.7663241251237476,-43.49827375345235,-0.1363582249324525,-36.55710322118482,39.855643049224085,6344.289677881518,120,29,91,24.166666666666668,0.5751793819413631,-31.618430324031955,-0.26348691936693297,-27.612685676142156,28.183019593780482,7238.7314323857845,-27.11009270120434
30,5,3.5,1,1,0.05,12,1,0.1,3.0,24,0,142,34,108,23.943661971830984,0.7816896878821157,-24.71396510891794,-0.17404200780928125,-23.321551598171887,28.810572222241287,7667.844840182811,49,9,40,18.367346938775512,0.6675275632150671,-13.311830831901318,-0.2716700169775779,-12.983804071767935,16.638867742757864,8701.619592823206,-27.16937860411932
30,5,3.5,1,0,0.05,12,1,0.0,1.5,72,1,317,98,219,30.914826498422713,0.7527190724559574,-46.35524777452842,-0.14623106553478998,-38.343102578077314,41.54878425633661,6165.689742192269,120,29,91,24.166666666666668,0.5751793819413631,-31.618430324031955,-0.26348691936693297,-27.612685676142156,28.183019593780482,7238.7314323857845,-27.211681173631092
30,5,3.5,1,2,0.15,12,1,0.1,1.0,24,0,248,110,138,44.354838709677416,0.7334088697270206,-38.367780836267364,-0.15470879369462648,-32.719978887631626,36.96850308903032,6728.002111236837,90,34,56,37.77777777777778,0.580898830948343,-23.98643272290551,-0.26651591914339456,-21.68453782735845,23.71650672289679,7831.546217264155,-27.256818487132904
30,5,3.5,1,2,0.15,12,1,0.1,1.0,24,1,248,110,138,44.354838709677416,0.7334088697270206,-38.367780836267364,-0.15470879369462648,-32.719978887631626,36.96850308903032,6728.002111236837,90,34,56,37.77777777777778,0.580898830948343,-23.98643272290551,-0.26651591914339456,-21.68453782735845,23.71650672289679,7831.546217264155,-27.256818487132904
30,5,3.5,1,2,0.15,12,1,0.1,1.0,72,1,247,109,138,44.12955465587044,0.7231584467179978,-40.04499664074898,-0.16212549247266791,-33.83919005723327,38.01703955220484,6616.080994276673,90,34,56,37.77777777777778,0.580898830948343,-23.98643272290551,-0.26651591914339456,-21.68453782735845,23.71650672289679,7831.546217264155,-27.319730674923377
30,5,3.5,1,2,0.15,12,1,0.1,1.0,72,0,247,109,138,44.12955465587044,0.7231584467179978,-40.04499664074898,-0.16212549247266791,-33.83919005723327,38.01703955220484,6616.080994276673,90,34,56,37.77777777777778,0.580898830948343,-23.98643272290551,-0.26651591914339456,-21.68453782735845,23.71650672289679,7831.546217264155,-27.319730674923377
30,5,2.5,1,1,0.05,12,1,0.0,2.5,6,1,171,39,132,22.80701754385965,0.7617513981789306,-24.61705943130473,-0.14395941187897504,-22.931111235338044,25.132290605853917,7706.888876466196,65,13,52,20.0,0.5928800734539335,-17.85101897063678,-0.2746310610867197,-16.790497608572565,17.630396885333795,8320.950239142743,-27.366317923912693
30,5,3.5,1,2,0.05,12,1,0.0,1.0,24,1,231,100,131,43.29004329004329,0.6992757227030458,-41.15250765593565,-0.1781493837919292,-34.51256660903651,36.18758051135134,6548.743339096349,82,31,51,37.80487804878049,0.579434801256381,-21.993055595022945,-0.2682079950612554,-20.076668985608382,21.49186177531211,7992.3331014391615,-27.3913006735142
30,5,3.5,1,2,0.05,12,1,0.0,1.0,24,0,231,100,131,43.29004329004329,0.6992757227030458,-41.15250765593565,-0.1781493837919292,-34.51256660903651,36.18758051135134,6548.743339096349,82,31,51,37.80487804878049,0.579434801256381,-21.993055595022945,-0.2682079950612554,-20.076668985608382,21.49186177531211,7992.3331014391615,-27.3913006735142
30,5,2.5,1,1,0.05,12,0,0.1,2.5,72,1,192,38,154,19.791666666666668,0.796314823657826,-20.97598716410458,-0.10924993314637803,-20.126652788687693,32.17963799616087,7987.334721131231,57,10,47,17.54385964912281,0.5448789564299532,-15.395991255199327,-0.2701051097403391,-14.586890102677884,16.947054853362122,8541.310989732212,-27.44548703988901
30,5,3.5,1,2,0.05,12,1,0.0,1.0,72,0,230,99,131,43.04347826086956,0.6887860341641686,-42.813007977284215,-0.18614351294471398,-35.59124358592462,37.23866747838814,6440.875641407538,82,31,51,37.80487804878049,0.579434801256381,-21.993055595022945,-0.2682079950612554,-20.076668985608382,21.49186177531211,7992.3331014391615,-27.45436589153641
30,5,3.5,1,2,0.05,12,1,0.0,1.0,72,1,230,99,131,43.04347826086956,0.6887860341641686,-42.813007977284215,-0.18614351294471398,-35.59124358592462,37.23866747838814,6440.875641407538,82,31,51,37.80487804878049,0.579434801256381,-21.993055595022945,-0.2682079950612554,-20.076668985608382,21.49186177531211,7992.3331014391615,-27.45436589153641
30,5,2.5,1,1,0.05,12,0,0.1,3.0,72,1,192,34,158,17.708333333333332,0.8122929078571749,-19.346935601398584,-0.10076528959061763,-18.973238938196168,32.442677939660385,8102.676106180384,57,9,48,15.789473684210526,0.5449235400499242,-15.395991255199323,-0.270105109740339,-14.617656279677272,17.389184660776166,8538.234372032273,-27.461180269259035
30,5,3.5,1,0,0.05,12,1,0.0,3.0,6,1,321,81,240,25.233644859813083,0.9041709901976653,-17.430357999305524,-0.05430018068319478,-18.51099168939149,29.666358137758948,8148.9008310608515,121,23,98,19.00826446280992,0.554326835083137,-32.98414742590155,-0.2725962597181946,-28.72375909934881,29.854429940151906,7127.624090065119,-27.46183599358898
30,5,3.5,1,0,0.05,12,1,0.0,2.5,6,1,322,86,236,26.70807453416149,0.8872439111361968,-20.485000389997428,-0.06361801363353238,-20.717126951521635,30.00452226860224,7928.287304847836,121,25,96,20.66115702479339,0.5539600187566225,-32.984147425901476,-0.272596259718194,-28.67198581636028,29.233973592073486,7132.801418363972,-27.471575165948966
30,5,3.5,1,0,0.05,12,1,0.0,1.5,72,0,314,118,196,37.5796178343949,0.8248201577467772,-36.16865249189496,-0.11518679137546166,-31.949984080782812,38.121883433929135,6805.0015919217185,119,36,83,30.252100840336134,0.6232303918711082,-32.09282681269318,-0.26968762027473264,-28.050587623414437,29.971860263302723,7194.941237658557,-27.530865075488595
30,5,2.5,1,1,0.05,12,0,0.25,1.5,72,1,194,60,134,30.927835051546392,0.7970038941662367,-21.113353575706032,-0.10883171946240222,-19.940430894051996,28.32539666306629,8005.9569105948,56,13,43,23.214285714285715,0.5325973141127199,-15.300056272154308,-0.2732152905741841,-14.43413509132071,15.123211110843657,8556.586490867929,-27.55155310219349
30,5,3.5,1,1,0.05,12,1,0.0,3.0,24,0,129,29,100,22.48062015503876,0.7298482455077733,-28.369838211594885,-0.21992122644647197,-25.928065908593524,31.46393077278788,7407.193409140647,49,9,40,18.367346938775512,0.6649288144523396,-13.430372512869445,-0.27408923495651927,-13.08535594208664,15.623582574607694,8691.464405791336,-27.575699412571705
30,5,3.5,1,1,0.05,12,1,0.0,1.5,24,0,130,46,84,35.38461538461539,0.7404478520130523,-22.898359960195787,-0.17614123046304453,-21.208487088969907,23.018631621760793,7879.1512911030095,50,15,35,30.0,0.6127433218793343,-13.92074821141415,-0.278414964228283,-13.295861278772303,13.849809613570327,8670.41387212277,-27.603945113102846
30,5,3.5,1,0,0.05,12,1,0.25,1.5,6,0,350,139,211,39.714285714285715,0.8440878929477218,-31.063079524229515,-0.0887516557835129,-28.277774363883566,32.135493007014745,7172.222563611644,122,40,82,32.78688524590164,0.5828424113167222,-33.35385807936293,-0.2733922793390404,-28.880292455384893,30.1701624393796,7111.97075446151,-27.62045425615424
30,5,3.5,1,1,0.05,12,1,0.0,1.5,72,0,130,46,84,35.38461538461539,0.7340615310003539,-23.636308447361177,-0.18181775728739366,-21.79125441687019,23.85675488942849,7820.874558312981,50,15,35,30.0,0.6127433218793343,-13.92074821141415,-0.278414964228283,-13.295861278772303,13.849809613570327,8670.41387212277,-27.65423250916291
30,5,3.5,1,2,0.15,12,1,0.0,1.0,24,1,243,105,138,43.20987654320987,0.6958109139492274,-43.885999489554635,-0.18060082094466928,-36.31769102418039,37.94653410662627,6368.2308975819615,90,34,56,37.77777777777778,0.5773389323243672,-24.286690205191213,-0.2698521133910135,-21.92068093058439,23.671369626351492,7807.931906941561,-27.656239570198505
30,5,3.5,1,2,0.15,12,1,0.0,1.0,24,0,243,105,138,43.20987654320987,0.6958109139492274,-43.885999489554635,-0.18060082094466928,-36.31769102418039,37.94653410662627,6368.2308975819615,90,34,56,37.77777777777778,0.5773389323243672,-24.286690205191213,-0.2698521133910135,-21.92068093058439,23.671369626351492,7807.931906941561,-27.656239570198505
30,5,3.5,1,2,0.15,12,1,0.0,1.0,72,0,242,104,138,42.97520661157025,0.6858758447695366,-45.54649981090324,-0.18820867690455886,-37.36663487447891,38.968648450239016,6263.336512552109,90,34,56,37.77777777777778,0.5773389323243672,-24.286690205191213,-0.2698521133910135,-21.92068093058439,23.671369626351492,7807.931906941561,-27.71756643081527
30,5,3.5,1,2,0.15,12,1,0.0,1.0,72,1,242,104,138,42.97520661157025,0.6858758447695366,-45.54649981090324,-0.18820867690455886,-37.36663487447891,38.968648450239016,6263.336512552109,90,34,56,37.77777777777778,0.5773389323243672,-24.286690205191213,-0.2698521133910135,-21.92068093058439,23.671369626351492,7807.931906941561,-27.71756643081527
60,3,3.5,1,1,0.05,12,1,0.0,2.0,24,0,84,33,51,39.285714285714285,1.1357966413252323,7.238269997063341,0.08616988091742073,6.588936748436036,9.103258723613179,10658.893674843603,33,9,24,27.272727272727273,0.6161566123248123,-9.437600852999687,-0.28598790463635415,-9.24942055187923,15.091434023527153,9075.057944812077,-27.9193272279358
30,5,3.5,1,2,0.05,12,1,0.25,1.0,6,0,249,112,137,44.97991967871486,0.749152760446411,-33.36813592847071,-0.13400857802598679,-29.19219304759081,33.77973020992688,7080.780695240919,83,32,51,38.55421686746988,0.5469498675467376,-22.807640181536694,-0.27479084556068306,-20.700492936951164,22.89128449127211,7929.950706304883,-27.96888695368611
30,5,3.5,1,2,0.05,12,1,0.25,1.0,6,1,249,112,137,44.97991967871486,0.749152760446411,-33.36813592847071,-0.13400857802598679,-29.19219304759081,33.77973020992688,7080.780695240919,83,32,51,38.55421686746988,0.5469498675467376,-22.807640181536694,-0.27479084556068306,-20.700492936951164,22.89128449127211,7929.950706304883,-27.96888695368611
30,5,2.5,1,1,0.05,12,1,0.0,3.0,24,1,170,33,137,19.41176470588235,0.8757080491688115,-12.951186993054842,-0.07618345290032259,-13.753465808015331,22.7223752679786,8624.653419198467,64,9,55,14.0625,0.5959690406757895,-18.06027984407567,-0.28219187256368233,-17.037612869481432,18.273736995175206,8296.238713051856,-27.973152964105807
30,5,2.5,1,1,0.05,12,1,0.1,2.5,6,1,190,48,142,25.263157894736842,0.9037719635290914,-10.345547700649332,-0.054450251056049115,-11.309274436904037,17.26320687176474,8869.072556309597,65,13,52,20.0,0.5610385920745039,-18.49006222185894,-0.28446249572090676,-17.286963668896348,18.060172551124516,8271.303633110365,-27.988817266806496
30,5,3.5,1,2,0.05,12,0,0.25,1.5,72,1,205,72,133,35.1219512195122,0.9636562358500282,-3.7217272275652373,-0.018154766963732864,-4.82778338444626,25.98705962714125,9517.221661555373,68,18,50,26.470588235294116,0.5396372618107816,-19.021417514070983,-0.2797267281481027,-17.62139369488628,17.70972699119927,8237.860630511372,-28.029211218357453
30,5,2.5,1,1,0.05,12,1,0.0,3.0,72,1,170,31,139,18.235294117647058,0.8430176905346592,-16.468421218263163,-0.09687306598978332,-16.72055945035671,23.967900828194697,8327.94405496433,64,9,55,14.0625,0.5959690406757895,-18.06027984407567,-0.28219187256368233,-17.037612869481432,18.273736995175206,8296.238713051856,-28.047884497718773
30,5,2.5,1,1,0.05,12,1,0.25,2.5,24,0,201,60,141,29.850746268656717,0.9292037865956596,-10.395282966838192,-0.05171782570566265,-12.003445663755008,19.864575103603617,8799.655433624499,63,13,50,20.634920634920636,0.6417558295040132,-17.981812161639915,-0.28542558986730027,-17.00001150040236,20.430580799697488,8299.998849959764,-28.068993867367883
30,5,3.5,1,0,0.05,12,1,0.25,3.0,6,0,349,121,228,34.67048710601719,0.9060001229842728,-20.121676938901892,-0.05765523478195385,-20.939370698039973,27.36287340957182,7906.0629301960025,121,33,88,27.272727272727273,0.6037090318365823,-33.774936861453725,-0.27913170959879113,-29.401203704009138,31.324675918669598,7059.879629599086,-28.1048313468528
60,3,3.5,1,1,0.05,12,1,0.25,2.0,72,0,90,31,59,34.44444444444444,1.0083042419203008,0.502259212640142,0.005580657918223799,-0.4045418712599558,15.725588514976913,9959.545812874005,33,8,25,24.242424242424242,0.6256329867400726,-9.500392710411194,-0.2878906881942786,-9.32202687116036,15.781397528114868,9067.797312883964,-28.132050645172992
60,3,3.5,1,1,0.05,12,1,0.0,2.5,24,1,83,17,66,20.481927710843372,0.8836028736534799,-5.334040402116228,-0.06426554701344853,-5.873667636080571,16.367287645684847,9412.633236391943,33,6,27,18.181818181818183,0.5429020707128126,-9.437600852999676,-0.2859879046363538,-9.217295179133211,15.422823303312313,9078.270482086678,-28.14238752848923
30,5,2.5,1,1,0.05,12,0,0.0,2.0,72,1,195,46,149,23.58974358974359,0.7568622678622585,-26.26887856051877,-0.1347121977462501,-24.11787603632377,30.03234436809142,7588.212396367623,57,10,47,17.54385964912281,0.5175555242171391,-15.860787379076642,-0.27825942770309897,-14.943455641298986,16.409660528641012,8505.654435870101,-28.186728082906463
30,5,2.5,1,1,0.05,12,1,0.25,1.0,72,1,204,100,104,49.01960784313726,0.8590576268709651,-15.44499478762925,-0.07571075876288848,-15.186967431702792,21.318294881275488,8481.30325682972,65,24,41,36.92307692307692,0.5593839987656327,-18.507316341084078,-0.2847279437089858,-17.170256960158603,17.548216100401984,8282.97430398414,-28.2141585920412
30,5,2.5,1,1,0.05,12,1,0.25,1.0,72,0,204,100,104,49.01960784313726,0.8590576268709651,-15.44499478762925,-0.07571075876288848,-15.186967431702792,21.318294881275488,8481.30325682972,65,24,41,36.92307692307692,0.5593839987656327,-18.507316341084078,-0.2847279437089858,-17.170256960158603,17.548216100401984,8282.97430398414,-28.2141585920412
60,2,3.5,1,0,0.15,12,1,0.0,2.5,72,0,202,60,142,29.702970297029704,0.9858987589598955,-2.083372322639588,-0.010313724369502912,-4.5215820493979875,36.375231180425274,9547.841795060202,71,15,56,21.12676056338028,0.6537931488179983,-19.72043286237245,-0.27775257552637256,-18.5083349080575,27.053527381214,8149.1665091942505,-28.22251851392517
30,5,2.5,1,1,0.05,12,1,0.25,1.0,24,1,204,100,104,49.01960784313726,0.8651013254490922,-14.691513505657868,-0.07201722306695034,-14.541656669330527,21.469531518376314,8545.834333066947,65,24,41,36.92307692307692,0.5593839987656327,-18.507316341084078,-0.2847279437089858,-17.170256960158603,17.548216100401984,8282.97430398414,-28.22323279026725
30,5,2.5,1,1,0.05,12,1,0.25,1.0,24,0,204,100,104,49.01960784313726,0.8651013254490922,-14.691513505657868,-0.07201722306695034,-14.541656669330527,21.469531518376314,8545.834333066947,65,24,41,36.92307692307692,0.5593839987656327,-18.507316341084078,-0.2847279437089858,-17.170256960158603,17.548216100401984,8282.97430398414,-28.22323279026725
30,5,3.5,1,1,0.05,12,1,0.0,1.5,6,0,131,44,87,33.587786259541986,0.6781094758385674,-28.264962451240763,-0.21576307214687604,-25.28276966502483,27.509250998421166,7471.723033497517,50,15,35,30.0,0.5871725918964986,-14.136242523848688,-0.28272485047697377,-13.458991065697779,13.938817208325032,8654.100893430223,-28.355512360537215
30,5,3.5,1,2,0.05,12,1,0.25,3.0,6,1,248,67,181,27.016129032258064,0.7279965467100759,-36.70582544494319,-0.14800736066509348,-31.949468443670913,35.47923988525695,6805.053155632909,83,20,63,24.096385542168676,0.5447624573927566,-23.047743277447786,-0.27768365394515404,-21.03030125457216,24.15476396700427,7896.969874542784,-28.364513192960978
30,5,3.5,1,0,0.05,12,1,0.0,2.5,24,1,316,67,249,21.20253164556962,0.8588378105408467,-26.29952229777225,-0.08322633638535522,-25.31465413084947,33.30972939881118,7468.534586915053,120,17,103,14.166666666666666,0.5500061151133049,-33.636831687355105,-0.2803069307279592,-29.187318466633883,30.99322656148574,7081.268153336612,-28.449685551938305
30,5,3.5,1,2,0.05,12,1,0.1,1.0,6,0,235,107,128,45.53191489361702,0.7654736459820338,-29.78139990418197,-0.12672936129439136,-26.580449045097822,31.360688369741485,7341.955095490218,83,31,52,37.34939759036145,0.5474420352539753,-23.330524739862682,-0.2810906595164179,-21.12264079942836,23.959662712283098,7887.735920057164,-28.452741503433998
30,5,3.5,1,2,0.05,12,1,0.1,1.0,6,1,235,107,128,45.53191489361702,0.7654736459820338,-29.78139990418197,-0.12672936129439136,-26.580449045097822,31.360688369741485,7341.955095490218,83,31,52,37.34939759036145,0.5474420352539753,-23.330524739862682,-0.2810906595164179,-21.12264079942836,23.959662712283098,7887.735920057164,-28.452741503433998
30,5,3.5,1,0,0.05,12,1,0.0,2.5,72,1,314,64,250,20.38216560509554,0.8230428315721361,-33.217219953054595,-0.10578732469125668,-30.27594324207511,37.73991191330418,6972.405675792489,119,17,102,14.285714285714286,0.5505961726466778,-33.13570432230704,-0.2784512968261096,-28.823430648483917,30.63861883190447,7117.656935151608,-28.52958287783765
60,3,3.5,1,1,0.05,12,1,0.1,2.0,72,0,86,29,57,33.72093023255814,0.9729430384117157,-1.5825638191598137,-0.01840190487395132,-2.4095990493067765,12.249108801720604,9759.040095069322,33,8,25,24.242424242424242,0.621990737778936,-9.626315907124061,-0.2917065426401231,-9.436313405321506,15.968444907707061,9056.36865946785,-28.53214343045524
30,5,3.5,1,2,0.05,12,0,0.0,1.0,72,0,218,109,109,50.0,0.9699363101110823,-3.2348218607444643,-0.014838632388736075,-4.199666116572331,22.77626866749472,9580.033388342767,71,25,46,35.2112676056338,0.535448373778767,-20.3807096012879,-0.2870522479054634,-18.709234976938603,18.9580736882036,8129.076502306139,-28.573237551136884
30,5,3.5,1,2,0.05,12,0,0.0,1.0,72,1,218,109,109,50.0,0.9699363101110823,-3.2348218607444643,-0.014838632388736075,-4.199666116572331,22.77626866749472,9580.033388342767,71,25,46,35.2112676056338,0.535448373778767,-20.3807096012879,-0.2870522479054634,-18.709234976938603,18.9580736882036,8129.076502306139,-28.573237551136884
60,3,3.5,1,1,0.05,12,1,0.1,2.0,72,1,86,19,67,22.093023255813954,0.8359233019459248,-7.316880819902208,-0.0850800095337466,-7.603132736506013,14.699617226788083,9239.686726349399,33,6,27,18.181818181818183,0.5523213943813386,-9.626315907124061,-0.2917065426401231,-9.382337143087238,13.749524407296521,9061.766285691276,-28.595352456395297
60,3,3.5,1,1,0.05,12,1,0.1,3.0,72,1,84,14,70,16.666666666666668,0.927210286435666,-3.2538959678818777,-0.038736856760498546,-4.0031650270687,12.059004768423566,9599.68349729313,33,4,29,12.121212121212121,0.5528458793385316,-9.626315907124061,-0.2917065426401231,-9.434530230586846,15.099207277217552,9056.546976941316,-28.61827888950668
60,3,3.5,1,1,0.05,12,1,0.1,3.0,72,0,84,21,63,25.0,0.9320314965327605,-4.401044471249259,-0.05239338656249118,-5.451585463354891,18.397574125627546,9454.84145366451,33,6,27,18.181818181818183,0.6498380804147829,-9.62631590712406,-0.291706542640123,-9.541622211093303,18.440452827711947,9045.83777889067,-28.624769220383836
30,5,3.5,1,2,0.15,12,1,0.1,2.0,72,1,246,55,191,22.357723577235774,0.7394467309260175,-37.98363004421556,-0.15440500017973804,-32.82414491402004,36.19700918151564,6717.5855085979965,89,16,73,17.97752808988764,0.5597071118654685,-24.97262743582993,-0.2805913195037071,-22.56484200839395,24.122836404960086,7743.515799160606,-28.66155731049768
30,5,3.5,1,0,0.05,12,0,0.25,3.0,72,1,251,57,194,22.709163346613547,1.007354940560699,0.9081482261998133,0.003618120423106826,-1.3727344617325277,33.35445052944163,9862.726553826747,85,15,70,17.647058823529413,0.5224601607508298,-23.935067730714124,-0.2815890321260485,-21.739401565754115,22.179263116222735,7826.0598434245885,-28.66981519324434
30,5,3.5,1,1,0.05,12,1,0.25,1.0,6,1,156,75,81,48.07692307692308,0.8406689121865635,-12.823021435988107,-0.08219885535889812,-12.679522201072702,16.806895956625127,8732.04777989273,50,18,32,36.0,0.5180187782644937,-14.56129758798108,-0.2912259517596216,-13.747308580595508,14.14088692451087,8625.26914194045,-28.70178881355825
30,5,3.5,1,1,0.05,12,1,0.25,1.0,6,0,156,75,81,48.07692307692308,0.8406689121865635,-12.823021435988107,-0.08219885535889812,-12.679522201072702,16.806895956625127,8732.04777989273,50,18,32,36.0,0.5180187782644937,-14.56129758798108,-0.2912259517596216,-13.747308580595508,14.14088692451087,8625.26914194045,-28.70178881355825
30,5,2.5,1,1,0.05,12,0,0.25,2.0,72,1,192,45,147,23.4375,0.7718849362931532,-23.586869304981906,-0.12284827763011409,-22.020488657878325,32.285542045157214,7797.951134212168,56,10,46,17.857142857142858,0.5176051321875521,-15.800056272154347,-0.2821438620027562,-14.890968551311145,16.402109363866966,8510.903144868886,-28.712003331826494
60,2,3.5,1,0,0.15,24,1,0.0,2.5,72,0,235,71,164,30.21276595744681,1.0179915408444575,3.0569818485855142,0.01300843339823623,0.06462971838805398,37.268213601779145,10006.462971838806,81,17,64,20.987654320987655,0.6485704333862263,-22.87997019567833,-0.2824687678478806,-21.124000427610014,30.90906292066395,7887.599957238998,-28.74515680939593
30,5,3.5,1,2,0.15,12,0,0.25,3.0,72,1,205,45,160,21.951219512195124,0.9279382179921414,-7.790890543436006,-0.03800434411432198,-9.232583229937886,33.8510284746565,9076.741677006212,70,14,56,20.0,0.5382900014876212,-19.773548511135104,-0.2824792644447872,-18.347725084559418,18.49593971593546,8165.2274915440585,-28.77614016227874
30,5,3.5,1,2,0.05,12,1,0.25,2.5,72,1,243,46,197,18.930041152263374,0.7943774654558847,-29.302190886975215,-0.12058514768302557,-26.957175576723323,35.05221846821472,7304.282442327667,81,12,69,14.814814814814815,0.5524814192117411,-22.883460709427382,-0.2825118606102146,-20.928240905792805,23.545661023302713,7907.175909420719,-28.808684405964435
30,5,3.5,1,2,0.15,12,1,0.0,2.0,6,1,243,67,176,27.57201646090535,0.7726983590503926,-31.460288955322703,-0.12946620969268602,-28.215509637560064,30.667972262115967,7178.449036243994,91,21,70,23.076923076923077,0.5535146852315214,-25.967326538408077,-0.28535523668580304,-23.3187528581707,24.28809136871624,7668.12471418293,-28.816393776139314
30,5,3.5,1,2,0.15,12,1,0.25,2.5,24,1,255,48,207,18.823529411764707,0.7969296935946816,-30.09012633379825,-0.1180004954266598,-27.593208351254418,35.617762284646524,7240.679164874558,89,14,75,15.730337078651685,0.5534186855817659,-25.137519215821218,-0.28244403613282265,-22.72638553067301,24.50997870149543,7727.3614469326985,-28.824651012164498
30,5,2.5,1,1,0.05,12,1,0.0,1.5,24,0,170,63,107,37.05882352941177,0.7929513594308139,-23.322129605363376,-0.1371889976786081,-21.77670832670482,25.75734682569738,7822.329167329518,64,19,45,29.6875,0.6014708903004733,-18.50765667817105,-0.28918213559642264,-17.26473510571507,17.72346032168298,8273.526489428494,-28.843273861593598
30,5,2.5,1,1,0.05,12,1,0.25,2.0,24,0,203,71,132,34.97536945812808,0.9631639899581266,-5.05987137000217,-0.024925474729074727,-6.8044908620055296,17.204487489478755,9319.550913799447,63,15,48,23.80952380952381,0.61624142985814,-18.48181216163996,-0.2933620978038089,-17.320389630450773,19.640904562245954,8267.961036954923,-28.866292886063402
30,5,3.5,1,2,0.15,12,0,0.25,1.0,72,0,223,108,115,48.4304932735426,0.9213125174723859,-8.82892336273803,-0.03959158458626919,-9.427140174260717,24.19702625104776,9057.285982573929,75,26,49,34.666666666666664,0.5180694509667189,-21.680480284424313,-0.28907307045899083,-19.759114974378257,19.904767660818116,8024.088502562175,-28.88991638499988
30,5,3.5,1,2,0.15,12,0,0.25,1.0,72,1,223,108,115,48.4304932735426,0.9213125174723859,-8.82892336273803,-0.03959158458626919,-9.427140174260717,24.19702625104776,9057.285982573929,75,26,49,34.666666666666664,0.5180694509667189,-21.680480284424313,-0.28907307045899083,-19.759114974378257,19.904767660818116,8024.088502562175,-28.88991638499988
30,5,3.5,1,1,0.05,12,1,0.1,2.5,24,0,142,40,102,28.169014084507044,0.8344748585158231,-17.685633803776405,-0.12454671692800286,-17.55350525570628,22.329521536665272,8244.649474429372,49,10,39,20.408163265306122,0.6332088164603336,-14.311830831901336,-0.2920781802428844,-13.768509305734412,16.82959399727893,8623.14906942656,-28.889969383024873
60,3,3.5,1,1,0.05,12,1,0.0,2.0,72,0,84,32,52,38.095238095238095,1.1701774657556911,9.119446302223867,0.10856483693123652,8.579995326310751,9.014540863714114,10857.999532631075,33,8,25,24.242424242424242,0.6188417070805283,-9.759404689284711,-0.29573953603893066,-9.558169771159552,15.506602305835326,9044.183022884044,-28.91403027562051
30,5,3.5,1,0,0.05,12,1,0.25,3.0,24,1,341,64,277,18.7683284457478,0.9464245799151226,-10.219114688574994,-0.029968078265615816,-12.874338751443249,26.185085807263842,8712.566124855675,118,16,102,13.559322033898304,0.5320211726922653,-33.63316990698526,-0.28502686361851914,-29.184873450904945,32.79179698214145,7081.512654909506,-28.928239486084713
30,5,2.5,1,1,0.05,12,1,0.0,1.5,72,0,170,62,108,36.470588235294116,0.7728806888882743,-25.9684212182632,-0.15275541893095998,-23.82426143042391,27.95498356844633,7617.573856957609,64,19,45,29.6875,0.6014708903004733,-18.50765667817105,-0.28918213559642264,-17.26473510571507,17.72346032168298,8273.526489428494,-28.975132066158533
30,5,3.5,1,0,0.05,12,1,0.0,2.0,72,0,309,96,213,31.067961165048544,0.8285362871261691,-38.448244755353,-0.12442797655454046,-33.92083826942146,41.44299223159227,6607.916173057854,117,29,88,24.786324786324787,0.6341713274709831,-33.04179781594435,-0.2824085283414047,-28.870640709553662,31.74730659433521,7112.935929044634,-28.98202125064747
30,5,3.5,1,2,0.15,12,1,0.1,1.5,6,1,248,86,162,34.67741935483871,0.7949864735425696,-27.982101784054244,-0.11283105558086388,-25.502150342360885,30.36056490583211,7449.784965763912,91,24,67,26.373626373626372,0.5335308661874902,-26.118980339037506,-0.2870217619674451,-23.36308224718001,24.534997642449447,7663.691775281999,-29.00456950101455
30,5,3.5,1,0,0.05,12,1,0.0,2.0,24,0,312,99,213,31.73076923076923,0.8431368847062117,-34.69435398178743,-0.11119985250572895,-31.373221407435615,39.50559295310637,6862.677859256439,118,29,89,24.576271186440678,0.626311079505285,-33.50700893964323,-0.28395770287833244,-29.184155302095704,32.048141799044394,7081.5844697904295,-29.0355713566979
30,5,3.5,1,1,0.05,12,1,0.1,3.0,72,0,141,33,108,23.404255319148938,0.8117260138168431,-21.444603228110857,-0.1520893845965309,-20.844656768485525,26.763319111008016,7915.534323151447,49,9,40,18.367346938775512,0.6517702617828531,-14.279817654816574,-0.29142485009829744,-13.82647510119568,16.638867742757864,8617.352489880432,-29.053541332381705
30,5,3.5,1,1,0.05,12,0,0.1,2.0,24,1,158,39,119,24.68354430379747,0.6614681130606753,-27.99194571291002,-0.17716421337284824,-25.08041971610281,29.700659141012785,7491.958028389719,48,12,36,25.0,0.46298853107393967,-13.756031756744207,-0.28658399493217096,-13.040350138410306,14.247118325033181,8695.96498615897,-29.12527994971892
30,5,3.5,1,2,0.15,12,1,0.0,2.0,72,1,241,53,188,21.991701244813278,0.7093478019255219,-42.481079250155574,-0.17627003838238828,-35.75401305547376,38.38011074679532,6424.598694452623,89,16,73,17.97752808988764,0.5559502629406361,-25.269741052648833,-0.28392967474886327,-22.79479442557326,23.770756368908078,7720.520557442674,-29.133892626779748
30,5,3.5,1,2,0.15,12,1,0.25,3.0,6,1,261,70,191,26.81992337164751,0.7070156106464829,-41.7926155165119,-0.16012496366479656,-35.36188610944424,38.714655929618395,6463.811389055576,91,22,69,24.175824175824175,0.5282200619117553,-25.85192670382604,-0.284087106635451,-23.223387848852393,25.496898171506547,7677.661215114761,-29.22297103779379
30,5,3.5,1,1,0.05,12,1,0.1,1.0,6,0,144,65,79,45.138888888888886,0.7571363437337176,-19.20144569864152,-0.13334337290723278,-18.041400006942652,18.528457161740914,8195.859999305734,50,18,32,36.0,0.5149391517053851,-14.770294850343458,-0.29540589700686914,-13.928802904837445,14.368220887803632,8607.119709516255,-29.22923626370817
30,5,3.5,1,1,0.05,12,1,0.1,1.0,6,1,144,65,79,45.138888888888886,0.7571363437337176,-19.20144569864152,-0.13334337290723278,-18.041400006942652,18.528457161740914,8195.859999305734,50,18,32,36.0,0.5149391517053851,-14.770294850343458,-0.29540589700686914,-13.928802904837445,14.368220887803632,8607.119709516255,-29.22923626370817
30,5,3.5,1,2,0.15,12,1,0.1,2.0,6,1,248,71,177,28.629032258064516,0.7783125329894812,-30.42564394043763,-0.12268404814692593,-27.449346365784766,30.93291694882547,7255.065363421523,91,20,71,21.978021978021978,0.5314748283922763,-26.303793706507324,-0.28905267809348706,-23.548935016380778,25.08712947410895,7645.106498361922,-29.246114311788777
30,5,3.5,1,1,0.05,12,0,0.1,3.0,24,1,156,34,122,21.794871794871796,0.6852186802139025,-25.43312874272248,-0.16303287655591334,-23.252435898435674,29.53365525667586,7674.756410156432,48,11,37,22.916666666666668,0.46060683196991126,-13.818828749314353,-0.2878922656107157,-13.118965262381987,14.785278072643937,8688.103473761801,-29.250850182721233
30,5,2.5,1,1,0.05,12,1,0.1,2.0,6,1,190,55,135,28.94736842105263,0.8725164027176766,-13.664000789528421,-0.07191579362909695,-13.99745600684319,17.318072577140782,8600.254399315681,65,14,51,21.53846153846154,0.5412976791227541,-19.31152110596169,-0.2971003247071029,-17.914841702330964,18.33390982160833,8208.515829766904,-29.308506227558635
30,5,3.5,1,0,0.05,12,1,0.1,3.0,6,0,335,112,223,33.43283582089552,0.9083347392043652,-19.64514780126524,-0.058642232242582804,-20.62914309377124,31.01388750954497,7937.085690622876,121,31,90,25.619834710743802,0.6007115903170911,-35.248557474695986,-0.2913103923528594,-30.47342758943833,32.43168152371989,6952.657241056167,-29.395114841601625
30,5,2.5,1,1,0.05,12,1,0.1,2.0,24,0,188,65,123,34.57446808510638,0.9329179852941981,-8.680182366942276,-0.046171182802884445,-9.983440101194885,19.028631187892476,9001.655989880512,63,15,48,23.80952380952381,0.6115610858770637,-18.802127889498518,-0.2984464744364844,-17.585684581369566,19.888552475174702,8241.431541863043,-29.39895011206883
30,5,3.5,1,2,0.15,12,0,0.25,2.5,72,1,208,53,155,25.48076923076923,1.0236872054565689,2.558458961763149,0.01230028347001514,0.7235673297439904,32.49163883330557,10072.356732974398,70,15,55,21.428571428571427,0.5266683935320724,-20.26284289136766,-0.28946918416239514,-18.70602034531371,18.853584601668956,8129.397965468629,-29.416811971469574
30,5,3.5,1,1,0.05,12,1,0.0,2.5,24,0,129,34,95,26.356589147286822,0.7656945834934038,-23.369838211594878,-0.1811615365239913,-21.967319765797676,27.063128069886456,7803.268023420233,49,10,39,20.408163265306122,0.6305261237735708,-14.430372512869445,-0.2944973982218254,-13.869282872003552,15.566677994955041,8613.071712799645,-29.42127295828577
30,5,2.5,1,1,0.05,12,1,0.25,1.5,24,1,204,73,131,35.78431372549019,0.9424403473589034,-6.342396204755635,-0.031090177474292328,-7.376884216638513,21.879887452722897,9262.311578336148,64,15,49,23.4375,0.538526467747982,-18.986636872841853,-0.29666620113815395,-17.601395091180127,17.97738691157744,8239.860490881987,-29.484921698493242
30,5,3.5,1,2,0.05,12,1,0.1,1.0,24,0,235,105,130,44.680851063829785,0.7445069490617566,-34.60204333377025,-0.14724273759051168,-30.090859156455863,34.50540409657609,6990.914084354414,82,30,52,36.58536585365854,0.5529331592452642,-23.749988558490656,-0.28963400681086166,-21.467808953448053,24.292416028553422,7853.219104655195,-29.485974547610546
30,5,3.5,1,2,0.05,12,1,0.1,1.0,24,1,235,105,130,44.680851063829785,0.7445069490617566,-34.60204333377025,-0.14724273759051168,-30.090859156455863,34.50540409657609,6990.914084354414,82,30,52,36.58536585365854,0.5529331592452642,-23.749988558490656,-0.28963400681086166,-21.467808953448053,24.292416028553422,7853.219104655195,-29.485974547610546
30,5,3.5,1,2,0.15,12,1,0.25,1.5,6,0,262,103,159,39.31297709923664,0.7775324343532549,-34.06026747822392,-0.1300010209092516,-29.987280833652108,32.143001036820216,7001.271916634789,91,30,61,32.967032967032964,0.5619808539454451,-26.53289316844781,-0.2915702545983276,-23.717524533377,24.663028760374853,7628.2475466623,-29.50946495644618
30,5,2.5,1,1,0.05,12,1,0.25,1.5,72,1,204,72,132,35.294117647058826,0.9283606505772114,-7.944994787629329,-0.03894605288053593,-8.850560752706716,22.53788465234639,9114.943924729329,64,15,49,23.4375,0.538526467747982,-18.986636872841853,-0.29666620113815395,-17.601395091180127,17.97738691157744,8239.860490881987,-29.52440153047065
30,5,3.5,1,0,0.05,12,1,0.0,3.0,72,1,313,56,257,17.891373801916934,0.8635826847422842,-25.653699081911252,-0.08196069994220848,-25.163528486744724,36.35611054234853,7483.647151325527,118,14,104,11.864406779661017,0.5376999525200032,-34.1147135582433,-0.289107742019011,-29.574897407479817,32.02548933543582,7042.510259252019,-29.538828580090854
30,5,3.5,1,2,0.05,12,0,0.25,1.0,72,0,212,104,108,49.056603773584904,0.9483305415428002,-5.421492920530993,-0.02557307981382544,-6.234607301226481,21.525105699649806,9376.539269877352,70,24,46,34.285714285714285,0.5107534325955597,-20.79412630734266,-0.2970589472477523,-19.030112719189386,19.116935468036505,8096.988728081062,-29.54962621385896
30,5,3.5,1,2,0.05,12,0,0.25,1.0,72,1,212,104,108,49.056603773584904,0.9483305415428002,-5.421492920530993,-0.02557307981382544,-6.234607301226481,21.525105699649806,9376.539269877352,70,24,46,34.285714285714285,0.5107534325955597,-20.79412630734266,-0.2970589472477523,-19.030112719189386,19.116935468036505,8096.988728081062,-29.54962621385896
30,5,3.5,1,2,0.05,12,1,0.1,1.0,72,1,234,104,130,44.44444444444444,0.7335581115655533,-36.27925913825185,-0.15503956896688825,-31.2538060461226,35.59491450504081,6874.61939538774,82,30,52,36.58536585365854,0.5529331592452642,-23.749988558490656,-0.28963400681086166,-21.467808953448053,24.292416028553422,7853.219104655195,-29.551345172118427
30,5,3.5,1,2,0.05,12,1,0.1,1.0,72,0,234,104,130,44.44444444444444,0.7335581115655533,-36.27925913825185,-0.15503956896688825,-31.2538060461226,35.59491450504081,6874.61939538774,82,30,52,36.58536585365854,0.5529331592452642,-23.749988558490656,-0.28963400681086166,-21.467808953448053,24.292416028553422,7853.219104655195,-29.551345172118427
30,5,3.5,1,1,0.05,12,1,0.0,3.0,72,0,128,28,100,21.875,0.736239808717807,-27.880199331045223,-0.2178140572737908,-25.590312825766638,31.393563621024857,7440.968717423337,49,9,40,18.367346938775512,0.6492904113817192,-14.395766055810984,-0.29379114399614253,-13.924818142960827,15.623582574607694,8607.518185703917,-29.57294509356949
30,5,3.5,1,2,0.15,12,1,0.0,1.5,6,1,243,79,164,32.510288065843625,0.7517697020194896,-34.196625666122735,-0.14072685459309767,-29.980094423065008,33.28332255565492,7001.990557693499,91,25,66,27.47252747252747,0.5423021565302396,-26.55995215118997,-0.29186760605703266,-23.718407287555387,24.682693709829646,7628.159271244461,-29.64697678827718
30,5,3.5,1,1,0.05,12,1,0.0,1.5,24,1,130,41,89,31.53846153846154,0.721637302369584,-22.398359960195776,-0.17229507661689059,-20.737182234182317,22.436883636018848,7926.281776581768,50,13,37,26.0,0.5611153099172277,-14.920748211414153,-0.29841496422828306,-14.130930877672975,14.607031453750599,8586.906912232702,-29.67229625788255
30,5,3.5,1,1,0.05,12,1,0.0,1.5,72,1,130,41,89,31.53846153846154,0.7147924126676455,-23.136308447361166,-0.17797160344123975,-21.323435484115404,23.28134059887858,7867.656451588459,50,13,37,26.0,0.5611153099172277,-14.920748211414153,-0.29841496422828306,-14.130930877672975,14.607031453750599,8586.906912232702,-29.722963675654135
30,5,3.5,1,0,0.05,12,1,0.25,3.0,72,1,337,60,277,17.80415430267062,0.9085229225292373,-17.56559644549897,-0.052123431589017714,-19.012540104018182,28.3751656046001,8098.745989598182,117,13,104,11.11111111111111,0.5177235680225027,-34.189062554691155,-0.2922142098691552,-29.584891834554693,34.04802448355736,7041.510816544531,-29.751786857437388
30,5,3.5,1,2,0.05,12,1,0.0,1.0,6,0,231,102,129,44.15584415584416,0.7219556433510963,-35.90915555194936,-0.15545088983527863,-30.94219651535046,32.82604894957443,6905.780348464954,83,31,52,37.34939759036145,0.5370676588525191,-24.335030867037485,-0.29319314297635524,-21.91633342215269,23.298951495399677,7808.366657784731,-29.77166023702062
30,5,3.5,1,2,0.05,12,1,0.0,1.0,6,1,231,102,129,44.15584415584416,0.7219556433510963,-35.90915555194936,-0.15545088983527863,-30.94219651535046,32.82604894957443,6905.780348464954,83,31,52,37.34939759036145,0.5370676588525191,-24.335030867037485,-0.29319314297635524,-21.91633342215269,23.298951495399677,7808.366657784731,-29.77166023702062
30,5,2.5,1,1,0.05,12,1,0.25,2.5,72,0,200,57,143,28.5,0.9123247446775006,-13.185952330198,-0.06592976165099,-14.475918206703131,23.01849048252158,8552.408179329686,63,13,50,20.634920634920636,0.6295740469763892,-18.95303380056089,-0.30084180635810936,-17.80643997358733,21.191689824565884,8219.356002641267,-29.79025366247349
30,5,3.5,1,2,0.15,12,1,0.0,1.0,6,0,243,107,136,44.03292181069959,0.717062198981335,-38.64264738556839,-0.15902324026982875,-32.845736181993644,34.677661279208614,6715.426381800636,91,34,57,37.362637362637365,0.5387736387792196,-26.62866547720575,-0.29262269755171155,-23.71790014928464,25.428291729150963,7628.209985071536,-29.81320329666033
30,5,3.5,1,2,0.15,12,1,0.0,1.0,6,1,243,107,136,44.03292181069959,0.717062198981335,-38.64264738556839,-0.15902324026982875,-32.845736181993644,34.677661279208614,6715.426381800636,91,34,57,37.362637362637365,0.5387736387792196,-26.62866547720575,-0.29262269755171155,-23.71790014928464,25.428291729150963,7628.209985071536,-29.81320329666033
30,5,3.5,1,2,0.05,12,1,0.1,3.0,6,1,234,61,173,26.068376068376068,0.7671934006996722,-29.996645015486386,-0.12819079066447173,-27.247909727681087,29.967845260082314,7275.209027231891,83,17,66,20.481927710843372,0.5270771789256361,-24.57513532944141,-0.2960859678245953,-22.237366159897597,25.31826906745091,7776.26338401024,-29.909431460328868
30,5,3.5,1,2,0.15,12,1,0.1,1.5,72,1,247,77,170,31.17408906882591,0.770120033571445,-33.54499664074902,-0.13580970299898387,-29.617020980368746,34.36177024488259,7038.297901963125,90,21,69,23.333333333333332,0.5399797654214279,-26.486432722905462,-0.2942936969211718,-23.66888694470096,24.83612603978142,7633.111305529904,-29.960030425315594
30,5,3.5,1,2,0.15,12,1,0.25,1.5,6,1,262,92,170,35.11450381679389,0.7688437532307242,-32.72096681653677,-0.12488918632265944,-28.954661660776637,32.60455848227344,7104.533833922336,91,25,66,27.47252747252747,0.5098515890224652,-26.82946000555513,-0.2948292308302762,-23.886747967454948,25.04887227343044,7611.325203254505,-29.967314556214188
30,5,2.5,1,1,0.05,12,1,0.25,2.0,6,1,205,63,142,30.73170731707317,0.9467231762481687,-5.772890105479188,-0.02816043953892287,-7.013959663347014,17.317701321818458,9298.604033665299,65,14,51,21.53846153846154,0.5160413758719059,-19.71310568272585,-0.30327854896501305,-18.222212619136325,18.595371596517314,8177.778738086367,-29.992528966345887
30,5,3.5,1,2,0.15,12,1,0.1,1.5,24,1,248,78,170,31.451612903225808,0.7839601139457391,-31.367780836267425,-0.12648298724301382,-28.071876781036174,32.920789323454244,7192.812321896383,90,21,69,23.333333333333332,0.5373862704335581,-26.635757525055382,-0.2959528613895043,-23.78119092350336,24.946712690100792,7621.880907649664,-30.044675006838883
30,5,2.5,1,1,0.05,12,0,0.1,2.0,72,1,194,43,151,22.164948453608247,0.72341779107277,-29.007347521580293,-0.14952240990505306,-26.11196785050295,32.48843267623711,7388.803214949705,57,10,47,17.54385964912281,0.5023958953904016,-16.83312286117476,-0.29531794493289054,-15.770529100025199,17.20979068967677,8422.94708999748,-30.070264362027835
30,5,3.5,1,2,0.15,12,1,0.25,2.5,6,1,261,78,183,29.885057471264368,0.8051715018669812,-27.703738314073043,-0.10614459124165916,-25.61607667260317,32.796001617757796,7438.392332739683,91,22,69,24.175824175824175,0.5078072551356411,-26.970478685357644,-0.2963788866522818,-24.048948066676733,25.93841674366541,7595.105193332326,-30.137855394317462
30,5,2.5,1,1,0.05,12,0,0.25,3.0,72,1,190,37,153,19.473684210526315,0.8950035071182817,-10.660636993652947,-0.05610861575606814,-11.696006422343086,29.1829606428606,8830.399357765691,55,8,47,14.545454545454545,0.48282544518340287,-16.429171282115675,-0.2987122051293759,-15.448343689856014,16.66326541122117,8455.165631014399,-30.254012092068905
30,5,3.5,1,2,0.15,12,1,0.1,3.0,72,1,244,37,207,15.163934426229508,0.7482013679611945,-36.87889892118609,-0.15114302836551677,-32.44963777488717,38.63946785060367,6755.036222511283,88,11,77,12.5,0.5419817115373933,-26.009634636957703,-0.29556402996542847,-23.463308303606567,25.731528792434045,7653.669169639344,-30.341944007531065
30,5,2.5,1,1,0.05,12,1,0.1,1.5,24,1,189,67,122,35.44973544973545,0.8776021009784416,-13.274256994353173,-0.07023416399128664,-13.52112009830051,22.19730720590352,8647.88799016995,65,16,49,24.615384615384617,0.5425102803692557,-19.84410664106203,-0.30529394832403123,-18.323057211191895,18.74004127399541,8167.69427888081,-30.35724722981618
30,5,2.5,1,1,0.05,12,1,0.1,1.5,72,1,189,66,123,34.92063492063492,0.8634768869594835,-14.90233487661365,-0.0788483326804955,-14.918456050289263,22.613372119913226,8508.154394971074,65,16,49,24.615384615384617,0.5425102803692557,-19.84410664106203,-0.30529394832403123,-18.323057211191895,18.74004127399541,8167.69427888081,-30.382211124656763
30,5,3.5,1,2,0.15,12,1,0.0,2.0,24,1,242,54,188,22.31404958677686,0.7261960972631164,-39.82057892880698,-0.164547846813252,-34.030908994968144,36.72743971736924,6596.909100503186,90,16,74,17.77777777777778,0.5372401095661702,-26.80509156851454,-0.2978343507612727,-23.96833466575796,24.929461720630652,7603.166533424203,-30.4615152893854
30,5,3.5,1,1,0.05,12,0,0.0,2.5,72,1,147,29,118,19.727891156462587,0.7487074710409614,-20.07561562092395,-0.136568813747782,-19.091076934696726,25.09377487755237,8090.892306530327,47,8,39,17.02127659574468,0.4868016054495802,-14.255385734647424,-0.30330607946058347,-13.528415403834748,15.846113048968572,8647.158459616525,-30.47551112672154
30,5,2.5,1,1,0.05,12,1,0.25,2.0,72,0,202,70,132,34.65346534653465,0.9686533217181228,-4.351867731204475,-0.021543899659428094,-6.182295951561779,18.723162182617965,9381.770404843823,63,15,48,23.80952380952381,0.6040596234668177,-19.453033800560934,-0.308778314294618,-18.1237053074664,20.421674099830973,8187.62946925336,-30.47912432018206
30,5,3.5,1,2,0.15,12,1,0.0,1.5,24,1,243,72,171,29.62962962962963,0.7193873612255428,-40.885999489554656,-0.1682551419323237,-34.56117066797911,37.77652250463269,6543.882933202089,90,21,69,23.333333333333332,0.53645888384551,-26.786690205191256,-0.29762989116879174,-23.898577832175793,24.860586693066054,7610.14221678242,-30.50557674881443
30,5,2.5,1,1,0.05,12,1,0.25,1.0,6,0,205,98,107,47.80487804878049,0.8335664193460268,-17.75017608067243,-0.08658622478376794,-17.07368533836908,20.397677197374485,8292.631466163091,65,23,42,35.38461538461539,0.506998474417963,-19.993443094134946,-0.3075914322174607,-18.371261063364642,18.74373992005749,8162.8738936635355,-30.550041430549975
30,5,2.5,1,1,0.05,12,1,0.25,1.0,6,1,205,98,107,47.80487804878049,0.8335664193460268,-17.75017608067243,-0.08658622478376794,-17.07368533836908,20.397677197374485,8292.631466163091,65,23,42,35.38461538461539,0.506998474417963,-19.993443094134946,-0.3075914322174607,-18.371261063364642,18.74373992005749,8162.8738936635355,-30.550041430549975
30,5,3.5,1,2,0.15,12,1,0.0,1.5,72,1,242,71,171,29.33884297520661,0.7060182234628433,-43.04649981090326,-0.17787809839216226,-35.95629178902314,39.10309403050986,6404.370821097686,90,21,69,23.333333333333332,0.53645888384551,-26.786690205191256,-0.29762989116879174,-23.898577832175793,24.860586693066054,7610.14221678242,-30.585171040367058
60,3,3.5,1,1,0.05,12,1,0.25,1.5,24,0,91,40,51,43.956043956043956,1.1001267655236093,5.306323936569668,0.05831125205021613,4.71500032499137,10.333678804330937,10471.500032499138,33,10,23,30.303030303030305,0.5577660520925424,-10.325795481924544,-0.31290289339165284,-10.001057013439496,13.83569185456747,8999.89429865605,-30.65226269379263
60,3,3.5,1,1,0.05,12,1,0.0,3.0,6,0,84,31,53,36.904761904761905,0.9294654836892126,-3.6841180978494714,-0.04385854878392228,-4.401629847383026,12.18333879074359,9559.837015261697,34,9,25,26.470588235294116,0.5677667613655577,-10.534697841279336,-0.30984405415527455,-10.258586863592555,19.35163016293353,8974.141313640745,-30.65443489642341
30,5,3.5,1,2,0.15,12,1,0.1,2.0,24,1,247,56,191,22.672064777327936,0.7565932661127847,-35.30641423973396,-0.1429409483390039,-31.011053137303833,34.474951787012344,6898.894686269617,90,16,74,17.77777777777778,0.5290089844713675,-27.191263659022415,-0.30212515176691573,-24.25266151688099,25.7766970063455,7574.733848311901,-30.771908364317895
30,5,3.5,1,1,0.05,12,1,0.1,2.5,72,0,142,39,103,27.464788732394368,0.8563269918556596,-15.596659162787187,-0.10983562790695202,-15.879681055133755,21.526996305044744,8412.031894486625,49,10,39,20.408163265306122,0.6178803908041156,-15.279817654816592,-0.3118330133636039,-14.603581193873016,16.82959399727893,8539.641880612699,-30.84795803251203
60,3,3.5,1,1,0.05,12,1,0.1,2.0,24,1,86,20,66,23.25581395348837,0.8619499686660812,-6.155194356155608,-0.07157202739715823,-6.529689484935586,13.70861912310604,9347.031051506441,33,7,26,21.21212121212121,0.5173759585221117,-10.370418297471756,-0.31425509992338657,-10.041364542018894,13.749524407296565,8995.86354579811,-30.863093487270614
30,5,3.5,1,1,0.05,12,1,0.25,2.5,6,0,156,52,104,33.333333333333336,0.8684971955173275,-13.007487800337422,-0.08338133205344501,-13.461653445406807,18.824404334291025,8653.834655459319,50,11,39,22.0,0.5705655235668315,-15.660612042564358,-0.3132122408512872,-14.862217994977744,15.589396723111212,8513.778200502225,-30.916374734780085
60,3,3.5,1,1,0.05,12,1,0.1,2.5,24,1,84,16,68,19.047619047619047,0.8524574241010552,-6.592209504135321,-0.07847868457303953,-7.017666611898255,13.379781386770004,9298.233338810174,33,6,27,18.181818181818183,0.5178311231748006,-10.370418297471735,-0.3142550999233859,-10.063128209104722,15.026364445946946,8993.687179089527,-30.93879356028419
30,5,3.5,1,2,0.05,12,1,0.1,2.0,72,1,233,54,179,23.175965665236053,0.7722161185549966,-31.217892541718477,-0.13398237142368444,-28.075526947174502,31.686816819224912,7192.44730528255,81,14,67,17.28395061728395,0.5289236804070067,-24.736183271415065,-0.30538497865944525,-22.33477160647217,24.680376929208265,7766.522839352783,-30.94118758955758
60,3,3.5,1,1,0.05,12,1,0.1,3.0,24,0,84,25,59,29.761904761904763,0.9783284566074744,-1.329324802829039,-0.015825295271774273,-2.4468420305234995,14.738724980694773,9755.31579694765,33,7,26,21.21212121212121,0.6084581499257299,-10.370418297471756,-0.31425509992338657,-10.173336628252471,18.16476411790234,8982.666337174753,-30.945843487099722
60,3,3.5,1,1,0.05,12,1,0.0,1.5,24,0,84,37,47,44.04761904761905,1.0937914363364023,4.611186514941674,0.054895077558829455,4.044190144151916,12.67968112502865,10404.41901441519,33,10,23,30.303030303030305,0.557002017030413,-10.43760085299969,-0.31629093493938454,-10.103869463066362,13.798270122781517,8989.613053693363,-30.990349614782904
30,5,3.5,1,0,0.05,12,1,0.0,3.0,24,1,315,59,256,18.73015873015873,0.899753924906193,-18.710618792896543,-0.05939878981871918,-19.818489143543882,31.253008049717135,8018.151085645612,119,14,105,11.764705882352942,0.5143143925064911,-36.33433218364094,-0.30533052255160453,-31.104057313493726,33.50143885503524,6889.594268650627,-31.03576062717138
30,5,2.5,1,1,0.05,12,1,0.1,2.0,72,0,188,64,124,34.04255319148936,0.9363859284647238,-8.339869933469187,-0.044361010284410564,-9.7145868211296,21.40472142284017,9028.54131788704,63,15,48,23.80952380952381,0.599570905280055,-19.770114712413772,-0.31381134464148847,-18.383790672684786,20.664357430040457,8161.620932731521,-31.05038763062318
30,5,3.5,1,2,0.15,12,0,0.25,1.5,72,1,216,73,143,33.7962962962963,0.9118868372560188,-9.676816890514564,-0.04480007819682669,-10.37406075648547,30.300254286526606,8962.593924351453,73,18,55,24.65753424657534,0.48868043234161684,-22.40777149115263,-0.3069557738514059,-20.366073196021837,20.51062413619468,7963.392680397817,-31.105825268328534
30,5,3.5,1,2,0.15,12,1,0.25,3.0,6,0,261,87,174,33.333333333333336,0.7034823283941825,-49.23803974061438,-0.18865149325905894,-40.1556154913611,42.1506137253735,5984.4384508638905,91,26,65,28.571428571428573,0.5744505262306745,-27.513397252003536,-0.3023450247472916,-24.608107233452525,26.101470069262895,7539.189276654748,-31.162459388085317
60,3,3.5,1,1,0.05,12,1,0.25,1.5,72,1,91,35,56,38.46153846153846,1.163384457716755,7.215259018860756,0.0792885606468215,6.836479244867832,11.767101355997072,10683.647924486782,33,8,25,24.242424242424242,0.530696210083418,-10.500392710411198,-0.31819371849730904,-10.149018242298368,12.965181856018607,8985.098175770163,-31.183254288463566
30,5,2.5,1,1,0.05,12,1,0.0,2.5,24,1,170,36,134,21.176470588235293,0.8034059987927504,-20.45118699305484,-0.12030109995914612,-19.740123688199073,23.070592181560578,8025.987631180093,64,10,54,15.625,0.5509693522349324,-20.060279844075666,-0.3134418725636823,-18.60828961609068,19.429840481329926,8139.171038390932,-31.209045355802434
30,5,3.5,1,2,0.05,12,1,0.1,3.0,72,1,231,36,195,15.584415584415584,0.7741031058586266,-31.113161418689003,-0.13468901047051515,-28.376977505774448,34.9399969204011,7162.302249422555,81,10,71,12.345679012345679,0.5284319776744486,-24.794593086282458,-0.3061060874849686,-22.477133455633712,25.548536945252074,7752.286654436629,-31.209472683645597
30,5,3.5,1,2,0.15,12,1,0.25,2.0,72,1,255,63,192,24.705882352941178,0.8324147179414606,-24.83969865942226,-0.09741058297812652,-23.51280932169708,30.07159005481124,7648.719067830292,89,14,75,15.730337078651685,0.5031695474067781,-27.476081170623903,-0.30872001315307757,-24.444081124421878,25.811163036067853,7555.591887557812,-31.219976656749846
30,5,3.5,1,1,0.05,12,0,0.25,2.5,72,1,145,31,114,21.379310344827587,0.8257845268869832,-13.643202197976724,-0.09409104964121878,-13.759407782922029,23.649735828491057,8624.059221707797,46,8,38,17.391304347826086,0.4818073827989811,-14.33638987197525,-0.3116606493907663,-13.596124312516789,15.95632283185571,8640.387568748321,-31.236419563017126
30,5,3.5,1,2,0.15,12,1,0.1,3.0,6,1,247,62,185,25.101214574898787,0.7400575834893838,-35.76238251798349,-0.14478697375701818,-31.384771552673996,33.950044896974305,6861.522844732601,91,18,73,19.78021978021978,0.503036984709268,-27.926369335177338,-0.30688317950744326,-24.81919412929694,27.0472319561596,7518.080587070306,-31.267067817439344
30,5,3.5,1,1,0.05,12,1,0.0,1.0,6,0,131,53,78,40.458015267175576,0.6130295731650933,-30.705145690569523,-0.23439042511885133,-26.912978479992,27.31758682619067,7308.7021520008,50,18,32,36.0,0.5156535618028405,-15.534436709467485,-0.3106887341893497,-14.596928507464469,15.070445362275956,8540.307149253553,-31.283438941628297
30,5,3.5,1,1,0.05,12,1,0.0,1.0,6,1,131,53,78,40.458015267175576,0.6130295731650933,-30.705145690569523,-0.23439042511885133,-26.912978479992,27.31758682619067,7308.7021520008,50,18,32,36.0,0.5156535618028405,-15.534436709467485,-0.3106887341893497,-14.596928507464469,15.070445362275956,8540.307149253553,-31.283438941628297
30,5,3.5,1,1,0.05,12,1,0.0,2.0,24,1,130,32,98,24.615384615384617,0.7477859935303108,-20.398359960195773,-0.15691046123227517,-19.26899222675894,22.15656658101739,8073.100777324105,49,9,40,18.367346938775512,0.5342386038502012,-15.395766055810988,-0.31419930726144873,-14.561034697532737,15.034750565373722,8543.896530246726,-31.2896452127627
30,5,2.5,1,1,0.05,12,1,0.25,1.5,6,1,205,75,130,36.58536585365854,0.8954415863837106,-11.265055012451377,-0.054951487865616475,-11.74275076983946,20.152395893147734,8825.724923016054,65,16,49,24.615384615384617,0.49637095220787375,-20.49344309413495,-0.31528373990976843,-18.815173902892113,19.185627147660863,8118.482609710789,-31.325810365947316
60,3,3.5,1,1,0.05,12,1,0.0,3.0,24,1,82,14,68,17.073170731707318,0.8123078839248016,-8.628405928333406,-0.10522446254065129,-8.961975531708632,16.643052032864126,9103.802446829137,33,5,28,15.151515151515152,0.495094490206335,-10.437600852999687,-0.3162909349393844,-10.12933736831787,17.486196682292064,8987.066263168213,-31.33544026200168
30,5,3.5,1,1,0.05,12,1,0.0,2.0,72,1,130,32,98,24.615384615384617,0.7407652592986568,-21.13630844736116,-0.1625869880566243,-19.866104681394013,23.004075454372785,8013.389531860598,49,9,40,18.367346938775512,0.5342386038502012,-15.395766055810988,-0.31419930726144873,-14.561034697532737,15.034750565373722,8543.896530246726,-31.340495745164024
30,5,2.5,1,1,0.05,12,1,0.0,2.5,72,1,170,34,136,20.0,0.7711496158809351,-23.968421218263153,-0.14099071304860678,-22.50126152371783,25.353720752650442,7749.873847628217,64,10,54,15.625,0.5509693522349324,-20.060279844075666,-0.3134418725636823,-18.60828961609068,19.429840481329926,8139.171038390932,-31.34603307006783
30,5,3.5,1,2,0.05,12,1,0.0,1.5,6,1,231,77,154,33.333333333333336,0.7736362251178966,-29.46313383250372,-0.1275460339069425,-26.5417997532952,30.00723135628023,7345.820024670479,83,22,61,26.50602409638554,0.5125638409086706,-25.766317541021706,-0.3104375607352013,-23.06557620437337,23.671736437481314,7693.442379562663,-31.375980593195273
30,5,3.5,1,1,0.05,12,1,0.0,2.5,72,0,129,33,96,25.58139534883721,0.7725891470288585,-23.069894785122067,-0.1788363936831168,-21.772328390703453,27.138033533291495,7822.767160929654,49,10,39,20.408163265306122,0.6153168187330825,-15.395766055810984,-0.3141993072614487,-14.701173540680301,15.566677994955041,8529.88264593197,-31.426376800133376
30,5,3.5,1,0,0.05,12,1,0.25,1.5,24,0,342,134,208,39.1812865497076,0.8984972075483255,-21.7426044245827,-0.06357486673854591,-21.53434948371912,29.26418895236485,7846.565051628088,119,33,86,27.73109243697479,0.5676213304957096,-37.11480419424709,-0.311889110876026,-31.552476579000178,32.217948377659866,6844.752342099982,-31.50799615499257
30,5,3.5,1,2,0.15,12,1,0.0,1.5,24,0,241,91,150,37.75933609958506,0.8451832218582442,-24.29493601427511,-0.10080886312977223,-22.958725015295844,29.03986281861302,7704.127498470416,90,25,65,27.77777777777778,0.5657127134226582,-28.216550813024313,-0.3135172312558257,-25.037723274126535,27.07969640803207,7496.227672587347,-31.511603517202353
30,5,3.5,1,2,0.05,12,1,0.1,2.0,6,1,235,70,165,29.78723404255319,0.8158984008613115,-23.659906437940528,-0.1006804529274065,-22.32078734836901,26.050609294168343,7767.9212651631,83,18,65,21.686746987951807,0.4980619296396956,-26.067349542092472,-0.31406445231436714,-23.321788488830208,25.637584434824905,7667.821151116979,-31.53027624992309
30,5,3.5,1,2,0.15,12,1,0.0,2.0,6,0,242,88,154,36.36363636363637,0.8559836542498529,-22.115062240619505,-0.09138455471330374,-21.400500530281008,25.82425055572254,7859.949946971899,91,25,66,27.47252747252747,0.5712735485440289,-28.71856886521318,-0.31558866884849646,-25.477846777937085,26.602567069475576,7452.215322206292,-31.560294954225217
30,5,3.5,1,1,0.05,12,0,0.0,2.0,72,1,150,34,116,22.666666666666668,0.7026540565654822,-24.62337823477747,-0.16415585489851647,-22.58056916718364,25.982344403008163,7741.943083281636,47,8,39,17.02127659574468,0.46916470365258256,-14.745295369888098,-0.31372968872102336,-13.93342841157158,15.417044150385905,8606.657158842841,-31.60646002788687
30,5,3.5,1,2,0.15,12,1,0.25,1.5,72,1,259,80,179,30.888030888030887,0.7745409419292192,-34.00592855629827,-0.13129702145288907,-29.980315951760982,33.52778895468499,7001.968404823901,90,19,71,21.11111111111111,0.5023115288266874,-27.986881468271292,-0.3109653496474588,-24.784007796031958,25.781046306715282,7521.599220396804,-31.65249329372192
30,5,3.5,1,0,0.05,12,1,0.1,2.5,6,0,336,118,218,35.11904761904762,0.9537301617837463,-9.76523508601778,-0.029063199660767203,-12.213774105664177,29.362017760266767,8778.622589433582,121,32,89,26.446280991735538,0.5689875356652915,-37.962097468704684,-0.31373634271656764,-32.25618518795227,33.84299724212039,6774.381481204773,-31.785836930380082
30,5,3.5,1,2,0.15,12,1,0.25,1.5,24,1,260,81,179,31.153846153846153,0.7880669722901776,-31.809243440604263,-0.12234324400232409,-28.429304012361932,32.05535738960526,7157.069598763806,90,19,71,21.11111111111111,0.4985391110171374,-28.19617956905431,-0.3132908841006034,-24.939027723053687,25.93401134045388,7506.097227694631,-31.804245680750693
30,5,3.5,1,2,0.05,12,1,0.25,2.5,6,1,248,74,174,29.838709677419356,0.8089833710417138,-25.697240213307232,-0.10361790408591626,-24.032653076211695,31.664559608486343,7596.734692378831,83,20,63,24.096385542168676,0.48550665037593405,-26.047743277447754,-0.31382823225840667,-23.303032233168295,25.9781714599151,7669.69677668317,-31.868601821713654
30,5,3.5,1,2,0.05,12,1,0.1,1.5,6,1,235,84,151,35.744680851063826,0.8262178846594377,-22.216364281557144,-0.09453772034705167,-21.02842071157869,26.17859179273616,7897.157928842131,83,21,62,25.301204819277107,0.4912364904078008,-26.38253617462273,-0.3178618816219606,-23.524085740928868,25.468329886537134,7647.591425907113,-31.9313490090603
30,5,3.5,1,0,0.05,12,1,0.1,2.5,24,0,321,97,224,30.218068535825545,0.9402809992804237,-13.856328833789325,-0.04316613343859603,-16.184515013969637,34.669255137142244,8381.548498603037,118,24,94,20.338983050847457,0.6061212571619073,-37.236980054456986,-0.31556762758014395,-31.89159493949959,32.84796347907548,6810.840506050041,-31.94676320260796
30,5,2.5,1,1,0.05,12,1,0.1,1.0,24,0,189,87,102,46.03174603174603,0.7609175792818428,-25.65794526192537,-0.13575632413717126,-23.36722063541282,24.486920136819087,7663.277936458718,65,23,42,35.38461538461539,0.5180552364885613,-20.844106641062112,-0.3206785637086479,-19.084839577962487,19.49793452475085,8091.516042203752,-32.081995631894166
30,5,2.5,1,1,0.05,12,1,0.1,1.0,24,1,189,87,102,46.03174603174603,0.7609175792818428,-25.65794526192537,-0.13575632413717126,-23.36722063541282,24.486920136819087,7663.277936458718,65,23,42,35.38461538461539,0.5180552364885613,-20.844106641062112,-0.3206785637086479,-19.084839577962487,19.49793452475085,8091.516042203752,-32.081995631894166
30,5,3.5,1,1,0.05,12,0,0.1,1.5,72,1,151,39,112,25.827814569536425,0.6378948057213425,-29.50663026590017,-0.1954081474562925,-26.133003806231514,28.896502730736383,7386.699619376849,48,11,37,22.916666666666668,0.4876006340800379,-15.22637570559861,-0.31721616053330437,-14.339273045275691,14.971382302621855,8566.07269547243,-32.09102291920348
30,5,2.5,1,1,0.05,12,1,0.1,1.0,72,0,189,87,102,46.03174603174603,0.7554951238118066,-26.40233487661333,-0.13969489352705466,-23.93894276074835,25.05028869617426,7606.105723925165,65,23,42,35.38461538461539,0.5180552364885613,-20.844106641062112,-0.3206785637086479,-19.084839577962487,19.49793452475085,8091.516042203752,-32.11579774545548
30,5,2.5,1,1,0.05,12,1,0.1,1.0,72,1,189,87,102,46.03174603174603,0.7554951238118066,-26.40233487661333,-0.13969489352705466,-23.93894276074835,25.05028869617426,7606.105723925165,65,23,42,35.38461538461539,0.5180552364885613,-20.844106641062112,-0.3206785637086479,-19.084839577962487,19.49793452475085,8091.516042203752,-32.11579774545548
30,5,3.5,1,1,0.05,12,1,0.1,1.5,72,0,143,57,86,39.86013986013986,0.8936358700320958,-9.659124105931655,-0.06754632241910248,-10.169903196594476,18.036601858822294,8983.009680340552,50,14,36,28.0,0.5581360923085067,-16.30288038544383,-0.32605760770887665,-15.332066128544097,16.38356402572458,8466.79338714559,-32.178502134527555
30,5,3.5,1,1,0.05,12,1,0.1,1.5,24,0,143,57,86,39.86013986013986,0.893469263944245,-9.603469980368692,-0.067157132729851,-10.108871645325967,18.036601858822355,8989.112835467404,50,14,36,28.0,0.5581360923085067,-16.30288038544383,-0.32605760770887665,-15.332066128544097,16.38356402572458,8466.79338714559,-32.178502134527555
60,2,3.5,1,0,0.15,24,1,0.1,2.5,72,0,236,68,168,28.8135593220339,0.9603075757139833,-6.852203428490153,-0.029034760290212513,-9.306530645469103,39.71418906562737,9069.34693545309,80,16,64,20.0,0.6121776831414011,-25.175618021623855,-0.3146952252702982,-22.889136897755115,32.30267339724867,7711.086310224488,-32.18857358921742
30,5,2.5,1,1,0.05,12,1,0.1,1.5,24,0,189,75,114,39.682539682539684,0.8836119134503141,-13.962992483478153,-0.07387826710835002,-14.235830403036653,20.705478622535814,8576.416959696335,64,18,46,28.125,0.5604257022131032,-20.793177443041,-0.3248933975475156,-19.129026181140606,20.221133335012325,8087.097381885939,-32.19337834068794
60,3,3.5,1,1,0.05,12,1,0.25,1.5,24,1,91,36,55,39.56043956043956,1.1881211753129672,8.306323936569681,0.09127828501724924,8.002217564743885,10.80435462613428,10800.22175647439,33,9,24,27.272727272727273,0.5158789150467732,-10.825795481924544,-0.32805440854316803,-10.435443460077408,12.96518185601866,8956.45565399226,-32.19895788312275
30,5,3.5,1,1,0.05,12,0,0.25,2.0,72,1,147,34,113,23.12925170068027,0.7237851837791087,-22.173436945243868,-0.1508397071105025,-20.64890577101718,26.212766364379092,7935.109422898282,46,8,38,17.391304347826086,0.46870564357690003,-14.698864433082012,-0.31954053115395675,-13.892644805720433,15.421511207798597,8610.735519427957,-32.204393049933614
30,5,2.5,1,1,0.05,12,1,0.0,1.5,6,0,171,60,111,35.08771929824562,0.7283475174651829,-30.448052181291562,-0.17805878468591557,-27.102984722347035,30.68240027565649,7289.701527765296,65,19,46,29.23076923076923,0.5476752911641876,-20.722321755439104,-0.31880495008367854,-19.052061656628748,19.500877050477637,8094.793834337125,-32.207122968376225
30,5,2.5,1,1,0.05,12,1,0.1,1.5,72,0,189,74,115,39.15343915343915,0.8693034510365312,-15.90233487661362,-0.08413933797150064,-15.894986056820326,21.918541864981293,8410.501394317967,64,18,46,28.125,0.5604257022131032,-20.793177443041,-0.3248933975475156,-19.129026181140606,20.221133335012325,8087.097381885939,-32.266162135234666
30,5,3.5,1,2,0.05,12,1,0.0,2.0,6,1,231,66,165,28.571428571428573,0.8031809330378045,-25.726797121703676,-0.11137141611127133,-23.934739950147442,26.53345182171625,7606.526004985256,83,18,65,21.686746987951807,0.49663618230281936,-26.673691928239815,-0.3213697822679496,-23.794712391112437,24.395127817941002,7620.528760888757,-32.29263129160797
30,5,3.5,1,2,0.05,12,1,0.25,2.5,24,1,244,46,198,18.852459016393443,0.7982801412296321,-28.605505771281212,-0.11723567939049677,-26.443016461136782,34.59504154255011,7355.698353886322,82,12,70,14.634146341463415,0.5018821899458263,-25.971484370482155,-0.3167254191522214,-23.305101781012528,25.84384344818077,7669.489821898747,-32.30259596710384
30,5,3.5,1,2,0.05,12,1,0.0,1.5,24,1,231,70,161,30.303030303030305,0.7382136444816145,-36.15250765593567,-0.15650436214690766,-31.34782760168413,34.721067784377425,6865.217239831587,82,18,64,21.951219512195124,0.5060096295890371,-25.993055595022994,-0.31698848286613407,-23.24728867972198,23.852017214625377,7675.271132027802,-32.32820903371832
60,3,3.5,1,1,0.05,12,1,0.0,2.5,72,1,83,16,67,19.27710843373494,0.8571345325980523,-6.54811598482725,-0.07889296367261747,-7.002813205770531,17.370551071172635,9299.718679422947,33,4,29,12.121212121212121,0.4794513428069292,-10.7594046892847,-0.3260425663419606,-10.404123754499594,15.716329966165759,8959.58762455004,-32.33495096039094
30,5,3.5,1,1,0.05,12,1,0.25,2.0,24,0,154,53,101,34.41558441558441,0.9402754937094442,-6.246006871641579,-0.040558486179490774,-7.444286910564024,17.584474071839235,9255.571308943598,49,11,38,22.448979591836736,0.574880564969689,-16.083269727767004,-0.32822999444422457,-15.202057355385712,16.83914161476818,8479.794264461429,-32.33710445825062
30,5,3.5,1,2,0.15,12,1,0.0,1.5,6,0,242,97,145,40.082644628099175,0.8412606185734779,-23.043405041682053,-0.0952206819904217,-21.84310258740936,28.188238492004054,7815.689741259064,91,28,63,30.76923076923077,0.541245498593901,-29.311194477995,-0.32210103821972524,-25.82781415488776,26.94725258870725,7417.2185845112235,-32.366728276600064
30,5,3.5,1,2,0.05,12,1,0.0,1.5,72,1,230,69,161,30.0,0.7240142103821637,-38.313007977284265,-0.16657829555340986,-32.81145549197683,36.11277998373759,6718.854450802317,82,18,64,21.951219512195124,0.5060096295890371,-25.993055595022994,-0.31698848286613407,-23.24728867972198,23.852017214625377,7675.271132027802,-32.41171176567993
30,5,2.5,1,1,0.05,12,1,0.25,2.5,6,0,205,69,136,33.65853658536585,0.9139584431658929,-11.308658834197534,-0.05516418943510992,-12.471475294141632,20.79816873370518,8752.852470585836,65,15,50,23.076923076923077,0.5539992288409521,-21.331875877667944,-0.32818270581027603,-19.653530743924343,20.339785916982535,8034.646925607566,-32.539196773165365
30,5,3.5,1,2,0.15,12,1,0.25,2.0,6,1,262,85,177,32.44274809160305,0.8445917106599735,-22.047180330889017,-0.084149543247668,-21.195921266924465,27.986309128754392,7880.407873307553,91,22,69,24.175824175824175,0.46440469429647124,-29.348790544313157,-0.32251418180563907,-25.78896302759692,27.280342254330336,7421.103697240308,-32.54960848199133
30,5,3.5,1,2,0.15,12,1,0.1,1.5,6,0,248,102,146,41.12903225806452,0.860094059039622,-20.18089877125271,-0.08137459181956738,-19.571621906618308,26.435050073372775,8042.837809338169,91,28,63,30.76923076923077,0.5301170476040853,-29.529542057997176,-0.32450046217579315,-25.976477303225998,27.004200511643162,7402.3522696774,-32.557885295364834
30,5,3.5,1,0,0.05,12,1,0.1,2.5,72,0,314,87,227,27.70700636942675,0.886876925064156,-26.942746981982516,-0.08580492669421183,-26.47516485001048,41.04999447368121,7352.483514998952,117,24,93,20.512820512820515,0.608625737635761,-37.263631928767325,-0.3184925805877549,-31.923613679848927,32.87953261682554,6807.638632015108,-32.617937789478276
30,5,3.5,1,0,0.05,12,1,0.0,3.0,72,0,296,68,228,22.972972972972972,0.8180690707234136,-43.639809476500716,-0.1474317887719619,-37.964053250124906,51.18197400430551,6203.594674987509,115,21,94,18.26086956521739,0.6267616167347669,-36.000732964100614,-0.31304985186174444,-31.1826417421075,32.47338795277749,6881.73582578925,-32.64702137385261
30,5,3.5,1,2,0.05,12,1,0.0,2.0,72,1,229,52,177,22.707423580786028,0.7346036455872657,-36.747587416536575,-0.16046981404601124,-31.922791686324857,34.70549311386343,6807.720831367515,81,13,68,16.049382716049383,0.4979387369726875,-25.97610644248057,-0.3206926721293898,-23.27400616189137,23.878524191868355,7672.5993838108625,-32.71504740109899
30,5,3.5,1,2,0.15,12,1,0.1,2.0,6,0,248,94,154,37.903225806451616,0.8798714155665195,-18.247418045987185,-0.07357829857252897,-18.294211063338384,24.57281620280425,8170.578893666161,91,25,66,27.47252747252747,0.5495131583564994,-29.714355425466938,-0.3265313783018345,-26.19455775585865,27.219253192368885,7380.544224414135,-32.73508784730768
30,5,2.5,1,1,0.05,12,1,0.0,2.0,6,1,171,45,126,26.31578947368421,0.7365264728879297,-27.134949423035206,-0.15868391475459184,-24.697653433164245,26.322056951357247,7530.234656683575,65,13,52,20.0,0.5163344521835052,-21.20732075868738,-0.3262664732105751,-19.46488702088193,19.91141350679517,8053.511297911808,-32.754336359569294
30,5,3.5,1,1,0.05,12,1,0.1,2.0,24,0,142,49,93,34.50704225352113,0.930040048620889,-6.820659863832894,-0.04803281594248517,-7.8755178597862185,16.458342674844314,9212.448214021379,49,11,38,22.448979591836736,0.5707080136447871,-16.311830831901318,-0.3328945067734963,-15.39604122291668,17.19325544483925,8460.395877708332,-32.7884276762076
30,5,3.5,1,1,0.05,12,0,0.1,2.5,72,1,147,28,119,19.047619047619047,0.7278065044608629,-21.433203585031862,-0.1458041060206249,-20.152210423465643,26.801069669904678,7984.778957653435,47,8,39,17.02127659574468,0.4680057796601224,-15.286740001078208,-0.32524978725698317,-14.419175253240478,16.700231598882297,8558.082474675952,-32.809911245481565
30,5,3.5,1,1,0.05,12,0,0.0,3.0,72,1,147,26,121,17.687074829931973,0.751681216952676,-19.855504377468446,-0.1350714583501255,-19.01121278859116,27.831953077337857,8098.878721140884,47,7,40,14.893617021276595,0.45087047875467035,-15.255385734647414,-0.3245826752052641,-14.396814995054486,17.30848058558393,8560.318500494552,-32.839323646566555
30,5,3.5,1,0,0.05,12,1,0.25,1.5,72,0,339,133,206,39.233038348082594,0.8943683327086713,-22.732651369319676,-0.06705796864106099,-22.318859882947816,28.72035386899877,7768.114011705218,119,33,86,27.73109243697479,0.5589729932426517,-38.61248775066194,-0.3244746869803524,-32.578636318094404,33.23413141733303,6742.1363681905605,-32.84482142231172
30,5,3.5,1,2,0.15,12,1,0.0,2.5,6,1,243,62,181,25.51440329218107,0.8329275076574177,-23.164590590198443,-0.09532753329299772,-22.25380829287006,27.95567119567669,7774.619170712995,91,19,72,20.87912087912088,0.49024690737683513,-29.667871689842833,-0.3260205680202509,-26.095910076645822,27.03014214928056,7390.408992335418,-32.84672440130712
30,5,3.5,1,2,0.15,12,1,0.25,2.5,72,0,247,64,183,25.910931174089068,0.8246108349706458,-33.5158755504335,-0.1356918038479089,-30.531913159328205,44.059092868524054,6946.8086840671795,88,18,70,20.454545454545453,0.6057190356706182,-28.049495554766363,-0.31874426766779956,-25.12329434609336,25.616335358682097,7487.670565390664,-32.85767063057695
30,5,3.5,1,2,0.15,12,1,0.1,2.5,72,1,245,48,197,19.591836734693878,0.8086898666240713,-27.937691395749326,-0.11403139345203807,-26.011714128111997,33.83968453708851,7398.8285871888,88,12,76,13.636363636363637,0.4978310644606294,-28.50963463695773,-0.3239731208745197,-25.27633826051281,27.13703753722439,7472.366173948719,-32.9831673937828
30,5,3.5,1,2,0.05,12,1,0.25,3.0,6,0,248,83,165,33.46774193548387,0.7217626295024495,-43.801807289863504,-0.17662019068493348,-36.77129434087083,39.35845847524708,6322.870565912917,83,23,60,27.710843373493976,0.5513897616579698,-26.70921382562528,-0.3217977569352443,-23.95372289512585,26.224607934724574,7604.627710487415,-32.99542199883899
30,5,3.5,1,2,0.05,12,1,0.1,1.5,72,1,234,75,159,32.05128205128205,0.797638259384372,-27.779259138251945,-0.11871478264210233,-25.390396719535925,30.420076696450682,7460.960328046408,82,18,64,21.951219512195124,0.4994380152477499,-26.749988558490678,-0.32621937266452045,-23.82924798535868,25.765734003287893,7617.075201464132,-33.00638177696393
30,5,3.5,1,0,0.05,12,1,0.25,2.5,6,0,349,127,222,36.38968481375358,0.9782730113827302,-4.531591162591244,-0.012984501898542247,-7.463559075135473,26.02564689475097,9253.644092486453,121,33,88,27.272727272727273,0.5386721319901744,-39.31787718168657,-0.32494113373294686,-33.10958968698658,34.61455708760604,6689.041031301342,-33.01324043009737
30,5,2.5,1,1,0.05,12,1,0.25,1.5,24,0,203,81,122,39.90147783251231,0.903279921058571,-12.270333890881455,-0.060444994536361846,-12.853370842031687,17.649436138209655,8714.662915796831,63,17,46,26.984126984126984,0.5450456725482145,-20.98181216163999,-0.33304463748634905,-19.26796366853938,20.36835972206939,8073.203633146062,-33.02058567852667
30,5,3.5,1,2,0.05,12,1,0.1,1.5,24,1,235,76,159,32.340425531914896,0.812501992696688,-25.60204333377035,-0.10894486525008659,-23.75246383676959,28.892562283449042,7624.753616323041,82,18,64,21.951219512195124,0.4966437591241084,-26.899313360640605,-0.3280404068370805,-23.94131602913824,25.87495294561977,7605.868397086177,-33.10242284168712
30,5,3.5,1,2,0.05,12,1,0.25,1.5,6,1,249,88,161,35.34136546184739,0.7855316784526296,-28.714468715771005,-0.11531915146895987,-26.004724711483263,29.80617215891181,7399.527528851674,83,22,61,26.50602409638554,0.463422064400338,-27.14433896070691,-0.32704022844225195,-24.085018201306507,26.01089023461205,7591.498179869349,-33.1224673650749
30,5,3.5,1,2,0.05,12,1,0.1,2.0,6,0,235,89,146,37.87234042553192,0.8942495578717476,-15.16583280964207,-0.06453545876443434,-15.66378267836882,22.109427786757614,8433.621732163117,83,23,60,27.710843373493976,0.5401359628619208,-27.47791126105208,-0.3310591718199046,-24.47151208075531,26.18153008118793,7552.848791924469,-33.15345538125356
30,5,3.5,1,1,0.05,12,1,0.1,2.5,6,0,144,44,100,30.555555555555557,0.8381282538224512,-15.947374001039714,-0.11074565278499801,-15.961702567797875,19.06018495867621,8403.829743220213,50,11,39,22.0,0.5544783418619844,-16.770294850343486,-0.33540589700686974,-15.807394970371536,16.594434993497327,8419.260502962847,-33.18206155121114
30,5,3.5,1,2,0.15,12,1,0.25,2.5,6,0,261,91,170,34.86590038314176,0.7757028608721315,-36.45631324633315,-0.1396793610970619,-31.982419144165398,36.078896902926296,6801.75808558346,91,26,65,28.571428571428573,0.5416829013301155,-29.631949233535092,-0.3256258157531329,-26.14141652222901,27.251186380613284,7385.858347777099,-33.19177072912373
30,5,3.5,1,2,0.05,12,1,0.1,2.0,24,1,234,55,179,23.504273504273506,0.790636118743757,-28.54067673723687,-0.12196870400528577,-26.134268879527834,29.84302829568711,7386.5731120472165,82,14,68,17.073170731707318,0.49639499682650146,-26.954819494607563,-0.32871731090984835,-24.027605856618706,26.322085069127787,7597.23941433813,-33.22763873429341
30,5,3.5,1,1,0.05,12,1,0.25,1.5,24,0,154,62,92,40.25974025974026,0.9216817331712936,-7.456469392520891,-0.04841863241896682,-8.227535906725825,15.885791165815672,9177.246409327417,49,13,36,26.53061224489796,0.5366618755850039,-16.583269727766982,-0.3384340760768772,-15.555609251561286,16.024620440939096,8444.439074843871,-33.340358782431245
30,5,3.5,1,2,0.15,12,1,0.0,1.5,72,0,240,90,150,37.5,0.8321889390603296,-26.455436335623702,-0.11023098473176543,-24.60120412166853,30.552695293528632,7539.879587833147,90,25,65,27.77777777777778,0.5530472619471586,-29.786690205191142,-0.3309632245021238,-26.213845864942165,28.223781408241866,7378.615413505784,-33.37230369327809
30,5,3.5,1,2,0.15,12,1,0.25,1.5,24,0,258,98,160,37.98449612403101,0.855952824219596,-23.987167366007547,-0.09297351692250988,-22.812473468382056,26.1384915261152,7718.752653161795,90,24,66,26.666666666666668,0.5411577394496259,-29.989197911856536,-0.33321331013173927,-26.347311562349816,26.636864703741438,7365.268843765019,-33.386141465847466
30,5,2.5,1,1,0.05,12,1,0.1,1.5,6,1,190,66,124,34.73684210526316,0.8366384364725904,-17.42714308193826,-0.0917218056944119,-16.978732718014868,20.17964845978882,8302.126728198513,65,16,49,24.615384615384617,0.48091687868238797,-21.81152110596159,-0.33556186316863984,-19.883972310475706,20.292987456990634,8011.60276895243,-33.392966332716
30,5,3.5,1,2,0.15,12,1,0.0,2.5,72,1,240,46,194,19.166666666666668,0.7716951802125149,-33.43157429966051,-0.13929822624858545,-29.924931564118406,36.00875772390608,7007.506843588159,88,12,76,13.636363636363637,0.49464827534816597,-28.780677443652745,-0.3270531527687812,-25.478442238288967,26.63138220926798,7452.155776171104,-33.42768055264294
30,5,3.5,1,2,0.05,12,1,0.1,2.5,72,1,232,47,185,20.25862068965517,0.842160034064013,-21.671953893252223,-0.09341359436746648,-21.168095476361305,29.508521377872434,7883.19045236387,81,11,70,13.580246913580247,0.49025505561410765,-26.794593086282468,-0.3307974455096601,-23.944297650329805,26.601180448072732,7605.570234967019,-33.42907379768372
30,5,3.5,1,1,0.05,12,1,0.0,2.0,6,0,131,39,92,29.770992366412212,0.7164562655616149,-26.13532573553022,-0.19950630332465816,-23.840199505867844,27.90367947718907,7615.980049413216,50,12,38,24.0,0.554146585247273,-16.63624252384866,-0.33272485047697326,-15.652754628354304,16.520358711119247,8434.72453716457,-33.445230082561686
30,5,3.5,1,2,0.05,12,1,0.1,2.5,6,1,235,65,170,27.659574468085108,0.8423686500271128,-20.29785231376981,-0.08637383963306301,-19.84249760925836,26.481124595147815,8015.750239074164,83,17,66,20.481927710843372,0.46934531115751077,-27.575135329441423,-0.33223054613784847,-24.47542615337105,27.113754836964404,7552.4573846628955,-33.46810760180336
30,5,3.5,1,2,0.15,12,1,0.0,2.5,24,1,241,47,194,19.502074688796682,0.7922524056393896,-30.271073978311925,-0.1256061160925806,-27.692554279788816,33.97019252744265,7230.744572021118,89,12,77,13.48314606741573,0.49486890540996736,-29.281804808700805,-0.3290090427943911,-25.859431197241378,27.0064768013758,7414.056880275862,-33.499397053232705
30,5,3.5,1,2,0.15,12,1,0.25,2.0,24,1,256,63,193,24.609375,0.8363457986784311,-24.143013543728266,-0.09430864665518854,-22.97440480868217,29.666795177837674,7702.5595191317825,90,14,76,15.555555555555555,0.47069594044537416,-29.803984364556808,-0.331155381828409,-26.170428428164026,27.506274425969128,7382.957157183598,-33.503068061968726
30,5,3.5,1,2,0.05,12,1,0.0,1.5,24,0,229,87,142,37.99126637554585,0.8547533406412045,-21.56144418065609,-0.09415477808146763,-20.75546518737137,27.133030802464535,7924.4534812628635,82,22,60,26.829268292682926,0.541450005886985,-27.422916202856054,-0.3344258073519031,-24.39617396134658,26.768698165215632,7560.382603865342,-33.545778510784544
30,5,3.5,1,2,0.05,12,1,0.0,2.5,6,1,231,61,170,26.406926406926406,0.8630745625326163,-17.931098756579438,-0.07762380414103652,-18.019538490431465,24.031940409707847,8198.046150956854,83,17,66,20.481927710843372,0.47431291379635937,-27.865962149336003,-0.3357344837269398,-24.70674477620921,25.299974372094013,7529.325522379078,-33.699739327542574
30,5,2.5,1,1,0.05,12,1,0.0,2.0,6,0,171,53,118,30.994152046783626,0.7536886272514253,-29.19765684081031,-0.17074653123280883,-26.39479016379881,30.952180922681006,7360.520983620119,65,16,49,24.615384615384617,0.5556325206090693,-21.722321755439108,-0.334189565468294,-19.932021113554377,20.375957577089363,8006.797888644563,-33.745856886769474
30,5,3.5,1,1,0.05,12,1,0.25,1.5,6,0,156,63,93,40.38461538461539,0.8603033977193487,-12.634574709745387,-0.08099086352400889,-12.751394197159938,18.00952205741225,8724.860580284007,50,14,36,28.0,0.5027328345529123,-17.061297587981052,-0.34122595175962106,-15.9348038648784,16.318400482343918,8406.51961351216,-33.804518267028584
30,5,3.5,1,1,0.05,12,0,0.1,2.0,72,1,149,32,117,21.476510067114095,0.6719737686608475,-26.46456394250759,-0.17761452310407777,-23.954285049205083,28.0088750553691,7604.571495079492,47,8,39,17.02127659574468,0.4527931517296139,-15.723871607053653,-0.3345504597245458,-14.775645898853341,16.23190744306161,8522.435410114666,-33.84287207122671
30,5,3.5,1,0,0.05,12,1,0.0,3.0,24,0,305,77,228,25.24590163934426,0.8754934628701698,-29.382565767412963,-0.09633628120463267,-28.49688276348178,45.08052083916378,7150.311723651822,116,21,95,18.103448275862068,0.6017729964712774,-38.15021219733143,-0.3288811396321675,-32.59991411783146,33.86407780637678,6740.008588216853,-33.913181827144236
30,5,3.5,1,2,0.05,12,1,0.25,2.0,6,1,249,81,168,32.53012048192771,0.8581165708835207,-19.040682230123235,-0.07646860333382825,-18.726981620362537,25.73011301117136,8127.301837963746,83,20,63,24.096385542168676,0.44840635536537415,-27.92605513640328,-0.3364584956193166,-24.69276513585381,26.96308116188803,7530.723486414619,-33.923740041029866
30,5,3.5,1,2,0.15,12,1,0.1,1.5,24,0,247,96,151,38.8663967611336,0.8857659898020772,-17.995285710038615,-0.07285540773294986,-17.99032893259278,26.304819096091197,8200.967106740722,90,24,66,26.666666666666668,0.5371692597581824,-30.44887924241995,-0.33832088047133274,-26.687698953436534,27.01102290632335,7331.230104656346,-33.92732495134462
30,5,3.5,1,2,0.15,12,1,0.25,2.5,24,0,250,70,180,28.0,0.8615733791126302,-25.682270176827362,-0.10272908070730945,-24.842695934712633,41.294961975581174,7515.730406528736,89,18,71,20.224719101123597,0.5821842839037612,-29.430537558623282,-0.33068019728790204,-26.11640598441194,26.60290764990342,7388.359401558806,-33.931367912484525
30,5,3.5,1,2,0.05,12,1,0.25,2.0,72,1,244,61,183,25.0,0.8424071935596584,-22.355078096905217,-0.09161917252830007,-21.533707743139253,28.26219654354164,7846.629225686075,81,12,69,14.814814814814815,0.46628650714511194,-27.290960125775644,-0.33692543365155114,-24.258418633096333,26.39168849842796,7574.1581366903665,-34.015030218750965
30,5,3.5,1,2,0.05,12,1,0.0,3.0,6,1,230,56,174,24.347826086956523,0.8033544375985417,-25.79590073044417,-0.11215609013236597,-24.25483547923859,31.728572946025142,7574.516452076141,83,16,67,19.27710843373494,0.474662364206362,-27.865962149336035,-0.3357344837269402,-24.734219711655612,25.327232834699597,7526.578028834439,-34.08475634115847
30,5,3.5,1,2,0.05,12,1,0.0,2.0,24,1,230,53,177,23.043478260869566,0.7525257466343752,-34.08708709518799,-0.14820472650081734,-30.096932677038126,32.954267312921786,6990.306732296188,82,13,69,15.853658536585366,0.4785137933945,-27.511456958346283,-0.33550557266275954,-24.440262252620627,25.03559144320761,7555.973774737938,-34.1289016574826
30,5,3.5,1,1,0.05,12,1,0.1,1.5,6,0,144,56,88,38.888888888888886,0.8554774834249225,-12.657381487271346,-0.08789848255049545,-12.752492105817236,16.77290614782842,8724.750789418276,50,14,36,28.0,0.4999763552302112,-17.270294850343387,-0.34540589700686775,-16.111123906973102,16.539400519477304,8388.88760930269,-34.15382879582363
30,5,3.5,1,2,0.05,12,1,0.0,3.0,72,1,227,37,190,16.29955947136564,0.786886281078958,-29.634561594898145,-0.13054872949294336,-27.344854306501055,38.02298013489457,7265.514569349894,81,9,72,11.11111111111111,0.4787511941778947,-27.01032959329822,-0.33346085917652124,-24.140173796122923,25.311960225596298,7585.982620387708,-34.22929041266358
30,5,3.5,1,2,0.15,12,1,0.0,3.0,72,1,239,38,201,15.899581589958158,0.7658052508088431,-34.36805342851714,-0.14379938673019727,-30.761236910721323,40.93725703169947,6923.876308927868,88,10,78,11.363636363636363,0.487036227868927,-29.280677443652774,-0.33273497095059973,-25.89559184327934,28.796103788372967,7410.440815672066,-34.30679642425087
60,3,3.5,1,1,0.05,12,1,0.25,1.0,72,0,91,49,42,53.84615384615385,1.0850994512668675,3.715259018860725,0.040827022185282696,3.3125904958580144,9.669654201242404,10331.259049585802,33,11,22,33.333333333333336,0.4849935716307019,-11.500392710411191,-0.3484967488003391,-11.01253894507307,13.077222020369101,8898.746105492693,-34.31168500553303
60,3,3.5,1,1,0.05,12,1,0.25,1.0,72,1,91,49,42,53.84615384615385,1.0850994512668675,3.715259018860725,0.040827022185282696,3.3125904958580144,9.669654201242404,10331.259049585802,33,11,22,33.333333333333336,0.4849935716307019,-11.500392710411191,-0.3484967488003391,-11.01253894507307,13.077222020369101,8898.746105492693,-34.31168500553303
30,5,2.5,1,1,0.05,12,1,0.1,2.5,6,0,190,59,131,31.05263157894737,0.8732285967534049,-16.50888844465124,-0.086888886550796,-16.87021818891926,18.337454004183744,8312.978181108074,65,15,50,23.076923076923077,0.5426650810118948,-22.455209030844237,-0.3454647543206806,-20.557315590615268,21.29995292975847,7944.268440938473,-34.320176971627134
30,5,3.5,1,1,0.05,12,1,0.25,2.0,72,0,154,54,100,35.064935064935064,0.9835762090594697,-1.7246628011004501,-0.01119910909805487,-3.221059929851089,17.58447407183925,9677.894007014891,49,11,38,22.448979591836736,0.5604917771000603,-17.054491366687973,-0.3480508442181219,-16.02595476371429,17.158924123571527,8397.404523628571,-34.34796701137961
30,5,2.5,1,1,0.05,12,1,0.0,1.5,6,1,171,54,117,31.57894736842105,0.7125523785254942,-29.471696131222007,-0.17234910018258484,-26.30212998046573,26.9229244282718,7369.7870019534275,65,16,49,24.615384615384617,0.4927093025232221,-22.20732075868738,-0.34165108859519044,-20.218189003831167,20.660538811090408,7978.181099616883,-34.37610024596627
30,5,3.5,1,2,0.05,12,1,0.0,1.5,6,0,230,93,137,40.43478260869565,0.8514109058667871,-20.30991320806304,-0.0883039704698393,-19.60793770496735,26.258521732445985,8039.206229503266,83,25,58,30.120481927710845,0.5143835047699167,-28.517559867826733,-0.34358505864851485,-25.193026673307873,26.63568948544663,7480.697332669212,-34.484798544554124
30,5,3.5,1,2,0.15,12,1,0.1,2.5,6,1,248,66,182,26.612903225806452,0.8068075079829181,-26.563589816266912,-0.10711124925914077,-24.7675641290089,30.998298172501865,7523.243587099109,91,18,73,19.78021978021978,0.4496505588556856,-30.926369335177345,-0.33985021247447633,-26.982925142073675,28.801128576072987,7301.707485792633,-34.49343916238147
30,5,3.5,1,2,0.15,12,1,0.1,2.5,24,1,246,48,198,19.51219512195122,0.8124575571776158,-27.26047559126772,-0.11081494142791756,-25.5054252134429,33.386961056402896,7449.4574786557105,89,12,77,13.48314606741573,0.47791085995041144,-30.16986104528284,-0.338987202755987,-26.498936079641467,28.329191360103323,7350.106392035854,-34.496135252049015
30,5,2.5,1,1,0.05,12,1,0.1,1.0,6,0,190,85,105,44.73684210526316,0.7417965571390323,-27.256882911203917,-0.14345727848002063,-24.555431373963888,25.50427349725219,7544.456862603611,65,22,43,33.84615384615385,0.467614829411008,-22.31152110596169,-0.34325417086094906,-20.24409606563038,20.651272677775527,7975.590393436962,-34.50147836290538
30,5,2.5,1,1,0.05,12,1,0.1,1.0,6,1,190,85,105,44.73684210526316,0.7417965571390323,-27.256882911203917,-0.14345727848002063,-24.555431373963888,25.50427349725219,7544.456862603611,65,22,43,33.84615384615385,0.467614829411008,-22.31152110596169,-0.34325417086094906,-20.24409606563038,20.651272677775527,7975.590393436962,-34.50147836290538
30,5,3.5,1,2,0.05,12,1,0.25,1.5,6,0,249,98,151,39.3574297188755,0.7889817189345092,-30.704326998275974,-0.12331055019387942,-27.55186747098566,29.782575045755365,7244.813252901434,83,26,57,31.325301204819276,0.4980712939540947,-28.34777212359954,-0.3415394231758981,-25.041208031508855,26.4007059700515,7495.879196849114,-34.501672552542615
30,5,3.5,1,2,0.15,12,1,0.1,3.0,24,1,245,37,208,15.10204081632653,0.7358653515263162,-38.50677881818578,-0.15717052578851337,-33.50422465337177,39.28317170968931,6649.5775346628225,89,11,78,12.359550561797754,0.481920202097621,-29.945599293575288,-0.3364674077929808,-26.372796029263345,28.55479173459084,7362.7203970736655,-34.58990971065116
30,5,2.5,1,1,0.05,12,1,0.25,1.5,72,0,203,81,122,39.90147783251231,0.903472322887205,-12.387644600363403,-0.06102287980474583,-12.977592186688302,18.891020317170735,8702.24078133117,63,17,46,26.984126984126984,0.5338041508748467,-21.953033800560963,-0.34846085397715815,-20.05235670247586,21.142061300194992,7994.764329752414,-34.631112465641856
30,5,3.5,1,2,0.05,12,1,0.25,3.0,24,1,243,37,206,15.22633744855967,0.7585992190626483,-34.09882327434963,-0.1403243756146075,-30.489809417748315,36.01685881491223,6951.019058225169,81,10,71,12.345679012345679,0.47350628542664686,-27.452461154393998,-0.338919273511037,-24.456868141820067,27.297464543327038,7554.313185817993,-34.665254384418716
30,5,2.5,1,1,0.05,12,1,0.0,2.0,24,0,169,55,114,32.544378698224854,0.8538574457173962,-17.52825005182476,-0.10371745592795716,-17.423006027627686,21.572700938270874,8257.699397237231,63,14,49,22.22222222222222,0.5556496421029168,-22.017280979626374,-0.3494806504702599,-20.181661382131942,21.05082078673738,7981.833861786806,-34.71523951078044
30,5,3.5,1,1,0.05,12,1,0.25,2.0,6,0,156,58,98,37.17948717948718,0.9145319308652021,-8.180224640208987,-0.052437337437237094,-9.037754566811307,18.332490145497708,9096.22454331887,50,12,38,24.0,0.5169046672579382,-17.56129758798108,-0.3512259517596216,-16.408558617176205,16.78999345153951,8359.14413828238,-34.79555268690371
30,5,3.5,1,1,0.05,12,1,0.1,2.0,72,0,142,49,93,34.50704225352113,0.9531709209861055,-4.59665916278729,-0.03237083917455838,-5.841555956817279,17.366319082364175,9415.844404318272,49,11,38,22.448979591836736,0.5565302321308867,-17.279817654816572,-0.35264933989421576,-16.215351976229197,17.388871341693825,8378.46480237708,-34.80400350511862
30,5,2.5,1,1,0.05,12,1,0.1,2.0,6,0,190,65,125,34.21052631578947,0.857495268453653,-17.779042138181936,-0.09357390599043124,-17.64587467773572,21.11881672676656,8235.412532226428,65,16,49,24.615384615384617,0.5262576906876851,-22.77666791494698,-0.35041027561456894,-20.75234488412917,21.156926741255134,7924.765511587083,-34.838962310354184
30,5,3.5,1,2,0.05,12,1,0.1,1.5,6,0,235,97,138,41.276595744680854,0.8700020994528964,-17.648341844101257,-0.07509932699617557,-17.437088385155818,24.599148831174343,8256.291161484418,83,25,58,30.120481927710845,0.5010528154948442,-28.79309789358239,-0.34690479389858303,-25.385639768199255,26.938840087817862,7461.436023180075,-34.86162248425336
30,5,3.5,1,2,0.15,12,1,0.25,3.0,24,1,253,37,216,14.624505928853756,0.7306785069188599,-39.49642554526662,-0.15611235393386014,-34.15990216373935,39.39512695605972,6584.009783626065,88,11,77,12.5,0.4700880383520891,-29.832820155331174,-0.33900931994694516,-26.260921149946647,28.29823223601921,7373.907885005336,-34.875599898380706
60,3,3.5,1,1,0.05,12,1,0.1,2.5,72,1,84,15,69,17.857142857142858,0.8264867389673956,-7.7538959678819195,-0.09230828533192761,-8.085505776449375,14.374555969282499,9191.449422355063,33,4,29,12.121212121212121,0.4599434387837721,-11.62631590712404,-0.352312603246183,-11.180733292063383,15.511521788141255,8881.926670793662,-34.88942870187762
30,5,3.5,1,2,0.15,12,1,0.1,2.0,72,0,243,79,164,32.510288065843625,0.9018359262456644,-16.863554028665515,-0.06939734168175109,-17.527210255165482,28.360628930395315,8247.278974483452,89,20,69,22.471910112359552,0.5611955808943444,-30.972627435829917,-0.34800704984078557,-27.183967971308963,27.50510326474486,7281.603202869103,-34.929970591080554
30,5,3.5,1,2,0.05,12,1,0.1,3.0,6,0,234,80,154,34.18803418803419,0.8056707039151382,-29.254621996764783,-0.12501975212292643,-26.94714453055047,33.82477182087686,7305.285546944953,83,21,62,25.301204819277107,0.537733934685484,-28.570829019622792,-0.3442268556581059,-25.3760877337056,27.77390050060967,7462.39122662944,-34.9336223258079
30,5,3.5,1,0,0.05,12,1,0.25,2.0,6,0,350,133,217,38.0,0.9468791761012001,-10.916579983015753,-0.031190228522902153,-12.8005451015481,24.161078740601617,8719.94548984519,121,34,87,28.09917355371901,0.5112766650351018,-41.56911946177578,-0.34354644183285765,-34.54111407567694,35.72831597870152,6545.888592432306,-34.995387707464324
30,5,3.5,1,2,0.05,12,1,0.1,2.5,24,1,233,47,186,20.17167381974249,0.8463343755715413,-20.994738088770617,-0.09010617205480952,-20.628662525425145,29.02616050433063,7937.133747457486,82,11,71,13.414634146341463,0.46891358375745296,-28.454819494607577,-0.34700999383667774,-25.188689770046746,27.802101744243497,7481.131022995325,-35.06285778563306
30,5,3.5,1,1,0.05,12,0,0.1,3.0,72,1,147,26,121,17.687074829931973,0.7613508657728895,-18.804152022325887,-0.127919401512421,-18.148122343745865,27.739646304915027,8185.187765625414,47,7,40,14.893617021276595,0.43327011888362993,-16.28674000107821,-0.34652638300166405,-15.27863134290175,18.028704337944205,8472.136865709825,-35.06335673960326
30,5,3.5,1,1,0.05,12,1,0.0,1.0,24,0,130,54,76,41.53846153846154,0.6317225531092174,-29.398359960195783,-0.2261412304630445,-25.96360277141294,26.53031461971637,7403.639722858706,50,17,33,34.0,0.4859282540828526,-17.420748211414125,-0.3484149642282825,-16.201301061244866,16.66592248135669,8379.869893875513,-35.06827622857309
30,5,3.5,1,1,0.05,12,1,0.0,1.0,24,1,130,54,76,41.53846153846154,0.6317225531092174,-29.398359960195783,-0.2261412304630445,-25.96360277141294,26.53031461971637,7403.639722858706,50,17,33,34.0,0.4859282540828526,-17.420748211414125,-0.3484149642282825,-16.201301061244866,16.66592248135669,8379.869893875513,-35.06827622857309
30,5,3.5,1,2,0.05,12,1,0.25,1.5,72,1,248,77,171,31.048387096774192,0.7783958683195675,-32.021307993781235,-0.12911817739427917,-28.531127231941777,32.15202184379733,7146.887276805823,82,16,66,19.51219512195122,0.45661515026924754,-28.30176042342308,-0.3451434197978424,-24.979940724469863,26.733666616492762,7502.005927553014,-35.08834892909393
30,5,3.5,1,1,0.05,12,1,0.0,1.0,72,0,130,54,76,41.53846153846154,0.6255565956067527,-30.136308447361174,-0.23181775728739365,-26.51119973695146,27.330204957893965,7348.880026304853,50,17,33,34.0,0.4859282540828526,-17.420748211414125,-0.3484149642282825,-16.201301061244866,16.66592248135669,8379.869893875513,-35.11626964886375
30,5,3.5,1,1,0.05,12,1,0.0,1.0,72,1,130,54,76,41.53846153846154,0.6255565956067527,-30.136308447361174,-0.23181775728739365,-26.51119973695146,27.330204957893965,7348.880026304853,50,17,33,34.0,0.4859282540828526,-17.420748211414125,-0.3484149642282825,-16.201301061244866,16.66592248135669,8379.869893875513,-35.11626964886375
30,5,3.5,1,2,0.15,12,1,0.25,1.5,72,0,257,97,160,37.7431906614786,0.848060311142684,-25.413692077394806,-0.09888596139064126,-23.907682537070375,27.186507929056454,7609.231746292962,90,24,66,26.666666666666668,0.5305443599420379,-31.486881468271378,-0.3498542385363486,-27.451506714684182,27.736718898782186,7254.849328531582,-35.13745231702603
30,5,3.5,1,1,0.05,12,1,0.25,3.0,24,0,152,36,116,23.68421052631579,0.7708202954992552,-27.594837106915158,-0.1815449809665471,-25.56455105118375,30.651729734646782,7443.544894881625,49,8,41,16.3265306122449,0.5821489051788095,-17.083269727766996,-0.34863815770953055,-16.172127158399185,19.297253502476092,8382.787284160082,-35.14741944413143
30,5,3.5,1,2,0.15,12,1,0.1,2.0,24,0,244,82,162,33.60655737704918,0.9162384528791181,-14.081802443876855,-0.057712305097855965,-15.160344518247715,28.29867874511861,8483.965548175229,90,20,70,22.22222222222222,0.5493647575535514,-31.504385376386953,-0.35004872640429946,-27.552244604945464,27.87175571450985,7244.775539505454,-35.15297789937827
30,5,3.5,1,1,0.05,12,1,0.1,2.0,6,0,144,50,94,34.72222222222222,0.8794514075198177,-11.217527694570359,-0.07789949787896083,-11.711252886683143,17.586143268147342,8828.874711331686,50,12,38,24.0,0.5147375678341751,-17.770294850343454,-0.3554058970068691,-16.58447148243285,17.010331520707002,8341.552851756715,-35.17310059783497
30,5,3.5,1,0,0.05,12,1,0.0,2.5,24,0,308,86,222,27.92207792207792,0.8483072766818858,-34.97612382553804,-0.11355884358940922,-31.957490509094487,45.10897885457419,6804.250949090551,117,23,94,19.65811965811966,0.5784018084755639,-39.95271170104569,-0.34147616838500594,-33.69703001152147,34.623161683150464,6630.2969988478535,-35.22028349037735
30,5,3.5,1,2,0.05,12,1,0.25,1.5,24,1,249,78,171,31.325301204819276,0.7925374676886813,-29.824622878087247,-0.1197776019200291,-26.948014190724866,30.64911554516476,7305.198580927514,82,16,66,19.51219512195122,0.4525371838225538,-28.51105852420609,-0.34769583566104983,-25.1345568343327,26.88466830272265,7486.54431656673,-35.26157207039011
30,5,3.5,1,2,0.15,12,1,0.0,2.0,72,0,237,75,162,31.645569620253166,0.8629758326005346,-23.324785675265552,-0.09841681719521331,-22.621904208101984,29.89420185385063,7737.809579189801,89,20,69,22.471910112359552,0.5582013814405387,-31.269741052648833,-0.3513454050859419,-27.400044984040917,27.748527673220707,7259.9955015959085,-35.361808889911124
30,5,3.5,1,1,0.05,12,1,0.25,1.5,72,0,154,63,91,40.90909090909091,0.9401417648865268,-5.724662801100533,-0.037173135072081386,-6.646007696985967,15.885791165815677,9335.399230301404,49,13,36,26.53061224489796,0.5224837439417533,-17.554491366687955,-0.3582549258507746,-16.37607154717505,16.757654622793204,8362.392845282495,-35.394782074018735
30,5,3.5,1,2,0.15,12,1,0.0,2.0,24,0,238,77,161,32.35294117647059,0.878952880361266,-20.289335840435804,-0.08524931025393195,-20.217499960632978,28.822003866962447,7978.250003936702,90,20,70,22.22222222222222,0.5474411155022676,-31.73495217634771,-0.3526105797371968,-27.72004147413246,28.066988167355078,7227.995852586754,-35.44441002408121
30,5,3.5,1,1,0.05,12,0,0.25,1.5,72,1,149,43,106,28.859060402684563,0.713932989027985,-23.199921215967972,-0.1557041692346844,-21.357521475855034,24.763165509653113,7864.247852414496,46,9,37,19.565217391304348,0.41442624892367275,-16.198864433081983,-0.3521492268061301,-15.140480079234454,15.823867786096748,8485.951992076554,-35.48684535317385
60,3,3.5,1,1,0.05,12,1,0.0,3.0,72,1,82,12,70,14.634146341463415,0.7710627336266884,-10.529953037240327,-0.12841406142976008,-10.668301491960463,18.205411553673265,8933.169850803954,33,3,30,9.090909090909092,0.43177440962620944,-11.759404689284711,-0.35634559664499127,-11.304242552172617,17.772542857430764,8869.575744782738,-35.510699486005485
30,5,3.5,1,2,0.05,12,1,0.1,2.0,72,0,231,77,154,33.333333333333336,0.9370929018975995,-10.140440047393202,-0.043898008863174034,-11.709301713826047,25.873247503771974,8829.069828617396,81,18,63,22.22222222222222,0.5536185040837385,-28.736183271415065,-0.35476769470882796,-25.48402085019844,26.471455863685783,7451.597914980156,-35.51714788981003
30,5,3.5,1,2,0.05,12,1,0.0,1.5,72,0,228,86,142,37.719298245614034,0.8409739755550484,-23.72194450200469,-0.10404361623686267,-22.444916624277155,28.686515924243867,7755.508337572284,82,22,60,26.829268292682926,0.528379543114176,-28.99305559502288,-0.35357384871979125,-25.582362156794847,27.917662580446667,7441.763784320515,-35.57993268042574
30,5,3.5,1,2,0.05,12,1,0.0,2.0,6,0,230,84,146,36.52173913043478,0.8692228803482149,-18.973073856936907,-0.08249162546494307,-18.82069599761449,23.714717794724073,8117.930400238552,83,22,61,26.50602409638554,0.5240010518178623,-29.424934255044917,-0.35451728018126405,-25.940395865029576,27.750686964860872,7405.960413497042,-35.625685452498004
30,5,3.5,1,1,0.05,12,1,0.25,2.5,24,0,153,43,110,28.104575163398692,0.8453875491959006,-17.63535946363388,-0.11526378734401228,-17.615137546144233,22.116649569788915,8238.486245385577,49,9,40,18.367346938775512,0.5589478812669174,-17.583269727767,-0.3588422393421837,-16.52264515848246,18.848649735600244,8347.735484151754,-35.70212484532905
30,5,3.5,1,2,0.15,12,1,0.1,1.5,72,0,246,95,151,38.61788617886179,0.8768983824168909,-19.482011397291764,-0.07919516828167383,-19.202225198632927,27.39384815083752,8079.777480136707,90,24,66,26.666666666666668,0.5259530820704027,-31.986432722905484,-0.35540480803228314,-27.814901876185182,28.133254607333136,7218.509812381481,-35.72548396487581
30,5,3.5,1,2,0.05,12,1,0.1,2.0,24,0,232,80,152,34.48275862068966,0.9532856871139775,-7.358688462604529,-0.031718484752605726,-9.175469290930982,25.809146354047645,9082.453070906902,82,18,64,21.951219512195124,0.5405546243715931,-29.2679412119721,-0.3569261123411232,-25.860895189390597,26.843336120770328,7413.910481060941,-35.78021809183569
30,5,3.5,1,2,0.05,12,1,0.1,3.0,24,1,232,36,196,15.517241379310345,0.7611092884000851,-32.741041315688676,-0.141125178084865,-29.495146191059963,35.62251015142218,7050.485380894004,82,10,72,12.195121951219512,0.4639105551533183,-28.730557742900046,-0.3503726554012201,-25.42410991449723,28.378756191914263,7457.589008550277,-35.80491097812104
30,5,3.5,1,2,0.05,12,1,0.0,2.5,72,1,228,45,183,19.736842105263158,0.7967547682703743,-28.198082466041495,-0.12367580028965568,-26.108452072754908,32.52362001052595,7389.154792724509,81,10,71,12.345679012345679,0.44942935494385056,-28.510329593298188,-0.35197937769503934,-25.21243898196631,25.801684253246847,7478.756101803368,-35.80982433552138
30,5,3.5,1,2,0.05,12,1,0.0,2.5,24,1,229,46,183,20.087336244541486,0.8185894043811407,-25.037582144692916,-0.1093344198458206,-23.754493428423928,30.374028989361022,7624.550657157607,82,10,72,12.195121951219512,0.45054251365336095,-29.01145695834625,-0.35379825558958844,-25.594787873624814,26.181020648263893,7440.521212637519,-35.85929821023413
30,5,3.5,1,0,0.05,12,1,0.0,2.5,72,0,301,77,224,25.58139534883721,0.7918313792753069,-49.048121362465835,-0.1629505693105177,-40.87441104386652,50.85747376635257,5912.558895613348,116,23,93,19.82758620689655,0.5805721504284835,-40.02172372816445,-0.3450148597255556,-33.75559517945401,34.680908802406066,6624.440482054599,-35.915572704199974
30,5,2.5,1,1,0.05,12,1,0.0,2.0,24,1,170,44,126,25.88235294117647,0.799143295331357,-20.82212960536335,-0.12248311532566677,-19.87602347121047,22.932262031390213,8012.397652878953,64,11,53,17.1875,0.4835230460937824,-23.06027984407567,-0.36031687256368233,-20.943503594317114,21.381831898864174,7905.649640568288,-36.02313815907452
30,5,2.5,1,1,0.05,12,1,0.25,1.5,6,0,205,81,124,39.51219512195122,0.8299172011147301,-20.72231952447937,-0.10108448548526522,-19.790412080195495,21.85479498460097,8020.958791980451,65,18,47,27.692307692307693,0.4851720126674053,-23.512898834493807,-0.36173690514605855,-21.260143931785503,21.619440571014668,7873.985606821449,-36.09566871414446
30,5,3.5,1,2,0.15,12,1,0.0,3.0,6,1,242,57,185,23.553719008264462,0.7801654498094507,-30.529392564063187,-0.12615451472753383,-27.816516623120513,34.938824794344825,7218.3483376879485,91,17,74,18.681318681318682,0.44851996412459366,-32.167871689842855,-0.35349309549277863,-27.926444021349507,28.837536055009917,7207.355597865049,-36.096420250984465
30,5,2.5,1,1,0.05,12,1,0.0,2.0,72,1,170,43,127,25.294117647058822,0.7847110006094001,-22.468421218263178,-0.1321671836368422,-21.1848526627607,24.45779043266027,7881.51473372393,64,11,53,17.1875,0.4835230460937824,-23.06027984407567,-0.36031687256368233,-20.943503594317114,21.381831898864174,7905.649640568288,-36.11466986315072
30,5,2.5,1,1,0.05,12,1,0.0,1.0,6,1,171,71,100,41.52046783625731,0.6416099632288149,-36.38823542062029,-0.21279669836620052,-31.083823927945396,32.006121068914325,6891.61760720546,65,22,43,33.84615384615385,0.46844333853049414,-23.198950497732174,-0.35690693073434115,-20.961575048748937,21.399803156217427,7903.842495125106,-36.255208186305346
30,5,2.5,1,1,0.05,12,1,0.0,1.0,6,0,171,71,100,41.52046783625731,0.6416099632288149,-36.38823542062029,-0.21279669836620052,-31.083823927945396,32.006121068914325,6891.61760720546,65,22,43,33.84615384615385,0.46844333853049414,-23.198950497732174,-0.35690693073434115,-20.961575048748937,21.399803156217427,7903.842495125106,-36.255208186305346
30,5,2.5,1,1,0.05,12,1,0.0,1.5,24,1,170,56,114,32.94117647058823,0.7689644061196155,-23.82212960536337,-0.1401301741491963,-22.068498909484525,23.610558030604608,7793.150109051548,65,15,50,23.076923076923077,0.48267850284959374,-23.585261999678817,-0.3628501846104433,-21.322853079241344,21.759078082679483,7867.714692075865,-36.317329462978776
30,5,2.5,1,1,0.05,12,1,0.0,2.0,72,0,169,54,115,31.952662721893493,0.8487134964161522,-18.402007556024074,-0.10888761867469866,-18.162252575953207,22.996692073402144,8183.774742404679,63,14,49,22.22222222222222,0.5450305572533811,-22.982674522567915,-0.36480435750107804,-20.952584152771493,21.813348810155574,7904.74158472285,-36.354287851669206
30,5,3.5,1,2,0.05,12,1,0.1,1.5,24,0,234,92,142,39.31623931623932,0.9038513651705169,-14.229548207541539,-0.06081003507496384,-14.76467460222609,23.52433567464038,8523.53253977739,82,21,61,25.609756097560975,0.5101130176813392,-29.71243507800517,-0.3623467692439655,-26.10253821453291,26.94566859126879,7389.7461785467085,-36.38930694373035
30,5,2.5,1,1,0.05,12,1,0.0,1.5,72,1,170,55,115,32.35294117647059,0.754657509738606,-25.468421218263185,-0.14981424246037167,-23.341513904339795,24.988366572610143,7665.84860956602,65,15,50,23.076923076923077,0.48267850284959374,-23.585261999678817,-0.3628501846104433,-21.322853079241344,21.759078082679483,7867.714692075865,-36.399997975499105
30,5,3.5,1,2,0.15,12,1,0.0,3.0,24,1,240,38,202,15.833333333333334,0.7660187998440071,-34.18217047343617,-0.14242571030598405,-30.620309300521754,40.543053662566344,6937.969069947824,89,10,79,11.235955056179776,0.4578105905288859,-31.500296069050414,-0.3539359108882069,-27.50464153778672,30.342173857575215,7249.535846221328,-36.46057216048387
30,5,3.5,1,2,0.15,12,1,0.0,2.5,6,0,242,85,157,35.12396694214876,0.9268155281985148,-11.470062481300047,-0.04739695240206631,-12.93661295699058,24.934509670798995,8706.338704300942,91,23,68,25.274725274725274,0.5230967542671637,-32.91911401664799,-0.3617485056774504,-28.565680056584732,29.92912004087201,7143.431994341527,-36.47222540395813
30,5,3.5,1,2,0.05,12,1,0.25,2.0,24,1,245,61,184,24.897959183673468,0.8465649304599252,-21.65839298121122,-0.08840160400494376,-20.98137204488728,27.75722366125637,7901.862795511272,82,12,70,14.634146341463415,0.4319276048050843,-29.61886331970855,-0.3612056502403482,-25.989008065662787,28.073535691670532,7401.099193433721,-36.49923789514522
30,5,2.5,1,1,0.05,12,1,0.1,1.5,6,0,190,73,117,38.421052631578945,0.832583166589461,-19.62239482574936,-0.1032757622407861,-18.87794215664027,20.68560106924421,8112.2057843359735,65,18,47,27.692307692307693,0.48308408988042134,-23.77666791494689,-0.36579489099918294,-21.4692073463974,21.870129416418436,7853.07926536026,-36.50656321093991
30,5,3.5,1,2,0.05,12,1,0.0,3.0,6,0,229,76,153,33.18777292576419,0.8505552305778791,-22.66696322682936,-0.09898237216956052,-22.109810246477245,33.87729830546677,7789.018975352275,83,20,63,24.096385542168676,0.5323711075290405,-29.867576420880745,-0.3598503183238644,-26.358811882738486,28.856562193118897,7364.118811726152,-36.50984583577203
30,5,3.5,1,2,0.05,12,1,0.0,2.5,6,0,230,81,149,35.21739130434783,0.9370779769821758,-9.328074097617453,-0.040556843902684575,-10.954748968633488,23.2752542703258,8904.525103136652,83,21,62,25.301204819277107,0.5206937612776332,-30.117204476141172,-0.3628578852547129,-26.487634994263665,28.634481910825897,7351.236500573634,-36.51938823768125
30,5,3.5,1,2,0.05,12,1,0.0,3.0,24,1,228,37,191,16.228070175438596,0.7872123144418561,-29.448678639817153,-0.12916087122726821,-27.196973038921445,37.60932596287666,7280.302696107856,82,9,73,10.975609756097562,0.446773890635497,-29.229948218695867,-0.35646278315482766,-25.787339372569917,26.933682476291587,7421.266062743008,-36.56740603120471
30,5,3.5,1,2,0.15,12,1,0.25,2.0,6,0,262,98,164,37.404580152671755,0.8456787618012804,-24.332425067085037,-0.09287185140108793,-23.118299763990237,26.84861622941037,7688.1700236009765,91,26,65,28.571428571428573,0.488781546070862,-33.052223707205776,-0.3632112495297338,-28.56553545360011,29.45094966923476,7143.446454639989,-36.65843998328085
60,3,3.5,1,1,0.05,12,1,0.25,1.0,24,1,91,49,42,53.84615384615385,1.0850994512668675,3.715259018860725,0.040827022185282696,3.3125904958580144,9.669654201242404,10331.259049585802,33,11,22,33.333333333333336,0.448565279688754,-12.31385763050632,-0.37314720092443393,-11.729343373954816,13.077222020369101,8827.065662604518,-36.84958680182641
60,3,3.5,1,1,0.05,12,1,0.25,1.0,24,0,91,49,42,53.84615384615385,1.0850994512668675,3.715259018860725,0.040827022185282696,3.3125904958580144,9.669654201242404,10331.259049585802,33,11,22,33.333333333333336,0.448565279688754,-12.31385763050632,-0.37314720092443393,-11.729343373954816,13.077222020369101,8827.065662604518,-36.84958680182641
60,3,3.5,1,1,0.05,12,1,0.25,2.0,24,0,90,32,58,35.55555555555556,0.9650680936668588,-2.103794941923052,-0.02337549935470058,-2.9272796478056806,14.826525632308533,9707.272035219432,33,8,25,24.242424242424242,0.5142967894828128,-12.32579548192454,-0.37350895399771333,-11.818053881942014,15.544237632513125,8818.194611805799,-36.90232002629487
60,3,3.5,1,1,0.05,12,1,0.1,2.0,24,0,86,30,56,34.883720930232556,0.9348523760060337,-3.792687328179338,-0.04410101544394579,-4.509084722641454,11.980860466413446,9549.091527735854,33,8,25,24.242424242424242,0.5142344445051272,-12.370418297471756,-0.3748611605294472,-11.858054582156852,15.684400282523548,8814.194541784314,-37.046075128424256
30,5,3.5,1,2,0.05,12,1,0.25,2.5,6,0,248,86,162,34.67741935483871,0.7734570477279562,-35.10037276638519,-0.141533761154779,-30.983821784506794,35.803057683131115,6901.617821549321,83,23,60,27.710843373493976,0.49260346250113446,-30.209213825625245,-0.3639664316340391,-26.500973126336945,28.347896208273593,7349.902687366305,-37.11653801950518
60,3,3.5,1,1,0.05,12,1,0.25,3.0,24,1,89,20,69,22.471910112359552,1.189370213333678,8.45040090123478,0.09494832473297504,7.761870672248583,11.061756103761871,10776.187067224859,33,5,28,15.151515151515152,0.45068091283610895,-12.325795481924537,-0.3735089539977132,-11.817292513185551,17.532063846312475,8818.270748681445,-37.148821352416235
30,5,3.5,1,1,0.05,12,1,0.25,3.0,72,0,151,34,117,22.516556291390728,0.7766012273722767,-27.468346369348033,-0.18190957860495385,-25.54032063270657,30.859164805140715,7445.967936729343,49,8,41,16.3265306122449,0.5686404208315021,-18.05449136668797,-0.36845900748342797,-16.98659936168535,19.297253502476092,8301.340063831465,-37.16896749444542
30,5,2.5,1,1,0.05,12,1,0.25,2.0,6,0,205,75,130,36.58536585365854,0.9082271131750265,-11.767969454943014,-0.05740472904850251,-12.62670247306571,19.465922552135467,8737.32975269343,65,16,49,24.615384615384617,0.4921168236789216,-24.2325614230847,-0.37280863727822616,-21.880756168819293,22.237220901792018,7811.92438311807,-37.21189786036965
30,5,3.5,1,2,0.05,12,1,0.25,3.0,72,1,242,37,205,15.289256198347108,0.7727674355603579,-32.25581572134979,-0.13328849471632145,-29.238011277597842,35.2540562235392,7076.198872240216,80,8,72,10.0,0.4259451223188557,-29.364437493339235,-0.36705546866674044,-25.86888863220741,28.656389798910276,7413.111136779259,-37.529455079981446
60,3,3.5,1,1,0.05,12,1,0.25,2.5,72,0,89,25,64,28.089887640449437,0.9393407694027952,-3.9815252866649438,-0.044736239176010606,-4.9453537009614745,17.84661677069779,9505.464629903852,33,6,27,18.181818181818183,0.5436954912172541,-12.500392710411212,-0.3787997791033701,-12.034185379042405,18.258728701787653,8796.581462095759,-37.535474597548145
30,5,3.5,1,0,0.05,12,1,0.25,2.5,72,0,324,90,234,27.77777777777778,0.8953312758837927,-25.57137825531097,-0.07892400696083633,-25.548037627065067,39.43638883796679,7445.196237293493,116,22,94,18.96551724137931,0.5543102369702739,-42.65407602097954,-0.36770755190499604,-35.458278229608865,36.369745840023995,6454.172177039114,-37.552100653357286
60,3,3.5,1,1,0.05,12,1,0.25,2.0,72,1,90,20,70,22.22222222222222,0.8824012067665526,-5.248209258183932,-0.05831343620204369,-5.691487118586769,15.818878966589489,9430.851288141323,33,5,28,15.151515151515152,0.44246047895521246,-12.500392710411194,-0.37879977910336954,-11.936883095133254,15.882204732693008,8806.311690486675,-37.59535318392649
30,5,3.5,1,1,0.05,12,1,0.25,2.5,72,0,153,42,111,27.45098039215686,0.8617941919558484,-16.112688395250284,-0.10531168885784499,-16.42383747624153,21.252410285602277,8357.616252375847,49,9,40,18.367346938775512,0.5456547717762539,-18.554491366687973,-0.3786630891160811,-17.33371172640964,18.848649735600244,8266.628827359036,-37.65894168464892
60,3,3.5,1,1,0.05,12,1,0.1,2.5,72,0,84,24,60,28.571428571428573,0.9591141252831742,-2.5195789671395294,-0.029994987704042016,-3.4949768818320237,14.30711063996867,9650.502311816797,33,6,27,18.181818181818183,0.5407116223917061,-12.62631590712406,-0.3826156335492139,-12.145126811666673,18.44045282771193,8785.487318833333,-37.93393122733908
30,5,3.5,1,0,0.05,12,1,0.25,2.5,24,0,332,101,231,30.42168674698795,0.963457852668532,-8.62398648931871,-0.02597586291963467,-11.792731307301763,29.500205097977528,8820.726869269824,117,22,95,18.803418803418804,0.536480590410343,-44.03511802483647,-0.37636853012680743,-36.3143139551062,37.21369250412436,6368.568604489379,-38.31964491966096
30,5,3.5,1,0,0.05,12,1,0.25,2.0,72,0,328,109,219,33.23170731707317,0.9242301716421261,-17.31547923518171,-0.05279109522921253,-18.581058227150184,23.336557916940688,8141.894177284982,117,25,92,21.367521367521366,0.529399017372009,-44.075128683606955,-0.3767105015692902,-36.26311975637751,36.882792963190255,6373.688024362248,-38.348151237529855
30,5,3.5,1,2,0.05,12,1,0.1,1.5,72,0,233,91,142,39.05579399141631,0.8943265409770297,-15.716273894794693,-0.06745181929096435,-16.024237910306816,24.654453267267474,8397.576208969318,82,21,61,25.609756097560975,0.49870475661965713,-31.249988558490706,-0.38109742144500863,-27.238738193515832,28.068905138312616,7276.126180648417,-38.354582878780654
30,5,3.5,1,2,0.15,12,1,0.25,3.0,24,0,248,60,188,24.193548387096776,0.8172372163118801,-35.43922996103012,-0.14290012081060532,-32.08432839443116,44.956137456519876,6791.567160556884,88,15,73,17.045454545454547,0.5389637833653943,-32.781200175937684,-0.3725136383629282,-28.579988977594116,29.394754678576803,7142.001102240588,-38.42194087998001
60,3,3.5,1,1,0.05,12,1,0.25,2.5,24,0,89,29,60,32.58426966292135,0.9487416266835484,-3.191536400903791,-0.035859959560716755,-4.1121730302550175,16.109846305586817,9588.782696974498,33,7,26,21.21212121212121,0.5139925722218269,-12.825795481924558,-0.388660469149229,-12.29316595940565,18.02854497992046,8770.683404059435,-38.56713841681286
30,5,3.5,1,0,0.05,12,1,0.25,2.0,24,0,335,115,220,34.32835820895522,0.9435931344317185,-12.710751214818899,-0.03794254093975791,-14.714046230242806,23.334860681060608,8528.59537697572,118,25,93,21.1864406779661,0.519166036387181,-44.69605022034202,-0.378780086613068,-36.640919120070414,37.25691922361332,6335.908087992959,-38.59717939263809
60,3,3.5,1,1,0.05,12,1,0.1,2.5,24,0,84,26,58,30.952380952380953,0.954743690836843,-2.729702476159072,-0.03249645804951276,-3.6558132060759974,12.578982067207384,9634.4186793924,33,7,26,21.21212121212121,0.5140690330060862,-12.870418297471755,-0.39001267568096226,-12.33302920600341,18.164764117902372,8766.697079399659,-38.71037929669657
60,3,3.5,1,1,0.05,12,1,0.0,2.5,24,0,83,27,56,32.53012048192771,1.0307473322640233,1.796425267153125,0.02164367791750753,0.7823802730796858,13.79657704857932,10078.238027307969,33,7,26,21.21212121212121,0.5140139365450402,-12.937600852999697,-0.3920485106969605,-12.393586172174764,17.185098331052455,8760.641382782524,-38.855293044007496
30,5,3.5,1,2,0.05,12,1,0.1,2.5,6,0,235,82,153,34.8936170212766,0.8594179391639161,-21.088263897163237,-0.08973729317941803,-20.710495331823097,29.781029972350048,7928.9504668176905,83,21,62,25.301204819277107,0.4824825590202049,-31.985697048400993,-0.3853698439566385,-27.815821543189234,29.794352886534607,7218.417845681077,-38.91659877093119
30,5,3.5,1,1,0.05,12,0,0.25,3.0,72,1,145,29,116,20.0,0.8564714539309484,-11.247204633914937,-0.07756692850975819,-11.803585493065805,25.099460050228796,8819.64145069342,45,6,39,13.333333333333334,0.35052409794814254,-17.327979443043347,-0.38506620984540774,-16.109643861977364,17.315063369210783,8389.035613802263,-38.92867625200931
30,5,3.5,1,2,0.15,12,1,0.1,3.0,6,0,247,85,162,34.412955465587046,0.8092410503688365,-30.336207233109896,-0.1228186527656271,-27.83021364268864,33.991497837227904,7216.978635731136,91,22,69,24.175824175824175,0.4941450108813782,-34.922063025358725,-0.38375893434460134,-29.99737660980041,31.542371751601557,7000.262339019959,-38.974914425226146
30,5,3.5,1,2,0.05,12,1,0.25,1.5,24,0,248,94,154,37.903225806451616,0.853111058319516,-23.538030908060016,-0.0949114149518549,-22.40671289819698,24.858153765751204,7759.328710180302,82,20,62,24.390243902439025,0.48084602637961293,-31.804076867008273,-0.3878545959391253,-27.62536196228239,28.329014602218926,7237.4638037717605,-39.08162435650678
30,5,2.5,1,1,0.05,12,1,0.0,1.0,24,1,170,73,97,42.94117647058823,0.6698093941022492,-33.730472731097784,-0.1984145454770458,-29.24723768775931,30.299931862057328,7075.276231224069,65,21,44,32.30769230769231,0.44816871804863817,-25.08526199967881,-0.3859271076873663,-22.446382064113703,22.876377667345167,7755.36179358863,-39.095403770160154
30,5,2.5,1,1,0.05,12,1,0.0,1.0,24,0,170,73,97,42.94117647058823,0.6698093941022492,-33.730472731097784,-0.1984145454770458,-29.24723768775931,30.299931862057328,7075.276231224069,65,21,44,32.30769230769231,0.44816871804863817,-25.08526199967881,-0.3859271076873663,-22.446382064113703,22.876377667345167,7755.36179358863,-39.095403770160154
30,5,2.5,1,1,0.05,12,1,0.0,1.0,72,0,170,73,97,42.94117647058823,0.6647394015376045,-34.46842121826317,-0.2027554189309598,-29.770547835145866,30.815455945331298,7022.945216485414,65,21,44,32.30769230769231,0.44816871804863817,-25.08526199967881,-0.3859271076873663,-22.446382064113703,22.876377667345167,7755.36179358863,-39.12633521515659
30,5,2.5,1,1,0.05,12,1,0.0,1.0,72,1,170,73,97,42.94117647058823,0.6647394015376045,-34.46842121826317,-0.2027554189309598,-29.770547835145866,30.815455945331298,7022.945216485414,65,21,44,32.30769230769231,0.44816871804863817,-25.08526199967881,-0.3859271076873663,-22.446382064113703,22.876377667345167,7755.36179358863,-39.12633521515659
30,5,3.5,1,1,0.05,12,1,0.0,2.0,24,0,129,40,89,31.007751937984494,0.7955225437246964,-19.10448040665719,-0.14809674733842781,-18.38318227178727,21.8109210551687,8161.681772821274,49,10,39,20.408163265306122,0.5025066024836938,-19.430372512869443,-0.39653821454835597,-17.981209851963342,18.83199683955311,8201.879014803666,-39.56626121263551
30,5,3.5,1,2,0.15,12,1,0.25,3.0,72,1,252,37,215,14.682539682539682,0.7444597324429373,-37.65341799226674,-0.14941832536613786,-32.97419814928659,38.67259984420665,6702.580185071341,87,8,79,9.195402298850574,0.3938690296019349,-33.53047233867828,-0.3854077280307848,-28.908813111361063,30.872966521316176,7109.118688863893,-39.625657053079195
30,5,3.5,1,2,0.05,12,1,0.0,2.0,72,0,226,73,153,32.30088495575221,0.8902144490423989,-17.640520283278047,-0.07805539948353118,-18.024210336015003,26.40628424694768,8197.5789663985,81,17,64,20.987654320987655,0.5126316373470929,-31.97610644248057,-0.39476674620346386,-27.850663242688345,28.87872187126264,7214.933675731166,-39.74346273320154
30,5,3.5,1,0,0.05,12,1,0.1,3.0,72,0,309,72,237,23.300970873786408,0.8368894087228815,-40.5585189039393,-0.13125734273119516,-36.16093305658142,45.7439543893817,6383.9066943418575,116,19,97,16.379310344827587,0.5493708689311694,-44.74641940254459,-0.3857449948495223,-36.900408981396225,38.088526344825915,6309.959101860378,-39.74417761697301
30,5,3.5,1,2,0.05,12,1,0.25,2.0,6,0,249,93,156,37.34939759036145,0.8535654846644946,-21.976484587137083,-0.08825897424553046,-21.222441144981264,25.097771167542316,7877.755885501874,83,23,60,27.710843373493976,0.4519523255723183,-32.6294882992959,-0.39312636505175785,-28.21445640768525,29.675204484052962,7178.554359231475,-39.74616244319
30,5,3.5,1,2,0.05,12,1,0.25,2.5,72,0,236,62,174,26.271186440677965,0.840183434401877,-29.045122716978607,-0.12307255388550258,-27.27748110416953,42.0366554953755,7272.251889583046,81,15,66,18.51851851851852,0.5318963953411693,-31.383460709427336,-0.3874501322151523,-27.497572422953954,28.713743886569276,7250.242757704605,-39.762747835829
30,5,3.5,1,0,0.05,12,1,0.1,3.0,24,0,318,82,236,25.78616352201258,0.878672504344513,-29.562535148162162,-0.09296394700679925,-28.716853670051613,40.79259101256638,7128.314632994839,117,20,97,17.094017094017094,0.5335288534070308,-45.53314291038386,-0.38917216162721247,-37.34829327169322,38.52797731418503,6265.170672830678,-39.8206454542146
30,5,3.5,1,2,0.05,12,1,0.0,2.0,24,0,227,75,152,33.03964757709251,0.9076054918610653,-14.60507044844829,-0.06433951739404532,-15.47693988640616,24.982092264620967,8452.306011359384,82,17,65,20.73170731707317,0.5005557096760773,-32.44131756617945,-0.39562582397779816,-28.16867355715337,29.192200844727807,7183.132644284663,-39.87111896833167
60,3,3.5,1,1,0.05,12,1,0.25,2.0,24,1,90,21,69,23.333333333333332,0.9068342899248072,-4.15714434047501,-0.046190492671944555,-4.662446774563356,14.900342907629211,9533.755322543664,33,6,27,18.181818181818183,0.4053104628889187,-13.325795481924537,-0.40381198430074355,-12.647934767688895,15.882204732693012,8735.20652323111,-40.17087373579648
30,5,3.5,1,2,0.15,12,1,0.0,3.0,6,0,241,80,161,33.19502074688797,0.8513375559450819,-23.80895161051196,-0.09879233033407453,-23.098077031116105,34.991579410549384,7690.19229688839,91,21,70,23.076923076923077,0.4916904729627664,-36.169485961387565,-0.39746687869656666,-30.886268639316427,32.534610805059614,6911.373136068358,-40.4106228306592
60,3,3.5,1,1,0.05,12,1,0.25,3.0,72,0,89,25,64,28.089887640449437,1.1000042807929613,6.564039286879162,0.07375325041437261,5.318377695384391,15.667025357462853,10531.837769538439,33,5,28,15.151515151515152,0.524846755334211,-13.500392710411194,-0.4091028094063998,-12.94550872621718,20.387315539938076,8705.449127378282,-40.731190309906225
30,5,3.5,1,2,0.15,12,1,0.0,2.5,24,0,235,66,169,28.085106382978722,0.8804814328883398,-21.032801950730004,-0.08950128489672342,-21.18407851772286,34.86180769957181,7881.592148227714,89,16,73,17.97752808988764,0.5119202417609523,-35.71166541653405,-0.40125466760150624,-30.60046334804496,31.213675896700643,6939.953665195504,-40.74335377157
60,3,3.5,1,1,0.05,12,1,0.25,3.0,72,1,89,18,71,20.224719101123597,1.196395094466415,8.76800624251102,0.09851692407315754,8.071063069135608,12.021724531726518,10807.106306913562,33,3,30,9.090909090909092,0.3987987069415111,-13.500392710411194,-0.4091028094063998,-12.842707586022485,18.177976032288072,8715.729241397752,-40.850726036232615
30,5,3.5,1,2,0.05,12,1,0.25,2.5,24,0,239,67,172,28.03347280334728,0.8725954308711474,-22.577590733836104,-0.09446690683613433,-22.39300183826488,40.00080509555459,7760.699816173512,82,15,67,18.29268292682927,0.5061272384544688,-32.76450271328425,-0.39956710625956404,-28.459193316986376,29.65923434291538,7154.0806683013625,-40.90262039400109
30,5,3.5,1,2,0.05,12,1,0.25,1.5,72,0,247,93,154,37.65182186234818,0.8449237304767654,-24.964555619447275,-0.10107107538237763,-23.50767927867057,26.084911491130303,7649.232072132943,82,20,62,24.390243902439025,0.47118238688688163,-33.301760423423104,-0.4061190295539403,-28.710396686315043,29.40350022274393,7128.960331368496,-40.991864134205244
30,5,3.5,1,2,0.05,12,1,0.1,3.0,72,0,223,52,171,23.318385650224215,0.8615729057017758,-24.76946520791204,-0.11107383501305848,-24.387017911792498,40.66966113996566,7561.29820882075,81,13,68,16.049382716049383,0.5279163363126484,-32.794593086282454,-0.404871519583734,-28.593425761369275,30.223906417448426,7140.657423863073,-41.43082702941962
30,5,3.5,1,2,0.15,12,1,0.0,2.5,72,0,232,61,171,26.29310344827586,0.8352901414440226,-29.5691360694315,-0.1274531727130668,-27.626261016248556,38.15652420224661,7237.373898375145,88,16,72,18.181818181818183,0.5153153075797074,-35.78067744365282,-0.4065986073142366,-30.661763701847622,31.27443460212923,6933.823629815238,-41.46975793142582
30,5,3.5,1,2,0.05,12,1,0.0,3.0,72,0,218,53,165,24.31192660550459,0.9062845042449852,-16.22934269207486,-0.07444652611043513,-17.65434799590988,37.808720069177205,8234.565200409012,81,13,68,16.049382716049383,0.5263214643764054,-33.01032959329821,-0.4075349332505952,-28.748747212893953,30.57965641117161,7125.125278710604,-41.52870167573092
30,5,3.5,1,1,0.05,12,1,0.0,2.0,72,0,129,40,89,31.007751937984494,0.807944879491769,-18.06989478512207,-0.1400767037606362,-17.55400773577669,21.294358366995034,8244.599226422331,49,10,39,20.408163265306122,0.4903853343651051,-20.395766055810984,-0.4162401235879793,-18.773385610571193,19.223746122207235,8122.6614389428805,-41.52970089154461
30,5,3.5,1,2,0.15,12,1,0.25,2.0,72,0,249,77,172,30.923694779116467,0.8406670553971104,-28.619502735985307,-0.11493776199190886,-26.674759491653653,34.677170131637226,7332.524050834635,89,18,71,20.224719101123597,0.49451084742471324,-36.4760811706239,-0.4098436086586955,-31.060888067922576,31.331910577054472,6893.911193207742,-41.62598841188533
60,3,3.5,1,1,0.05,12,1,0.25,2.5,24,1,89,20,69,22.471910112359552,0.9988885033947965,-0.04959909876522528,-0.000557293244553093,-0.7965973791071668,12.193807887268973,9920.340262089283,33,5,28,15.151515151515152,0.38383097751516426,-13.825795481924558,-0.41896349945225936,-13.095466735437311,17.532063846312454,8690.453326456269,-41.82797576851274
30,5,3.5,1,2,0.15,12,1,0.25,2.0,24,0,252,82,170,32.53968253968254,0.862442917392879,-24.211215833716757,-0.09607625330839983,-23.34280102141041,33.75936617446598,7665.7198978589595,90,18,72,20.0,0.48085675971860414,-37.09700270735895,-0.412188918970655,-31.469523578822024,31.73893960625753,6853.047642117797,-41.83165439744457
30,5,3.5,1,2,0.05,12,1,0.25,3.0,24,0,238,59,179,24.789915966386555,0.856840613308535,-26.421568809638934,-0.11101499499848291,-25.63855259229261,40.34771368403546,7436.144740770739,81,13,68,16.049382716049383,0.5035333013799603,-33.12778689522504,-0.40898502339784004,-28.770339205716688,30.305204880152196,7122.966079428331,-41.87162663333979
30,5,3.5,1,2,0.15,12,1,0.1,3.0,72,0,235,54,181,22.97872340425532,0.8443889109164798,-29.49257918918438,-0.12550033697525267,-27.976932569637725,42.90138383707359,7202.306743036228,88,14,74,15.909090909090908,0.5241607287984713,-36.009634636957706,-0.4092003936017921,-30.905402305538885,31.781222717333208,6909.459769446112,-41.99693729583347
30,5,3.5,1,2,0.15,12,1,0.0,3.0,72,0,229,55,174,24.017467248908297,0.8910151130417129,-19.913608084062364,-0.08695898726664787,-20.740179843119254,39.51785997274362,7925.982015688074,88,14,74,15.909090909090908,0.522322147180064,-36.28067744365277,-0.4122804254960542,-31.09421193886036,32.165194072460665,6890.578806113964,-42.105606216636694
30,5,3.5,1,2,0.15,12,1,0.1,2.5,6,0,248,87,161,35.08064516129032,0.8538127405518304,-23.16984913350837,-0.09342681102221118,-22.42808392238026,31.360230436784065,7757.191607761974,91,22,69,24.175824175824175,0.44467977658852587,-38.33693105413692,-0.4212849566388672,-32.28600261436969,33.457384658783226,6771.399738563031,-42.794400332531765
30,5,3.5,1,2,0.15,12,1,0.25,3.0,72,0,245,54,191,22.040816326530614,0.8025671904289238,-39.382482093208,-0.16074482487023672,-34.79249283535477,46.28815643806007,6520.750716464523,87,14,73,16.091954022988507,0.5089980088706678,-36.41289668609609,-0.4185390423689206,-31.14468544637322,31.930192866850497,6885.531455362678,-43.16546392398651
60,3,3.5,1,1,0.05,12,1,0.25,3.0,24,0,89,29,60,32.58426966292135,1.110293215574002,6.867264595074032,0.07716027634914643,5.751314047640976,14.875605774593856,10575.131404764097,33,6,27,18.181818181818183,0.477313112249805,-14.32579548192454,-0.43411501460377394,-13.623208495347294,19.412267723709757,8637.67915046527,-43.26897524683875
30,5,3.5,1,0,0.05,12,1,0.25,3.0,24,0,329,88,241,26.747720364741642,0.9336712776715272,-16.347861008446607,-0.04968954713813559,-18.835623951395984,31.02662613024705,8116.437604860402,116,19,97,16.379310344827587,0.48908132020192474,-49.254485898016604,-0.42460763705186727,-39.58193768773707,40.724378661759204,6041.806231226294,-43.44984639100865
30,5,3.5,1,2,0.05,12,1,0.0,3.0,24,0,221,57,164,25.79185520361991,0.9337047519499844,-11.255899984436725,-0.05093167413772274,-13.41571395740575,36.460666489379854,8658.428604259425,82,13,69,15.853658536585366,0.4906915148840743,-35.15980882652904,-0.4287781564210858,-30.216144899571496,32.00934708475147,6978.38551004285,-43.64218854092357
60,3,3.5,1,1,0.05,12,1,0.0,3.0,24,0,82,24,58,29.26829268292683,1.000034013770673,0.0020597409359486285,2.5118791901812543e-05,-1.1533043732645853,13.972069210967103,9884.669562673542,33,6,27,18.181818181818183,0.4777867514298235,-14.437600852999683,-0.43750305615150553,-13.72227552443892,20.01363078182309,8627.772447556108,-43.64291390673867
30,5,3.5,1,2,0.05,12,1,0.1,3.0,24,0,226,57,169,25.221238938053098,0.880887927070468,-20.779104732816926,-0.09194294129565012,-21.236457963178058,39.839611685214074,7876.354203682195,82,13,69,15.853658536585366,0.4906048319664433,-35.043679460264585,-0.427361944637373,-30.13244316993099,31.727782270197043,6986.755683006902,-43.7034774401376
30,5,3.5,1,2,0.05,12,1,0.1,2.5,24,0,228,66,162,28.94736842105263,0.9076591434245155,-15.52254284644596,-0.06808132827388579,-16.66129298949154,36.36528964240658,8333.870701050846,82,14,68,17.073170731707318,0.4796730834951148,-35.26794121197211,-0.43009684404844034,-30.230206288041384,31.490661635971296,6976.979371195862,-43.79037155561855
30,5,3.5,1,2,0.05,12,1,0.0,2.5,24,0,224,64,160,28.571428571428573,0.9017734878828327,-16.34853655874247,-0.07298453820867175,-17.31415112305469,32.963388008416544,8268.584887694531,82,14,68,17.073170731707318,0.4787976019056755,-35.44131756617949,-0.43221118983145723,-30.352734604512634,31.68013947081355,6964.726539548737,-43.79944299905971
30,5,3.5,1,2,0.15,12,1,0.0,3.0,24,0,232,59,173,25.43103448275862,0.9166874353318022,-14.940165376424224,-0.06439726455355269,-16.660384936814097,38.206853582969416,8333.96150631859,89,14,75,15.730337078651685,0.48962094701730124,-38.430156676883584,-0.43179951322341104,-32.51330549924633,33.562231084451405,6748.669450075367,-44.04313967625164
30,5,3.5,1,2,0.15,12,1,0.1,3.0,24,0,238,59,179,24.789915966386555,0.8621817750254852,-25.502218714089267,-0.10715217947096331,-24.97595330184802,42.10255686045848,7502.404669815198,89,14,75,15.730337078651685,0.4899039409626343,-38.25872101093983,-0.4298732697858408,-32.39458995840094,33.25153391694293,6760.541004159905,-44.083691541253295
30,5,3.5,1,2,0.05,12,1,0.1,2.5,72,0,225,61,164,27.11111111111111,0.8753390069506378,-21.400282611920197,-0.09511236716408976,-21.437018091518347,38.0539103112852,7856.298190848165,81,14,67,17.28395061728395,0.48439989044737813,-35.29459308628246,-0.4357357171145983,-30.263006071079968,31.52286886083044,6973.699392892004,-44.44733462451576
30,5,3.5,1,2,0.05,12,1,0.0,2.5,72,0,221,59,162,26.69683257918552,0.8536014451855524,-24.88487067744401,-0.11260122478481452,-24.07265014828748,35.3737229979308,7592.734985171252,81,14,67,17.28395061728395,0.48276422357080595,-35.51032959329826,-0.43839913078146,-30.414253776197388,31.740486150694043,6958.574622380262,-44.556136086153806
30,5,3.5,1,2,0.15,12,1,0.1,2.5,24,0,240,68,172,28.333333333333332,0.8811051865124291,-21.24565682771832,-0.088523570115493,-21.387321075261077,39.3524283209434,7861.267892473892,89,15,74,16.853932584269664,0.4731220582909809,-38.98298276264737,-0.4380110422769367,-32.81693161199851,33.34487389954752,6718.306838800149,-44.76602484333529
30,5,3.5,1,2,0.15,12,1,0.1,2.5,72,0,237,63,174,26.582278481012658,0.8511831315105962,-27.12339659319256,-0.11444471136368169,-25.89222110966063,40.96178180867145,7410.777889033937,88,15,73,17.045454545454547,0.4775148778987318,-39.00963463695771,-0.4432913026927013,-32.848515338275455,33.37620943256537,6715.148466172454,-45.38294378501974
60,3,3.5,1,1,0.05,12,1,0.25,2.5,72,1,89,18,71,20.224719101123597,0.9948035579973972,-0.23199375748898565,-0.002606671432460513,-0.9950584985309652,12.8740476743607,9900.494150146904,33,3,30,9.090909090909092,0.3320005064052929,-15.000392710411212,-0.45455735486094584,-14.10601881358331,18.17797603228806,8589.39811864167,-45.52977698275966
30,5,3.5,1,2,0.05,12,1,0.25,3.0,72,0,235,54,181,22.97872340425532,0.8466397714057778,-28.998747551353176,-0.12339892575043905,-27.61821061996239,40.98775541197771,7238.178938003761,80,12,68,15.0,0.47755920164646504,-36.07599443476024,-0.450949930434503,-30.853358306875645,32.34333882417421,6914.664169312436,-46.159695049408796
30,5,3.5,1,0,0.05,12,1,0.25,3.0,72,0,319,77,242,24.137931034482758,0.882221753069287,-29.764836202267087,-0.09330669655883099,-29.04982713586778,39.02964194728751,7095.017286413222,115,17,98,14.782608695652174,0.4801867650454178,-51.846609746312474,-0.45084008475054327,-41.16361333575178,42.27614651401301,5883.638666424822,-46.18484471669364
30,5,3.5,1,2,0.05,12,1,0.25,2.0,72,0,239,75,164,31.380753138075313,0.8588908225107589,-24.170366278037754,-0.10113123965706174,-23.27670556782738,31.64996562728434,7672.3294432172615,81,15,66,18.51851851851852,0.44378241081549497,-37.290960125775634,-0.4603822237750078,-31.562748495625815,32.380812915975376,6843.725150437418,-46.65283440610189
30,5,3.5,1,2,0.05,12,1,0.25,2.0,24,0,242,79,163,32.64462809917355,0.87476796777395,-21.128152766232844,-0.08730641638939192,-20.882453640538724,31.633343151038613,7911.754635946128,82,15,67,18.29268292682927,0.4285386884733611,-37.911881662510694,-0.46234002027452065,-31.96840923666645,32.781624592921766,6803.159076333355,-46.901938065300996
60,3,3.5,1,1,0.05,12,1,0.0,2.5,72,0,83,26,57,31.325301204819276,1.0881303414712986,5.174219385165965,0.062339992592361025,4.179279157233906,13.517837701677376,10417.92791572339,33,5,28,15.151515151515152,0.4323609439458162,-16.259404689284718,-0.49270923300862784,-15.259659510254519,18.84627762624526,8474.034048974549,-49.184342018084244
60,3,3.5,1,1,0.05,12,1,0.0,3.0,72,0,82,21,61,25.609756097560975,0.9581140794476131,-2.6345020331607825,-0.03212807357513149,-3.7549380267575705,17.01930147685376,9624.506197324243,33,4,29,12.121212121212121,0.40142591543968187,-17.75940468928471,-0.5381637784631731,-16.54488034279821,21.235626924065855,8345.51196572018,-53.935027578420275
