time,open,high,low,close,tick_volume,spread,real_volume
2023.09.04 08:00:00,1943.813,1944.455,1939.853,1941.626,9972,125,0
2023.09.04 12:00:00,1941.637,1941.718,1936.725,1938.636,11278,125,0
2023.09.04 16:00:00,1938.635,1938.86,1937.969,1938.156,1946,125,0
2023.09.04 20:00:00,1938.495,1938.779,1937.666,1937.696,2034,125,0
2023.09.05 00:00:00,1937.588,1938.656,1934.833,1936.963,10183,125,0
2023.09.05 04:00:00,1936.963,1938.965,1935.209,1935.578,11530,125,0
2023.09.05 08:00:00,1935.578,1935.661,1929.949,1930.465,12637,125,0
2023.09.05 12:00:00,1930.435,1934.651,1925.347,1926.108,25001,125,0
2023.09.05 16:00:00,1926.077,1927.915,1925.449,1925.818,10104,125,0
2023.09.05 20:00:00,1925.849,1926.92,1925.425,1926.596,3465,125,0
2023.09.06 00:00:00,1926.606,1926.732,1924.226,1926.538,10048,125,0
2023.09.06 04:00:00,1926.531,1928.466,1922.847,1922.928,11495,125,0
2023.09.06 08:00:00,1922.962,1927.73,1922.576,1925.408,11623,125,0
2023.09.06 12:00:00,1925.401,1929.134,1915.28,1916.774,25727,125,0
2023.09.06 16:00:00,1916.776,1920.66,1915.996,1916.68,10169,125,0
2023.09.06 20:00:00,1916.71,1918.141,1915.959,1917.129,3736,125,0
2023.09.07 00:00:00,1917.124,1920.699,1916.321,1920.154,9794,125,0
2023.09.07 04:00:00,1920.137,1920.246,1917.107,1918.382,11090,125,0
2023.09.07 08:00:00,1918.35,1922.295,1917.374,1921.81,11142,125,0
2023.09.07 12:00:00,1921.825,1923.559,1916.201,1920.943,21444,125,0
2023.09.07 16:00:00,1920.94,1921.416,1917.451,1918.753,9003,125,0
2023.09.07 20:00:00,1918.785,1920.331,1918.785,1920.285,3166,125,0
2023.09.08 00:00:00,1920.293,1927.169,1920.101,1924.943,12813,125,0
2023.09.08 04:00:00,1924.943,1927.273,1923.847,1924.11,10371,125,0
2023.09.08 08:00:00,1924.104,1925.85,1922.645,1923.023,10828,125,0
2023.09.08 12:00:00,1923.003,1929.677,1919.187,1919.583,20857,125,0
2023.09.08 16:00:00,1919.582,1920.669,1917.322,1919.194,9017,125,0
2023.09.08 20:00:00,1919.183,1919.385,1918.793,1919.011,993,125,0
2023.09.10 20:00:00,1919.658,1919.691,1916.614,1918.838,4020,125,0
2023.09.11 00:00:00,1918.832,1924.05,1918.354,1923.311,12474,125,0
2023.09.11 04:00:00,1923.311,1930.583,1922.958,1926.459,14518,125,0
2023.09.11 08:00:00,1926.429,1928.015,1924.661,1925.205,11720,125,0
2023.09.11 12:00:00,1925.197,1930.091,1921.381,1923.024,19579,125,0
2023.09.11 16:00:00,1923.024,1925.075,1921.474,1922.738,9556,125,0
2023.09.11 20:00:00,1922.706,1923.273,1921.243,1921.664,3234,125,0
2023.09.12 00:00:00,1921.627,1924.319,1920.349,1923.66,10635,125,0
2023.09.12 04:00:00,1923.66,1924.484,1918.801,1919.005,10988,125,0
2023.09.12 08:00:00,1919.004,1921.335,1910.951,1912.973,13266,125,0
2023.09.12 12:00:00,1912.973,1914.618,1907.464,1912.448,20986,125,0
2023.09.12 16:00:00,1912.46,1915.044,1911.718,1912.979,9946,125,0
2023.09.12 20:00:00,1912.964,1913.816,1912.472,1912.895,3499,125,0
2023.09.13 00:00:00,1912.895,1913.819,1908.205,1909.642,11053,125,0
2023.09.13 04:00:00,1909.639,1912.637,1908.229,1912.026,12206,125,0
2023.09.13 08:00:00,1911.995,1913.092,1910.776,1912.3,11018,125,0
2023.09.13 12:00:00,1912.3,1915.734,1905.54,1910.413,30415,125,0
2023.09.13 16:00:00,1910.413,1911.668,1908.167,1908.777,10904,125,0
2023.09.13 20:00:00,1908.805,1909.813,1907.506,1909.214,4004,125,0
2023.09.14 00:00:00,1909.207,1912.893,1908.801,1909.68,12219,125,0
2023.09.14 04:00:00,1909.679,1911.021,1905.204,1905.855,11690,125,0
2023.09.14 08:00:00,1905.855,1909.115,1905.535,1907.495,11295,125,0
2023.09.14 12:00:00,1907.526,1911.37,1901.006,1907.95,31455,125,0
2023.09.14 16:00:00,1907.958,1912.067,1907.94,1909.45,11966,125,0
2023.09.14 20:00:00,1909.415,1911.064,1909.216,1909.772,3868,125,0
2023.09.15 00:00:00,1909.803,1915.979,1909.803,1915.588,12158,125,0
2023.09.15 04:00:00,1915.575,1919.543,1914.93,1918.01,13677,125,0
2023.09.15 08:00:00,1918.01,1919.94,1916.734,1919.183,11678,125,0
2023.09.15 12:00:00,1919.191,1930.41,1916.01,1926.416,24820,125,0
2023.09.15 16:00:00,1926.418,1927.842,1922.39,1922.487,11204,125,0
2023.09.15 20:00:00,1922.521,1923.905,1922.416,1923.868,1786,125,0
2023.09.17 20:00:00,1924.114,1924.568,1922.584,1923.264,2702,125,0
2023.09.18 00:00:00,1923.265,1929.486,1923.229,1928.876,11713,125,0
2023.09.18 04:00:00,1928.844,1930.608,1926.449,1926.478,12328,125,0
2023.09.18 08:00:00,1926.447,1928.164,1925.081,1926.807,10909,125,0
2023.09.18 12:00:00,1926.792,1929.416,1922.811,1929.003,18145,125,0
2023.09.18 16:00:00,1929.035,1933.571,1927.733,1933.32,10230,125,0
2023.09.18 20:00:00,1933.289,1934.491,1933.072,1934.078,3769,125,0
2023.09.19 00:00:00,1934.099,1934.572,1931.758,1932.264,9190,125,0
2023.09.19 04:00:00,1932.264,1934.79,1929.837,1934.445,10415,125,0
2023.09.19 08:00:00,1934.45,1936.783,1933.463,1935.244,9781,125,0
2023.09.19 12:00:00,1935.253,1937.382,1931.039,1933.094,18731,125,0
2023.09.19 16:00:00,1933.107,1933.725,1929.761,1931.932,10147,125,0
2023.09.19 20:00:00,1931.899,1932.345,1930.905,1931.356,3318,125,0
2023.09.20 00:00:00,1931.355,1931.528,1928.384,1930.588,9703,125,0
2023.09.20 04:00:00,1930.589,1932.318,1927.912,1928.706,10988,125,0
2023.09.20 08:00:00,1928.674,1932.706,1928.646,1932.086,10567,125,0
2023.09.20 12:00:00,1932.054,1945.811,1930.945,1941.858,19461,125,0
2023.09.20 16:00:00,1941.834,1947.398,1932.848,1932.994,25018,125,0
2023.09.20 20:00:00,1933.026,1933.676,1929.158,1929.462,7059,125,0
2023.09.21 00:00:00,1929.466,1929.694,1924.227,1928.336,12484,125,0
2023.09.21 04:00:00,1928.338,1930.488,1926.392,1927.158,11617,125,0
2023.09.21 08:00:00,1927.127,1927.419,1920.226,1920.742,13992,125,0
2023.09.21 12:00:00,1920.749,1923.812,1913.878,1917.434,28720,125,0
2023.09.21 16:00:00,1917.465,1921.256,1916.279,1919.729,11603,125,0
2023.09.21 20:00:00,1919.762,1921.538,1919.366,1921.39,4210,125,0
2023.09.22 00:00:00,1921.398,1925.528,1921.227,1923.813,11322,125,0
2023.09.22 04:00:00,1923.816,1928.721,1923.409,1928.0,12965,125,0
2023.09.22 08:00:00,1927.966,1927.986,1924.299,1925.545,11982,125,0
2023.09.22 12:00:00,1925.544,1929.083,1924.137,1927.706,19203,125,0
2023.09.22 16:00:00,1927.704,1928.516,1924.279,1925.373,10051,125,0
2023.09.22 20:00:00,1925.342,1925.557,1924.631,1925.269,1193,125,0
2023.09.24 20:00:00,1926.155,1926.331,1924.439,1924.767,3127,125,0
2023.09.25 00:00:00,1924.767,1925.301,1922.646,1923.619,9353,125,0
2023.09.25 04:00:00,1923.617,1927.185,1920.865,1923.487,10886,125,0
2023.09.25 08:00:00,1923.486,1924.988,1921.008,1924.057,12608,125,0
2023.09.25 12:00:00,1924.024,1926.837,1915.121,1917.455,22473,125,0
2023.09.25 16:00:00,1917.448,1918.258,1915.181,1915.492,10642,125,0
2023.09.25 20:00:00,1915.513,1916.782,1915.435,1916.245,2892,125,0
2023.09.26 00:00:00,1916.246,1916.485,1913.063,1913.629,9553,125,0
2023.09.26 04:00:00,1913.627,1915.171,1909.618,1913.675,10473,125,0
2023.09.26 08:00:00,1913.711,1915.615,1910.556,1911.572,12226,125,0
2023.09.26 12:00:00,1911.57,1912.828,1900.629,1902.403,23216,125,0
2023.09.26 16:00:00,1902.433,1903.636,1899.14,1900.494,12378,125,0
2023.09.26 20:00:00,1900.533,1902.069,1900.276,1901.566,3562,125,0
2023.09.27 00:00:00,1901.562,1903.787,1899.377,1899.911,10461,125,0
2023.09.27 04:00:00,1899.902,1899.902,1895.6,1896.656,12747,125,0
2023.09.27 08:00:00,1896.625,1897.836,1892.506,1892.889,12692,125,0
2023.09.27 12:00:00,1892.879,1893.09,1879.842,1881.528,22731,125,0
2023.09.27 16:00:00,1881.562,1881.628,1872.544,1876.739,16150,125,0
2023.09.27 20:00:00,1876.77,1877.688,1874.636,1877.599,4755,125,0
2023.09.28 00:00:00,1877.621,1877.89,1873.604,1874.667,10906,125,0
2023.09.28 04:00:00,1874.649,1878.207,1873.727,1875.717,13330,125,0
2023.09.28 08:00:00,1875.751,1877.162,1873.674,1876.01,13102,125,0
2023.09.28 12:00:00,1876.022,1879.527,1857.682,1864.756,30527,125,0
2023.09.28 16:00:00,1864.796,1867.314,1860.984,1867.139,14805,125,0
2023.09.28 20:00:00,1867.108,1867.263,1863.812,1866.737,5276,125,0
2023.09.29 00:00:00,1866.733,1867.241,1862.927,1863.339,9709,125,0
2023.09.29 04:00:00,1863.339,1873.985,1863.109,1873.539,12527,125,0
2023.09.29 08:00:00,1873.565,1873.762,1867.567,1869.462,13976,125,0
2023.09.29 12:00:00,1869.462,1879.839,1852.231,1854.778,34414,125,0
2023.09.29 16:00:00,1854.811,1856.455,1846.319,1848.237,15426,125,0
2023.09.29 20:00:00,1848.206,1849.891,1847.723,1848.833,2126,125,0
2023.10.01 20:00:00,1847.322,1848.715,1845.725,1848.352,4074,125,0
2023.10.02 00:00:00,1848.352,1848.923,1842.888,1843.473,8923,125,0
2023.10.02 04:00:00,1843.469,1846.22,1839.295,1839.814,13025,125,0
2023.10.02 08:00:00,1839.782,1843.206,1831.083,1837.3,16743,125,0
2023.10.02 12:00:00,1837.338,1840.597,1827.151,1832.614,31132,125,0
2023.10.02 16:00:00,1832.647,1833.604,1829.201,1829.344,14683,125,0
2023.10.02 20:00:00,1829.313,1829.625,1820.442,1824.982,7153,125,0
2023.10.03 00:00:00,1824.957,1825.216,1815.255,1820.528,13682,125,0
2023.10.03 04:00:00,1820.531,1824.624,1818.196,1824.036,14726,125,0
2023.10.03 08:00:00,1824.062,1829.125,1823.658,1825.947,16093,125,0
2023.10.03 12:00:00,1825.945,1833.382,1819.284,1824.825,46470,125,0
2023.10.03 16:00:00,1824.857,1828.083,1821.891,1823.924,16625,125,0
2023.10.03 20:00:00,1823.884,1824.992,1822.166,1823.341,5182,125,0
2023.10.04 00:00:00,1823.341,1825.033,1819.638,1820.768,12462,125,0
2023.10.04 04:00:00,1820.767,1823.825,1816.707,1823.102,14601,125,0
2023.10.04 08:00:00,1823.07,1827.165,1820.268,1824.987,16827,125,0
2023.10.04 12:00:00,1824.982,1830.617,1817.107,1823.756,36832,125,0
2023.10.04 16:00:00,1823.854,1824.021,1816.593,1823.323,15783,125,0
2023.10.04 20:00:00,1823.359,1824.022,1820.488,1822.561,4658,125,0
2023.10.05 00:00:00,1822.509,1828.709,1821.812,1828.335,11169,125,0
2023.10.05 04:00:00,1828.366,1829.21,1819.879,1820.728,12724,125,0
2023.10.05 08:00:00,1820.757,1823.97,1819.667,1823.032,14170,125,0
2023.10.05 12:00:00,1823.027,1823.879,1813.032,1815.509,30729,125,0
2023.10.05 16:00:00,1815.541,1820.84,1814.842,1820.339,14485,125,0
2023.10.05 20:00:00,1820.37,1823.139,1819.458,1821.31,3723,125,0
2023.10.06 00:00:00,1821.31,1824.438,1819.696,1823.981,9814,125,0
2023.10.06 04:00:00,1823.942,1824.548,1818.599,1821.385,11413,125,0
2023.10.06 08:00:00,1821.373,1825.087,1819.312,1821.244,13408,125,0
2023.10.06 12:00:00,1821.224,1834.87,1810.44,1832.593,44522,125,0
2023.10.06 16:00:00,1832.572,1833.967,1828.799,1829.424,15625,125,0
2023.10.06 20:00:00,1829.392,1832.203,1828.977,1831.937,1923,125,0
2023.10.08 20:00:00,1853.427,1854.68,1845.562,1848.003,10962,125,0
2023.10.09 00:00:00,1848.03,1852.764,1846.275,1851.112,15272,125,0
2023.10.09 04:00:00,1851.143,1854.398,1848.057,1850.464,14841,125,0
2023.10.09 08:00:00,1850.428,1852.299,1848.919,1849.985,12551,125,0
2023.10.09 12:00:00,1850.022,1853.167,1844.198,1851.577,23768,125,0
2023.10.09 16:00:00,1851.577,1863.454,1848.671,1863.261,13363,125,0
2023.10.09 20:00:00,1863.228,1863.228,1860.38,1862.573,4657,125,0
2023.10.10 00:00:00,1862.62,1865.315,1861.403,1862.457,14310,125,0
2023.10.10 04:00:00,1862.458,1862.497,1855.173,1857.373,15193,125,0
2023.10.10 08:00:00,1857.379,1859.77,1854.852,1857.165,15860,125,0
2023.10.10 12:00:00,1857.195,1862.295,1853.007,1861.29,24853,125,0
2023.10.10 16:00:00,1861.282,1862.758,1858.099,1860.14,14605,125,0
2023.10.10 20:00:00,1860.108,1860.761,1859.366,1859.685,3599,125,0
2023.10.11 00:00:00,1859.67,1862.108,1859.569,1860.095,10937,125,0
2023.10.11 04:00:00,1860.095,1868.16,1858.628,1867.949,13051,125,0
2023.10.11 08:00:00,1867.918,1874.749,1866.913,1871.009,15394,125,0
2023.10.11 12:00:00,1871.008,1875.041,1867.403,1873.032,26892,125,0
2023.10.11 16:00:00,1873.064,1877.189,1870.82,1873.621,15518,125,0
2023.10.11 20:00:00,1873.651,1875.7,1873.372,1875.288,4031,125,0
2023.10.12 00:00:00,1875.289,1878.716,1874.49,1877.63,11079,125,0
2023.10.12 04:00:00,1877.66,1882.629,1876.775,1878.892,12016,125,0
2023.10.12 08:00:00,1878.862,1884.472,1878.641,1883.532,12967,125,0
2023.10.12 12:00:00,1883.534,1884.993,1870.727,1872.32,30438,125,0
2023.10.12 16:00:00,1872.351,1873.626,1867.92,1868.335,15968,125,0
2023.10.12 20:00:00,1868.295,1871.215,1868.295,1870.592,3836,125,0
2023.10.13 00:00:00,1870.584,1873.994,1870.092,1873.68,10341,125,0
2023.10.13 04:00:00,1873.681,1883.108,1873.578,1882.131,13248,125,0
2023.10.13 08:00:00,1882.149,1899.859,1881.968,1896.456,17972,125,0
2023.10.13 12:00:00,1896.425,1923.149,1896.425,1922.988,41492,125,0
2023.10.13 16:00:00,1923.019,1930.735,1922.43,1928.33,16751,125,0
2023.10.13 20:00:00,1928.361,1932.63,1928.13,1932.254,2117,125,0
2023.10.15 20:00:00,1927.558,1927.558,1921.214,1925.874,7679,125,0
2023.10.16 00:00:00,1925.88,1925.965,1918.066,1920.064,12810,125,0
2023.10.16 04:00:00,1920.062,1920.399,1908.181,1911.456,16419,125,0
2023.10.16 08:00:00,1911.432,1918.318,1909.98,1915.604,16399,125,0
2023.10.16 12:00:00,1915.635,1924.564,1914.417,1921.491,29743,125,0
2023.10.16 16:00:00,1921.525,1922.758,1917.863,1918.98,12235,125,0
2023.10.16 20:00:00,1919.024,1921.773,1918.805,1919.424,4790,125,0
2023.10.17 00:00:00,1919.419,1920.004,1912.38,1916.822,12270,125,0
2023.10.17 04:00:00,1916.847,1921.376,1914.235,1920.042,13056,125,0
2023.10.17 08:00:00,1920.009,1926.541,1918.632,1924.03,16028,125,0
2023.10.17 12:00:00,1924.051,1931.561,1919.065,1926.855,32411,125,0
2023.10.17 16:00:00,1926.823,1926.823,1919.146,1922.618,15052,125,0
2023.10.17 20:00:00,1922.649,1925.545,1922.154,1924.727,4080,125,0
2023.10.18 00:00:00,1924.726,1942.762,1923.793,1937.485,16613,125,0
2023.10.18 04:00:00,1937.485,1940.134,1935.141,1939.625,14386,125,0
2023.10.18 08:00:00,1939.595,1947.459,1937.257,1946.173,16245,125,0
2023.10.18 12:00:00,1946.143,1962.599,1938.233,1945.176,37568,125,0
2023.10.18 16:00:00,1945.207,1956.557,1944.64,1950.372,17832,125,0
2023.10.18 20:00:00,1950.359,1951.671,1947.167,1950.88,5897,125,0
2023.10.19 00:00:00,1950.82,1953.256,1945.132,1946.31,13068,125,0
2023.10.19 04:00:00,1946.329,1952.759,1945.321,1949.458,15463,125,0
2023.10.19 08:00:00,1949.43,1954.468,1947.844,1952.129,15565,125,0
2023.10.19 12:00:00,1952.16,1959.951,1949.764,1956.17,29448,125,0
2023.10.19 16:00:00,1956.208,1977.672,1952.12,1974.366,32725,125,0
2023.10.19 20:00:00,1974.406,1982.433,1972.466,1977.175,9973,125,0
2023.10.20 00:00:00,1977.21,1981.852,1972.011,1977.769,18059,125,0
2023.10.20 04:00:00,1977.766,1982.16,1974.099,1980.175,16167,125,0
2023.10.20 08:00:00,1980.207,1985.855,1976.41,1977.267,17388,125,0
2023.10.20 12:00:00,1977.297,1997.152,1973.268,1991.604,34047,125,0
2023.10.20 16:00:00,1991.591,1992.395,1974.305,1979.69,25528,125,0
2023.10.20 20:00:00,1979.659,1981.338,1978.928,1980.788,2111,125,0
2023.10.22 20:00:00,1972.769,1978.567,1970.099,1971.581,6194,125,0
2023.10.23 00:00:00,1971.542,1974.762,1964.345,1973.661,18333,125,0
2023.10.23 04:00:00,1973.647,1979.75,1972.752,1979.458,15658,125,0
2023.10.23 08:00:00,1979.419,1982.784,1975.31,1979.346,16811,125,0
2023.10.23 12:00:00,1979.367,1981.958,1970.122,1975.362,30131,125,0
2023.10.23 16:00:00,1975.347,1979.342,1971.155,1973.207,17416,125,0
2023.10.23 20:00:00,1973.176,1973.837,1971.449,1973.595,4421,125,0
2023.10.24 00:00:00,1973.592,1980.873,1972.434,1976.881,14214,125,0
2023.10.24 04:00:00,1976.85,1979.181,1974.491,1975.337,14258,125,0
2023.10.24 08:00:00,1975.332,1975.946,1953.482,1963.755,21214,125,0
2023.10.24 12:00:00,1963.725,1970.065,1959.026,1969.791,31693,125,0
2023.10.24 16:00:00,1969.746,1977.573,1968.907,1972.729,15596,125,0
2023.10.24 20:00:00,1972.694,1973.421,1970.006,1972.862,4235,125,0
2023.10.25 00:00:00,1972.863,1976.983,1970.891,1973.261,13522,125,0
2023.10.25 04:00:00,1973.23,1975.954,1968.331,1971.187,14008,125,0
2023.10.25 08:00:00,1971.187,1976.454,1969.477,1974.701,15551,125,0
2023.10.25 12:00:00,1974.735,1987.245,1963.036,1981.225,37750,125,0
2023.10.25 16:00:00,1981.234,1985.691,1976.554,1980.82,18738,125,0
2023.10.25 20:00:00,1980.789,1984.139,1977.7,1982.961,8888,125,0
2023.10.26 00:00:00,1982.979,1987.378,1982.431,1987.203,12502,125,0
2023.10.26 04:00:00,1987.2,1990.079,1983.98,1990.079,15835,125,0
2023.10.26 08:00:00,1990.069,1993.426,1982.49,1984.608,14992,125,0
2023.10.26 12:00:00,1984.627,1986.709,1971.773,1980.258,35184,125,0
2023.10.26 16:00:00,1980.232,1989.262,1979.737,1984.401,17617,125,0
2023.10.26 20:00:00,1984.369,1986.778,1983.401,1984.416,5292,125,0
2023.10.27 00:00:00,1984.416,1988.85,1982.896,1987.907,12434,125,0
2023.10.27 04:00:00,1987.895,1989.959,1985.83,1987.351,14004,125,0
2023.10.27 08:00:00,1987.346,1987.924,1979.984,1981.806,13643,125,0
2023.10.27 12:00:00,1981.773,1986.152,1976.854,1979.947,32863,125,0
2023.10.27 16:00:00,1979.917,2009.364,1979.194,2006.946,24510,125,0
2023.10.27 20:00:00,2006.979,2007.172,2004.36,2006.086,3117,125,0
2023.10.29 20:00:00,2002.992,2004.813,1996.905,2002.694,9377,125,0
2023.10.30 00:00:00,2002.722,2006.769,2001.54,2002.112,13592,125,0
2023.10.30 04:00:00,2002.112,2002.697,1993.434,1993.646,13582,125,0
2023.10.30 08:00:00,1993.68,1997.354,1991.014,1995.757,17382,125,0
2023.10.30 12:00:00,1995.787,2002.519,1992.047,1999.126,31224,125,0
2023.10.30 16:00:00,1999.158,2000.632,1994.716,1995.924,14471,125,0
2023.10.30 20:00:00,1995.894,1996.723,1994.002,1995.529,4639,125,0
2023.10.31 00:00:00,1995.546,1997.288,1991.698,1992.163,13348,125,0
2023.10.31 04:00:00,1992.16,1997.631,1990.581,1996.287,12528,125,0
2023.10.31 08:00:00,1996.283,2000.373,1995.126,1999.882,15159,125,0
2023.10.31 12:00:00,1999.848,2007.887,1992.422,1994.241,31743,125,0
2023.10.31 16:00:00,1994.207,1994.76,1978.843,1984.864,22245,125,0
2023.10.31 20:00:00,1984.827,1986.156,1983.134,1983.706,6381,125,0
2023.11.01 00:00:00,1983.707,1983.987,1976.874,1977.118,13048,125,0
2023.11.01 04:00:00,1977.116,1981.004,1975.269,1977.14,12890,125,0
2023.11.01 08:00:00,1977.135,1985.174,1977.134,1983.455,14428,125,0
2023.11.01 12:00:00,1983.453,1992.655,1978.378,1979.274,30147,125,0
2023.11.01 16:00:00,1979.245,1982.294,1969.868,1978.632,29020,125,0
2023.11.01 20:00:00,1978.6,1985.67,1977.152,1985.048,7631,125,0
2023.11.02 00:00:00,1985.027,1988.157,1983.361,1985.416,12771,125,0
2023.11.02 04:00:00,1985.438,1986.657,1983.65,1985.445,12450,125,0
2023.11.02 08:00:00,1985.415,1990.359,1984.545,1988.499,14124,125,0
2023.11.02 12:00:00,1988.545,1990.963,1978.828,1981.179,27244,125,0
2023.11.02 16:00:00,1981.166,1986.693,1979.023,1985.436,14333,125,0
2023.11.02 20:00:00,1985.405,1986.502,1984.338,1985.002,4560,125,0
2023.11.03 00:00:00,1984.994,1987.819,1983.259,1985.839,10108,125,0
2023.11.03 04:00:00,1985.84,1989.083,1984.617,1986.562,10763,125,0
2023.11.03 08:00:00,1986.561,1990.222,1986.16,1987.622,12651,125,0
2023.11.03 12:00:00,1987.653,2004.04,1985.827,1991.744,44391,125,0
2023.11.03 16:00:00,1991.775,1995.095,1989.345,1992.73,15843,125,0
2023.11.03 20:00:00,1992.687,1992.921,1992.059,1992.555,1598,125,0
2023.11.05 20:00:00,1991.456,1991.616,1987.183,1988.507,2471,125,0
2023.11.06 00:00:00,1988.511,1993.08,1981.898,1985.224,14234,125,0
2023.11.06 04:00:00,1985.191,1985.31,1982.284,1983.466,11924,125,0
2023.11.06 08:00:00,1983.499,1988.39,1982.925,1987.674,13914,125,0
2023.11.06 12:00:00,1987.678,1989.052,1981.111,1981.113,21111,125,0
2023.11.06 16:00:00,1981.153,1984.441,1979.213,1980.338,13768,125,0
2023.11.06 20:00:00,1980.319,1980.319,1975.775,1976.719,7660,125,0
2023.11.07 00:00:00,1976.691,1977.039,1972.293,1972.6,12106,125,0
2023.11.07 04:00:00,1972.6,1974.175,1967.228,1969.32,11781,125,0
2023.11.07 08:00:00,1969.313,1970.239,1962.671,1963.882,16229,125,0
2023.11.07 12:00:00,1963.87,1967.216,1956.692,1963.334,26686,125,0
2023.11.07 16:00:00,1963.336,1969.877,1961.777,1967.461,16160,125,0
2023.11.07 20:00:00,1967.462,1969.376,1966.951,1968.94,6712,125,0
2023.11.08 00:00:00,1968.946,1971.033,1967.332,1967.782,12050,125,0
2023.11.08 04:00:00,1967.784,1969.152,1964.987,1967.631,11759,125,0
2023.11.08 08:00:00,1967.598,1968.974,1959.46,1964.423,15269,125,0
2023.11.08 12:00:00,1964.434,1966.67,1950.939,1955.402,23454,125,0
2023.11.08 16:00:00,1955.361,1957.909,1947.523,1948.168,18841,125,0
2023.11.08 20:00:00,1948.163,1951.812,1947.372,1950.851,7550,125,0
2023.11.09 00:00:00,1950.853,1954.566,1947.8,1949.238,13915,125,0
2023.11.09 04:00:00,1949.26,1950.501,1948.083,1949.366,12428,125,0
2023.11.09 08:00:00,1949.335,1949.71,1944.535,1948.83,14113,125,0
2023.11.09 12:00:00,1948.838,1964.96,1944.844,1962.972,27254,125,0
2023.11.09 16:00:00,1962.901,1965.756,1956.196,1958.387,22243,125,0
2023.11.09 20:00:00,1958.424,1960.035,1956.914,1959.096,7911,125,0
2023.11.10 00:00:00,1959.097,1960.751,1956.483,1959.425,12654,125,0
2023.11.10 04:00:00,1959.42,1959.505,1953.753,1955.385,11962,125,0
2023.11.10 08:00:00,1955.369,1957.172,1947.097,1948.214,14385,125,0
2023.11.10 12:00:00,1948.204,1949.141,1939.718,1942.009,24865,125,0
2023.11.10 16:00:00,1942.047,1943.442,1932.936,1935.478,16803,125,0
2023.11.10 20:00:00,1935.473,1938.942,1934.588,1938.391,4911,125,0
2023.11.12 20:00:00,1941.04,1941.337,1921.482,1940.38,2186,125,0
2023.11.13 00:00:00,1940.412,1941.95,1934.094,1935.351,14239,125,0
2023.11.13 04:00:00,1935.351,1941.241,1934.183,1938.809,12405,125,0
2023.11.13 08:00:00,1938.833,1940.461,1936.018,1938.002,13497,125,0
2023.11.13 12:00:00,1938.002,1938.948,1931.642,1938.459,19481,125,0
2023.11.13 16:00:00,1938.443,1949.225,1938.172,1946.179,14854,125,0
2023.11.13 20:00:00,1946.165,1946.796,1945.187,1946.437,5372,125,0
2023.11.14 00:00:00,1946.455,1948.362,1944.356,1944.801,10790,125,0
2023.11.14 04:00:00,1944.768,1946.471,1943.744,1945.631,10139,125,0
2023.11.14 08:00:00,1945.648,1948.129,1944.327,1945.875,13368,125,0
2023.11.14 12:00:00,1945.909,1970.991,1937.606,1964.351,33777,125,0
2023.11.14 16:00:00,1964.388,1966.582,1961.62,1963.661,16529,125,0
2023.11.14 20:00:00,1963.691,1964.5,1962.231,1962.53,6071,125,0
2023.11.15 00:00:00,1962.524,1967.021,1961.563,1966.852,13050,125,0
2023.11.15 04:00:00,1966.864,1971.053,1965.914,1970.298,13280,125,0
2023.11.15 08:00:00,1970.329,1974.057,1969.79,1972.935,14816,125,0
2023.11.15 12:00:00,1972.938,1975.329,1955.466,1963.154,27188,125,0
2023.11.15 16:00:00,1963.172,1963.7,1959.154,1961.751,15523,125,0
2023.11.15 20:00:00,1961.72,1962.215,1958.958,1960.365,6531,125,0
2023.11.16 00:00:00,1960.371,1962.177,1956.458,1961.439,12407,125,0
2023.11.16 04:00:00,1961.434,1967.778,1960.822,1966.545,11550,125,0
2023.11.16 08:00:00,1966.514,1968.575,1964.638,1965.573,13120,125,0
2023.11.16 12:00:00,1965.569,1986.5,1962.102,1984.919,25994,125,0
2023.11.16 16:00:00,1984.896,1987.977,1980.165,1983.39,17244,125,0
2023.11.16 20:00:00,1983.337,1984.079,1980.575,1982.708,6514,124,0
2023.11.17 00:00:00,1982.687,1986.981,1981.773,1986.702,13115,124,0
2023.11.17 04:00:00,1986.701,1987.712,1982.712,1987.694,11675,124,0
2023.11.17 08:00:00,1987.658,1993.458,1984.617,1988.775,16733,124,0
2023.11.17 12:00:00,1988.844,1991.633,1979.394,1983.437,23666,124,0
2023.11.17 16:00:00,1983.468,1985.333,1978.552,1980.359,15396,124,0
2023.11.17 20:00:00,1980.406,1981.057,1978.993,1980.668,4480,124,0
2023.11.19 20:00:00,1977.494,1978.764,1974.156,1974.508,2468,124,0
2023.11.20 00:00:00,1974.618,1985.158,1973.393,1982.306,16131,124,0
2023.11.20 04:00:00,1982.278,1983.433,1978.121,1978.583,15150,124,0
2023.11.20 08:00:00,1978.634,1980.565,1972.25,1973.371,17139,124,0
2023.11.20 12:00:00,1973.349,1973.417,1965.456,1971.924,23598,124,0
2023.11.20 16:00:00,1971.962,1978.963,1971.269,1978.415,17106,124,0
2023.11.20 20:00:00,1978.42,1981.638,1976.926,1981.207,6831,124,0
2023.11.21 00:00:00,1981.192,1994.272,1980.749,1993.3,16844,124,0
2023.11.21 04:00:00,1993.243,1994.091,1989.659,1992.396,15367,124,0
2023.11.21 08:00:00,1992.331,1994.284,1984.256,1987.239,17415,124,0
2023.11.21 12:00:00,1987.254,2007.535,1986.608,2004.196,27064,124,0
2023.11.21 16:00:00,2004.21,2005.359,1996.177,2000.058,18852,124,0
2023.11.21 20:00:00,2000.098,2000.193,1997.838,1999.376,6792,124,0
2023.11.22 00:00:00,1999.376,1999.376,1995.499,1996.501,13866,124,0
2023.11.22 04:00:00,1996.498,2004.063,1996.207,2003.694,14987,124,0
2023.11.22 08:00:00,2003.666,2006.46,1999.007,2000.637,16570,124,0
2023.11.22 12:00:00,2000.64,2003.247,1989.926,1994.941,20465,124,0
2023.11.22 16:00:00,1994.938,1995.518,1986.888,1990.685,16090,124,0
2023.11.22 20:00:00,1990.738,1991.853,1989.386,1990.544,6653,124,0
2023.11.23 00:00:00,1990.553,1998.227,1990.168,1997.741,12710,124,0
2023.11.23 04:00:00,1997.723,1998.59,1993.384,1996.403,12630,124,0
2023.11.23 08:00:00,1996.372,1996.443,1992.161,1993.863,13376,124,0
2023.11.23 12:00:00,1993.875,1994.887,1991.806,1992.166,13053,124,0
2023.11.23 16:00:00,1992.177,1992.981,1989.799,1992.145,5096,124,0
2023.11.23 20:00:00,1992.64,1994.38,1992.574,1994.049,1469,223,0
2023.11.24 00:00:00,1994.109,1994.928,1991.52,1993.561,13108,124,0
2023.11.24 04:00:00,1993.562,1994.818,1991.523,1993.521,12763,124,0
2023.11.24 08:00:00,1993.491,1996.335,1992.244,1995.217,13603,124,0
2023.11.24 12:00:00,1995.266,2003.643,1994.359,1998.37,21202,124,0
2023.11.24 16:00:00,1998.377,2002.345,1997.195,2002.275,8806,124,0
2023.11.26 20:00:00,2000.961,2003.05,2000.552,2002.317,2318,223,0
2023.11.27 00:00:00,2002.402,2018.225,2001.851,2009.588,20009,124,0
2023.11.27 04:00:00,2009.568,2013.756,2008.449,2010.893,15754,124,0
2023.11.27 08:00:00,2010.863,2015.529,2010.502,2012.557,16049,124,0
2023.11.27 12:00:00,2012.566,2016.374,2008.662,2010.24,24505,124,0
2023.11.27 16:00:00,2010.293,2013.6,2005.705,2012.813,16607,124,0
2023.11.27 20:00:00,2012.808,2015.466,2011.961,2015.253,6809,124,0
2023.11.28 00:00:00,2015.254,2018.062,2013.816,2014.936,14367,124,0
2023.11.28 04:00:00,2014.975,2016.908,2012.122,2013.549,12269,124,0
2023.11.28 08:00:00,2013.546,2016.695,2012.515,2015.166,14107,124,0
2023.11.28 12:00:00,2015.21,2031.546,2011.372,2030.831,26047,124,0
2023.11.28 16:00:00,2030.835,2043.053,2030.402,2041.81,19412,124,0
2023.11.28 20:00:00,2041.806,2044.61,2039.661,2044.442,8404,124,0
2023.11.29 00:00:00,2044.463,2052.065,2042.787,2044.049,19163,124,0
2023.11.29 04:00:00,2044.054,2049.038,2041.036,2042.521,15970,124,0
2023.11.29 08:00:00,2042.449,2044.123,2035.266,2040.102,17935,124,0
2023.11.29 12:00:00,2040.06,2047.009,2037.105,2042.924,30482,124,0
2023.11.29 16:00:00,2042.898,2049.572,2039.521,2046.294,18103,124,0
2023.11.29 20:00:00,2046.307,2046.458,2042.824,2044.679,7900,124,0
2023.11.30 00:00:00,2044.678,2047.302,2042.611,2046.076,13546,124,0
2023.11.30 04:00:00,2046.102,2046.918,2041.366,2044.612,14396,124,0
2023.11.30 08:00:00,2044.699,2045.7,2035.895,2037.185,17881,124,0
2023.11.30 12:00:00,2037.233,2044.112,2031.308,2037.864,32244,124,0
2023.11.30 16:00:00,2037.879,2041.406,2033.65,2036.135,16307,124,0
2023.11.30 20:00:00,2036.086,2040.53,2034.782,2039.987,6968,225,0
2023.12.01 00:00:00,2040.113,2043.408,2038.691,2039.441,13857,124,0
2023.12.01 04:00:00,2039.441,2042.86,2038.844,2039.539,12935,124,0
2023.12.01 08:00:00,2039.587,2049.908,2036.444,2037.071,17613,124,0
2023.12.01 12:00:00,2037.102,2053.316,2033.885,2049.344,30562,124,0
2023.12.01 16:00:00,2049.372,2075.347,2044.635,2067.054,27549,124,0
2023.12.01 20:00:00,2067.051,2071.915,2066.457,2071.684,5156,229,0
2023.12.03 20:00:00,2074.414,2144.685,2071.718,2117.588,17150,238,0
2023.12.04 00:00:00,2117.99,2120.704,2083.188,2085.813,38593,124,0
2023.12.04 04:00:00,2085.836,2090.527,2061.496,2063.586,26270,124,0
2023.12.04 08:00:00,2063.624,2076.381,2057.736,2070.872,27678,124,0
2023.12.04 12:00:00,2070.844,2071.357,2020.024,2022.583,55748,124,0
2023.12.04 16:00:00,2022.553,2031.539,2020.697,2030.914,30127,124,0
2023.12.04 20:00:00,2030.949,2034.169,2026.181,2034.126,10980,124,0
2023.12.05 00:00:00,2033.968,2041.209,2032.69,2037.324,20051,124,0
2023.12.05 04:00:00,2037.309,2038.354,2030.443,2032.636,18970,124,0
2023.12.05 08:00:00,2032.688,2039.615,2021.53,2024.717,22441,124,0
2023.12.05 12:00:00,2024.754,2030.859,2009.781,2016.268,41633,124,0
2023.12.05 16:00:00,2016.307,2020.603,2012.153,2019.759,23020,124,0
2023.12.05 20:00:00,2019.75,2020.946,2017.215,2018.941,8333,124,0
2023.12.06 00:00:00,2018.942,2024.227,2018.722,2023.168,14932,124,0
2023.12.06 04:00:00,2023.208,2035.952,2020.422,2034.068,16100,124,0
2023.12.06 08:00:00,2034.028,2034.936,2020.128,2021.353,19393,124,0
2023.12.06 12:00:00,2021.37,2033.054,2020.992,2030.247,31565,124,0
2023.12.06 16:00:00,2030.283,2031.371,2023.897,2029.916,19466,124,0
2023.12.06 20:00:00,2029.923,2029.941,2024.427,2027.044,8896,124,0
2023.12.07 00:00:00,2027.015,2030.082,2026.054,2026.907,14557,124,0
2023.12.07 04:00:00,2026.864,2030.778,2025.202,2029.622,16213,124,0
2023.12.07 08:00:00,2029.662,2035.153,2028.841,2032.6,17033,124,0
2023.12.07 12:00:00,2032.599,2039.931,2025.111,2029.337,32402,124,0
2023.12.07 16:00:00,2029.293,2031.943,2020.129,2029.888,22639,124,0
2023.12.07 20:00:00,2029.91,2031.26,2026.822,2027.984,6576,224,0
2023.12.08 00:00:00,2028.101,2034.052,2027.536,2032.399,17493,124,0
2023.12.08 04:00:00,2032.426,2032.445,2028.874,2030.893,14674,124,0
2023.12.08 08:00:00,2030.847,2032.381,2026.47,2030.009,19534,124,0
2023.12.08 12:00:00,2030.047,2030.137,2002.537,2008.905,47072,124,0
2023.12.08 16:00:00,2008.903,2009.698,1994.584,2000.798,22866,124,0
2023.12.08 20:00:00,2000.774,2005.104,2000.043,2004.376,5780,124,0
2023.12.10 20:00:00,2005.622,2007.685,2004.6,2007.091,3161,124,0
2023.12.11 00:00:00,2007.03,2007.844,1995.448,1996.927,17959,124,0
2023.12.11 04:00:00,1996.943,2000.572,1991.308,1992.795,15764,124,0
2023.12.11 08:00:00,1992.806,1997.863,1991.17,1996.138,18010,124,0
2023.12.11 12:00:00,1996.191,1996.781,1980.61,1982.343,26088,124,0
2023.12.11 16:00:00,1982.394,1984.338,1975.876,1981.613,20424,124,0
2023.12.11 20:00:00,1981.654,1984.335,1980.321,1982.998,7859,124,0
2023.12.12 00:00:00,1982.989,1989.535,1981.893,1985.5,16410,124,0
2023.12.12 04:00:00,1985.497,1989.128,1984.675,1988.056,13462,124,0
2023.12.12 08:00:00,1988.028,1988.466,1982.653,1988.405,15590,124,0
2023.12.12 12:00:00,1988.358,1996.784,1980.051,1981.687,33606,124,0
2023.12.12 16:00:00,1981.735,1983.684,1977.162,1980.305,18502,124,0
2023.12.12 20:00:00,1980.299,1982.823,1979.037,1982.49,6893,124,0
2023.12.13 00:00:00,1982.489,1982.554,1977.753,1978.024,12587,124,0
2023.12.13 04:00:00,1977.975,1980.509,1973.071,1979.263,14594,124,0
2023.12.13 08:00:00,1979.303,1983.605,1978.598,1982.799,15237,124,0
2023.12.13 12:00:00,1982.788,1986.783,1978.421,1981.822,23270,124,0
2023.12.13 16:00:00,1981.862,2017.488,1979.661,2013.636,34222,124,0
2023.12.13 20:00:00,2013.683,2033.167,2012.604,2032.851,23800,124,0
2023.12.14 00:00:00,2032.892,2039.358,2029.972,2031.016,26841,124,0
2023.12.14 04:00:00,2030.976,2037.413,2029.294,2032.693,20222,124,0
2023.12.14 08:00:00,2032.654,2040.352,2032.022,2034.916,22521,124,0
2023.12.14 12:00:00,2035.047,2047.947,2027.45,2040.252,40811,124,0
2023.12.14 16:00:00,2040.22,2041.495,2028.981,2033.201,24450,124,0
2023.12.14 20:00:00,2033.157,2038.683,2032.733,2035.591,10214,124,0
2023.12.15 00:00:00,2035.559,2037.492,2031.244,2035.782,16503,124,0
2023.12.15 04:00:00,2035.746,2039.139,2034.357,2037.874,15293,124,0
2023.12.15 08:00:00,2037.837,2044.41,2036.998,2041.673,17922,124,0
2023.12.15 12:00:00,2041.659,2044.947,2026.933,2035.118,36471,124,0
2023.12.15 16:00:00,2035.088,2036.442,2015.579,2019.107,22935,124,0
2023.12.15 20:00:00,2019.053,2021.655,2017.432,2019.528,7066,124,0
2023.12.17 20:00:00,2019.84,2020.139,2015.931,2017.452,3340,124,0
2023.12.18 00:00:00,2017.451,2024.151,2016.105,2022.824,17706,124,0
2023.12.18 04:00:00,2022.818,2024.869,2021.494,2023.184,13328,124,0
2023.12.18 08:00:00,2023.151,2027.344,2018.773,2021.987,18980,124,0
2023.12.18 12:00:00,2021.956,2026.945,2020.311,2022.321,21286,124,0
2023.12.18 16:00:00,2022.367,2033.729,2021.186,2026.247,17919,124,0
2023.12.18 20:00:00,2026.281,2028.027,2025.545,2027.642,7663,124,0
2023.12.19 00:00:00,2027.606,2029.327,2022.651,2023.376,15689,124,0
2023.12.19 04:00:00,2023.326,2026.411,2021.734,2024.784,16230,124,0
2023.12.19 08:00:00,2024.728,2028.445,2023.865,2026.561,14199,124,0
2023.12.19 12:00:00,2026.58,2045.499,2026.204,2041.78,26105,124,0
2023.12.19 16:00:00,2041.799,2047.007,2036.663,2039.482,17985,124,0
2023.12.19 20:00:00,2039.52,2041.662,2038.71,2040.968,7931,124,0
2023.12.20 00:00:00,2040.899,2041.067,2036.738,2040.43,13723,124,0
2023.12.20 04:00:00,2040.43,2043.49,2039.382,2042.313,13261,124,0
2023.12.20 08:00:00,2042.246,2042.485,2031.794,2033.54,15504,124,0
2023.12.20 12:00:00,2033.458,2039.92,2029.554,2032.516,24473,124,0
2023.12.20 16:00:00,2032.564,2037.217,2030.162,2032.345,16808,124,0
2023.12.20 20:00:00,2032.308,2033.865,2027.421,2032.165,11651,124,0
2023.12.21 00:00:00,2032.14,2037.706,2031.942,2037.403,13071,124,0
2023.12.21 04:00:00,2037.409,2038.297,2033.896,2034.914,12540,124,0
2023.12.21 08:00:00,2034.899,2037.233,2033.019,2034.092,14007,124,0
2023.12.21 12:00:00,2034.135,2046.079,2032.071,2041.509,30391,124,0
2023.12.21 16:00:00,2041.502,2045.194,2037.448,2043.967,18062,124,0
2023.12.21 20:00:00,2043.964,2055.047,2043.099,2052.817,10461,124,0
2023.12.22 00:00:00,2052.824,2053.951,2046.792,2048.295,17229,124,0
2023.12.22 04:00:00,2048.295,2050.933,2047.073,2049.977,13930,124,0
2023.12.22 08:00:00,2049.973,2063.038,2049.656,2060.662,16199,124,0
2023.12.22 12:00:00,2060.72,2070.65,2057.691,2060.822,32495,124,0
2023.12.22 16:00:00,2060.824,2062.209,2051.136,2053.996,20941,124,0
2023.12.22 20:00:00,2053.986,2054.09,2052.121,2053.132,5598,124,0
2023.12.25 20:00:00,2057.79,2057.873,2053.505,2054.68,1443,697,0
2023.12.26 00:00:00,2054.902,2065.125,2053.388,2063.939,9484,228,0
2023.12.26 04:00:00,2063.907,2065.022,2061.348,2064.201,8405,229,0
2023.12.26 08:00:00,2064.22,2064.617,2060.503,2063.485,9049,228,0
2023.12.26 12:00:00,2063.532,2063.948,2054.49,2056.808,13625,160,0
2023.12.26 16:00:00,2056.822,2062.122,2056.523,2061.682,11296,170,0
2023.12.26 20:00:00,2061.709,2069.105,2061.542,2065.738,6455,171,0
2023.12.27 00:00:00,2066.211,2067.85,2063.926,2064.566,13742,124,0
2023.12.27 04:00:00,2064.572,2067.439,2064.093,2065.985,11855,124,0
2023.12.27 08:00:00,2065.983,2069.332,2061.501,2068.106,14316,124,0
2023.12.27 12:00:00,2068.154,2081.922,2064.404,2078.853,22955,124,0
2023.12.27 16:00:00,2078.824,2084.462,2075.897,2077.487,18585,124,0
2023.12.27 20:00:00,2077.534,2079.678,2076.327,2079.281,7467,124,0
2023.12.28 00:00:00,2079.541,2088.485,2079.208,2087.236,15957,124,0
2023.12.28 04:00:00,2087.238,2087.652,2084.012,2086.112,14680,124,0
2023.12.28 08:00:00,2086.189,2086.455,2072.679,2075.524,18733,124,0
2023.12.28 12:00:00,2075.544,2081.18,2071.301,2077.274,23068,124,0
2023.12.28 16:00:00,2077.227,2077.359,2065.929,2068.092,19642,124,0
2023.12.28 20:00:00,2068.046,2068.934,2064.494,2066.676,8062,124,0
2023.12.29 00:00:00,2066.78,2071.43,2066.048,2069.531,15123,124,0
2023.12.29 04:00:00,2069.53,2074.764,2068.887,2071.963,12302,124,0
2023.12.29 08:00:00,2072.012,2073.446,2061.82,2067.789,16375,124,0
2023.12.29 12:00:00,2067.756,2068.905,2058.161,2064.874,23656,124,0
2023.12.29 16:00:00,2064.828,2068.14,2061.129,2067.288,20604,124,0
2023.12.29 20:00:00,2067.266,2067.401,2062.461,2062.875,5903,124,0
2024.01.01 20:00:00,2064.889,2066.215,2062.842,2063.752,1989,236,0
2024.01.02 00:00:00,2063.678,2070.407,2062.235,2069.556,13289,124,0
2024.01.02 04:00:00,2069.562,2076.732,2068.893,2073.134,12466,230,0
2024.01.02 08:00:00,2073.2,2078.919,2068.253,2069.259,16605,124,0
2024.01.02 12:00:00,2069.215,2071.064,2056.137,2059.343,32912,124,0
2024.01.02 16:00:00,2059.373,2067.626,2059.132,2060.984,18605,124,0
2024.01.02 20:00:00,2061.027,2061.617,2057.875,2059.589,7474,124,0
2024.01.03 00:00:00,2059.615,2065.585,2059.263,2065.109,14549,124,0
2024.01.03 04:00:00,2065.061,2066.012,2060.846,2062.955,13500,124,0
2024.01.03 08:00:00,2062.895,2064.372,2046.651,2047.654,19436,124,0
2024.01.03 12:00:00,2047.685,2048.797,2031.719,2032.59,37290,124,0
2024.01.03 16:00:00,2032.639,2042.312,2030.575,2036.658,25848,124,0
2024.01.03 20:00:00,2036.617,2043.804,2036.442,2042.779,10390,124,0
2024.01.04 00:00:00,2042.965,2046.969,2040.081,2044.714,14917,124,0
2024.01.04 04:00:00,2044.719,2049.594,2042.384,2047.694,15630,124,0
2024.01.04 08:00:00,2047.74,2051.008,2044.866,2045.171,17475,124,0
2024.01.04 12:00:00,2045.173,2047.769,2036.216,2045.083,24984,124,0
2024.01.04 16:00:00,2045.121,2046.71,2040.863,2044.337,16868,124,0
2024.01.04 20:00:00,2044.32,2044.82,2042.594,2043.977,7378,124,0
2024.01.05 00:00:00,2044.224,2048.276,2043.272,2045.36,14646,124,0
2024.01.05 04:00:00,2045.316,2047.023,2040.899,2043.163,14208,124,0
2024.01.05 08:00:00,2043.182,2044.425,2037.054,2039.19,15714,124,0
2024.01.05 12:00:00,2039.173,2064.03,2024.464,2054.808,51586,124,0
2024.01.05 16:00:00,2054.866,2056.251,2040.425,2045.721,25830,124,0
2024.01.05 20:00:00,2045.743,2046.215,2042.827,2045.512,6671,124,0
2024.01.07 20:00:00,2044.672,2045.612,2042.949,2044.244,2619,124,0
2024.01.08 00:00:00,2044.249,2046.618,2035.052,2036.135,15302,124,0
2024.01.08 04:00:00,2036.155,2037.58,2026.981,2031.43,18536,124,0
2024.01.08 08:00:00,2031.431,2031.774,2016.664,2020.088,21094,124,0
2024.01.08 12:00:00,2020.043,2034.82,2018.391,2034.262,30114,124,0
2024.01.08 16:00:00,2034.293,2036.94,2026.318,2029.339,18871,124,0
2024.01.08 20:00:00,2029.352,2030.798,2026.119,2030.551,7592,124,0
2024.01.09 00:00:00,2030.522,2035.938,2030.522,2033.628,15856,124,0
2024.01.09 04:00:00,2033.639,2037.256,2030.333,2035.998,15905,124,0
2024.01.09 08:00:00,2036.048,2038.522,2031.283,2035.03,19089,124,0
2024.01.09 12:00:00,2035.061,2042.011,2028.747,2028.748,28391,124,0
2024.01.09 16:00:00,2028.696,2032.059,2026.053,2028.828,20193,124,0
2024.01.09 20:00:00,2028.847,2031.122,2028.078,2030.513,7356,124,0
2024.01.10 00:00:00,2030.516,2032.867,2027.271,2028.84,14563,124,0
2024.01.10 04:00:00,2028.836,2031.652,2023.802,2030.965,15955,124,0
2024.01.10 08:00:00,2030.962,2040.337,2030.205,2034.08,19494,124,0
2024.01.10 12:00:00,2034.086,2035.701,2024.811,2027.811,25219,124,0
2024.01.10 16:00:00,2027.867,2028.539,2020.391,2024.046,18784,124,0
2024.01.10 20:00:00,2024.109,2027.807,2021.879,2026.471,8629,124,0
2024.01.11 00:00:00,2026.526,2032.02,2026.525,2030.828,13603,124,0
2024.01.11 04:00:00,2030.827,2035.695,2030.818,2033.88,13412,124,0
2024.01.11 08:00:00,2033.929,2034.421,2030.157,2034.324,15587,124,0
2024.01.11 12:00:00,2034.358,2048.43,2024.895,2029.025,50047,124,0
2024.01.11 16:00:00,2028.991,2029.637,2013.246,2026.475,31441,124,0
2024.01.11 20:00:00,2026.525,2035.559,2023.478,2035.067,10653,124,0
2024.01.12 00:00:00,2035.125,2035.674,2030.063,2033.914,15607,124,0
2024.01.12 04:00:00,2033.883,2039.376,2032.842,2037.594,14650,124,0
2024.01.12 08:00:00,2037.589,2047.4,2036.946,2045.344,18692,124,0
2024.01.12 12:00:00,2045.377,2062.322,2044.38,2053.648,40211,124,0
2024.01.12 16:00:00,2053.68,2055.543,2041.434,2047.319,24664,124,0
2024.01.12 20:00:00,2047.368,2049.26,2046.045,2049.069,5738,124,0
2024.01.14 20:00:00,2048.168,2048.743,2046.332,2047.624,2674,124,0
2024.01.15 00:00:00,2047.69,2058.077,2045.789,2057.412,16754,124,0
2024.01.15 04:00:00,2057.407,2057.588,2052.911,2054.205,14852,124,0
2024.01.15 08:00:00,2054.257,2058.663,2051.479,2053.294,16006,124,0
2024.01.15 12:00:00,2053.349,2054.458,2049.189,2053.295,15546,124,0
2024.01.15 16:00:00,2053.269,2056.421,2053.185,2053.973,8074,124,0
2024.01.15 20:00:00,2054.866,2055.439,2053.244,2053.948,2211,374,0
2024.01.16 00:00:00,2054.035,2054.545,2048.382,2049.474,16106,124,0
2024.01.16 04:00:00,2049.475,2050.922,2047.388,2049.413,14558,124,0
2024.01.16 08:00:00,2049.382,2050.062,2038.177,2039.911,22361,124,0
2024.01.16 12:00:00,2039.863,2045.167,2031.282,2041.09,34079,124,0
2024.01.16 16:00:00,2041.139,2041.307,2024.224,2029.227,32354,124,0
2024.01.16 20:00:00,2029.257,2029.792,2025.707,2027.94,8049,124,0
2024.01.17 00:00:00,2028.138,2032.973,2023.432,2024.112,16115,124,0
2024.01.17 04:00:00,2024.108,2026.149,2017.58,2025.784,19720,124,0
2024.01.17 08:00:00,2025.734,2028.357,2019.041,2023.976,19112,124,0
2024.01.17 12:00:00,2023.931,2029.052,2006.114,2008.897,36262,124,0
2024.01.17 16:00:00,2008.852,2011.978,2001.801,2005.498,22170,124,0
2024.01.17 20:00:00,2005.548,2009.715,2004.749,2009.36,8262,124,0
2024.01.18 00:00:00,2009.377,2012.081,2006.473,2008.057,14922,124,0
2024.01.18 04:00:00,2008.044,2014.05,2005.755,2012.342,14646,124,0
2024.01.18 08:00:00,2012.305,2013.513,2008.103,2012.592,16407,124,0
2024.01.18 12:00:00,2012.615,2017.281,2007.406,2013.587,27648,124,0
2024.01.18 16:00:00,2013.589,2021.139,2013.055,2019.783,18810,124,0
2024.01.18 20:00:00,2019.777,2024.341,2019.777,2023.536,8125,124,0
2024.01.19 00:00:00,2023.831,2025.527,2021.894,2022.783,13507,124,0
2024.01.19 04:00:00,2022.78,2029.645,2020.345,2027.984,13509,124,0
2024.01.19 08:00:00,2027.944,2032.011,2026.21,2031.655,14925,124,0
2024.01.19 12:00:00,2031.693,2039.296,2023.175,2027.7,26215,124,0
2024.01.19 16:00:00,2027.674,2029.547,2023.216,2029.113,18165,124,0
2024.01.19 20:00:00,2029.093,2030.008,2027.724,2029.49,5344,124,0
2024.01.21 20:00:00,2028.567,2028.6,2026.881,2027.543,2807,124,0
2024.01.22 00:00:00,2027.527,2032.111,2025.419,2026.979,14149,124,0
2024.01.22 04:00:00,2026.976,2027.208,2019.097,2021.823,16945,124,0
2024.01.22 08:00:00,2021.795,2026.645,2020.445,2026.154,16883,124,0
2024.01.22 12:00:00,2026.103,2030.198,2016.459,2024.138,25609,124,0
2024.01.22 16:00:00,2024.179,2024.639,2019.064,2020.997,15301,124,0
2024.01.22 20:00:00,2021.011,2021.884,2019.149,2020.664,6627,124,0
2024.01.23 00:00:00,2020.747,2027.898,2019.596,2027.431,14077,124,0
2024.01.23 04:00:00,2027.426,2037.937,2026.684,2031.587,17891,124,0
2024.01.23 08:00:00,2031.59,2031.685,2022.398,2023.898,17507,124,0
2024.01.23 12:00:00,2023.905,2030.34,2021.393,2025.146,23408,124,0
2024.01.23 16:00:00,2025.202,2030.726,2022.601,2029.873,15684,124,0
2024.01.23 20:00:00,2029.855,2030.323,2027.2,2029.249,6985,124,0
2024.01.24 00:00:00,2029.308,2029.308,2023.741,2024.857,12997,124,0
2024.01.24 04:00:00,2024.856,2031.644,2022.799,2029.568,13926,124,0
2024.01.24 08:00:00,2029.599,2034.268,2028.22,2033.498,17135,124,0
2024.01.24 12:00:00,2033.447,2036.668,2014.863,2015.246,31919,124,0
2024.01.24 16:00:00,2015.284,2019.821,2011.176,2012.094,21044,124,0
2024.01.24 20:00:00,2012.126,2017.512,2011.82,2016.214,8187,124,0
2024.01.25 00:00:00,2016.284,2017.322,2014.477,2015.806,13613,124,0
2024.01.25 04:00:00,2015.804,2018.256,2013.589,2015.848,12290,124,0
2024.01.25 08:00:00,2015.801,2019.528,2012.64,2017.487,16027,124,0
2024.01.25 12:00:00,2017.488,2025.267,2009.504,2020.317,31533,124,0
2024.01.25 16:00:00,2020.323,2021.644,2012.446,2017.738,18206,124,0
2024.01.25 20:00:00,2017.771,2021.757,2016.906,2020.361,7192,124,0
2024.01.26 00:00:00,2020.469,2024.209,2019.359,2021.811,12251,124,0
2024.01.26 04:00:00,2021.755,2023.506,2019.809,2021.29,12082,124,0
2024.01.26 08:00:00,2021.286,2024.694,2018.22,2023.465,15705,124,0
2024.01.26 12:00:00,2023.423,2026.871,2016.073,2017.123,24735,124,0
2024.01.26 16:00:00,2017.057,2019.443,2015.905,2017.052,15128,124,0
2024.01.26 20:00:00,2017.028,2019.253,2016.485,2018.506,4573,124,0
2024.01.28 20:00:00,2023.461,2028.652,2021.224,2021.868,5029,124,0
2024.01.29 00:00:00,2021.87,2026.354,2019.319,2025.639,14134,124,0
2024.01.29 04:00:00,2025.631,2033.892,2024.695,2031.312,13072,124,0
2024.01.29 08:00:00,2031.28,2033.581,2025.465,2028.154,15285,124,0
2024.01.29 12:00:00,2028.175,2037.599,2020.529,2025.425,22257,124,0
2024.01.29 16:00:00,2025.382,2031.134,2024.027,2026.917,15460,124,0
2024.01.29 20:00:00,2026.953,2035.265,2026.953,2030.843,9823,124,0
2024.01.30 00:00:00,2031.0,2034.103,2029.811,2032.037,12894,124,0
2024.01.30 04:00:00,2032.041,2040.508,2031.191,2037.893,13277,124,0
2024.01.30 08:00:00,2037.854,2039.502,2031.035,2034.289,16206,124,0
2024.01.30 12:00:00,2034.262,2048.596,2029.066,2032.579,31815,124,0
2024.01.30 16:00:00,2032.643,2037.058,2031.453,2036.076,17561,124,0
2024.01.30 20:00:00,2036.04,2037.192,2035.271,2036.346,6862,124,0
2024.01.31 00:00:00,2036.437,2038.681,2032.848,2033.945,11477,124,0
2024.01.31 04:00:00,2033.893,2038.569,2033.235,2036.6,11149,124,0
2024.01.31 08:00:00,2036.601,2040.474,2036.114,2037.321,14227,124,0
2024.01.31 12:00:00,2037.326,2056.016,2036.027,2052.155,27780,124,0
2024.01.31 16:00:00,2052.169,2053.618,2039.566,2044.73,37139,124,0
2024.01.31 20:00:00,2044.699,2045.943,2030.846,2039.899,24534,124,0
2024.02.01 00:00:00,2039.934,2049.617,2039.138,2046.327,14942,124,0
2024.02.01 04:00:00,2046.373,2046.677,2041.154,2042.933,13707,124,0
2024.02.01 08:00:00,2042.848,2042.848,2029.95,2033.415,19928,124,0
2024.02.01 12:00:00,2033.419,2053.054,2030.072,2051.949,34407,124,0
2024.02.01 16:00:00,2051.896,2065.495,2051.294,2054.772,29593,124,0
2024.02.01 20:00:00,2054.823,2056.214,2053.449,2054.737,7948,124,0
2024.02.02 00:00:00,2054.743,2056.948,2051.927,2054.599,12892,124,0
2024.02.02 04:00:00,2054.601,2056.969,2054.1,2055.079,13199,124,0
2024.02.02 08:00:00,2055.061,2056.795,2052.706,2056.075,14563,124,0
2024.02.02 12:00:00,2056.103,2057.66,2027.779,2035.03,43855,124,0
2024.02.02 16:00:00,2034.981,2038.77,2033.09,2038.089,18852,124,0
2024.02.02 20:00:00,2038.144,2039.828,2036.006,2039.647,5711,124,0
2024.02.04 20:00:00,2041.819,2042.25,2039.099,2039.753,3247,124,0
2024.02.05 00:00:00,2039.336,2039.857,2030.278,2032.303,17690,124,0
2024.02.05 04:00:00,2032.249,2033.333,2026.776,2027.54,14936,124,0
2024.02.05 08:00:00,2027.593,2028.413,2020.621,2027.614,16287,124,0
2024.02.05 12:00:00,2027.618,2028.055,2014.856,2017.827,26397,124,0
2024.02.05 16:00:00,2017.784,2027.527,2017.776,2025.964,16486,124,0
2024.02.05 20:00:00,2025.935,2026.42,2023.55,2024.973,6663,124,0
2024.02.06 00:00:00,2024.922,2028.602,2023.451,2023.932,12414,124,0
2024.02.06 04:00:00,2023.933,2029.85,2023.568,2026.281,13472,124,0
2024.02.06 08:00:00,2026.297,2027.51,2022.84,2026.731,14655,124,0
2024.02.06 12:00:00,2026.685,2038.146,2024.485,2036.326,24364,124,0
2024.02.06 16:00:00,2036.275,2038.917,2032.103,2035.941,18519,124,0
2024.02.06 20:00:00,2036.002,2036.988,2034.414,2035.182,6520,124,0
2024.02.07 00:00:00,2035.287,2036.133,2034.063,2034.468,10977,124,0
2024.02.07 04:00:00,2034.411,2036.171,2032.445,2035.162,10926,124,0
2024.02.07 08:00:00,2035.218,2035.756,2031.255,2034.161,13883,124,0
2024.02.07 12:00:00,2034.151,2044.554,2030.556,2038.383,24898,124,0
2024.02.07 16:00:00,2038.341,2040.91,2033.984,2035.548,17003,124,0
2024.02.07 20:00:00,2035.502,2036.482,2033.725,2036.34,6350,124,0
2024.02.08 00:00:00,2036.497,2038.724,2031.761,2032.792,10999,124,0
2024.02.08 04:00:00,2032.794,2034.988,2031.098,2032.831,11732,124,0
2024.02.08 08:00:00,2032.833,2038.546,2027.807,2029.007,16649,124,0
2024.02.08 12:00:00,2029.02,2034.049,2020.164,2031.968,27929,124,0
2024.02.08 16:00:00,2032.011,2035.34,2027.699,2032.533,16731,124,0
2024.02.08 20:00:00,2032.529,2034.749,2032.529,2034.236,5646,125,0
2024.02.09 00:00:00,2034.184,2035.153,2031.972,2033.584,9831,124,0
2024.02.09 04:00:00,2033.612,2035.014,2032.152,2033.559,9407,124,0
2024.02.09 08:00:00,2033.558,2034.104,2030.529,2031.548,14522,124,0
2024.02.09 12:00:00,2031.554,2037.212,2021.821,2022.489,28382,124,0
2024.02.09 16:00:00,2022.498,2026.349,2020.27,2024.786,15493,124,0
2024.02.09 20:00:00,2024.777,2026.227,2023.842,2024.229,4741,125,0
2024.02.11 20:00:00,2026.383,2026.743,2024.43,2025.304,2173,124,0
2024.02.12 00:00:00,2025.453,2026.597,2021.85,2022.894,9213,124,0
2024.02.12 04:00:00,2022.917,2026.44,2022.54,2025.539,9001,124,0
2024.02.12 08:00:00,2025.486,2027.294,2019.954,2021.741,14114,124,0
2024.02.12 12:00:00,2021.728,2027.602,2012.068,2013.171,22510,124,0
2024.02.12 16:00:00,2013.238,2021.595,2011.884,2019.196,16646,124,0
2024.02.12 20:00:00,2019.136,2020.556,2018.433,2018.763,6013,124,0
2024.02.13 00:00:00,2018.714,2021.225,2016.845,2018.561,9630,124,0
2024.02.13 04:00:00,2018.517,2025.826,2018.362,2025.191,10415,124,0
2024.02.13 08:00:00,2025.241,2029.333,2024.453,2027.702,13565,124,0
2024.02.13 12:00:00,2027.75,2032.912,1990.002,1992.274,40092,124,0
2024.02.13 16:00:00,1992.317,1997.812,1991.224,1991.792,18083,124,0
2024.02.13 20:00:00,1991.752,1993.649,1990.468,1991.305,7198,124,0
2024.02.14 00:00:00,1991.444,1993.598,1988.833,1992.501,11675,124,0
2024.02.14 04:00:00,1992.496,1993.335,1989.314,1989.477,11233,124,0
2024.02.14 08:00:00,1989.537,1993.429,1985.969,1992.237,16828,124,0
2024.02.14 12:00:00,1992.27,1993.231,1984.159,1987.885,25765,124,0
2024.02.14 16:00:00,1987.932,1996.078,1987.425,1991.695,19440,124,0
2024.02.14 20:00:00,1991.705,1995.179,1989.595,1993.565,6678,124,0
2024.02.15 00:00:00,1993.554,1994.319,1990.208,1990.79,10519,124,0
2024.02.15 04:00:00,1990.793,1994.633,1990.446,1993.764,10255,124,0
2024.02.15 08:00:00,1993.718,1998.142,1993.467,1997.51,13940,124,0
2024.02.15 12:00:00,1997.487,2008.262,1995.703,2000.842,29969,124,0
2024.02.15 16:00:00,2000.783,2006.443,1998.393,2005.047,17135,124,0
2024.02.15 20:00:00,2005.028,2005.098,2003.262,2003.268,6063,124,0
2024.02.16 00:00:00,2003.208,2005.654,2002.378,2004.304,10146,124,0
2024.02.16 04:00:00,2004.301,2006.473,2002.76,2005.187,10694,124,0
2024.02.16 08:00:00,2005.225,2007.813,2003.905,2007.276,13294,124,0
2024.02.16 12:00:00,2007.287,2011.039,1995.096,2007.929,32071,124,0
2024.02.16 16:00:00,2007.96,2015.162,2007.167,2012.616,18022,124,0
2024.02.16 20:00:00,2012.635,2014.025,2011.244,2013.307,5327,124,0
2024.02.18 20:00:00,2012.762,2019.156,1998.05,2010.694,4248,125,0
2024.02.19 00:00:00,2012.883,2022.898,2009.274,2019.882,14619,124,0
2024.02.19 04:00:00,2019.925,2022.994,2018.239,2020.916,11740,124,0
2024.02.19 08:00:00,2020.941,2021.262,2018.236,2018.402,13929,124,0
2024.02.19 12:00:00,2018.45,2019.367,2014.721,2014.924,14576,124,0
2024.02.19 16:00:00,2014.912,2018.535,2013.264,2017.916,6804,124,0
2024.02.19 20:00:00,2017.413,2017.536,2015.625,2016.319,1688,374,0
2024.02.20 00:00:00,2016.188,2019.167,2014.994,2018.308,11415,124,0
2024.02.20 04:00:00,2018.323,2022.899,2017.762,2021.479,10685,124,0
2024.02.20 08:00:00,2021.432,2027.597,2020.773,2026.904,16217,124,0
2024.02.20 12:00:00,2026.905,2030.851,2025.472,2027.416,21441,124,0
2024.02.20 16:00:00,2027.394,2028.927,2024.747,2025.143,14355,124,0
2024.02.20 20:00:00,2025.188,2025.23,2023.555,2024.24,6276,125,0
2024.02.21 00:00:00,2024.22,2030.87,2022.904,2030.461,11166,124,0
2024.02.21 04:00:00,2030.462,2032.264,2028.393,2028.829,11454,124,0
2024.02.21 08:00:00,2028.817,2030.121,2025.952,2028.28,13758,124,0
2024.02.21 12:00:00,2028.283,2031.555,2024.079,2024.187,19543,124,0
2024.02.21 16:00:00,2024.225,2026.504,2020.044,2025.966,18717,124,0
2024.02.21 20:00:00,2025.976,2027.001,2023.946,2025.678,7879,124,0
2024.02.22 00:00:00,2025.751,2028.567,2025.055,2026.328,11290,124,0
2024.02.22 04:00:00,2026.335,2032.044,2025.519,2031.433,11395,124,0
2024.02.22 08:00:00,2031.432,2034.871,2027.286,2028.975,16442,124,0
2024.02.22 12:00:00,2028.967,2029.885,2020.24,2023.342,26977,124,0
2024.02.22 16:00:00,2023.35,2024.681,2019.584,2023.021,16099,124,0
2024.02.22 20:00:00,2023.046,2025.913,2022.538,2024.793,6781,124,0
2024.02.23 00:00:00,2024.803,2027.375,2022.772,2025.726,11221,124,0
2024.02.23 04:00:00,2025.724,2026.466,2018.183,2021.839,11089,124,0
2024.02.23 08:00:00,2021.84,2023.971,2016.018,2023.83,15984,124,0
2024.02.23 12:00:00,2023.842,2031.165,2023.046,2030.076,22658,124,0
2024.02.23 16:00:00,2030.126,2041.385,2030.126,2037.34,18736,124,0
2024.02.23 20:00:00,2037.338,2037.51,2035.13,2035.561,5179,124,0
2024.02.25 20:00:00,2033.277,2034.976,2033.216,2034.261,2095,124,0
2024.02.26 00:00:00,2034.034,2034.143,2029.929,2032.479,11856,124,0
2024.02.26 04:00:00,2032.477,2035.342,2031.85,2035.047,11007,124,0
2024.02.26 08:00:00,2034.998,2037.052,2030.843,2030.929,15968,124,0
2024.02.26 12:00:00,2030.977,2034.444,2025.037,2029.143,19684,124,0
2024.02.26 16:00:00,2029.082,2030.174,2026.514,2029.713,15283,124,0
2024.02.26 20:00:00,2029.679,2033.699,2029.679,2031.186,6260,124,0
2024.02.27 00:00:00,2031.099,2034.591,2031.067,2033.409,9821,124,0
2024.02.27 04:00:00,2033.402,2036.217,2032.813,2035.423,10220,124,0
2024.02.27 08:00:00,2035.418,2039.509,2034.611,2038.21,14821,124,0
2024.02.27 12:00:00,2038.22,2039.147,2032.997,2033.784,20302,124,0
2024.02.27 16:00:00,2033.832,2036.063,2029.393,2030.249,15774,124,0
2024.02.27 20:00:00,2030.25,2030.843,2028.725,2030.202,5739,124,0
2024.02.28 00:00:00,2030.14,2033.731,2029.138,2030.973,11075,124,0
2024.02.28 04:00:00,2030.974,2032.059,2027.852,2028.159,10487,124,0
2024.02.28 08:00:00,2028.204,2029.276,2024.505,2027.292,14925,124,0
2024.02.28 12:00:00,2027.24,2037.934,2026.893,2031.825,20513,124,0
2024.02.28 16:00:00,2031.796,2035.562,2030.87,2032.126,14574,124,0
2024.02.28 20:00:00,2032.177,2035.527,2032.09,2034.416,6030,124,0
2024.02.29 00:00:00,2034.685,2037.072,2033.974,2036.579,10563,124,0
2024.02.29 04:00:00,2036.579,2037.877,2034.409,2037.271,10358,124,0
2024.02.29 08:00:00,2037.21,2037.481,2028.867,2030.278,15217,124,0
2024.02.29 12:00:00,2030.287,2050.694,2028.098,2048.105,29002,124,0
2024.02.29 16:00:00,2048.136,2048.383,2043.309,2044.458,17007,124,0
2024.02.29 20:00:00,2044.51,2045.456,2042.838,2044.093,6479,124,0
2024.03.01 00:00:00,2044.265,2046.827,2042.806,2046.556,9887,124,0
2024.03.01 04:00:00,2046.555,2048.797,2043.442,2045.433,10528,124,0
2024.03.01 08:00:00,2045.497,2057.519,2039.077,2055.362,18479,124,0
2024.03.01 12:00:00,2055.362,2070.966,2045.616,2069.219,30292,124,0
2024.03.01 16:00:00,2069.248,2088.347,2069.248,2085.29,23977,124,0
2024.03.01 20:00:00,2085.261,2085.381,2082.881,2083.353,5539,124,0
2024.03.03 20:00:00,2082.559,2086.192,2082.559,2083.477,2895,124,0
2024.03.04 00:00:00,2083.631,2084.384,2079.456,2081.403,12527,124,0
2024.03.04 04:00:00,2081.405,2088.288,2080.281,2087.371,11112,124,0
2024.03.04 08:00:00,2087.412,2087.475,2081.833,2082.149,15712,124,0
2024.03.04 12:00:00,2082.143,2109.399,2081.14,2108.971,27263,124,0
2024.03.04 16:00:00,2108.915,2119.922,2107.629,2116.278,26176,124,0
2024.03.04 20:00:00,2116.286,2118.558,2113.512,2114.592,7072,124,0
2024.03.05 00:00:00,2114.575,2116.879,2110.438,2113.0,13126,124,0
2024.03.05 04:00:00,2113.021,2119.668,2112.64,2114.486,13664,124,0
2024.03.05 08:00:00,2114.532,2127.362,2114.494,2124.469,19266,124,0
2024.03.05 12:00:00,2124.473,2141.918,2121.125,2126.613,48622,124,0
2024.03.05 16:00:00,2126.67,2134.748,2123.675,2129.563,22179,124,0
2024.03.05 20:00:00,2129.524,2131.0,2126.768,2128.273,7762,124,0
2024.03.06 00:00:00,2128.019,2128.142,2123.644,2124.734,12110,124,0
2024.03.06 04:00:00,2124.753,2131.504,2124.753,2128.513,11838,124,0
2024.03.06 08:00:00,2128.467,2132.645,2124.336,2132.512,16807,124,0
2024.03.06 12:00:00,2132.557,2149.232,2130.986,2140.96,40437,124,0
2024.03.06 16:00:00,2140.928,2152.272,2139.423,2144.349,29554,124,0
2024.03.06 20:00:00,2144.295,2151.039,2143.152,2147.342,8783,124,0
2024.03.07 00:00:00,2147.001,2152.532,2144.222,2151.746,16988,124,0
2024.03.07 04:00:00,2151.756,2161.644,2151.566,2155.988,22760,124,0
2024.03.07 08:00:00,2156.041,2159.88,2153.292,2155.979,19144,124,0
2024.03.07 12:00:00,2155.987,2164.809,2147.904,2153.739,36585,124,0
2024.03.07 16:00:00,2153.731,2160.941,2149.261,2159.983,20727,124,0
2024.03.07 20:00:00,2159.947,2161.59,2157.983,2161.59,7312,124,0
2024.03.08 00:00:00,2161.882,2163.574,2153.982,2157.615,13446,124,0
2024.03.08 04:00:00,2157.614,2162.07,2156.356,2161.383,13577,124,0
2024.03.08 08:00:00,2161.335,2171.152,2161.093,2168.259,19427,124,0
2024.03.08 12:00:00,2168.262,2185.443,2156.395,2177.204,49037,124,0
2024.03.08 16:00:00,2177.244,2195.152,2168.315,2176.473,35267,124,0
2024.03.08 20:00:00,2176.503,2179.085,2175.686,2178.54,6042,124,0
2024.03.10 20:00:00,2179.615,2183.864,2177.15,2182.263,5656,124,0
2024.03.11 00:00:00,2181.628,2189.047,2176.895,2179.498,17351,124,0
2024.03.11 04:00:00,2179.506,2182.773,2176.836,2182.231,14195,124,0
2024.03.11 08:00:00,2182.278,2183.116,2175.848,2178.925,17830,124,0
2024.03.11 12:00:00,2178.961,2185.69,2174.689,2184.327,29272,124,0
2024.03.11 16:00:00,2184.278,2184.689,2177.125,2181.329,17763,124,0
2024.03.11 20:00:00,2181.364,2184.756,2180.672,2183.589,6406,124,0
2024.03.12 00:00:00,2183.589,2184.518,2176.801,2177.506,13157,124,0
2024.03.12 04:00:00,2177.51,2179.19,2173.579,2176.961,14270,124,0
2024.03.12 08:00:00,2176.92,2179.092,2170.6,2171.994,16813,124,0
2024.03.12 12:00:00,2171.972,2182.052,2152.61,2163.052,58734,124,0
2024.03.12 16:00:00,2163.048,2166.534,2150.521,2157.352,19964,124,0
2024.03.12 20:00:00,2157.336,2161.315,2155.79,2156.951,7842,124,0
2024.03.13 00:00:00,2156.944,2161.541,2156.572,2159.094,13516,124,0
2024.03.13 04:00:00,2159.093,2161.523,2157.259,2159.685,13418,124,0
2024.03.13 08:00:00,2159.727,2164.215,2157.541,2163.959,16501,124,0
2024.03.13 12:00:00,2164.003,2174.594,2161.404,2171.746,32177,124,0
2024.03.13 16:00:00,2171.701,2179.841,2169.569,2172.585,20630,124,0
2024.03.13 20:00:00,2172.534,2176.214,2172.308,2175.4,5884,124,0
2024.03.14 00:00:00,2175.485,2177.006,2171.129,2172.302,12984,124,0
2024.03.14 04:00:00,2172.291,2172.551,2167.446,2168.673,13262,124,0
2024.03.14 08:00:00,2168.617,2171.976,2167.135,2168.493,15537,124,0
2024.03.14 12:00:00,2168.533,2170.403,2152.733,2157.223,41379,124,0
2024.03.14 16:00:00,2157.178,2165.036,2156.667,2163.486,17582,124,0
2024.03.14 20:00:00,2163.557,2163.898,2160.862,2161.657,4916,124,0
2024.03.15 00:00:00,2161.735,2165.934,2160.627,2164.568,12467,124,0
2024.03.15 04:00:00,2164.57,2170.133,2163.509,2167.051,14653,124,0
2024.03.15 08:00:00,2167.096,2172.78,2165.298,2166.948,17319,124,0
2024.03.15 12:00:00,2166.931,2167.333,2156.492,2160.03,31732,124,0
2024.03.15 16:00:00,2159.979,2163.487,2155.132,2156.954,17314,124,0
2024.03.15 20:00:00,2156.986,2158.294,2155.433,2155.735,1936,125,0
2024.03.17 20:00:00,2153.317,2156.572,2153.116,2156.552,5024,124,0
2024.03.18 00:00:00,2156.51,2157.516,2146.112,2146.805,15669,124,0
2024.03.18 04:00:00,2146.806,2152.2,2146.104,2152.2,13110,124,0
2024.03.18 08:00:00,2152.139,2161.274,2150.161,2161.011,17931,124,0
2024.03.18 12:00:00,2161.056,2163.65,2155.503,2158.348,25380,124,0
2024.03.18 16:00:00,2158.377,2161.172,2154.602,2160.191,16122,124,0
2024.03.18 20:00:00,2160.236,2162.434,2159.424,2161.688,4980,125,0
2024.03.19 00:00:00,2162.091,2162.877,2158.624,2161.453,13889,124,0
2024.03.19 04:00:00,2161.478,2162.102,2154.01,2155.811,16067,124,0
2024.03.19 08:00:00,2155.858,2156.697,2147.185,2155.573,20712,124,0
2024.03.19 12:00:00,2155.523,2158.715,2148.401,2154.257,26134,124,0
2024.03.19 16:00:00,2154.291,2157.949,2153.132,2157.719,15431,124,0
2024.03.19 20:00:00,2157.766,2159.632,2157.017,2157.047,4790,124,0
2024.03.20 00:00:00,2157.089,2160.042,2155.217,2159.844,11040,124,0
2024.03.20 04:00:00,2159.894,2160.216,2156.362,2158.264,12430,124,0
2024.03.20 08:00:00,2158.211,2158.385,2152.301,2154.015,15584,124,0
2024.03.20 12:00:00,2154.061,2164.887,2149.599,2155.89,25603,124,0
2024.03.20 16:00:00,2155.899,2188.825,2155.493,2182.871,53058,124,0
2024.03.20 20:00:00,2182.817,2211.275,2182.817,2203.557,12548,124,0
2024.03.21 00:00:00,2204.007,2212.619,2192.432,2202.763,24756,124,0
2024.03.21 04:00:00,2202.791,2210.202,2201.813,2206.613,17630,124,0
2024.03.21 08:00:00,2206.542,2211.793,2196.842,2207.469,25006,124,0
2024.03.21 12:00:00,2207.512,2208.857,2166.316,2174.717,48919,124,0
2024.03.21 16:00:00,2174.741,2183.984,2172.987,2181.46,20420,124,0
2024.03.21 20:00:00,2181.518,2182.469,2180.528,2181.528,5396,125,0
2024.03.22 00:00:00,2181.714,2186.08,2171.836,2173.775,19756,124,0
2024.03.22 04:00:00,2173.771,2176.321,2162.622,2168.44,18432,124,0
2024.03.22 08:00:00,2168.438,2170.105,2164.908,2166.054,19643,124,0
2024.03.22 12:00:00,2166.096,2180.095,2165.442,2166.133,31536,124,0
2024.03.22 16:00:00,2166.096,2167.503,2157.044,2164.022,19688,124,0
2024.03.22 20:00:00,2164.058,2167.221,2163.604,2165.385,2835,124,0
2024.03.24 20:00:00,2166.351,2168.931,2165.126,2168.37,5566,124,0
2024.03.25 00:00:00,2168.349,2178.39,2163.937,2170.639,22273,124,0
2024.03.25 04:00:00,2170.646,2171.671,2163.45,2165.851,16136,124,0
2024.03.25 08:00:00,2165.805,2171.879,2163.852,2170.435,18397,124,0
2024.03.25 12:00:00,2170.474,2181.293,2170.303,2175.445,25206,124,0
2024.03.25 16:00:00,2175.411,2177.833,2170.698,2170.983,14854,124,0
2024.03.25 20:00:00,2171.03,2173.401,2170.777,2172.919,6035,124,0
2024.03.26 00:00:00,2172.922,2174.444,2167.582,2170.382,15107,124,0
2024.03.26 04:00:00,2170.392,2174.212,2169.621,2173.046,13298,124,0
2024.03.26 08:00:00,2173.028,2200.096,2171.6,2196.46,24649,124,0
2024.03.26 12:00:00,2196.495,2197.364,2171.71,2174.282,33975,124,0
2024.03.26 16:00:00,2174.331,2179.259,2174.286,2177.913,16503,124,0
2024.03.26 20:00:00,2177.956,2179.982,2174.642,2179.504,5841,124,0
2024.03.27 00:00:00,2179.5,2181.749,2173.161,2177.76,16131,124,0
2024.03.27 04:00:00,2177.742,2180.826,2175.68,2180.525,13633,124,0
2024.03.27 08:00:00,2180.564,2197.623,2176.472,2188.424,24357,124,0
2024.03.27 12:00:00,2188.478,2195.281,2183.451,2190.54,30252,124,0
2024.03.27 16:00:00,2190.514,2194.252,2189.034,2193.316,16191,124,0
2024.03.27 20:00:00,2193.369,2195.245,2189.764,2191.006,7286,124,0
2024.03.28 00:00:00,2190.76,2196.476,2187.357,2194.809,16053,124,0
2024.03.28 04:00:00,2194.79,2200.692,2192.655,2193.755,15339,124,0
2024.03.28 08:00:00,2193.775,2213.802,2190.865,2210.316,25285,124,0
2024.03.28 12:00:00,2210.314,2217.186,2202.208,2215.914,41332,124,0
2024.03.28 16:00:00,2215.928,2225.632,2213.495,2221.696,21472,124,0
2024.03.28 20:00:00,2221.689,2236.35,2219.639,2232.642,4234,125,0
2024.03.31 20:00:00,2239.84,2247.357,2235.625,2244.983,10521,187,0
2024.04.01 00:00:00,2246.013,2265.206,2243.879,2264.366,22543,187,0
2024.04.01 04:00:00,2264.416,2265.68,2256.896,2257.572,15244,124,0
2024.04.01 08:00:00,2257.6,2260.212,2245.614,2246.857,18927,124,0
2024.04.01 12:00:00,2246.902,2257.949,2228.494,2239.673,45424,124,0
2024.04.01 16:00:00,2239.693,2244.759,2234.707,2244.705,17364,124,0
2024.04.01 20:00:00,2244.651,2255.829,2243.027,2248.979,9677,124,0
2024.04.02 00:00:00,2249.005,2255.304,2246.674,2251.568,19749,124,0
2024.04.02 04:00:00,2251.571,2259.894,2250.485,2256.41,18741,124,0
2024.04.02 08:00:00,2256.364,2266.818,2255.116,2260.604,24679,124,0
2024.04.02 12:00:00,2260.691,2277.02,2250.785,2258.641,53194,124,0
2024.04.02 16:00:00,2258.694,2279.341,2254.108,2277.392,23858,124,0
2024.04.02 20:00:00,2277.433,2288.349,2275.685,2280.243,11185,124,0
2024.04.03 00:00:00,2279.923,2287.982,2276.771,2285.044,22412,124,0
2024.04.03 04:00:00,2285.061,2287.062,2270.363,2271.225,20282,124,0
2024.04.03 08:00:00,2271.212,2276.128,2267.664,2273.823,23110,124,0
2024.04.03 12:00:00,2273.775,2288.389,2265.405,2286.336,51259,124,0
2024.04.03 16:00:00,2286.332,2298.904,2280.709,2297.41,26973,124,0
2024.04.03 20:00:00,2297.441,2302.529,2296.283,2297.483,9605,124,0
2024.04.04 00:00:00,2297.535,2304.906,2297.265,2299.212,18227,124,0
2024.04.04 04:00:00,2299.161,2300.704,2291.871,2292.991,16797,124,0
2024.04.04 08:00:00,2292.976,2295.218,2288.788,2289.298,19050,124,0
2024.04.04 12:00:00,2289.348,2299.393,2282.746,2292.118,39834,124,0
2024.04.04 16:00:00,2292.064,2305.575,2279.855,2284.926,40261,124,0
2024.04.04 20:00:00,2284.886,2293.325,2284.792,2288.927,9345,124,0
2024.04.05 00:00:00,2288.739,2290.313,2267.788,2276.769,28333,124,0
2024.04.05 04:00:00,2276.726,2290.585,2276.581,2289.083,21553,124,0
2024.04.05 08:00:00,2289.052,2296.18,2284.889,2291.169,20801,124,0
2024.04.05 12:00:00,2291.137,2328.485,2280.257,2326.212,75304,124,0
2024.04.05 16:00:00,2326.228,2330.563,2320.671,2323.159,24081,124,0
2024.04.05 20:00:00,2323.195,2330.034,2322.85,2329.393,3490,124,0
2024.04.07 20:00:00,2327.353,2328.606,2304.056,2311.684,19532,124,0
2024.04.08 00:00:00,2311.335,2354.196,2302.899,2345.525,63122,124,0
2024.04.08 04:00:00,2345.572,2345.611,2331.79,2337.747,35409,124,0
2024.04.08 08:00:00,2337.665,2343.569,2333.296,2337.379,30481,124,0
2024.04.08 12:00:00,2337.323,2338.041,2318.705,2327.872,70213,124,0
2024.04.08 16:00:00,2327.92,2342.037,2326.066,2338.381,25054,124,0
2024.04.08 20:00:00,2338.434,2340.486,2336.708,2338.827,7323,124,0
2024.04.09 00:00:00,2338.82,2348.54,2337.815,2343.98,26606,124,0
2024.04.09 04:00:00,2344.018,2357.044,2343.086,2353.998,23056,124,0
2024.04.09 08:00:00,2354.047,2365.376,2349.603,2354.483,29147,124,0
2024.04.09 12:00:00,2354.451,2364.319,2338.273,2340.326,71099,124,0
2024.04.09 16:00:00,2340.366,2351.564,2340.053,2351.155,26768,124,0
2024.04.09 20:00:00,2351.109,2355.312,2350.411,2354.815,7903,124,0
2024.04.10 00:00:00,2354.831,2355.607,2344.726,2351.286,21355,124,0
2024.04.10 04:00:00,2351.239,2360.124,2350.869,2353.109,21309,124,0
2024.04.10 08:00:00,2353.158,2355.901,2344.776,2347.066,22737,124,0
2024.04.10 12:00:00,2347.011,2352.386,2319.275,2336.94,109558,124,0
2024.04.10 16:00:00,2336.892,2345.264,2325.779,2329.584,44799,124,0
2024.04.10 20:00:00,2329.553,2337.24,2329.545,2335.466,8654,124,0
2024.04.11 00:00:00,2335.526,2346.976,2333.361,2344.005,22385,124,0
2024.04.11 04:00:00,2343.948,2346.126,2333.918,2336.433,25350,124,0
2024.04.11 08:00:00,2336.474,2339.715,2325.63,2337.291,27335,124,0
2024.04.11 12:00:00,2337.306,2347.468,2331.662,2344.705,59612,124,0
2024.04.11 16:00:00,2344.751,2374.661,2342.698,2372.782,31899,124,0
2024.04.11 20:00:00,2372.857,2379.486,2371.331,2377.039,12298,124,0
2024.04.12 00:00:00,2376.825,2395.495,2374.617,2384.277,42232,124,0
2024.04.12 04:00:00,2384.285,2400.385,2382.739,2399.951,28371,124,0
2024.04.12 08:00:00,2399.992,2400.677,2390.454,2395.399,28664,124,0
2024.04.12 12:00:00,2395.402,2431.565,2382.18,2395.594,112504,124,0
2024.04.12 16:00:00,2395.554,2395.554,2333.821,2343.413,89607,124,0
2024.04.12 20:00:00,2343.45,2345.207,2341.729,2344.419,4246,124,0
2024.04.14 20:00:00,2369.142,2371.957,2346.895,2364.599,11666,124,0
2024.04.15 00:00:00,2364.703,2366.04,2348.432,2358.549,46779,124,0
2024.04.15 04:00:00,2358.481,2362.505,2349.99,2353.088,31765,124,0
2024.04.15 08:00:00,2353.076,2361.221,2344.748,2357.984,30843,124,0
2024.04.15 12:00:00,2358.023,2361.176,2324.151,2351.723,82103,124,0
2024.04.15 16:00:00,2351.744,2387.673,2346.155,2386.353,47257,124,0
2024.04.15 20:00:00,2386.407,2392.126,2380.075,2381.87,12085,124,0
2024.04.16 00:00:00,2381.933,2389.366,2379.253,2387.908,30717,124,0
2024.04.16 04:00:00,2387.94,2389.058,2363.001,2365.69,33191,124,0
2024.04.16 08:00:00,2365.535,2375.407,2365.139,2373.993,27482,124,0
2024.04.16 12:00:00,2373.993,2393.05,2363.507,2386.018,78493,124,0
2024.04.16 16:00:00,2386.083,2398.289,2379.754,2389.678,56416,124,0
2024.04.16 20:00:00,2389.731,2390.317,2378.405,2382.88,11414,124,0
2024.04.17 00:00:00,2382.741,2386.29,2380.71,2381.689,23598,124,0
2024.04.17 04:00:00,2381.691,2383.275,2372.681,2382.531,24125,124,0
2024.04.17 08:00:00,2382.498,2394.324,2382.498,2387.332,26675,124,0
2024.04.17 12:00:00,2387.402,2395.623,2378.384,2382.211,56087,124,0
2024.04.17 16:00:00,2382.256,2384.485,2361.039,2372.694,52775,124,0
2024.04.17 20:00:00,2372.641,2373.34,2354.584,2367.875,11962,124,0
2024.04.18 00:00:00,2367.875,2375.374,2364.084,2374.793,23213,124,0
2024.04.18 04:00:00,2374.784,2381.085,2373.173,2377.846,21201,124,0
2024.04.18 08:00:00,2377.878,2385.39,2377.264,2380.955,21865,124,0
2024.04.18 12:00:00,2381.008,2392.837,2369.515,2384.144,67248,124,0
2024.04.18 16:00:00,2384.151,2389.367,2378.094,2380.267,27686,124,0
2024.04.18 20:00:00,2380.303,2381.509,2376.893,2380.041,6976,124,0
2024.04.19 00:00:00,2379.905,2417.942,2373.745,2391.385,90935,124,0
2024.04.19 04:00:00,2391.386,2393.916,2378.638,2385.463,41652,124,0
2024.04.19 08:00:00,2385.411,2386.337,2372.799,2376.857,34798,124,0
2024.04.19 12:00:00,2376.891,2396.045,2373.111,2394.791,55189,124,0
2024.04.19 16:00:00,2394.791,2402.008,2386.627,2387.645,29564,124,0
2024.04.19 20:00:00,2387.689,2391.288,2386.669,2390.714,3700,124,0
2024.04.21 20:00:00,2384.048,2388.633,2381.916,2386.521,9812,124,0
2024.04.22 00:00:00,2386.543,2386.543,2361.71,2369.362,30971,124,0
2024.04.22 04:00:00,2369.422,2372.94,2351.36,2361.02,34879,124,0
2024.04.22 08:00:00,2360.996,2363.682,2339.402,2342.092,29523,124,0
2024.04.22 12:00:00,2342.078,2350.42,2331.068,2334.834,60687,124,0
2024.04.22 16:00:00,2334.826,2336.493,2324.534,2329.369,23880,124,0
2024.04.22 20:00:00,2329.328,2333.966,2325.357,2333.775,9237,124,0
2024.04.23 00:00:00,2333.749,2334.415,2295.537,2302.645,53689,124,0
2024.04.23 04:00:00,2302.617,2314.784,2298.879,2309.089,33100,124,0
2024.04.23 08:00:00,2309.129,2309.803,2291.358,2302.173,31926,124,0
2024.04.23 12:00:00,2302.182,2332.2,2301.31,2323.234,68289,124,0
2024.04.23 16:00:00,2323.262,2331.388,2321.234,2322.344,24613,124,0
2024.04.23 20:00:00,2322.389,2324.373,2321.21,2323.248,6944,124,0
2024.04.24 00:00:00,2323.264,2328.187,2315.784,2327.879,23235,124,0
2024.04.24 04:00:00,2327.904,2331.355,2320.713,2320.738,22737,124,0
2024.04.24 08:00:00,2320.694,2321.948,2311.736,2316.205,22398,124,0
2024.04.24 12:00:00,2316.256,2337.328,2312.096,2322.63,53613,124,0
2024.04.24 16:00:00,2322.594,2330.515,2317.828,2319.112,24387,124,0
2024.04.24 20:00:00,2319.142,2319.685,2313.67,2316.257,8854,124,0
2024.04.25 00:00:00,2316.261,2322.079,2304.871,2313.214,21816,124,0
2024.04.25 04:00:00,2313.263,2326.149,2312.401,2325.659,19919,124,0
2024.04.25 08:00:00,2325.686,2330.656,2324.127,2328.543,18529,124,0
2024.04.25 12:00:00,2328.539,2344.909,2312.725,2330.511,83149,124,0
2024.04.25 16:00:00,2330.542,2336.452,2322.999,2332.924,23654,124,0
2024.04.25 20:00:00,2332.966,2333.776,2330.058,2330.658,7220,124,0
2024.04.26 00:00:00,2330.655,2336.233,2326.25,2334.672,18076,124,0
2024.04.26 04:00:00,2334.671,2347.357,2333.462,2345.542,21521,124,0
2024.04.26 08:00:00,2345.547,2352.593,2343.438,2344.942,24580,124,0
2024.04.26 12:00:00,2344.915,2351.632,2328.709,2336.669,54309,124,0
2024.04.26 16:00:00,2336.725,2341.447,2332.635,2339.933,19906,124,0
2024.04.26 20:00:00,2339.984,2340.15,2336.358,2337.829,3464,124,0
2024.04.28 20:00:00,2333.922,2336.863,2332.513,2336.024,6410,124,0
2024.04.29 00:00:00,2335.974,2336.368,2319.773,2328.471,27087,124,0
2024.04.29 04:00:00,2328.481,2337.943,2327.394,2337.355,32689,124,0
2024.04.29 08:00:00,2337.283,2344.382,2335.415,2337.097,20648,124,0
2024.04.29 12:00:00,2337.06,2339.541,2325.611,2337.82,36398,124,0
2024.04.29 16:00:00,2337.836,2346.756,2333.014,2335.665,29541,124,0
2024.04.29 20:00:00,2335.714,2337.147,2332.672,2333.21,7169,124,0
2024.04.30 00:00:00,2333.216,2336.15,2326.858,2329.227,20069,124,0
2024.04.30 04:00:00,2329.265,2329.529,2315.317,2317.564,21424,124,0
2024.04.30 08:00:00,2317.556,2318.495,2309.487,2312.739,20990,124,0
2024.04.30 12:00:00,2312.695,2313.401,2293.13,2295.871,57684,124,0
2024.04.30 16:00:00,2295.836,2299.346,2289.345,2290.826,25744,124,0
2024.04.30 20:00:00,2290.776,2293.505,2285.004,2291.282,10634,124,0
2024.05.01 00:00:00,2291.293,2292.906,2282.986,2284.085,15910,124,0
2024.05.01 04:00:00,2284.047,2289.782,2281.595,2285.823,15930,124,0
2024.05.01 08:00:00,2285.772,2297.13,2283.837,2294.573,18960,124,0
2024.05.01 12:00:00,2294.523,2310.496,2294.13,2307.297,45158,124,0
2024.05.01 16:00:00,2307.327,2328.322,2295.863,2309.761,65118,124,0
2024.05.01 20:00:00,2309.794,2324.87,2307.034,2323.847,17252,124,0
2024.05.02 00:00:00,2323.885,2326.53,2317.318,2319.529,18003,124,0
2024.05.02 04:00:00,2319.532,2321.023,2308.177,2309.299,21161,124,0
2024.05.02 08:00:00,2309.33,2311.085,2295.178,2299.047,23948,124,0
2024.05.02 12:00:00,2298.995,2306.925,2285.46,2299.977,54229,124,0
2024.05.02 16:00:00,2299.976,2309.512,2297.969,2302.957,22921,124,0
2024.05.02 20:00:00,2302.914,2305.608,2300.611,2304.284,7668,124,0
2024.05.03 00:00:00,2304.28,2306.426,2299.905,2302.441,16189,124,0
2024.05.03 04:00:00,2302.513,2308.819,2297.749,2299.253,18710,124,0
2024.05.03 08:00:00,2299.208,2303.222,2296.276,2298.318,18946,124,0
2024.05.03 12:00:00,2298.318,2320.787,2277.126,2293.765,92653,124,0
2024.05.03 16:00:00,2293.812,2303.127,2292.844,2301.402,21827,124,0
2024.05.03 20:00:00,2301.386,2303.451,2300.666,2301.664,3126,124,0
2024.05.05 20:00:00,2302.359,2303.326,2293.297,2294.005,7234,124,0
2024.05.06 00:00:00,2293.967,2315.432,2291.806,2309.36,30782,124,0
2024.05.06 04:00:00,2309.404,2324.179,2308.168,2322.683,22094,124,0
2024.05.06 08:00:00,2322.68,2323.119,2315.626,2318.231,20192,124,0
2024.05.06 12:00:00,2318.172,2332.129,2314.583,2324.814,43747,124,0
2024.05.06 16:00:00,2324.769,2327.499,2317.645,2325.068,23341,124,0
2024.05.06 20:00:00,2325.029,2328.859,2322.223,2325.981,8740,124,0
2024.05.07 00:00:00,2325.987,2329.964,2319.64,2324.895,20501,124,0
2024.05.07 04:00:00,2324.917,2325.115,2317.719,2319.289,19053,124,0
2024.05.07 08:00:00,2319.266,2319.878,2311.678,2312.386,19470,124,0
2024.05.07 12:00:00,2312.37,2323.742,2309.932,2314.741,34419,124,0
2024.05.07 16:00:00,2314.793,2317.5,2311.071,2314.656,17710,124,0
2024.05.07 20:00:00,2314.671,2316.625,2312.76,2315.249,5997,125,0
2024.05.08 00:00:00,2315.291,2318.227,2306.823,2317.039,20540,124,0
2024.05.08 04:00:00,2317.037,2321.373,2305.332,2305.694,18692,124,0
2024.05.08 08:00:00,2305.661,2318.122,2303.622,2314.707,22481,124,0
2024.05.08 12:00:00,2314.684,2320.429,2306.748,2320.429,39238,124,0
2024.05.08 16:00:00,2320.459,2321.133,2307.898,2308.211,17077,124,0
2024.05.08 20:00:00,2308.268,2310.8,2307.843,2308.771,6577,124,0
2024.05.09 00:00:00,2308.811,2313.033,2307.801,2312.311,15615,124,0
2024.05.09 04:00:00,2312.31,2319.772,2307.443,2309.352,19240,124,0
2024.05.09 08:00:00,2309.299,2316.68,2306.517,2315.956,18772,124,0
2024.05.09 12:00:00,2315.952,2338.968,2312.102,2330.438,50197,124,0
2024.05.09 16:00:00,2330.468,2344.035,2329.164,2343.788,19687,124,0
2024.05.09 20:00:00,2343.734,2348.363,2343.158,2346.562,8867,124,0
2024.05.10 00:00:00,2346.595,2355.852,2345.962,2353.362,23549,124,0
2024.05.10 04:00:00,2353.413,2370.419,2351.209,2366.738,24417,124,0
2024.05.10 08:00:00,2366.771,2378.513,2365.871,2372.164,24072,124,0
2024.05.10 12:00:00,2372.169,2375.803,2356.603,2364.842,51154,124,0
2024.05.10 16:00:00,2364.817,2370.998,2361.685,2363.348,20611,124,0
2024.05.10 20:00:00,2363.406,2365.085,2359.734,2360.487,2975,124,0
2024.05.12 20:00:00,2361.439,2363.124,2359.753,2360.444,5293,124,0
2024.05.13 00:00:00,2360.485,2364.525,2354.815,2357.109,19766,124,0
2024.05.13 04:00:00,2357.049,2357.081,2346.463,2348.608,18957,124,0
2024.05.13 08:00:00,2348.559,2350.381,2338.402,2344.585,23247,124,0
2024.05.13 12:00:00,2344.507,2349.814,2332.103,2335.904,43336,124,0
2024.05.13 16:00:00,2335.921,2338.528,2334.461,2337.371,18194,124,0
2024.05.13 20:00:00,2337.413,2339.34,2335.259,2338.446,5572,124,0
2024.05.14 00:00:00,2338.427,2344.459,2334.771,2343.096,17431,124,0
2024.05.14 04:00:00,2343.114,2345.961,2336.118,2339.189,18590,124,0
2024.05.14 08:00:00,2339.149,2348.242,2337.766,2343.625,19771,124,0
2024.05.14 12:00:00,2343.653,2357.126,2336.555,2347.962,49385,124,0
2024.05.14 16:00:00,2347.919,2359.631,2346.328,2356.523,20567,124,0
2024.05.14 20:00:00,2356.558,2358.42,2355.085,2355.811,6082,125,0
2024.05.15 00:00:00,2355.807,2361.026,2354.878,2360.311,16574,124,0
2024.05.15 04:00:00,2360.334,2365.237,2355.724,2362.449,18747,124,0
2024.05.15 08:00:00,2362.472,2374.351,2362.044,2362.78,21503,124,0
2024.05.15 12:00:00,2362.781,2385.753,2351.784,2377.588,67977,124,0
2024.05.15 16:00:00,2377.629,2390.333,2377.104,2386.351,24874,124,0
2024.05.15 20:00:00,2386.32,2391.948,2385.498,2391.807,9357,124,0
2024.05.16 00:00:00,2391.801,2397.381,2386.579,2388.675,25851,124,0
2024.05.16 04:00:00,2388.721,2394.539,2384.634,2389.374,21276,124,0
2024.05.16 08:00:00,2389.351,2391.382,2380.873,2384.661,20321,124,0
2024.05.16 12:00:00,2384.704,2386.366,2370.923,2381.548,47048,124,0
2024.05.16 16:00:00,2381.602,2383.779,2377.742,2378.147,18777,124,0
2024.05.16 20:00:00,2378.188,2379.698,2375.878,2377.763,6394,124,0
2024.05.17 00:00:00,2377.76,2381.261,2373.971,2377.842,17260,124,0
2024.05.17 04:00:00,2377.905,2387.804,2376.603,2383.851,18627,124,0
2024.05.17 08:00:00,2383.909,2390.178,2381.334,2389.72,18847,124,0
2024.05.17 12:00:00,2389.682,2419.211,2386.836,2407.745,51961,124,0
2024.05.17 16:00:00,2407.777,2419.217,2405.772,2416.44,25655,124,0
2024.05.17 20:00:00,2416.489,2422.778,2413.458,2413.977,5393,124,0
2024.05.19 20:00:00,2425.239,2425.239,2416.777,2420.23,10257,124,0
2024.05.20 00:00:00,2420.241,2440.703,2416.507,2437.58,41144,124,0
2024.05.20 04:00:00,2437.58,2450.064,2431.802,2442.233,36732,124,0
2024.05.20 08:00:00,2442.276,2447.23,2427.629,2430.643,29715,124,0
2024.05.20 12:00:00,2430.608,2430.935,2407.316,2424.876,64849,124,0
2024.05.20 16:00:00,2424.846,2437.418,2422.509,2426.771,25909,124,0
2024.05.20 20:00:00,2426.821,2430.459,2423.318,2426.171,9922,124,0
2024.05.21 00:00:00,2426.172,2433.119,2406.095,2413.732,40665,124,0
2024.05.21 04:00:00,2413.713,2422.209,2408.535,2419.246,27332,124,0
2024.05.21 08:00:00,2419.303,2423.771,2412.149,2423.426,24064,124,0
2024.05.21 12:00:00,2423.444,2433.982,2420.047,2423.392,50166,124,0
2024.05.21 16:00:00,2423.349,2425.038,2417.331,2423.355,23277,124,0
2024.05.21 20:00:00,2423.344,2423.499,2420.362,2421.691,6223,124,0
2024.05.22 00:00:00,2421.697,2426.57,2412.569,2414.2,22252,124,0
2024.05.22 04:00:00,2414.201,2418.567,2411.405,2417.27,22662,124,0
2024.05.22 08:00:00,2417.236,2419.432,2404.723,2408.708,24011,124,0
2024.05.22 12:00:00,2408.748,2415.077,2382.169,2392.004,58726,124,0
2024.05.22 16:00:00,2391.96,2395.026,2374.979,2379.344,32891,124,0
2024.05.22 20:00:00,2379.304,2382.746,2377.345,2382.161,9356,124,0
2024.05.23 00:00:00,2382.194,2383.729,2366.767,2372.475,30381,124,0
2024.05.23 04:00:00,2372.462,2374.022,2354.951,2356.152,30772,124,0
2024.05.23 08:00:00,2356.095,2369.458,2355.124,2368.078,24627,124,0
2024.05.23 12:00:00,2368.039,2369.899,2340.35,2346.118,67799,124,0
2024.05.23 16:00:00,2346.081,2350.181,2330.946,2331.618,30002,124,0
2024.05.23 20:00:00,2331.66,2333.651,2326.903,2332.05,8442,125,0
2024.05.24 00:00:00,2332.053,2335.194,2325.389,2330.638,24556,124,0
2024.05.24 04:00:00,2330.624,2340.606,2330.452,2337.768,21154,124,0
2024.05.24 08:00:00,2337.723,2343.959,2336.069,2338.212,20919,124,0
2024.05.24 12:00:00,2338.213,2347.422,2332.383,2334.528,35494,124,0
2024.05.24 16:00:00,2334.56,2337.006,2331.83,2333.804,18015,124,0
2024.05.24 20:00:00,2333.84,2335.203,2333.347,2333.82,2377,124,0
2024.05.26 20:00:00,2335.822,2340.72,2332.221,2337.213,6792,124,0
2024.05.27 00:00:00,2337.225,2347.647,2334.397,2346.013,19137,124,0
2024.05.27 04:00:00,2346.01,2346.056,2338.148,2338.644,18148,124,0
2024.05.27 08:00:00,2338.631,2346.193,2338.195,2345.068,18238,124,0
2024.05.27 12:00:00,2345.113,2358.486,2343.712,2352.483,30793,124,0
2024.05.27 16:00:00,2352.435,2355.632,2352.156,2353.937,5004,124,0
2024.05.27 20:00:00,2352.198,2353.766,2351.087,2352.408,4061,124,0
2024.05.28 00:00:00,2352.449,2356.358,2349.181,2350.896,21285,124,0
2024.05.28 04:00:00,2350.862,2353.706,2341.33,2344.045,23872,124,0
2024.05.28 08:00:00,2344.012,2348.484,2340.271,2347.434,19799,124,0
2024.05.28 12:00:00,2347.406,2364.12,2345.897,2360.24,49119,124,0
2024.05.28 16:00:00,2360.309,2362.228,2352.773,2358.192,23876,124,0
2024.05.28 20:00:00,2358.175,2362.399,2357.842,2359.722,8144,124,0
2024.05.29 00:00:00,2359.686,2361.074,2354.42,2358.162,20500,124,0
2024.05.29 04:00:00,2358.174,2361.362,2350.037,2350.509,22053,124,0
2024.05.29 08:00:00,2350.575,2351.765,2338.469,2341.703,23878,124,0
2024.05.29 12:00:00,2341.696,2347.251,2334.546,2339.187,37942,124,0
2024.05.29 16:00:00,2339.179,2344.326,2336.045,2336.783,18478,124,0
2024.05.29 20:00:00,2336.811,2339.033,2335.879,2338.402,8062,124,0
2024.05.30 00:00:00,2338.416,2339.889,2328.049,2334.348,26667,124,0
2024.05.30 04:00:00,2334.301,2337.736,2322.587,2334.38,27014,124,0
2024.05.30 08:00:00,2334.409,2340.972,2330.595,2335.863,24452,124,0
2024.05.30 12:00:00,2335.838,2351.885,2331.967,2343.841,48954,124,0
2024.05.30 16:00:00,2343.874,2348.844,2339.868,2341.605,20193,124,0
2024.05.30 20:00:00,2341.551,2346.413,2341.478,2343.944,8399,124,0
2024.05.31 00:00:00,2343.959,2347.725,2336.975,2343.735,22599,124,0
2024.05.31 04:00:00,2343.705,2347.096,2339.934,2340.401,20326,124,0
2024.05.31 08:00:00,2340.377,2344.96,2339.721,2343.821,18716,124,0
2024.05.31 12:00:00,2343.777,2359.732,2327.703,2330.062,59051,124,0
2024.05.31 16:00:00,2330.007,2336.73,2320.563,2327.723,29475,124,0
2024.05.31 20:00:00,2327.671,2330.588,2327.034,2327.23,4103,124,0
2024.06.02 20:00:00,2328.533,2328.812,2323.372,2325.974,6635,124,0
2024.06.03 00:00:00,2326.005,2331.148,2320.842,2321.432,21092,124,0
2024.06.03 04:00:00,2321.478,2328.883,2314.729,2325.989,25232,124,0
2024.06.03 08:00:00,2325.958,2333.348,2324.331,2330.014,21986,124,0
2024.06.03 12:00:00,2330.031,2345.701,2325.694,2342.818,45064,124,0
2024.06.03 16:00:00,2342.767,2354.767,2341.385,2347.647,23973,124,0
2024.06.03 20:00:00,2347.692,2351.924,2346.936,2350.666,6890,124,0
2024.06.04 00:00:00,2350.678,2352.836,2343.161,2345.788,18525,124,0
2024.06.04 04:00:00,2345.73,2351.815,2339.075,2339.77,19962,124,0
2024.06.04 08:00:00,2339.715,2339.822,2325.286,2327.954,29874,124,0
2024.06.04 12:00:00,2327.915,2337.959,2315.552,2326.103,51670,124,0
2024.06.04 16:00:00,2326.109,2330.358,2322.548,2327.35,21827,124,0
2024.06.04 20:00:00,2327.392,2328.935,2326.017,2328.823,5797,124,0
2024.06.05 00:00:00,2328.828,2337.96,2325.895,2337.159,17359,124,0
2024.06.05 04:00:00,2337.21,2341.704,2328.096,2331.625,20582,124,0
2024.06.05 08:00:00,2331.618,2335.564,2329.502,2332.55,20996,124,0
2024.06.05 12:00:00,2332.609,2357.426,2332.214,2353.687,51533,124,0
2024.06.05 16:00:00,2353.68,2356.775,2351.407,2353.966,19345,124,0
2024.06.05 20:00:00,2354.008,2357.343,2352.806,2355.049,6745,124,0
2024.06.06 00:00:00,2355.047,2375.003,2354.528,2368.483,25620,124,0
2024.06.06 04:00:00,2368.485,2371.433,2362.189,2362.943,18416,124,0
2024.06.06 08:00:00,2362.936,2363.925,2358.55,2359.797,17109,124,0
2024.06.06 12:00:00,2359.777,2378.549,2353.399,2374.263,47996,124,0
2024.06.06 16:00:00,2374.246,2376.945,2369.017,2372.534,22380,124,0
2024.06.06 20:00:00,2372.509,2378.163,2372.322,2376.767,6556,124,0
2024.06.07 00:00:00,2376.772,2382.007,2369.415,2380.159,21766,124,0
2024.06.07 04:00:00,2380.113,2387.739,2372.779,2373.622,23200,124,0
2024.06.07 08:00:00,2373.573,2373.971,2330.906,2336.535,43143,124,0
2024.06.07 12:00:00,2336.526,2339.35,2304.486,2304.995,73051,124,0
2024.06.07 16:00:00,2305.057,2314.523,2287.573,2288.372,30377,124,0
2024.06.07 20:00:00,2288.328,2294.365,2286.761,2293.835,5434,124,0
2024.06.09 20:00:00,2290.469,2300.078,2290.414,2298.517,7163,124,0
2024.06.10 00:00:00,2298.566,2301.44,2293.942,2295.366,17326,124,0
2024.06.10 04:00:00,2295.325,2297.284,2287.738,2296.512,22564,124,0
2024.06.10 08:00:00,2296.56,2305.32,2291.865,2305.081,21810,124,0
2024.06.10 12:00:00,2305.03,2308.699,2300.39,2307.338,32242,124,0
2024.06.10 16:00:00,2307.386,2313.803,2306.973,2308.771,19322,124,0
2024.06.10 20:00:00,2308.824,2312.184,2308.513,2309.968,6832,124,0
2024.06.11 00:00:00,2309.963,2311.935,2298.815,2303.771,25367,124,0
2024.06.11 04:00:00,2303.723,2305.459,2297.684,2304.522,18558,124,0
2024.06.11 08:00:00,2304.554,2308.905,2301.531,2307.682,20569,124,0
2024.06.11 12:00:00,2307.644,2319.988,2307.576,2310.159,40614,124,0
2024.06.11 16:00:00,2310.208,2315.794,2305.825,2315.348,19187,124,0
2024.06.11 20:00:00,2315.387,2317.642,2313.903,2315.108,7393,124,0
2024.06.12 00:00:00,2315.093,2316.785,2310.743,2314.062,17596,124,0
2024.06.12 04:00:00,2314.069,2317.818,2311.201,2314.516,16007,124,0
2024.06.12 08:00:00,2314.555,2315.735,2310.801,2312.884,18195,124,0
2024.06.12 12:00:00,2312.903,2341.667,2311.602,2335.589,61775,124,0
2024.06.12 16:00:00,2335.634,2339.595,2315.86,2321.3,50744,124,0
2024.06.12 20:00:00,2321.342,2325.391,2320.138,2320.593,8603,124,0
2024.06.13 00:00:00,2320.607,2323.001,2308.087,2314.285,23694,124,0
2024.06.13 04:00:00,2314.277,2318.604,2309.003,2317.05,18628,124,0
2024.06.13 08:00:00,2317.097,2319.991,2303.972,2307.064,20926,124,0
2024.06.13 12:00:00,2307.111,2326.793,2297.783,2299.03,53956,124,0
2024.06.13 16:00:00,2298.975,2304.931,2295.501,2303.45,23138,124,0
2024.06.13 20:00:00,2303.5,2304.36,2301.727,2302.372,5876,124,0
2024.06.14 00:00:00,2302.417,2308.643,2301.54,2305.498,17642,124,0
2024.06.14 04:00:00,2305.454,2316.745,2303.487,2315.264,20232,124,0
2024.06.14 08:00:00,2315.221,2336.596,2314.762,2332.05,27915,124,0
2024.06.14 12:00:00,2332.081,2335.511,2324.044,2326.124,39216,124,0
2024.06.14 16:00:00,2326.166,2335.595,2325.39,2332.489,19959,124,0
2024.06.14 20:00:00,2332.543,2333.102,2330.955,2332.862,2567,125,0
2024.06.16 20:00:00,2331.125,2331.523,2327.45,2328.91,4398,124,0
2024.06.17 00:00:00,2328.955,2328.985,2321.513,2324.347,19480,124,0
2024.06.17 04:00:00,2324.344,2326.271,2315.475,2317.031,18311,124,0
2024.06.17 08:00:00,2317.0,2322.623,2316.451,2318.223,18216,124,0
2024.06.17 12:00:00,2318.268,2327.681,2310.009,2312.527,30704,124,0
2024.06.17 16:00:00,2312.575,2320.607,2312.575,2320.176,18013,124,0
2024.06.17 20:00:00,2320.219,2321.267,2318.451,2320.682,5738,124,0
2024.06.18 00:00:00,2320.671,2325.67,2319.271,2324.449,16999,124,0
2024.06.18 04:00:00,2324.445,2324.85,2314.995,2315.542,16475,124,0
2024.06.18 08:00:00,2315.511,2315.511,2306.57,2313.349,19392,124,0
2024.06.18 12:00:00,2313.317,2329.796,2311.446,2326.902,42817,124,0
2024.06.18 16:00:00,2326.953,2333.124,2326.486,2329.395,18705,124,0
2024.06.18 20:00:00,2329.389,2330.587,2327.535,2328.291,5756,124,0
2024.06.19 00:00:00,2328.311,2331.791,2326.53,2328.307,14285,124,0
2024.06.19 04:00:00,2328.26,2332.731,2326.833,2331.806,14481,124,0
2024.06.19 08:00:00,2331.849,2335.002,2325.799,2330.442,16519,124,0
2024.06.19 12:00:00,2330.428,2332.943,2323.718,2329.811,20269,124,0
2024.06.19 16:00:00,2329.82,2331.374,2328.919,2330.009,3788,124,0
2024.06.19 20:00:00,2329.985,2330.584,2328.682,2329.38,4035,125,0
2024.06.20 00:00:00,2329.398,2339.018,2327.777,2333.939,18428,124,0
2024.06.20 04:00:00,2333.935,2345.712,2333.729,2338.618,20485,124,0
2024.06.20 08:00:00,2338.569,2341.414,2331.599,2339.282,19084,124,0
2024.06.20 12:00:00,2339.33,2365.524,2335.303,2353.775,43242,124,0
2024.06.20 16:00:00,2353.763,2361.04,2352.834,2358.85,18736,124,0
2024.06.20 20:00:00,2358.894,2361.168,2358.192,2360.782,7704,124,0
2024.06.21 00:00:00,2360.801,2364.875,2357.106,2362.173,17696,124,0
2024.06.21 04:00:00,2362.198,2365.64,2355.125,2362.921,18455,124,0
2024.06.21 08:00:00,2362.967,2368.78,2361.315,2366.254,19528,124,0
2024.06.21 12:00:00,2366.309,2368.078,2323.313,2327.93,52567,124,0
2024.06.21 16:00:00,2327.983,2329.39,2316.734,2322.091,24608,124,0
2024.06.21 20:00:00,2322.143,2322.691,2320.798,2321.539,2877,124,0
2024.06.23 20:00:00,2321.147,2322.23,2317.726,2319.223,5117,124,0
2024.06.24 00:00:00,2319.212,2326.68,2317.89,2325.432,19771,124,0
2024.06.24 04:00:00,2325.443,2331.823,2321.388,2330.742,17253,124,0
2024.06.24 08:00:00,2330.76,2332.813,2320.846,2326.227,20942,124,0
2024.06.24 12:00:00,2326.273,2333.869,2323.322,2327.663,29232,124,0
2024.06.24 16:00:00,2327.618,2334.667,2326.851,2331.677,16987,124,0
2024.06.24 20:00:00,2331.645,2334.427,2330.264,2330.914,5959,124,0
2024.06.25 00:00:00,2330.908,2330.962,2323.202,2324.183,17653,124,0
2024.06.25 04:00:00,2324.226,2330.116,2322.717,2324.826,17779,124,0
2024.06.25 08:00:00,2324.782,2337.128,2322.851,2330.164,21006,124,0
2024.06.25 12:00:00,2330.199,2330.495,2315.6,2324.717,35205,124,0
2024.06.25 16:00:00,2324.789,2325.024,2315.473,2319.813,17951,124,0
2024.06.25 20:00:00,2319.762,2321.461,2317.896,2320.064,7607,124,0
2024.06.26 00:00:00,2320.017,2323.934,2310.601,2317.284,23475,124,0
2024.06.26 04:00:00,2317.327,2318.167,2309.708,2316.125,19086,124,0
2024.06.26 08:00:00,2316.082,2318.46,2304.412,2313.03,22514,124,0
2024.06.26 12:00:00,2313.086,2317.841,2293.597,2299.956,39593,124,0
2024.06.26 16:00:00,2299.996,2303.018,2296.91,2298.662,18405,124,0
2024.06.26 20:00:00,2298.718,2299.259,2296.801,2298.44,6707,124,0
2024.06.27 00:00:00,2298.449,2300.137,2296.844,2298.97,15244,124,0
2024.06.27 04:00:00,2298.972,2303.424,2296.467,2302.297,16431,124,0
2024.06.27 08:00:00,2302.251,2317.929,2302.001,2317.057,20532,124,0
2024.06.27 12:00:00,2317.012,2330.973,2316.065,2327.474,39569,124,0
2024.06.27 16:00:00,2327.438,2328.321,2322.429,2325.988,18648,124,0
2024.06.27 20:00:00,2325.954,2328.561,2325.417,2327.758,5980,124,0
2024.06.28 00:00:00,2327.702,2328.303,2319.047,2321.751,19251,124,0
2024.06.28 04:00:00,2321.825,2328.888,2319.749,2327.181,16150,124,0
2024.06.28 08:00:00,2327.191,2337.183,2326.468,2333.946,19146,124,0
2024.06.28 12:00:00,2333.997,2339.847,2322.875,2328.629,39227,124,0
2024.06.28 16:00:00,2328.679,2332.75,2322.963,2325.011,18670,124,0
2024.06.28 20:00:00,2325.059,2326.865,2322.876,2326.676,3403,124,0
2024.06.30 20:00:00,2322.887,2326.194,2322.877,2324.968,4735,125,0
2024.07.01 00:00:00,2324.989,2328.54,2322.139,2324.783,16543,124,0
2024.07.01 04:00:00,2324.767,2329.012,2318.475,2323.722,18620,124,0
2024.07.01 08:00:00,2323.688,2338.287,2321.875,2338.171,20046,124,0
2024.07.01 12:00:00,2338.201,2338.52,2319.242,2327.751,36342,124,0
2024.07.01 16:00:00,2327.745,2331.914,2326.65,2330.938,17534,124,0
2024.07.01 20:00:00,2331.011,2332.587,2330.893,2332.259,5607,124,0
2024.07.02 00:00:00,2332.254,2334.337,2325.746,2326.071,14739,124,0
2024.07.02 04:00:00,2326.073,2331.823,2323.299,2330.717,16925,124,0
2024.07.02 08:00:00,2330.772,2332.49,2319.94,2320.737,19181,124,0
2024.07.02 12:00:00,2320.764,2336.801,2319.041,2324.748,38848,124,0
2024.07.02 16:00:00,2324.716,2331.35,2320.959,2330.798,16576,124,0
2024.07.02 20:00:00,2330.763,2331.483,2328.654,2330.217,5758,124,0
2024.07.03 00:00:00,2330.214,2332.543,2326.82,2331.686,14501,124,0
2024.07.03 04:00:00,2331.737,2347.238,2331.737,2345.344,19167,124,0
2024.07.03 08:00:00,2345.355,2349.522,2342.153,2345.435,20580,124,0
2024.07.03 12:00:00,2345.479,2364.964,2344.909,2363.078,41991,124,0
2024.07.03 16:00:00,2363.039,2363.188,2353.652,2354.317,17215,124,0
2024.07.03 20:00:00,2354.339,2359.619,2354.26,2358.737,5189,125,0
2024.07.04 00:00:00,2358.759,2362.574,2356.48,2358.141,15036,124,0
2024.07.04 04:00:00,2358.139,2359.639,2350.379,2357.491,15609,124,0
2024.07.04 08:00:00,2357.55,2360.027,2355.486,2358.428,14890,124,0
2024.07.04 12:00:00,2358.501,2361.909,2355.496,2357.432,17980,124,0
2024.07.04 16:00:00,2357.448,2359.136,2356.941,2357.268,3911,125,0
2024.07.04 20:00:00,2357.072,2357.741,2354.248,2356.759,4694,124,0
2024.07.05 00:00:00,2356.791,2363.145,2356.062,2361.75,16066,124,0
2024.07.05 04:00:00,2361.753,2367.483,2361.34,2365.262,16223,124,0
2024.07.05 08:00:00,2365.298,2368.039,2361.807,2365.793,17423,124,0
2024.07.05 12:00:00,2365.773,2388.384,2346.201,2384.677,53869,124,0
2024.07.05 16:00:00,2384.723,2392.978,2383.939,2388.821,21382,124,0
2024.07.05 20:00:00,2388.768,2391.663,2388.229,2391.605,2654,125,0
2024.07.07 20:00:00,2389.621,2390.216,2384.803,2386.159,5367,124,0
2024.07.08 00:00:00,2386.105,2391.128,2380.733,2382.913,19328,124,0
2024.07.08 04:00:00,2382.97,2386.806,2376.636,2377.867,18572,124,0
2024.07.08 08:00:00,2377.862,2378.862,2368.297,2375.322,19461,124,0
2024.07.08 12:00:00,2375.273,2379.541,2351.013,2355.496,38190,124,0
2024.07.08 16:00:00,2355.446,2359.876,2351.034,2359.211,20942,124,0
2024.07.08 20:00:00,2359.249,2362.038,2358.024,2361.748,5646,124,0
2024.07.09 00:00:00,2361.777,2367.986,2360.491,2367.663,17704,124,0
2024.07.09 04:00:00,2367.656,2368.815,2358.293,2358.97,17179,124,0
2024.07.09 08:00:00,2359.018,2365.674,2357.523,2360.62,17654,124,0
2024.07.09 12:00:00,2360.67,2371.62,2349.382,2362.031,43930,124,0
2024.07.09 16:00:00,2362.013,2365.622,2356.548,2363.535,20047,124,0
2024.07.09 20:00:00,2363.575,2366.081,2363.317,2365.002,5332,124,0
2024.07.10 00:00:00,2364.982,2370.33,2363.34,2368.181,16300,124,0
2024.07.10 04:00:00,2368.205,2374.965,2366.604,2372.642,15672,124,0
2024.07.10 08:00:00,2372.606,2378.398,2371.473,2378.393,15739,124,0
2024.07.10 12:00:00,2378.423,2386.708,2373.917,2378.797,30871,124,0
2024.07.10 16:00:00,2378.83,2381.369,2369.873,2371.803,18212,124,0
2024.07.10 20:00:00,2371.794,2372.948,2370.9,2372.889,5286,124,0
2024.07.11 00:00:00,2372.871,2380.259,2371.44,2378.781,15541,124,0
2024.07.11 04:00:00,2378.812,2383.235,2378.502,2379.925,16366,124,0
2024.07.11 08:00:00,2379.962,2384.564,2379.038,2380.832,17340,124,0
2024.07.11 12:00:00,2380.788,2424.575,2378.165,2417.391,74505,124,0
2024.07.11 16:00:00,2417.34,2419.284,2410.041,2414.116,23899,124,0
2024.07.11 20:00:00,2414.174,2416.048,2411.136,2415.888,9672,124,0
2024.07.12 00:00:00,2415.892,2416.289,2406.686,2408.815,19144,124,0
2024.07.12 04:00:00,2408.817,2410.108,2400.324,2404.212,18839,124,0
2024.07.12 08:00:00,2404.137,2408.349,2398.322,2401.749,19047,124,0
2024.07.12 12:00:00,2401.804,2413.721,2391.402,2411.753,45815,124,0
2024.07.12 16:00:00,2411.789,2418.27,2411.733,2412.86,16822,124,0
2024.07.12 20:00:00,2412.809,2412.809,2411.299,2411.436,2307,124,0
2024.07.14 20:00:00,2411.373,2412.282,2405.699,2408.687,6537,112,0
2024.07.15 00:00:00,2408.691,2412.004,2404.923,2411.59,17036,112,0
2024.07.15 04:00:00,2411.627,2414.007,2401.339,2407.915,18755,112,0
2024.07.15 08:00:00,2407.931,2420.359,2406.909,2418.265,20820,112,0
2024.07.15 12:00:00,2418.271,2437.484,2411.53,2433.315,38257,101,0
2024.07.15 16:00:00,2433.293,2439.805,2419.756,2421.123,30855,112,0
2024.07.15 20:00:00,2421.18,2422.763,2420.621,2422.528,6155,112,0
2024.07.16 00:00:00,2422.517,2431.469,2419.948,2428.612,19485,112,0
2024.07.16 04:00:00,2428.616,2439.372,2425.057,2437.002,21265,112,0
2024.07.16 08:00:00,2436.985,2443.452,2433.637,2439.555,23070,112,0
2024.07.16 12:00:00,2439.528,2465.317,2429.367,2463.165,50686,112,0
2024.07.16 16:00:00,2463.255,2468.733,2457.867,2468.517,24094,112,0
2024.07.16 20:00:00,2468.57,2470.0,2466.279,2468.312,9222,112,0
2024.07.17 00:00:00,2468.302,2482.399,2463.943,2471.735,31796,112,0
2024.07.17 04:00:00,2471.71,2474.358,2461.821,2474.137,26631,112,0
2024.07.17 08:00:00,2474.099,2478.878,2466.69,2470.062,28491,112,0
2024.07.17 12:00:00,2470.093,2483.772,2458.048,2463.407,57745,112,0
2024.07.17 16:00:00,2463.456,2465.14,2451.441,2458.02,26837,112,0
2024.07.17 20:00:00,2458.056,2461.883,2457.246,2461.33,8673,112,0
2024.07.18 00:00:00,2461.367,2468.908,2457.323,2468.045,21523,112,0
2024.07.18 04:00:00,2468.034,2475.0,2464.585,2471.964,23377,112,0
2024.07.18 08:00:00,2471.992,2473.728,2461.521,2464.494,23023,112,0
2024.07.18 12:00:00,2464.537,2469.957,2457.56,2461.324,41797,112,0
2024.07.18 16:00:00,2461.357,2462.066,2440.26,2442.949,27605,112,0
2024.07.18 20:00:00,2442.999,2445.597,2441.256,2441.284,7866,112,0
2024.07.19 00:00:00,2441.326,2441.377,2420.451,2428.734,37163,112,0
2024.07.19 04:00:00,2428.731,2429.355,2412.837,2418.161,29631,112,0
2024.07.19 08:00:00,2418.173,2421.675,2408.445,2410.087,26925,112,0
2024.07.19 12:00:00,2410.093,2410.262,2393.789,2405.412,53686,112,0
2024.07.19 16:00:00,2405.479,2406.001,2395.674,2398.776,21983,112,0
2024.07.19 20:00:00,2398.807,2400.584,2397.817,2400.484,3117,112,0
2024.07.21 20:00:00,2403.716,2411.965,2402.521,2411.562,7261,112,0
2024.07.22 00:00:00,2411.53,2412.191,2403.267,2406.765,23030,112,0
2024.07.22 04:00:00,2406.724,2407.386,2398.915,2402.541,25268,112,0
2024.07.22 08:00:00,2402.535,2408.455,2397.986,2398.09,22170,112,0
2024.07.22 12:00:00,2398.076,2400.205,2383.831,2386.346,45433,112,0
2024.07.22 16:00:00,2386.338,2400.093,2386.119,2399.034,19277,112,0
2024.07.22 20:00:00,2398.987,2399.52,2394.738,2395.817,6198,112,0
2024.07.23 00:00:00,2395.784,2404.015,2395.499,2398.394,21597,112,0
2024.07.23 04:00:00,2398.339,2399.677,2388.259,2397.821,24241,112,0
2024.07.23 08:00:00,2397.856,2412.034,2396.309,2407.648,24348,112,0
2024.07.23 12:00:00,2407.608,2409.315,2399.549,2405.471,33841,112,0
2024.07.23 16:00:00,2405.523,2409.011,2402.66,2407.579,18687,112,0
2024.07.23 20:00:00,2407.538,2410.047,2405.339,2408.547,7058,112,0
2024.07.24 00:00:00,2408.592,2418.397,2404.9,2416.44,23675,112,0
2024.07.24 04:00:00,2416.454,2419.239,2411.655,2414.608,22835,112,0
2024.07.24 08:00:00,2414.566,2417.816,2409.787,2417.466,20641,112,0
2024.07.24 12:00:00,2417.503,2431.987,2413.638,2424.791,44250,112,0
2024.07.24 16:00:00,2424.827,2424.951,2398.314,2398.392,27107,112,0
2024.07.24 20:00:00,2398.502,2401.226,2393.067,2398.703,13027,112,0
2024.07.25 00:00:00,2398.754,2400.019,2366.808,2374.789,52241,112,0
2024.07.25 04:00:00,2374.738,2378.767,2365.786,2374.054,30312,112,0
2024.07.25 08:00:00,2374.107,2382.563,2368.017,2368.594,29429,112,0
2024.07.25 12:00:00,2368.595,2377.362,2357.953,2363.185,66786,112,0
2024.07.25 16:00:00,2363.157,2365.555,2353.12,2362.613,30829,112,0
2024.07.25 20:00:00,2362.641,2365.488,2359.38,2363.834,10244,112,0
2024.07.26 00:00:00,2363.882,2379.436,2355.876,2371.813,28367,112,0
2024.07.26 04:00:00,2371.854,2375.286,2365.248,2371.495,23624,112,0
2024.07.26 08:00:00,2371.537,2375.837,2369.378,2373.312,20577,112,0
2024.07.26 12:00:00,2373.308,2390.833,2371.061,2385.171,45110,112,0
2024.07.26 16:00:00,2385.218,2390.425,2381.159,2386.346,20573,112,0
2024.07.26 20:00:00,2386.385,2388.887,2385.466,2387.148,3255,112,0
2024.07.28 20:00:00,2387.977,2403.189,2387.89,2397.039,11165,112,0
2024.07.29 00:00:00,2397.079,2402.519,2388.647,2394.56,27393,112,0
2024.07.29 04:00:00,2394.539,2396.296,2389.46,2391.603,23038,112,0
2024.07.29 08:00:00,2391.592,2395.402,2386.842,2387.762,22932,112,0
2024.07.29 12:00:00,2387.766,2396.82,2369.556,2376.836,43838,112,0
2024.07.29 16:00:00,2376.865,2385.452,2374.534,2383.125,22678,112,0
2024.07.29 20:00:00,2383.082,2384.981,2380.923,2381.177,6873,112,0
2024.07.30 00:00:00,2381.22,2385.997,2376.505,2385.775,23541,112,0
2024.07.30 04:00:00,2385.763,2392.005,2385.671,2390.258,22044,112,0
2024.07.30 08:00:00,2390.298,2392.474,2386.906,2387.149,19592,112,0
2024.07.30 12:00:00,2387.142,2397.761,2383.354,2385.294,43033,112,0
2024.07.30 16:00:00,2385.337,2411.103,2384.987,2407.041,30625,112,0
2024.07.30 20:00:00,2407.009,2412.832,2406.981,2409.841,10846,112,0
2024.07.31 00:00:00,2409.844,2419.199,2403.91,2416.476,29710,112,0
2024.07.31 04:00:00,2416.507,2425.544,2414.419,2417.209,26845,112,0
2024.07.31 08:00:00,2417.17,2423.296,2415.469,2419.61,22541,112,0
2024.07.31 12:00:00,2419.663,2429.025,2417.304,2423.132,41776,112,0
2024.07.31 16:00:00,2423.173,2450.887,2421.57,2449.837,41848,112,0
2024.07.31 20:00:00,2449.792,2451.002,2444.129,2445.777,11758,112,0
2024.08.01 00:00:00,2445.759,2458.412,2437.29,2442.811,37446,112,0
2024.08.01 04:00:00,2442.803,2448.841,2439.905,2440.359,27227,112,0
2024.08.01 08:00:00,2440.316,2442.922,2430.226,2440.775,28551,112,0
2024.08.01 12:00:00,2440.756,2462.324,2440.316,2445.247,64793,112,0
2024.08.01 16:00:00,2445.299,2448.795,2434.915,2443.087,33968,112,0
2024.08.01 20:00:00,2443.055,2447.587,2441.755,2445.878,12223,112,0
2024.08.02 00:00:00,2445.92,2459.446,2434.906,2454.466,38984,112,0
2024.08.02 04:00:00,2454.456,2468.514,2454.225,2461.572,30243,112,0
2024.08.02 08:00:00,2461.619,2465.405,2457.565,2459.293,25765,112,0
2024.08.02 12:00:00,2459.25,2477.756,2410.828,2433.195,122888,112,0
2024.08.02 16:00:00,2433.102,2439.327,2422.966,2437.652,42609,112,0
2024.08.02 20:00:00,2437.679,2442.506,2435.573,2441.926,4861,112,0
2024.08.04 20:00:00,2441.041,2446.376,2437.949,2440.986,13289,112,0
2024.08.05 00:00:00,2441.017,2452.544,2413.801,2450.991,69651,112,0
2024.08.05 04:00:00,2451.056,2458.87,2422.098,2432.014,64766,112,0
2024.08.05 08:00:00,2432.054,2434.464,2383.302,2386.769,60568,112,0
2024.08.05 12:00:00,2386.806,2412.269,2364.3,2402.872,114550,112,0
2024.08.05 16:00:00,2402.801,2413.094,2399.02,2407.714,38274,112,0
2024.08.05 20:00:00,2407.679,2412.596,2404.374,2404.871,13873,112,0
2024.08.06 00:00:00,2404.899,2418.341,2404.549,2409.016,39034,112,0
2024.08.06 04:00:00,2409.047,2412.651,2394.826,2409.869,45330,112,0
2024.08.06 08:00:00,2409.969,2416.378,2408.107,2410.989,31548,112,0
2024.08.06 12:00:00,2411.029,2412.244,2381.437,2387.57,75916,112,0
2024.08.06 16:00:00,2387.605,2396.048,2385.582,2387.765,30091,112,0
2024.08.06 20:00:00,2387.793,2390.521,2382.788,2383.812,11517,112,0
2024.08.07 00:00:00,2383.757,2388.474,2378.975,2385.982,42082,112,0
2024.08.07 04:00:00,2386.019,2397.616,2385.72,2389.344,30703,112,0
2024.08.07 08:00:00,2389.393,2402.393,2388.296,2401.212,25484,112,0
2024.08.07 12:00:00,2401.198,2407.124,2391.966,2394.486,43673,112,0
2024.08.07 16:00:00,2394.484,2399.782,2383.807,2385.753,28541,112,0
2024.08.07 20:00:00,2385.704,2387.416,2380.918,2384.825,11777,112,0
2024.08.08 00:00:00,2384.868,2394.731,2383.297,2394.35,29622,112,0
2024.08.08 04:00:00,2394.289,2400.674,2392.461,2396.77,27834,112,0
2024.08.08 08:00:00,2396.82,2413.666,2392.903,2412.226,27893,112,0
2024.08.08 12:00:00,2412.186,2424.399,2402.329,2418.72,60975,112,0
2024.08.08 16:00:00,2418.678,2426.395,2415.831,2423.565,25138,112,0
2024.08.08 20:00:00,2423.587,2427.852,2422.863,2424.623,10050,112,0
2024.08.09 00:00:00,2424.553,2429.034,2419.256,2421.123,25670,112,0
2024.08.09 04:00:00,2421.079,2427.087,2416.863,2423.162,23934,112,0
2024.08.09 08:00:00,2423.216,2432.673,2422.223,2426.794,23789,112,0
2024.08.09 12:00:00,2426.768,2435.99,2420.989,2431.504,50355,112,0
2024.08.09 16:00:00,2431.548,2437.044,2427.191,2429.113,22271,112,0
2024.08.09 20:00:00,2429.152,2431.205,2429.152,2430.839,3061,112,0
2024.08.11 20:00:00,2428.394,2433.268,2427.28,2427.96,6500,112,0
2024.08.12 00:00:00,2427.962,2430.321,2423.859,2428.606,18553,112,0
2024.08.12 04:00:00,2428.548,2442.853,2428.239,2441.606,20538,112,0
2024.08.12 08:00:00,2441.648,2445.092,2439.61,2441.532,21630,112,0
2024.08.12 12:00:00,2441.54,2460.718,2441.442,2459.767,41866,105,0
2024.08.12 16:00:00,2459.811,2472.226,2458.962,2470.505,23249,105,0
2024.08.12 20:00:00,2470.478,2476.065,2470.183,2475.568,8842,105,0
2024.08.13 00:00:00,2475.612,2476.995,2460.824,2463.48,27079,105,0
2024.08.13 04:00:00,2463.545,2466.183,2458.525,2464.292,22186,105,0
2024.08.13 08:00:00,2464.333,2466.639,2458.865,2465.829,21483,105,0
2024.08.13 12:00:00,2465.788,2475.689,2458.939,2468.673,43800,105,0
2024.08.13 16:00:00,2468.632,2471.118,2462.267,2466.943,20431,105,0
2024.08.13 20:00:00,2466.954,2467.867,2462.974,2464.091,7783,105,0
2024.08.14 00:00:00,2464.136,2472.525,2455.303,2460.824,26557,105,0
2024.08.14 04:00:00,2460.847,2471.925,2459.301,2470.881,20950,105,0
2024.08.14 08:00:00,2470.854,2478.821,2468.708,2474.727,22024,105,0
2024.08.14 12:00:00,2474.767,2480.113,2442.041,2444.056,68462,105,0
2024.08.14 16:00:00,2444.055,2448.481,2438.027,2447.256,24149,105,0
2024.08.14 20:00:00,2447.157,2449.513,2446.465,2449.44,7417,105,0
2024.08.15 00:00:00,2449.428,2454.389,2448.242,2453.712,22537,105,0
2024.08.15 04:00:00,2453.734,2458.818,2450.312,2455.742,21262,105,0
2024.08.15 08:00:00,2455.733,2464.197,2453.558,2463.557,20169,105,0
2024.08.15 12:00:00,2463.612,2470.126,2432.126,2458.426,70605,105,0
2024.08.15 16:00:00,2458.47,2461.653,2453.432,2455.598,21895,105,0
2024.08.15 20:00:00,2455.552,2458.283,2454.428,2457.335,8133,105,0
2024.08.16 00:00:00,2457.341,2460.059,2450.746,2452.429,21443,105,0
2024.08.16 04:00:00,2452.467,2464.52,2451.101,2462.002,20671,105,0
2024.08.16 08:00:00,2462.078,2472.331,2459.134,2472.145,23241,105,0
2024.08.16 12:00:00,2472.106,2500.551,2471.283,2491.723,64397,105,0
2024.08.16 16:00:00,2491.807,2509.058,2491.683,2507.894,26358,105,0
2024.08.16 20:00:00,2507.947,2509.814,2505.571,2507.852,4341,105,0
2024.08.18 20:00:00,2506.337,2506.812,2502.305,2506.484,7370,112,0
2024.08.19 00:00:00,2506.472,2506.805,2494.945,2503.247,31764,112,0
2024.08.19 04:00:00,2503.206,2505.215,2498.841,2503.026,24471,112,0
2024.08.19 08:00:00,2502.979,2507.211,2486.517,2494.444,24582,112,0
2024.08.19 12:00:00,2494.449,2505.965,2485.649,2503.968,41584,112,0
2024.08.19 16:00:00,2503.932,2507.516,2500.694,2505.437,20480,112,0
2024.08.19 20:00:00,2505.477,2505.659,2502.077,2503.578,6402,112,0
2024.08.20 00:00:00,2503.588,2508.322,2498.666,2501.761,22177,112,0
2024.08.20 04:00:00,2501.823,2515.256,2497.289,2514.912,22079,112,0
2024.08.20 08:00:00,2514.939,2527.205,2514.327,2526.257,29230,112,0
2024.08.20 12:00:00,2526.301,2531.701,2505.786,2508.552,56690,112,0
2024.08.20 16:00:00,2508.583,2515.555,2500.863,2514.985,26031,112,0
2024.08.20 20:00:00,2515.027,2516.97,2512.787,2512.998,7080,112,0
2024.08.21 00:00:00,2513.01,2519.976,2510.792,2517.42,22787,112,0
2024.08.21 04:00:00,2517.467,2519.62,2508.124,2509.784,22381,112,0
2024.08.21 08:00:00,2509.757,2513.355,2504.451,2511.857,21850,112,0
2024.08.21 12:00:00,2511.815,2513.767,2493.724,2508.321,57921,112,0
2024.08.21 16:00:00,2508.261,2519.201,2503.15,2511.593,25178,112,0
2024.08.21 20:00:00,2511.547,2514.458,2509.778,2512.718,7350,112,0
2024.08.22 00:00:00,2512.766,2514.735,2499.885,2502.362,23455,112,0
2024.08.22 04:00:00,2502.378,2510.614,2499.218,2507.136,23569,112,0
2024.08.22 08:00:00,2507.138,2509.156,2498.053,2499.54,23892,112,0
2024.08.22 12:00:00,2499.573,2504.17,2470.835,2481.828,58520,112,0
2024.08.22 16:00:00,2481.876,2485.999,2478.561,2483.017,23843,112,0
2024.08.22 20:00:00,2483.055,2487.632,2482.402,2487.598,6693,112,0
2024.08.23 00:00:00,2487.608,2493.787,2486.469,2493.199,22979,112,0
2024.08.23 04:00:00,2493.187,2495.802,2490.601,2493.418,20391,112,0
2024.08.23 08:00:00,2493.371,2502.529,2493.025,2501.605,21274,112,0
2024.08.23 12:00:00,2501.59,2518.384,2494.487,2509.878,63373,112,0
2024.08.23 16:00:00,2509.918,2513.275,2501.709,2510.806,26794,112,0
2024.08.23 20:00:00,2510.778,2512.497,2509.566,2512.391,3101,112,0
2024.08.25 20:00:00,2512.091,2516.707,2511.1,2515.927,7429,111,0
2024.08.26 00:00:00,2515.914,2517.025,2509.354,2509.793,23844,111,0
2024.08.26 04:00:00,2509.763,2521.844,2508.67,2521.432,23406,111,0
2024.08.26 08:00:00,2521.436,2526.93,2520.726,2526.557,24239,111,0
2024.08.26 12:00:00,2526.491,2527.033,2510.657,2515.811,47540,111,0
2024.08.26 16:00:00,2515.855,2523.415,2513.542,2518.193,21735,111,0
2024.08.26 20:00:00,2518.228,2519.119,2515.43,2515.536,5971,112,0
2024.08.27 00:00:00,2515.501,2516.733,2505.84,2508.997,22334,111,0
2024.08.27 04:00:00,2509.032,2517.585,2504.552,2505.012,26113,111,0
2024.08.27 08:00:00,2504.909,2513.769,2503.552,2511.503,26401,111,0
2024.08.27 12:00:00,2511.468,2520.34,2503.486,2512.158,48500,111,0
2024.08.27 16:00:00,2512.131,2525.962,2509.839,2525.121,23142,111,0
2024.08.27 20:00:00,2525.086,2529.086,2523.804,2525.293,8426,111,0
2024.08.28 00:00:00,2525.247,2525.849,2513.192,2515.909,21516,111,0
2024.08.28 04:00:00,2515.848,2516.162,2503.243,2510.008,28265,111,0
2024.08.28 08:00:00,2509.966,2511.456,2500.714,2501.509,23990,111,0
2024.08.28 12:00:00,2501.469,2510.727,2493.522,2506.165,46237,111,0
2024.08.28 16:00:00,2506.206,2509.633,2496.409,2507.631,24091,111,0
2024.08.28 20:00:00,2507.667,2508.727,2502.784,2508.134,9897,111,0
2024.08.29 00:00:00,2508.104,2516.795,2507.991,2516.567,21200,111,0
2024.08.29 04:00:00,2516.615,2521.188,2513.83,2519.115,21941,111,0
2024.08.29 08:00:00,2519.149,2524.47,2515.103,2519.907,26119,111,0
2024.08.29 12:00:00,2519.898,2525.694,2503.582,2522.531,54602,111,0
2024.08.29 16:00:00,2522.581,2528.693,2517.442,2521.198,24490,111,0
2024.08.29 20:00:00,2521.235,2522.337,2518.916,2519.637,6443,111,0
2024.08.30 00:00:00,2519.624,2520.132,2512.316,2513.579,20773,111,0
2024.08.30 04:00:00,2513.557,2524.09,2512.19,2519.393,25079,111,0
2024.08.30 08:00:00,2519.38,2526.938,2515.011,2519.547,23609,111,0
2024.08.30 12:00:00,2519.509,2524.784,2500.257,2502.525,63678,111,0
2024.08.30 16:00:00,2502.489,2506.069,2494.11,2502.367,30813,111,0
2024.08.30 20:00:00,2502.328,2503.602,2501.857,2503.366,3375,111,0
2024.09.01 20:00:00,2502.509,2504.779,2501.966,2503.004,5463,111,0
2024.09.02 00:00:00,2503.007,2505.004,2490.001,2496.252,25637,111,0
2024.09.02 04:00:00,2496.232,2501.481,2495.214,2498.228,21598,111,0
2024.09.02 08:00:00,2498.213,2507.358,2497.106,2499.838,22653,111,0
2024.09.02 12:00:00,2499.798,2503.23,2497.696,2501.509,22589,111,0
2024.09.02 16:00:00,2501.514,2501.926,2498.64,2500.109,4070,111,0
2024.09.02 20:00:00,2499.561,2499.744,2496.5,2497.266,3831,112,0
2024.09.03 00:00:00,2497.271,2497.725,2489.71,2494.741,24505,111,0
2024.09.03 04:00:00,2494.813,2502.075,2492.757,2500.867,23114,111,0
2024.09.03 08:00:00,2500.833,2506.273,2484.675,2489.689,31475,111,0
2024.09.03 12:00:00,2489.65,2502.237,2473.306,2488.377,80841,111,0
2024.09.03 16:00:00,2488.354,2494.422,2483.903,2492.039,22596,111,0
2024.09.03 20:00:00,2491.989,2494.788,2491.342,2493.247,7782,111,0
2024.09.04 00:00:00,2493.224,2496.974,2491.305,2495.04,20716,111,0
2024.09.04 04:00:00,2495.082,2496.757,2481.945,2482.201,24367,111,0
2024.09.04 08:00:00,2482.196,2491.291,2471.892,2489.201,33191,111,0
2024.09.04 12:00:00,2489.164,2500.324,2482.08,2494.008,59813,111,0
2024.09.04 16:00:00,2493.982,2498.047,2491.456,2493.426,20681,111,0
2024.09.04 20:00:00,2493.405,2496.975,2492.856,2495.853,7124,111,0
2024.09.05 00:00:00,2495.851,2499.359,2494.504,2494.892,19072,111,0
2024.09.05 04:00:00,2494.859,2507.647,2493.783,2506.394,22974,111,0
2024.09.05 08:00:00,2506.432,2518.399,2505.941,2515.223,29372,111,0
2024.09.05 12:00:00,2515.27,2523.598,2503.821,2507.178,68537,111,0
2024.09.05 16:00:00,2507.203,2516.878,2506.097,2514.838,22264,111,0
2024.09.05 20:00:00,2514.881,2518.031,2514.826,2517.306,6591,111,0
2024.09.06 00:00:00,2517.301,2518.498,2513.068,2518.256,18846,111,0
2024.09.06 04:00:00,2518.281,2521.889,2516.302,2516.577,21480,111,0
2024.09.06 08:00:00,2516.54,2520.388,2514.693,2516.295,20949,111,0
2024.09.06 12:00:00,2516.326,2529.228,2500.427,2505.395,116025,111,0
2024.09.06 16:00:00,2505.338,2505.906,2485.031,2496.002,54135,111,0
2024.09.06 20:00:00,2495.963,2497.861,2494.759,2497.548,3868,112,0
2024.09.08 20:00:00,2497.061,2498.301,2495.516,2496.893,6143,111,0
2024.09.09 00:00:00,2496.895,2500.532,2494.735,2499.308,25696,111,0
2024.09.09 04:00:00,2499.274,2499.544,2485.527,2494.324,33577,111,0
2024.09.09 08:00:00,2494.362,2499.161,2489.989,2497.266,27710,111,0
2024.09.09 12:00:00,2497.32,2505.316,2493.255,2499.114,44377,111,0
2024.09.09 16:00:00,2499.145,2506.574,2499.145,2505.984,22621,111,0
2024.09.09 20:00:00,2505.945,2507.725,2505.245,2506.837,7041,111,0
2024.09.10 00:00:00,2506.839,2507.485,2501.394,2502.556,20840,111,0
2024.09.10 04:00:00,2502.524,2507.797,2500.76,2502.816,21414,111,0
2024.09.10 08:00:00,2502.778,2509.693,2500.076,2504.631,25376,111,0
2024.09.10 12:00:00,2504.599,2518.439,2500.896,2512.794,51633,111,0
2024.09.10 16:00:00,2512.821,2517.539,2510.717,2517.236,23234,111,0
2024.09.10 20:00:00,2517.238,2518.892,2515.774,2518.702,6485,111,0
2024.09.11 00:00:00,2518.662,2522.601,2514.964,2519.43,25562,111,0
2024.09.11 04:00:00,2519.45,2529.084,2518.559,2521.495,26046,111,0
2024.09.11 08:00:00,2521.461,2527.245,2519.784,2522.291,24375,111,0
2024.09.11 12:00:00,2522.251,2523.908,2500.868,2514.767,83270,111,0
2024.09.11 16:00:00,2514.736,2520.057,2509.786,2512.954,26868,111,0
2024.09.11 20:00:00,2512.928,2513.915,2511.294,2511.925,6770,111,0
2024.09.12 00:00:00,2511.848,2516.122,2510.997,2515.868,19289,111,0
2024.09.12 04:00:00,2515.904,2522.284,2514.465,2515.956,20575,111,0
2024.09.12 08:00:00,2515.93,2521.038,2512.99,2519.509,24069,111,0
2024.09.12 12:00:00,2519.547,2555.253,2518.886,2553.278,86147,111,0
2024.09.12 16:00:00,2553.254,2559.093,2544.878,2557.929,33552,111,0
2024.09.12 20:00:00,2557.894,2560.115,2556.766,2558.446,9530,111,0
2024.09.13 00:00:00,2558.443,2570.106,2556.804,2567.877,29628,111,0
2024.09.13 04:00:00,2567.882,2571.159,2563.092,2569.872,28709,111,0
2024.09.13 08:00:00,2569.882,2573.043,2563.672,2567.312,28566,111,0
2024.09.13 12:00:00,2567.347,2583.504,2566.057,2582.164,56727,111,0
2024.09.13 16:00:00,2582.199,2586.144,2578.617,2582.67,26119,111,0
2024.09.13 20:00:00,2582.636,2582.933,2577.728,2579.091,3424,111,0
2024.09.15 20:00:00,2578.48,2580.478,2577.567,2579.187,7288,111,0
2024.09.16 00:00:00,2579.194,2589.025,2578.911,2586.318,17167,111,0
2024.09.16 04:00:00,2586.359,2589.675,2579.476,2582.166,23119,111,0
2024.09.16 08:00:00,2582.155,2588.55,2575.309,2583.023,27364,111,0
2024.09.16 12:00:00,2582.99,2589.322,2576.093,2579.903,46624,111,0
2024.09.16 16:00:00,2579.936,2584.196,2579.548,2582.51,18874,111,0
2024.09.16 20:00:00,2582.574,2583.879,2581.833,2583.683,6358,112,0
2024.09.17 00:00:00,2583.678,2586.362,2576.795,2577.208,18571,111,0
2024.09.17 04:00:00,2577.202,2586.98,2574.558,2583.824,21596,111,0
2024.09.17 08:00:00,2583.785,2584.179,2569.731,2579.848,30634,111,0
2024.09.17 12:00:00,2579.858,2582.261,2561.763,2565.692,59249,111,0
2024.09.17 16:00:00,2565.716,2571.681,2560.685,2568.664,27671,111,0
2024.09.17 20:00:00,2568.69,2574.391,2568.314,2574.074,7358,111,0
2024.09.18 00:00:00,2574.043,2576.498,2570.025,2575.923,26179,111,0
2024.09.18 04:00:00,2575.947,2576.502,2565.733,2571.59,23032,111,0
2024.09.18 08:00:00,2571.667,2580.764,2567.958,2577.431,23519,111,0
2024.09.18 12:00:00,2577.465,2578.931,2567.971,2569.725,38369,111,0
2024.09.18 16:00:00,2569.755,2600.162,2546.852,2549.05,124461,111,0
2024.09.18 20:00:00,2549.005,2561.606,2548.324,2559.263,18640,111,0
2024.09.19 00:00:00,2559.263,2566.732,2550.918,2563.983,35568,111,0
2024.09.19 04:00:00,2564.026,2584.657,2559.588,2584.368,35100,111,0
2024.09.19 08:00:00,2584.385,2594.987,2581.353,2589.459,35274,111,0
2024.09.19 12:00:00,2589.423,2591.227,2569.777,2589.046,71222,111,0
2024.09.19 16:00:00,2589.086,2592.636,2585.956,2588.333,24413,111,0
2024.09.19 20:00:00,2588.379,2589.827,2585.9,2587.306,7679,111,0
2024.09.20 00:00:00,2587.277,2593.729,2584.738,2591.413,23798,111,0
2024.09.20 04:00:00,2591.421,2609.821,2591.282,2607.182,28252,111,0
2024.09.20 08:00:00,2607.147,2615.524,2602.459,2613.76,29514,111,0
2024.09.20 12:00:00,2613.721,2623.059,2602.517,2622.749,68763,111,0
2024.09.20 16:00:00,2622.786,2625.778,2617.858,2621.111,31872,111,0
2024.09.20 20:00:00,2621.153,2622.533,2619.124,2622.122,3386,111,0
2024.09.22 20:00:00,2620.968,2622.149,2619.676,2620.258,5584,111,0
2024.09.23 00:00:00,2620.226,2631.152,2616.053,2628.577,24282,111,0
2024.09.23 04:00:00,2628.582,2631.419,2613.823,2615.174,30275,111,0
2024.09.23 08:00:00,2615.137,2625.81,2614.588,2624.087,27360,111,0
2024.09.23 12:00:00,2624.08,2634.905,2619.984,2629.266,49956,111,0
2024.09.23 16:00:00,2629.225,2630.916,2625.689,2626.264,23821,111,0
2024.09.23 20:00:00,2626.318,2628.525,2625.845,2626.324,6398,111,0
2024.09.24 00:00:00,2626.319,2636.17,2623.796,2634.123,26512,111,0
2024.09.24 04:00:00,2634.114,2640.116,2622.548,2629.02,38993,111,0
2024.09.24 08:00:00,2629.029,2636.336,2623.363,2626.391,30131,111,0
2024.09.24 12:00:00,2626.435,2648.528,2623.487,2643.167,60527,111,0
2024.09.24 16:00:00,2643.177,2664.39,2642.406,2662.646,34570,111,0
2024.09.24 20:00:00,2662.612,2663.771,2656.441,2658.228,10853,111,0
2024.09.25 00:00:00,2658.187,2670.653,2655.462,2661.499,35890,111,0
2024.09.25 04:00:00,2661.522,2661.74,2651.357,2657.04,31528,111,0
2024.09.25 08:00:00,2657.05,2658.605,2652.722,2657.455,26667,111,0
2024.09.25 12:00:00,2657.404,2667.458,2654.185,2657.652,57747,111,0
2024.09.25 16:00:00,2657.628,2663.086,2649.602,2659.778,27567,111,0
2024.09.25 20:00:00,2659.826,2660.329,2656.227,2656.32,9019,111,0
2024.09.26 00:00:00,2656.383,2662.561,2655.305,2662.54,24584,111,0
2024.09.26 04:00:00,2662.569,2666.948,2657.954,2664.708,26523,111,0
2024.09.26 08:00:00,2664.674,2685.635,2664.605,2682.788,36331,111,0
2024.09.26 12:00:00,2682.821,2684.235,2654.741,2671.372,96550,111,0
2024.09.26 16:00:00,2671.414,2677.935,2662.97,2673.699,32712,111,0
2024.09.26 20:00:00,2673.739,2674.092,2670.829,2672.634,7408,111,0
2024.09.27 00:00:00,2672.691,2673.968,2666.214,2673.653,27915,111,0
2024.09.27 04:00:00,2673.672,2673.968,2660.914,2664.744,35782,111,0
2024.09.27 08:00:00,2664.709,2669.258,2658.308,2666.183,29608,111,0
2024.09.27 12:00:00,2666.149,2674.29,2644.729,2649.733,77206,111,0
2024.09.27 16:00:00,2649.776,2656.385,2643.018,2652.016,34863,111,0
2024.09.27 20:00:00,2651.976,2660.033,2651.15,2658.007,4324,112,0
2024.09.29 20:00:00,2661.738,2665.13,2659.786,2663.567,9856,111,0
2024.09.30 00:00:00,2663.604,2666.073,2647.288,2653.641,37946,111,0
2024.09.30 04:00:00,2653.597,2660.643,2650.654,2651.017,27599,111,0
2024.09.30 08:00:00,2650.974,2656.615,2634.469,2641.566,33564,111,0
2024.09.30 12:00:00,2641.547,2644.223,2628.71,2633.892,58117,111,0
2024.09.30 16:00:00,2633.898,2641.917,2624.703,2630.987,37935,111,0
2024.09.30 20:00:00,2631.025,2636.278,2630.741,2635.658,7948,111,0
2024.10.01 00:00:00,2635.683,2640.032,2633.935,2637.962,17679,111,0
2024.10.01 04:00:00,2637.979,2647.473,2637.436,2645.583,24276,111,0
2024.10.01 08:00:00,2645.617,2652.08,2642.461,2650.253,25542,111,0
2024.10.01 12:00:00,2650.298,2671.877,2647.97,2663.362,82192,111,0
2024.10.01 16:00:00,2663.327,2673.221,2657.539,2658.715,44786,111,0
2024.10.01 20:00:00,2658.754,2664.002,2657.836,2660.385,8035,112,0
2024.10.02 00:00:00,2660.414,2662.041,2655.103,2655.4,21201,111,0
2024.10.02 04:00:00,2655.375,2656.6,2644.519,2655.437,29716,111,0
2024.10.02 08:00:00,2655.506,2655.865,2647.965,2649.601,25873,111,0
2024.10.02 12:00:00,2649.643,2663.347,2641.062,2649.914,61715,111,0
2024.10.02 16:00:00,2649.942,2659.01,2647.126,2658.664,24074,111,0
2024.10.02 20:00:00,2658.646,2661.26,2658.289,2660.357,8379,111,0
2024.10.03 00:00:00,2660.323,2662.992,2653.297,2656.025,21770,111,0
2024.10.03 04:00:00,2655.99,2657.456,2643.515,2645.211,27239,111,0
2024.10.03 08:00:00,2645.246,2649.079,2640.985,2648.042,29243,111,0
2024.10.03 12:00:00,2648.008,2654.675,2638.0,2648.822,70683,111,0
2024.10.03 16:00:00,2648.866,2662.168,2648.514,2657.998,28604,111,0
2024.10.03 20:00:00,2658.033,2658.033,2654.343,2655.828,6950,111,0
2024.10.04 00:00:00,2655.824,2663.615,2655.468,2661.161,18876,111,0
2024.10.04 04:00:00,2661.152,2667.888,2658.727,2661.104,22702,111,0
2024.10.04 08:00:00,2661.074,2662.591,2656.807,2661.366,21872,111,0
2024.10.04 12:00:00,2661.331,2670.191,2632.054,2653.225,102589,111,0
2024.10.04 16:00:00,2653.251,2653.883,2641.837,2651.648,34354,111,0
2024.10.04 20:00:00,2651.681,2654.019,2649.872,2653.513,3391,111,0
2024.10.06 20:00:00,2651.599,2652.421,2649.696,2650.152,6844,111,0
2024.10.07 00:00:00,2650.133,2651.95,2643.868,2647.445,23634,111,0
2024.10.07 04:00:00,2647.423,2652.856,2639.611,2652.04,25492,111,0
2024.10.07 08:00:00,2652.081,2659.639,2650.621,2656.937,28148,111,0
2024.10.07 12:00:00,2656.973,2659.23,2637.752,2645.752,62780,111,0
2024.10.07 16:00:00,2645.711,2648.768,2639.71,2643.284,23833,111,0
2024.10.07 20:00:00,2643.248,2649.235,2641.792,2642.968,10088,111,0
2024.10.08 00:00:00,2642.986,2648.341,2633.75,2643.014,45157,111,0
2024.10.08 04:00:00,2642.976,2646.453,2631.119,2633.975,34091,111,0
2024.10.08 08:00:00,2634.001,2651.96,2628.511,2650.769,34349,111,0
2024.10.08 12:00:00,2650.763,2653.006,2604.71,2612.963,84524,111,0
2024.10.08 16:00:00,2613.042,2623.598,2605.467,2622.939,34687,111,0
2024.10.08 20:00:00,2622.947,2623.837,2618.835,2621.892,9299,111,0
2024.10.09 00:00:00,2621.892,2624.292,2614.872,2617.096,29279,111,0
2024.10.09 04:00:00,2617.059,2624.345,2609.163,2611.652,29934,111,0
2024.10.09 08:00:00,2611.693,2622.474,2610.429,2619.046,26542,111,0
2024.10.09 12:00:00,2619.085,2622.482,2605.213,2614.842,56830,111,0
2024.10.09 16:00:00,2614.885,2615.911,2605.14,2609.111,25527,111,0
2024.10.09 20:00:00,2609.17,2609.501,2606.905,2608.5,7188,111,0
2024.10.10 00:00:00,2608.462,2616.924,2605.928,2611.786,27957,111,0
2024.10.10 04:00:00,2611.748,2617.09,2610.226,2616.681,24408,111,0
2024.10.10 08:00:00,2616.719,2618.936,2611.33,2613.004,23251,111,0
2024.10.10 12:00:00,2613.037,2629.818,2602.296,2623.638,81075,111,0
2024.10.10 16:00:00,2623.643,2631.379,2616.466,2629.159,31401,111,0
2024.10.10 20:00:00,2629.198,2636.056,2628.095,2633.173,10126,111,0
2024.10.11 00:00:00,2633.185,2646.076,2631.976,2645.507,29103,111,0
2024.10.11 04:00:00,2645.534,2647.197,2638.061,2645.379,23528,111,0
2024.10.11 08:00:00,2645.341,2646.222,2636.177,2644.659,22414,111,0
2024.10.11 12:00:00,2644.623,2659.342,2640.634,2658.781,51338,111,0
2024.10.11 16:00:00,2658.808,2661.486,2655.264,2656.146,22509,111,0
2024.10.11 20:00:00,2656.184,2657.231,2654.752,2656.86,2817,112,0
2024.10.13 20:00:00,2650.122,2652.496,2646.89,2648.115,9835,111,0
2024.10.14 00:00:00,2648.155,2657.479,2643.099,2655.577,30699,111,0
2024.10.14 04:00:00,2655.581,2666.891,2655.218,2660.42,26029,111,0
2024.10.14 08:00:00,2660.464,2663.036,2651.011,2652.208,24467,111,0
2024.10.14 12:00:00,2652.198,2661.186,2643.964,2646.757,48437,111,0
2024.10.14 16:00:00,2646.819,2652.599,2645.769,2652.419,18354,111,0
2024.10.14 20:00:00,2652.461,2653.354,2646.099,2649.375,8187,111,0
2024.10.15 00:00:00,2649.443,2652.793,2644.473,2645.729,24266,111,0
2024.10.15 04:00:00,2645.767,2653.971,2637.999,2650.782,30762,111,0
2024.10.15 08:00:00,2650.764,2656.795,2645.62,2647.774,27065,111,0
2024.10.15 12:00:00,2647.75,2665.182,2646.027,2664.661,59538,111,0
2024.10.15 16:00:00,2664.697,2668.954,2658.995,2661.664,26043,111,0
2024.10.15 20:00:00,2661.721,2663.134,2660.293,2660.524,7133,111,0
2024.10.16 00:00:00,2660.522,2670.163,2658.746,2667.18,28511,111,0
2024.10.16 04:00:00,2667.144,2677.713,2665.616,2676.139,30737,111,0
2024.10.16 08:00:00,2676.137,2682.783,2672.999,2678.356,28112,111,0
2024.10.16 12:00:00,2678.336,2685.418,2667.586,2670.009,59831,111,0
2024.10.16 16:00:00,2669.95,2676.728,2666.686,2674.714,22549,111,0
2024.10.16 20:00:00,2674.759,2675.02,2673.102,2674.111,5936,111,0
2024.10.17 00:00:00,2674.146,2684.922,2674.093,2676.634,30747,111,0
2024.10.17 04:00:00,2676.675,2685.78,2676.425,2681.977,31907,111,0
2024.10.17 08:00:00,2682.005,2688.882,2676.973,2681.322,26174,111,0
2024.10.17 12:00:00,2681.282,2696.812,2673.167,2693.295,70975,111,0
2024.10.17 16:00:00,2693.389,2694.226,2683.983,2691.978,25866,111,0
2024.10.17 20:00:00,2692.03,2694.435,2690.991,2693.733,6013,112,0
2024.10.18 00:00:00,2693.694,2711.988,2692.788,2709.968,35082,111,0
2024.10.18 04:00:00,2709.932,2714.104,2702.232,2702.305,33063,111,0
2024.10.18 08:00:00,2702.35,2713.227,2701.681,2709.803,27886,111,0
2024.10.18 12:00:00,2709.832,2720.155,2704.945,2714.837,57696,111,0
2024.10.18 16:00:00,2714.87,2721.305,2713.6,2719.648,25011,111,0
2024.10.18 20:00:00,2719.689,2722.657,2719.205,2721.802,3661,111,0
2024.10.20 20:00:00,2723.116,2725.153,2720.222,2723.44,7424,111,0
2024.10.21 00:00:00,2723.481,2732.85,2721.064,2731.536,40069,111,0
2024.10.21 04:00:00,2731.538,2732.539,2723.578,2730.336,27590,111,0
2024.10.21 08:00:00,2730.346,2738.152,2727.74,2734.482,31413,111,0
2024.10.21 12:00:00,2734.45,2740.539,2716.857,2720.143,75126,111,0
2024.10.21 16:00:00,2720.117,2725.622,2714.205,2719.878,29230,111,0
2024.10.21 20:00:00,2719.834,2722.616,2718.779,2721.507,7823,111,0
2024.10.22 00:00:00,2721.502,2733.114,2720.657,2731.027,27184,111,0
2024.10.22 04:00:00,2730.993,2737.165,2729.039,2733.68,25319,111,0
2024.10.22 08:00:00,2733.641,2739.382,2729.46,2732.0,29683,111,0
2024.10.22 12:00:00,2732.034,2744.23,2731.577,2737.586,54853,111,0
2024.10.22 16:00:00,2737.545,2748.929,2737.141,2748.33,26234,111,0
2024.10.22 20:00:00,2748.378,2748.884,2745.844,2746.581,7395,111,0
2024.10.23 00:00:00,2746.611,2747.223,2737.779,2746.071,27065,111,0
2024.10.23 04:00:00,2746.078,2755.656,2745.371,2754.898,27584,111,0
2024.10.23 08:00:00,2754.937,2758.532,2749.158,2749.991,26571,111,0
2024.10.23 12:00:00,2749.956,2750.527,2708.628,2721.75,87110,111,0
2024.10.23 16:00:00,2721.716,2723.299,2711.956,2716.26,33642,111,0
2024.10.23 20:00:00,2716.218,2721.909,2714.167,2721.282,9406,111,0
2024.10.24 00:00:00,2721.243,2726.722,2717.785,2722.901,29702,111,0
2024.10.24 04:00:00,2722.906,2737.145,2722.848,2733.564,26718,111,0
2024.10.24 08:00:00,2733.637,2739.712,2732.513,2738.58,24542,111,0
2024.10.24 12:00:00,2738.488,2743.232,2722.4,2731.123,60973,111,0
2024.10.24 16:00:00,2731.115,2737.771,2725.782,2737.073,29904,111,0
2024.10.24 20:00:00,2737.033,2737.171,2733.646,2733.868,6729,111,0
2024.10.25 00:00:00,2733.909,2735.197,2724.396,2726.066,24448,111,0
2024.10.25 04:00:00,2726.102,2732.591,2723.887,2726.401,25647,111,0
2024.10.25 08:00:00,2726.489,2729.415,2716.982,2724.205,30284,111,0
2024.10.25 12:00:00,2724.232,2742.052,2723.229,2737.155,49349,111,0
2024.10.25 16:00:00,2737.117,2745.046,2733.946,2742.543,25026,111,0
2024.10.25 20:00:00,2742.585,2747.798,2742.493,2747.047,4211,111,0
2024.10.27 20:00:00,2733.467,2740.2,2730.364,2735.839,12800,111,0
2024.10.28 00:00:00,2735.807,2736.341,2724.695,2729.726,31158,111,0
2024.10.28 04:00:00,2729.661,2744.539,2729.117,2738.943,26079,111,0
2024.10.28 08:00:00,2738.902,2740.906,2727.863,2732.343,28714,111,0
2024.10.28 12:00:00,2732.336,2745.941,2731.195,2740.728,44173,111,0
2024.10.28 16:00:00,2740.695,2744.973,2739.969,2742.522,21340,111,0
2024.10.28 20:00:00,2742.488,2744.451,2739.798,2744.451,7503,112,0
2024.10.29 00:00:00,2744.403,2757.774,2743.291,2751.705,29391,111,0
2024.10.29 04:00:00,2751.706,2756.878,2748.922,2752.483,24985,111,0
2024.10.29 08:00:00,2752.523,2756.687,2746.226,2751.796,31152,111,0
2024.10.29 12:00:00,2751.83,2771.754,2748.166,2764.265,58313,111,0
2024.10.29 16:00:00,2764.243,2774.763,2764.127,2772.22,28785,111,0
2024.10.29 20:00:00,2772.189,2775.433,2771.846,2774.939,8024,111,0
2024.10.30 00:00:00,2774.967,2782.174,2774.802,2778.948,26996,111,0
2024.10.30 04:00:00,2778.954,2789.845,2777.418,2782.281,24497,111,0
2024.10.30 08:00:00,2782.238,2786.551,2778.237,2778.604,24866,111,0
2024.10.30 12:00:00,2778.58,2787.533,2770.854,2784.658,65969,111,0
2024.10.30 16:00:00,2784.699,2790.099,2783.024,2787.309,25126,111,0
2024.10.30 20:00:00,2787.357,2788.114,2784.801,2785.514,8695,111,0
2024.10.31 00:00:00,2785.513,2790.115,2783.578,2784.671,21474,111,0
2024.10.31 04:00:00,2784.709,2786.599,2778.053,2782.084,25527,111,0
2024.10.31 08:00:00,2782.044,2783.153,2773.329,2779.437,26325,111,0
2024.10.31 12:00:00,2779.438,2781.965,2731.539,2740.6,81837,111,0
2024.10.31 16:00:00,2740.641,2749.771,2738.028,2746.431,32878,111,0
2024.10.31 20:00:00,2746.485,2748.192,2743.293,2746.715,9622,111,0
2024.11.01 00:00:00,2746.696,2751.902,2744.839,2751.794,27234,111,0
2024.11.01 04:00:00,2751.752,2757.673,2747.063,2749.651,22858,111,0
2024.11.01 08:00:00,2749.61,2755.504,2744.842,2752.897,27169,111,0
2024.11.01 12:00:00,2752.918,2762.274,2739.678,2744.744,74717,111,0
2024.11.01 16:00:00,2744.73,2746.223,2733.137,2734.145,31019,111,0
2024.11.01 20:00:00,2734.101,2736.905,2733.291,2736.714,3639,111,0
2024.11.03 20:00:00,2732.882,2740.358,2732.617,2738.376,5463,111,0
2024.11.04 00:00:00,2738.403,2742.425,2735.367,2741.013,26898,111,0
2024.11.04 04:00:00,2740.976,2744.805,2735.084,2735.861,23554,111,0
2024.11.04 08:00:00,2735.83,2745.328,2731.843,2740.636,29087,111,0
2024.11.04 12:00:00,2740.567,2748.181,2737.694,2738.543,44927,111,0
2024.11.04 16:00:00,2738.501,2739.73,2731.744,2738.322,28752,111,0
2024.11.04 20:00:00,2738.269,2738.595,2736.03,2736.03,8974,111,0
2024.11.05 00:00:00,2736.07,2736.701,2724.718,2735.312,27268,111,0
2024.11.05 04:00:00,2735.264,2741.376,2731.729,2736.556,23104,111,0
2024.11.05 08:00:00,2736.516,2745.067,2732.114,2741.624,26991,111,0
2024.11.05 12:00:00,2741.721,2749.941,2732.945,2741.981,43480,111,0
2024.11.05 16:00:00,2742.025,2744.603,2736.353,2740.537,26384,111,0
2024.11.05 20:00:00,2740.573,2746.45,2739.643,2745.726,10271,111,0
2024.11.06 00:00:00,2745.708,2749.705,2730.675,2734.106,62652,111,0
2024.11.06 04:00:00,2734.143,2743.732,2701.343,2725.894,78401,111,0
2024.11.06 08:00:00,2725.847,2733.86,2696.042,2699.176,54480,111,0
2024.11.06 12:00:00,2699.133,2708.09,2652.359,2675.739,121979,111,0
2024.11.06 16:00:00,2675.776,2678.297,2661.598,2667.115,42880,111,0
2024.11.06 20:00:00,2667.079,2667.768,2658.982,2664.072,12999,111,0
2024.11.07 00:00:00,2664.059,2664.285,2643.232,2659.2,41932,111,0
2024.11.07 04:00:00,2659.223,2667.62,2652.817,2663.333,31072,111,0
2024.11.07 08:00:00,2663.373,2668.446,2657.447,2666.171,30409,111,0
2024.11.07 12:00:00,2666.29,2700.209,2664.3,2698.722,61819,111,0
2024.11.07 16:00:00,2698.711,2700.303,2687.448,2694.29,52390,111,0
2024.11.07 20:00:00,2694.332,2710.384,2692.842,2706.89,22119,111,0
2024.11.08 00:00:00,2706.894,2710.442,2694.058,2695.137,31603,111,0
2024.11.08 04:00:00,2695.125,2696.386,2680.31,2687.386,28829,111,0
2024.11.08 08:00:00,2687.42,2695.001,2681.93,2691.936,37341,111,0
2024.11.08 12:00:00,2691.961,2704.085,2683.403,2687.576,60392,111,0
2024.11.08 16:00:00,2687.537,2689.307,2682.837,2687.081,32136,111,0
2024.11.08 20:00:00,2687.047,2688.573,2683.007,2684.782,10771,111,0
2024.11.10 20:00:00,2683.185,2685.678,2681.55,2685.629,3703,111,0
2024.11.11 00:00:00,2685.662,2686.165,2666.468,2670.293,32880,111,0
2024.11.11 04:00:00,2670.296,2674.309,2666.92,2669.585,26283,111,0
2024.11.11 08:00:00,2669.54,2675.401,2659.016,2662.671,34815,111,0
2024.11.11 12:00:00,2662.696,2663.256,2613.382,2614.589,75286,111,0
2024.11.11 16:00:00,2614.582,2620.696,2610.554,2619.29,30846,111,0
2024.11.11 20:00:00,2619.315,2626.228,2619.257,2624.062,10893,111,0
2024.11.12 00:00:00,2624.056,2627.214,2618.741,2618.948,28439,111,0
2024.11.12 04:00:00,2618.899,2619.123,2595.194,2598.333,43177,111,0
2024.11.12 08:00:00,2598.289,2606.535,2589.657,2597.869,45625,111,0
2024.11.12 12:00:00,2597.844,2617.092,2597.411,2598.461,68282,111,0
2024.11.12 16:00:00,2598.503,2604.23,2592.454,2598.19,36888,111,0
2024.11.12 20:00:00,2598.156,2601.414,2595.136,2598.976,11786,112,0
2024.11.13 00:00:00,2599.034,2613.357,2598.026,2611.603,28805,111,0
2024.11.13 04:00:00,2611.559,2612.429,2603.514,2606.232,25116,111,0
2024.11.13 08:00:00,2606.269,2611.683,2601.055,2610.807,29175,111,0
2024.11.13 12:00:00,2610.868,2618.865,2593.595,2605.365,74685,111,0
2024.11.13 16:00:00,2605.324,2605.999,2577.531,2581.028,48406,111,0
2024.11.13 20:00:00,2580.995,2581.434,2569.238,2571.013,20860,111,0
2024.11.14 00:00:00,2571.036,2574.799,2558.899,2560.732,34193,111,0
2024.11.14 04:00:00,2560.742,2565.28,2550.385,2557.038,33088,111,0
2024.11.14 08:00:00,2556.996,2559.807,2536.771,2553.603,46083,111,0
2024.11.14 12:00:00,2553.645,2572.98,2550.094,2570.227,71282,111,0
2024.11.14 16:00:00,2570.266,2577.456,2567.11,2575.994,35262,111,0
2024.11.14 20:00:00,2576.005,2576.551,2563.89,2566.923,23533,111,0
2024.11.15 00:00:00,2566.912,2571.733,2563.051,2567.78,25424,111,0
2024.11.15 04:00:00,2567.743,2569.562,2554.416,2563.758,26267,111,0
2024.11.15 08:00:00,2563.716,2573.417,2560.845,2570.801,33494,111,0
2024.11.15 12:00:00,2570.824,2576.091,2561.242,2570.757,72772,111,0
2024.11.15 16:00:00,2570.766,2573.315,2559.425,2563.874,35453,111,0
2024.11.15 20:00:00,2563.873,2563.886,2559.782,2562.993,9851,111,0
2024.11.17 20:00:00,2568.051,2575.547,2568.051,2571.476,5722,111,0
2024.11.18 00:00:00,2571.448,2597.438,2569.89,2589.888,41855,111,0
2024.11.18 04:00:00,2589.923,2593.221,2580.444,2582.862,28005,111,0
2024.11.18 08:00:00,2582.82,2597.282,2582.056,2594.42,34591,111,0
2024.11.18 12:00:00,2594.362,2613.414,2590.382,2612.96,48787,111,0
2024.11.18 16:00:00,2612.996,2615.134,2607.365,2609.873,27045,111,0
2024.11.18 20:00:00,2609.828,2613.131,2608.216,2612.728,10641,111,0
2024.11.19 00:00:00,2612.755,2625.615,2611.069,2624.459,28406,111,0
2024.11.19 04:00:00,2624.48,2626.655,2617.71,2619.081,25842,111,0
2024.11.19 08:00:00,2619.045,2636.52,2618.698,2629.663,40632,111,0
2024.11.19 12:00:00,2629.691,2639.456,2620.936,2624.467,63101,111,0
2024.11.19 16:00:00,2624.502,2633.156,2622.319,2630.701,30945,111,0
2024.11.19 20:00:00,2630.74,2635.574,2630.438,2635.185,10927,111,0
2024.11.20 00:00:00,2635.187,2641.871,2634.7,2638.001,24757,111,0
2024.11.20 04:00:00,2638.036,2638.823,2621.256,2621.615,27516,111,0
2024.11.20 08:00:00,2621.579,2628.186,2618.863,2628.109,29910,111,0
2024.11.20 12:00:00,2628.147,2648.956,2627.064,2648.834,45050,111,0
2024.11.20 16:00:00,2648.832,2655.457,2645.381,2650.896,32634,111,0
2024.11.20 20:00:00,2650.865,2652.964,2647.294,2652.177,13090,111,0
2024.11.21 00:00:00,2652.226,2660.49,2650.382,2656.925,24871,111,0
2024.11.21 04:00:00,2656.897,2664.747,2654.649,2663.123,23050,111,0
2024.11.21 08:00:00,2663.084,2673.546,2661.999,2671.472,30371,111,0
2024.11.21 12:00:00,2671.515,2671.84,2660.378,2667.66,54547,111,0
2024.11.21 16:00:00,2667.698,2673.54,2661.33,2669.742,35149,111,0
2024.11.21 20:00:00,2669.736,2671.93,2668.077,2669.183,12018,111,0
2024.11.22 00:00:00,2669.151,2690.543,2668.868,2686.177,30182,111,0
2024.11.22 04:00:00,2686.21,2699.002,2682.999,2696.481,31173,111,0
2024.11.22 08:00:00,2696.512,2710.151,2693.578,2698.891,45266,111,0
2024.11.22 12:00:00,2698.85,2705.097,2684.465,2703.723,64481,111,0
2024.11.22 16:00:00,2703.765,2711.474,2700.769,2708.245,31808,111,0
2024.11.22 20:00:00,2708.204,2715.686,2705.126,2715.597,11633,111,0
2024.11.24 20:00:00,2711.21,2721.461,2710.772,2719.78,8475,111,0
2024.11.25 00:00:00,2719.743,2720.167,2659.021,2672.26,68252,111,0
2024.11.25 04:00:00,2672.215,2676.382,2658.229,2667.798,54485,111,0
2024.11.25 08:00:00,2667.833,2688.792,2667.151,2686.8,36854,111,0
2024.11.25 12:00:00,2686.83,2687.887,2626.245,2628.428,97128,111,0
2024.11.25 16:00:00,2628.459,2639.416,2615.543,2625.828,46705,111,0
2024.11.25 20:00:00,2625.854,2628.763,2605.143,2610.48,21773,111,0
2024.11.26 00:00:00,2610.508,2632.213,2608.501,2630.4,48596,111,0
2024.11.26 04:00:00,2630.367,2631.472,2610.856,2614.06,32375,111,0
2024.11.26 08:00:00,2614.094,2633.25,2612.441,2633.226,37933,111,0
2024.11.26 12:00:00,2633.27,2642.01,2616.688,2629.536,66485,111,0
2024.11.26 16:00:00,2629.552,2631.46,2619.522,2628.049,34289,111,0
2024.11.26 20:00:00,2628.089,2634.162,2627.451,2632.278,12206,111,0
2024.11.27 00:00:00,2632.273,2640.511,2627.041,2637.746,26785,111,0
2024.11.27 04:00:00,2637.752,2648.527,2636.579,2646.564,26415,111,0
2024.11.27 08:00:00,2646.526,2653.944,2643.211,2651.139,29710,111,0
2024.11.27 12:00:00,2651.107,2658.196,2635.543,2642.685,56828,111,0
2024.11.27 16:00:00,2642.675,2644.342,2633.717,2634.779,32577,111,0
2024.11.27 20:00:00,2634.745,2639.054,2634.249,2637.192,10253,111,0
2024.11.28 00:00:00,2637.147,2638.456,2620.868,2630.299,36069,111,0
2024.11.28 04:00:00,2630.31,2639.638,2629.349,2637.299,22460,111,0
2024.11.28 08:00:00,2637.346,2649.698,2635.692,2646.908,23679,111,0
2024.11.28 12:00:00,2646.905,2647.975,2636.239,2638.128,28594,111,0
2024.11.28 16:00:00,2638.094,2642.482,2637.543,2640.627,9110,111,0
2024.11.28 20:00:00,2638.704,2639.292,2637.168,2638.789,2375,111,0
2024.11.29 00:00:00,2638.754,2662.826,2633.993,2660.071,34700,111,0
2024.11.29 04:00:00,2660.044,2666.407,2658.347,2660.546,26047,111,0
2024.11.29 08:00:00,2660.581,2665.941,2654.495,2659.634,27757,111,0
2024.11.29 12:00:00,2659.677,2664.993,2650.561,2658.97,45899,111,0
2024.11.29 16:00:00,2659.026,2662.306,2655.186,2655.186,20140,111,0
2024.12.01 20:00:00,2649.06,2650.348,2643.081,2645.814,5628,111,0
2024.12.02 00:00:00,2645.85,2647.712,2622.921,2629.296,52711,111,0
2024.12.02 04:00:00,2629.259,2633.688,2621.842,2629.922,32639,111,0
2024.12.02 08:00:00,2629.883,2646.394,2626.538,2641.909,38286,111,0
2024.12.02 12:00:00,2641.861,2651.81,2637.072,2642.342,56343,111,0
2024.12.02 16:00:00,2642.383,2644.396,2633.57,2637.635,32900,111,0
2024.12.02 20:00:00,2637.601,2644.248,2635.312,2642.235,13793,111,0
2024.12.03 00:00:00,2642.241,2645.349,2634.057,2640.451,29925,111,0
2024.12.03 04:00:00,2640.465,2650.076,2637.104,2644.646,27180,111,0
2024.12.03 08:00:00,2644.621,2648.143,2639.193,2643.687,31318,111,0
2024.12.03 12:00:00,2643.695,2655.684,2635.218,2640.468,52906,111,0
2024.12.03 16:00:00,2640.432,2649.188,2638.861,2641.022,31776,111,0
2024.12.03 20:00:00,2640.968,2644.25,2640.65,2642.749,10230,111,0
2024.12.04 00:00:00,2642.757,2648.117,2637.642,2644.525,26558,111,0
2024.12.04 04:00:00,2644.504,2651.427,2640.358,2641.436,24349,111,0
2024.12.04 08:00:00,2641.345,2647.759,2636.614,2646.192,29553,111,0
2024.12.04 12:00:00,2646.227,2657.171,2632.354,2655.063,62440,111,0
2024.12.04 16:00:00,2655.119,2655.581,2646.817,2651.726,34351,111,0
2024.12.04 20:00:00,2651.677,2651.986,2648.09,2650.421,11152,111,0
2024.12.05 00:00:00,2650.428,2650.741,2644.624,2648.89,22611,111,0
2024.12.05 04:00:00,2648.853,2655.542,2645.349,2648.599,25361,111,0
2024.12.05 08:00:00,2648.646,2652.738,2641.845,2651.331,25251,111,0
2024.12.05 12:00:00,2651.375,2654.541,2631.821,2640.294,52135,111,0
2024.12.05 16:00:00,2640.259,2643.419,2623.468,2629.824,37759,111,0
2024.12.05 20:00:00,2629.798,2633.856,2628.001,2633.737,10575,111,0
2024.12.06 00:00:00,2633.745,2642.574,2612.955,2640.901,39651,111,0
2024.12.06 04:00:00,2640.899,2644.601,2635.329,2639.706,26992,111,0
2024.12.06 08:00:00,2639.679,2645.757,2632.368,2638.513,26443,111,0
2024.12.06 12:00:00,2638.436,2643.56,2624.035,2637.554,79099,111,0
2024.12.06 16:00:00,2637.587,2641.678,2632.985,2634.615,27778,111,0
2024.12.06 20:00:00,2634.732,2636.215,2630.943,2632.986,5067,327,0
2024.12.09 00:00:00,2647.852,2648.39,2638.28,2638.913,12424,111,0
2024.12.09 04:00:00,2638.866,2651.269,2634.577,2650.514,29886,111,0
2024.12.09 08:00:00,2650.547,2660.404,2646.118,2656.208,30097,111,0
2024.12.09 12:00:00,2656.261,2676.478,2653.307,2668.245,53356,111,0
2024.12.09 16:00:00,2668.227,2670.593,2658.883,2660.19,30209,111,0
2024.12.09 20:00:00,2660.225,2661.701,2656.673,2660.473,11471,111,0
2024.12.10 00:00:00,2660.51,2671.806,2657.982,2669.942,31918,111,0
2024.12.10 04:00:00,2669.966,2673.933,2663.671,2664.697,25205,111,0
2024.12.10 08:00:00,2664.631,2676.863,2661.185,2674.52,33645,111,0
2024.12.10 12:00:00,2674.563,2691.801,2672.332,2687.47,51086,111,0
2024.12.10 16:00:00,2687.47,2695.546,2684.577,2692.035,27869,111,0
2024.12.10 20:00:00,2692.0,2698.402,2690.901,2696.015,11198,111,0
2024.12.11 00:00:00,2695.954,2704.372,2692.352,2695.738,49471,111,0
2024.12.11 04:00:00,2695.643,2698.266,2675.526,2690.668,83602,111,0
2024.12.11 08:00:00,2690.459,2699.786,2686.345,2696.464,17752,101,0
2024.12.11 12:00:00,2696.585,2715.964,2690.667,2713.126,14565,117,0
2024.12.11 16:00:00,2713.238,2721.08,2711.212,2717.99,13288,117,0
2024.12.11 20:00:00,2718.171,2720.457,2716.077,2719.946,6704,112,0
2024.12.12 00:00:00,2720.009,2726.23,2700.287,2710.513,12020,111,0
2024.12.12 04:00:00,2710.532,2720.396,2709.713,2716.071,11357,111,0
2024.12.12 08:00:00,2716.233,2719.452,2707.334,2710.958,13525,111,0
2024.12.12 12:00:00,2711.021,2712.416,2675.102,2679.809,16909,111,0
2024.12.12 16:00:00,2679.621,2687.063,2677.272,2683.157,13118,111,0
2024.12.12 20:00:00,2683.211,2683.602,2679.483,2680.647,6830,111,0
2024.12.13 00:00:00,2680.641,2692.802,2678.895,2688.138,12466,111,0
2024.12.13 04:00:00,2687.991,2690.551,2681.135,2683.226,11930,111,0
2024.12.13 08:00:00,2683.018,2684.806,2664.414,2665.017,13283,111,0
2024.12.13 12:00:00,2664.824,2672.889,2654.608,2659.912,15018,111,0
2024.12.13 16:00:00,2659.839,2664.59,2652.164,2652.996,12329,111,0
2024.12.13 20:00:00,2653.196,2653.546,2646.07,2648.416,5299,111,0
2024.12.15 20:00:00,2649.438,2653.151,2648.828,2651.503,1932,111,0
2024.12.16 00:00:00,2651.508,2655.631,2643.517,2653.895,11531,111,0
2024.12.16 04:00:00,2653.898,2655.892,2649.569,2653.714,10615,111,0
2024.12.16 08:00:00,2653.56,2664.192,2652.334,2663.566,24266,56,0
2024.12.16 12:00:00,2663.603,2664.471,2650.857,2654.496,40335,111,0
2024.12.16 16:00:00,2654.462,2655.812,2648.531,2653.323,22784,111,0
2024.12.16 20:00:00,2653.282,2653.655,2651.484,2651.768,8909,111,0
2024.12.17 00:00:00,2651.786,2658.635,2651.153,2653.64,21632,111,0
2024.12.17 04:00:00,2653.602,2657.117,2646.441,2653.777,23159,111,0
2024.12.17 08:00:00,2653.751,2653.76,2636.231,2642.211,34938,111,0
2024.12.17 12:00:00,2642.232,2646.988,2633.015,2640.173,48271,111,0
2024.12.17 16:00:00,2640.265,2649.103,2636.689,2645.409,24363,111,0
2024.12.17 20:00:00,2645.451,2647.705,2643.107,2647.402,9053,112,0
2024.12.18 00:00:00,2647.389,2651.731,2645.228,2645.693,20950,111,0
2024.12.18 04:00:00,2645.656,2649.575,2642.69,2644.634,19919,111,0
2024.12.18 08:00:00,2644.609,2649.758,2642.098,2646.12,21468,111,0
2024.12.18 12:00:00,2646.13,2647.747,2633.725,2638.169,33607,111,0
2024.12.18 16:00:00,2638.133,2640.015,2604.058,2604.605,48238,111,0
2024.12.18 20:00:00,2604.637,2609.337,2583.333,2588.249,40707,111,0
2024.12.19 00:00:00,2588.28,2618.126,2587.981,2610.503,41672,111,0
2024.12.19 04:00:00,2610.529,2622.66,2603.324,2616.578,28781,111,0
2024.12.19 08:00:00,2616.531,2626.481,2613.237,2616.834,31622,111,0
2024.12.19 12:00:00,2616.795,2616.795,2586.975,2588.47,60199,111,0
2024.12.19 16:00:00,2588.426,2601.018,2587.158,2596.814,34267,111,0
2024.12.19 20:00:00,2596.856,2600.367,2592.331,2593.543,12277,111,0
2024.12.20 00:00:00,2593.52,2604.056,2589.617,2598.495,29055,111,0
2024.12.20 04:00:00,2598.491,2607.54,2596.445,2606.277,21692,111,0
2024.12.20 08:00:00,2606.309,2607.719,2600.065,2603.718,26126,111,0
2024.12.20 12:00:00,2603.692,2631.238,2600.364,2630.338,52604,111,0
2024.12.20 16:00:00,2630.375,2631.899,2622.166,2627.905,38402,111,0
2024.12.20 20:00:00,2627.869,2628.143,2619.226,2622.865,10930,44,0
2024.12.22 20:00:00,2623.353,2624.944,2621.764,2624.317,1854,111,0
2024.12.23 00:00:00,2624.422,2627.47,2617.522,2624.13,11182,111,0
2024.12.23 04:00:00,2623.978,2633.264,2623.887,2630.254,10457,44,0
2024.12.23 08:00:00,2630.208,2632.175,2612.983,2616.284,26273,111,0
2024.12.23 12:00:00,2616.316,2619.922,2609.273,2609.786,36741,111,0
2024.12.23 16:00:00,2609.822,2616.626,2608.102,2611.108,29915,111,0
2024.12.23 20:00:00,2611.153,2617.106,2609.171,2615.516,9401,111,0
2024.12.24 00:00:00,2615.57,2619.952,2613.541,2618.721,18446,111,0
2024.12.24 04:00:00,2618.753,2621.496,2616.446,2618.483,17709,111,0
2024.12.24 08:00:00,2618.527,2619.844,2612.417,2615.176,18392,111,0
2024.12.24 12:00:00,2615.223,2617.265,2610.043,2611.694,28488,111,0
2024.12.24 16:00:00,2611.725,2619.359,2611.516,2616.737,17957,111,0
2024.12.25 20:00:00,2615.645,2620.139,2615.395,2618.68,2411,112,0
2024.12.26 00:00:00,2618.671,2629.137,2618.639,2626.926,18374,111,0
2024.12.26 04:00:00,2626.913,2629.737,2623.623,2625.437,15760,111,0
2024.12.26 08:00:00,2625.422,2630.043,2625.156,2627.906,16241,111,0
2024.12.26 12:00:00,2627.879,2639.175,2621.73,2636.503,31125,111,0
2024.12.26 16:00:00,2636.551,2636.862,2627.909,2634.976,24444,111,0
2024.12.26 20:00:00,2634.898,2636.186,2624.696,2632.708,12231,111,0
2024.12.27 00:00:00,2632.713,2635.536,2628.91,2633.739,19921,111,0
2024.12.27 04:00:00,2633.768,2638.338,2631.274,2633.662,18846,111,0
2024.12.27 08:00:00,2633.623,2633.623,2623.476,2628.666,21159,111,0
2024.12.27 12:00:00,2628.662,2631.574,2611.632,2618.158,40820,111,0
2024.12.27 16:00:00,2618.198,2621.418,2614.141,2620.709,25182,111,0
2024.12.27 20:00:00,2620.743,2622.004,2612.736,2621.647,9787,111,0
2024.12.29 20:00:00,2622.001,2626.18,2621.656,2624.059,4007,111,0
2024.12.30 00:00:00,2624.104,2628.199,2621.51,2626.603,20550,111,0
2024.12.30 04:00:00,2626.591,2626.591,2615.837,2616.808,19130,111,0
2024.12.30 08:00:00,2616.771,2618.688,2609.116,2616.356,23511,111,0
2024.12.30 12:00:00,2616.356,2622.659,2599.586,2601.623,41122,111,0
2024.12.30 16:00:00,2601.637,2608.414,2596.066,2607.184,27687,111,0
2024.12.30 20:00:00,2607.193,2609.542,2603.887,2606.701,9453,111,0
2024.12.31 00:00:00,2606.741,2611.632,2603.532,2604.637,16558,111,0
2024.12.31 04:00:00,2604.636,2614.104,2602.615,2613.718,17720,111,0
2024.12.31 08:00:00,2613.759,2617.82,2609.738,2611.075,20698,111,0
2024.12.31 12:00:00,2611.04,2626.662,2605.324,2625.656,35185,111,0
2024.12.31 16:00:00,2625.632,2627.579,2622.253,2623.864,26097,111,0
2024.12.31 20:00:00,2623.82,2625.048,2622.214,2624.405,6136,111,0
2025.01.01 20:00:00,2625.203,2625.863,2621.665,2623.79,3110,111,0
2025.01.02 00:00:00,2623.822,2636.564,2622.744,2633.668,25884,111,0
2025.01.02 04:00:00,2633.657,2636.521,2631.074,2635.939,17586,111,0
2025.01.02 08:00:00,2635.977,2646.403,2631.147,2641.998,27583,111,0
2025.01.02 12:00:00,2642.032,2655.867,2636.029,2654.154,46760,111,0
2025.01.02 16:00:00,2654.086,2660.481,2650.058,2654.764,32352,111,0
2025.01.02 20:00:00,2654.799,2660.487,2654.175,2658.352,11210,111,0
2025.01.03 00:00:00,2658.395,2665.238,2656.133,2662.312,22414,111,0
2025.01.03 04:00:00,2662.279,2664.433,2651.948,2654.188,19292,111,0
2025.01.03 08:00:00,2654.146,2659.282,2649.914,2658.385,20832,111,0
2025.01.03 12:00:00,2657.027,2657.485,2640.976,2643.866,37935,111,0
2025.01.03 16:00:00,2643.836,2647.288,2638.978,2639.448,25258,111,0
2025.01.03 20:00:00,2639.418,2640.764,2636.668,2640.394,7947,111,0
2025.01.05 20:00:00,2639.668,2642.418,2639.668,2641.087,3245,112,0
2025.01.06 00:00:00,2641.122,2647.45,2638.628,2640.214,23633,111,0
2025.01.06 04:00:00,2640.227,2640.848,2625.082,2626.926,25094,111,0
2025.01.06 08:00:00,2626.913,2649.513,2625.779,2645.624,32089,111,0
2025.01.06 12:00:00,2645.588,2648.872,2614.45,2634.416,76204,111,0
2025.01.06 16:00:00,2634.445,2641.405,2632.537,2634.397,28713,111,0
2025.01.06 20:00:00,2634.434,2637.091,2633.156,2634.705,9201,111,0
2025.01.07 00:00:00,2634.658,2641.17,2632.942,2639.587,19362,111,0
2025.01.07 04:00:00,2639.584,2646.781,2637.044,2640.511,20130,111,0
2025.01.07 08:00:00,2640.468,2648.713,2640.074,2648.372,20907,111,0
2025.01.07 12:00:00,2648.417,2664.288,2641.909,2647.724,58145,111,0
2025.01.07 16:00:00,2647.655,2656.064,2646.407,2649.272,41388,111,0
2025.01.07 20:00:00,2649.322,2651.468,2647.219,2649.831,11122,111,0
2025.01.08 00:00:00,2649.841,2651.539,2645.593,2646.773,19016,111,0
2025.01.08 04:00:00,2646.752,2654.476,2645.253,2652.643,17549,111,0
2025.01.08 08:00:00,2652.675,2655.182,2647.619,2650.949,23424,111,0
2025.01.08 12:00:00,2650.863,2667.859,2645.831,2665.842,50275,111,0
2025.01.08 16:00:00,2665.864,2670.077,2649.412,2658.352,38730,111,0
2025.01.08 20:00:00,2658.386,2664.099,2658.3,2662.531,13649,111,0
2025.01.09 00:00:00,2662.55,2662.874,2656.294,2659.393,17684,111,0
2025.01.09 04:00:00,2659.359,2666.997,2655.495,2662.474,18717,111,0
2025.01.09 08:00:00,2662.442,2673.323,2660.459,2670.273,27485,111,0
2025.01.09 12:00:00,2670.23,2678.375,2667.22,2668.35,36001,111,0
2025.01.09 16:00:00,2668.344,2672.534,2662.715,2670.214,27906,111,0
2025.01.09 20:00:00,2670.178,2671.356,2668.516,2669.974,8310,111,0
2025.01.10 00:00:00,2670.002,2674.795,2668.997,2673.682,18568,111,0
2025.01.10 04:00:00,2673.655,2678.767,2671.58,2676.17,19646,111,0
2025.01.10 08:00:00,2676.205,2683.112,2675.737,2681.426,31101,111,0
2025.01.10 12:00:00,2681.387,2698.05,2664.015,2692.707,120055,111,0
2025.01.10 16:00:00,2692.616,2697.939,2684.61,2685.879,67854,111,0
2025.01.10 20:00:00,2685.914,2693.797,2684.524,2689.589,16902,111,0
2025.01.12 20:00:00,2689.793,2691.388,2687.598,2691.129,5113,111,0
2025.01.13 00:00:00,2691.152,2693.392,2679.318,2687.962,37536,111,0
2025.01.13 04:00:00,2688.003,2691.347,2683.297,2685.126,36392,111,0
2025.01.13 08:00:00,2685.098,2689.794,2675.473,2675.976,48748,111,0
2025.01.13 12:00:00,2675.935,2677.188,2661.069,2661.891,89117,111,0
2025.01.13 16:00:00,2661.816,2668.017,2656.792,2658.919,39478,111,0
2025.01.13 20:00:00,2658.983,2669.415,2658.758,2668.002,12772,111,0
2025.01.14 00:00:00,2668.037,2672.288,2666.421,2669.842,29921,111,0
2025.01.14 04:00:00,2669.796,2675.394,2667.169,2669.178,27822,111,0
2025.01.14 08:00:00,2669.22,2674.497,2664.443,2669.355,32501,111,0
2025.01.14 12:00:00,2669.311,2674.443,2659.826,2671.803,63835,111,0
2025.01.14 16:00:00,2671.85,2676.332,2666.727,2674.269,34461,111,0
2025.01.14 20:00:00,2674.233,2678.318,2671.861,2675.613,13356,111,0
2025.01.15 00:00:00,2675.604,2676.345,2669.408,2676.115,18828,111,0
2025.01.15 04:00:00,2676.076,2684.057,2674.17,2681.419,22719,111,0
2025.01.15 08:00:00,2681.453,2689.114,2681.187,2686.803,33042,111,0
2025.01.15 12:00:00,2686.772,2696.08,2676.668,2678.536,89263,111,0
2025.01.15 16:00:00,2678.579,2695.151,2676.949,2694.205,42489,111,0
2025.01.15 20:00:00,2694.166,2698.03,2693.263,2694.98,13130,111,0
2025.01.16 00:00:00,2695.008,2702.201,2692.881,2697.22,35195,111,0
2025.01.16 04:00:00,2697.168,2699.948,2689.931,2698.295,26764,111,0
2025.01.16 08:00:00,2698.337,2711.199,2697.148,2706.436,36115,111,0
2025.01.16 12:00:00,2706.44,2719.742,2700.104,2716.898,86729,111,0
2025.01.16 16:00:00,2716.954,2724.764,2714.68,2715.37,47655,111,0
2025.01.16 20:00:00,2715.392,2717.079,2712.425,2714.609,12974,111,0
2025.01.17 00:00:00,2714.642,2717.37,2709.858,2715.446,25918,111,0
2025.01.17 04:00:00,2715.5,2716.539,2708.609,2710.54,27898,111,0
2025.01.17 08:00:00,2710.601,2713.007,2702.791,2708.026,31208,111,0
2025.01.17 12:00:00,2708.079,2715.165,2702.755,2714.267,50804,111,0
2025.01.17 16:00:00,2714.28,2717.278,2702.904,2703.199,22153,111,0
2025.01.17 20:00:00,2703.213,2704.112,2699.266,2702.903,7307,111,0
2025.01.19 20:00:00,2702.653,2703.11,2691.571,2696.448,4792,112,0
2025.01.20 00:00:00,2696.448,2704.012,2689.421,2703.578,21446,111,0
2025.01.20 04:00:00,2703.583,2713.794,2702.303,2703.616,18141,111,0
2025.01.20 08:00:00,2703.595,2712.516,2703.017,2708.355,19718,111,0
2025.01.20 12:00:00,2708.313,2712.009,2701.981,2707.089,55185,111,0
2025.01.20 16:00:00,2707.087,2711.185,2703.206,2709.107,25795,111,0
2025.01.20 20:00:00,2708.395,2711.047,2706.627,2710.469,2924,111,0
2025.01.21 00:00:00,2710.457,2726.97,2702.841,2724.22,33837,111,0
2025.01.21 04:00:00,2724.245,2732.797,2722.719,2729.753,24340,111,0
2025.01.21 08:00:00,2729.725,2730.11,2716.532,2724.022,34501,111,0
2025.01.21 12:00:00,2724.013,2740.408,2722.046,2738.8,40848,111,0
2025.01.21 16:00:00,2738.816,2745.987,2737.863,2742.861,23475,111,0
2025.01.21 20:00:00,2742.843,2745.887,2740.106,2744.283,12520,111,0
2025.01.22 00:00:00,2744.333,2751.112,2742.737,2750.29,32946,111,0
2025.01.22 04:00:00,2750.262,2758.855,2745.593,2748.805,36527,111,0
2025.01.22 08:00:00,2748.842,2763.454,2746.794,2756.558,38385,111,0
2025.01.22 12:00:00,2756.596,2761.63,2750.353,2759.375,69131,111,0
2025.01.22 16:00:00,2759.413,2760.286,2754.933,2755.333,32324,111,0
2025.01.22 20:00:00,2755.293,2757.157,2753.904,2755.607,11985,111,0
2025.01.23 00:00:00,2755.586,2756.324,2749.498,2750.067,30344,111,0
2025.01.23 04:00:00,2750.019,2755.599,2749.814,2752.707,31170,111,0
2025.01.23 08:00:00,2752.759,2754.813,2740.895,2751.922,38847,111,0
2025.01.23 12:00:00,2751.897,2753.41,2735.794,2746.448,76160,111,0
2025.01.23 16:00:00,2746.407,2758.949,2744.199,2754.154,43285,111,0
2025.01.23 20:00:00,2754.118,2755.66,2751.33,2754.567,15483,111,0
2025.01.24 00:00:00,2754.57,2777.441,2754.353,2772.332,43100,111,0
2025.01.24 04:00:00,2772.304,2778.387,2770.551,2772.74,39171,111,0
2025.01.24 08:00:00,2772.777,2780.216,2769.978,2776.641,35666,111,0
2025.01.24 12:00:00,2776.695,2786.037,2773.747,2775.997,58251,111,0
2025.01.24 16:00:00,2775.942,2777.618,2769.918,2774.652,36615,111,0
2025.01.24 20:00:00,2774.656,2774.822,2770.484,2771.103,9551,111,0
2025.01.26 20:00:00,2765.674,2769.745,2765.209,2767.577,8222,111,0
2025.01.27 00:00:00,2767.578,2772.564,2753.895,2761.09,45614,111,0
2025.01.27 04:00:00,2761.099,2761.099,2747.213,2749.478,39693,111,0
2025.01.27 08:00:00,2749.504,2772.132,2749.315,2771.271,57215,111,0
2025.01.27 12:00:00,2771.324,2771.658,2739.523,2742.108,70893,111,0
2025.01.27 16:00:00,2742.076,2743.166,2730.502,2739.352,49972,111,0
2025.01.27 20:00:00,2739.377,2745.349,2738.171,2741.734,16505,111,0
2025.01.28 00:00:00,2741.767,2745.292,2737.839,2738.836,29967,111,0
2025.01.28 04:00:00,2738.806,2744.955,2738.354,2739.1,30165,111,0
2025.01.28 08:00:00,2739.135,2745.196,2734.806,2742.817,39134,111,0
2025.01.28 12:00:00,2742.733,2757.228,2741.215,2755.354,53986,111,0
2025.01.28 16:00:00,2755.349,2765.021,2755.246,2764.852,39692,111,0
2025.01.28 20:00:00,2764.812,2765.076,2762.411,2762.723,12409,111,0
2025.01.29 00:00:00,2762.722,2766.295,2762.258,2762.798,22914,111,0
2025.01.29 04:00:00,2762.79,2764.38,2757.438,2759.098,28899,111,0
2025.01.29 08:00:00,2759.142,2766.107,2757.032,2759.018,34815,111,0
2025.01.29 12:00:00,2758.98,2761.153,2748.224,2754.134,62169,111,0
2025.01.29 16:00:00,2754.174,2757.927,2744.783,2755.242,55405,111,0
2025.01.29 20:00:00,2755.204,2760.709,2752.769,2760.33,22839,111,0
2025.01.30 00:00:00,2760.267,2762.601,2758.929,2761.759,22122,111,0
2025.01.30 04:00:00,2761.723,2769.552,2758.707,2769.156,23858,111,0
2025.01.30 08:00:00,2769.157,2779.456,2768.346,2777.723,28270,111,0
2025.01.30 12:00:00,2777.71,2796.802,2776.085,2795.435,70580,111,0
2025.01.30 16:00:00,2795.412,2798.493,2788.821,2793.387,59847,111,0
2025.01.30 20:00:00,2793.367,2798.5,2790.773,2796.17,30226,111,0
2025.01.31 00:00:00,2796.207,2799.669,2794.456,2796.477,29126,111,0
2025.01.31 04:00:00,2796.436,2801.096,2792.191,2798.256,32312,111,0
2025.01.31 08:00:00,2798.229,2800.891,2791.024,2800.219,40833,111,0
2025.01.31 12:00:00,2800.189,2817.268,2799.974,2809.248,70327,111,0
2025.01.31 16:00:00,2809.153,2816.274,2795.309,2796.284,92491,111,0
2025.01.31 20:00:00,2796.327,2802.589,2794.067,2799.372,29754,111,0
2025.02.02 20:00:00,2801.042,2804.677,2784.358,2793.733,37028,111,0
2025.02.03 00:00:00,2793.75,2796.53,2772.178,2774.478,89435,111,0
2025.02.03 04:00:00,2774.481,2789.925,2774.216,2789.304,58508,111,0
2025.02.03 08:00:00,2789.344,2804.26,2786.989,2801.173,54422,111,0
2025.02.03 12:00:00,2801.228,2830.59,2800.454,2817.484,103984,111,0
2025.02.03 16:00:00,2817.451,2825.321,2812.788,2818.296,62456,111,0
2025.02.03 20:00:00,2818.27,2819.528,2811.916,2814.051,23892,111,0
2025.02.04 00:00:00,2814.013,2824.732,2812.633,2821.423,39625,111,0
2025.02.04 04:00:00,2821.413,2821.5,2807.192,2812.735,57896,111,0
2025.02.04 08:00:00,2812.78,2821.923,2810.128,2815.472,55617,111,0
2025.02.04 12:00:00,2815.477,2845.532,2814.459,2835.883,93755,111,0
2025.02.04 16:00:00,2835.828,2844.997,2832.479,2843.077,49456,111,0
2025.02.04 20:00:00,2843.112,2844.945,2840.406,2841.234,15894,111,0
2025.02.05 00:00:00,2841.246,2854.338,2839.715,2852.362,51834,111,0
2025.02.05 04:00:00,2852.37,2864.234,2851.845,2864.194,34077,111,0
2025.02.05 08:00:00,2864.153,2877.089,2863.55,2868.686,41020,111,0
2025.02.05 12:00:00,2868.641,2882.453,2858.618,2880.251,78667,111,0
2025.02.05 16:00:00,2880.291,2881.236,2862.689,2863.529,63035,111,0
2025.02.05 20:00:00,2863.558,2871.013,2859.902,2869.307,21875,111,0
2025.02.06 00:00:00,2869.3,2873.298,2863.722,2869.433,41684,111,0
2025.02.06 04:00:00,2869.386,2872.394,2855.004,2855.822,42886,111,0
2025.02.06 08:00:00,2855.783,2867.375,2848.908,2865.986,54450,111,0
2025.02.06 12:00:00,2866.026,2870.34,2834.079,2850.623,92756,111,0
2025.02.06 16:00:00,2850.583,2854.771,2848.092,2853.766,43655,111,0
2025.02.06 20:00:00,2853.811,2858.797,2853.595,2858.02,14601,111,0
2025.02.07 00:00:00,2858.014,2870.673,2857.746,2867.205,31186,111,0
2025.02.07 04:00:00,2867.135,2869.643,2859.02,2864.242,32250,111,0
2025.02.07 08:00:00,2864.296,2870.72,2863.245,2867.648,38711,111,0
2025.02.07 12:00:00,2867.689,2886.775,2852.385,2880.535,93323,111,0
2025.02.07 16:00:00,2880.571,2881.573,2853.341,2860.174,64165,111,0
2025.02.07 20:00:00,2860.147,2863.802,2859.399,2860.993,13897,111,0
2025.02.09 20:00:00,2861.4,2870.614,2860.123,2867.519,7947,111,0
2025.02.10 00:00:00,2867.563,2876.626,2865.846,2875.593,38176,111,0
2025.02.10 04:00:00,2875.545,2896.624,2874.314,2895.495,37911,111,0
2025.02.10 08:00:00,2895.499,2906.321,2892.237,2904.554,47978,111,0
2025.02.10 12:00:00,2904.552,2912.086,2896.284,2908.954,76323,111,0
2025.02.10 16:00:00,2909.001,2910.342,2896.656,2904.365,38487,111,0
2025.02.10 20:00:00,2904.383,2921.627,2902.904,2917.871,20823,111,0
2025.02.11 00:00:00,2917.918,2942.648,2905.421,2919.74,82396,111,0
2025.02.11 04:00:00,2919.775,2929.456,2907.148,2913.375,54722,111,0
2025.02.11 08:00:00,2913.344,2915.327,2901.888,2904.005,61793,111,0
2025.02.11 12:00:00,2904.04,2906.603,2881.754,2904.818,104070,111,0
2025.02.11 16:00:00,2904.858,2908.733,2899.575,2900.109,41981,111,0
2025.02.11 20:00:00,2900.149,2900.93,2894.06,2898.586,16718,111,0
2025.02.12 00:00:00,2898.638,2898.884,2883.784,2889.025,46688,111,0
2025.02.12 04:00:00,2889.022,2895.886,2883.692,2892.837,38233,111,0
2025.02.12 08:00:00,2892.875,2894.102,2879.341,2879.826,37681,111,0
2025.02.12 12:00:00,2879.835,2898.038,2864.126,2894.577,90501,111,0
2025.02.12 16:00:00,2894.537,2909.291,2892.053,2897.929,42559,111,0
2025.02.12 20:00:00,2897.96,2906.427,2895.541,2905.805,14250,111,0
2025.02.13 00:00:00,2905.78,2918.152,2901.461,2916.498,33927,111,0
2025.02.13 04:00:00,2916.532,2922.825,2912.483,2914.593,35141,111,0
2025.02.13 08:00:00,2914.631,2919.499,2909.488,2917.897,39498,111,0
2025.02.13 12:00:00,2917.933,2921.393,2905.786,2920.252,67614,111,0
2025.02.13 16:00:00,2920.246,2927.426,2912.911,2926.836,36615,111,0
2025.02.13 20:00:00,2926.849,2932.508,2924.876,2931.241,15424,111,0
2025.02.14 00:00:00,2931.216,2933.903,2923.188,2924.354,33594,111,0
2025.02.14 04:00:00,2924.333,2936.864,2923.794,2931.877,36408,111,0
2025.02.14 08:00:00,2931.834,2940.024,2929.27,2931.205,38941,111,0
2025.02.14 12:00:00,2931.16,2933.345,2892.894,2901.963,105549,111,0
2025.02.14 16:00:00,2901.851,2903.939,2878.715,2880.523,61648,111,0
2025.02.14 20:00:00,2880.492,2886.233,2877.015,2882.833,14438,111,0
2025.02.16 20:00:00,2893.667,2894.057,2878.454,2879.245,15880,111,0
2025.02.17 00:00:00,2879.278,2904.631,2879.278,2903.533,37348,111,0
2025.02.17 04:00:00,2903.493,2905.431,2888.235,2902.503,34149,111,0
2025.02.17 08:00:00,2902.556,2906.502,2895.068,2901.057,38949,111,0
2025.02.17 12:00:00,2901.031,2904.228,2895.422,2899.214,43431,111,0
2025.02.17 16:00:00,2899.292,2901.338,2896.538,2897.416,18061,111,0
2025.02.17 20:00:00,2899.126,2899.506,2897.13,2899.397,2059,111,0
2025.02.18 00:00:00,2899.349,2910.914,2892.027,2909.038,25921,111,0
2025.02.18 04:00:00,2909.02,2915.653,2907.197,2911.525,25655,111,0
2025.02.18 08:00:00,2911.564,2914.946,2907.041,2914.215,25770,111,0
2025.02.18 12:00:00,2914.248,2929.633,2912.078,2927.044,46530,111,0
2025.02.18 16:00:00,2927.01,2937.018,2924.21,2935.845,32529,111,0
2025.02.18 20:00:00,2935.856,2936.812,2932.417,2934.085,10954,111,0
2025.02.19 00:00:00,2934.083,2939.677,2924.082,2928.849,28263,111,0
2025.02.19 04:00:00,2928.852,2935.911,2926.511,2934.274,24527,111,0
2025.02.19 08:00:00,2934.234,2947.073,2933.742,2935.111,32046,111,0
2025.02.19 12:00:00,2935.083,2941.681,2925.45,2925.817,55402,111,0
2025.02.19 16:00:00,2925.791,2932.389,2918.548,2931.778,42386,111,0
2025.02.19 20:00:00,2931.739,2937.485,2931.338,2935.408,13192,111,0
2025.02.20 00:00:00,2935.41,2944.049,2933.876,2941.937,28770,111,0
2025.02.20 04:00:00,2941.957,2954.24,2939.291,2948.918,22960,111,0
2025.02.20 08:00:00,2948.962,2954.999,2947.172,2948.792,27421,111,0
2025.02.20 12:00:00,2948.767,2950.812,2924.104,2938.569,65723,111,0
2025.02.20 16:00:00,2938.527,2947.02,2933.552,2937.912,35606,111,0
2025.02.20 20:00:00,2938.058,2943.457,2935.55,2941.554,13845,111,0
2025.02.21 00:00:00,2941.594,2949.81,2926.31,2931.286,43601,111,0
2025.02.21 04:00:00,2931.286,2934.063,2924.21,2930.056,30561,111,0
2025.02.21 08:00:00,2930.017,2936.148,2916.706,2928.4,30313,111,0
2025.02.21 12:00:00,2928.435,2939.115,2921.612,2928.694,52088,111,0
2025.02.21 16:00:00,2928.718,2942.828,2927.327,2933.422,32879,111,0
2025.02.21 20:00:00,2933.398,2938.251,2932.129,2936.477,11594,111,0
2025.02.23 20:00:00,2939.435,2940.571,2936.522,2936.891,6067,111,0
2025.02.24 00:00:00,2936.887,2944.836,2921.356,2941.137,51158,111,0
2025.02.24 04:00:00,2941.157,2945.009,2935.269,2943.833,29656,111,0
2025.02.24 08:00:00,2943.874,2948.761,2934.96,2947.778,29209,111,0
2025.02.24 12:00:00,2947.733,2956.205,2930.658,2936.548,55912,111,0
2025.02.24 16:00:00,2936.524,2949.934,2936.474,2949.178,30343,111,0
2025.02.24 20:00:00,2949.238,2953.967,2947.062,2949.981,13701,111,0
2025.02.25 00:00:00,2950.017,2952.576,2937.559,2939.537,29821,111,0
2025.02.25 04:00:00,2939.516,2940.988,2930.542,2931.76,28633,111,0
2025.02.25 08:00:00,2931.786,2942.48,2929.577,2938.65,28486,111,0
2025.02.25 12:00:00,2938.706,2944.973,2900.522,2905.916,85017,111,0
2025.02.25 16:00:00,2905.941,2913.93,2888.258,2912.075,56298,111,0
2025.02.25 20:00:00,2912.098,2919.075,2910.841,2918.628,16574,111,0
2025.02.26 00:00:00,2918.655,2930.165,2914.84,2917.263,31139,111,0
2025.02.26 04:00:00,2917.161,2921.038,2905.881,2915.528,27074,111,0
2025.02.26 08:00:00,2915.487,2918.99,2909.542,2913.839,27317,111,0
2025.02.26 12:00:00,2913.868,2915.495,2890.693,2913.223,61156,111,0
2025.02.26 16:00:00,2913.263,2916.713,2909.929,2913.958,33489,111,0
2025.02.26 20:00:00,2913.945,2920.818,2912.02,2919.142,12488,111,0
2025.02.27 00:00:00,2919.199,2919.199,2904.376,2905.832,29297,111,0
2025.02.27 04:00:00,2905.862,2906.579,2887.948,2892.012,43114,111,0
2025.02.27 08:00:00,2891.968,2894.99,2876.974,2883.966,43577,111,0
2025.02.27 12:00:00,2884.078,2892.476,2867.764,2872.416,86974,111,0
2025.02.27 16:00:00,2872.387,2887.728,2871.79,2879.234,41328,111,0
2025.02.27 20:00:00,2879.272,2879.364,2871.363,2876.087,21651,111,0
2025.02.28 00:00:00,2876.093,2885.058,2863.691,2865.775,38109,111,0
2025.02.28 04:00:00,2865.755,2867.029,2856.966,2858.702,40416,111,0
2025.02.28 08:00:00,2858.663,2864.884,2851.088,2862.198,31908,111,0
2025.02.28 12:00:00,2862.24,2865.014,2832.602,2850.272,74934,111,0
2025.02.28 16:00:00,2850.316,2853.932,2838.1,2849.63,46284,111,0
2025.02.28 20:00:00,2849.604,2859.721,2847.814,2858.266,13102,111,0
2025.03.02 20:00:00,2873.643,2877.018,2863.996,2870.823,14064,111,0
2025.03.03 00:00:00,2870.89,2872.079,2859.283,2864.799,36220,111,0
2025.03.03 04:00:00,2864.874,2868.513,2860.156,2863.232,24768,111,0
2025.03.03 08:00:00,2863.292,2875.437,2858.854,2874.435,30901,111,0
2025.03.03 12:00:00,2874.343,2890.56,2868.858,2887.795,55061,111,0
2025.03.03 16:00:00,2887.886,2893.132,2879.721,2881.636,37455,111,0
2025.03.03 20:00:00,2881.679,2895.291,2878.301,2890.91,21317,111,0
2025.03.04 00:00:00,2890.887,2893.758,2881.974,2888.65,30457,111,0
2025.03.04 04:00:00,2888.594,2901.576,2884.395,2899.947,29079,111,0
2025.03.04 08:00:00,2899.991,2921.797,2896.731,2920.044,38822,111,0
2025.03.04 12:00:00,2920.071,2927.915,2900.332,2906.126,70915,111,0
2025.03.04 16:00:00,2906.111,2916.525,2903.777,2916.119,37269,111,0
2025.03.04 20:00:00,2916.069,2920.552,2913.293,2914.387,16649,111,0
2025.03.05 00:00:00,2914.385,2917.19,2902.118,2908.767,42908,111,0
2025.03.05 04:00:00,2908.726,2921.67,2908.6,2918.013,30915,111,0
2025.03.05 08:00:00,2917.971,2922.552,2909.034,2913.248,38047,111,0
2025.03.05 12:00:00,2913.302,2923.832,2894.29,2917.201,87367,111,0
2025.03.05 16:00:00,2917.181,2930.066,2911.213,2920.575,51480,111,0
2025.03.05 20:00:00,2920.536,2923.143,2916.735,2918.26,14199,111,0
2025.03.06 00:00:00,2918.261,2926.635,2915.898,2921.285,26162,111,0
2025.03.06 04:00:00,2921.251,2923.097,2909.781,2910.233,30570,111,0
2025.03.06 08:00:00,2910.2,2911.554,2891.183,2905.738,49650,111,0
2025.03.06 12:00:00,2905.784,2922.74,2899.264,2914.521,71060,111,0
2025.03.06 16:00:00,2914.554,2921.439,2912.361,2914.064,38824,111,0
2025.03.06 20:00:00,2914.037,2916.593,2908.397,2910.338,16951,111,0
2025.03.07 00:00:00,2910.269,2910.35,2896.628,2905.354,47803,111,0
2025.03.07 04:00:00,2905.295,2917.303,2904.745,2917.122,31901,111,0
2025.03.07 08:00:00,2917.162,2923.031,2915.27,2918.724,34197,111,0
2025.03.07 12:00:00,2918.82,2930.482,2903.594,2915.843,90396,111,0
2025.03.07 16:00:00,2915.807,2919.447,2901.884,2905.253,57887,111,0
2025.03.07 20:00:00,2905.223,2912.685,2904.74,2911.28,10906,111,0
2025.03.09 20:00:00,2912.371,2917.075,2909.61,2916.211,10324,111,0
2025.03.10 00:00:00,2916.214,2918.336,2908.152,2911.006,35732,111,0
2025.03.10 04:00:00,2910.968,2915.453,2904.348,2908.456,27521,111,0
2025.03.10 08:00:00,2908.357,2915.496,2895.66,2904.051,51492,111,0
2025.03.10 12:00:00,2904.053,2910.666,2897.639,2904.508,77918,111,0
2025.03.10 16:00:00,2904.532,2906.898,2880.19,2885.518,55250,111,0
2025.03.10 20:00:00,2885.545,2890.201,2882.356,2884.709,12064,111,0
2025.03.11 00:00:00,2884.748,2900.51,2880.117,2896.934,37561,111,0
2025.03.11 04:00:00,2896.934,2903.587,2892.776,2901.033,30244,111,0
2025.03.11 08:00:00,2901.076,2915.488,2900.44,2913.692,28233,111,0
2025.03.11 12:00:00,2913.675,2922.286,2906.843,2916.899,56756,111,0
2025.03.11 16:00:00,2916.857,2921.409,2914.095,2918.427,28489,111,0
2025.03.11 20:00:00,2918.389,2919.613,2914.438,2915.575,9962,111,0
2025.03.12 00:00:00,2915.613,2920.019,2910.89,2914.965,23704,111,0
2025.03.12 04:00:00,2915.001,2921.129,2908.928,2914.523,28306,111,0
2025.03.12 08:00:00,2914.482,2925.396,2912.662,2915.328,32505,111,0
2025.03.12 12:00:00,2915.332,2929.468,2906.051,2928.379,66320,111,0
2025.03.12 16:00:00,2928.481,2940.569,2927.914,2931.346,40156,111,0
2025.03.12 20:00:00,2931.313,2939.377,2930.808,2938.063,11219,111,0
2025.03.13 00:00:00,2938.049,2947.148,2936.535,2945.66,24279,111,0
2025.03.13 04:00:00,2945.625,2946.176,2932.944,2935.276,25516,111,0
2025.03.13 08:00:00,2935.311,2948.909,2934.792,2946.357,27236,111,0
2025.03.13 12:00:00,2946.395,2978.51,2938.959,2977.796,73413,111,0
2025.03.13 16:00:00,2977.821,2985.498,2976.387,2982.997,44845,111,0
2025.03.13 20:00:00,2983.021,2989.939,2981.277,2986.459,13006,111,0
2025.03.14 00:00:00,2986.497,2992.984,2981.767,2992.655,34516,111,0
2025.03.14 04:00:00,2992.678,2993.952,2980.811,2986.916,29385,111,0
2025.03.14 08:00:00,2986.945,3004.919,2985.203,2993.527,36448,111,0
2025.03.14 12:00:00,2993.501,2999.697,2978.445,2984.631,69094,111,0
2025.03.14 16:00:00,2984.593,2990.454,2982.164,2984.009,27449,111,0
2025.03.14 20:00:00,2983.983,2988.78,2981.657,2986.394,3485,111,0
2025.03.16 20:00:00,2987.625,2994.142,2986.078,2990.085,7886,111,0
2025.03.17 00:00:00,2990.054,2993.115,2985.244,2986.941,24484,111,0
2025.03.17 04:00:00,2986.967,2990.754,2982.182,2985.513,19490,111,0
2025.03.17 08:00:00,2985.572,3001.241,2983.077,2997.499,22034,111,0
2025.03.17 12:00:00,2997.539,3000.536,2984.742,2997.12,52836,111,0
2025.03.17 16:00:00,2997.179,3000.862,2993.051,3000.197,23614,111,0
2025.03.17 20:00:00,3000.171,3002.831,2999.607,2999.855,7178,111,0
2025.03.18 00:00:00,2999.827,3015.078,2999.514,3011.357,28112,111,0
2025.03.18 04:00:00,3011.364,3018.979,3006.09,3016.462,26847,111,0
2025.03.18 08:00:00,3016.51,3029.485,3016.369,3026.863,28777,111,0
2025.03.18 12:00:00,3026.866,3038.358,3024.744,3031.782,60272,111,0
2025.03.18 16:00:00,3031.743,3037.959,3029.801,3035.639,26632,111,0
2025.03.18 20:00:00,3035.667,3035.998,3031.536,3031.798,7879,111,0
2025.03.19 00:00:00,3031.825,3039.053,3027.344,3036.349,20229,111,0
2025.03.19 04:00:00,3036.315,3045.386,3034.28,3035.92,31326,111,0
2025.03.19 08:00:00,3035.973,3039.973,3022.768,3038.979,28259,111,0
2025.03.19 12:00:00,3038.955,3041.179,3025.869,3031.482,42452,111,0
2025.03.19 16:00:00,3031.506,3052.02,3029.387,3047.882,44309,111,0
2025.03.19 20:00:00,3047.842,3051.359,3044.229,3050.05,10376,111,0
2025.03.20 00:00:00,3050.047,3056.224,3045.052,3049.988,34968,111,0
2025.03.20 04:00:00,3050.092,3057.483,3041.804,3042.256,32546,111,0
2025.03.20 08:00:00,3042.292,3046.265,3025.65,3034.457,40531,111,0
2025.03.20 12:00:00,3034.491,3042.303,3029.907,3040.789,50274,111,0
2025.03.20 16:00:00,3040.826,3046.118,3033.908,3044.61,28130,111,0
2025.03.20 20:00:00,3044.585,3046.622,3043.541,3046.433,7033,111,0
2025.03.21 00:00:00,3046.359,3047.459,3029.998,3030.609,25633,111,0
2025.03.21 04:00:00,3030.563,3034.007,3021.577,3031.951,27893,111,0
2025.03.21 08:00:00,3032.049,3037.718,3027.073,3034.356,28024,111,0
2025.03.21 12:00:00,3034.335,3038.152,2999.409,3011.096,78148,111,0
2025.03.21 16:00:00,3011.061,3022.073,3010.684,3020.025,30211,111,0
2025.03.21 20:00:00,3020.061,3024.298,3019.998,3023.517,3772,112,0
2025.03.23 20:00:00,3023.465,3026.316,3022.167,3024.745,6794,111,0
2025.03.24 00:00:00,3024.733,3025.64,3013.67,3017.023,31912,111,0
2025.03.24 04:00:00,3017.072,3028.927,3016.548,3022.385,24544,111,0
2025.03.24 08:00:00,3022.353,3033.25,3021.863,3024.666,29515,111,0
2025.03.24 12:00:00,3024.626,3028.675,3005.769,3014.06,51339,111,0
2025.03.24 16:00:00,3014.084,3015.628,3002.489,3006.157,30517,111,0
2025.03.24 20:00:00,3006.12,3014.654,3005.583,3009.934,8774,111,0
2025.03.25 00:00:00,3009.969,3016.239,3007.569,3015.272,21543,111,0
2025.03.25 04:00:00,3015.308,3021.084,3010.545,3011.154,20088,111,0
2025.03.25 08:00:00,3011.175,3026.46,3010.705,3020.799,25570,111,0
2025.03.25 12:00:00,3020.762,3036.001,3014.156,3021.585,51503,111,0
2025.03.25 16:00:00,3021.616,3025.555,3017.745,3019.614,23115,111,0
2025.03.25 20:00:00,3019.64,3022.521,3018.856,3021.065,6386,111,0
2025.03.26 00:00:00,3021.061,3027.159,3016.418,3017.566,26372,111,0
2025.03.26 04:00:00,3017.602,3030.797,3013.242,3030.495,24929,111,0
2025.03.26 08:00:00,3030.533,3032.066,3016.91,3027.579,26153,111,0
2025.03.26 12:00:00,3027.564,3030.018,3012.349,3015.902,41800,111,0
2025.03.26 16:00:00,3015.935,3020.885,3015.181,3017.366,23353,111,0
2025.03.26 20:00:00,3017.391,3021.879,3017.222,3021.647,11643,112,0
2025.03.27 00:00:00,3021.587,3034.31,3021.546,3033.592,26213,111,0
2025.03.27 04:00:00,3033.592,3038.634,3026.723,3035.874,32044,111,0
2025.03.27 08:00:00,3035.89,3055.922,3033.781,3054.59,37300,111,0
2025.03.27 12:00:00,3054.572,3059.909,3033.427,3052.228,72185,111,0
2025.03.27 16:00:00,3052.147,3057.854,3047.811,3057.492,33167,111,0
2025.03.27 20:00:00,3057.462,3057.662,3054.168,3055.734,8377,111,0
2025.03.28 00:00:00,3055.75,3077.568,3055.017,3075.291,35034,111,0
2025.03.28 04:00:00,3075.274,3086.041,3072.47,3079.372,29595,111,0
2025.03.28 08:00:00,3079.326,3081.259,3066.177,3076.395,31362,111,0
2025.03.28 12:00:00,3076.368,3086.855,3067.279,3083.731,80702,111,0
2025.03.28 16:00:00,3083.701,3086.742,3073.521,3080.758,32800,111,0
2025.03.28 20:00:00,3080.732,3085.979,3080.732,3085.17,4565,111,0
2025.03.30 20:00:00,3092.555,3097.858,3087.817,3089.237,13285,111,0
2025.03.31 00:00:00,3089.183,3111.719,3076.814,3107.162,59173,111,0
2025.03.31 04:00:00,3107.096,3128.189,3105.949,3124.547,47576,111,0
2025.03.31 08:00:00,3124.501,3127.18,3111.844,3119.504,38691,111,0
2025.03.31 12:00:00,3119.495,3127.26,3099.777,3113.831,89146,111,0
2025.03.31 16:00:00,3113.871,3124.676,3111.661,3124.384,32482,111,0
2025.03.31 20:00:00,3124.344,3126.471,3120.048,3120.605,9955,111,0
2025.04.01 00:00:00,3120.593,3147.359,3120.224,3146.052,49907,111,0
2025.04.01 04:00:00,3146.024,3149.083,3124.155,3127.662,55729,111,0
2025.04.01 08:00:00,3127.618,3139.021,3126.416,3130.343,35879,111,0
2025.04.01 12:00:00,3130.378,3137.119,3113.425,3113.749,73394,111,0
2025.04.01 16:00:00,3113.714,3119.037,3100.785,3118.747,45232,111,0
2025.04.01 20:00:00,3118.705,3120.89,3107.766,3115.184,12614,111,0
2025.04.02 00:00:00,3115.15,3135.727,3112.994,3125.513,43396,111,0
2025.04.02 04:00:00,3125.482,3126.803,3108.659,3125.338,38052,111,0
2025.04.02 08:00:00,3125.299,3133.902,3110.076,3121.254,40337,111,0
2025.04.02 12:00:00,3121.338,3132.192,3116.621,3125.933,57633,111,0
2025.04.02 16:00:00,3125.959,3134.42,3118.69,3124.412,35015,111,0
2025.04.02 20:00:00,3124.382,3167.816,3104.819,3162.726,105548,111,0
2025.04.03 00:00:00,3162.579,3164.836,3140.741,3148.09,101127,111,0
2025.04.03 04:00:00,3148.044,3149.684,3116.416,3128.981,76057,111,0
2025.04.03 08:00:00,3129.035,3132.09,3085.085,3093.212,87882,111,0
2025.04.03 12:00:00,3093.217,3135.629,3054.076,3110.582,168215,111,0
2025.04.03 16:00:00,3110.628,3114.306,3099.973,3107.607,47738,111,0
2025.04.03 20:00:00,3107.591,3119.998,3107.224,3112.908,17586,111,0
2025.04.04 00:00:00,3112.932,3115.816,3087.013,3098.433,53782,111,0
2025.04.04 04:00:00,3098.462,3109.955,3092.017,3092.874,50038,111,0
2025.04.04 08:00:00,3092.848,3136.749,3078.472,3110.266,109523,111,0
2025.04.04 12:00:00,3110.272,3111.859,3016.963,3021.932,204632,111,0
2025.04.04 16:00:00,3021.968,3040.953,3015.58,3036.488,89861,111,0
2025.04.04 20:00:00,3036.447,3040.926,3033.864,3038.542,9051,111,0
2025.04.06 20:00:00,3028.71,3032.469,2977.048,2999.968,46549,111,0
2025.04.07 00:00:00,2999.978,3055.84,2970.725,3018.908,170162,111,0
2025.04.07 04:00:00,3018.975,3044.653,3013.224,3018.593,102023,111,0
2025.04.07 08:00:00,3018.551,3046.172,3017.676,3031.345,91028,111,0
2025.04.07 12:00:00,3031.393,3038.042,2979.85,2987.515,205311,111,0
2025.04.07 16:00:00,2987.55,2987.873,2956.326,2976.66,94850,111,0
2025.04.07 20:00:00,2976.728,2988.66,2969.95,2981.416,22764,111,0
2025.04.08 00:00:00,2981.39,3004.897,2980.342,2994.765,69846,111,0
2025.04.08 04:00:00,2994.74,3015.803,2990.904,3003.631,62842,111,0
2025.04.08 08:00:00,3003.603,3019.526,2994.819,3017.403,42667,111,0
2025.04.08 12:00:00,3017.48,3022.77,3001.246,3001.569,79354,111,0
2025.04.08 16:00:00,3001.62,3001.62,2974.62,2984.983,56785,111,0
2025.04.08 20:00:00,2985.02,2990.893,2970.002,2978.422,21907,111,0
2025.04.09 00:00:00,2978.449,3011.277,2972.481,3004.488,78765,111,0
2025.04.09 04:00:00,3004.488,3052.443,2999.505,3041.115,76751,111,0
2025.04.09 08:00:00,3041.074,3068.163,3036.098,3066.62,65579,111,0
2025.04.09 12:00:00,3066.655,3087.802,3042.65,3086.312,100095,111,0
2025.04.09 16:00:00,3086.354,3099.689,3048.545,3093.572,110169,111,0
2025.04.09 20:00:00,3093.539,3095.575,3071.461,3086.808,26898,111,0
2025.04.10 00:00:00,3086.769,3131.833,3078.472,3125.427,78038,111,0
2025.04.10 04:00:00,3125.389,3132.594,3106.635,3108.727,49206,111,0
2025.04.10 08:00:00,3108.728,3125.68,3103.206,3124.701,48196,111,0
2025.04.10 12:00:00,3124.726,3175.017,3116.063,3158.02,100507,111,0
2025.04.10 16:00:00,3158.038,3176.452,3151.569,3170.797,59459,111,0
2025.04.10 20:00:00,3170.773,3191.365,3168.517,3188.996,23668,111,0
2025.04.11 00:00:00,3189.017,3220.157,3184.879,3217.71,85426,111,0
2025.04.11 04:00:00,3217.717,3219.275,3187.15,3212.43,73443,111,0
2025.04.11 08:00:00,3212.454,3237.839,3208.535,3213.896,73449,111,0
2025.04.11 12:00:00,3213.934,3244.182,3211.057,3240.626,96966,111,0
2025.04.11 16:00:00,3240.625,3245.46,3219.597,3231.108,48798,111,0
2025.04.11 20:00:00,3231.081,3238.992,3230.888,3237.555,5161,111,0
2025.04.13 20:00:00,3220.496,3224.783,3213.625,3223.829,19791,111,0
2025.04.14 00:00:00,3223.723,3245.781,3215.404,3232.468,54660,111,0
2025.04.14 04:00:00,3232.469,3238.181,3221.41,3228.037,39578,111,0
2025.04.14 08:00:00,3227.997,3231.766,3206.347,3223.383,51933,111,0
2025.04.14 12:00:00,3223.356,3227.734,3193.576,3198.075,76112,111,0
2025.04.14 16:00:00,3198.113,3216.626,3197.661,3212.723,32594,111,0
2025.04.14 20:00:00,3212.769,3215.269,3207.366,3212.622,11446,111,0
2025.04.15 00:00:00,3212.658,3228.99,3210.001,3228.328,34929,111,0
2025.04.15 04:00:00,3228.369,3232.728,3217.385,3225.647,31259,111,0
2025.04.15 08:00:00,3225.674,3232.163,3216.8,3220.188,31481,111,0
2025.04.15 12:00:00,3220.216,3226.885,3211.599,3221.395,47829,111,0
2025.04.15 16:00:00,3221.418,3231.901,3219.511,3229.817,21564,111,0
2025.04.15 20:00:00,3229.855,3251.85,3226.452,3251.804,17864,111,0
2025.04.16 00:00:00,3251.828,3281.774,3251.614,3281.425,54623,111,0
2025.04.16 04:00:00,3281.425,3300.739,3269.371,3300.434,44808,111,0
2025.04.16 08:00:00,3300.482,3317.857,3288.624,3306.866,58283,111,0
2025.04.16 12:00:00,3306.822,3328.236,3296.884,3325.352,72857,111,0
2025.04.16 16:00:00,3325.312,3342.521,3321.457,3336.7,42335,111,0
2025.04.16 20:00:00,3336.744,3357.782,3334.461,3350.157,22453,111,0
2025.04.17 00:00:00,3350.192,3356.305,3320.825,3344.594,75119,111,0
2025.04.17 04:00:00,3344.547,3345.494,3314.303,3323.347,51633,111,0
2025.04.17 08:00:00,3323.384,3334.196,3312.681,3327.395,39091,111,0
2025.04.17 12:00:00,3327.346,3342.457,3283.846,3296.455,99647,111,0
2025.04.17 16:00:00,3296.359,3322.543,3294.928,3320.793,37717,111,0
2025.04.17 20:00:00,3320.715,3328.831,3317.999,3327.695,5330,111,0
2025.04.20 20:00:00,3331.873,3353.177,3331.312,3348.102,23649,111,0
2025.04.21 00:00:00,3348.181,3385.318,3347.511,3382.496,59963,111,0
2025.04.21 04:00:00,3382.489,3396.041,3369.622,3385.082,45534,111,0
2025.04.21 08:00:00,3385.055,3405.948,3383.701,3404.467,38831,111,0
2025.04.21 12:00:00,3404.539,3430.303,3398.032,3422.965,84616,111,0
2025.04.21 16:00:00,3422.921,3430.571,3406.012,3423.482,40416,111,0
2025.04.21 20:00:00,3423.51,3444.291,3419.652,3434.572,26909,111,0
2025.04.22 00:00:00,3434.548,3494.797,3412.204,3487.8,94805,111,0
2025.04.22 04:00:00,3487.918,3500.057,3460.885,3468.694,92118,111,0
2025.04.22 08:00:00,3468.68,3472.674,3443.175,3456.745,68442,111,0
2025.04.22 12:00:00,3456.73,3464.827,3408.621,3417.693,127084,111,0
2025.04.22 16:00:00,3417.644,3421.067,3366.742,3374.813,110188,111,0
2025.04.22 20:00:00,3374.842,3382.734,3315.852,3336.585,54354,111,0
2025.04.23 00:00:00,3336.631,3386.67,3329.227,3338.902,114677,111,0
2025.04.23 04:00:00,3338.968,3349.379,3291.813,3319.154,91214,111,0
2025.04.23 08:00:00,3319.209,3340.56,3305.463,3324.618,58576,111,0
2025.04.23 12:00:00,3324.701,3333.381,3260.066,3280.448,150475,111,0
2025.04.23 16:00:00,3280.41,3305.624,3277.847,3293.882,55623,111,0
2025.04.23 20:00:00,3293.967,3316.906,3283.927,3316.408,23716,111,0
2025.04.24 00:00:00,3316.375,3367.57,3313.31,3327.098,97853,111,0
2025.04.24 04:00:00,3326.93,3339.861,3314.766,3333.757,61318,111,0
2025.04.24 08:00:00,3333.71,3344.012,3325.452,3336.956,44700,111,0
2025.04.24 12:00:00,3336.972,3344.743,3306.763,3329.415,84261,111,0
2025.04.24 16:00:00,3329.389,3347.059,3322.461,3342.25,35454,111,0
2025.04.24 20:00:00,3342.29,3370.813,3338.152,3349.0,26790,111,0
2025.04.25 00:00:00,3348.975,3363.156,3322.656,3323.679,58460,111,0
2025.04.25 04:00:00,3323.705,3327.799,3287.036,3307.431,81101,111,0
2025.04.25 08:00:00,3307.405,3308.787,3287.935,3293.45,49074,111,0
2025.04.25 12:00:00,3293.42,3303.078,3265.096,3282.907,87753,111,0
2025.04.25 16:00:00,3282.906,3312.488,3280.362,3304.842,36930,111,0
2025.04.25 20:00:00,3304.88,3319.264,3304.593,3318.75,7498,111,0
2025.04.27 20:00:00,3325.664,3330.28,3298.63,3302.763,25730,111,0
2025.04.28 00:00:00,3302.815,3315.989,3268.126,3290.926,77555,111,0
2025.04.28 04:00:00,3290.918,3301.078,3277.669,3287.49,46427,111,0
2025.04.28 08:00:00,3287.461,3297.207,3273.292,3294.2,38768,111,0
2025.04.28 12:00:00,3294.249,3336.023,3286.875,3325.029,78472,111,0
2025.04.28 16:00:00,3325.07,3353.045,3324.52,3352.1,41069,111,0
2025.04.28 20:00:00,3352.131,3352.404,3332.386,3337.634,24167,111,0
2025.04.29 00:00:00,3337.667,3340.063,3308.04,3316.054,59345,111,0
2025.04.29 04:00:00,3316.081,3323.919,3305.108,3323.066,39314,111,0
2025.04.29 08:00:00,3323.09,3324.947,3306.183,3309.44,33225,111,0
2025.04.29 12:00:00,3309.383,3321.336,3299.673,3312.479,75319,111,0
2025.04.29 16:00:00,3312.501,3330.037,3312.205,3320.559,35055,111,0
2025.04.29 20:00:00,3320.534,3323.522,3310.973,3317.146,15576,111,0
2025.04.30 00:00:00,3317.146,3327.995,3303.787,3304.777,43127,111,0
2025.04.30 04:00:00,3304.789,3314.682,3301.35,3307.227,31537,111,0
2025.04.30 08:00:00,3307.266,3307.728,3268.326,3272.331,49649,111,0
2025.04.30 12:00:00,3272.355,3319.766,3266.925,3307.979,103198,111,0
2025.04.30 16:00:00,3308.079,3314.303,3292.077,3295.842,38636,111,0
2025.04.30 20:00:00,3295.802,3298.011,3269.762,3272.911,32019,111,0
2025.05.01 00:00:00,3272.946,3276.338,3228.918,3229.52,75466,111,0
2025.05.01 04:00:00,3229.564,3243.173,3221.252,3230.216,51905,111,0
2025.05.01 08:00:00,3230.173,3236.75,3203.358,3205.526,41317,111,0
2025.05.01 12:00:00,3205.489,3233.344,3201.886,3216.486,92533,111,0
2025.05.01 16:00:00,3216.458,3229.744,3208.936,3228.274,36055,111,0
2025.05.01 20:00:00,3228.262,3243.555,3228.063,3237.277,21930,111,0
2025.05.02 00:00:00,3237.315,3258.782,3227.557,3254.94,45043,111,0
2025.05.02 04:00:00,3255.044,3263.393,3246.351,3258.93,36613,111,0
2025.05.02 08:00:00,3259.016,3269.266,3255.185,3262.722,36547,111,0
2025.05.02 12:00:00,3262.708,3264.93,3230.252,3231.625,100345,111,0
2025.05.02 16:00:00,3231.628,3239.879,3222.745,3233.699,56319,111,0
2025.05.02 20:00:00,3233.727,3241.256,3232.651,3240.971,5914,111,0
2025.05.04 20:00:00,3238.514,3252.324,3237.514,3247.946,17299,111,0
2025.05.05 00:00:00,3248.017,3272.453,3241.204,3254.574,48405,111,0
2025.05.05 04:00:00,3254.471,3267.772,3253.64,3264.784,37543,111,0
2025.05.05 08:00:00,3264.848,3319.009,3263.084,3312.943,52998,111,0
2025.05.05 12:00:00,3312.825,3328.862,3309.03,3312.089,65098,111,0
2025.05.05 16:00:00,3312.052,3337.676,3305.601,3328.817,39952,111,0
2025.05.05 20:00:00,3328.784,3338.076,3327.45,3334.055,19422,111,0
2025.05.06 00:00:00,3334.062,3387.123,3323.163,3360.425,97643,111,0
2025.05.06 04:00:00,3360.419,3379.672,3350.176,3371.224,54270,111,0
2025.05.06 08:00:00,3371.337,3385.087,3368.571,3379.152,44783,111,0
2025.05.06 12:00:00,3379.204,3399.919,3373.125,3395.107,72806,111,0
2025.05.06 16:00:00,3395.159,3424.083,3394.697,3423.163,41755,111,0
2025.05.06 20:00:00,3423.139,3435.04,3376.864,3400.747,64790,111,0
2025.05.07 00:00:00,3400.789,3401.69,3360.092,3375.565,99174,111,0
2025.05.07 04:00:00,3375.543,3397.424,3374.986,3387.995,46261,111,0
2025.05.07 08:00:00,3388.034,3393.433,3369.21,3387.107,45567,111,0
2025.05.07 12:00:00,3387.079,3398.123,3375.686,3385.294,69140,111,0
2025.05.07 16:00:00,3385.248,3398.025,3363.716,3371.856,75763,111,0
2025.05.07 20:00:00,3371.983,3377.209,3363.815,3376.512,21361,111,0
2025.05.08 00:00:00,3376.539,3414.875,3373.809,3396.888,65704,111,0
2025.05.08 04:00:00,3396.863,3399.441,3320.223,3342.952,92242,111,0
2025.05.08 08:00:00,3342.906,3346.719,3330.414,3344.405,46419,111,0
2025.05.08 12:00:00,3344.335,3369.626,3326.828,3330.423,86783,111,0
2025.05.08 16:00:00,3330.395,3330.395,3288.721,3306.408,70017,111,0
2025.05.08 20:00:00,3306.458,3324.034,3303.852,3316.436,25752,111,0
2025.05.09 00:00:00,3316.472,3323.162,3274.688,3308.13,81044,111,0
2025.05.09 04:00:00,3308.123,3332.288,3308.123,3327.33,49825,111,0
2025.05.09 08:00:00,3327.355,3338.395,3320.241,3332.986,38986,111,0
2025.05.09 12:00:00,3333.09,3346.068,3320.322,3345.064,63294,111,0
2025.05.09 16:00:00,3345.167,3347.58,3325.465,3328.826,32146,111,0
2025.05.09 20:00:00,3328.784,3330.319,3325.166,3326.829,5135,111,0
2025.05.11 20:00:00,3282.262,3292.643,3265.871,3287.558,32376,111,0
2025.05.12 00:00:00,3287.53,3290.022,3258.775,3283.274,77816,111,0
2025.05.12 04:00:00,3283.238,3283.686,3216.129,3222.671,85577,111,0
2025.05.12 08:00:00,3222.742,3234.422,3207.717,3224.818,80122,111,0
2025.05.12 12:00:00,3224.846,3248.604,3220.347,3239.261,95200,111,0
2025.05.12 16:00:00,3239.23,3240.162,3220.319,3235.418,41773,111,0
2025.05.12 20:00:00,3235.379,3241.831,3229.888,3236.904,18088,111,0
2025.05.13 00:00:00,3236.93,3243.447,3215.885,3236.767,57868,111,0
2025.05.13 04:00:00,3236.743,3265.683,3234.877,3259.122,44386,111,0
2025.05.13 08:00:00,3259.163,3261.308,3248.787,3249.158,34786,111,0
2025.05.13 12:00:00,3249.122,3255.851,3225.496,3253.349,82293,111,0
2025.05.13 16:00:00,3253.317,3257.842,3242.068,3249.348,30822,111,0
2025.05.13 20:00:00,3249.379,3257.189,3248.067,3254.45,12959,111,0
2025.05.14 00:00:00,3254.412,3254.682,3226.236,3228.39,52507,111,0
2025.05.14 04:00:00,3228.394,3238.898,3221.594,3238.109,42243,111,0
2025.05.14 08:00:00,3238.014,3243.921,3219.46,3220.166,45703,111,0
2025.05.14 12:00:00,3220.129,3222.544,3174.924,3182.698,111566,111,0
2025.05.14 16:00:00,3182.653,3190.965,3167.981,3180.611,45274,111,0
2025.05.14 20:00:00,3180.637,3187.336,3177.102,3186.032,15032,111,0
2025.05.15 00:00:00,3185.958,3192.767,3148.339,3150.618,57371,111,0
2025.05.15 04:00:00,3150.57,3153.916,3120.673,3142.342,65018,111,0
2025.05.15 08:00:00,3142.268,3180.043,3139.103,3179.204,47736,111,0
2025.05.15 12:00:00,3179.165,3220.112,3177.531,3219.764,80452,111,0
2025.05.15 16:00:00,3219.804,3232.747,3215.897,3232.061,33550,111,0
2025.05.15 20:00:00,3231.925,3252.156,3231.118,3237.174,26792,111,0
2025.05.16 00:00:00,3237.199,3244.639,3206.529,3211.993,66251,111,0
2025.05.16 04:00:00,3211.944,3231.367,3205.402,3207.705,48166,111,0
2025.05.16 08:00:00,3207.596,3212.978,3154.255,3163.139,62656,111,0
2025.05.16 12:00:00,3163.173,3188.63,3154.902,3183.503,93356,111,0
2025.05.16 16:00:00,3183.538,3195.787,3180.456,3192.607,34041,111,0
2025.05.16 20:00:00,3192.577,3202.978,3192.154,3202.183,8673,111,0
2025.05.18 20:00:00,3214.25,3245.284,3211.668,3234.934,28708,111,0
2025.05.19 00:00:00,3234.971,3249.836,3208.064,3212.294,68539,111,0
2025.05.19 04:00:00,3212.253,3234.664,3206.608,3232.359,47062,111,0
2025.05.19 08:00:00,3232.385,3248.559,3229.997,3243.844,40210,111,0
2025.05.19 12:00:00,3243.841,3244.468,3217.24,3231.686,67502,111,0
2025.05.19 16:00:00,3231.711,3235.89,3225.19,3233.034,28997,111,0
2025.05.19 20:00:00,3233.08,3233.815,3219.121,3222.556,14917,111,0
2025.05.20 00:00:00,3222.585,3232.827,3204.559,3211.474,52078,111,0
2025.05.20 04:00:00,3211.418,3225.484,3207.97,3222.867,40449,111,0
2025.05.20 08:00:00,3222.843,3241.675,3218.299,3241.26,35238,111,0
2025.05.20 12:00:00,3241.163,3285.91,3232.828,3277.263,88325,111,0
2025.05.20 16:00:00,3277.236,3295.196,3275.256,3294.102,32431,111,0
2025.05.20 20:00:00,3294.154,3304.168,3288.554,3290.719,26451,111,0
2025.05.21 00:00:00,3290.758,3314.733,3285.444,3307.529,60367,111,0
2025.05.21 04:00:00,3307.515,3320.76,3298.428,3309.93,45459,111,0
2025.05.21 08:00:00,3309.957,3318.318,3303.97,3311.273,39038,111,0
2025.05.21 12:00:00,3311.279,3315.235,3290.717,3312.002,76823,111,0
2025.05.21 16:00:00,3312.036,3324.921,3302.782,3318.406,42483,111,0
2025.05.21 20:00:00,3318.447,3324.237,3313.216,3320.106,20358,111,0
2025.05.22 00:00:00,3320.162,3345.454,3319.413,3335.464,51423,111,0
2025.05.22 04:00:00,3335.475,3339.526,3322.632,3327.645,40211,111,0
2025.05.22 08:00:00,3327.66,3329.898,3283.001,3314.354,64827,111,0
2025.05.22 12:00:00,3314.329,3315.799,3279.276,3294.699,93171,111,0
2025.05.22 16:00:00,3294.746,3304.884,3289.006,3290.288,38254,111,0
2025.05.22 20:00:00,3290.32,3302.037,3289.617,3300.17,14861,111,0
2025.05.23 00:00:00,3300.196,3308.932,3286.966,3302.094,53884,111,0
2025.05.23 04:00:00,3302.121,3334.526,3301.939,3329.169,42584,111,0
2025.05.23 08:00:00,3329.215,3349.764,3322.572,3347.99,55156,111,0
2025.05.23 12:00:00,3348.042,3364.644,3336.655,3361.679,112401,111,0
2025.05.23 16:00:00,3361.711,3365.954,3356.372,3360.809,33751,111,0
2025.05.23 20:00:00,3360.767,3361.724,3356.127,3356.309,5509,111,0
2025.05.25 20:00:00,3352.117,3352.504,3341.373,3342.715,22906,111,0
2025.05.26 00:00:00,3342.754,3356.883,3331.414,3347.66,50803,111,0
2025.05.26 04:00:00,3347.663,3351.93,3332.148,3337.333,35094,111,0
2025.05.26 08:00:00,3337.455,3339.694,3323.509,3333.173,31290,111,0
2025.05.26 12:00:00,3333.176,3341.648,3326.374,3338.022,31088,111,0
2025.05.26 16:00:00,3338.008,3343.663,3337.545,3341.582,7836,111,0
2025.05.26 20:00:00,3346.482,3348.887,3342.853,3346.163,9246,111,0
2025.05.27 00:00:00,3346.206,3350.053,3331.754,3341.241,34507,111,0
2025.05.27 04:00:00,3341.212,3341.509,3292.559,3296.268,62068,111,0
2025.05.27 08:00:00,3296.238,3310.368,3287.748,3288.397,53765,111,0
2025.05.27 12:00:00,3288.423,3304.95,3285.113,3293.629,59792,111,0
2025.05.27 16:00:00,3293.636,3308.032,3292.993,3304.404,23765,111,0
2025.05.27 20:00:00,3304.38,3310.981,3297.645,3309.426,15691,111,0
2025.05.28 00:00:00,3309.455,3315.794,3291.698,3297.785,43220,111,0
2025.05.28 04:00:00,3297.745,3322.417,3294.407,3319.273,38661,111,0
2025.05.28 08:00:00,3319.324,3325.575,3307.485,3311.134,32519,111,0
2025.05.28 12:00:00,3311.192,3316.462,3292.606,3296.118,55489,111,0
2025.05.28 16:00:00,3296.149,3303.089,3288.633,3297.007,30514,111,0
2025.05.28 20:00:00,3297.03,3297.38,3250.292,3259.919,44933,111,0
2025.05.29 00:00:00,3259.934,3280.213,3245.456,3274.569,75529,111,0
2025.05.29 04:00:00,3274.659,3287.518,3266.01,3286.498,39237,111,0
2025.05.29 08:00:00,3286.455,3305.573,3276.286,3299.743,36806,111,0
2025.05.29 12:00:00,3299.868,3322.032,3298.565,3321.602,68703,111,0
2025.05.29 16:00:00,3321.688,3331.277,3315.51,3316.639,34531,111,0
2025.05.29 20:00:00,3316.61,3321.122,3312.878,3315.527,13664,111,0
2025.05.30 00:00:00,3315.522,3322.801,3291.243,3294.555,48158,111,0
2025.05.30 04:00:00,3294.554,3305.044,3287.36,3294.954,39758,111,0
2025.05.30 08:00:00,3294.999,3300.693,3288.692,3294.079,33423,111,0
2025.05.30 12:00:00,3294.1,3308.35,3271.55,3288.7,101936,111,0
2025.05.30 16:00:00,3288.611,3295.802,3283.981,3294.889,36771,111,0
2025.05.30 20:00:00,3294.836,3295.858,3288.666,3289.689,4819,111,0
2025.06.01 20:00:00,3303.137,3316.766,3299.897,3310.279,17009,111,0
2025.06.02 00:00:00,3310.237,3314.983,3301.433,3308.709,37650,111,0
2025.06.02 04:00:00,3308.757,3359.061,3308.757,3352.571,43196,111,0
2025.06.02 08:00:00,3352.677,3360.176,3344.414,3356.348,37319,111,0
2025.06.02 12:00:00,3356.32,3379.088,3350.312,3374.343,67923,111,0
2025.06.02 16:00:00,3374.373,3382.368,3369.309,3381.563,30442,111,0
2025.06.02 20:00:00,3381.538,3392.262,3378.418,3387.408,18097,111,0
2025.06.03 00:00:00,3387.401,3388.695,3359.741,3361.111,56987,111,0
2025.06.03 04:00:00,3361.219,3367.808,3351.173,3359.672,42025,111,0
2025.06.03 08:00:00,3359.776,3364.937,3353.329,3359.39,29161,111,0
2025.06.03 12:00:00,3359.347,3363.153,3333.127,3350.308,62500,111,0
2025.06.03 16:00:00,3350.357,3355.514,3344.609,3352.681,23038,111,0
2025.06.03 20:00:00,3352.641,3361.656,3352.493,3359.958,11134,111,0
2025.06.04 00:00:00,3360.013,3372.661,3346.485,3359.27,40423,111,0
2025.06.04 04:00:00,3359.26,3365.272,3348.02,3354.745,36540,111,0
2025.06.04 08:00:00,3354.703,3365.022,3343.773,3346.601,35157,111,0
2025.06.04 12:00:00,3346.637,3384.661,3344.354,3371.788,68719,111,0
2025.06.04 16:00:00,3371.748,3382.241,3370.828,3373.638,24740,111,0
2025.06.04 20:00:00,3373.59,3379.104,3370.532,3378.066,12475,111,0
2025.06.05 00:00:00,3378.123,3384.207,3368.196,3369.698,38018,111,0
2025.06.05 04:00:00,3369.707,3374.583,3361.162,3371.328,32241,111,0
2025.06.05 08:00:00,3371.324,3403.616,3369.665,3392.317,49012,111,0
2025.06.05 12:00:00,3392.351,3400.185,3339.394,3344.803,136311,111,0
2025.06.05 16:00:00,3344.772,3361.428,3339.863,3356.677,46694,111,0
2025.06.05 20:00:00,3356.577,3363.601,3352.036,3361.834,16993,111,0
2025.06.06 00:00:00,3361.891,3371.868,3356.157,3369.771,35033,111,0
2025.06.06 04:00:00,3369.712,3375.709,3352.841,3359.398,36879,111,0
2025.06.06 08:00:00,3359.443,3367.756,3352.727,3358.332,32241,111,0
2025.06.06 12:00:00,3358.369,3364.445,3316.293,3332.255,120886,111,0
2025.06.06 16:00:00,3332.206,3332.751,3311.382,3312.369,36032,111,0
2025.06.06 20:00:00,3312.406,3312.92,3307.077,3311.726,5583,111,0
2025.06.08 20:00:00,3317.843,3321.238,3309.252,3318.062,14563,111,0
2025.06.09 00:00:00,3318.106,3318.723,3293.477,3310.793,51174,111,0
2025.06.09 04:00:00,3310.823,3328.676,3309.272,3324.262,31137,111,0
2025.06.09 08:00:00,3324.293,3325.669,3312.081,3317.448,29492,111,0
2025.06.09 12:00:00,3317.436,3332.064,3310.722,3328.689,50737,111,0
2025.06.09 16:00:00,3328.692,3338.24,3325.915,3327.255,25253,111,0
2025.06.09 20:00:00,3327.225,3329.524,3321.586,3326.79,12444,111,0
2025.06.10 00:00:00,3326.833,3326.875,3301.957,3307.626,47421,111,0
2025.06.10 04:00:00,3307.616,3332.196,3302.813,3330.204,43509,111,0
2025.06.10 08:00:00,3330.114,3342.596,3326.194,3333.804,29663,111,0
2025.06.10 12:00:00,3333.841,3349.177,3323.189,3326.716,59907,111,0
2025.06.10 16:00:00,3326.677,3334.563,3319.382,3328.74,28171,111,0
2025.06.10 20:00:00,3328.781,3328.982,3315.541,3327.886,19983,111,0
2025.06.11 00:00:00,3327.923,3341.57,3325.09,3339.44,15383,50,0
2025.06.11 04:00:00,3339.38,3348.54,3332.52,3345.72,15291,50,0
2025.06.11 08:00:00,3345.33,3346.69,3326.22,3333.16,15950,50,0
2025.06.11 12:00:00,3333.24,3360.68,3327.25,3333.17,22153,50,0
2025.06.11 16:00:00,3333.22,3349.292,3319.29,3346.873,25559,50,0
2025.06.11 20:00:00,3346.9,3373.558,3346.546,3365.4,25945,112,0
2025.06.12 00:00:00,3365.496,3377.81,3362.142,3373.449,47443,112,0
2025.06.12 04:00:00,3373.462,3375.807,3338.594,3346.192,43260,112,0
2025.06.12 08:00:00,3346.216,3388.605,3346.216,3379.309,56748,112,0
2025.06.12 12:00:00,3379.276,3399.069,3376.361,3385.828,85827,112,0
2025.06.12 16:00:00,3385.93,3391.398,3378.121,3388.163,31728,112,0
2025.06.12 20:00:00,3388.135,3396.32,3379.63,3395.787,15146,112,0
2025.06.13 00:00:00,3395.747,3444.4,3391.743,3425.56,20013,50,0
2025.06.13 04:00:00,3425.48,3430.3,3407.91,3414.9,16111,50,0
2025.06.13 08:00:00,3414.92,3427.708,3411.622,3422.241,43963,50,0
2025.06.13 12:00:00,3422.231,3446.779,3420.93,3426.249,78656,112,0
2025.06.13 16:00:00,3426.282,3439.497,3419.199,3432.331,40017,112,0
2025.06.13 20:00:00,3432.376,3434.804,3428.979,3433.545,6176,112,0
2025.06.15 20:00:00,3440.991,3451.283,3438.628,3444.165,24944,112,0
2025.06.16 00:00:00,3444.19,3451.23,3429.36,3431.52,15738,112,0
2025.06.16 04:00:00,3431.5,3433.27,3409.52,3412.59,15087,50,0
2025.06.16 08:00:00,3412.57,3422.56,3409.86,3414.99,14717,50,0
2025.06.16 12:00:00,3415.06,3417.99,3382.76,3404.52,18023,50,0
2025.06.16 16:00:00,3404.42,3404.92,3382.84,3384.09,13566,50,0
2025.06.16 20:00:00,3384.07,3403.001,3383.4,3402.793,17785,70,0
2025.06.17 00:00:00,3402.839,3403.24,3373.18,3387.9,17177,50,0
2025.06.17 04:00:00,3387.67,3396.26,3381.18,3387.79,15311,50,0
2025.06.17 08:00:00,3387.44,3400.191,3375.76,3388.659,35173,50,0
2025.06.17 12:00:00,3388.674,3397.531,3366.103,3379.29,66118,50,0
2025.06.17 16:00:00,3379.44,3392.523,3376.63,3385.699,24495,80,0
2025.06.17 20:00:00,3385.653,3396.317,3383.658,3387.41,15342,112,0
2025.06.18 00:00:00,3387.319,3391.47,3370.62,3391.11,14769,112,0
2025.06.18 04:00:00,3391.01,3400.01,3377.1,3385.92,14806,50,0
2025.06.18 08:00:00,3385.82,3388.35,3375.53,3382.04,14516,50,0
2025.06.18 12:00:00,3381.97,3396.77,3373.87,3392.764,34225,50,0
2025.06.18 16:00:00,3392.723,3395.844,3362.891,3366.842,63135,112,0
2025.06.18 20:00:00,3366.795,3379.914,3362.498,3375.047,21020,112,0
2025.06.19 00:00:00,3375.066,3387.92,3369.741,3373.633,35643,112,0
2025.06.19 04:00:00,3373.633,3375.342,3347.498,3366.016,51769,112,0
2025.06.19 08:00:00,3365.973,3374.43,3362.275,3372.02,8445,112,0
2025.06.19 12:00:00,3372.0,3372.84,3361.57,3369.1,11611,50,0
2025.06.19 16:00:00,3369.16,3375.45,3365.95,3370.63,5968,50,0
2025.06.19 20:00:00,3370.12,3370.4,3362.07,3368.72,4576,50,0
2025.06.20 00:00:00,3368.47,3370.35,3344.88,3355.52,13821,50,0
2025.06.20 04:00:00,3355.54,3357.65,3340.37,3353.27,10855,50,0
2025.06.22 20:00:00,3384.197,3389.008,3371.253,3372.835,26384,0,0
2025.06.23 00:00:00,3372.856,3373.631,3351.998,3363.452,45525,0,0
2025.06.23 04:00:00,3363.465,3365.141,3347.051,3357.707,32079,0,0
2025.06.23 08:00:00,3357.752,3382.097,3357.752,3380.676,32674,0,0
2025.06.23 12:00:00,3380.707,3389.9,3355.969,3387.32,63821,0,0
2025.06.23 16:00:00,3387.309,3393.586,3375.678,3376.442,48292,0,0
2025.06.23 20:00:00,3376.4,3377.375,3341.582,3344.35,32823,0,0
2025.06.24 00:00:00,3344.393,3357.992,3333.223,3352.484,50051,0,0
2025.06.24 04:00:00,3352.483,3353.449,3316.102,3329.725,56504,0,0
2025.06.24 08:00:00,3329.738,3332.4,3317.909,3321.294,35640,0,0
2025.06.24 12:00:00,3321.261,3321.261,3295.468,3313.341,76742,0,0
2025.06.24 16:00:00,3313.376,3325.264,3311.356,3323.559,27201,0,0
2025.06.24 20:00:00,3323.606,3324.962,3320.922,3324.222,10136,0,0
2025.06.25 00:00:00,3324.219,3335.314,3323.707,3328.375,26446,0,0
2025.06.25 04:00:00,3328.364,3337.197,3325.877,3330.711,23241,0,0
2025.06.25 08:00:00,3330.736,3332.494,3321.477,3322.731,29326,0,0
2025.06.25 12:00:00,3322.74,3329.575,3311.974,3325.719,40267,0,0
2025.06.25 16:00:00,3325.747,3336.148,3324.191,3333.786,27279,0,0
2025.06.25 20:00:00,3333.825,3340.238,3331.349,3339.108,13255,0,0
2025.06.26 00:00:00,3339.067,3343.303,3329.261,3338.05,30063,0,0
2025.06.26 04:00:00,3338.168,3347.319,3331.061,3346.131,26963,0,0
2025.06.26 08:00:00,3346.146,3350.45,3331.598,3333.001,30704,0,0
2025.06.26 12:00:00,3333.016,3344.136,3309.996,3324.888,69799,0,0
2025.06.26 16:00:00,3324.925,3336.581,3323.809,3331.381,26763,0,0
2025.06.26 20:00:00,3331.487,3332.407,3316.309,3318.838,13489,0,0
2025.06.27 00:00:00,3318.811,3322.135,3292.637,3294.398,38456,0,0
2025.06.27 04:00:00,3294.444,3301.002,3283.474,3284.538,45781,0,0
2025.06.27 08:00:00,3284.51,3291.212,3276.089,3281.469,40272,0,0
2025.06.27 12:00:00,3281.438,3282.417,3255.896,3274.759,80379,0,0
2025.06.27 16:00:00,3274.654,3282.849,3268.446,3270.654,32256,0,0
2025.06.27 20:00:00,3270.696,3275.576,3270.381,3274.678,4763,0,0
2025.06.29 20:00:00,3272.568,3274.314,3248.001,3263.885,27969,0,0
2025.06.30 00:00:00,3263.855,3283.377,3259.505,3279.061,40152,0,0
2025.06.30 04:00:00,3279.076,3296.858,3277.044,3292.953,28637,0,0
2025.06.30 08:00:00,3292.959,3296.638,3274.568,3278.012,32281,0,0
2025.06.30 12:00:00,3278.073,3290.862,3278.035,3289.633,41659,0,0
2025.06.30 16:00:00,3289.749,3309.526,3289.153,3308.614,26786,0,0
2025.06.30 20:00:00,3308.582,3314.682,3302.377,3312.521,15519,0,0
2025.07.01 00:00:00,3312.514,3322.719,3309.997,3321.241,30270,0,0
2025.07.01 04:00:00,3321.253,3339.977,3318.973,3339.577,30091,0,0
2025.07.01 08:00:00,3339.581,3353.162,3336.874,3349.075,30797,0,0
2025.07.01 12:00:00,3349.115,3358.095,3337.07,3340.308,57333,0,0
2025.07.01 16:00:00,3340.295,3343.603,3336.896,3338.085,25462,0,0
2025.07.01 20:00:00,3338.122,3343.906,3336.851,3338.232,13774,0,0
2025.07.02 00:00:00,3338.266,3345.067,3328.589,3340.039,34542,0,0
2025.07.02 04:00:00,3340.005,3344.031,3327.667,3334.691,28319,0,0
2025.07.02 08:00:00,3334.662,3347.791,3332.949,3342.279,25004,0,0
2025.07.02 12:00:00,3342.294,3351.197,3333.922,3341.101,48460,0,0
2025.07.02 16:00:00,3341.023,3359.599,3341.023,3358.338,22223,0,0
2025.07.02 20:00:00,3358.382,3365.832,3348.839,3349.475,17808,0,0
2025.07.03 00:00:00,3349.522,3351.554,3341.96,3347.589,26384,0,0
2025.07.03 04:00:00,3347.517,3363.757,3347.464,3353.157,26569,0,0
2025.07.03 08:00:00,3353.176,3358.469,3343.073,3346.142,27309,0,0
2025.07.03 12:00:00,3346.121,3352.394,3311.65,3328.125,74638,0,0
2025.07.03 16:00:00,3328.186,3334.942,3325.742,3328.829,15649,0,0
2025.07.03 20:00:00,3328.793,3332.105,3323.662,3330.951,9822,0,0
2025.07.04 00:00:00,3330.955,3339.028,3325.949,3338.43,23850,0,0
2025.07.04 04:00:00,3338.387,3345.207,3336.464,3343.027,24332,0,0
2025.07.04 08:00:00,3343.03,3344.327,3331.546,3334.875,22807,0,0
2025.07.04 12:00:00,3334.871,3338.139,3330.931,3332.464,23560,0,0
2025.07.04 16:00:00,3332.437,3336.035,3332.302,3335.15,2600,0,0
2025.07.06 20:00:00,3341.488,3341.991,3326.267,3328.933,12017,0,0
2025.07.07 00:00:00,3328.91,3329.806,3306.088,3310.931,40968,0,0
2025.07.07 04:00:00,3310.972,3315.295,3300.769,3302.297,35054,0,0
2025.07.07 08:00:00,3302.255,3312.843,3296.376,3302.062,39677,0,0
2025.07.07 12:00:00,3302.02,3322.111,3300.469,3320.919,46069,0,0
2025.07.07 16:00:00,3320.878,3340.518,3320.162,3337.061,29927,0,0
2025.07.07 20:00:00,3337.105,3345.937,3333.979,3334.733,14668,0,0
2025.07.08 00:00:00,3334.769,3338.146,3329.675,3331.549,31798,0,0
2025.07.08 04:00:00,3331.478,3339.58,3327.384,3333.973,25187,0,0
2025.07.08 08:00:00,3333.932,3333.932,3320.02,3325.051,29602,0,0
2025.07.08 12:00:00,3325.094,3329.92,3287.158,3298.318,59194,0,0
2025.07.08 16:00:00,3298.329,3310.503,3295.992,3303.072,36154,0,0
2025.07.08 20:00:00,3303.1,3304.154,3297.279,3302.357,14017,0,0
2025.07.09 00:00:00,3302.426,3308.083,3284.989,3293.34,35947,0,0
2025.07.09 04:00:00,3293.324,3297.913,3285.575,3293.366,25786,0,0
2025.07.09 08:00:00,3287.982,3296.067,3283.248,3285.016,19368,0,0
2025.07.09 12:00:00,3285.049,3313.014,3285.049,3309.692,45641,0,0
2025.07.09 16:00:00,3309.635,3316.954,3307.969,3315.757,23158,0,0
2025.07.09 20:00:00,3315.725,3321.184,3311.67,3317.741,11215,0,0
2025.07.10 00:00:00,3317.639,3326.495,3315.462,3315.879,25464,0,0
2025.07.10 04:00:00,3315.762,3329.566,3314.897,3321.127,23451,0,0
2025.07.10 08:00:00,3321.151,3330.398,3318.411,3320.491,27458,0,0
2025.07.10 12:00:00,3320.504,3329.525,3310.097,3319.83,48405,0,0
2025.07.10 16:00:00,3319.791,3325.988,3312.188,3324.899,23019,0,0
2025.07.10 20:00:00,3324.919,3326.541,3321.906,3323.888,11391,0,0
2025.07.11 00:00:00,3323.844,3336.261,3323.701,3333.845,31219,0,0
2025.07.11 04:00:00,3333.824,3343.907,3329.616,3341.913,31670,0,0
2025.07.11 08:00:00,3341.869,3350.385,3332.749,3347.587,31862,0,0
2025.07.11 12:00:00,3347.606,3368.812,3344.436,3358.994,60815,0,0
2025.07.11 16:00:00,3358.964,3359.833,3349.278,3356.504,27948,0,0
2025.07.11 20:00:00,3356.539,3359.039,3353.676,3355.185,3740,0,0
2025.07.13 20:00:00,3361.375,3374.097,3359.738,3367.852,17962,0,0
2025.07.14 00:00:00,3367.811,3373.364,3353.945,3357.044,33922,0,0
2025.07.14 04:00:00,3357.032,3375.158,3353.786,3372.028,31312,0,0
2025.07.14 08:00:00,3372.036,3374.727,3363.997,3364.249,25744,0,0
2025.07.14 12:00:00,3364.272,3366.708,3341.073,3345.185,47635,0,0
2025.07.14 16:00:00,3345.124,3351.764,3343.162,3344.205,21800,0,0
2025.07.14 20:00:00,3344.24,3346.636,3341.297,3345.417,9812,0,0
2025.07.15 00:00:00,3345.379,3358.442,3344.838,3357.921,22298,0,0
2025.07.15 04:00:00,3357.933,3365.528,3357.55,3364.427,23695,0,0
2025.07.15 08:00:00,3364.384,3366.436,3354.034,3355.012,28243,0,0
2025.07.15 12:00:00,3354.972,3360.447,3325.421,3329.072,65772,0,0
2025.07.15 16:00:00,3329.037,3332.037,3320.287,3330.535,27996,0,0
2025.07.15 20:00:00,3330.488,3331.856,3324.872,3331.136,9307,0,0
2025.07.16 00:00:00,3331.172,3335.164,3325.109,3334.432,23173,0,0
2025.07.16 04:00:00,3334.361,3342.06,3332.878,3337.858,21271,0,0
2025.07.16 08:00:00,3337.904,3343.152,3333.775,3339.339,23072,0,0
2025.07.16 12:00:00,3339.299,3377.603,3319.609,3343.579,115723,0,0
2025.07.16 16:00:00,3343.551,3357.49,3339.038,3347.16,46656,0,0
2025.07.16 20:00:00,3347.196,3352.327,3345.345,3346.606,11077,0,0
2025.07.17 00:00:00,3346.636,3347.485,3336.321,3341.579,23672,0,0
2025.07.17 04:00:00,3341.591,3344.806,3325.288,3325.966,27027,0,0
2025.07.17 08:00:00,3326.005,3332.603,3322.47,3324.334,24892,0,0
2025.07.17 12:00:00,3324.341,3338.531,3309.963,3336.787,57637,0,0
2025.07.17 16:00:00,3336.804,3341.178,3335.458,3339.843,20738,0,0
2025.07.17 20:00:00,3339.879,3344.099,3337.489,3340.24,11386,0,0
2025.07.18 00:00:00,3340.294,3344.29,3334.118,3334.68,23974,0,0
2025.07.18 04:00:00,3334.678,3350.211,3331.867,3349.903,23383,0,0
2025.07.18 08:00:00,3349.929,3357.779,3346.317,3354.499,24006,0,0
2025.07.18 12:00:00,3354.538,3361.292,3351.201,3353.781,41104,0,0
2025.07.18 16:00:00,3353.702,3357.54,3347.748,3348.405,21918,0,0
2025.07.18 20:00:00,3348.359,3352.204,3347.884,3350.475,3479,0,0
2025.07.20 20:00:00,3348.847,3350.195,3345.091,3349.19,7794,0,0
2025.07.21 00:00:00,3349.248,3358.721,3347.776,3351.366,21855,0,0
2025.07.21 04:00:00,3351.355,3370.865,3350.698,3364.843,25776,0,0
2025.07.21 08:00:00,3364.88,3375.711,3362.778,3375.382,22979,0,0
2025.07.21 12:00:00,3375.351,3401.655,3374.611,3398.074,51235,0,0
2025.07.21 16:00:00,3398.063,3399.867,3391.548,3398.871,26139,0,0
2025.07.21 20:00:00,3398.824,3402.863,3393.288,3396.612,11297,0,0
2025.07.22 00:00:00,3396.62,3397.745,3385.228,3392.708,28717,0,0
2025.07.22 04:00:00,3392.669,3392.669,3383.32,3387.642,23116,0,0
2025.07.22 08:00:00,3387.604,3391.77,3384.638,3391.446,22469,0,0
2025.07.22 12:00:00,3391.414,3430.694,3391.049,3426.677,65233,0,0
2025.07.22 16:00:00,3426.72,3433.587,3426.337,3431.763,29397,0,0
2025.07.22 20:00:00,3431.714,3433.392,3426.363,3427.538,13428,0,0
2025.07.23 00:00:00,3427.513,3439.023,3419.234,3423.233,37821,0,0
2025.07.23 04:00:00,3423.143,3429.785,3416.409,3420.8,27804,0,0
2025.07.23 08:00:00,3420.834,3433.958,3420.385,3428.26,27298,0,0
2025.07.23 12:00:00,3428.25,3430.008,3398.286,3398.286,52145,0,0
2025.07.23 16:00:00,3398.186,3398.241,3381.455,3390.161,51456,0,0
2025.07.23 20:00:00,3390.202,3392.59,3386.201,3390.088,11428,0,0
2025.07.24 00:00:00,3390.127,3393.518,3374.823,3383.77,36803,0,0
2025.07.24 04:00:00,3383.746,3385.469,3366.134,3367.837,29113,0,0
2025.07.24 08:00:00,3367.847,3374.786,3361.333,3362.376,26509,0,0
2025.07.24 12:00:00,3362.334,3377.51,3351.395,3372.621,52146,0,0
2025.07.24 16:00:00,3372.595,3373.782,3366.3,3370.558,21074,0,0
2025.07.24 20:00:00,3370.597,3371.537,3365.185,3369.499,11796,0,0
2025.07.25 00:00:00,3369.502,3373.634,3358.693,3359.274,22119,0,0
2025.07.25 04:00:00,3359.256,3363.581,3352.716,3354.088,22794,0,0
2025.07.25 08:00:00,3354.121,3355.438,3338.706,3341.097,24182,0,0
2025.07.25 12:00:00,3341.088,3347.578,3325.008,3327.976,56783,0,0
2025.07.25 16:00:00,3327.929,3340.364,3326.241,3337.884,21998,0,0
2025.07.25 20:00:00,3337.849,3339.247,3336.29,3336.949,3543,0,0
2025.07.27 20:00:00,3329.224,3337.545,3323.897,3333.763,15968,0,0
2025.07.28 00:00:00,3333.755,3343.396,3327.72,3343.326,29869,0,0
2025.07.28 04:00:00,3343.279,3345.431,3333.838,3334.962,25148,0,0
2025.07.28 08:00:00,3334.959,3340.86,3332.462,3336.645,26138,0,0
2025.07.28 12:00:00,3336.673,3338.449,3301.857,3314.844,58010,0,0
2025.07.28 16:00:00,3314.816,3318.97,3308.879,3317.241,21708,0,0
2025.07.28 20:00:00,3317.275,3318.489,3310.565,3312.548,12570,0,0
2025.07.29 00:00:00,3312.565,3320.941,3307.923,3312.656,27337,0,0
2025.07.29 04:00:00,3312.66,3322.51,3309.039,3317.213,29747,0,0
2025.07.29 08:00:00,3317.219,3330.056,3314.964,3315.358,30180,0,0
2025.07.29 12:00:00,3315.329,3334.242,3311.97,3320.831,52048,0,0
2025.07.29 16:00:00,3320.831,3330.944,3319.126,3325.018,24416,0,0
2025.07.29 20:00:00,3325.069,3329.251,3324.744,3327.643,8693,0,0
2025.07.30 00:00:00,3327.607,3333.753,3321.936,3328.509,25597,0,0
2025.07.30 04:00:00,3328.459,3332.229,3323.14,3327.831,22384,0,0
2025.07.30 08:00:00,3327.864,3334.132,3324.046,3330.926,27280,0,0
2025.07.30 12:00:00,3330.949,3331.984,3288.655,3290.545,58429,0,0
2025.07.30 16:00:00,3290.53,3304.847,3268.114,3269.476,66961,0,0
2025.07.30 20:00:00,3269.414,3285.88,3268.992,3285.383,17417,0,0
2025.07.31 00:00:00,3285.337,3298.63,3282.882,3295.166,31997,0,0
2025.07.31 04:00:00,3295.122,3309.826,3293.756,3304.802,26541,0,0
2025.07.31 08:00:00,3304.762,3314.919,3293.866,3306.191,34933,0,0
2025.07.31 12:00:00,3306.166,3311.244,3291.38,3295.625,55760,0,0
2025.07.31 16:00:00,3295.517,3298.51,3289.697,3291.109,28895,0,0
2025.07.31 20:00:00,3291.069,3295.252,3288.047,3288.731,12397,0,0
2025.08.01 00:00:00,3288.687,3297.186,3281.67,3291.536,29142,0,0
2025.08.01 04:00:00,3291.517,3300.525,3285.303,3286.941,26967,0,0
2025.08.01 08:00:00,3286.903,3303.156,3285.327,3300.389,26975,0,0
2025.08.01 12:00:00,3300.422,3355.194,3297.465,3348.647,99290,0,0
2025.08.01 16:00:00,3348.612,3361.403,3340.612,3357.265,36118,0,0
2025.08.01 20:00:00,3357.319,3363.646,3357.108,3363.199,5140,0,0
2025.08.03 20:00:00,3364.419,3364.601,3354.641,3362.037,12420,0,0
2025.08.04 00:00:00,3362.07,3362.461,3345.086,3360.335,28246,0,0
2025.08.04 04:00:00,3360.339,3362.751,3351.812,3355.953,24916,0,0
2025.08.04 08:00:00,3355.984,3370.829,3352.966,3370.343,25889,0,0
2025.08.04 12:00:00,3370.346,3385.44,3361.117,3374.386,44534,0,0
2025.08.04 16:00:00,3374.385,3378.233,3370.651,3376.051,20802,0,0
2025.08.04 20:00:00,3375.997,3379.783,3373.495,3377.487,9115,0,0
2025.08.05 00:00:00,3377.463,3382.478,3372.137,3372.137,21285,0,0
2025.08.05 04:00:00,3372.187,3375.579,3365.768,3373.694,22508,0,0
2025.08.05 08:00:00,3373.724,3374.706,3349.883,3351.488,26562,0,0
2025.08.05 12:00:00,3351.488,3390.113,3349.983,3389.57,47591,0,0
2025.08.05 16:00:00,3389.607,3390.532,3376.97,3379.086,23137,0,0
2025.08.05 20:00:00,3379.025,3384.054,3378.244,3383.266,8341,0,0
2025.08.06 00:00:00,3383.273,3385.42,3373.126,3374.687,22207,0,0
2025.08.06 04:00:00,3374.67,3378.73,3369.033,3373.701,19816,0,0
2025.08.06 08:00:00,3373.589,3374.777,3358.171,3365.254,25131,0,0
2025.08.06 12:00:00,3365.236,3380.055,3360.221,3377.511,41733,0,0
2025.08.06 16:00:00,3377.472,3379.519,3369.063,3371.745,23085,0,0
2025.08.06 20:00:00,3371.694,3374.876,3367.213,3370.235,13234,0,0
2025.08.07 00:00:00,3370.285,3384.226,3365.272,3379.776,29620,0,0
2025.08.07 04:00:00,3379.812,3397.526,3371.681,3396.235,30050,0,0
2025.08.07 08:00:00,3396.269,3396.683,3371.806,3378.263,47721,0,0
2025.08.07 12:00:00,3378.279,3393.915,3375.364,3390.182,70059,0,0
2025.08.07 16:00:00,3390.232,3400.952,3384.37,3399.739,31729,0,0
2025.08.07 20:00:00,3399.792,3409.099,3389.105,3400.55,49252,0,0
2025.08.08 00:00:00,3400.512,3402.436,3381.162,3395.915,66839,0,0
2025.08.08 04:00:00,3395.903,3404.295,3388.792,3402.092,48558,0,0
2025.08.08 08:00:00,3402.142,3402.711,3380.441,3386.329,56176,0,0
2025.08.08 12:00:00,3386.286,3402.024,3381.185,3395.328,87500,0,0
2025.08.08 16:00:00,3395.364,3404.341,3376.654,3398.646,91888,0,0
2025.08.08 20:00:00,3398.698,3398.978,3392.501,3398.644,7315,0,0
2025.08.10 20:00:00,3400.658,3401.899,3390.372,3391.628,14099,0,0
2025.08.11 00:00:00,3391.672,3391.719,3367.755,3378.337,41296,0,0
2025.08.11 04:00:00,3378.333,3380.145,3357.177,3360.149,39205,0,0
2025.08.11 08:00:00,3360.192,3365.905,3349.932,3355.31,39051,0,0
2025.08.11 12:00:00,3355.306,3362.982,3341.489,3349.485,49763,0,0
2025.08.11 16:00:00,3349.582,3358.909,3341.353,3351.776,33134,0,0
2025.08.11 20:00:00,3351.742,3351.86,3342.255,3349.107,14114,0,0
2025.08.12 00:00:00,3349.09,3357.542,3346.291,3349.47,26648,0,0
2025.08.12 04:00:00,3349.517,3358.256,3342.354,3355.619,30593,0,0
2025.08.12 08:00:00,3355.592,3355.943,3336.148,3347.549,28054,0,0
2025.08.12 12:00:00,3347.544,3359.291,3331.16,3349.893,87291,0,0
2025.08.12 16:00:00,3349.967,3351.344,3345.596,3347.643,24425,0,0
2025.08.12 20:00:00,3347.629,3353.842,3346.092,3350.65,10165,0,0
2025.08.13 00:00:00,3350.66,3354.537,3342.758,3349.673,26118,0,0
2025.08.13 04:00:00,3349.695,3361.084,3345.768,3354.803,24234,0,0
2025.08.13 08:00:00,3354.768,3367.201,3352.928,3362.384,26723,0,0
2025.08.13 12:00:00,3362.394,3370.815,3354.208,3357.826,39398,0,0
2025.08.13 16:00:00,3357.858,3361.0,3349.98,3357.892,17663,0,0
2025.08.13 20:00:00,3357.936,3363.525,3355.713,3362.782,9412,0,0
2025.08.14 00:00:00,3362.803,3374.925,3355.46,3360.544,30591,0,0
2025.08.14 04:00:00,3360.576,3366.563,3343.671,3346.064,30244,0,0
2025.08.14 08:00:00,3346.038,3359.216,3341.527,3355.48,32643,0,0
2025.08.14 12:00:00,3355.511,3358.473,3334.328,3341.837,62122,0,0
2025.08.14 16:00:00,3341.803,3342.198,3329.918,3338.045,24861,0,0
2025.08.14 20:00:00,3338.099,3338.629,3332.264,3335.631,10549,0,0
2025.08.15 00:00:00,3335.66,3344.97,3332.452,3343.53,22699,0,0
2025.08.15 04:00:00,3343.492,3348.827,3340.173,3346.227,23252,0,0
2025.08.15 08:00:00,3346.187,3348.348,3336.323,3342.439,27152,0,0
2025.08.15 12:00:00,3342.442,3346.074,3332.936,3342.403,42540,0,0
2025.08.15 16:00:00,3342.436,3342.609,3334.467,3339.223,18836,0,0
2025.08.15 20:00:00,3339.226,3339.515,3335.221,3335.293,3323,0,0
2025.08.17 20:00:00,3334.649,3335.461,3323.583,3327.174,10032,0,0
2025.08.18 00:00:00,3327.16,3351.921,3326.807,3347.236,28477,0,0
2025.08.18 04:00:00,3347.12,3358.498,3346.083,3349.102,26155,0,0
2025.08.18 08:00:00,3349.068,3351.814,3344.555,3345.536,20663,0,0
2025.08.18 12:00:00,3345.58,3348.919,3332.279,3335.749,31823,0,0
2025.08.18 16:00:00,3335.782,3335.964,3330.259,3333.703,16896,0,0
2025.08.18 20:00:00,3333.747,3334.803,3330.614,3331.058,7919,0,0
2025.08.19 00:00:00,3331.07,3341.743,3326.15,3337.867,30085,0,0
2025.08.19 04:00:00,3337.825,3341.925,3334.48,3340.794,21645,0,0
2025.08.19 08:00:00,3340.857,3345.38,3336.507,3339.847,19109,0,0
2025.08.19 12:00:00,3339.848,3340.624,3320.964,3322.749,41389,0,0
2025.08.19 16:00:00,3322.791,3324.515,3314.933,3316.045,21510,0,0
2025.08.19 20:00:00,3316.003,3317.717,3312.851,3314.311,9543,0,0
2025.08.20 00:00:00,3314.321,3318.728,3311.556,3317.597,25129,0,0
2025.08.20 04:00:00,3317.627,3327.677,3317.257,3324.893,20518,0,0
2025.08.20 08:00:00,3324.849,3332.971,3320.966,3332.404,22350,0,0
2025.08.20 12:00:00,3332.4,3350.402,3332.126,3340.674,36857,0,0
2025.08.20 16:00:00,3340.783,3349.343,3340.73,3348.901,18476,0,0
2025.08.20 20:00:00,3348.853,3352.172,3346.454,3346.916,10385,0,0
2025.08.21 00:00:00,3346.986,3346.986,3339.767,3339.938,20119,0,0
2025.08.21 04:00:00,3339.967,3341.59,3334.363,3339.709,19053,0,0
2025.08.21 08:00:00,3339.745,3342.314,3325.231,3333.649,23528,0,0
2025.08.21 12:00:00,3333.684,3348.192,3333.684,3343.727,46850,0,0
2025.08.21 16:00:00,3343.677,3344.027,3336.624,3338.903,17373,0,0
2025.08.21 20:00:00,3338.943,3340.72,3337.436,3338.491,7650,0,0
2025.08.22 00:00:00,3338.447,3340.305,3331.693,3332.056,19903,0,0
2025.08.22 04:00:00,3332.043,3335.106,3325.791,3327.545,20219,0,0
2025.08.22 08:00:00,3327.508,3331.851,3325.412,3329.426,19636,0,0
2025.08.22 12:00:00,3329.422,3378.949,3321.473,3367.994,72947,0,0
2025.08.22 16:00:00,3367.922,3375.581,3367.888,3373.293,22547,0,0
2025.08.22 20:00:00,3373.346,3373.76,3370.234,3372.379,3370,0,0
2025.08.24 20:00:00,3368.824,3371.091,3365.928,3369.16,7190,0,0
2025.08.25 00:00:00,3369.121,3369.764,3359.891,3367.343,21106,0,0
2025.08.25 04:00:00,3367.343,3369.968,3363.108,3366.306,16194,0,0
2025.08.25 08:00:00,3366.309,3371.594,3362.007,3370.674,16320,0,0
2025.08.25 12:00:00,3370.672,3376.386,3362.265,3374.148,26828,0,0
2025.08.25 16:00:00,3374.08,3374.926,3365.279,3365.501,16572,0,0
2025.08.25 20:00:00,3365.545,3367.256,3351.796,3354.972,12462,0,0
2025.08.26 00:00:00,3354.907,3386.568,3351.287,3372.283,45582,0,0
2025.08.26 04:00:00,3372.297,3379.201,3367.346,3376.806,24725,0,0
2025.08.26 08:00:00,3376.823,3380.44,3367.315,3377.581,25529,0,0
2025.08.26 12:00:00,3377.6,3389.537,3370.454,3386.768,36563,0,0
2025.08.26 16:00:00,3386.755,3390.898,3380.325,3389.738,19120,0,0
2025.08.26 20:00:00,3389.769,3393.663,3388.8,3390.942,10018,0,0
2025.08.27 00:00:00,3390.933,3393.634,3380.657,3380.713,21219,0,0
2025.08.27 04:00:00,3380.757,3382.01,3373.835,3381.473,21525,0,0
2025.08.27 08:00:00,3381.454,3385.57,3373.778,3376.902,23999,0,0
2025.08.27 12:00:00,3376.924,3390.5,3374.335,3387.978,34344,0,0
2025.08.27 16:00:00,3387.997,3398.903,3387.558,3396.29,21062,0,0
2025.08.27 20:00:00,3396.252,3399.582,3394.217,3395.899,10573,0,0
2025.08.28 00:00:00,3395.83,3398.109,3384.717,3390.153,23573,0,0
2025.08.28 04:00:00,3390.286,3397.776,3387.688,3395.832,20108,0,0
2025.08.28 08:00:00,3395.831,3407.738,3393.913,3404.184,24023,0,0
2025.08.28 12:00:00,3404.215,3413.57,3394.361,3410.981,40911,0,0
2025.08.28 16:00:00,3410.977,3423.292,3409.941,3422.15,21952,0,0
2025.08.28 20:00:00,3422.19,3422.601,3414.837,3414.899,9007,0,0
2025.08.29 00:00:00,3414.93,3417.965,3408.036,3410.944,20231,0,0
2025.08.29 04:00:00,3410.923,3412.74,3406.617,3412.277,18581,0,0
2025.08.29 08:00:00,3412.241,3414.959,3404.389,3410.805,20278,0,0
2025.08.29 12:00:00,3410.735,3447.713,3406.788,3445.574,44123,0,0
2025.08.29 16:00:00,3445.567,3454.004,3441.068,3452.685,29533,0,0
2025.08.29 20:00:00,3452.72,3452.814,3445.848,3448.115,5525,0,0
2025.08.31 20:00:00,3445.946,3452.686,3442.539,3448.032,9808,0,0
2025.09.01 00:00:00,3447.992,3486.187,3437.138,3474.603,51920,0,0
2025.09.01 04:00:00,3474.571,3490.008,3467.916,3477.899,35453,0,0
2025.09.01 08:00:00,3477.931,3479.981,3466.361,3470.125,31322,0,0
2025.09.01 12:00:00,3470.138,3481.378,3467.192,3474.165,27354,0,0
2025.09.01 16:00:00,3474.168,3478.973,3472.43,3476.84,7261,0,0
2025.09.01 20:00:00,3476.379,3481.604,3474.607,3479.291,11438,0,0
2025.09.02 00:00:00,3479.263,3508.821,3476.977,3495.172,44141,0,0
2025.09.02 04:00:00,3495.088,3498.412,3472.181,3476.937,36090,0,0
2025.09.02 08:00:00,3477.035,3490.22,3470.298,3489.83,39235,0,0
2025.09.02 12:00:00,3489.767,3520.38,3474.27,3520.38,78005,0,0
2025.09.02 16:00:00,3520.407,3540.202,3518.221,3537.043,34704,0,0
2025.09.02 20:00:00,3537.118,3537.824,3526.36,3530.064,15226,0,0
2025.09.03 00:00:00,3530.09,3547.03,3528.102,3530.895,45389,0,0
2025.09.03 04:00:00,3530.895,3538.372,3526.886,3533.901,30439,0,0
2025.09.03 08:00:00,3533.954,3549.674,3532.372,3547.631,33032,0,0
2025.09.03 12:00:00,3547.615,3567.484,3541.437,3564.033,69364,0,0
2025.09.03 16:00:00,3564.026,3578.507,3561.249,3563.639,36655,0,0
2025.09.03 20:00:00,3563.607,3566.144,3554.491,3560.372,21549,0,0
2025.09.04 00:00:00,3560.421,3563.553,3511.252,3529.227,58076,0,0
2025.09.04 04:00:00,3529.262,3541.807,3524.52,3541.217,35709,0,0
2025.09.04 08:00:00,3541.17,3549.917,3536.638,3545.544,34112,0,0
2025.09.04 12:00:00,3545.499,3558.905,3535.167,3552.908,66009,0,0
2025.09.04 16:00:00,3552.946,3556.307,3542.606,3549.88,25947,0,0
2025.09.04 20:00:00,3549.916,3554.629,3539.989,3552.632,14278,0,0
2025.09.05 00:00:00,3552.612,3559.182,3546.038,3558.373,31254,0,0
2025.09.05 04:00:00,3558.439,3561.23,3546.715,3548.277,26305,0,0
2025.09.05 08:00:00,3548.241,3555.281,3544.801,3553.308,26332,0,0
2025.09.05 12:00:00,3553.334,3597.973,3548.882,3592.085,113014,0,0
2025.09.05 16:00:00,3592.126,3600.156,3590.584,3594.817,35214,0,0
2025.09.05 20:00:00,3594.784,3595.434,3586.456,3586.677,5908,0,0
2025.09.07 20:00:00,3591.936,3596.796,3587.192,3591.247,23711,0,0
2025.09.08 00:00:00,3591.19,3597.24,3583.006,3583.69,45074,0,0
2025.09.08 04:00:00,3583.654,3613.654,3579.7,3609.563,31506,0,0
2025.09.08 08:00:00,3609.658,3622.6,3607.212,3620.006,32300,0,0
2025.09.08 12:00:00,3619.966,3646.416,3614.84,3639.353,65009,0,0
2025.09.08 16:00:00,3639.411,3641.852,3631.931,3636.608,28305,0,0
2025.09.08 20:00:00,3636.635,3638.025,3628.276,3635.072,14007,0,0
2025.09.09 00:00:00,3635.103,3654.677,3633.554,3645.918,39738,0,0
2025.09.09 04:00:00,3645.949,3659.379,3636.565,3644.443,43758,0,0
2025.09.09 08:00:00,3644.378,3656.76,3642.049,3648.08,33231,0,0
2025.09.09 12:00:00,3648.152,3674.645,3626.925,3645.521,105187,0,0
2025.09.09 16:00:00,3645.543,3649.537,3628.529,3629.442,29817,0,0
2025.09.09 20:00:00,3629.405,3640.833,3623.2,3633.648,19630,0,0
2025.09.10 00:00:00,3633.623,3638.405,3620.26,3636.559,41520,0,0
2025.09.10 04:00:00,3636.657,3648.547,3636.568,3644.183,28097,0,0
2025.09.10 08:00:00,3644.221,3657.657,3642.075,3649.362,28449,0,0
2025.09.10 12:00:00,3649.378,3657.497,3638.518,3644.575,57560,0,0
2025.09.10 16:00:00,3644.545,3649.8,3635.144,3641.978,25489,0,0
2025.09.10 20:00:00,3641.944,3645.632,3638.077,3644.995,12578,0,0
2025.09.11 00:00:00,3644.955,3649.214,3629.899,3632.085,31387,0,0
2025.09.11 04:00:00,3632.152,3638.076,3622.746,3629.891,33861,0,0
2025.09.11 08:00:00,3629.925,3631.796,3614.216,3616.87,30275,0,0
2025.09.11 12:00:00,3616.936,3643.987,3613.213,3633.146,76346,0,0
2025.09.11 16:00:00,3633.182,3641.984,3630.378,3637.025,27481,0,0
2025.09.11 20:00:00,3636.989,3638.341,3631.651,3631.922,9641,0,0
2025.09.12 00:00:00,3631.89,3653.366,3630.577,3652.929,33732,0,0
2025.09.12 04:00:00,3652.89,3656.7,3647.852,3648.381,25464,0,0
2025.09.12 08:00:00,3648.322,3652.187,3637.81,3647.124,32010,0,0
2025.09.12 12:00:00,3647.156,3654.4,3638.322,3644.595,46546,0,0
2025.09.12 16:00:00,3644.652,3650.695,3642.753,3644.244,18894,0,0
2025.09.12 20:00:00,3644.284,3645.469,3641.427,3643.564,4080,0,0
2025.09.14 20:00:00,3644.69,3646.076,3636.852,3638.321,7116,0,0
2025.09.15 00:00:00,3638.317,3646.502,3626.621,3646.099,32591,0,0
2025.09.15 04:00:00,3646.11,3646.972,3633.834,3643.901,24247,0,0
2025.09.15 08:00:00,3643.98,3646.781,3635.791,3642.741,28356,0,0
2025.09.15 12:00:00,3642.766,3682.018,3637.004,3680.515,47417,0,0
2025.09.15 16:00:00,3680.577,3685.703,3674.855,3681.035,29631,0,0
2025.09.15 20:00:00,3680.992,3682.066,3676.211,3677.069,10761,0,0
2025.09.16 00:00:00,3676.966,3689.56,3674.798,3681.215,33604,0,0
2025.09.16 04:00:00,3681.142,3694.29,3680.259,3686.55,25418,0,0
2025.09.16 08:00:00,3686.511,3699.555,3686.187,3697.174,28484,0,0
2025.09.16 12:00:00,3697.283,3703.225,3678.948,3686.222,60375,0,0
2025.09.16 16:00:00,3686.29,3691.257,3684.693,3689.69,23148,0,0
2025.09.16 20:00:00,3689.748,3695.323,3689.54,3694.325,9455,0,0
2025.09.17 00:00:00,3694.324,3695.458,3674.298,3681.768,33148,0,0
2025.09.17 04:00:00,3681.798,3685.934,3666.673,3667.279,29597,0,0
2025.09.17 08:00:00,3667.235,3671.044,3659.923,3666.055,35263,0,0
2025.09.17 12:00:00,3666.067,3687.28,3665.618,3684.216,39191,0,0
2025.09.17 16:00:00,3684.247,3707.535,3646.137,3661.81,128132,0,0
2025.09.17 20:00:00,3661.835,3672.1,3655.662,3669.249,19079,0,0
2025.09.18 00:00:00,3669.18,3670.059,3651.906,3658.586,41381,0,0
2025.09.18 04:00:00,3658.634,3659.915,3633.947,3659.098,46327,0,0
2025.09.18 08:00:00,3659.051,3673.101,3653.767,3667.273,34785,0,0
2025.09.18 12:00:00,3667.313,3672.532,3627.824,3641.395,83179,0,0
2025.09.18 16:00:00,3641.426,3647.307,3640.586,3646.645,28095,0,0
2025.09.18 20:00:00,3646.691,3647.337,3637.8,3640.319,9710,0,0
2025.09.19 00:00:00,3640.322,3656.524,3632.283,3653.802,40714,0,0
2025.09.19 04:00:00,3653.74,3661.374,3643.397,3653.954,35626,0,0
2025.09.19 08:00:00,3653.915,3659.308,3645.756,3648.501,26965,0,0
2025.09.19 12:00:00,3648.524,3676.112,3643.843,3670.819,55436,0,0
2025.09.19 16:00:00,3670.79,3685.28,3666.682,3684.542,27233,0,0
2025.09.19 20:00:00,3684.433,3685.118,3680.909,3684.941,4025,0,0
2025.09.21 20:00:00,3688.049,3692.355,3683.856,3686.343,12042,0,0
2025.09.22 00:00:00,3686.302,3697.612,3685.546,3695.527,39673,0,0
2025.09.22 04:00:00,3695.533,3719.937,3690.182,3713.306,38094,0,0
2025.09.22 08:00:00,3713.273,3728.393,3712.394,3724.686,33776,0,0
2025.09.22 12:00:00,3724.723,3736.475,3712.134,3736.23,67040,0,0
2025.09.22 16:00:00,3736.189,3748.873,3735.281,3747.747,27885,0,0
2025.09.22 20:00:00,3747.722,3749.334,3738.353,3747.877,15228,0,0
2025.09.23 00:00:00,3747.909,3759.405,3736.802,3746.557,48757,0,0
2025.09.23 04:00:00,3746.569,3758.871,3743.145,3753.515,36249,0,0
2025.09.23 08:00:00,3753.458,3791.177,3753.088,3783.6,48420,0,0
2025.09.23 12:00:00,3783.635,3788.895,3767.697,3779.418,68478,0,0
2025.09.23 16:00:00,3779.45,3785.784,3751.936,3764.359,62313,0,0
2025.09.23 20:00:00,3764.328,3770.273,3761.641,3763.927,14808,0,0
2025.09.24 00:00:00,3763.902,3771.973,3750.677,3765.49,43515,0,0
2025.09.24 04:00:00,3765.502,3779.307,3763.298,3777.438,31368,0,0
2025.09.24 08:00:00,3777.471,3777.864,3759.709,3769.038,30552,0,0
2025.09.24 12:00:00,3769.012,3773.056,3739.694,3741.194,69164,0,0
2025.09.24 16:00:00,3741.159,3745.305,3717.507,3730.112,44125,0,0
2025.09.24 20:00:00,3730.178,3745.399,3730.021,3743.0,13975,0,0
2025.09.25 00:00:00,3743.08,3751.619,3729.502,3736.658,41391,0,0
2025.09.25 04:00:00,3736.661,3755.081,3731.832,3752.277,36627,0,0
2025.09.25 08:00:00,3752.254,3761.681,3741.147,3753.114,46008,0,0
2025.09.25 12:00:00,3753.063,3756.006,3722.035,3735.908,97049,0,0
2025.09.25 16:00:00,3735.928,3758.376,3732.446,3746.603,45510,0,0
2025.09.25 20:00:00,3746.64,3752.616,3738.131,3744.797,18000,0,0
2025.09.26 00:00:00,3744.756,3753.397,3734.544,3745.515,40252,0,0
2025.09.26 04:00:00,3745.554,3754.245,3739.261,3748.051,34239,0,0
2025.09.26 08:00:00,3748.071,3755.286,3742.983,3748.786,29814,0,0
2025.09.26 12:00:00,3748.742,3783.93,3746.682,3780.453,82081,0,0
2025.09.26 16:00:00,3780.412,3783.284,3764.697,3766.787,42316,0,0
2025.09.26 20:00:00,3766.823,3769.644,3760.106,3761.121,6563,0,0
2025.09.28 20:00:00,3764.798,3772.554,3763.402,3766.979,12970,0,0
2025.09.29 00:00:00,3766.938,3799.519,3764.013,3794.42,74487,0,0
2025.09.29 04:00:00,3794.435,3819.954,3792.499,3806.423,61564,0,0
2025.09.29 08:00:00,3806.461,3831.443,3806.461,3828.996,43992,0,0
2025.09.29 12:00:00,3828.945,3833.3,3809.269,3830.431,86602,0,0
2025.09.29 16:00:00,3830.425,3833.64,3822.685,3828.872,37138,0,0
2025.09.29 20:00:00,3828.83,3834.105,3825.736,3832.915,14637,0,0
2025.09.30 00:00:00,3832.97,3867.285,3831.208,3864.852,52242,0,0
2025.09.30 04:00:00,3864.811,3871.778,3839.572,3843.891,53270,0,0
2025.09.30 08:00:00,3843.923,3847.324,3793.161,3815.269,93130,0,0
2025.09.30 12:00:00,3815.208,3854.623,3808.908,3839.115,101673,0,0
2025.09.30 16:00:00,3839.081,3860.888,3837.859,3859.13,38052,0,0
2025.09.30 20:00:00,3859.17,3863.16,3850.819,3863.007,19784,0,0
2025.10.01 00:00:00,3863.02,3875.642,3855.596,3862.062,43397,0,0
2025.10.01 04:00:00,3862.056,3879.96,3853.424,3879.316,45150,0,0
2025.10.01 08:00:00,3879.317,3895.456,3878.152,3883.592,48630,0,0
2025.10.01 12:00:00,3883.701,3891.202,3856.19,3868.473,120671,0,0
2025.10.01 16:00:00,3868.444,3871.974,3854.948,3867.801,44749,0,0
2025.10.01 20:00:00,3867.811,3867.963,3857.554,3863.598,20163,0,0
2025.10.02 00:00:00,3863.555,3870.101,3852.908,3866.665,36479,0,0
2025.10.02 04:00:00,3866.667,3874.902,3861.777,3868.638,35100,0,0
2025.10.02 08:00:00,3868.57,3886.776,3864.739,3886.393,35895,0,0
2025.10.02 12:00:00,3886.357,3897.234,3819.41,3828.444,136797,0,0
2025.10.02 16:00:00,3828.396,3859.16,3827.253,3855.634,55477,0,0
2025.10.02 20:00:00,3855.683,3863.843,3852.226,3862.49,14648,0,0
2025.10.03 00:00:00,3862.445,3862.859,3838.099,3842.837,45087,0,0
2025.10.03 04:00:00,3842.791,3865.39,3841.688,3864.276,37572,0,0
2025.10.03 08:00:00,3864.309,3867.768,3854.769,3862.186,35897,0,0
2025.10.03 12:00:00,3862.221,3891.718,3860.528,3889.52,96463,0,0
2025.10.03 16:00:00,3889.554,3889.863,3876.963,3885.648,47127,0,0
2025.10.03 20:00:00,3885.617,3887.308,3882.925,3887.125,4690,0,0
2025.10.05 20:00:00,3888.704,3921.066,3884.117,3909.53,35320,0,0
2025.10.06 00:00:00,3909.567,3932.121,3899.011,3929.649,55067,0,0
2025.10.06 04:00:00,3929.664,3945.285,3922.529,3941.697,71057,0,0
2025.10.06 08:00:00,3941.731,3949.678,3931.077,3938.336,61938,0,0
2025.10.06 12:00:00,3938.306,3964.199,3926.558,3962.545,103846,0,0
2025.10.06 16:00:00,3962.534,3970.09,3945.833,3959.531,54547,0,0
2025.10.06 20:00:00,3959.495,3976.278,3957.455,3969.594,32058,0,0
2025.10.07 00:00:00,3969.633,3977.555,3955.884,3973.475,49987,0,0
2025.10.07 04:00:00,3973.511,3976.984,3943.353,3946.042,64628,0,0
2025.10.07 08:00:00,3945.998,3969.262,3940.9,3967.03,49882,0,0
2025.10.07 12:00:00,3967.039,3991.103,3961.896,3966.233,104376,0,0
2025.10.07 16:00:00,3966.278,3987.812,3963.172,3980.235,62312,0,0
2025.10.07 20:00:00,3980.275,3996.026,3980.275,3994.491,16590,0,0
2025.10.08 00:00:00,3994.447,4016.607,3984.582,4014.721,50949,0,0
2025.10.08 04:00:00,4014.768,4039.132,4014.746,4034.206,57554,0,0
2025.10.08 08:00:00,4034.283,4049.694,4030.909,4038.015,51994,0,0
2025.10.08 12:00:00,4037.979,4050.799,4026.422,4045.735,92254,0,0
2025.10.08 16:00:00,4045.774,4059.401,4032.096,4044.966,75174,0,0
2025.10.08 20:00:00,4044.939,4046.774,4001.31,4011.788,40238,0,0
2025.10.09 00:00:00,4011.786,4036.393,4002.575,4026.843,93715,0,0
2025.10.09 04:00:00,4026.8,4043.824,4022.711,4031.662,59616,0,0
2025.10.09 08:00:00,4031.562,4046.868,4030.301,4044.568,44262,0,0
2025.10.09 12:00:00,4044.53,4058.052,4004.009,4014.751,169605,0,0
2025.10.09 16:00:00,4014.661,4021.837,3944.676,3973.113,150539,0,0
2025.10.09 20:00:00,3973.167,3990.913,3958.594,3990.012,32607,0,0
2025.10.10 00:00:00,3990.007,3994.502,3960.897,3962.043,70634,0,0
2025.10.10 04:00:00,3962.014,3977.989,3946.996,3972.07,79441,0,0
2025.10.10 08:00:00,3972.078,4006.84,3970.178,3987.261,73056,0,0
2025.10.10 12:00:00,3987.287,4022.905,3970.744,3998.057,160242,0,0
2025.10.10 16:00:00,3998.091,4021.395,3975.055,4011.286,116963,0,0
2025.10.10 20:00:00,4011.327,4020.983,4005.746,4010.479,17147,0,0
2025.10.12 20:00:00,4014.543,4060.273,4008.725,4035.227,49659,0,0
2025.10.13 00:00:00,4035.275,4060.006,4024.438,4052.005,99688,0,0
2025.10.13 04:00:00,4052.002,4078.26,4051.054,4071.256,70608,0,0
2025.10.13 08:00:00,4071.215,4085.403,4069.106,4074.066,55111,0,0
2025.10.13 12:00:00,4074.067,4107.492,4073.253,4104.988,91523,0,0
2025.10.13 16:00:00,4105.03,4117.117,4090.784,4108.652,63375,0,0
2025.10.13 20:00:00,4108.727,4132.102,4106.104,4128.125,29156,0,0
2025.10.14 00:00:00,4128.171,4166.575,4119.677,4163.453,89422,0,0
2025.10.14 04:00:00,4163.494,4179.799,4090.683,4126.325,180724,0,0
2025.10.14 08:00:00,4126.357,4145.297,4121.83,4130.591,97294,0,0
2025.10.14 12:00:00,4130.553,4142.796,4097.842,4138.069,153642,0,0
2025.10.14 16:00:00,4138.11,4155.364,4127.986,4141.644,92794,0,0
2025.10.14 20:00:00,4141.679,4167.224,4139.218,4161.689,29802,0,0
2025.10.15 00:00:00,4161.654,4190.927,4153.883,4187.131,79684,0,0
2025.10.15 04:00:00,4187.179,4209.879,4173.333,4207.77,55481,0,0
2025.10.15 08:00:00,4207.812,4218.301,4164.852,4198.744,80551,0,0
2025.10.15 12:00:00,4198.772,4212.441,4176.267,4190.315,136035,0,0
2025.10.15 16:00:00,4190.365,4213.605,4182.607,4210.452,79934,0,0
2025.10.15 20:00:00,4210.408,4215.98,4199.664,4209.538,26782,0,0
2025.10.16 00:00:00,4209.643,4242.199,4205.006,4233.896,66694,0,0
2025.10.16 04:00:00,4233.884,4239.533,4203.626,4230.601,83835,0,0
2025.10.16 08:00:00,4230.637,4247.814,4222.142,4240.739,49392,0,0
2025.10.16 12:00:00,4240.783,4276.153,4227.771,4273.483,110960,0,0
2025.10.16 16:00:00,4273.518,4313.123,4261.443,4307.406,133785,0,0
2025.10.16 20:00:00,4307.453,4380.154,4307.453,4365.885,76252,0,0
2025.10.17 00:00:00,4365.843,4371.753,4278.918,4366.774,176763,0,0
2025.10.17 04:00:00,4366.783,4378.634,4309.093,4342.42,144932,0,0
2025.10.17 08:00:00,4342.447,4349.839,4286.733,4287.195,143456,0,0
2025.10.17 12:00:00,4287.258,4320.351,4216.93,4237.558,310026,0,0
2025.10.17 16:00:00,4237.62,4245.023,4186.252,4226.016,188041,0,0
2025.10.17 20:00:00,4225.975,4252.782,4220.182,4251.016,21058,0,0
2025.10.19 20:00:00,4264.709,4268.405,4233.326,4237.945,41008,0,0
2025.10.20 00:00:00,4237.919,4271.366,4219.011,4264.805,123124,0,0
2025.10.20 04:00:00,4264.761,4268.392,4221.49,4255.253,98291,0,0
2025.10.20 08:00:00,4255.217,4279.818,4245.701,4279.387,66834,0,0
2025.10.20 12:00:00,4279.297,4355.832,4272.807,4349.295,170763,0,0
2025.10.20 16:00:00,4349.26,4381.652,4337.42,4378.291,75328,0,0
2025.10.20 20:00:00,4378.227,4380.233,4346.555,4360.522,54172,0,0
2025.10.21 00:00:00,4360.485,4372.376,4332.947,4346.659,97093,0,0
2025.10.21 04:00:00,4346.618,4347.076,4293.448,4298.529,100323,0,0
2025.10.21 08:00:00,4298.44,4301.821,4244.808,4253.405,151660,0,0
2025.10.21 12:00:00,4253.433,4257.591,4080.897,4138.652,349375,0,0
2025.10.21 16:00:00,4138.728,4143.956,4093.642,4108.942,150546,0,0
2025.10.21 20:00:00,4108.986,4132.402,4090.207,4093.215,49986,0,0
2025.10.22 00:00:00,4093.262,4143.216,4004.265,4128.754,232567,0,0
2025.10.22 04:00:00,4128.69,4161.44,4107.649,4132.981,106641,0,0
2025.10.22 08:00:00,4132.943,4135.943,4015.15,4027.858,227552,0,0
2025.10.22 12:00:00,4027.885,4085.352,4011.068,4037.123,240638,0,0
2025.10.22 16:00:00,4037.088,4113.712,4023.219,4102.413,143316,0,0
2025.10.22 20:00:00,4102.376,4116.551,4080.597,4087.815,55198,0,0
2025.10.23 00:00:00,4087.719,4100.826,4066.037,4091.253,101039,0,0
2025.10.23 04:00:00,4091.275,4137.82,4079.736,4094.372,100096,0,0
2025.10.23 08:00:00,4094.425,4125.548,4094.425,4109.694,93268,0,0
2025.10.23 12:00:00,4109.661,4154.764,4100.22,4141.925,133290,0,0
2025.10.23 16:00:00,4141.881,4148.723,4116.506,4118.369,73353,0,0
2025.10.23 20:00:00,4118.413,4132.003,4105.892,4121.783,33583,0,0
2025.10.24 00:00:00,4121.827,4144.377,4107.636,4122.46,73327,0,0
2025.10.24 04:00:00,4122.342,4123.396,4069.627,4074.325,81707,0,0
2025.10.24 08:00:00,4074.444,4077.991,4044.058,4061.451,89480,0,0
2025.10.24 12:00:00,4061.554,4135.245,4059.898,4130.427,173423,0,0
2025.10.24 16:00:00,4130.502,4138.702,4101.877,4104.079,82408,0,0
2025.10.24 20:00:00,4104.116,4114.13,4096.334,4113.162,9800,0,0
2025.10.26 20:00:00,4083.669,4109.282,4061.992,4064.538,50194,0,0
2025.10.27 00:00:00,4064.612,4097.848,4058.188,4069.659,84899,0,0
2025.10.27 04:00:00,4069.603,4084.862,4053.885,4068.699,65027,0,0
2025.10.27 08:00:00,4068.668,4070.619,4015.476,4024.003,108526,0,0
2025.10.27 12:00:00,4024.071,4050.355,3971.428,3990.01,190368,0,0
2025.10.27 16:00:00,3990.119,4010.227,3984.058,3990.209,84301,0,0
2025.10.27 20:00:00,3990.256,4004.642,3979.159,3998.538,36779,0,0
2025.10.28 00:00:00,3998.459,4019.847,3973.123,3992.98,81778,0,0
2025.10.28 04:00:00,3992.945,3994.335,3921.79,3932.512,101525,0,0
2025.10.28 08:00:00,3932.557,3935.974,3886.668,3923.373,119038,0,0
2025.10.28 12:00:00,3923.4,3969.646,3905.569,3964.868,122302,0,0
2025.10.28 16:00:00,3964.837,3970.502,3945.224,3960.349,86178,0,0
2025.10.28 20:00:00,3960.392,3967.921,3916.092,3964.901,48651,0,0
2025.10.29 00:00:00,3964.93,3982.304,3944.279,3963.44,82127,0,0
2025.10.29 04:00:00,3963.453,4001.699,3950.829,4001.699,70263,0,0
2025.10.29 08:00:00,4001.728,4029.786,4000.516,4016.773,75357,0,0
2025.10.29 12:00:00,4016.802,4030.348,3989.317,3993.082,103482,0,0
2025.10.29 16:00:00,3993.089,4007.581,3927.99,3945.635,163926,0,0
2025.10.29 20:00:00,3945.608,3954.284,3917.243,3952.959,54077,0,0
2025.10.30 00:00:00,3952.878,3966.469,3915.381,3938.066,92100,0,0
2025.10.30 04:00:00,3938.173,3982.509,3934.922,3961.403,102226,0,0
2025.10.30 08:00:00,3961.419,4011.935,3960.24,3974.46,88862,0,0
2025.10.30 12:00:00,3974.502,4014.918,3960.152,4002.018,145343,0,0
2025.10.30 16:00:00,4001.98,4026.097,3991.46,4023.546,67778,0,0
2025.10.30 20:00:00,4023.51,4046.502,4016.408,4036.738,42485,0,0
2025.10.31 00:00:00,4036.713,4039.37,3991.172,3996.502,89634,0,0
2025.10.31 04:00:00,3996.528,4025.397,3989.158,4021.121,74312,0,0
2025.10.31 08:00:00,4021.06,4026.951,3998.832,4010.593,62698,0,0
2025.10.31 12:00:00,4010.563,4036.268,4009.155,4012.812,107610,0,0
2025.10.31 16:00:00,4012.849,4015.202,3972.486,4001.151,104501,0,0
2025.10.31 20:00:00,4001.113,4006.789,3996.227,4001.701,7959,0,0
2025.11.02 20:00:00,3990.799,3999.02,3977.993,3979.877,17544,0,0
2025.11.03 00:00:00,3979.808,4015.567,3962.386,4011.266,87401,0,0
2025.11.03 04:00:00,4011.263,4026.134,3997.765,4025.359,56114,0,0
2025.11.03 08:00:00,4025.451,4027.916,3993.048,4007.643,75004,0,0
2025.11.03 12:00:00,4007.636,4030.726,4001.778,4008.715,103101,0,0
2025.11.03 16:00:00,4008.684,4013.572,3995.136,4004.79,62191,0,0
2025.11.03 20:00:00,4004.75,4015.012,3981.043,3997.303,28587,0,0
2025.11.04 00:00:00,3997.381,3999.46,3975.547,3994.644,73422,0,0
2025.11.04 04:00:00,3994.605,3996.518,3966.853,3994.028,66785,0,0
2025.11.04 08:00:00,3994.118,4000.791,3985.971,3995.259,55148,0,0
2025.11.04 12:00:00,3995.3,3997.656,3928.89,3956.915,109430,0,0
2025.11.04 16:00:00,3956.955,3975.858,3932.148,3937.515,78626,0,0
2025.11.04 20:00:00,3937.53,3942.153,3930.478,3934.847,31847,0,0
2025.11.05 00:00:00,3934.873,3965.465,3929.678,3960.882,66021,0,0
2025.11.05 04:00:00,3960.921,3978.636,3959.832,3972.781,49278,0,0
2025.11.05 08:00:00,3972.814,3987.171,3956.071,3966.954,51782,0,0
2025.11.05 12:00:00,3966.903,3985.642,3962.316,3978.384,77585,0,0
2025.11.05 16:00:00,3978.423,3990.623,3974.895,3987.889,43752,0,0
2025.11.05 20:00:00,3987.918,3990.323,3966.794,3973.751,24003,0,0
2025.11.06 00:00:00,3973.71,3990.519,3964.623,3987.636,44747,0,0
2025.11.06 04:00:00,3987.597,4009.725,3982.257,4005.958,39412,0,0
2025.11.06 08:00:00,4005.932,4019.689,4004.328,4018.262,39512,0,0
2025.11.06 12:00:00,4018.196,4019.605,3975.277,3980.3,85261,0,0
2025.11.06 16:00:00,3980.344,3995.336,3965.822,3985.46,65938,0,0
2025.11.06 20:00:00,3985.43,3989.805,3974.434,3989.257,27657,0,0
2025.11.07 00:00:00,3989.293,4003.491,3984.573,3990.525,38494,0,0
2025.11.07 04:00:00,3990.493,4010.096,3985.443,4007.852,38037,0,0
2025.11.07 08:00:00,4007.916,4014.275,3993.74,4002.941,42372,0,0
2025.11.07 12:00:00,4003.015,4008.542,3984.138,3991.032,78911,0,0
2025.11.07 16:00:00,3991.069,4027.708,3989.995,4006.914,78151,0,0
2025.11.07 20:00:00,4006.891,4007.256,3994.42,4001.502,22478,0,0
2025.11.09 20:00:00,4004.956,4012.345,4004.119,4011.94,11873,0,0
2025.11.10 00:00:00,4011.95,4053.336,4011.212,4050.372,64129,0,0
2025.11.10 04:00:00,4050.322,4079.245,4050.027,4075.287,44810,0,0
2025.11.10 08:00:00,4075.323,4086.318,4071.727,4085.373,46439,0,0
2025.11.10 12:00:00,4085.415,4105.966,4074.485,4084.635,93109,0,0
2025.11.10 16:00:00,4084.589,4115.914,4082.001,4113.251,47719,0,0
2025.11.10 20:00:00,4113.182,4122.773,4106.66,4120.035,23617,0,0
2025.11.11 00:00:00,4120.072,4148.193,4116.275,4146.959,55062,0,0
2025.11.11 04:00:00,4146.876,4148.942,4124.655,4129.751,48180,0,0
2025.11.11 08:00:00,4129.649,4146.081,4128.885,4142.868,39926,0,0
2025.11.11 12:00:00,4142.909,4146.75,4097.187,4106.751,85247,0,0
2025.11.11 16:00:00,4106.701,4126.255,4105.126,4123.09,49028,0,0
2025.11.11 20:00:00,4123.142,4144.737,4122.446,4142.719,26949,0,0
2025.11.12 00:00:00,4142.726,4145.604,4111.87,4112.052,57012,0,0
2025.11.12 04:00:00,4111.991,4125.398,4099.009,4117.043,54146,0,0
2025.11.12 08:00:00,4117.084,4133.653,4112.211,4126.201,53802,0,0
2025.11.12 12:00:00,4126.177,4185.784,4122.893,4181.504,102952,0,0
2025.11.12 16:00:00,4181.461,4211.903,4180.177,4197.565,95939,0,0
2025.11.12 20:00:00,4197.52,4208.213,4187.296,4191.177,35768,0,0
2025.11.13 00:00:00,4191.135,4213.566,4179.944,4213.205,81102,0,0
2025.11.13 04:00:00,4213.174,4220.223,4203.393,4220.022,61656,0,0
2025.11.13 08:00:00,4219.976,4240.341,4218.954,4230.59,62537,0,0
2025.11.13 12:00:00,4230.613,4245.412,4184.587,4202.556,128766,0,0
2025.11.13 16:00:00,4202.589,4211.089,4145.449,4163.909,124122,0,0
2025.11.13 20:00:00,4163.952,4186.777,4160.363,4185.979,43621,0,0
2025.11.14 00:00:00,4185.988,4211.651,4173.768,4204.523,67142,0,0
2025.11.14 04:00:00,4204.48,4205.916,4158.916,4181.049,72636,0,0
2025.11.14 08:00:00,4180.981,4187.088,4130.857,4132.938,82723,0,0
2025.11.14 12:00:00,4132.895,4140.581,4032.277,4093.554,213810,0,0
2025.11.14 16:00:00,4093.61,4111.292,4080.869,4090.052,103559,0,0
2025.11.14 20:00:00,4090.143,4092.419,4075.374,4084.7,30401,0,0
2025.11.16 20:00:00,4083.835,4106.889,4072.263,4096.537,23002,0,0
2025.11.17 00:00:00,4096.608,4102.182,4070.128,4083.073,94247,0,0
2025.11.17 04:00:00,4083.032,4089.323,4049.729,4088.239,66858,0,0
2025.11.17 08:00:00,4088.21,4096.067,4061.106,4078.573,72635,0,0
2025.11.17 12:00:00,4078.468,4092.356,4060.713,4064.316,102326,0,0
2025.11.17 16:00:00,4064.282,4081.189,4010.857,4011.309,100664,0,0
2025.11.17 20:00:00,4011.338,4055.645,4006.907,4036.905,59284,0,0
2025.11.18 00:00:00,4036.942,4045.132,4008.282,4013.365,85826,0,0
2025.11.18 04:00:00,4013.396,4025.307,3998.117,4013.754,73340,0,0
2025.11.18 08:00:00,4013.728,4050.526,4010.62,4039.414,69138,0,0
2025.11.18 12:00:00,4039.383,4082.122,4029.144,4053.023,131946,0,0
2025.11.18 16:00:00,4053.075,4082.14,4040.507,4081.131,84981,0,0
2025.11.18 20:00:00,4081.169,4082.353,4064.914,4076.772,31869,0,0
2025.11.19 00:00:00,4076.886,4080.739,4055.745,4067.069,65076,0,0
2025.11.19 04:00:00,4066.963,4098.702,4064.486,4087.126,55372,0,0
2025.11.19 08:00:00,4087.083,4119.253,4078.292,4112.98,70885,0,0
2025.11.19 12:00:00,4112.915,4132.766,4090.132,4096.718,110771,0,0
2025.11.19 16:00:00,4096.662,4098.726,4055.652,4073.731,146566,0,0
2025.11.19 20:00:00,4073.729,4108.319,4065.634,4104.742,46030,0,0
2025.11.20 00:00:00,4104.772,4110.421,4040.006,4072.534,97511,0,0
2025.11.20 04:00:00,4072.507,4080.646,4054.131,4060.039,69058,0,0
2025.11.20 08:00:00,4059.981,4072.827,4038.766,4060.869,85576,0,0
2025.11.20 12:00:00,4060.813,4107.226,4060.164,4070.352,146838,0,0
2025.11.20 16:00:00,4070.393,4087.378,4043.754,4084.732,159979,0,0
2025.11.20 20:00:00,4084.695,4088.897,4073.004,4079.267,43002,0,0
2025.11.21 00:00:00,4079.327,4081.496,4049.418,4056.277,74860,0,0
2025.11.21 04:00:00,4056.24,4064.961,4024.902,4031.755,82738,0,0
2025.11.21 08:00:00,4031.785,4063.701,4022.338,4036.668,94898,0,0
2025.11.21 12:00:00,4036.633,4084.048,4034.819,4069.819,151453,0,0
2025.11.21 16:00:00,4069.803,4101.358,4062.99,4087.667,104476,0,0
2025.11.21 20:00:00,4087.701,4088.835,4054.585,4066.193,39708,0,0
2025.11.23 20:00:00,4072.549,4077.775,4065.895,4075.197,14669,0,0
2025.11.24 00:00:00,4075.228,4076.224,4040.662,4050.587,67613,0,0
2025.11.24 04:00:00,4050.62,4067.719,4039.922,4059.98,63017,0,0
2025.11.24 08:00:00,4059.938,4077.334,4059.578,4070.048,54247,0,0
2025.11.24 12:00:00,4069.94,4093.985,4065.715,4091.821,86238,0,0
2025.11.24 16:00:00,4091.871,4125.861,4088.085,4118.588,66425,0,0
2025.11.24 20:00:00,4118.611,4144.491,4118.022,4143.89,38567,0,0
2025.11.25 00:00:00,4143.882,4155.9,4122.604,4143.132,84271,0,0
2025.11.25 04:00:00,4143.106,4152.143,4130.357,4132.681,58403,0,0
2025.11.25 08:00:00,4132.633,4139.602,4109.236,4133.555,65348,0,0
2025.11.25 12:00:00,4133.592,4150.924,4111.114,4123.21,108326,0,0
2025.11.25 16:00:00,4123.172,4159.578,4122.188,4133.843,84057,0,0
2025.11.25 20:00:00,4133.877,4138.499,4127.709,4133.81,27649,0,0
2025.11.26 00:00:00,4133.889,4169.501,4132.675,4166.184,57760,0,0
2025.11.26 04:00:00,4166.142,4168.774,4146.678,4157.389,50094,0,0
2025.11.26 08:00:00,4157.36,4173.215,4154.812,4171.636,54336,0,0
2025.11.26 12:00:00,4171.657,4173.675,4136.588,4165.326,100691,0,0
2025.11.26 16:00:00,4165.366,4171.823,4158.103,4163.334,56471,0,0
2025.11.26 20:00:00,4163.385,4169.024,4161.404,4165.045,23876,0,0
2025.11.27 00:00:00,4165.005,4167.393,4144.225,4147.544,50297,0,0
2025.11.27 04:00:00,4147.5,4162.332,4142.681,4160.089,45144,0,0
2025.11.27 08:00:00,4160.139,4167.261,4148.341,4157.432,45002,0,0
2025.11.27 12:00:00,4157.485,4161.94,4149.231,4158.071,44222,0,0
2025.11.27 16:00:00,4158.085,4160.45,4151.523,4157.196,17582,0,0
2025.11.27 20:00:00,4160.493,4164.13,4158.379,4163.511,4653,0,0
2025.11.28 00:00:00,4163.451,4193.126,4163.223,4184.307,42317,0,0
2025.11.28 04:00:00,4184.312,4188.942,4156.248,4174.711,24660,0,0
2025.11.28 08:00:00,4174.715,4180.595,4148.049,4172.099,56459,0,0
2025.11.28 12:00:00,4172.06,4209.075,4168.792,4203.628,57527,0,0
2025.11.28 16:00:00,4203.655,4226.559,4197.639,4219.258,51530,0,0
2025.11.30 20:00:00,4219.967,4225.363,4205.905,4222.013,15787,0,0
2025.12.01 00:00:00,4221.986,4256.527,4218.34,4239.43,84562,0,0
2025.12.01 04:00:00,4239.423,4247.069,4215.514,4245.4,60207,0,0
2025.12.01 08:00:00,4245.366,4262.405,4238.531,4254.714,50369,0,0
2025.12.01 12:00:00,4254.719,4264.642,4219.669,4232.645,104640,0,0
2025.12.01 16:00:00,4232.669,4244.776,4223.207,4236.931,93242,0,0
2025.12.01 20:00:00,4236.899,4241.648,4224.503,4227.73,35132,0,0
2025.12.02 00:00:00,4227.759,4229.846,4191.592,4217.01,82210,0,0
2025.12.02 04:00:00,4216.893,4226.349,4203.338,4213.401,54138,0,0
2025.12.02 08:00:00,4213.466,4217.293,4181.025,4205.377,60462,0,0
2025.12.02 12:00:00,4205.334,4230.939,4163.631,4169.506,116018,0,0
2025.12.02 16:00:00,4169.545,4200.773,4166.947,4196.6,81698,0,0
2025.12.02 20:00:00,4196.637,4216.362,4194.95,4212.956,33707,0,0
2025.12.03 00:00:00,4212.993,4228.944,4204.469,4221.324,62163,0,0
2025.12.03 04:00:00,4221.262,4225.508,4200.039,4206.533,59876,0,0
2025.12.03 08:00:00,4206.562,4210.384,4194.56,4208.644,50713,0,0
2025.12.03 12:00:00,4208.617,4241.659,4205.129,4216.422,110430,0,0
2025.12.03 16:00:00,4216.387,4225.044,4195.285,4207.952,79085,0,0
2025.12.03 20:00:00,4207.91,4212.828,4202.475,4207.245,25948,0,0
2025.12.04 00:00:00,4207.182,4216.922,4187.345,4195.931,60867,0,0
2025.12.04 04:00:00,4195.848,4199.187,4174.914,4193.827,62784,0,0
2025.12.04 08:00:00,4193.793,4206.605,4183.733,4198.66,51812,0,0
2025.12.04 12:00:00,4198.705,4213.666,4185.555,4207.6,97271,0,0
2025.12.04 16:00:00,4207.573,4219.566,4199.679,4208.995,59535,0,0
2025.12.04 20:00:00,4209.043,4210.4,4203.969,4206.159,21081,0,0
2025.12.05 00:00:00,4206.157,4211.033,4194.904,4209.637,48393,0,0
2025.12.05 04:00:00,4209.624,4230.77,4207.924,4224.515,44427,0,0
2025.12.05 08:00:00,4224.464,4227.633,4216.019,4223.773,33307,0,0
2025.12.05 12:00:00,4223.802,4259.32,4221.604,4243.56,87255,0,0
2025.12.05 16:00:00,4243.616,4245.778,4198.731,4207.729,105694,0,0
2025.12.05 20:00:00,4207.77,4207.924,4191.943,4198.602,37362,0,0
2025.12.07 20:00:00,4202.568,4209.061,4190.274,4201.469,2185,0,0
2025.12.08 00:00:00,4201.513,4213.519,4197.584,4210.123,51099,0,0
2025.12.08 04:00:00,4210.127,4219.043,4204.683,4206.944,34528,0,0
2025.12.08 08:00:00,4206.943,4216.611,4199.729,4208.507,38085,0,0
2025.12.08 12:00:00,4208.475,4215.597,4176.217,4183.001,80827,0,0
2025.12.08 16:00:00,4182.971,4197.971,4177.198,4187.137,46535,0,0
2025.12.08 20:00:00,4187.097,4195.577,4185.007,4194.815,16169,0,0
2025.12.09 00:00:00,4194.82,4198.91,4186.097,4194.68,38567,0,0
2025.12.09 04:00:00,4194.603,4195.722,4170.177,4182.448,47045,0,0
2025.12.09 08:00:00,4182.412,4213.217,4182.412,4203.058,49775,0,0
2025.12.09 12:00:00,4203.101,4216.55,4189.471,4212.57,92544,0,0
2025.12.09 16:00:00,4212.608,4221.606,4201.304,4212.657,69172,0,0
2025.12.09 20:00:00,4212.62,4216.19,4207.311,4210.95,37817,0,0
2025.12.10 00:00:00,4210.884,4218.885,4203.845,4206.38,49420,0,0
2025.12.10 04:00:00,4206.458,4214.466,4201.85,4203.435,38273,0,0
2025.12.10 08:00:00,4203.38,4206.646,4187.809,4197.288,43242,0,0
2025.12.10 12:00:00,4197.334,4207.195,4189.037,4193.7,72481,0,0
2025.12.10 16:00:00,4193.75,4219.932,4181.766,4216.452,104052,0,0
2025.12.10 20:00:00,4216.426,4238.804,4211.068,4232.55,61904,0,0
2025.12.11 00:00:00,4232.539,4247.861,4209.468,4216.818,70985,0,0
2025.12.11 04:00:00,4216.759,4218.769,4204.324,4216.159,51139,0,0
2025.12.11 08:00:00,4216.133,4226.011,4209.747,4211.254,63754,0,0
2025.12.11 12:00:00,4211.277,4261.62,4205.264,4256.053,172526,0,0
2025.12.11 16:00:00,4256.087,4286.039,4250.174,4273.701,156795,0,0
2025.12.11 20:00:00,4273.678,4283.743,4264.316,4276.603,66361,0,0
2025.12.12 00:00:00,4276.551,4280.307,4264.818,4270.689,55159,0,0
2025.12.12 04:00:00,4270.642,4290.609,4266.165,4287.235,36841,0,0
2025.12.12 08:00:00,4287.213,4339.379,4287.061,4336.529,63109,0,0
2025.12.12 12:00:00,4336.498,4353.65,4283.162,4290.526,165818,0,0
2025.12.12 16:00:00,4290.486,4303.707,4257.038,4296.632,159647,0,0
2025.12.12 20:00:00,4296.607,4304.331,4288.483,4301.063,25834,0,0
2025.12.14 20:00:00,4300.605,4308.526,4299.939,4302.492,9947,0,0
2025.12.15 00:00:00,4302.511,4329.717,4300.159,4327.155,51906,0,0
2025.12.15 04:00:00,4327.235,4347.607,4323.172,4339.429,45097,0,0
2025.12.15 08:00:00,4339.401,4350.432,4335.485,4342.827,37407,0,0
2025.12.15 12:00:00,4342.901,4348.54,4311.513,4318.387,110723,0,0
2025.12.15 16:00:00,4318.419,4319.021,4285.26,4314.307,88878,0,0
2025.12.15 20:00:00,4314.256,4314.581,4299.542,4304.23,26590,0,0
2025.12.16 00:00:00,4304.21,4318.032,4280.651,4290.919,78465,0,0
2025.12.16 04:00:00,4290.947,4292.413,4271.679,4287.723,54322,0,0
2025.12.16 08:00:00,4287.657,4289.617,4273.818,4278.462,44542,0,0
2025.12.16 12:00:00,4278.502,4335.217,4276.813,4319.885,110753,0,0
2025.12.16 16:00:00,4319.838,4323.324,4291.077,4310.802,83919,0,0
2025.12.16 20:00:00,4310.756,4314.473,4300.773,4307.94,23296,0,0
2025.12.17 00:00:00,4307.985,4327.944,4307.423,4323.719,61681,0,0
2025.12.17 04:00:00,4323.75,4342.61,4315.635,4317.979,58003,0,0
2025.12.17 08:00:00,4317.878,4323.301,4306.533,4316.489,42857,0,0
2025.12.17 12:00:00,4316.537,4349.377,4314.992,4330.268,109384,0,0
2025.12.17 16:00:00,4330.319,4346.534,4320.392,4337.047,94388,0,0
2025.12.17 20:00:00,4337.015,4346.429,4335.243,4339.281,24306,0,0
2025.12.18 00:00:00,4339.23,4342.996,4324.254,4333.173,58481,0,0
2025.12.18 04:00:00,4333.204,4337.836,4328.656,4331.498,38855,0,0
2025.12.18 08:00:00,4331.459,4332.672,4320.664,4325.647,36757,0,0
2025.12.18 12:00:00,4325.652,4343.182,4308.734,4338.301,119876,0,0
2025.12.18 16:00:00,4338.345,4374.725,4321.787,4325.024,134529,0,0
2025.12.18 20:00:00,4325.072,4338.214,4324.56,4335.224,27329,0,0
2025.12.19 00:00:00,4335.25,4335.928,4309.301,4318.104,58349,0,0
2025.12.19 04:00:00,4318.111,4329.647,4316.98,4322.836,43912,0,0
2025.12.19 08:00:00,4322.796,4333.67,4321.149,4327.318,38791,0,0
2025.12.19 12:00:00,4327.37,4349.159,4319.81,4347.853,89389,0,0
2025.12.19 16:00:00,4347.826,4356.639,4342.064,4345.436,63069,0,0
2025.12.19 20:00:00,4345.379,4346.435,4336.712,4339.445,16170,0,0
2025.12.21 20:00:00,4340.987,4356.521,4340.024,4355.455,8010,0,0
2025.12.22 00:00:00,4355.394,4395.071,4355.394,4392.713,61359,0,0
2025.12.22 04:00:00,4392.702,4420.427,4391.383,4414.432,51088,0,0
2025.12.22 08:00:00,4414.36,4416.03,4406.218,4410.408,35261,0,0
2025.12.22 12:00:00,4410.358,4435.608,4406.263,4431.917,80919,0,0
2025.12.22 16:00:00,4431.816,4442.351,4428.123,4433.567,48668,0,0
2025.12.22 20:00:00,4433.529,4461.831,4431.803,4460.323,24762,0,0
2025.12.23 00:00:00,4460.316,4497.865,4458.185,4486.943,63446,0,0
2025.12.23 04:00:00,4486.953,4489.732,4469.576,4486.772,44576,0,0
2025.12.23 08:00:00,4486.736,4494.217,4478.275,4493.581,39225,0,0
2025.12.23 12:00:00,4493.544,4497.412,4430.634,4458.591,127643,0,0
2025.12.23 16:00:00,4458.551,4496.389,4455.968,4490.94,65880,0,0
2025.12.23 20:00:00,4490.976,4510.418,4483.648,4503.424,29664,0,0
2025.12.24 00:00:00,4503.439,4526.067,4468.983,4493.218,92206,0,0
2025.12.24 04:00:00,4493.264,4501.608,4483.52,4484.055,48142,0,0
2025.12.24 08:00:00,4484.089,4499.979,4478.206,4491.556,49257,0,0
2025.12.24 12:00:00,4491.592,4496.13,4448.374,4458.414,112852,0,0
2025.12.24 16:00:00,4458.462,4487.691,4456.014,4480.795,45615,0,0
2025.12.25 20:00:00,4486.273,4500.116,4484.55,4495.325,9632,0,0
2025.12.26 00:00:00,4495.252,4531.37,4492.334,4501.916,89062,0,0
2025.12.26 04:00:00,4501.81,4519.491,4500.63,4511.037,46315,0,0
2025.12.26 08:00:00,4511.074,4523.938,4502.853,4509.727,46495,0,0
2025.12.26 12:00:00,4509.691,4547.74,4503.955,4546.758,100729,0,0
2025.12.26 16:00:00,4546.711,4550.304,4509.92,4523.839,100106,0,0
2025.12.26 20:00:00,4523.866,4535.426,4521.89,4532.634,32425,0,0
2025.12.28 20:00:00,4546.294,4548.58,4523.448,4527.264,25397,0,0
2025.12.29 00:00:00,4527.29,4528.088,4472.346,4516.405,135838,0,0
2025.12.29 04:00:00,4516.42,4519.524,4445.037,4474.672,106348,0,0
2025.12.29 08:00:00,4474.793,4488.741,4434.29,4446.764,90003,0,0
2025.12.29 12:00:00,4446.79,4467.841,4302.217,4325.408,202105,0,0
2025.12.29 16:00:00,4325.362,4347.629,4314.769,4337.073,110370,0,0
2025.12.29 20:00:00,4337.098,4347.236,4323.414,4345.725,42524,0,0
2025.12.30 00:00:00,4345.649,4369.368,4324.446,4359.344,83977,0,0
2025.12.30 04:00:00,4359.388,4383.62,4357.664,4372.649,66240,0,0
2025.12.30 08:00:00,4372.758,4391.863,4350.217,4384.489,60492,0,0
2025.12.30 12:00:00,4384.446,4404.342,4355.86,4365.176,125373,0,0
2025.12.30 16:00:00,4365.212,4381.883,4337.649,4348.712,81734,0,0
2025.12.30 20:00:00,4348.729,4355.651,4328.588,4339.002,47941,0,0
2025.12.31 00:00:00,4339.057,4373.512,4332.547,4348.515,97730,0,0
2025.12.31 04:00:00,4348.484,4351.449,4274.458,4331.188,107622,0,0
2025.12.31 08:00:00,4331.159,4337.454,4303.416,4311.085,68459,0,0
2025.12.31 12:00:00,4310.988,4353.698,4303.176,4337.354,104845,0,0
2025.12.31 16:00:00,4337.401,4339.817,4307.528,4311.488,52226,0,0
2025.12.31 20:00:00,4311.287,4324.493,4304.396,4318.928,12408,0,0
2026.01.01 20:00:00,4328.401,4351.629,4327.739,4348.405,8187,0,0
2026.01.02 00:00:00,4348.438,4375.926,4341.383,4375.253,49523,0,0
2026.01.02 04:00:00,4375.21,4383.442,4371.026,4382.88,40978,0,0
2026.01.02 08:00:00,4382.843,4399.464,4380.559,4392.999,40289,0,0
2026.01.02 12:00:00,4392.946,4402.487,4330.319,4335.55,129369,0,0
2026.01.02 16:00:00,4335.497,4337.46,4309.749,4318.265,102404,0,0
2026.01.02 20:00:00,4318.308,4334.09,4317.258,4331.839,20473,0,0
2026.01.04 20:00:00,4353.566,4376.028,4349.91,4372.65,15713,0,0
2026.01.05 00:00:00,4372.677,4421.192,4370.307,4399.989,115770,0,0
2026.01.05 04:00:00,4400.041,4426.639,4397.531,4421.906,57521,0,0
2026.01.05 08:00:00,4421.948,4440.091,4411.153,4419.429,56226,0,0
2026.01.05 12:00:00,4419.396,4455.765,4395.975,4448.604,122264,0,0
2026.01.05 16:00:00,4448.639,4454.556,4432.341,4439.925,70380,0,0
2026.01.05 20:00:00,4439.885,4460.398,4436.949,4440.414,29607,0,0
2026.01.06 00:00:00,4440.479,4468.292,4427.755,4467.813,75003,0,0
2026.01.06 04:00:00,4467.78,4474.3,4449.512,4459.57,57228,0,0
2026.01.06 08:00:00,4459.509,4476.082,4442.67,4463.399,54922,0,0
2026.01.06 12:00:00,4463.361,4490.976,4454.084,4478.431,98749,0,0
2026.01.06 16:00:00,4478.394,4494.208,4471.696,4481.489,68434,0,0
2026.01.06 20:00:00,4481.458,4500.621,4480.376,4493.341,25560,0,0
2026.01.07 00:00:00,4493.388,4495.996,4459.535,4474.795,86680,0,0
2026.01.07 04:00:00,4474.719,4476.148,4441.499,4461.353,77060,0,0
2026.01.07 08:00:00,4461.263,4474.921,4446.646,4447.549,48099,0,0
2026.01.07 12:00:00,4447.593,4455.205,4423.643,4446.158,124867,0,0
2026.01.07 16:00:00,4446.124,4468.45,4443.99,4456.932,70634,0,0
2026.01.07 20:00:00,4456.976,4464.25,4449.873,4463.498,28272,0,0
2026.01.08 00:00:00,4463.463,4466.56,4433.44,4440.379,72224,0,0
2026.01.08 04:00:00,4440.403,4440.649,4415.618,4431.136,73203,0,0
2026.01.08 08:00:00,4431.061,4435.531,4419.84,4422.808,49707,0,0
2026.01.08 12:00:00,4422.849,4456.632,4407.637,4454.271,123399,0,0
2026.01.08 16:00:00,4454.293,4465.526,4444.412,4452.221,67551,0,0
2026.01.08 20:00:00,4452.1,4484.285,4451.538,4475.677,34225,0,0
2026.01.09 00:00:00,4475.712,4476.822,4452.899,4464.299,63976,0,0
2026.01.09 04:00:00,4464.306,4477.493,4458.142,4470.342,45218,0,0
2026.01.09 08:00:00,4470.344,4477.754,4464.036,4475.5,36677,0,0
2026.01.09 12:00:00,4475.435,4517.26,4458.986,4512.366,132619,0,0
2026.01.09 16:00:00,4512.451,4514.416,4482.123,4499.374,75849,0,0
2026.01.09 20:00:00,4499.346,4511.299,4497.841,4509.155,20098,0,0
2026.01.11 20:00:00,4517.998,4545.09,4517.998,4540.04,13230,0,0
2026.01.12 00:00:00,4540.09,4601.322,4536.325,4570.738,126302,0,0
2026.01.12 04:00:00,4570.775,4589.758,4563.572,4587.78,60025,0,0
2026.01.12 08:00:00,4587.823,4599.417,4579.626,4585.352,54549,0,0
2026.01.12 12:00:00,4585.341,4627.506,4578.529,4621.348,129746,0,0
2026.01.12 16:00:00,4621.322,4630.204,4600.533,4611.192,72892,0,0
2026.01.12 20:00:00,4611.218,4611.815,4578.083,4599.488,44094,0,0
2026.01.13 00:00:00,4599.55,4599.81,4575.555,4594.246,70324,0,0
2026.01.13 04:00:00,4594.202,4602.327,4573.382,4580.628,54095,0,0
2026.01.13 08:00:00,4580.595,4597.335,4579.616,4588.583,42527,0,0
2026.01.13 12:00:00,4588.679,4634.82,4577.927,4619.184,120786,0,0
2026.01.13 16:00:00,4619.081,4620.876,4581.145,4597.583,92796,0,0
2026.01.13 20:00:00,4597.619,4598.909,4569.314,4597.216,39223,0,0
2026.01.14 00:00:00,4597.261,4630.168,4597.22,4628.318,65056,0,0
2026.01.14 04:00:00,4628.396,4640.041,4617.824,4632.714,67415,0,0
2026.01.14 08:00:00,4632.634,4639.79,4622.018,4630.41,50782,0,0
2026.01.14 12:00:00,4630.444,4642.138,4599.401,4617.935,125090,0,0
2026.01.14 16:00:00,4617.972,4643.269,4601.156,4639.303,93300,0,0
2026.01.14 20:00:00,4639.255,4641.676,4602.92,4615.374,57247,0,0
2026.01.15 00:00:00,4615.346,4618.286,4581.149,4592.362,108425,0,0
2026.01.15 04:00:00,4592.338,4613.619,4581.075,4601.898,69481,0,0
2026.01.15 08:00:00,4601.855,4623.112,4597.887,4619.212,47623,0,0
2026.01.15 12:00:00,4619.264,4620.899,4582.041,4615.518,115703,0,0
2026.01.15 16:00:00,4615.454,4624.982,4601.242,4615.874,66164,0,0
2026.01.15 20:00:00,4615.988,4621.086,4600.83,4610.364,35587,0,0
2026.01.16 00:00:00,4610.395,4611.438,4591.317,4596.532,67519,0,0
2026.01.16 04:00:00,4596.433,4616.255,4593.931,4607.637,51503,0,0
2026.01.16 08:00:00,4607.572,4616.221,4598.646,4612.551,39296,0,0
2026.01.16 12:00:00,4612.59,4620.597,4536.824,4571.469,150744,0,0
2026.01.16 16:00:00,4571.431,4599.138,4568.001,4590.652,102895,0,0
2026.01.16 20:00:00,4590.667,4598.632,4580.882,4596.668,26250,0,0
2026.01.18 20:00:00,4655.438,4690.821,4653.904,4672.653,25552,0,0
2026.01.19 00:00:00,4672.71,4682.194,4653.218,4658.601,95841,0,0
2026.01.19 04:00:00,4658.636,4679.157,4658.24,4665.266,44922,0,0
2026.01.19 08:00:00,4665.22,4673.915,4659.668,4660.785,41697,0,0
2026.01.19 12:00:00,4660.756,4676.154,4660.134,4674.409,46313,0,0
2026.01.19 16:00:00,4674.363,4680.57,4667.111,4671.008,24899,0,0
2026.01.19 20:00:00,4673.52,4673.675,4664.655,4665.437,6581,0,0
2026.01.20 00:00:00,4665.451,4681.684,4659.541,4680.264,49686,0,0
2026.01.20 04:00:00,4680.186,4722.855,4679.742,4716.275,65257,0,0
2026.01.20 08:00:00,4716.3,4737.48,4715.08,4733.109,54859,0,0
2026.01.20 12:00:00,4733.065,4751.219,4715.312,4737.647,146390,0,0
2026.01.20 16:00:00,4737.616,4766.447,4729.102,4760.776,74223,0,0
2026.01.20 20:00:00,4760.779,4781.163,4747.498,4775.958,58075,0,0
2026.01.21 00:00:00,4775.909,4850.048,4770.819,4845.083,100142,0,0
2026.01.21 04:00:00,4845.083,4888.575,4832.556,4855.249,98915,0,0
2026.01.21 08:00:00,4855.222,4877.16,4851.64,4866.916,61027,0,0
2026.01.21 12:00:00,4866.925,4881.078,4812.784,4847.895,173268,0,0
2026.01.21 16:00:00,4847.941,4855.916,4755.93,4781.344,205870,0,0
2026.01.21 20:00:00,4781.285,4839.892,4772.436,4778.45,91332,0,0
2026.01.22 00:00:00,4778.327,4809.703,4772.288,4796.684,96881,0,0
2026.01.22 04:00:00,4796.662,4838.939,4793.768,4832.764,56346,0,0
2026.01.22 08:00:00,4832.739,4838.042,4813.975,4831.199,52023,0,0
2026.01.22 12:00:00,4831.179,4873.8,4810.773,4871.794,109074,0,0
2026.01.22 16:00:00,4871.773,4924.557,4868.165,4911.743,100759,0,0
2026.01.22 20:00:00,4911.78,4960.669,4911.441,4959.052,46427,0,0
2026.01.23 00:00:00,4959.091,4967.635,4936.418,4952.087,85735,0,0
2026.01.23 04:00:00,4952.051,4967.414,4943.445,4944.493,51439,0,0
2026.01.23 08:00:00,4944.429,4947.636,4899.622,4922.986,84702,0,0
2026.01.23 12:00:00,4923.079,4963.395,4918.3,4960.664,118163,0,0
2026.01.23 16:00:00,4960.691,4989.847,4958.311,4984.271,96368,0,0
2026.01.23 20:00:00,4984.243,4989.13,4970.677,4988.417,30948,0,0
2026.01.25 20:00:00,5019.927,5040.376,5003.655,5039.869,30665,0,0
2026.01.26 00:00:00,5039.901,5093.184,5029.182,5076.621,135112,0,0
2026.01.26 04:00:00,5076.651,5111.253,5052.429,5089.355,111272,0,0
2026.01.26 08:00:00,5089.314,5098.737,5075.454,5091.518,72788,0,0
2026.01.26 12:00:00,5091.486,5097.446,5054.608,5090.977,145269,0,0
2026.01.26 16:00:00,5091.018,5105.29,5008.298,5028.777,249540,0,0
2026.01.26 20:00:00,5028.757,5062.374,4989.712,5043.709,134651,0,0
2026.01.27 00:00:00,5043.668,5079.923,5013.565,5076.951,130846,0,0
2026.01.27 04:00:00,5076.899,5101.042,5057.444,5086.208,89489,0,0
2026.01.27 08:00:00,5086.143,5099.753,5066.972,5076.843,76523,0,0
2026.01.27 12:00:00,5076.782,5093.055,5046.545,5091.207,200520,0,0
2026.01.27 16:00:00,5091.091,5103.231,5076.243,5099.006,130239,0,0
2026.01.27 20:00:00,5099.032,5190.57,5097.982,5172.513,141233,0,0
2026.01.28 00:00:00,5172.469,5247.816,5157.139,5235.057,156575,0,0
2026.01.28 04:00:00,5235.031,5292.898,5232.439,5290.477,97712,0,0
2026.01.28 08:00:00,5290.433,5311.622,5238.708,5261.718,123120,0,0
2026.01.28 12:00:00,5261.78,5298.257,5235.328,5278.315,246573,0,0
2026.01.28 16:00:00,5278.356,5332.344,5268.577,5325.411,240059,0,0
2026.01.28 20:00:00,5325.456,5570.12,5320.978,5513.069,187478,0,0
2026.01.29 00:00:00,5513.178,5551.749,5445.551,5545.849,277853,0,0
2026.01.29 04:00:00,5545.811,5595.434,5516.188,5549.064,192068,0,0
2026.01.29 08:00:00,5549.029,5555.049,5470.782,5522.733,167933,0,0
2026.01.29 12:00:00,5522.7,5549.617,5095.159,5182.935,260677,0,0
2026.01.29 16:00:00,5182.887,5375.55,5172.007,5305.782,274613,0,0
2026.01.29 20:00:00,5305.851,5448.631,5282.944,5438.669,112602,0,0
2026.01.30 00:00:00,5438.631,5450.997,5112.126,5196.606,536341,0,0
2026.01.30 04:00:00,5196.558,5241.706,5117.72,5181.238,295103,0,0
2026.01.30 08:00:00,5181.277,5181.277,4940.347,5136.15,496669,0,0
2026.01.30 12:00:00,5136.163,5146.022,4980.478,5050.552,465384,0,0
2026.01.30 16:00:00,5050.671,5051.745,4682.896,4932.741,421997,0,0
2026.01.30 20:00:00,4932.781,4933.075,4809.116,4891.576,101354,0,0
2026.02.01 20:00:00,4793.701,4819.868,4697.992,4741.84,41010,0,0
2026.02.02 00:00:00,4741.982,4884.967,4585.38,4646.713,320804,0,0
2026.02.02 04:00:00,4646.575,4713.606,4402.145,4587.155,313048,0,0
2026.02.02 08:00:00,4587.264,4779.791,4561.566,4765.937,213446,0,0
2026.02.02 12:00:00,4765.962,4812.542,4617.151,4620.043,308162,0,0
2026.02.02 16:00:00,4620.133,4714.269,4596.6,4685.52,189880,0,0
2026.02.02 20:00:00,4685.616,4775.233,4643.86,4774.279,86209,0,0
2026.02.03 00:00:00,4774.366,4857.051,4745.593,4809.376,188415,0,0
2026.02.03 04:00:00,4809.298,4933.798,4800.772,4917.193,110721,0,0
2026.02.03 08:00:00,4917.266,4950.004,4883.644,4917.046,79745,0,0
2026.02.03 12:00:00,4916.925,4951.12,4892.343,4935.543,144861,0,0
2026.02.03 16:00:00,4935.448,4993.867,4880.471,4927.33,169399,0,0
2026.02.03 20:00:00,4927.256,4972.241,4902.424,4947.308,54140,0,0
2026.02.04 00:00:00,4947.521,5073.655,4945.822,5070.053,103267,37,0
2026.02.04 04:00:00,5070.139,5091.497,5051.215,5084.816,53480,37,0
2026.02.04 08:00:00,5084.733,5091.986,5013.575,5047.776,57933,37,0
2026.02.04 12:00:00,5047.665,5063.658,4887.552,4920.692,163257,37,0
2026.02.04 16:00:00,4920.512,4958.122,4852.264,4941.941,154575,0,0
2026.02.04 20:00:00,4941.976,5023.873,4914.519,5012.371,35857,0,0
2026.02.05 00:00:00,5012.291,5020.56,4788.762,4880.656,200252,0,0
2026.02.05 04:00:00,4880.579,4941.111,4826.422,4915.673,113291,0,0
2026.02.05 08:00:00,4915.796,4943.657,4847.275,4868.352,100993,0,0
2026.02.05 12:00:00,4868.416,4878.094,4800.62,4817.666,223026,0,0
2026.02.05 16:00:00,4817.761,4907.027,4812.399,4829.418,131577,0,0
2026.02.05 20:00:00,4829.526,4843.234,4703.432,4703.81,61121,0,0
2026.02.06 00:00:00,4703.762,4846.634,4655.276,4824.368,173482,0,0
2026.02.06 04:00:00,4824.252,4903.344,4807.133,4841.048,72802,0,0
2026.02.06 08:00:00,4840.99,4896.021,4829.555,4887.209,63632,5,0
2026.02.06 12:00:00,4887.301,4965.091,4871.308,4943.482,95558,13,0
2026.02.06 16:00:00,4943.631,4971.473,4922.005,4957.197,49334,0,0
2026.02.06 20:00:00,4957.229,4968.475,4936.659,4968.37,16192,0,0
2026.02.08 20:00:00,4967.824,5047.004,4964.907,5036.075,13813,37,0
2026.02.09 00:00:00,5036.151,5045.162,4969.26,5016.228,73182,37,0
2026.02.09 04:00:00,5016.299,5045.88,4997.436,5006.502,48879,37,0
2026.02.09 08:00:00,5006.441,5040.897,4982.246,5010.736,49523,0,0
2026.02.09 12:00:00,5011.067,5060.351,4995.095,5058.91,68505,0,0
2026.02.09 16:00:00,5059.023,5080.868,5041.072,5074.724,39030,37,0
2026.02.09 20:00:00,5074.845,5086.829,4987.476,5032.034,31832,37,0
2026.02.10 00:00:00,5031.96,5056.378,5008.787,5030.239,64988,37,0
2026.02.10 04:00:00,5029.999,5045.492,5011.334,5034.046,43005,37,0
2026.02.10 08:00:00,5033.919,5063.232,5029.184,5056.053,36541,37,0
2026.02.10 12:00:00,5056.154,5078.69,4998.932,5019.819,71401,37,0
2026.02.10 16:00:00,5019.894,5040.241,5004.614,5028.136,45059,0,0
2026.02.10 20:00:00,5028.139,5054.588,5020.218,5041.652,32720,37,0
2026.02.11 00:00:00,5041.717,5061.135,5028.283,5054.6,37450,37,0
2026.02.11 04:00:00,5054.598,5069.412,5043.473,5055.567,33281,37,0
2026.02.11 08:00:00,5055.507,5116.936,5045.693,5111.692,38703,37,0
2026.02.11 12:00:00,5111.768,5119.31,5019.027,5060.425,103949,0,0
2026.02.11 16:00:00,5060.336,5099.044,5042.832,5082.304,48384,37,0
2026.02.11 20:00:00,5082.227,5100.293,5053.418,5061.528,22050,37,0
2026.02.12 00:00:00,5061.436,5074.765,5045.217,5057.064,44611,37,0
2026.02.12 04:00:00,5057.092,5078.333,5047.097,5063.789,30517,37,0
2026.02.12 08:00:00,5064.064,5081.066,5052.39,5064.186,26648,37,0
2026.02.12 12:00:00,5064.272,5083.775,5039.297,5060.629,50057,37,0
2026.02.12 16:00:00,5060.705,5068.376,4878.544,4945.739,200802,0,0
2026.02.12 20:00:00,4945.624,4948.561,4887.855,4920.226,36608,0,0
2026.02.13 00:00:00,4920.141,4991.877,4913.812,4981.576,55201,0,0
2026.02.13 04:00:00,4981.573,4997.342,4945.055,4974.934,41793,0,0
2026.02.13 08:00:00,4975.044,4989.611,4933.635,4954.112,40697,0,0
2026.02.13 12:00:00,4954.141,5020.953,4952.087,4977.163,89145,0,0
2026.02.13 16:00:00,4977.236,5046.169,4975.344,5023.713,50125,0,0
2026.02.13 20:00:00,5023.832,5046.241,5021.395,5042.745,19441,37,0
2026.02.15 20:00:00,5026.832,5032.241,5010.319,5020.045,9942,37,0
2026.02.16 00:00:00,5020.085,5031.53,4975.206,4987.788,36329,0,0
2026.02.16 04:00:00,4987.743,5010.055,4964.74,5007.328,28236,0,0
2026.02.16 08:00:00,5007.401,5017.334,4995.837,5004.363,24015,0,0
2026.02.16 12:00:00,5004.342,5008.209,4968.96,4979.83,29071,0,0
2026.02.16 16:00:00,4979.76,4997.983,4973.038,4994.027,20112,0,0
2026.02.16 20:00:00,4998.404,5000.932,4985.435,4990.015,5081,0,0
2026.02.17 00:00:00,4989.981,4991.693,4922.997,4956.901,38879,0,0
2026.02.17 04:00:00,4956.858,4960.436,4858.92,4917.101,49357,0,0
2026.02.17 08:00:00,4917.02,4939.308,4907.783,4929.245,34357,0,0
2026.02.17 12:00:00,4929.301,4944.492,4841.356,4878.455,103408,0,0
2026.02.17 16:00:00,4878.532,4910.808,4850.122,4880.561,67347,0,0
2026.02.17 20:00:00,4880.43,4887.136,4854.078,4859.63,24828,0,0
2026.02.18 00:00:00,4859.328,4922.278,4858.54,4920.98,29808,0,0
2026.02.18 04:00:00,4921.051,4942.464,4918.556,4930.409,22012,0,0
2026.02.18 08:00:00,4930.487,4932.472,4906.426,4913.247,26050,0,0
2026.02.18 12:00:00,4912.994,5009.106,4912.004,4998.194,51529,0,0
2026.02.18 16:00:00,4998.268,5011.155,4972.93,4980.721,39953,0,0
2026.02.18 20:00:00,4980.57,4988.811,4961.34,4976.261,19283,0,0
2026.02.19 00:00:00,4976.145,4983.679,4960.541,4981.931,25453,0,0
2026.02.19 04:00:00,4981.805,5021.922,4977.055,5010.47,20560,0,0
2026.02.19 08:00:00,5010.397,5022.17,4978.236,4984.804,29406,0,0
2026.02.19 12:00:00,4984.728,5022.445,4963.517,5013.816,54441,0,0
2026.02.19 16:00:00,5013.899,5014.438,4975.182,4987.94,37750,0,0
2026.02.19 20:00:00,4987.962,5008.031,4985.797,4987.808,15705,0,0
2026.02.20 00:00:00,4987.76,5014.931,4981.746,4988.291,26893,0,0
2026.02.20 04:00:00,4988.37,5030.213,4986.729,5006.635,23829,0,0
2026.02.20 08:00:00,5006.714,5042.607,5005.071,5017.5,28310,5,0
2026.02.20 12:00:00,5017.573,5064.097,4989.199,5042.614,95935,5,0
2026.02.20 16:00:00,5042.539,5080.005,5038.624,5079.557,62411,37,0
2026.02.20 20:00:00,5079.578,5108.29,5076.908,5105.956,15426,37,0
2026.02.22 20:00:00,5111.816,5172.008,5108.964,5165.514,10745,37,0
2026.02.23 00:00:00,5165.506,5176.81,5129.615,5166.961,47526,37,0
2026.02.23 04:00:00,5166.904,5168.621,5125.072,5136.867,31081,37,0
2026.02.23 08:00:00,5136.636,5163.587,5122.241,5149.991,30168,37,0
2026.02.23 12:00:00,5149.862,5205.238,5141.498,5196.393,50189,37,0
2026.02.23 16:00:00,5196.275,5219.268,5175.596,5215.749,51975,37,0
2026.02.23 20:00:00,5215.702,5249.621,5214.935,5236.073,20805,37,0
2026.02.24 00:00:00,5235.979,5238.079,5145.023,5172.113,68757,37,0
2026.02.24 04:00:00,5172.039,5185.769,5156.304,5179.358,33309,37,0
2026.02.24 08:00:00,5179.46,5181.986,5163.352,5172.976,27975,37,0
2026.02.24 12:00:00,5172.9,5173.683,5093.629,5150.322,77148,37,0
2026.02.24 16:00:00,5150.311,5170.256,5130.897,5154.203,38146,37,0
2026.02.24 20:00:00,5154.273,5173.195,5127.879,5146.685,19256,37,0
2026.02.25 00:00:00,5146.629,5194.109,5136.555,5182.246,39706,37,0
2026.02.25 04:00:00,5182.131,5210.699,5171.869,5184.776,27451,37,0
2026.02.25 08:00:00,5184.88,5197.243,5155.008,5181.412,29329,37,0
2026.02.25 12:00:00,5181.333,5202.603,5158.731,5195.08,44627,37,0
2026.02.25 16:00:00,5194.994,5217.685,5189.727,5205.232,32863,37,0
2026.02.25 20:00:00,5204.884,5206.337,5145.959,5163.359,34135,37,0
2026.02.26 00:00:00,5163.437,5198.276,5155.436,5192.817,44057,37,0
2026.02.26 04:00:00,5192.526,5205.686,5179.678,5185.918,25904,37,0
2026.02.26 08:00:00,5186.11,5190.772,5161.195,5164.638,31299,37,0
2026.02.26 12:00:00,5164.714,5192.855,5130.649,5185.459,71520,37,0
2026.02.26 16:00:00,5185.845,5194.066,5160.684,5187.212,45744,37,0
2026.02.26 20:00:00,5187.13,5200.914,5175.599,5184.57,17779,37,0
2026.02.27 00:00:00,5184.539,5199.847,5166.931,5184.209,36748,37,0
2026.02.27 04:00:00,5184.093,5200.598,5175.623,5176.236,26593,37,0
2026.02.27 08:00:00,5176.031,5185.515,5168.709,5185.515,24334,37,0
2026.02.27 12:00:00,5185.59,5246.583,5183.024,5239.58,65946,37,0
2026.02.27 16:00:00,5239.659,5257.828,5220.762,5250.22,49780,37,0
2026.02.27 20:00:00,5250.295,5281.394,5248.737,5279.201,15340,37,0
2026.03.01 20:00:00,5319.478,5393.542,5314.888,5387.095,16217,97,0
2026.03.02 00:00:00,5386.882,5388.351,5303.268,5366.425,87368,97,0
2026.03.02 04:00:00,5366.431,5419.306,5340.794,5407.968,45039,97,0
2026.03.02 08:00:00,5407.888,5416.838,5375.288,5385.25,46189,97,0
2026.03.02 12:00:00,5385.306,5416.666,5306.499,5316.193,118023,97,0
2026.03.02 16:00:00,5316.108,5334.157,5260.403,5330.657,86474,97,0
2026.03.02 20:00:00,5330.745,5347.119,5321.775,5345.828,30400,97,0
2026.03.03 00:00:00,5345.833,5379.943,5332.906,5367.31,52062,97,0
2026.03.03 04:00:00,5367.461,5375.716,5279.207,5327.601,61406,97,0
2026.03.03 08:00:00,5327.498,5335.806,5073.419,5144.717,141859,97,0
2026.03.03 12:00:00,5144.807,5226.722,4995.91,5095.391,233229,37,0
2026.03.03 16:00:00,5095.313,5149.157,5065.287,5113.436,129288,37,0
2026.03.03 20:00:00,5113.397,5130.641,5083.282,5125.196,47552,37,0
2026.03.04 00:00:00,5125.228,5190.986,5105.935,5174.464,73980,37,0
2026.03.04 04:00:00,5174.523,5180.886,5121.67,5168.323,54336,37,0
2026.03.04 08:00:00,5168.393,5202.329,5147.425,5192.133,47300,37,0
2026.03.04 12:00:00,5192.079,5206.114,5131.1,5151.539,107746,37,0
2026.03.04 16:00:00,5151.655,5162.611,5108.761,5137.794,62900,37,0
2026.03.04 20:00:00,5137.716,5166.139,5123.59,5165.103,45955,37,0
2026.03.05 00:00:00,5165.027,5194.98,5159.656,5180.183,39167,37,0
2026.03.05 04:00:00,5180.404,5186.797,5120.738,5162.179,40566,37,0
2026.03.05 08:00:00,5162.263,5180.37,5137.715,5163.609,39635,37,0
2026.03.05 12:00:00,5163.621,5171.64,5060.018,5102.564,109348,37,0
2026.03.05 16:00:00,5102.545,5104.604,5050.821,5065.94,82921,37,0
2026.03.05 20:00:00,5065.787,5102.039,5061.66,5086.406,30246,37,0
2026.03.06 00:00:00,5086.134,5144.067,5066.282,5131.051,42591,37,0
2026.03.06 04:00:00,5131.285,5136.27,5105.645,5119.511,26835,97,0
2026.03.06 08:00:00,5119.738,5123.329,5062.79,5076.85,37446,37,0
2026.03.06 12:00:00,5076.974,5171.745,5065.523,5141.963,114787,37,0
2026.03.06 16:00:00,5141.996,5174.766,5125.928,5159.946,54787,97,0
2026.03.06 20:00:00,5160.022,5176.744,5149.478,5174.246,16410,97,0
2026.03.08 20:00:00,5178.973,5180.289,5044.381,5075.566,40840,37,0
2026.03.09 00:00:00,5075.958,5102.577,5014.564,5091.334,96419,97,0
2026.03.09 04:00:00,5091.229,5140.596,5080.943,5098.906,53307,97,0
2026.03.09 08:00:00,5098.798,5132.554,5079.515,5088.19,49729,97,0
2026.03.09 12:00:00,5088.258,5116.144,5060.936,5099.822,78888,37,0
2026.03.09 16:00:00,5099.741,5144.133,5089.072,5141.026,43551,37,0
2026.03.09 20:00:00,5141.253,5156.089,5117.877,5139.842,21841,97,0
2026.03.10 00:00:00,5139.498,5187.253,5124.566,5157.798,45785,97,0
2026.03.10 04:00:00,5157.45,5181.443,5154.586,5180.911,26454,97,0
2026.03.10 08:00:00,5181.082,5195.171,5156.644,5175.048,34897,97,0
2026.03.10 12:00:00,5175.045,5238.648,5162.577,5228.818,57317,97,0
2026.03.10 16:00:00,5228.904,5235.716,5160.318,5199.039,58194,97,0
2026.03.10 20:00:00,5198.827,5199.251,5182.864,5196.992,16747,97,0
2026.03.11 00:00:00,5197.066,5223.153,5186.855,5203.49,32534,97,0
2026.03.11 04:00:00,5203.324,5210.973,5184.506,5195.744,26562,97,0
2026.03.11 08:00:00,5195.642,5198.553,5175.223,5181.337,31480,97,0
2026.03.11 12:00:00,5181.183,5196.706,5149.294,5166.167,63732,97,0
2026.03.11 16:00:00,5166.336,5183.462,5154.278,5183.111,31320,97,0
2026.03.11 20:00:00,5183.025,5183.543,5129.845,5134.363,16847,97,0
2026.03.12 00:00:00,5134.178,5175.214,5125.515,5153.068,37242,97,0
2026.03.12 04:00:00,5153.15,5185.513,5137.373,5182.267,24277,97,0
2026.03.12 08:00:00,5182.302,5191.83,5172.687,5178.915,25349,97,0
2026.03.12 12:00:00,5179.005,5186.301,5109.787,5132.572,65792,97,0
2026.03.12 16:00:00,5132.275,5138.17,5079.294,5084.861,44511,37,0
2026.03.12 20:00:00,5084.951,5101.137,5054.891,5098.304,21688,37,0
2026.03.13 00:00:00,5098.23,5128.456,5097.384,5115.445,27056,37,0
2026.03.13 04:00:00,5115.727,5117.912,5071.893,5085.031,30128,37,0
2026.03.13 08:00:00,5085.258,5107.887,5061.392,5107.575,32845,37,0
2026.03.13 12:00:00,5107.64,5122.022,5031.867,5034.954,73161,37,0
2026.03.13 16:00:00,5034.859,5063.832,5009.695,5016.584,54071,37,0
2026.03.13 20:00:00,5016.704,5025.603,5012.366,5020.866,7978,37,0
2026.03.15 20:00:00,5017.318,5030.586,4966.975,4997.615,23706,0,0
2026.03.16 00:00:00,4997.542,5031.245,4982.66,5019.177,55101,0,0
2026.03.16 04:00:00,5019.226,5036.059,4991.817,4995.315,32844,37,0
2026.03.16 08:00:00,4995.394,5022.834,4970.163,4997.175,41610,0,0
2026.03.16 12:00:00,4997.252,5038.201,4983.928,4987.051,55896,0,0
2026.03.16 16:00:00,4987.044,5020.416,4973.993,5012.848,36588,0,0
2026.03.16 20:00:00,5012.737,5021.753,4998.563,5012.925,13735,17,0
2026.03.17 00:00:00,5013.017,5033.589,4994.601,5027.768,29060,17,0
2026.03.17 04:00:00,5027.483,5044.614,5005.088,5021.199,30291,57,0
2026.03.17 08:00:00,5021.158,5029.638,4991.844,5003.409,29526,17,0
2026.03.17 12:00:00,5003.159,5031.632,4973.486,4997.908,50287,17,0
2026.03.17 16:00:00,4998.163,5009.05,4991.76,5000.236,28344,17,0
2026.03.17 20:00:00,5000.404,5006.442,4993.514,5002.868,20181,17,0
2026.03.18 00:00:00,5002.921,5016.167,4986.406,4991.503,27431,17,0
2026.03.18 04:00:00,4991.484,5016.347,4981.713,4995.163,24186,27,0
2026.03.18 08:00:00,4994.871,4996.761,4924.945,4930.224,40874,17,0
2026.03.18 12:00:00,4930.355,4932.531,4834.093,4862.632,106283,17,0
2026.03.18 16:00:00,4862.706,4899.353,4838.14,4843.094,63332,17,0
2026.03.18 20:00:00,4843.062,4848.446,4804.433,4836.92,30361,17,0
2026.03.19 00:00:00,4836.754,4867.011,4832.955,4851.053,41075,17,0
2026.03.19 04:00:00,4851.022,4853.901,4727.176,4728.134,60350,17,0
2026.03.19 08:00:00,4728.05,4740.424,4650.754,4652.343,115406,17,0
2026.03.19 12:00:00,4651.986,4654.054,4502.653,4596.64,241799,57,0
2026.03.19 16:00:00,4596.714,4663.437,4573.894,4643.782,124569,57,0
2026.03.19 20:00:00,4643.724,4677.123,4634.263,4643.821,23396,57,0
2026.03.20 00:00:00,4643.749,4735.903,4639.319,4725.688,63100,57,0
2026.03.20 04:00:00,4725.787,4727.742,4661.429,4706.265,49910,57,0
2026.03.20 08:00:00,4706.347,4734.869,4637.045,4671.856,62114,57,0
2026.03.20 12:00:00,4671.819,4695.738,4540.535,4553.352,281361,57,0
2026.03.20 16:00:00,4553.413,4613.836,4477.175,4501.58,251638,47,0
2026.03.20 20:00:00,4501.67,4514.556,4493.617,4497.598,24576,47,0
2026.03.22 20:00:00,4477.93,4536.367,4449.484,4464.943,48800,57,0
2026.03.23 00:00:00,4464.705,4473.099,4319.57,4353.081,357593,47,0
2026.03.23 04:00:00,4352.988,4381.915,4098.47,4204.29,384683,47,0
2026.03.23 08:00:00,4204.318,4463.558,4203.024,4379.258,438288,47,0
2026.03.23 12:00:00,4378.95,4512.913,4336.977,4363.832,546004,92,0
2026.03.23 16:00:00,4363.647,4467.146,4352.467,4397.7,290241,99,0
2026.03.23 20:00:00,4397.627,4448.355,4361.577,4441.297,50082,99,0
2026.03.24 00:00:00,4441.115,4446.729,4305.688,4347.07,244657,99,0
2026.03.24 04:00:00,4347.038,4432.558,4319.737,4417.437,182772,85,0
2026.03.24 08:00:00,4417.384,4442.274,4375.441,4407.759,151183,99,0
2026.03.24 12:00:00,4407.856,4433.781,4351.688,4411.689,301089,99,0
2026.03.24 16:00:00,4411.77,4427.764,4372.297,4400.253,168512,99,0
2026.03.24 20:00:00,4400.308,4551.526,4397.338,4546.876,81711,99,0
2026.03.25 00:00:00,4546.852,4602.6,4537.509,4570.294,112528,99,0
2026.03.25 04:00:00,4570.299,4574.827,4533.095,4539.576,70747,57,0
2026.03.25 08:00:00,4539.65,4585.844,4527.64,4578.813,102795,57,0
2026.03.25 12:00:00,4578.948,4583.949,4522.051,4559.205,224980,57,0
2026.03.25 16:00:00,4559.275,4569.143,4486.962,4530.776,146355,57,0
2026.03.25 20:00:00,4530.73,4542.112,4488.956,4498.221,50647,57,0
2026.03.26 00:00:00,4498.49,4544.686,4498.145,4516.589,103769,57,0
2026.03.26 04:00:00,4516.618,4524.189,4415.848,4452.808,136183,57,0
2026.03.26 08:00:00,4452.843,4459.33,4412.495,4423.291,153451,57,0
2026.03.26 12:00:00,4423.339,4479.65,4416.338,4438.237,233422,57,0
2026.03.26 16:00:00,4438.19,4442.95,4359.182,4364.147,194044,57,0
2026.03.26 20:00:00,4364.083,4420.844,4351.063,4405.03,93603,57,0
2026.03.27 00:00:00,4405.077,4446.287,4375.326,4437.511,94803,57,0
2026.03.27 04:00:00,4437.65,4475.37,4431.497,4447.697,78015,57,0
2026.03.27 08:00:00,4447.647,4450.961,4404.306,4419.936,81658,57,0
2026.03.27 12:00:00,4419.989,4555.561,4412.742,4524.113,147151,57,0
2026.03.27 16:00:00,4524.176,4533.967,4486.336,4514.603,90904,57,0
2026.03.27 20:00:00,4514.653,4520.467,4490.905,4495.517,11559,57,0
2026.03.29 20:00:00,4511.91,4514.251,4443.868,4448.684,33682,57,0
2026.03.30 00:00:00,4448.847,4517.731,4418.71,4496.267,108739,57,0
2026.03.30 04:00:00,4496.126,4550.649,4486.185,4527.257,62018,57,0
2026.03.30 08:00:00,4527.202,4580.84,4523.86,4559.534,60933,57,0
2026.03.30 12:00:00,4559.563,4578.677,4512.291,4548.519,118081,57,0
2026.03.30 16:00:00,4548.463,4549.841,4493.086,4513.666,73660,57,0
2026.03.30 20:00:00,4513.746,4523.778,4492.477,4513.69,23366,57,0
2026.03.31 00:00:00,4513.673,4619.546,4482.601,4557.059,108860,57,0
2026.03.31 04:00:00,4557.065,4581.866,4543.318,4564.47,54296,57,0
2026.03.31 08:00:00,4564.43,4593.255,4529.464,4582.234,66001,57,0
2026.03.31 12:00:00,4582.291,4630.35,4567.885,4609.705,105254,57,0
2026.03.31 16:00:00,4609.647,4685.817,4607.029,4682.832,112079,57,0
2026.03.31 20:00:00,4682.9,4700.18,4661.937,4696.539,30830,57,0
2026.04.01 00:00:00,4696.481,4724.347,4678.361,4681.944,65951,57,0
2026.04.01 04:00:00,4682.169,4747.816,4667.053,4713.148,54307,57,0
2026.04.01 08:00:00,4712.894,4763.081,4710.521,4752.299,52059,57,0
2026.04.01 12:00:00,4752.118,4788.452,4716.064,4786.67,115233,57,0
2026.04.01 16:00:00,4786.728,4793.125,4742.208,4766.172,66091,57,0
2026.04.01 20:00:00,4766.084,4800.428,4754.251,4784.268,19923,57,0
2026.04.02 00:00:00,4784.338,4798.902,4650.744,4676.249,150373,57,0
2026.04.02 04:00:00,4676.433,4681.605,4553.955,4642.913,112365,57,0
2026.04.02 08:00:00,4642.905,4648.933,4592.715,4600.122,66649,57,0
2026.04.02 12:00:00,4600.223,4699.906,4580.463,4660.973,194919,57,0
2026.04.02 16:00:00,4661.036,4681.904,4642.883,4672.203,74741,57,0
2026.04.02 20:00:00,4672.263,4677.01,4664.492,4675.388,7621,57,0
2026.04.05 20:00:00,4662.965,4662.965,4605.181,4610.771,31053,57,0
2026.04.06 00:00:00,4610.803,4671.928,4600.677,4640.591,63606,57,0
2026.04.06 04:00:00,4640.48,4688.758,4640.097,4684.66,43016,57,0
2026.04.06 08:00:00,4684.621,4706.809,4677.074,4678.113,46350,57,0
2026.04.06 12:00:00,4678.053,4697.757,4652.136,4668.301,90809,57,0
2026.04.06 16:00:00,4668.154,4672.723,4645.566,4655.383,47843,57,0
2026.04.06 20:00:00,4655.385,4667.984,4649.236,4658.84,14102,57,0
2026.04.07 00:00:00,4659.074,4664.408,4616.406,4649.671,74132,57,0
2026.04.07 04:00:00,4649.621,4664.276,4622.952,4645.99,52089,57,0
2026.04.07 08:00:00,4646.268,4694.724,4628.767,4659.915,83391,57,0
2026.04.07 12:00:00,4659.98,4670.841,4607.365,4655.79,111491,57,0
2026.04.07 16:00:00,4655.549,4718.78,4652.593,4700.739,116195,57,0
2026.04.07 20:00:00,4700.803,4836.491,4697.284,4833.343,69847,57,0
2026.04.08 00:00:00,4833.408,4857.492,4788.239,4797.737,87364,57,0
2026.04.08 04:00:00,4797.756,4843.94,4790.387,4813.553,52179,57,0
2026.04.08 08:00:00,4813.622,4819.964,4771.166,4798.582,51355,57,0
2026.04.08 12:00:00,4798.795,4807.074,4732.417,4756.429,111046,57,0
2026.04.08 16:00:00,4756.721,4765.759,4699.675,4730.648,75178,57,0
2026.04.08 20:00:00,4730.588,4732.612,4704.847,4715.638,21492,57,0
2026.04.09 00:00:00,4715.709,4732.958,4698.613,4711.68,55254,57,0
2026.04.09 04:00:00,4711.516,4731.432,4703.466,4724.336,47774,57,0
2026.04.09 08:00:00,4724.554,4757.572,4719.926,4756.481,37162,57,0
2026.04.09 12:00:00,4756.545,4797.991,4734.877,4792.908,78377,57,0
2026.04.09 16:00:00,4793.055,4801.342,4766.988,4769.042,64024,57,0
2026.04.09 20:00:00,4769.104,4779.496,4756.844,4763.709,16777,57,0
2026.04.10 00:00:00,4763.772,4777.378,4737.998,4766.47,45021,57,0
2026.04.10 04:00:00,4766.692,4770.96,4741.329,4749.835,32999,57,0
2026.04.10 08:00:00,4749.918,4768.853,4730.741,4768.175,36395,57,0
2026.04.10 12:00:00,4768.263,4795.279,4755.065,4762.228,76062,0,0
2026.04.10 16:00:00,4762.221,4773.283,4747.519,4759.871,42613,57,0
2026.04.10 20:00:00,4759.921,4760.08,4740.995,4749.539,7036,57,0
2026.04.12 20:00:00,4670.393,4685.341,4644.313,4671.51,23091,57,0
2026.04.13 00:00:00,4671.298,4728.229,4664.648,4718.327,56983,57,0
2026.04.13 04:00:00,4718.362,4740.099,4708.601,4733.897,38976,57,0
2026.04.13 08:00:00,4733.913,4738.748,4703.515,4706.948,40458,57,0
2026.04.13 12:00:00,4707.027,4744.768,4700.286,4714.666,81661,57,0
2026.04.13 16:00:00,4714.454,4750.012,4709.474,4741.307,53178,57,0
2026.04.13 20:00:00,4741.203,4766.069,4738.21,4757.434,14893,57,0
2026.04.14 00:00:00,4757.759,4777.316,4751.639,4768.351,39849,57,0
2026.04.14 04:00:00,4768.401,4796.532,4758.173,4777.168,37383,57,0
2026.04.14 08:00:00,4777.101,4789.937,4751.952,4775.147,37661,57,0
2026.04.14 12:00:00,4775.204,4818.149,4762.323,4808.217,66915,57,0
2026.04.14 16:00:00,4808.132,4846.387,4805.001,4844.749,37418,57,0
2026.04.14 20:00:00,4844.819,4850.729,4833.332,4837.05,15503,57,0
2026.04.15 00:00:00,4837.108,4871.328,4816.875,4823.974,49292,57,0
2026.04.15 04:00:00,4824.18,4830.436,4803.997,4811.125,38584,57,0
2026.04.15 08:00:00,4811.024,4821.268,4786.21,4812.819,45840,57,0
2026.04.15 12:00:00,4812.752,4830.772,4786.853,4801.898,58433,57,0
2026.04.15 16:00:00,4801.762,4812.826,4790.094,4796.049,37504,57,0
2026.04.15 20:00:00,4796.108,4826.742,4787.806,4823.62,13598,57,0
2026.04.16 00:00:00,4823.483,4837.677,4811.335,4824.272,33315,57,0
2026.04.16 04:00:00,4824.272,4838.522,4814.328,4821.272,34369,57,0
2026.04.16 08:00:00,4821.318,4822.575,4805.093,4822.298,32156,57,0
2026.04.16 12:00:00,4822.199,4824.091,4773.079,4806.854,75288,57,0
2026.04.16 16:00:00,4806.789,4810.244,4781.506,4793.834,41417,57,0
2026.04.16 20:00:00,4793.743,4797.953,4786.49,4791.763,12644,57,0
2026.04.17 00:00:00,4791.67,4801.336,4767.674,4793.515,36244,57,0
2026.04.17 04:00:00,4793.417,4806.388,4778.883,4784.572,30304,57,0
2026.04.17 08:00:00,4784.557,4811.853,4781.091,4799.311,28725,57,0
2026.04.17 12:00:00,4799.377,4889.854,4797.697,4867.624,110041,57,0
2026.04.17 16:00:00,4867.555,4873.592,4852.763,4854.639,41009,57,0
2026.04.17 20:00:00,4854.742,4855.304,4830.75,4832.853,9612,57,0
2026.04.19 20:00:00,4774.659,4795.453,4736.98,4755.298,23538,97,0
2026.04.20 00:00:00,4755.442,4814.532,4745.161,4791.089,52193,57,0
2026.04.20 04:00:00,4791.152,4805.691,4779.605,4789.681,41337,57,0
2026.04.20 08:00:00,4789.69,4810.905,4783.417,4810.406,32103,57,0
2026.04.20 12:00:00,4810.349,4827.754,4792.659,4799.723,74402,57,0
2026.04.20 16:00:00,4799.839,4821.576,4792.858,4814.262,30132,57,0
2026.04.20 20:00:00,4814.207,4833.186,4812.21,4821.667,14967,57,0
2026.04.21 00:00:00,4821.729,4830.706,4792.652,4797.313,34787,57,0
2026.04.21 04:00:00,4797.158,4798.034,4772.809,4786.267,35914,57,0
2026.04.21 08:00:00,4786.208,4798.209,4774.74,4794.815,31573,57,0
2026.04.21 12:00:00,4794.874,4797.15,4723.471,4741.683,101170,57,0
2026.04.21 16:00:00,4741.57,4746.909,4668.302,4679.431,92004,57,0
2026.04.21 20:00:00,4679.555,4740.527,4668.891,4737.973,32880,57,0
2026.04.22 00:00:00,4738.177,4765.152,4736.137,4758.36,34348,57,0
2026.04.22 04:00:00,4758.408,4772.474,4752.283,4760.752,29782,57,0
2026.04.22 08:00:00,4760.759,4762.475,4745.813,4750.608,29531,57,0
2026.04.22 12:00:00,4750.482,4760.837,4725.038,4727.848,61685,57,0
2026.04.22 16:00:00,4727.933,4749.503,4723.788,4740.173,32915,57,0
2026.04.22 20:00:00,4740.235,4745.957,4723.535,4728.057,13310,57,0
2026.04.23 00:00:00,4728.124,4753.905,4694.156,4703.986,73898,57,0
2026.04.23 04:00:00,4703.956,4721.215,4692.39,4719.049,38889,57,0
2026.04.23 08:00:00,4719.123,4725.118,4684.26,4720.535,39653,57,0
2026.04.23 12:00:00,4720.598,4743.2,4716.532,4720.558,70538,57,0
2026.04.23 16:00:00,4720.654,4737.128,4664.237,4696.178,95501,57,0
2026.04.23 20:00:00,4696.075,4700.661,4686.495,4695.342,17032,57,0
2026.04.24 00:00:00,4695.353,4711.149,4668.788,4672.253,49293,57,0
2026.04.24 04:00:00,4672.204,4695.331,4657.692,4694.541,34748,57,0
2026.04.24 08:00:00,4694.455,4717.413,4674.66,4706.79,46290,57,0
2026.04.24 12:00:00,4706.868,4740.445,4689.585,4727.164,74184,57,0
2026.04.24 16:00:00,4727.129,4730.075,4713.746,4716.736,35311,57,0
2026.04.24 20:00:00,4716.671,4717.551,4705.384,4708.55,5484,57,0
2026.04.26 20:00:00,4696.208,4699.968,4674.966,4680.173,11825,57,0
2026.04.27 00:00:00,4680.236,4729.482,4672.138,4724.354,43751,57,0
2026.04.27 04:00:00,4724.027,4730.216,4708.754,4713.524,29583,57,0
2026.04.27 08:00:00,4713.307,4714.835,4699.223,4704.753,25769,57,0
2026.04.27 12:00:00,4705.031,4712.736,4667.117,4670.249,59140,57,0
2026.04.27 16:00:00,4670.079,4686.288,4667.372,4680.564,29511,57,0
2026.04.27 20:00:00,4680.9,4695.203,4677.411,4692.153,10939,57,0
2026.04.28 00:00:00,4692.215,4701.529,4666.571,4671.061,33280,57,0
2026.04.28 04:00:00,4671.004,4671.415,4620.751,4633.062,47833,57,0
2026.04.28 08:00:00,4633.001,4635.347,4555.48,4562.655,54037,57,0
2026.04.28 12:00:00,4562.652,4600.25,4554.827,4586.326,99699,57,0
2026.04.28 16:00:00,4586.249,4601.534,4578.026,4595.849,38882,57,0
2026.04.28 20:00:00,4595.79,4599.604,4587.928,4595.881,11339,57,0
2026.04.29 00:00:00,4595.944,4610.509,4575.904,4595.325,45673,57,0
2026.04.29 04:00:00,4595.385,4607.913,4567.317,4568.069,35640,57,0
2026.04.29 08:00:00,4568.126,4580.94,4551.646,4561.75,41905,57,0
2026.04.29 12:00:00,4561.55,4568.948,4510.226,4547.904,78226,57,0
2026.04.29 16:00:00,4547.958,4565.146,4518.032,4547.051,75348,57,0
2026.04.29 20:00:00,4547.095,4562.205,4539.373,4561.765,22568,57,0
2026.04.30 00:00:00,4561.781,4582.531,4555.803,4556.136,47125,57,0
2026.04.30 04:00:00,4556.212,4605.612,4540.885,4598.331,42376,57,0
2026.04.30 08:00:00,4598.39,4647.082,4597.318,4630.056,62437,57,0
2026.04.30 12:00:00,4630.116,4646.24,4609.218,4615.482,89424,57,0
2026.04.30 16:00:00,4615.515,4627.607,4605.358,4617.13,38821,57,0
2026.04.30 20:00:00,4617.189,4634.151,4615.64,4626.477,14141,57,0
2026.05.01 00:00:00,4626.593,4636.241,4613.846,4626.876,30800,57,0
2026.05.01 04:00:00,4626.943,4628.989,4576.056,4578.121,32397,57,0
2026.05.01 08:00:00,4578.457,4582.588,4559.877,4578.84,30021,57,0
2026.05.01 12:00:00,4578.801,4660.296,4575.045,4643.434,78876,57,0
2026.05.01 16:00:00,4643.082,4650.059,4608.931,4610.695,41172,57,0
2026.05.01 20:00:00,4610.761,4617.206,4607.004,4613.629,5879,57,0
2026.05.03 20:00:00,4626.147,4629.455,4611.223,4613.822,11721,60,0
2026.05.04 00:00:00,4614.047,4618.634,4591.139,4615.034,43071,60,0
2026.05.04 04:00:00,4615.191,4615.61,4578.076,4579.173,41116,60,0
2026.05.04 08:00:00,4579.191,4584.678,4525.854,4560.224,65205,60,0
2026.05.04 12:00:00,4560.38,4583.409,4512.307,4521.547,117078,60,0
2026.05.04 16:00:00,4521.518,4531.681,4500.705,4517.889,65607,60,0
2026.05.04 20:00:00,4517.816,4524.411,4511.688,4519.08,11632,60,0
2026.05.05 00:00:00,4519.029,4546.943,4513.531,4534.731,30459,60,0
2026.05.05 04:00:00,4534.694,4558.517,4527.996,4545.625,33163,60,0
2026.05.05 08:00:00,4545.466,4565.047,4539.892,4562.729,33159,60,0
2026.05.05 12:00:00,4562.855,4586.835,4554.197,4568.75,51896,60,0
2026.05.05 16:00:00,4568.695,4569.197,4551.715,4554.855,27226,60,0
2026.05.05 20:00:00,4554.936,4595.913,4546.343,4593.918,19118,60,0
2026.05.06 00:00:00,4593.965,4652.254,4588.12,4644.009,44393,60,0
2026.05.06 04:00:00,4643.935,4681.915,4643.582,4681.652,36036,60,0
2026.05.06 08:00:00,4681.527,4723.095,4671.505,4692.058,58951,60,0
2026.05.06 12:00:00,4692.242,4717.523,4660.278,4687.872,73832,60,0
2026.05.06 16:00:00,4687.828,4700.308,4678.838,4692.309,32556,60,0
2026.05.06 20:00:00,4692.65,4699.861,4685.123,4699.087,13854,60,0
2026.05.07 00:00:00,4699.005,4721.486,4685.226,4699.321,43163,60,0
2026.05.07 04:00:00,4699.178,4750.811,4692.252,4743.216,43039,60,0
2026.05.07 08:00:00,4743.324,4753.501,4721.638,4742.712,38614,60,0
2026.05.07 12:00:00,4742.895,4764.876,4726.226,4729.423,66212,60,0
2026.05.07 16:00:00,4729.36,4729.842,4687.625,4703.208,78504,60,0
2026.05.07 20:00:00,4703.068,4719.24,4681.885,4704.181,24766,60,0
2026.05.08 00:00:00,4704.113,4732.843,4694.031,4719.814,46794,60,0
2026.05.08 04:00:00,4719.872,4734.624,4697.173,4708.15,44334,60,0
2026.05.08 08:00:00,4708.152,4728.142,4706.765,4717.879,34966,60,0
2026.05.08 12:00:00,4717.675,4749.714,4701.87,4707.261,75973,60,0
2026.05.08 16:00:00,4707.063,4729.143,4705.637,4723.906,29050,60,0
2026.05.08 20:00:00,4723.975,4724.446,4714.5,4715.277,4481,60,0
2026.05.10 20:00:00,4692.018,4698.656,4679.139,4691.792,13011,60,0
2026.05.11 00:00:00,4691.709,4705.487,4670.154,4678.928,61265,60,0
2026.05.11 04:00:00,4678.648,4680.756,4648.36,4667.783,42867,60,0
2026.05.11 08:00:00,4667.882,4678.73,4650.53,4674.435,34064,60,0
2026.05.11 12:00:00,4674.575,4748.71,4667.456,4732.005,70776,60,0
2026.05.11 16:00:00,4732.36,4736.537,4707.897,4733.392,31532,60,0
2026.05.11 20:00:00,4733.449,4770.144,4729.939,4767.708,15983,60,0
2026.05.12 00:00:00,4767.626,4773.717,4718.055,4720.414,58676,60,0
2026.05.12 04:00:00,4720.098,4730.512,4686.622,4700.044,46423,60,0
2026.05.12 08:00:00,4699.981,4709.488,4685.188,4706.851,38238,60,0
2026.05.12 12:00:00,4706.92,4711.796,4638.121,4666.289,84992,60,0
2026.05.12 16:00:00,4666.053,4715.993,4664.201,4715.897,36576,60,0
2026.05.12 20:00:00,4715.84,4723.89,4711.64,4716.811,16072,60,0
2026.05.13 00:00:00,4717.201,4727.184,4687.59,4696.208,44447,60,0
2026.05.13 04:00:00,4696.162,4715.447,4693.573,4703.062,35287,60,0
2026.05.13 08:00:00,4703.002,4710.648,4685.947,4697.608,33658,60,0
2026.05.13 12:00:00,4697.555,4701.587,4669.487,4695.417,60995,60,0
2026.05.13 16:00:00,4695.795,4709.959,4677.437,4688.179,32187,60,0
2026.05.13 20:00:00,4688.285,4702.398,4685.948,4696.806,11448,60,0
2026.05.14 00:00:00,4696.44,4707.134,4673.964,4674.921,53469,60,0
2026.05.14 04:00:00,4675.007,4719.02,4668.073,4693.334,46201,60,0
2026.05.14 08:00:00,4693.397,4706.537,4688.562,4694.256,37800,60,0
2026.05.14 12:00:00,4694.184,4710.073,4666.608,4686.101,67383,60,0
2026.05.14 16:00:00,4685.746,4687.077,4653.052,4654.154,32708,60,0
2026.05.14 20:00:00,4654.229,4665.521,4644.424,4652.151,17228,60,0
2026.05.15 00:00:00,4652.467,4658.291,4607.208,4615.642,80217,60,0
2026.05.15 04:00:00,4615.701,4621.862,4556.294,4570.945,76264,60,0
2026.05.15 08:00:00,4570.742,4572.673,4532.065,4552.206,71067,60,0
2026.05.15 12:00:00,4552.175,4566.687,4511.34,4539.955,102041,60,0
2026.05.15 16:00:00,4540.014,4564.552,4529.374,4546.059,39419,60,0
2026.05.15 20:00:00,4545.995,4546.564,4533.076,4539.585,7449,60,0
2026.05.17 20:00:00,4538.508,4554.939,4532.143,4537.014,19330,60,0
2026.05.18 00:00:00,4537.082,4548.154,4480.382,4541.152,115087,60,0
2026.05.18 04:00:00,4541.286,4560.162,4529.717,4546.187,66995,60,0
2026.05.18 08:00:00,4546.132,4567.314,4529.886,4550.808,54260,60,0
2026.05.18 12:00:00,4550.874,4584.501,4531.626,4543.796,100141,60,0
2026.05.18 16:00:00,4543.855,4565.087,4534.001,4558.546,54175,60,0
2026.05.18 20:00:00,4558.603,4589.037,4557.803,4581.685,15073,60,0
2026.05.19 00:00:00,4582.043,4589.425,4543.598,4545.16,60177,60,0
2026.05.19 04:00:00,4545.104,4559.412,4530.774,4557.065,51810,60,0
2026.05.19 08:00:00,4557.138,4559.286,4525.578,4530.902,47694,60,0
2026.05.19 12:00:00,4530.957,4547.214,4464.49,4508.346,118656,60,0
2026.05.19 16:00:00,4508.703,4512.603,4481.134,4483.549,36230,60,0
2026.05.19 20:00:00,4483.286,4496.455,4477.457,4489.569,16294,60,0
2026.05.20 00:00:00,4489.513,4509.138,4453.516,4463.659,90022,60,0
2026.05.20 04:00:00,4463.604,4486.17,4456.598,4478.714,56936,60,0
2026.05.20 08:00:00,4478.512,4501.303,4472.772,4499.013,42840,60,0
2026.05.20 12:00:00,4498.948,4553.123,4467.131,4529.294,111774,60,0
2026.05.20 16:00:00,4529.354,4550.55,4524.09,4545.968,36929,60,0
2026.05.20 20:00:00,4545.913,4550.599,4534.852,4546.438,17543,60,0
2026.05.21 00:00:00,4546.489,4571.135,4527.229,4528.182,55695,60,0
2026.05.21 04:00:00,4528.42,4540.514,4511.705,4519.859,45202,60,0
2026.05.21 08:00:00,4519.978,4543.133,4504.894,4514.035,62920,60,0
2026.05.21 12:00:00,4514.115,4521.012,4488.516,4511.797,92556,60,0
2026.05.21 16:00:00,4512.148,4559.437,4512.148,4543.022,73040,60,0
2026.05.21 20:00:00,4542.966,4546.125,4532.528,4535.416,12785,60,0
2026.05.22 00:00:00,4535.475,4541.265,4518.499,4529.421,44320,60,0
2026.05.22 04:00:00,4529.478,4534.36,4507.34,4521.877,39826,60,0
2026.05.22 08:00:00,4521.997,4536.968,4510.176,4520.836,39555,60,0
2026.05.22 12:00:00,4520.757,4535.993,4491.655,4520.273,75141,60,0
2026.05.22 16:00:00,4520.217,4528.115,4504.337,4508.48,37192,60,0
2026.05.22 20:00:00,4508.424,4510.399,4504.443,4508.069,5241,60,0
2026.05.24 20:00:00,4545.529,4580.123,4543.496,4567.3,15813,60,0
2026.05.25 00:00:00,4567.243,4579.891,4556.652,4559.688,45384,60,0
2026.05.25 04:00:00,4559.909,4566.287,4550.374,4564.697,31924,60,0
2026.05.25 08:00:00,4564.697,4577.181,4553.364,4569.396,23835,60,0
2026.05.25 12:00:00,4569.587,4574.699,4552.778,4571.074,32759,60,0
2026.05.25 16:00:00,4571.118,4578.248,4563.206,4570.689,12082,60,0
2026.05.25 20:00:00,4571.558,4580.453,4555.108,4559.811,11239,60,0
2026.05.26 00:00:00,4559.581,4560.065,4527.827,4542.554,44531,60,0
2026.05.26 04:00:00,4542.215,4543.225,4521.638,4538.14,36789,60,0
2026.05.26 08:00:00,4538.225,4540.757,4503.57,4507.295,46818,60,0
2026.05.26 12:00:00,4507.053,4531.472,4500.695,4506.704,64551,60,0
2026.05.26 16:00:00,4506.776,4511.535,4482.414,4508.879,31495,60,0
2026.05.26 20:00:00,4509.116,4528.059,4497.993,4519.851,19130,60,0
2026.05.27 00:00:00,4519.791,4525.786,4496.744,4497.052,36536,60,0
2026.05.27 04:00:00,4497.252,4517.287,4475.844,4482.202,46049,60,0
2026.05.27 08:00:00,4481.936,4498.721,4424.817,4428.787,52650,60,0
2026.05.27 12:00:00,4428.722,4466.763,4401.396,4436.416,107070,60,0
2026.05.27 16:00:00,4436.471,4458.319,4434.126,4451.143,27477,60,0
2026.05.27 20:00:00,4451.2,4465.517,4443.82,4447.258,13705,60,0
2026.05.28 00:00:00,4447.316,4459.024,4368.394,4375.016,64774,60,0
2026.05.28 04:00:00,4374.667,4396.577,4366.349,4387.684,51052,60,0
2026.05.28 08:00:00,4387.403,4404.32,4375.05,4387.705,41541,60,0
2026.05.28 12:00:00,4387.797,4485.067,4379.58,4482.179,103621,60,0
2026.05.28 16:00:00,4482.546,4516.705,4477.7,4498.145,37266,60,0
2026.05.28 20:00:00,4498.076,4500.822,4489.3,4495.312,13355,60,0
2026.05.29 00:00:00,4495.244,4520.916,4492.015,4501.53,43654,60,0
2026.05.29 04:00:00,4501.17,4526.299,4500.98,4524.604,37788,60,0
2026.05.29 08:00:00,4524.748,4543.535,4509.995,4538.316,37674,60,0
2026.05.29 12:00:00,4538.381,4595.306,4512.626,4571.32,92847,60,0
2026.05.29 16:00:00,4571.385,4573.617,4542.916,4545.766,36299,60,0
2026.05.29 20:00:00,4545.71,4549.119,4539.502,4540.48,5274,60,0
2026.05.31 20:00:00,4521.379,4545.857,4518.493,4539.759,13283,60,0
2026.06.01 00:00:00,4539.82,4546.276,4509.901,4516.255,42782,60,0
2026.06.01 04:00:00,4516.212,4525.317,4492.514,4503.301,37047,60,0
2026.06.01 08:00:00,4502.952,4513.011,4489.298,4505.793,35122,60,0
2026.06.01 12:00:00,4505.737,4510.657,4447.675,4474.231,89622,60,0
2026.06.01 16:00:00,4474.306,4495.566,4462.926,4481.345,32483,60,0
2026.06.01 20:00:00,4481.106,4488.412,4479.321,4484.392,11664,60,0
2026.06.02 00:00:00,4484.622,4499.679,4463.072,4499.226,53498,60,0
2026.06.02 04:00:00,4499.218,4541.713,4497.741,4535.047,38338,60,0
2026.06.02 08:00:00,4534.952,4539.404,4521.341,4527.72,28624,60,0
2026.06.02 12:00:00,4527.777,4534.257,4490.182,4502.282,52335,60,0
2026.06.02 16:00:00,4502.297,4503.054,4478.756,4488.01,27716,60,0
2026.06.02 20:00:00,4487.951,4493.307,4462.165,4474.309,19727,60,0
2026.06.03 00:00:00,4474.237,4496.888,4463.347,4484.301,42057,60,0
2026.06.03 04:00:00,4484.651,4488.418,4452.854,4453.455,40787,60,0
2026.06.03 08:00:00,4453.516,4467.963,4438.937,4462.674,45169,60,0
2026.06.03 12:00:00,4462.729,4467.407,4426.254,4442.105,72511,60,0
2026.06.03 16:00:00,4442.046,4452.3,4433.739,4443.868,30173,60,0
2026.06.03 20:00:00,4444.048,4464.834,4423.721,4457.206,21969,60,0
2026.06.04 00:00:00,4457.559,4477.44,4443.136,4464.075,54077,60,0
2026.06.04 04:00:00,4464.017,4484.15,4459.366,4461.873,38314,60,0
2026.06.04 08:00:00,4461.808,4514.839,4458.704,4511.428,46213,60,0
2026.06.04 12:00:00,4511.349,4515.627,4457.287,4477.67,74080,60,0
2026.06.04 16:00:00,4477.373,4485.335,4472.783,4481.034,26251,60,0
2026.06.04 20:00:00,4480.963,4481.74,4460.449,4461.626,15258,60,0
2026.06.05 00:00:00,4461.573,4470.056,4435.204,4442.285,58264,60,0
2026.06.05 04:00:00,4442.396,4467.529,4428.674,4461.047,42736,60,0
2026.06.05 08:00:00,4460.986,4475.479,4458.335,4470.394,33163,60,0
2026.06.05 12:00:00,4470.459,4476.021,4333.962,4335.681,130598,50,0
2026.06.05 16:00:00,4335.623,4347.541,4313.838,4318.533,70346,50,0
2026.06.05 20:00:00,4318.613,4331.202,4311.701,4328.59,11648,60,0
2026.06.07 20:00:00,4325.244,4347.157,4310.263,4343.938,24464,50,0
2026.06.08 00:00:00,4343.991,4353.484,4300.012,4316.844,86880,50,0
2026.06.08 04:00:00,4316.899,4321.926,4268.362,4294.662,72823,50,0
2026.06.08 08:00:00,4294.36,4333.516,4273.061,4331.493,68313,50,0
2026.06.08 12:00:00,4331.139,4346.945,4314.44,4341.772,92223,50,0
2026.06.08 16:00:00,4341.679,4346.419,4323.487,4326.809,37575,50,0
2026.06.08 20:00:00,4326.555,4332.625,4312.89,4317.729,14375,50,0
2026.06.09 00:00:00,4317.677,4342.556,4315.121,4336.519,50460,50,0
2026.06.09 04:00:00,4336.799,4351.64,4322.154,4326.822,44733,50,0
2026.06.09 08:00:00,4326.879,4343.944,4321.102,4339.815,35795,50,0
2026.06.09 12:00:00,4340.126,4363.603,4263.08,4272.374,114717,50,0
2026.06.09 16:00:00,4272.566,4281.227,4236.508,4258.954,110639,50,0
2026.06.09 20:00:00,4259.01,4262.221,4210.364,4222.223,25841,50,0
2026.06.10 00:00:00,4222.166,4228.59,4172.652,4185.075,93325,50,0
2026.06.10 04:00:00,4184.748,4222.033,4172.242,4186.126,60692,50,0
2026.06.10 08:00:00,4186.065,4187.583,4145.76,4147.827,84472,50,0
2026.06.10 12:00:00,4147.764,4186.482,4106.948,4128.755,172196,50,0
2026.06.10 16:00:00,4128.814,4135.355,4081.542,4082.953,78660,50,0
2026.06.10 20:00:00,4082.875,4083.281,4023.866,4047.232,46884,50,0
2026.06.11 00:00:00,4047.424,4118.392,4036.153,4072.782,140744,50,0
2026.06.11 04:00:00,4072.955,4110.786,4070.26,4104.879,74190,50,0
2026.06.11 08:00:00,4104.827,4112.754,4077.439,4080.541,56543,50,0
2026.06.11 12:00:00,4080.523,4095.517,4052.942,4088.766,159910,50,0
2026.06.11 16:00:00,4088.84,4220.078,4071.909,4209.077,155477,50,0
2026.06.11 20:00:00,4209.171,4246.531,4205.443,4219.89,32455,50,0
2026.06.12 00:00:00,4220.102,4230.713,4171.389,4197.382,82436,50,0
2026.06.12 04:00:00,4197.331,4201.201,4170.163,4194.157,58055,50,0
2026.06.12 08:00:00,4194.498,4228.019,4191.899,4207.122,66651,50,0
2026.06.12 12:00:00,4206.798,4235.722,4177.069,4212.009,120389,50,0
2026.06.12 16:00:00,4212.068,4235.497,4201.829,4210.607,54773,50,0
2026.06.12 20:00:00,4210.666,4219.406,4209.361,4218.775,4599,50,0
2026.06.14 20:00:00,4270.511,4309.125,4269.387,4294.05,20042,60,0
2026.06.15 00:00:00,4294.066,4335.666,4285.532,4324.883,57164,50,0
2026.06.15 04:00:00,4325.229,4333.19,4300.729,4323.081,40263,50,0
2026.06.15 08:00:00,4323.018,4347.677,4321.75,4335.34,37580,50,0
2026.06.15 12:00:00,4335.391,4369.413,4324.739,4356.392,60926,50,0
2026.06.15 16:00:00,4356.234,4358.897,4316.573,4320.718,34677,50,0
2026.06.15 20:00:00,4320.881,4322.227,4305.923,4315.825,14716,50,0
2026.06.16 00:00:00,4315.768,4333.332,4306.794,4330.345,40798,50,0
2026.06.16 04:00:00,4330.345,4335.617,4313.417,4335.018,34084,50,0
2026.06.16 08:00:00,4334.964,4349.576,4332.73,4340.873,30252,50,0
2026.06.16 12:00:00,4340.821,4355.101,4313.118,4335.491,63543,50,0
2026.06.16 16:00:00,4335.434,4347.179,4325.246,4334.212,35103,50,0
2026.06.16 20:00:00,4333.865,4338.432,4328.907,4331.221,9974,50,0
2026.06.17 00:00:00,4331.362,4349.921,4328.469,4332.344,37243,50,0
2026.06.17 04:00:00,4332.179,4334.186,4317.488,4325.43,32762,50,0
2026.06.17 08:00:00,4325.486,4335.965,4317.229,4323.43,30269,50,0
2026.06.17 12:00:00,4323.492,4365.022,4319.864,4363.807,62601,50,0
2026.06.17 16:00:00,4363.448,4382.551,4218.942,4235.656,220373,50,0
2026.06.17 20:00:00,4235.576,4284.056,4234.902,4277.951,33197,50,0
2026.06.18 00:00:00,4278.01,4330.065,4276.408,4319.62,60580,50,0
2026.06.18 04:00:00,4319.862,4324.843,4287.43,4288.823,47162,50,0
2026.06.18 08:00:00,4288.897,4292.918,4239.804,4242.163,52912,50,0
2026.06.18 12:00:00,4241.816,4276.876,4223.031,4226.607,97468,50,0
2026.06.18 16:00:00,4226.66,4233.506,4201.315,4216.883,52589,50,0
2026.06.18 20:00:00,4216.936,4219.745,4186.825,4188.664,17163,50,0
2026.06.19 00:00:00,4188.6,4198.063,4145.751,4153.364,43631,50,0
2026.06.19 04:00:00,4153.59,4163.447,4121.718,4158.18,55849,50,0
2026.06.19 08:00:00,4157.996,4178.8,4141.84,4152.54,43366,50,0
2026.06.19 12:00:00,4152.568,4183.145,4142.554,4151.173,57110,50,0
2026.06.19 16:00:00,4151.019,4157.948,4144.373,4155.531,7037,50,0
2026.06.21 20:00:00,4153.548,4164.886,4136.552,4140.195,17316,50,0
2026.06.22 00:00:00,4140.25,4221.304,4140.007,4171.697,84177,50,0
2026.06.22 04:00:00,4171.749,4207.383,4170.751,4190.3,45401,50,0
2026.06.22 08:00:00,4190.507,4215.422,4188.839,4207.475,38982,50,0
2026.06.22 12:00:00,4207.407,4211.857,4169.738,4183.065,79611,50,0
2026.06.22 16:00:00,4182.742,4193.524,4174.357,4190.541,35677,50,0
2026.06.22 20:00:00,4190.601,4195.492,4186.909,4187.787,11496,50,0
2026.06.23 00:00:00,4187.73,4198.685,4130.866,4144.007,69512,50,0
2026.06.23 04:00:00,4144.057,4146.885,4096.568,4099.031,69274,50,0
2026.06.23 08:00:00,4099.006,4133.302,4090.732,4123.258,55476,50,0
2026.06.23 12:00:00,4123.444,4145.203,4105.281,4138.558,93253,50,0
2026.06.23 16:00:00,4138.607,4144.042,4111.579,4111.956,41375,50,0
2026.06.23 20:00:00,4111.734,4115.182,4080.769,4099.153,24115,50,0
2026.06.24 00:00:00,4099.091,4112.092,4050.312,4062.916,102552,50,0
2026.06.24 04:00:00,4062.977,4097.709,4055.012,4074.964,62889,50,0
2026.06.24 08:00:00,4074.912,4087.685,4037.567,4046.932,80528,0,0
2026.06.24 12:00:00,4046.799,4049.008,3964.491,4002.477,364926,0,0
2026.06.24 16:00:00,4002.748,4022.377,3958.916,3988.245,121808,0,0
2026.06.24 20:00:00,3988.014,4018.548,3984.795,4012.43,28158,50,0
2026.06.25 00:00:00,4012.375,4016.572,3962.475,3995.431,115065,50,0
2026.06.25 04:00:00,3995.378,4000.291,3971.388,3987.818,68695,50,0
2026.06.25 08:00:00,3987.766,4002.216,3973.707,3980.293,51111,40,0
2026.06.25 12:00:00,3980.333,4042.804,3978.881,4041.035,164733,40,0
2026.06.25 16:00:00,4041.162,4044.317,4022.004,4026.738,56323,40,0
2026.06.25 20:00:00,4026.665,4036.724,4012.478,4014.751,21593,40,0
2026.06.26 00:00:00,4014.69,4029.655,3982.979,4004.205,73997,40,0
2026.06.26 04:00:00,4004.262,4039.794,3998.793,4030.516,60245,40,0
2026.06.26 08:00:00,4030.605,4055.93,4025.769,4045.864,46072,40,0
2026.06.26 12:00:00,4045.916,4096.153,4035.854,4090.502,98610,40,0
2026.06.26 16:00:00,4090.552,4093.637,4064.515,4071.843,38330,40,0
2026.06.26 20:00:00,4071.914,4090.508,4064.699,4088.35,8803,40,0
2026.06.28 20:00:00,4076.006,4085.412,4051.808,4062.931,18274,40,0
2026.06.29 00:00:00,4062.987,4075.813,4048.355,4068.999,81112,40,0
2026.06.29 04:00:00,4069.091,4069.153,4039.309,4061.829,50607,40,0
2026.06.29 08:00:00,4061.777,4066.824,4024.525,4039.43,48791,40,0
2026.06.29 12:00:00,4039.506,4052.459,4000.253,4027.141,80687,40,0
2026.06.29 16:00:00,4027.047,4032.2,4005.243,4016.024,30524,40,0
2026.06.29 20:00:00,4016.072,4022.586,4009.546,4015.128,14929,40,0
2026.06.30 00:00:00,4015.07,4015.402,3942.204,3969.824,98668,40,0
2026.06.30 04:00:00,3969.774,4034.979,3968.153,4032.422,69800,40,0
2026.06.30 08:00:00,4032.091,4037.853,4012.409,4033.843,39404,40,0
2026.06.30 12:00:00,4033.92,4063.426,4008.664,4029.592,85745,40,0
2026.06.30 16:00:00,4029.642,4033.997,4014.848,4016.19,30717,40,0
2026.06.30 20:00:00,4016.074,4021.157,4005.338,4005.693,16467,40,0
2026.07.01 00:00:00,4005.753,4009.958,3970.325,3980.425,57943,40,0
2026.07.01 04:00:00,3980.473,3982.984,3960.065,3976.252,49422,40,0
2026.07.01 08:00:00,3976.198,4035.704,3969.466,4030.332,43610,40,0
2026.07.01 12:00:00,4030.658,4115.803,4012.85,4081.276,119939,40,0
2026.07.01 16:00:00,4081.341,4088.709,4034.456,4038.67,42313,40,0
2026.07.01 20:00:00,4038.616,4045.379,4028.494,4035.269,18426,40,0
2026.07.02 00:00:00,4035.072,4074.32,4030.789,4070.182,60266,40,0
2026.07.02 04:00:00,4070.238,4079.809,4053.211,4064.771,49188,40,0
2026.07.02 08:00:00,4064.716,4080.313,4057.342,4065.475,41617,40,0
2026.07.02 12:00:00,4065.525,4144.065,4061.23,4128.416,135659,0,0
2026.07.02 16:00:00,4128.565,4130.448,4100.294,4121.566,53563,40,0
2026.07.02 20:00:00,4121.429,4134.246,4116.346,4126.319,15531,40,0
2026.07.03 00:00:00,4126.35,4195.606,4123.07,4176.007,69635,40,0
2026.07.03 04:00:00,4176.231,4182.956,4160.411,4177.498,37295,40,0
2026.07.03 08:00:00,4177.59,4186.679,4168.373,4180.985,29089,40,0
2026.07.03 12:00:00,4181.045,4183.314,4155.284,4165.04,35311,40,0
2026.07.03 16:00:00,4164.985,4176.447,4162.745,4175.013,5744,40,0
2026.07.05 20:00:00,4178.022,4202.378,4173.296,4183.204,18341,40,0
2026.07.06 00:00:00,4183.354,4203.29,4160.987,4165.39,75389,40,0
2026.07.06 04:00:00,4165.34,4166.867,4144.725,4164.618,42871,40,0
2026.07.06 08:00:00,4164.333,4166.212,4136.311,4155.12,36028,40,0
2026.07.06 12:00:00,4155.059,4158.631,4128.561,4148.288,65307,40,0
2026.07.06 16:00:00,4148.34,4167.78,4140.347,4163.732,29270,40,0
2026.07.06 20:00:00,4163.805,4168.737,4157.074,4157.472,10729,40,0
2026.07.07 00:00:00,4157.418,4162.925,4124.451,4131.264,52784,40,0
2026.07.07 04:00:00,4131.046,4141.424,4116.545,4124.871,42631,40,0
2026.07.07 08:00:00,4124.818,4158.628,4119.666,4156.633,38514,40,0
2026.07.07 12:00:00,4156.771,4180.612,4135.752,4139.025,78212,40,0
2026.07.07 16:00:00,4139.023,4148.377,4092.154,4114.128,53404,40,0
2026.07.07 20:00:00,4114.074,4115.898,4094.268,4098.928,19446,40,0
2026.07.08 00:00:00,4098.823,4131.317,4096.446,4123.614,76804,40,0
2026.07.08 04:00:00,4123.557,4134.18,4114.681,4121.441,48988,40,0
2026.07.08 08:00:00,4121.498,4121.498,4040.373,4062.09,113027,40,0
2026.07.08 12:00:00,4062.195,4086.665,4021.754,4034.179,121185,40,0
2026.07.08 16:00:00,4034.233,4091.696,4033.205,4080.105,66956,40,0
2026.07.08 20:00:00,4080.159,4083.697,4071.711,4076.376,17670,40,0
2026.07.09 00:00:00,4076.184,4090.093,4054.233,4064.16,57160,40,0
2026.07.09 04:00:00,4064.211,4111.362,4056.433,4107.813,52928,40,0
2026.07.09 08:00:00,4107.865,4117.906,4093.637,4108.628,37500,40,0
2026.07.09 12:00:00,4108.723,4136.421,4105.137,4126.746,69365,40,0
2026.07.09 16:00:00,4126.696,4138.236,4118.741,4122.35,31593,40,0
2026.07.09 20:00:00,4122.301,4127.826,4120.611,4123.647,10627,40,0
2026.07.10 00:00:00,4123.595,4134.905,4108.583,4120.405,43588,40,0
2026.07.10 04:00:00,4120.337,4121.26,4104.356,4108.937,35835,40,0
2026.07.10 08:00:00,4108.988,4112.816,4094.384,4102.551,31032,40,0
2026.07.10 12:00:00,4102.556,4117.694,4072.976,4112.977,77131,40,0
2026.07.10 16:00:00,4113.033,4115.609,4097.791,4108.374,28428,40,0
2026.07.10 20:00:00,4108.312,4121.249,4108.248,4120.013,4727,40,0
2026.07.12 20:00:00,4098.686,4099.378,4068.482,4084.411,18562,40,0
2026.07.13 00:00:00,4084.459,4091.282,4052.861,4060.456,75667,40,0
2026.07.13 04:00:00,4060.342,4073.272,4043.807,4064.739,52562,40,0
2026.07.13 08:00:00,4064.787,4080.828,4046.567,4056.573,46132,40,0
2026.07.13 12:00:00,4056.607,4067.802,4000.363,4016.205,97039,40,0
2026.07.13 16:00:00,4016.148,4018.15,3986.511,4001.958,56855,40,0
2026.07.13 20:00:00,4002.046,4006.654,3992.747,4001.013,16525,40,0
2026.07.14 00:00:00,4001.07,4019.311,3983.412,4016.896,71766,40,0
2026.07.14 04:00:00,4016.95,4034.283,4013.518,4020.925,38379,40,0
2026.07.14 08:00:00,4021.039,4032.087,4013.672,4031.131,39875,40,0
2026.07.14 12:00:00,4031.063,4103.355,4023.351,4066.491,122860,0,0
2026.07.14 16:00:00,4066.549,4067.293,4042.773,4055.964,44249,40,0
2026.07.14 20:00:00,4056.031,4056.577,4046.73,4053.223,13334,40,0
2026.07.15 00:00:00,4053.028,4062.13,4027.923,4031.371,48617,40,0
2026.07.15 04:00:00,4031.42,4036.661,4019.693,4024.647,40156,40,0
2026.07.15 08:00:00,4024.446,4040.515,4017.4,4038.447,36760,40,0
2026.07.15 12:00:00,4038.289,4074.362,4035.983,4047.02,74464,40,0
2026.07.15 16:00:00,4046.971,4081.602,4026.776,4056.979,58542,40,0
2026.07.15 20:00:00,4056.859,4066.046,4055.113,4058.0,13640,40,0
2026.07.16 00:00:00,4057.851,4061.433,4024.119,4036.175,49259,40,0
2026.07.16 04:00:00,4036.23,4038.119,4022.902,4030.618,40713,40,0
2026.07.16 08:00:00,4030.496,4042.498,4021.184,4038.604,36899,40,0
2026.07.16 12:00:00,4038.659,4043.518,3973.58,4006.911,107048,40,0
2026.07.16 16:00:00,4007.032,4007.911,3969.211,3979.914,52224,40,0
2026.07.16 20:00:00,3980.066,3986.522,3971.798,3985.882,14319,40,0
2026.07.17 00:00:00,3985.93,4009.065,3970.51,3991.336,63269,40,0
2026.07.17 04:00:00,3991.48,4007.334,3975.218,3992.903,53852,40,0
2026.07.17 08:00:00,3992.855,4002.632,3987.711,3993.988,41781,40,0
2026.07.17 12:00:00,3994.186,4021.335,3959.46,4019.08,104308,40,0
2026.07.17 16:00:00,4019.137,4023.977,4002.257,4015.481,41059,40,0
2026.07.17 20:00:00,4015.355,4018.848,4008.694,4017.676,5327,40,0
2026.07.19 20:00:00,4000.257,4003.023,3989.312,3995.473,14089,40,0
2026.07.20 00:00:00,3995.714,4028.965,3982.555,4024.305,70867,40,0
2026.07.20 04:00:00,4024.255,4026.861,4002.01,4017.515,42441,40,0
2026.07.20 08:00:00,4017.19,4040.819,4014.774,4025.4,44743,40,0
2026.07.20 12:00:00,4025.335,4025.335,3998.254,4011.969,68469,40,0
2026.07.20 16:00:00,4011.919,4018.586,4001.489,4007.058,36304,40,0
2026.07.20 20:00:00,4007.159,4010.856,3999.861,4009.802,16406,40,0
2026.07.21 00:00:00,4009.989,4051.837,4003.91,4046.893,58403,40,0
2026.07.21 04:00:00,4047.006,4084.37,4043.659,4071.462,38775,40,0
2026.07.21 08:00:00,4071.392,4072.669,4054.385,4056.203,33413,40,0
2026.07.21 12:00:00,4056.003,4083.688,4044.574,4074.359,63901,40,0
2026.07.21 16:00:00,4074.287,4087.592,4066.782,4084.616,27088,40,0
2026.07.21 20:00:00,4084.567,4086.444,4076.79,4080.61,12345,40,0
2026.07.22 00:00:00,4080.811,4141.847,4076.733,4131.026,58304,40,0
2026.07.22 04:00:00,4130.973,4135.318,4109.368,4110.624,40080,40,0
2026.07.22 08:00:00,4110.571,4123.22,4110.571,4122.529,34364,40,0
2026.07.22 12:00:00,4122.552,4166.105,4106.342,4159.385,65641,40,0
2026.07.22 16:00:00,4159.281,4159.66,4128.985,4131.785,32938,40,0
2026.07.22 20:00:00,4131.677,4137.855,4115.883,4133.367,23560,40,0
2026.07.23 00:00:00,4133.419,4141.085,4112.276,4124.793,54481,40,0
2026.07.23 04:00:00,4124.786,4130.702,4090.038,4095.626,44289,40,0
2026.07.23 08:00:00,4095.577,4099.432,4072.811,4085.849,46341,40,0
2026.07.23 12:00:00,4085.797,4086.18,4040.057,4048.634,96468,40,0
2026.07.23 16:00:00,4048.75,4054.735,4040.64,4049.991,35080,40,0
2026.07.23 20:00:00,4050.056,4051.315,4046.615,4047.168,11165,40,0
2026.07.24 00:00:00,4047.245,4050.928,4023.085,4029.471,44091,40,0
2026.07.24 04:00:00,4029.411,4053.863,4021.944,4048.439,36996,40,0
2026.07.24 08:00:00,4048.316,4064.05,4045.16,4057.766,28767,40,0
2026.07.24 12:00:00,4057.737,4082.182,4044.618,4077.562,64758,40,0
2026.07.24 16:00:00,4077.388,4078.288,4049.184,4053.657,31621,40,0
2026.07.24 20:00:00,4053.767,4056.261,4051.78,4053.032,4183,40,0
2026.07.26 20:00:00,4091.931,4096.678,4083.683,4094.276,10981,40,0
2026.07.27 00:00:00,4094.395,4116.27,4085.3,4090.942,55289,40,0
2026.07.27 04:00:00,4090.994,4106.141,4084.45,4089.008,35953,40,0
2026.07.27 08:00:00,4089.063,4104.258,4086.393,4093.879,35236,40,0
2026.07.27 12:00:00,4094.14,4097.862,4065.268,4078.708,74758,40,0
2026.07.27 16:00:00,4078.613,4093.955,4070.723,4083.308,38357,40,0
2026.07.27 20:00:00,4083.57,4084.254,4069.981,4073.295,11794,40,0
2026.07.28 00:00:00,4073.246,4074.331,4040.293,4049.336,51328,40,0
2026.07.28 04:00:00,4049.289,4052.474,4034.802,4047.355,35504,40,0
2026.07.28 08:00:00,4047.573,4055.364,4016.93,4028.103,48338,40,0
2026.07.28 12:00:00,4028.006,4047.166,4011.392,4046.073,74720,40,0
2026.07.28 16:00:00,4046.381,4046.758,4021.757,4026.626,31648,40,0
2026.07.28 20:00:00,4026.317,4030.535,4014.026,4025.198,16443,40,0
2026.07.29 00:00:00,4024.998,4038.11,4010.103,4023.803,57554,40,0
2026.07.29 04:00:00,4023.856,4047.875,4020.599,4043.982,36295,40,0
2026.07.29 08:00:00,4043.932,4044.557,4024.897,4032.716,28345,40,0
2026.07.29 12:00:00,4032.765,4033.641,3995.936,4010.006,71760,40,0
2026.07.29 16:00:00,4009.836,4116.581,4007.583,4044.821,150689,40,0
2026.07.29 20:00:00,4044.942,4100.415,4042.567,4084.854,37343,40,0
2026.07.30 00:00:00,4084.655,4093.037,4050.772,4058.864,76836,40,0
2026.07.30 04:00:00,4059.061,4060.352,4028.52,4038.961,61788,40,0
2026.07.30 08:00:00,4038.707,4083.126,4036.64,4077.686,60528,40,0
2026.07.30 12:00:00,4077.581,4120.512,4065.035,4108.099,127773,40,0
2026.07.30 16:00:00,4108.045,4119.438,4098.711,4112.262,38458,40,0
2026.07.30 20:00:00,4112.317,4117.595,4099.091,4105.891,17499,40,0
2026.07.31 00:00:00,4105.794,4107.353,4071.979,4075.136,42025,40,0
2026.07.31 04:00:00,4075.141,4087.571,4067.345,4067.907,32620,40,0
2026.07.31 08:00:00,4067.847,4067.914,4050.108,4053.831,37862,40,0
2026.07.31 12:00:00,4053.827,4059.601,4020.975,4045.666,76745,40,0
2026.07.31 16:00:00,4045.612,4055.781,4041.108,4051.151,34347,40,0
2026.07.31 20:00:00,4051.041,4053.115,4042.994,4043.917,11789,40,0
2026.08.02 20:00:00,4073.165,4079.518,4063.169,4074.878,13975,40,0
2026.08.03 00:00:00,4074.939,4079.12,4047.221,4064.984,60297,40,0
2026.08.03 04:00:00,4065.062,4072.189,4052.037,4060.935,41911,40,0
2026.08.03 08:00:00,4061.251,4063.333,4045.41,4062.716,37996,40,0
2026.08.03 12:00:00,4062.512,4064.818,4018.988,4036.204,64872,40,0
2026.08.03 16:00:00,4036.309,4055.936,4029.575,4052.22,26714,40,0
2026.08.03 20:00:00,4052.282,4058.342,4049.318,4053.862,11878,40,0
2026.08.04 00:00:00,4053.803,4069.513,4042.503,4052.672,42003,40,0
2026.08.04 04:00:00,4052.699,4067.791,4051.18,4065.43,30693,40,0
2026.08.04 08:00:00,4065.477,4084.43,4045.536,4075.01,45140,40,0
2026.08.04 12:00:00,4075.078,4094.121,4060.934,4087.472,79662,40,0
2026.08.04 16:00:00,4087.592,4106.59,4075.132,4078.809,35127,40,0
2026.08.04 20:00:00,4078.697,4085.834,4065.504,4072.408,15885,40,0
2026.08.05 00:00:00,4072.456,4136.619,4070.393,4128.483,52300,40,0
2026.08.05 04:00:00,4128.49,4179.726,4128.387,4170.726,56446,40,0
2026.08.05 08:00:00,4170.674,4192.829,4150.349,4189.055,47703,40,0
2026.08.05 12:00:00,4189.112,4265.416,4183.342,4233.028,99531,40,0
2026.08.05 16:00:00,4233.079,4267.963,4224.731,4247.201,43880,40,0
2026.08.05 20:00:00,4246.892,4282.093,4242.993,4278.142,15608,40,0
2026.08.06 00:00:00,4278.211,4304.388,4260.337,4265.764,76453,40,0
2026.08.06 04:00:00,4265.592,4268.799,4247.123,4262.669,37788,40,0
2026.08.06 08:00:00,4262.722,4284.86,4254.065,4263.237,36605,40,0
2026.08.06 12:00:00,4263.179,4275.472,4229.307,4233.928,85698,40,0
2026.08.06 16:00:00,4233.986,4251.449,4223.298,4248.895,48116,40,0
2026.08.06 20:00:00,4249.049,4253.343,4234.678,4252.24,14130,40,0
2026.08.07 00:00:00,4252.494,4266.533,4229.553,4266.088,54846,40,0
2026.08.07 04:00:00,4266.108,4298.922,4260.711,4290.152,52000,40,0
2026.08.07 08:00:00,4290.231,4327.953,4288.973,4321.191,48241,40,0
2026.08.07 12:00:00,4321.396,4371.975,4301.002,4341.13,126066,40,0
2026.08.07 16:00:00,4341.267,4350.422,4327.852,4344.13,49419,40,0
2026.08.07 20:00:00,4344.192,4345.428,4335.98,4342.307,6189,50,0
2026.08.09 20:00:00,4347.907,4349.258,4331.994,4332.763,12446,40,0
2026.08.10 00:00:00,4332.7,4347.101,4313.307,4326.507,64672,40,0
2026.08.10 04:00:00,4326.808,4362.269,4323.081,4355.656,43735,40,0
2026.08.10 08:00:00,4355.601,4356.757,4328.859,4335.286,33819,40,0
2026.08.10 12:00:00,4335.01,4359.756,4316.689,4358.351,65302,40,0
2026.08.10 16:00:00,4358.41,4395.422,4349.499,4388.503,42134,40,0
2026.08.10 20:00:00,4388.407,4402.784,4385.681,4402.369,13161,40,0
2026.08.11 00:00:00,4402.317,4435.369,4393.645,4417.04,60054,50,0
2026.08.11 04:00:00,4417.046,4420.347,4356.727,4357.952,62175,50,0
2026.08.11 08:00:00,4357.886,4393.07,4356.964,4387.912,41038,50,0
2026.08.11 12:00:00,4387.66,4404.349,4369.162,4383.749,69316,50,0
2026.08.11 16:00:00,4383.867,4385.866,4360.143,4370.878,34696,40,0
2026.08.11 20:00:00,4370.81,4378.391,4362.489,4371.473,14359,40,0
2026.08.12 00:00:00,4371.476,4416.44,4366.477,4402.248,41306,40,0
2026.08.12 04:00:00,4402.521,4410.238,4383.868,4406.347,33388,50,0
2026.08.12 08:00:00,4406.143,4424.363,4401.675,4412.769,32903,50,0
2026.08.12 12:00:00,4412.653,4441.528,4382.217,4420.953,105753,50,0
2026.08.12 16:00:00,4421.006,4426.605,4396.164,4413.759,40566,50,0
2026.08.12 20:00:00,4413.825,4414.626,4398.219,4414.367,11601,40,0
2026.08.13 00:00:00,4414.432,4449.943,4398.659,4400.281,64952,50,0
2026.08.13 04:00:00,4400.382,4407.441,4368.938,4370.119,51266,50,0
2026.08.13 08:00:00,4370.119,4396.788,4364.072,4387.614,32059,50,0
2026.08.13 12:00:00,4387.678,4402.388,4357.481,4365.331,88464,50,0
2026.08.13 16:00:00,4365.118,4373.355,4343.626,4349.969,40659,40,0
2026.08.13 20:00:00,4350.024,4364.338,4346.842,4356.717,15704,40,0
2026.08.14 00:00:00,4356.652,4362.303,4310.932,4323.425,66204,40,0
2026.08.14 04:00:00,4323.717,4345.422,4310.99,4343.556,37348,40,0
2026.08.14 08:00:00,4343.609,4369.653,4341.924,4369.368,29653,40,0
2026.08.14 12:00:00,4369.216,4397.113,4365.614,4391.691,60855,50,0
2026.08.14 16:00:00,4391.842,4396.921,4371.023,4376.046,26501,40,0
2026.08.14 20:00:00,4376.189,4377.155,4371.384,4375.988,4055,50,0
2026.08.16 20:00:00,4379.527,4387.022,4367.156,4370.459,11421,40,0
2026.08.17 00:00:00,4370.534,4416.689,4368.194,4396.956,50532,40,0
2026.08.17 04:00:00,4397.017,4411.553,4386.886,4405.172,38371,50,0
2026.08.17 08:00:00,4405.285,4406.035,4391.898,4396.879,31429,50,0
2026.08.17 12:00:00,4396.812,4428.028,4377.388,4427.465,60688,50,0
2026.08.17 16:00:00,4427.525,4428.973,4397.936,4420.018,34812,50,0
2026.08.17 20:00:00,4419.907,4426.111,4409.847,4425.838,11209,50,0
2026.08.18 00:00:00,4425.844,4436.454,4390.796,4392.064,48820,50,0
2026.08.18 04:00:00,4392.012,4403.626,4386.04,4395.842,31083,50,0
2026.08.18 08:00:00,4395.671,4399.732,4386.82,4395.862,29066,50,0
2026.08.18 12:00:00,4395.94,4407.152,4351.533,4364.745,87355,50,0
2026.08.18 16:00:00,4365.143,4371.758,4338.354,4345.473,39036,40,0
2026.08.18 20:00:00,4345.533,4346.565,4327.332,4332.957,17403,40,0
2026.08.19 00:00:00,4333.06,4362.054,4324.582,4355.13,57613,40,0
2026.08.19 04:00:00,4355.12,4363.18,4335.151,4355.034,40357,40,0
2026.08.19 08:00:00,4355.021,4374.251,4350.993,4364.902,31508,40,0
2026.08.19 12:00:00,4364.848,4498.887,4361.988,4493.761,132957,50,0
2026.08.19 16:00:00,4493.82,4512.355,4471.893,4511.068,51045,50,0
2026.08.19 20:00:00,4511.361,4527.709,4505.384,4511.946,18762,50,0
2026.08.20 00:00:00,4512.003,4521.216,4484.577,4499.085,62531,50,0
2026.08.20 04:00:00,4499.141,4499.402,4477.83,4490.851,37049,50,0
2026.08.20 08:00:00,4490.867,4498.85,4465.389,4467.259,40243,50,0
2026.08.20 12:00:00,4467.315,4540.973,4450.554,4521.824,111266,50,0
2026.08.20 16:00:00,4521.88,4532.398,4502.826,4528.839,49728,50,0
2026.08.20 20:00:00,4528.5,4532.965,4516.817,4526.564,14665,50,0
2026.08.21 00:00:00,4526.445,4544.061,4508.719,4535.333,54247,50,0
2026.08.21 04:00:00,4535.453,4568.334,4529.35,4564.256,42803,50,0
2026.08.21 08:00:00,4564.315,4604.64,4559.131,4597.279,43871,50,0
2026.08.21 12:00:00,4597.341,4615.449,4563.426,4614.491,76163,50,0
2026.08.21 16:00:00,4614.554,4632.194,4609.102,4617.204,43141,50,0
2026.08.21 20:00:00,4617.263,4617.801,4602.55,4604.077,7597,50,0
2026.08.23 20:00:00,4615.78,4624.725,4604.604,4624.04,14342,50,0
2026.08.24 00:00:00,4624.063,4657.059,4594.319,4641.564,93013,50,0
2026.08.24 04:00:00,4641.716,4660.132,4629.746,4641.784,62891,50,0
2026.08.24 08:00:00,4641.843,4670.457,4628.76,4657.925,55634,50,0
2026.08.24 12:00:00,4658.017,4681.062,4639.83,4649.137,119860,50,0
2026.08.24 16:00:00,4649.048,4662.472,4624.896,4651.815,107390,50,0
2026.08.24 20:00:00,4651.875,4683.065,4647.157,4679.867,19177,50,0
2026.08.25 00:00:00,4679.907,4697.232,4617.89,4633.942,152764,50,0
2026.08.25 04:00:00,4633.57,4653.605,4623.736,4630.295,84518,50,0
2026.08.25 08:00:00,4630.283,4647.641,4620.15,4642.62,77143,50,0
2026.08.25 12:00:00,4642.773,4659.771,4605.275,4652.846,140927,50,0
2026.08.25 16:00:00,4652.679,4668.452,4634.18,4666.833,55922,50,0
2026.08.25 20:00:00,4667.164,4673.729,4653.249,4654.801,15291,50,0
2026.08.26 00:00:00,4654.743,4670.941,4629.426,4642.888,54467,50,0
2026.08.26 04:00:00,4642.614,4649.581,4624.665,4628.869,37062,50,0
2026.08.26 08:00:00,4628.854,4631.078,4613.244,4624.586,32191,50,0
2026.08.26 12:00:00,4624.833,4633.559,4583.021,4596.256,93995,50,0
2026.08.26 16:00:00,4596.319,4604.804,4585.562,4594.22,38561,50,0
2026.08.26 20:00:00,4594.278,4625.054,4583.919,4623.571,17340,50,0
2026.08.27 00:00:00,4623.647,4643.211,4600.485,4625.443,50970,50,0
2026.08.27 04:00:00,4625.507,4627.421,4593.557,4600.474,40849,50,0
2026.08.27 08:00:00,4600.416,4606.971,4568.954,4598.23,38211,50,0
2026.08.27 12:00:00,4598.284,4611.516,4565.041,4610.367,74870,50,0
2026.08.27 16:00:00,4610.491,4618.224,4600.759,4609.184,35165,50,0
2026.08.27 20:00:00,4609.123,4611.659,4594.299,4594.661,12632,50,0
2026.08.28 00:00:00,4594.717,4602.688,4575.03,4580.164,46005,50,0
2026.08.28 04:00:00,4579.862,4614.524,4571.415,4611.706,39547,50,0
2026.08.28 08:00:00,4611.637,4614.788,4591.277,4593.566,31608,50,0
2026.08.28 12:00:00,4593.444,4631.896,4523.884,4524.734,174230,50,0
2026.08.28 16:00:00,4524.608,4529.623,4445.393,4458.59,131637,50,0
2026.08.28 20:00:00,4458.625,4462.851,4453.077,4456.239,7811,50,0
2026.08.30 20:00:00,4439.165,4466.996,4435.725,4458.345,17150,50,0
2026.08.31 00:00:00,4458.406,4472.528,4396.502,4422.655,92008,50,0
2026.08.31 04:00:00,4422.689,4448.465,4412.92,4443.228,47177,50,0
2026.08.31 08:00:00,4443.151,4464.145,4433.762,4455.317,31942,50,0
2026.08.31 12:00:00,4455.578,4461.164,4415.58,4426.161,83613,50,0
2026.08.31 16:00:00,4426.235,4453.95,4423.659,4453.534,37311,50,0
2026.08.31 20:00:00,4453.652,4456.183,4441.709,4452.242,12877,50,0
2026.09.01 00:00:00,4452.325,4461.583,4427.774,4436.87,52591,50,0
2026.09.01 04:00:00,4436.542,4446.116,4412.151,4420.24,43796,50,0
2026.09.01 08:00:00,4420.069,4420.069,4364.273,4374.611,73437,50,0
2026.09.01 12:00:00,4374.283,4376.286,4326.124,4373.136,103518,50,0
2026.09.01 16:00:00,4373.202,4375.018,4322.777,4326.856,55980,40,0
2026.09.01 20:00:00,4326.978,4335.863,4322.858,4324.74,14982,40,0
2026.09.02 00:00:00,4324.793,4334.675,4282.332,4303.256,87386,40,0
2026.09.02 04:00:00,4303.232,4331.496,4301.375,4323.171,53933,40,0
2026.09.02 08:00:00,4323.281,4333.112,4301.792,4332.23,46934,40,0
2026.09.02 12:00:00,4332.333,4397.872,4327.274,4373.055,91495,40,0
2026.09.02 16:00:00,4373.0,4391.444,4364.41,4391.207,36076,40,0
2026.09.02 20:00:00,4391.151,4393.399,4381.225,4385.502,12808,40,0
2026.09.03 00:00:00,4385.915,4432.645,4382.524,4431.365,51575,50,0
2026.09.03 04:00:00,4431.31,4440.475,4418.751,4428.701,46628,50,0
2026.09.03 08:00:00,4428.895,4445.973,4418.949,4444.109,44544,50,0
2026.09.03 12:00:00,4444.031,4511.058,4437.853,4493.219,102609,50,0
2026.09.03 16:00:00,4493.55,4495.572,4472.656,4475.138,37037,50,0
2026.09.03 20:00:00,4475.295,4480.471,4470.481,4480.121,13210,50,0
2026.09.04 00:00:00,4480.275,4487.402,4466.951,4467.215,43314,50,0
2026.09.04 04:00:00,4466.891,4491.01,4460.095,4483.583,36962,50,0
2026.09.04 08:00:00,4483.641,4486.54,4463.885,4466.923,32523,50,0
2026.09.04 12:00:00,4466.912,4476.853,4365.386,4436.882,144795,50,0
2026.09.04 16:00:00,4436.824,4443.537,4411.894,4434.772,40819,50,0
2026.09.04 20:00:00,4434.738,4435.391,4428.578,4430.26,3760,50,0
